{"type":"FeatureCollection","features":[{"type":"Feature","geometry":{"type":"Polygon","coordinates":[[[2.55242,6.35958],[2.55153,6.35958],[2.55153,6.35986],[2.55042,6.35986],[2.55042,6.36014],[2.54958,6.36014],[2.54958,6.36042],[2.54875,6.36042],[2.54875,6.36125],[2.54819,6.36125],[2.54819,6.36097],[2.54792,6.36097],[2.54792,6.36125],[2.54708,6.36125],[2.54708,6.36097],[2.5468,6.36097],[2.5468,6.36069],[2.54653,6.36069],[2.54653,6.36042],[2.54625,6.36042],[2.54625,6.36014],[2.54486,6.36014],[2.54486,6.35986],[2.54431,6.35986],[2.54431,6.35958],[2.54403,6.35958],[2.54403,6.3593],[2.54319,6.3593],[2.54319,6.35958],[2.54208,6.35958],[2.54208,6.35986],[2.54097,6.35986],[2.54097,6.35958],[2.53931,6.35958],[2.53931,6.35875],[2.53903,6.35875],[2.53903,6.35903],[2.53816,6.35903],[2.53816,6.37244],[2.55242,6.37244],[2.55242,6.35958]]]},"properties":{"region":"Ouémé","district":"Sèmè-Kpodji","floods_1m":1,"floods_2m":1,"floods_3m":1,"first_flood_m":1,"nests":true,"area_km2":2.187}},{"type":"Feature","geometry":{"type":"Polygon","coordinates":[[[2.68074,6.37244],[2.66648,6.37244],[2.66648,6.3867],[2.68074,6.3867],[2.68074,6.37244]]]},"properties":{"region":"Ouémé","district":"Sèmè-Kpodji","floods_1m":0,"floods_2m":1,"floods_3m":1,"first_flood_m":2,"nests":true,"area_km2":2.499}},{"type":"Feature","geometry":{"type":"Polygon","coordinates":[[[2.56667,6.37244],[2.55242,6.37244],[2.55242,6.3867],[2.56667,6.3867],[2.56667,6.37244]]]},"properties":{"region":"Ouémé","district":"Sèmè-Kpodji","floods_1m":0,"floods_2m":1,"floods_3m":1,"first_flood_m":2,"nests":true,"area_km2":2.497}},{"type":"Feature","geometry":{"type":"Polygon","coordinates":[[[2.58093,6.40096],[2.56667,6.40096],[2.56667,6.41522],[2.58093,6.41522],[2.58093,6.40096]]]},"properties":{"region":"Ouémé","district":"Sèmè-Kpodji","floods_1m":1,"floods_2m":1,"floods_3m":1,"first_flood_m":1,"nests":true,"area_km2":2.499}},{"type":"Feature","geometry":{"type":"Polygon","coordinates":[[[2.65222,6.37244],[2.63796,6.37244],[2.63796,6.3867],[2.65222,6.3867],[2.65222,6.37244]]]},"properties":{"region":"Ouémé","district":"Sèmè-Kpodji","floods_1m":1,"floods_2m":1,"floods_3m":1,"first_flood_m":1,"nests":true,"area_km2":2.499}},{"type":"Feature","geometry":{"type":"Polygon","coordinates":[[[2.56667,6.3867],[2.55242,6.3867],[2.55242,6.40096],[2.56667,6.40096],[2.56667,6.3867]]]},"properties":{"region":"Ouémé","district":"Sèmè-Kpodji","floods_1m":1,"floods_2m":1,"floods_3m":1,"first_flood_m":1,"nests":true,"area_km2":2.497}},{"type":"Feature","geometry":{"type":"Polygon","coordinates":[[[2.68911,6.41522],[2.68074,6.41522],[2.68074,6.41935],[2.68911,6.41522]]]},"properties":{"region":"Ouémé","district":"Sèmè-Kpodji","floods_1m":0,"floods_2m":1,"floods_3m":1,"first_flood_m":2,"nests":true,"area_km2":0.212}},{"type":"Feature","geometry":{"type":"Polygon","coordinates":[[[2.63796,6.43534],[2.63796,6.42948],[2.62371,6.42948],[2.62371,6.43504],[2.62618,6.43539],[2.63796,6.43534]]]},"properties":{"region":"Ouémé","district":"Sèmè-Kpodji","floods_1m":1,"floods_2m":1,"floods_3m":1,"first_flood_m":1,"nests":true,"area_km2":1.026}},{"type":"Feature","geometry":{"type":"Polygon","coordinates":[[[2.58093,6.3867],[2.56667,6.3867],[2.56667,6.40096],[2.58093,6.40096],[2.58093,6.3867]]]},"properties":{"region":"Ouémé","district":"Sèmè-Kpodji","floods_1m":1,"floods_2m":1,"floods_3m":1,"first_flood_m":1,"nests":true,"area_km2":2.499}},{"type":"Feature","geometry":{"type":"Polygon","coordinates":[[[2.60945,6.37244],[2.59519,6.37244],[2.59519,6.3867],[2.60945,6.3867],[2.60945,6.37244]]]},"properties":{"region":"Ouémé","district":"Sèmè-Kpodji","floods_1m":0,"floods_2m":1,"floods_3m":1,"first_flood_m":2,"nests":true,"area_km2":2.499}},{"type":"Feature","geometry":{"type":"Polygon","coordinates":[[[2.65222,6.41522],[2.63796,6.41522],[2.63796,6.42948],[2.65222,6.42948],[2.65222,6.41522]]]},"properties":{"region":"Ouémé","district":"Sèmè-Kpodji","floods_1m":1,"floods_2m":1,"floods_3m":1,"first_flood_m":1,"nests":true,"area_km2":2.498}},{"type":"Feature","geometry":{"type":"Polygon","coordinates":[[[2.68074,6.40096],[2.66648,6.40096],[2.66648,6.41522],[2.68074,6.41522],[2.68074,6.40096]]]},"properties":{"region":"Ouémé","district":"Sèmè-Kpodji","floods_1m":1,"floods_2m":1,"floods_3m":1,"first_flood_m":1,"nests":true,"area_km2":2.499}},{"type":"Feature","geometry":{"type":"Polygon","coordinates":[[[2.695,6.41231],[2.695,6.40096],[2.68074,6.40096],[2.68074,6.41522],[2.68911,6.41522],[2.695,6.41231]]]},"properties":{"region":"Ouémé","district":"Sèmè-Kpodji","floods_1m":1,"floods_2m":1,"floods_3m":1,"first_flood_m":1,"nests":true,"area_km2":2.393}},{"type":"Feature","geometry":{"type":"Polygon","coordinates":[[[2.63796,6.3867],[2.62371,6.3867],[2.62371,6.40096],[2.63796,6.40096],[2.63796,6.3867]]]},"properties":{"region":"Ouémé","district":"Sèmè-Kpodji","floods_1m":1,"floods_2m":1,"floods_3m":1,"first_flood_m":1,"nests":true,"area_km2":2.497}},{"type":"Feature","geometry":{"type":"Polygon","coordinates":[[[2.695,6.37347],[2.69319,6.37347],[2.69319,6.37319],[2.69292,6.37319],[2.69292,6.37347],[2.69264,6.37347],[2.69264,6.37319],[2.69153,6.37319],[2.69153,6.37292],[2.69125,6.37292],[2.69125,6.37319],[2.69042,6.37319],[2.69042,6.37347],[2.68958,6.37347],[2.68958,6.37319],[2.68931,6.37319],[2.68931,6.37292],[2.68764,6.37292],[2.68764,6.37264],[2.68736,6.37264],[2.68736,6.37292],[2.68597,6.37292],[2.68597,6.37264],[2.68542,6.37264],[2.68542,6.37244],[2.68074,6.37244],[2.68074,6.3867],[2.695,6.3867],[2.695,6.37347]]]},"properties":{"region":"Ouémé","district":"Sèmè-Kpodji","floods_1m":1,"floods_2m":1,"floods_3m":1,"first_flood_m":1,"nests":true,"area_km2":2.417}},{"type":"Feature","geometry":{"type":"Polygon","coordinates":[[[2.65222,6.3867],[2.63796,6.3867],[2.63796,6.40096],[2.65222,6.40096],[2.65222,6.3867]]]},"properties":{"region":"Ouémé","district":"Sèmè-Kpodji","floods_1m":1,"floods_2m":1,"floods_3m":1,"first_flood_m":1,"nests":true,"area_km2":2.499}},{"type":"Feature","geometry":{"type":"Polygon","coordinates":[[[2.65717,6.42948],[2.65222,6.42948],[2.65222,6.4313],[2.65519,6.43029],[2.65717,6.42948]]]},"properties":{"region":"Ouémé","district":"Sèmè-Kpodji","floods_1m":1,"floods_2m":1,"floods_3m":1,"first_flood_m":1,"nests":true,"area_km2":0.058}},{"type":"Feature","geometry":{"type":"Polygon","coordinates":[[[2.53816,6.37244],[2.5239,6.37244],[2.5239,6.3867],[2.53816,6.3867],[2.53816,6.37244]]]},"properties":{"region":"Ouémé","district":"Sèmè-Kpodji","floods_1m":1,"floods_2m":1,"floods_3m":1,"first_flood_m":1,"nests":true,"area_km2":2.499}},{"type":"Feature","geometry":{"type":"Polygon","coordinates":[[[2.63796,6.41522],[2.62371,6.41522],[2.62371,6.42948],[2.63796,6.42948],[2.63796,6.41522]]]},"properties":{"region":"Ouémé","district":"Sèmè-Kpodji","floods_1m":1,"floods_2m":1,"floods_3m":1,"first_flood_m":1,"nests":true,"area_km2":2.497}},{"type":"Feature","geometry":{"type":"Polygon","coordinates":[[[2.5239,6.3867],[2.51151,6.3867],[2.51271,6.38697],[2.5239,6.39105],[2.5239,6.3867]]]},"properties":{"region":"Ouémé","district":"Sèmè-Kpodji","floods_1m":1,"floods_2m":1,"floods_3m":1,"first_flood_m":1,"nests":true,"area_km2":0.32}},{"type":"Feature","geometry":{"type":"Polygon","coordinates":[[[2.59519,6.3867],[2.58093,6.3867],[2.58093,6.40096],[2.59519,6.40096],[2.59519,6.3867]]]},"properties":{"region":"Ouémé","district":"Sèmè-Kpodji","floods_1m":1,"floods_2m":1,"floods_3m":1,"first_flood_m":1,"nests":true,"area_km2":2.499}},{"type":"Feature","geometry":{"type":"Polygon","coordinates":[[[2.50964,6.35819],[2.50653,6.35819],[2.50653,6.35847],[2.50319,6.35847],[2.50319,6.35819],[2.50069,6.35819],[2.50069,6.35847],[2.49958,6.35847],[2.49958,6.35875],[2.49903,6.35875],[2.49903,6.35903],[2.49875,6.35903],[2.49875,6.3593],[2.49847,6.3593],[2.49847,6.35958],[2.49792,6.35958],[2.49792,6.3593],[2.49764,6.3593],[2.49764,6.35875],[2.49542,6.35875],[2.49542,6.35847],[2.49538,6.35847],[2.49538,6.37244],[2.50964,6.37244],[2.50964,6.35819]]]},"properties":{"region":"Ouémé","district":"Sèmè-Kpodji","floods_1m":1,"floods_2m":1,"floods_3m":1,"first_flood_m":1,"nests":true,"area_km2":2.443}},{"type":"Feature","geometry":{"type":"Polygon","coordinates":[[[2.53816,6.3867],[2.5239,6.3867],[2.5239,6.39105],[2.53182,6.39394],[2.53816,6.39656],[2.53816,6.3867]]]},"properties":{"region":"Ouémé","district":"Sèmè-Kpodji","floods_1m":1,"floods_2m":1,"floods_3m":1,"first_flood_m":1,"nests":true,"area_km2":1.23}},{"type":"Feature","geometry":{"type":"Polygon","coordinates":[[[2.40984,6.61483],[2.39558,6.61483],[2.39558,6.62909],[2.40984,6.62909],[2.40984,6.61483]]]},"properties":{"region":"Atlantique","district":"Abomey-Calavi","floods_1m":1,"floods_2m":1,"floods_3m":1,"first_flood_m":1,"nests":true,"area_km2":2.497}},{"type":"Feature","geometry":{"type":"Polygon","coordinates":[[[2.40984,6.66574],[2.40984,6.6576],[2.39558,6.6576],[2.39558,6.66627],[2.40984,6.66574]]]},"properties":{"region":"Atlantique","district":"Abomey-Calavi","floods_1m":1,"floods_2m":1,"floods_3m":1,"first_flood_m":1,"nests":true,"area_km2":1.472}},{"type":"Feature","geometry":{"type":"Polygon","coordinates":[[[2.40984,6.56834],[2.40117,6.55853],[2.40078,6.5578],[2.39558,6.5578],[2.39558,6.57206],[2.40984,6.57206],[2.40984,6.56834]]]},"properties":{"region":"Atlantique","district":"Abomey-Calavi","floods_1m":1,"floods_2m":1,"floods_3m":1,"first_flood_m":1,"nests":true,"area_km2":1.896}},{"type":"Feature","geometry":{"type":"Polygon","coordinates":[[[2.31003,6.37244],[2.29577,6.37244],[2.29577,6.3867],[2.31003,6.3867],[2.31003,6.37244]]]},"properties":{"region":"Atlantique","district":"Abomey-Calavi","floods_1m":1,"floods_2m":1,"floods_3m":1,"first_flood_m":1,"nests":true,"area_km2":2.499}},{"type":"Feature","geometry":{"type":"Polygon","coordinates":[[[2.39558,6.64335],[2.38132,6.64335],[2.38132,6.6576],[2.39558,6.6576],[2.39558,6.64335]]]},"properties":{"region":"Atlantique","district":"Abomey-Calavi","floods_1m":0,"floods_2m":1,"floods_3m":1,"first_flood_m":2,"nests":true,"area_km2":2.496}},{"type":"Feature","geometry":{"type":"Polygon","coordinates":[[[2.43622,6.6576],[2.42409,6.6576],[2.42409,6.66521],[2.43598,6.66477],[2.43622,6.6576]]]},"properties":{"region":"Atlantique","district":"Abomey-Calavi","floods_1m":1,"floods_2m":1,"floods_3m":1,"first_flood_m":1,"nests":true,"area_km2":1.09}},{"type":"Feature","geometry":{"type":"Polygon","coordinates":[[[2.23874,6.35473],[2.23547,6.35819],[2.23874,6.35819],[2.23874,6.35473]]]},"properties":{"region":"Atlantique","district":"Abomey-Calavi","floods_1m":1,"floods_2m":1,"floods_3m":1,"first_flood_m":1,"nests":true,"area_km2":0.07}},{"type":"Feature","geometry":{"type":"Polygon","coordinates":[[[2.29577,6.34597],[2.29514,6.34597],[2.29514,6.34569],[2.29431,6.34569],[2.29431,6.34597],[2.29375,6.34597],[2.29375,6.34569],[2.29153,6.34569],[2.29153,6.34542],[2.29042,6.34542],[2.29042,6.34514],[2.29014,6.34514],[2.29014,6.34542],[2.28958,6.34542],[2.28958,6.34514],[2.28653,6.34514],[2.28653,6.34486],[2.28542,6.34486],[2.28542,6.34458],[2.28403,6.34458],[2.28403,6.34486],[2.28181,6.34486],[2.28181,6.34458],[2.28151,6.34458],[2.28151,6.35819],[2.29577,6.35819],[2.29577,6.34597]]]},"properties":{"region":"Atlantique","district":"Abomey-Calavi","floods_1m":1,"floods_2m":1,"floods_3m":1,"first_flood_m":1,"nests":true,"area_km2":2.271}},{"type":"Feature","geometry":{"type":"Polygon","coordinates":[[[2.32429,6.35819],[2.31003,6.35819],[2.31003,6.37244],[2.32429,6.37244],[2.32429,6.35819]]]},"properties":{"region":"Atlantique","district":"Abomey-Calavi","floods_1m":1,"floods_2m":1,"floods_3m":1,"first_flood_m":1,"nests":true,"area_km2":2.497}},{"type":"Feature","geometry":{"type":"Polygon","coordinates":[[[2.33855,6.3867],[2.32429,6.3867],[2.32429,6.40096],[2.33855,6.40096],[2.33855,6.3867]]]},"properties":{"region":"Atlantique","district":"Abomey-Calavi","floods_1m":1,"floods_2m":1,"floods_3m":1,"first_flood_m":1,"nests":true,"area_km2":2.499}},{"type":"Feature","geometry":{"type":"Polygon","coordinates":[[[2.38132,6.52928],[2.36706,6.52928],[2.36706,6.54354],[2.38132,6.54354],[2.38132,6.52928]]]},"properties":{"region":"Atlantique","district":"Abomey-Calavi","floods_1m":1,"floods_2m":1,"floods_3m":1,"first_flood_m":1,"nests":true,"area_km2":2.498}},{"type":"Feature","geometry":{"type":"Polygon","coordinates":[[[2.3528,6.41522],[2.33855,6.41522],[2.33855,6.42948],[2.3528,6.42948],[2.3528,6.41522]]]},"properties":{"region":"Atlantique","district":"Abomey-Calavi","floods_1m":1,"floods_2m":1,"floods_3m":1,"first_flood_m":1,"nests":true,"area_km2":2.497}},{"type":"Feature","geometry":{"type":"Polygon","coordinates":[[[2.29577,6.35819],[2.28151,6.35819],[2.28151,6.37244],[2.29577,6.37244],[2.29577,6.35819]]]},"properties":{"region":"Atlantique","district":"Abomey-Calavi","floods_1m":1,"floods_2m":1,"floods_3m":1,"first_flood_m":1,"nests":true,"area_km2":2.497}},{"type":"Feature","geometry":{"type":"Polygon","coordinates":[[[2.4378,6.61747],[2.42884,6.61727],[2.42409,6.61676],[2.42409,6.62909],[2.43723,6.62909],[2.43778,6.61778],[2.4378,6.61747]]]},"properties":{"region":"Atlantique","district":"Abomey-Calavi","floods_1m":1,"floods_2m":1,"floods_3m":1,"first_flood_m":1,"nests":true,"area_km2":1.953}},{"type":"Feature","geometry":{"type":"Polygon","coordinates":[[[2.29577,6.3867],[2.28151,6.3867],[2.28151,6.40096],[2.29577,6.40096],[2.29577,6.3867]]]},"properties":{"region":"Atlantique","district":"Abomey-Calavi","floods_1m":1,"floods_2m":1,"floods_3m":1,"first_flood_m":1,"nests":true,"area_km2":2.499}},{"type":"Feature","geometry":{"type":"Polygon","coordinates":[[[2.26726,6.37244],[2.253,6.37244],[2.253,6.3867],[2.26726,6.3867],[2.26726,6.37244]]]},"properties":{"region":"Atlantique","district":"Abomey-Calavi","floods_1m":1,"floods_2m":1,"floods_3m":1,"first_flood_m":1,"nests":true,"area_km2":2.499}},{"type":"Feature","geometry":{"type":"Polygon","coordinates":[[[2.3528,6.37244],[2.33855,6.37244],[2.33855,6.3867],[2.3528,6.3867],[2.3528,6.37244]]]},"properties":{"region":"Atlantique","district":"Abomey-Calavi","floods_1m":0,"floods_2m":1,"floods_3m":1,"first_flood_m":2,"nests":true,"area_km2":2.497}},{"type":"Feature","geometry":{"type":"Polygon","coordinates":[[[2.39558,6.46252],[2.39558,6.47225],[2.40488,6.47225],[2.39989,6.46614],[2.39558,6.46252]]]},"properties":{"region":"Atlantique","district":"Abomey-Calavi","floods_1m":1,"floods_2m":1,"floods_3m":1,"first_flood_m":1,"nests":true,"area_km2":0.607}},{"type":"Feature","geometry":{"type":"Polygon","coordinates":[[[2.39558,6.62909],[2.38132,6.62909],[2.38132,6.64335],[2.39558,6.64335],[2.39558,6.62909]]]},"properties":{"region":"Atlantique","district":"Abomey-Calavi","floods_1m":1,"floods_2m":1,"floods_3m":1,"first_flood_m":1,"nests":true,"area_km2":2.497}},{"type":"Feature","geometry":{"type":"Polygon","coordinates":[[[2.39558,6.60057],[2.38132,6.60057],[2.38132,6.61483],[2.39558,6.61483],[2.39558,6.60057]]]},"properties":{"region":"Atlantique","district":"Abomey-Calavi","floods_1m":1,"floods_2m":1,"floods_3m":1,"first_flood_m":1,"nests":true,"area_km2":2.498}},{"type":"Feature","geometry":{"type":"Polygon","coordinates":[[[2.38132,6.57206],[2.36706,6.57206],[2.36706,6.58631],[2.38132,6.58631],[2.38132,6.57206]]]},"properties":{"region":"Atlantique","district":"Abomey-Calavi","floods_1m":1,"floods_2m":1,"floods_3m":1,"first_flood_m":1,"nests":true,"area_km2":2.496}},{"type":"Feature","geometry":{"type":"Polygon","coordinates":[[[2.40984,6.48129],[2.40984,6.48651],[2.41092,6.48651],[2.41076,6.48474],[2.40984,6.48129]]]},"properties":{"region":"Atlantique","district":"Abomey-Calavi","floods_1m":1,"floods_2m":1,"floods_3m":1,"first_flood_m":1,"nests":true,"area_km2":0.041}},{"type":"Feature","geometry":{"type":"Polygon","coordinates":[[[2.26726,6.41522],[2.253,6.41522],[2.253,6.42948],[2.26726,6.42948],[2.26726,6.41522]]]},"properties":{"region":"Atlantique","district":"Abomey-Calavi","floods_1m":1,"floods_2m":1,"floods_3m":1,"first_flood_m":1,"nests":true,"area_km2":2.498}},{"type":"Feature","geometry":{"type":"Polygon","coordinates":[[[2.33855,6.35819],[2.32429,6.35819],[2.32429,6.37244],[2.33855,6.37244],[2.33855,6.35819]]]},"properties":{"region":"Atlantique","district":"Abomey-Calavi","floods_1m":1,"floods_2m":1,"floods_3m":1,"first_flood_m":1,"nests":true,"area_km2":2.497}},{"type":"Feature","geometry":{"type":"Polygon","coordinates":[[[2.43668,6.64335],[2.42409,6.64335],[2.42409,6.6576],[2.43622,6.6576],[2.43639,6.65222],[2.43668,6.64335]]]},"properties":{"region":"Atlantique","district":"Abomey-Calavi","floods_1m":1,"floods_2m":1,"floods_3m":1,"first_flood_m":1,"nests":true,"area_km2":2.163}},{"type":"Feature","geometry":{"type":"Polygon","coordinates":[[[2.42409,6.62909],[2.40984,6.62909],[2.40984,6.64335],[2.42409,6.64335],[2.42409,6.62909]]]},"properties":{"region":"Atlantique","district":"Abomey-Calavi","floods_1m":1,"floods_2m":1,"floods_3m":1,"first_flood_m":1,"nests":true,"area_km2":2.496}},{"type":"Feature","geometry":{"type":"Polygon","coordinates":[[[2.40984,6.64335],[2.39558,6.64335],[2.39558,6.6576],[2.40984,6.6576],[2.40984,6.64335]]]},"properties":{"region":"Atlantique","district":"Abomey-Calavi","floods_1m":1,"floods_2m":1,"floods_3m":1,"first_flood_m":1,"nests":true,"area_km2":2.496}},{"type":"Feature","geometry":{"type":"Polygon","coordinates":[[[2.38132,6.48651],[2.36706,6.48651],[2.36706,6.50077],[2.38132,6.50077],[2.38132,6.48651]]]},"properties":{"region":"Atlantique","district":"Abomey-Calavi","floods_1m":1,"floods_2m":1,"floods_3m":1,"first_flood_m":1,"nests":true,"area_km2":2.498}},{"type":"Feature","geometry":{"type":"Polygon","coordinates":[[[2.31003,6.3867],[2.29577,6.3867],[2.29577,6.40096],[2.31003,6.40096],[2.31003,6.3867]]]},"properties":{"region":"Atlantique","district":"Abomey-Calavi","floods_1m":1,"floods_2m":1,"floods_3m":1,"first_flood_m":1,"nests":true,"area_km2":2.499}},{"type":"Feature","geometry":{"type":"Polygon","coordinates":[[[2.39558,6.47225],[2.38132,6.47225],[2.38132,6.48651],[2.39558,6.48651],[2.39558,6.47225]]]},"properties":{"region":"Atlantique","district":"Abomey-Calavi","floods_1m":1,"floods_2m":1,"floods_3m":1,"first_flood_m":1,"nests":true,"area_km2":2.498}},{"type":"Feature","geometry":{"type":"Polygon","coordinates":[[[2.23874,6.42948],[2.22448,6.42948],[2.22448,6.44373],[2.23874,6.44373],[2.23874,6.42948]]]},"properties":{"region":"Atlantique","district":"Abomey-Calavi","floods_1m":0,"floods_2m":1,"floods_3m":1,"first_flood_m":2,"nests":true,"area_km2":2.497}},{"type":"Feature","geometry":{"type":"Polygon","coordinates":[[[2.42409,6.66521],[2.42409,6.6576],[2.40984,6.6576],[2.40984,6.66574],[2.42409,6.66521]]]},"properties":{"region":"Atlantique","district":"Abomey-Calavi","floods_1m":1,"floods_2m":1,"floods_3m":1,"first_flood_m":1,"nests":true,"area_km2":1.378}},{"type":"Feature","geometry":{"type":"Polygon","coordinates":[[[2.253,6.3867],[2.23874,6.3867],[2.23874,6.40096],[2.253,6.40096],[2.253,6.3867]]]},"properties":{"region":"Atlantique","district":"Abomey-Calavi","floods_1m":1,"floods_2m":1,"floods_3m":1,"first_flood_m":1,"nests":true,"area_km2":2.499}},{"type":"Feature","geometry":{"type":"Polygon","coordinates":[[[2.253,6.44373],[2.23874,6.44373],[2.23874,6.45799],[2.253,6.45799],[2.253,6.44373]]]},"properties":{"region":"Atlantique","district":"Abomey-Calavi","floods_1m":0,"floods_2m":0,"floods_3m":1,"first_flood_m":3,"nests":true,"area_km2":2.498}},{"type":"Feature","geometry":{"type":"Polygon","coordinates":[[[2.38132,6.51502],[2.36706,6.51502],[2.36706,6.52928],[2.38132,6.52928],[2.38132,6.51502]]]},"properties":{"region":"Atlantique","district":"Abomey-Calavi","floods_1m":1,"floods_2m":1,"floods_3m":1,"first_flood_m":1,"nests":true,"area_km2":2.498}},{"type":"Feature","geometry":{"type":"Polygon","coordinates":[[[2.33855,6.37244],[2.32429,6.37244],[2.32429,6.3867],[2.33855,6.3867],[2.33855,6.37244]]]},"properties":{"region":"Atlantique","district":"Abomey-Calavi","floods_1m":0,"floods_2m":1,"floods_3m":1,"first_flood_m":2,"nests":true,"area_km2":2.499}},{"type":"Feature","geometry":{"type":"Polygon","coordinates":[[[2.39558,6.57206],[2.38132,6.57206],[2.38132,6.58631],[2.39558,6.58631],[2.39558,6.57206]]]},"properties":{"region":"Atlantique","district":"Abomey-Calavi","floods_1m":1,"floods_2m":1,"floods_3m":1,"first_flood_m":1,"nests":true,"area_km2":2.496}},{"type":"Feature","geometry":{"type":"Polygon","coordinates":[[[2.36706,6.64335],[2.3528,6.64335],[2.3528,6.6576],[2.36706,6.6576],[2.36706,6.64335]]]},"properties":{"region":"Atlantique","district":"Abomey-Calavi","floods_1m":1,"floods_2m":1,"floods_3m":1,"first_flood_m":1,"nests":true,"area_km2":2.496}},{"type":"Feature","geometry":{"type":"Polygon","coordinates":[[[2.36706,6.3867],[2.3528,6.3867],[2.3528,6.40096],[2.36706,6.40096],[2.36706,6.3867]]]},"properties":{"region":"Atlantique","district":"Abomey-Calavi","floods_1m":1,"floods_2m":1,"floods_3m":1,"first_flood_m":1,"nests":true,"area_km2":2.499}},{"type":"Feature","geometry":{"type":"Polygon","coordinates":[[[2.32429,6.45799],[2.31003,6.45799],[2.31003,6.47225],[2.32429,6.47225],[2.32429,6.45799]]]},"properties":{"region":"Atlantique","district":"Abomey-Calavi","floods_1m":0,"floods_2m":1,"floods_3m":1,"first_flood_m":2,"nests":true,"area_km2":2.498}},{"type":"Feature","geometry":{"type":"Polygon","coordinates":[[[2.38132,6.54354],[2.36706,6.54354],[2.36706,6.5578],[2.38132,6.5578],[2.38132,6.54354]]]},"properties":{"region":"Atlantique","district":"Abomey-Calavi","floods_1m":1,"floods_2m":1,"floods_3m":1,"first_flood_m":1,"nests":true,"area_km2":2.498}},{"type":"Feature","geometry":{"type":"Polygon","coordinates":[[[2.36706,6.62909],[2.3528,6.62909],[2.3528,6.64335],[2.36706,6.64335],[2.36706,6.62909]]]},"properties":{"region":"Atlantique","district":"Abomey-Calavi","floods_1m":1,"floods_2m":1,"floods_3m":1,"first_flood_m":1,"nests":true,"area_km2":2.497}},{"type":"Feature","geometry":{"type":"Polygon","coordinates":[[[2.3528,6.35819],[2.33855,6.35819],[2.33855,6.37244],[2.3528,6.37244],[2.3528,6.35819]]]},"properties":{"region":"Atlantique","district":"Abomey-Calavi","floods_1m":1,"floods_2m":1,"floods_3m":1,"first_flood_m":1,"nests":true,"area_km2":2.495}},{"type":"Feature","geometry":{"type":"Polygon","coordinates":[[[2.28151,6.37244],[2.26726,6.37244],[2.26726,6.3867],[2.28151,6.3867],[2.28151,6.37244]]]},"properties":{"region":"Atlantique","district":"Abomey-Calavi","floods_1m":1,"floods_2m":1,"floods_3m":1,"first_flood_m":1,"nests":true,"area_km2":2.497}},{"type":"Feature","geometry":{"type":"Polygon","coordinates":[[[2.28151,6.3867],[2.26726,6.3867],[2.26726,6.40096],[2.28151,6.40096],[2.28151,6.3867]]]},"properties":{"region":"Atlantique","district":"Abomey-Calavi","floods_1m":1,"floods_2m":1,"floods_3m":1,"first_flood_m":1,"nests":true,"area_km2":2.497}},{"type":"Feature","geometry":{"type":"Polygon","coordinates":[[[2.3701,6.38553],[2.36754,6.38048],[2.36706,6.37944],[2.36706,6.3867],[2.36993,6.3867],[2.3701,6.38553]]]},"properties":{"region":"Atlantique","district":"Abomey-Calavi","floods_1m":0,"floods_2m":1,"floods_3m":1,"first_flood_m":2,"nests":true,"area_km2":0.155}},{"type":"Feature","geometry":{"type":"Polygon","coordinates":[[[2.22448,6.45799],[2.22224,6.45799],[2.22275,6.46012],[2.22448,6.46416],[2.22448,6.45799]]]},"properties":{"region":"Atlantique","district":"Abomey-Calavi","floods_1m":1,"floods_2m":1,"floods_3m":1,"first_flood_m":1,"nests":true,"area_km2":0.095}},{"type":"Feature","geometry":{"type":"Polygon","coordinates":[[[2.22448,6.3867],[2.219,6.3867],[2.21954,6.39052],[2.22294,6.40096],[2.22448,6.40096],[2.22448,6.3867]]]},"properties":{"region":"Atlantique","district":"Abomey-Calavi","floods_1m":1,"floods_2m":1,"floods_3m":1,"first_flood_m":1,"nests":true,"area_km2":0.66}},{"type":"Feature","geometry":{"type":"Polygon","coordinates":[[[2.28151,6.41522],[2.26726,6.41522],[2.26726,6.42948],[2.28151,6.42948],[2.28151,6.41522]]]},"properties":{"region":"Atlantique","district":"Abomey-Calavi","floods_1m":1,"floods_2m":1,"floods_3m":1,"first_flood_m":1,"nests":true,"area_km2":2.497}},{"type":"Feature","geometry":{"type":"Polygon","coordinates":[[[2.32429,6.37244],[2.31003,6.37244],[2.31003,6.3867],[2.32429,6.3867],[2.32429,6.37244]]]},"properties":{"region":"Atlantique","district":"Abomey-Calavi","floods_1m":1,"floods_2m":1,"floods_3m":1,"first_flood_m":1,"nests":true,"area_km2":2.499}},{"type":"Feature","geometry":{"type":"Polygon","coordinates":[[[2.31003,6.42948],[2.29577,6.42948],[2.29577,6.44373],[2.31003,6.44373],[2.31003,6.42948]]]},"properties":{"region":"Atlantique","district":"Abomey-Calavi","floods_1m":1,"floods_2m":1,"floods_3m":1,"first_flood_m":1,"nests":true,"area_km2":2.497}},{"type":"Feature","geometry":{"type":"Polygon","coordinates":[[[2.40053,6.52928],[2.39558,6.52928],[2.39558,6.54354],[2.39654,6.54354],[2.39651,6.53742],[2.40053,6.52928]]]},"properties":{"region":"Atlantique","district":"Abomey-Calavi","floods_1m":1,"floods_2m":1,"floods_3m":1,"first_flood_m":1,"nests":true,"area_km2":0.365}},{"type":"Feature","geometry":{"type":"Polygon","coordinates":[[[2.39558,6.66627],[2.39558,6.6576],[2.38132,6.6576],[2.38132,6.66771],[2.39506,6.66629],[2.39558,6.66627]]]},"properties":{"region":"Atlantique","district":"Abomey-Calavi","floods_1m":1,"floods_2m":1,"floods_3m":1,"first_flood_m":1,"nests":true,"area_km2":1.642}},{"type":"Feature","geometry":{"type":"Polygon","coordinates":[[[2.39654,6.54354],[2.39558,6.54354],[2.39558,6.5578],[2.40078,6.5578],[2.39657,6.54985],[2.39654,6.54354]]]},"properties":{"region":"Atlantique","district":"Abomey-Calavi","floods_1m":1,"floods_2m":1,"floods_3m":1,"first_flood_m":1,"nests":true,"area_km2":0.378}},{"type":"Feature","geometry":{"type":"Polygon","coordinates":[[[2.26726,6.44373],[2.253,6.44373],[2.253,6.45799],[2.26726,6.45799],[2.26726,6.44373]]]},"properties":{"region":"Atlantique","district":"Abomey-Calavi","floods_1m":0,"floods_2m":1,"floods_3m":1,"first_flood_m":2,"nests":true,"area_km2":2.498}},{"type":"Feature","geometry":{"type":"Polygon","coordinates":[[[2.36706,6.48651],[2.3528,6.48651],[2.3528,6.50077],[2.36706,6.50077],[2.36706,6.48651]]]},"properties":{"region":"Atlantique","district":"Abomey-Calavi","floods_1m":1,"floods_2m":1,"floods_3m":1,"first_flood_m":1,"nests":true,"area_km2":2.498}},{"type":"Feature","geometry":{"type":"Polygon","coordinates":[[[2.40984,6.62909],[2.39558,6.62909],[2.39558,6.64335],[2.40984,6.64335],[2.40984,6.62909]]]},"properties":{"region":"Atlantique","district":"Abomey-Calavi","floods_1m":1,"floods_2m":1,"floods_3m":1,"first_flood_m":1,"nests":true,"area_km2":2.497}},{"type":"Feature","geometry":{"type":"Polygon","coordinates":[[[2.38132,6.64335],[2.36706,6.64335],[2.36706,6.6576],[2.38132,6.6576],[2.38132,6.64335]]]},"properties":{"region":"Atlantique","district":"Abomey-Calavi","floods_1m":1,"floods_2m":1,"floods_3m":1,"first_flood_m":1,"nests":true,"area_km2":2.496}},{"type":"Feature","geometry":{"type":"Polygon","coordinates":[[[2.32429,6.3867],[2.31003,6.3867],[2.31003,6.40096],[2.32429,6.40096],[2.32429,6.3867]]]},"properties":{"region":"Atlantique","district":"Abomey-Calavi","floods_1m":0,"floods_2m":1,"floods_3m":1,"first_flood_m":2,"nests":true,"area_km2":2.499}},{"type":"Feature","geometry":{"type":"Polygon","coordinates":[[[2.23874,6.44373],[2.22448,6.44373],[2.22448,6.45799],[2.23874,6.45799],[2.23874,6.44373]]]},"properties":{"region":"Atlantique","district":"Abomey-Calavi","floods_1m":1,"floods_2m":1,"floods_3m":1,"first_flood_m":1,"nests":true,"area_km2":2.498}},{"type":"Feature","geometry":{"type":"Polygon","coordinates":[[[2.38132,6.45799],[2.36706,6.45799],[2.36706,6.47225],[2.38132,6.47225],[2.38132,6.45799]]]},"properties":{"region":"Atlantique","district":"Abomey-Calavi","floods_1m":1,"floods_2m":1,"floods_3m":1,"first_flood_m":1,"nests":true,"area_km2":2.498}},{"type":"Feature","geometry":{"type":"Polygon","coordinates":[[[2.41273,6.57206],[2.40984,6.57206],[2.40984,6.57912],[2.41273,6.57206]]]},"properties":{"region":"Atlantique","district":"Abomey-Calavi","floods_1m":1,"floods_2m":1,"floods_3m":1,"first_flood_m":1,"nests":true,"area_km2":0.125}},{"type":"Feature","geometry":{"type":"Polygon","coordinates":[[[2.32429,6.34792],[2.32403,6.34792],[2.32403,6.34819],[2.32208,6.34819],[2.32208,6.34792],[2.32097,6.34792],[2.32097,6.34764],[2.32069,6.34764],[2.32069,6.34792],[2.31903,6.34792],[2.31903,6.34764],[2.31681,6.34764],[2.31681,6.34736],[2.31486,6.34736],[2.31486,6.34764],[2.31375,6.34764],[2.31375,6.34736],[2.31097,6.34736],[2.31097,6.34764],[2.31003,6.34764],[2.31003,6.35819],[2.32429,6.35819],[2.32429,6.34792]]]},"properties":{"region":"Atlantique","district":"Abomey-Calavi","floods_1m":1,"floods_2m":1,"floods_3m":1,"first_flood_m":1,"nests":true,"area_km2":1.841}},{"type":"Feature","geometry":{"type":"Polygon","coordinates":[[[2.38132,6.60057],[2.36706,6.60057],[2.36706,6.61483],[2.38132,6.61483],[2.38132,6.60057]]]},"properties":{"region":"Atlantique","district":"Abomey-Calavi","floods_1m":1,"floods_2m":1,"floods_3m":1,"first_flood_m":1,"nests":true,"area_km2":2.498}},{"type":"Feature","geometry":{"type":"Polygon","coordinates":[[[2.28151,6.34458],[2.27819,6.34458],[2.27819,6.34486],[2.27792,6.34486],[2.27792,6.34458],[2.27542,6.34458],[2.27542,6.34431],[2.27431,6.34431],[2.27431,6.34403],[2.27236,6.34403],[2.27236,6.34431],[2.27125,6.34431],[2.27125,6.34403],[2.26931,6.34403],[2.26931,6.34393],[2.26819,6.34393],[2.26819,6.34403],[2.26764,6.34403],[2.26764,6.34431],[2.26726,6.34431],[2.26726,6.35819],[2.28151,6.35819],[2.28151,6.34458]]]},"properties":{"region":"Atlantique","district":"Abomey-Calavi","floods_1m":1,"floods_2m":1,"floods_3m":1,"first_flood_m":1,"nests":true,"area_km2":2.43}},{"type":"Feature","geometry":{"type":"Polygon","coordinates":[[[2.39558,6.58631],[2.38132,6.58631],[2.38132,6.60057],[2.39558,6.60057],[2.39558,6.58631]]]},"properties":{"region":"Atlantique","district":"Abomey-Calavi","floods_1m":1,"floods_2m":1,"floods_3m":1,"first_flood_m":1,"nests":true,"area_km2":2.498}},{"type":"Feature","geometry":{"type":"Polygon","coordinates":[[[2.40984,6.48651],[2.39558,6.48651],[2.39558,6.50077],[2.40984,6.50077],[2.40984,6.48651]]]},"properties":{"region":"Atlantique","district":"Abomey-Calavi","floods_1m":1,"floods_2m":1,"floods_3m":1,"first_flood_m":1,"nests":true,"area_km2":2.498}},{"type":"Feature","geometry":{"type":"Polygon","coordinates":[[[2.26819,6.34393],[2.26931,6.34393],[2.26931,6.34375],[2.26819,6.34375],[2.26819,6.34393]]]},"properties":{"region":"Atlantique","district":"Abomey-Calavi","floods_1m":1,"floods_2m":1,"floods_3m":1,"first_flood_m":1,"nests":true,"area_km2":0.002}},{"type":"Feature","geometry":{"type":"Polygon","coordinates":[[[2.39558,6.54354],[2.38132,6.54354],[2.38132,6.5578],[2.39558,6.5578],[2.39558,6.54354]]]},"properties":{"region":"Atlantique","district":"Abomey-Calavi","floods_1m":1,"floods_2m":1,"floods_3m":1,"first_flood_m":1,"nests":true,"area_km2":2.498}},{"type":"Feature","geometry":{"type":"Polygon","coordinates":[[[2.39558,6.52928],[2.38132,6.52928],[2.38132,6.54354],[2.39558,6.54354],[2.39558,6.52928]]]},"properties":{"region":"Atlantique","district":"Abomey-Calavi","floods_1m":1,"floods_2m":1,"floods_3m":1,"first_flood_m":1,"nests":true,"area_km2":2.498}},{"type":"Feature","geometry":{"type":"Polygon","coordinates":[[[2.40984,6.50675],[2.40984,6.50077],[2.39558,6.50077],[2.39558,6.51502],[2.4068,6.51502],[2.40841,6.51127],[2.40984,6.50675]]]},"properties":{"region":"Atlantique","district":"Abomey-Calavi","floods_1m":1,"floods_2m":1,"floods_3m":1,"first_flood_m":1,"nests":true,"area_km2":2.354}},{"type":"Feature","geometry":{"type":"Polygon","coordinates":[[[2.22448,6.3693],[2.22277,6.37103],[2.22215,6.37244],[2.22448,6.37244],[2.22448,6.3693]]]},"properties":{"region":"Atlantique","district":"Abomey-Calavi","floods_1m":0,"floods_2m":1,"floods_3m":1,"first_flood_m":2,"nests":true,"area_km2":0.053}},{"type":"Feature","geometry":{"type":"Polygon","coordinates":[[[2.40984,6.48129],[2.40865,6.47688],[2.40488,6.47225],[2.39558,6.47225],[2.39558,6.48651],[2.40984,6.48651],[2.40984,6.48129]]]},"properties":{"region":"Atlantique","district":"Abomey-Calavi","floods_1m":1,"floods_2m":1,"floods_3m":1,"first_flood_m":1,"nests":true,"area_km2":2.291}},{"type":"Feature","geometry":{"type":"Polygon","coordinates":[[[2.31003,6.35819],[2.29577,6.35819],[2.29577,6.37244],[2.31003,6.37244],[2.31003,6.35819]]]},"properties":{"region":"Atlantique","district":"Abomey-Calavi","floods_1m":1,"floods_2m":1,"floods_3m":1,"first_flood_m":1,"nests":true,"area_km2":2.497}},{"type":"Feature","geometry":{"type":"Polygon","coordinates":[[[2.40984,6.60289],[2.40878,6.60057],[2.39558,6.60057],[2.39558,6.61483],[2.40984,6.61483],[2.40984,6.60289]]]},"properties":{"region":"Atlantique","district":"Abomey-Calavi","floods_1m":1,"floods_2m":1,"floods_3m":1,"first_flood_m":1,"nests":true,"area_km2":2.482}},{"type":"Feature","geometry":{"type":"Polygon","coordinates":[[[2.253,6.34404],[2.24299,6.35025],[2.23874,6.35473],[2.23874,6.35819],[2.253,6.35819],[2.253,6.34404]]]},"properties":{"region":"Atlantique","district":"Abomey-Calavi","floods_1m":1,"floods_2m":1,"floods_3m":1,"first_flood_m":1,"nests":true,"area_km2":1.656}},{"type":"Feature","geometry":{"type":"Polygon","coordinates":[[[2.41092,6.48651],[2.40984,6.48651],[2.40984,6.50077],[2.41173,6.50077],[2.41208,6.49965],[2.41092,6.48651]]]},"properties":{"region":"Atlantique","district":"Abomey-Calavi","floods_1m":1,"floods_2m":1,"floods_3m":1,"first_flood_m":1,"nests":true,"area_km2":0.296}},{"type":"Feature","geometry":{"type":"Polygon","coordinates":[[[2.39558,6.48651],[2.38132,6.48651],[2.38132,6.50077],[2.39558,6.50077],[2.39558,6.48651]]]},"properties":{"region":"Atlantique","district":"Abomey-Calavi","floods_1m":1,"floods_2m":1,"floods_3m":1,"first_flood_m":1,"nests":true,"area_km2":2.498}},{"type":"Feature","geometry":{"type":"Polygon","coordinates":[[[2.253,6.35819],[2.23874,6.35819],[2.23874,6.37244],[2.253,6.37244],[2.253,6.35819]]]},"properties":{"region":"Atlantique","district":"Abomey-Calavi","floods_1m":1,"floods_2m":1,"floods_3m":1,"first_flood_m":1,"nests":true,"area_km2":2.497}},{"type":"Feature","geometry":{"type":"Polygon","coordinates":[[[2.42409,6.64335],[2.40984,6.64335],[2.40984,6.6576],[2.42409,6.6576],[2.42409,6.64335]]]},"properties":{"region":"Atlantique","district":"Abomey-Calavi","floods_1m":1,"floods_2m":1,"floods_3m":1,"first_flood_m":1,"nests":true,"area_km2":2.494}},{"type":"Feature","geometry":{"type":"Polygon","coordinates":[[[2.40984,6.57912],[2.40984,6.57206],[2.39558,6.57206],[2.39558,6.58631],[2.40689,6.58631],[2.40984,6.57912]]]},"properties":{"region":"Atlantique","district":"Abomey-Calavi","floods_1m":1,"floods_2m":1,"floods_3m":1,"first_flood_m":1,"nests":true,"area_km2":2.366}},{"type":"Feature","geometry":{"type":"Polygon","coordinates":[[[2.23874,6.3867],[2.22448,6.3867],[2.22448,6.40096],[2.23874,6.40096],[2.23874,6.3867]]]},"properties":{"region":"Atlantique","district":"Abomey-Calavi","floods_1m":1,"floods_2m":1,"floods_3m":1,"first_flood_m":1,"nests":true,"area_km2":2.499}},{"type":"Feature","geometry":{"type":"Polygon","coordinates":[[[2.4068,6.51502],[2.39558,6.51502],[2.39558,6.52928],[2.40053,6.52928],[2.40184,6.52663],[2.4068,6.51502]]]},"properties":{"region":"Atlantique","district":"Abomey-Calavi","floods_1m":1,"floods_2m":1,"floods_3m":1,"first_flood_m":1,"nests":true,"area_km2":1.429}},{"type":"Feature","geometry":{"type":"Polygon","coordinates":[[[2.38132,6.50077],[2.36706,6.50077],[2.36706,6.51502],[2.38132,6.51502],[2.38132,6.50077]]]},"properties":{"region":"Atlantique","district":"Abomey-Calavi","floods_1m":1,"floods_2m":1,"floods_3m":1,"first_flood_m":1,"nests":true,"area_km2":2.496}},{"type":"Feature","geometry":{"type":"Polygon","coordinates":[[[2.39558,6.50077],[2.38132,6.50077],[2.38132,6.51502],[2.39558,6.51502],[2.39558,6.50077]]]},"properties":{"region":"Atlantique","district":"Abomey-Calavi","floods_1m":1,"floods_2m":1,"floods_3m":1,"first_flood_m":1,"nests":true,"area_km2":2.496}},{"type":"Feature","geometry":{"type":"Polygon","coordinates":[[[2.31003,6.44373],[2.29577,6.44373],[2.29577,6.45799],[2.31003,6.45799],[2.31003,6.44373]]]},"properties":{"region":"Atlantique","district":"Abomey-Calavi","floods_1m":1,"floods_2m":1,"floods_3m":1,"first_flood_m":1,"nests":true,"area_km2":2.498}},{"type":"Feature","geometry":{"type":"Polygon","coordinates":[[[2.38132,6.62909],[2.36706,6.62909],[2.36706,6.64335],[2.38132,6.64335],[2.38132,6.62909]]]},"properties":{"region":"Atlantique","district":"Abomey-Calavi","floods_1m":1,"floods_2m":1,"floods_3m":1,"first_flood_m":1,"nests":true,"area_km2":2.497}},{"type":"Feature","geometry":{"type":"Polygon","coordinates":[[[2.3528,6.35042],[2.35264,6.35042],[2.35264,6.35014],[2.34569,6.35014],[2.34569,6.35042],[2.34431,6.35042],[2.34431,6.35014],[2.34375,6.35014],[2.34375,6.34986],[2.34347,6.34986],[2.34347,6.34958],[2.34208,6.34958],[2.34208,6.34986],[2.34153,6.34986],[2.34153,6.35014],[2.34042,6.35014],[2.34042,6.34986],[2.33958,6.34986],[2.33958,6.34958],[2.33855,6.34958],[2.33855,6.35819],[2.3528,6.35819],[2.3528,6.35042]]]},"properties":{"region":"Atlantique","district":"Abomey-Calavi","floods_1m":1,"floods_2m":1,"floods_3m":1,"first_flood_m":1,"nests":true,"area_km2":1.427}},{"type":"Feature","geometry":{"type":"Polygon","coordinates":[[[2.22448,6.37244],[2.22215,6.37244],[2.21825,6.38141],[2.219,6.3867],[2.22448,6.3867],[2.22448,6.37244]]]},"properties":{"region":"Atlantique","district":"Abomey-Calavi","floods_1m":1,"floods_2m":1,"floods_3m":1,"first_flood_m":1,"nests":true,"area_km2":0.852}},{"type":"Feature","geometry":{"type":"Polygon","coordinates":[[[2.3528,6.42948],[2.33855,6.42948],[2.33855,6.44373],[2.3528,6.44373],[2.3528,6.42948]]]},"properties":{"region":"Atlantique","district":"Abomey-Calavi","floods_1m":1,"floods_2m":1,"floods_3m":1,"first_flood_m":1,"nests":true,"area_km2":2.495}},{"type":"Feature","geometry":{"type":"Polygon","coordinates":[[[2.38132,6.44938],[2.37713,6.44373],[2.36706,6.44373],[2.36706,6.45799],[2.38132,6.45799],[2.38132,6.44938]]]},"properties":{"region":"Atlantique","district":"Abomey-Calavi","floods_1m":1,"floods_2m":1,"floods_3m":1,"first_flood_m":1,"nests":true,"area_km2":2.353}},{"type":"Feature","geometry":{"type":"Polygon","coordinates":[[[2.40984,6.60289],[2.40984,6.61483],[2.41686,6.61483],[2.41094,6.60532],[2.40984,6.60289]]]},"properties":{"region":"Atlantique","district":"Abomey-Calavi","floods_1m":1,"floods_2m":1,"floods_3m":1,"first_flood_m":1,"nests":true,"area_km2":0.491}},{"type":"Feature","geometry":{"type":"Polygon","coordinates":[[[2.31003,6.45799],[2.29577,6.45799],[2.29577,6.47225],[2.31003,6.47225],[2.31003,6.45799]]]},"properties":{"region":"Atlantique","district":"Abomey-Calavi","floods_1m":0,"floods_2m":1,"floods_3m":1,"first_flood_m":2,"nests":true,"area_km2":2.498}},{"type":"Feature","geometry":{"type":"Polygon","coordinates":[[[2.22448,6.42948],[2.21879,6.42948],[2.21767,6.43569],[2.21919,6.44373],[2.22448,6.44373],[2.22448,6.42948]]]},"properties":{"region":"Atlantique","district":"Abomey-Calavi","floods_1m":1,"floods_2m":1,"floods_3m":1,"first_flood_m":1,"nests":true,"area_km2":1.075}},{"type":"Feature","geometry":{"type":"Polygon","coordinates":[[[2.22448,6.41522],[2.22413,6.41522],[2.21969,6.4245],[2.21879,6.42948],[2.22448,6.42948],[2.22448,6.41522]]]},"properties":{"region":"Atlantique","district":"Abomey-Calavi","floods_1m":0,"floods_2m":1,"floods_3m":1,"first_flood_m":2,"nests":true,"area_km2":0.614}},{"type":"Feature","geometry":{"type":"Polygon","coordinates":[[[2.38132,6.58631],[2.36706,6.58631],[2.36706,6.60057],[2.38132,6.60057],[2.38132,6.58631]]]},"properties":{"region":"Atlantique","district":"Abomey-Calavi","floods_1m":1,"floods_2m":1,"floods_3m":1,"first_flood_m":1,"nests":true,"area_km2":2.498}},{"type":"Feature","geometry":{"type":"Polygon","coordinates":[[[2.36248,6.35819],[2.3528,6.35819],[2.3528,6.37244],[2.36386,6.37244],[2.36167,6.36765],[2.36248,6.35819]]]},"properties":{"region":"Atlantique","district":"Abomey-Calavi","floods_1m":1,"floods_2m":1,"floods_3m":1,"first_flood_m":1,"nests":true,"area_km2":1.665}},{"type":"Feature","geometry":{"type":"Polygon","coordinates":[[[2.41173,6.50077],[2.40984,6.50077],[2.40984,6.50675],[2.41173,6.50077]]]},"properties":{"region":"Atlantique","district":"Abomey-Calavi","floods_1m":1,"floods_2m":1,"floods_3m":1,"first_flood_m":1,"nests":true,"area_km2":0.069}},{"type":"Feature","geometry":{"type":"Polygon","coordinates":[[[2.36706,6.37944],[2.36386,6.37244],[2.3528,6.37244],[2.3528,6.3867],[2.36706,6.3867],[2.36706,6.37944]]]},"properties":{"region":"Atlantique","district":"Abomey-Calavi","floods_1m":1,"floods_2m":1,"floods_3m":1,"first_flood_m":1,"nests":true,"area_km2":2.361}},{"type":"Feature","geometry":{"type":"Polygon","coordinates":[[[2.36288,6.34986],[2.36236,6.34986],[2.36236,6.34958],[2.3618,6.34958],[2.3618,6.34986],[2.36069,6.34986],[2.36069,6.35014],[2.36014,6.35014],[2.36014,6.34986],[2.3582,6.34986],[2.3582,6.35014],[2.35708,6.35014],[2.35708,6.34986],[2.35597,6.34986],[2.35597,6.35014],[2.35403,6.35014],[2.35403,6.35042],[2.35375,6.35042],[2.35375,6.35014],[2.35319,6.35014],[2.35319,6.35042],[2.3528,6.35042],[2.3528,6.35819],[2.36248,6.35819],[2.36285,6.35398],[2.36288,6.34986]]]},"properties":{"region":"Atlantique","district":"Abomey-Calavi","floods_1m":1,"floods_2m":1,"floods_3m":1,"first_flood_m":1,"nests":true,"area_km2":1.003}},{"type":"Feature","geometry":{"type":"Polygon","coordinates":[[[2.39558,6.46252],[2.39017,6.45799],[2.38132,6.45799],[2.38132,6.47225],[2.39558,6.47225],[2.39558,6.46252]]]},"properties":{"region":"Atlantique","district":"Abomey-Calavi","floods_1m":1,"floods_2m":1,"floods_3m":1,"first_flood_m":1,"nests":true,"area_km2":2.348}},{"type":"Feature","geometry":{"type":"Polygon","coordinates":[[[2.40689,6.58631],[2.39558,6.58631],[2.39558,6.60057],[2.40878,6.60057],[2.40717,6.59705],[2.40589,6.58877],[2.40689,6.58631]]]},"properties":{"region":"Atlantique","district":"Abomey-Calavi","floods_1m":1,"floods_2m":1,"floods_3m":1,"first_flood_m":1,"nests":true,"area_km2":1.976}},{"type":"Feature","geometry":{"type":"Polygon","coordinates":[[[2.36706,6.61483],[2.3528,6.61483],[2.3528,6.62909],[2.36706,6.62909],[2.36706,6.61483]]]},"properties":{"region":"Atlantique","district":"Abomey-Calavi","floods_1m":1,"floods_2m":1,"floods_3m":1,"first_flood_m":1,"nests":true,"area_km2":2.497}},{"type":"Feature","geometry":{"type":"Polygon","coordinates":[[[2.38132,6.61483],[2.36706,6.61483],[2.36706,6.62909],[2.38132,6.62909],[2.38132,6.61483]]]},"properties":{"region":"Atlantique","district":"Abomey-Calavi","floods_1m":1,"floods_2m":1,"floods_3m":1,"first_flood_m":1,"nests":true,"area_km2":2.497}},{"type":"Feature","geometry":{"type":"Polygon","coordinates":[[[2.26726,6.35819],[2.253,6.35819],[2.253,6.37244],[2.26726,6.37244],[2.26726,6.35819]]]},"properties":{"region":"Atlantique","district":"Abomey-Calavi","floods_1m":1,"floods_2m":1,"floods_3m":1,"first_flood_m":1,"nests":true,"area_km2":2.497}},{"type":"Feature","geometry":{"type":"Polygon","coordinates":[[[2.23874,6.35819],[2.23547,6.35819],[2.23432,6.35939],[2.22448,6.3693],[2.22448,6.37244],[2.23874,6.37244],[2.23874,6.35819]]]},"properties":{"region":"Atlantique","district":"Abomey-Calavi","floods_1m":1,"floods_2m":1,"floods_3m":1,"first_flood_m":1,"nests":true,"area_km2":1.744}},{"type":"Feature","geometry":{"type":"Polygon","coordinates":[[[2.26726,6.3867],[2.253,6.3867],[2.253,6.40096],[2.26726,6.40096],[2.26726,6.3867]]]},"properties":{"region":"Atlantique","district":"Abomey-Calavi","floods_1m":0,"floods_2m":1,"floods_3m":1,"first_flood_m":2,"nests":true,"area_km2":2.499}},{"type":"Feature","geometry":{"type":"Polygon","coordinates":[[[2.29577,6.37244],[2.28151,6.37244],[2.28151,6.3867],[2.29577,6.3867],[2.29577,6.37244]]]},"properties":{"region":"Atlantique","district":"Abomey-Calavi","floods_1m":1,"floods_2m":1,"floods_3m":1,"first_flood_m":1,"nests":true,"area_km2":2.499}},{"type":"Feature","geometry":{"type":"Polygon","coordinates":[[[2.28151,6.35819],[2.26726,6.35819],[2.26726,6.37244],[2.28151,6.37244],[2.28151,6.35819]]]},"properties":{"region":"Atlantique","district":"Abomey-Calavi","floods_1m":1,"floods_2m":1,"floods_3m":1,"first_flood_m":1,"nests":true,"area_km2":2.495}},{"type":"Feature","geometry":{"type":"Polygon","coordinates":[[[2.39558,6.5578],[2.38132,6.5578],[2.38132,6.57206],[2.39558,6.57206],[2.39558,6.5578]]]},"properties":{"region":"Atlantique","district":"Abomey-Calavi","floods_1m":1,"floods_2m":1,"floods_3m":1,"first_flood_m":1,"nests":true,"area_km2":2.498}},{"type":"Feature","geometry":{"type":"Polygon","coordinates":[[[2.38132,6.5578],[2.36706,6.5578],[2.36706,6.57206],[2.38132,6.57206],[2.38132,6.5578]]]},"properties":{"region":"Atlantique","district":"Abomey-Calavi","floods_1m":1,"floods_2m":1,"floods_3m":1,"first_flood_m":1,"nests":true,"area_km2":2.498}},{"type":"Feature","geometry":{"type":"Polygon","coordinates":[[[2.28151,6.40096],[2.26726,6.40096],[2.26726,6.41522],[2.28151,6.41522],[2.28151,6.40096]]]},"properties":{"region":"Atlantique","district":"Abomey-Calavi","floods_1m":1,"floods_2m":1,"floods_3m":1,"first_flood_m":1,"nests":true,"area_km2":2.497}},{"type":"Feature","geometry":{"type":"Polygon","coordinates":[[[2.29577,6.42948],[2.28151,6.42948],[2.28151,6.44373],[2.29577,6.44373],[2.29577,6.42948]]]},"properties":{"region":"Atlantique","district":"Abomey-Calavi","floods_1m":1,"floods_2m":1,"floods_3m":1,"first_flood_m":1,"nests":true,"area_km2":2.497}},{"type":"Feature","geometry":{"type":"Polygon","coordinates":[[[2.253,6.37244],[2.23874,6.37244],[2.23874,6.3867],[2.253,6.3867],[2.253,6.37244]]]},"properties":{"region":"Atlantique","district":"Abomey-Calavi","floods_1m":1,"floods_2m":1,"floods_3m":1,"first_flood_m":1,"nests":true,"area_km2":2.499}},{"type":"Feature","geometry":{"type":"Polygon","coordinates":[[[2.39558,6.51502],[2.38132,6.51502],[2.38132,6.52928],[2.39558,6.52928],[2.39558,6.51502]]]},"properties":{"region":"Atlantique","district":"Abomey-Calavi","floods_1m":1,"floods_2m":1,"floods_3m":1,"first_flood_m":1,"nests":true,"area_km2":2.498}},{"type":"Feature","geometry":{"type":"Polygon","coordinates":[[[2.43723,6.62909],[2.42409,6.62909],[2.42409,6.64335],[2.43668,6.64335],[2.43694,6.635],[2.43723,6.62909]]]},"properties":{"region":"Atlantique","district":"Abomey-Calavi","floods_1m":1,"floods_2m":1,"floods_3m":1,"first_flood_m":1,"nests":true,"area_km2":2.248}},{"type":"Feature","geometry":{"type":"Polygon","coordinates":[[[2.36706,6.42948],[2.3528,6.42948],[2.3528,6.44373],[2.36706,6.44373],[2.36706,6.42948]]]},"properties":{"region":"Atlantique","district":"Abomey-Calavi","floods_1m":1,"floods_2m":1,"floods_3m":1,"first_flood_m":1,"nests":true,"area_km2":2.497}},{"type":"Feature","geometry":{"type":"Polygon","coordinates":[[[2.36706,6.47225],[2.3528,6.47225],[2.3528,6.48651],[2.36706,6.48651],[2.36706,6.47225]]]},"properties":{"region":"Atlantique","district":"Abomey-Calavi","floods_1m":1,"floods_2m":1,"floods_3m":1,"first_flood_m":1,"nests":true,"area_km2":2.498}},{"type":"Feature","geometry":{"type":"Polygon","coordinates":[[[2.36706,6.45799],[2.3528,6.45799],[2.3528,6.47225],[2.36706,6.47225],[2.36706,6.45799]]]},"properties":{"region":"Atlantique","district":"Abomey-Calavi","floods_1m":1,"floods_2m":1,"floods_3m":1,"first_flood_m":1,"nests":true,"area_km2":2.498}},{"type":"Feature","geometry":{"type":"MultiPolygon","coordinates":[[[[2.26347,6.34393],[2.26431,6.34393],[2.26431,6.34375],[2.26347,6.34375],[2.26347,6.34393]]],[[[2.25347,6.34375],[2.25319,6.34393],[2.25403,6.34393],[2.25403,6.34375],[2.25347,6.34375]]]]},"properties":{"region":"Atlantique","district":"Abomey-Calavi","floods_1m":1,"floods_2m":1,"floods_3m":1,"first_flood_m":1,"nests":true,"area_km2":0.003}},{"type":"Feature","geometry":{"type":"Polygon","coordinates":[[[2.39558,6.61483],[2.38132,6.61483],[2.38132,6.62909],[2.39558,6.62909],[2.39558,6.61483]]]},"properties":{"region":"Atlantique","district":"Abomey-Calavi","floods_1m":1,"floods_2m":1,"floods_3m":1,"first_flood_m":1,"nests":true,"area_km2":2.497}},{"type":"Feature","geometry":{"type":"Polygon","coordinates":[[[2.31003,6.34764],[2.3082,6.34764],[2.3082,6.34736],[2.30597,6.34736],[2.30597,6.34708],[2.30542,6.34708],[2.30542,6.34681],[2.30486,6.34681],[2.30486,6.34653],[2.30403,6.34653],[2.30403,6.34625],[2.30347,6.34625],[2.30347,6.34597],[2.30292,6.34597],[2.30292,6.34625],[2.30264,6.34625],[2.30264,6.34653],[2.30153,6.34653],[2.30153,6.34625],[2.30014,6.34625],[2.30014,6.34653],[2.29986,6.34653],[2.29986,6.34681],[2.29931,6.34681],[2.29931,6.34653],[2.29903,6.34653],[2.29903,6.34625],[2.29625,6.34625],[2.29625,6.34597],[2.29577,6.34597],[2.29577,6.35819],[2.31003,6.35819],[2.31003,6.34764]]]},"properties":{"region":"Atlantique","district":"Abomey-Calavi","floods_1m":1,"floods_2m":1,"floods_3m":1,"first_flood_m":1,"nests":true,"area_km2":2.012}},{"type":"Feature","geometry":{"type":"Polygon","coordinates":[[[2.38132,6.47225],[2.36706,6.47225],[2.36706,6.48651],[2.38132,6.48651],[2.38132,6.47225]]]},"properties":{"region":"Atlantique","district":"Abomey-Calavi","floods_1m":1,"floods_2m":1,"floods_3m":1,"first_flood_m":1,"nests":true,"area_km2":2.498}},{"type":"Feature","geometry":{"type":"Polygon","coordinates":[[[2.3528,6.40096],[2.33855,6.40096],[2.33855,6.41522],[2.3528,6.41522],[2.3528,6.40096]]]},"properties":{"region":"Atlantique","district":"Abomey-Calavi","floods_1m":1,"floods_2m":1,"floods_3m":1,"first_flood_m":1,"nests":true,"area_km2":2.497}},{"type":"Feature","geometry":{"type":"Polygon","coordinates":[[[2.36993,6.3867],[2.36706,6.3867],[2.36706,6.40096],[2.36825,6.40096],[2.36845,6.39747],[2.36993,6.3867]]]},"properties":{"region":"Atlantique","district":"Abomey-Calavi","floods_1m":1,"floods_2m":1,"floods_3m":1,"first_flood_m":1,"nests":true,"area_km2":0.337}},{"type":"Feature","geometry":{"type":"Polygon","coordinates":[[[2.33855,6.34958],[2.33681,6.34958],[2.33681,6.34986],[2.33542,6.34986],[2.33542,6.34958],[2.33486,6.34958],[2.33486,6.34986],[2.33403,6.34986],[2.33403,6.34958],[2.33319,6.34958],[2.33319,6.34931],[2.33236,6.34931],[2.33236,6.34903],[2.32958,6.34903],[2.32958,6.34875],[2.32931,6.34875],[2.3293,6.34847],[2.32847,6.34847],[2.32847,6.34819],[2.32792,6.34819],[2.32792,6.34847],[2.32597,6.34847],[2.32597,6.34819],[2.32458,6.34819],[2.32458,6.34792],[2.32429,6.34792],[2.32429,6.35819],[2.33855,6.35819],[2.33855,6.34958]]]},"properties":{"region":"Atlantique","district":"Abomey-Calavi","floods_1m":1,"floods_2m":1,"floods_3m":1,"first_flood_m":1,"nests":true,"area_km2":1.603}},{"type":"Feature","geometry":{"type":"MultiPolygon","coordinates":[[[[2.22448,6.41447],[2.22413,6.41522],[2.22448,6.41522],[2.22448,6.41447]]],[[[2.22448,6.40096],[2.22294,6.40096],[2.22332,6.40211],[2.22448,6.40778],[2.22448,6.40096]]]]},"properties":{"region":"Atlantique","district":"Abomey-Calavi","floods_1m":0,"floods_2m":0,"floods_3m":1,"first_flood_m":3,"nests":true,"area_km2":0.061}},{"type":"Feature","geometry":{"type":"Polygon","coordinates":[[[2.26726,6.34431],[2.26597,6.34431],[2.26597,6.34403],[2.26431,6.34403],[2.26431,6.34393],[2.26347,6.34393],[2.26347,6.34403],[2.26153,6.34403],[2.26153,6.34431],[2.25764,6.34431],[2.25764,6.34403],[2.25403,6.34403],[2.25403,6.34393],[2.25319,6.34393],[2.253,6.34404],[2.253,6.35819],[2.26726,6.35819],[2.26726,6.34431]]]},"properties":{"region":"Atlantique","district":"Abomey-Calavi","floods_1m":1,"floods_2m":1,"floods_3m":1,"first_flood_m":1,"nests":true,"area_km2":2.466}},{"type":"Feature","geometry":{"type":"Polygon","coordinates":[[[2.26726,6.42948],[2.253,6.42948],[2.253,6.44373],[2.26726,6.44373],[2.26726,6.42948]]]},"properties":{"region":"Atlantique","district":"Abomey-Calavi","floods_1m":1,"floods_2m":1,"floods_3m":1,"first_flood_m":1,"nests":true,"area_km2":2.497}},{"type":"Feature","geometry":{"type":"Polygon","coordinates":[[[2.22448,6.44373],[2.21919,6.44373],[2.22064,6.45143],[2.22224,6.45799],[2.22448,6.45799],[2.22448,6.44373]]]},"properties":{"region":"Atlantique","district":"Abomey-Calavi","floods_1m":1,"floods_2m":1,"floods_3m":1,"first_flood_m":1,"nests":true,"area_km2":0.677}},{"type":"Feature","geometry":{"type":"Polygon","coordinates":[[[2.31003,6.40096],[2.29577,6.40096],[2.29577,6.41522],[2.31003,6.41522],[2.31003,6.40096]]]},"properties":{"region":"Atlantique","district":"Abomey-Calavi","floods_1m":0,"floods_2m":1,"floods_3m":1,"first_flood_m":2,"nests":true,"area_km2":2.499}},{"type":"Feature","geometry":{"type":"Polygon","coordinates":[[[2.36706,6.44373],[2.3528,6.44373],[2.3528,6.45799],[2.36706,6.45799],[2.36706,6.44373]]]},"properties":{"region":"Atlantique","district":"Abomey-Calavi","floods_1m":1,"floods_2m":1,"floods_3m":1,"first_flood_m":1,"nests":true,"area_km2":2.498}},{"type":"Feature","geometry":{"type":"Polygon","coordinates":[[[2.29577,6.41522],[2.28151,6.41522],[2.28151,6.42948],[2.29577,6.42948],[2.29577,6.41522]]]},"properties":{"region":"Atlantique","district":"Abomey-Calavi","floods_1m":1,"floods_2m":1,"floods_3m":1,"first_flood_m":1,"nests":true,"area_km2":2.498}},{"type":"Feature","geometry":{"type":"Polygon","coordinates":[[[2.40984,6.56834],[2.40984,6.57206],[2.41273,6.57206],[2.41285,6.57175],[2.40984,6.56834]]]},"properties":{"region":"Atlantique","district":"Abomey-Calavi","floods_1m":1,"floods_2m":1,"floods_3m":1,"first_flood_m":1,"nests":true,"area_km2":0.074}},{"type":"Feature","geometry":{"type":"Polygon","coordinates":[[[2.23874,6.37244],[2.22448,6.37244],[2.22448,6.3867],[2.23874,6.3867],[2.23874,6.37244]]]},"properties":{"region":"Atlantique","district":"Abomey-Calavi","floods_1m":1,"floods_2m":1,"floods_3m":1,"first_flood_m":1,"nests":true,"area_km2":2.499}},{"type":"Feature","geometry":{"type":"Polygon","coordinates":[[[2.29577,6.40096],[2.28151,6.40096],[2.28151,6.41522],[2.29577,6.41522],[2.29577,6.40096]]]},"properties":{"region":"Atlantique","district":"Abomey-Calavi","floods_1m":1,"floods_2m":1,"floods_3m":1,"first_flood_m":1,"nests":true,"area_km2":2.499}},{"type":"Feature","geometry":{"type":"Polygon","coordinates":[[[2.42409,6.61676],[2.41763,6.61607],[2.41686,6.61483],[2.40984,6.61483],[2.40984,6.62909],[2.42409,6.62909],[2.42409,6.61676]]]},"properties":{"region":"Atlantique","district":"Abomey-Calavi","floods_1m":1,"floods_2m":1,"floods_3m":1,"first_flood_m":1,"nests":true,"area_km2":2.364}},{"type":"Feature","geometry":{"type":"Polygon","coordinates":[[[2.3528,6.3867],[2.33855,6.3867],[2.33855,6.40096],[2.3528,6.40096],[2.3528,6.3867]]]},"properties":{"region":"Atlantique","district":"Abomey-Calavi","floods_1m":1,"floods_2m":1,"floods_3m":1,"first_flood_m":1,"nests":true,"area_km2":2.497}},{"type":"Feature","geometry":{"type":"Polygon","coordinates":[[[1.99635,6.47225],[1.98604,6.47225],[1.98694,6.47417],[1.98917,6.47889],[1.99083,6.48417],[1.99142,6.48651],[1.99635,6.48651],[1.99635,6.47225]]]},"properties":{"region":"Atlantique","district":"Kpomassè","floods_1m":1,"floods_2m":1,"floods_3m":1,"first_flood_m":1,"nests":true,"area_km2":1.276}},{"type":"Feature","geometry":{"type":"Polygon","coordinates":[[[2.06764,6.33708],[2.06764,6.34393],[2.07158,6.34393],[2.07129,6.34249],[2.06764,6.33708]]]},"properties":{"region":"Atlantique","district":"Kpomassè","floods_1m":0,"floods_2m":1,"floods_3m":1,"first_flood_m":2,"nests":true,"area_km2":0.188}},{"type":"Feature","geometry":{"type":"Polygon","coordinates":[[[2.05339,6.32967],[2.03913,6.32967],[2.03913,6.33145],[2.03913,6.34393],[2.05339,6.34393],[2.05339,6.33145],[2.05339,6.32967]]]},"properties":{"region":"Atlantique","district":"Kpomassè","floods_1m":1,"floods_2m":1,"floods_3m":1,"first_flood_m":1,"nests":true,"area_km2":2.499}},{"type":"Feature","geometry":{"type":"Polygon","coordinates":[[[1.9821,6.35819],[1.96784,6.35819],[1.96784,6.37244],[1.9821,6.37244],[1.9821,6.35819]]]},"properties":{"region":"Atlantique","district":"Kpomassè","floods_1m":0,"floods_2m":1,"floods_3m":1,"first_flood_m":2,"nests":true,"area_km2":2.497}},{"type":"Feature","geometry":{"type":"Polygon","coordinates":[[[1.9821,6.32967],[1.98004,6.32967],[1.98028,6.33556],[1.97972,6.34167],[1.97962,6.34184],[1.97837,6.34393],[1.9821,6.34393],[1.9821,6.33145],[1.9821,6.32967]]]},"properties":{"region":"Atlantique","district":"Kpomassè","floods_1m":1,"floods_2m":1,"floods_3m":1,"first_flood_m":1,"nests":true,"area_km2":0.383}},{"type":"Feature","geometry":{"type":"MultiPolygon","coordinates":[[[[1.99635,6.5351],[1.99583,6.54083],[1.99559,6.54354],[1.99635,6.54354],[1.99635,6.5351]]],[[[1.99635,6.52928],[1.99617,6.52928],[1.99635,6.53387],[1.99635,6.52928]]]]},"properties":{"region":"Atlantique","district":"Kpomassè","floods_1m":1,"floods_2m":1,"floods_3m":1,"first_flood_m":1,"nests":true,"area_km2":0.045}},{"type":"Feature","geometry":{"type":"Polygon","coordinates":[[[1.99635,6.54354],[1.99559,6.54354],[1.99528,6.54695],[1.99417,6.5525],[1.99245,6.5578],[1.99635,6.5578],[1.99635,6.54354]]]},"properties":{"region":"Atlantique","district":"Kpomassè","floods_1m":1,"floods_2m":1,"floods_3m":1,"first_flood_m":1,"nests":true,"area_km2":0.347}},{"type":"Feature","geometry":{"type":"Polygon","coordinates":[[[1.98958,6.60057],[1.98892,6.60057],[1.98889,6.60083],[1.98891,6.60128],[1.98958,6.60057]]]},"properties":{"region":"Atlantique","district":"Kpomassè","floods_1m":1,"floods_2m":1,"floods_3m":1,"first_flood_m":1,"nests":true,"area_km2":0.003}},{"type":"Feature","geometry":{"type":"Polygon","coordinates":[[[1.99635,6.32967],[1.9821,6.32967],[1.9821,6.33145],[1.9821,6.34393],[1.99635,6.34393],[1.99635,6.33145],[1.99635,6.32967]]]},"properties":{"region":"Atlantique","district":"Kpomassè","floods_1m":1,"floods_2m":1,"floods_3m":1,"first_flood_m":1,"nests":true,"area_km2":2.497}},{"type":"Feature","geometry":{"type":"Polygon","coordinates":[[[2.05339,6.32767],[2.05007,6.32598],[2.03913,6.32455],[2.03913,6.32967],[2.05339,6.32967],[2.05339,6.32767]]]},"properties":{"region":"Atlantique","district":"Kpomassè","floods_1m":1,"floods_2m":1,"floods_3m":1,"first_flood_m":1,"nests":true,"area_km2":0.708}},{"type":"Feature","geometry":{"type":"Polygon","coordinates":[[[2.01061,6.34393],[1.99635,6.34393],[1.99635,6.35819],[2.01061,6.35819],[2.01061,6.34393]]]},"properties":{"region":"Atlantique","district":"Kpomassè","floods_1m":1,"floods_2m":1,"floods_3m":1,"first_flood_m":1,"nests":true,"area_km2":2.499}},{"type":"Feature","geometry":{"type":"Polygon","coordinates":[[[1.9821,6.32378],[1.98,6.32276],[1.98,6.32861],[1.98004,6.32967],[1.9821,6.32967],[1.9821,6.32378]]]},"properties":{"region":"Atlantique","district":"Kpomassè","floods_1m":1,"floods_2m":1,"floods_3m":1,"first_flood_m":1,"nests":true,"area_km2":0.165}},{"type":"Feature","geometry":{"type":"Polygon","coordinates":[[[2.06764,6.34393],[2.05339,6.34393],[2.05339,6.35819],[2.06764,6.35819],[2.06764,6.34393]]]},"properties":{"region":"Atlantique","district":"Kpomassè","floods_1m":1,"floods_2m":1,"floods_3m":1,"first_flood_m":1,"nests":true,"area_km2":2.497}},{"type":"Feature","geometry":{"type":"Polygon","coordinates":[[[1.99635,6.57206],[1.99048,6.57206],[1.99,6.57528],[1.98944,6.58167],[1.98944,6.58631],[1.99635,6.58631],[1.99635,6.57206]]]},"properties":{"region":"Atlantique","district":"Kpomassè","floods_1m":1,"floods_2m":1,"floods_3m":1,"first_flood_m":1,"nests":true,"area_km2":1.156}},{"type":"Feature","geometry":{"type":"Polygon","coordinates":[[[2.01061,6.51502],[1.99635,6.51502],[1.99635,6.52928],[2.01061,6.52928],[2.01061,6.51502]]]},"properties":{"region":"Atlantique","district":"Kpomassè","floods_1m":1,"floods_2m":1,"floods_3m":1,"first_flood_m":1,"nests":true,"area_km2":2.498}},{"type":"Feature","geometry":{"type":"Polygon","coordinates":[[[2.01061,6.32967],[1.99635,6.32967],[1.99635,6.33145],[1.99635,6.34393],[2.01061,6.34393],[2.01061,6.33145],[2.01061,6.32967]]]},"properties":{"region":"Atlantique","district":"Kpomassè","floods_1m":1,"floods_2m":1,"floods_3m":1,"first_flood_m":1,"nests":true,"area_km2":2.499}},{"type":"Feature","geometry":{"type":"Polygon","coordinates":[[[2.03913,6.34393],[2.02487,6.34393],[2.02487,6.35819],[2.03913,6.35819],[2.03913,6.34393]]]},"properties":{"region":"Atlantique","district":"Kpomassè","floods_1m":1,"floods_2m":1,"floods_3m":1,"first_flood_m":1,"nests":true,"area_km2":2.499}},{"type":"Feature","geometry":{"type":"Polygon","coordinates":[[[1.96784,6.37244],[1.96064,6.37244],[1.96,6.375],[1.95889,6.38056],[1.95778,6.38611],[1.95772,6.3867],[1.96784,6.3867],[1.96784,6.37244]]]},"properties":{"region":"Atlantique","district":"Kpomassè","floods_1m":0,"floods_2m":0,"floods_3m":1,"first_flood_m":3,"nests":true,"area_km2":1.531}},{"type":"Feature","geometry":{"type":"Polygon","coordinates":[[[1.99635,6.32772],[1.98871,6.32697],[1.9821,6.32378],[1.9821,6.32967],[1.99635,6.32967],[1.99635,6.32772]]]},"properties":{"region":"Atlantique","district":"Kpomassè","floods_1m":1,"floods_2m":1,"floods_3m":1,"first_flood_m":1,"nests":true,"area_km2":0.567}},{"type":"Feature","geometry":{"type":"Polygon","coordinates":[[[1.99635,6.59347],[1.99635,6.58631],[1.98944,6.58631],[1.98944,6.58778],[1.98972,6.59472],[1.98892,6.60057],[1.98958,6.60057],[1.99635,6.59347]]]},"properties":{"region":"Atlantique","district":"Kpomassè","floods_1m":1,"floods_2m":1,"floods_3m":1,"first_flood_m":1,"nests":true,"area_km2":0.912}},{"type":"Feature","geometry":{"type":"Polygon","coordinates":[[[2.01061,6.32757],[2.00115,6.32819],[1.99635,6.32772],[1.99635,6.32967],[2.01061,6.32967],[2.01061,6.32757]]]},"properties":{"region":"Atlantique","district":"Kpomassè","floods_1m":1,"floods_2m":1,"floods_3m":1,"first_flood_m":1,"nests":true,"area_km2":0.309}},{"type":"Feature","geometry":{"type":"Polygon","coordinates":[[[2.01061,6.48651],[1.99635,6.48651],[1.99635,6.50077],[2.01061,6.50077],[2.01061,6.48651]]]},"properties":{"region":"Atlantique","district":"Kpomassè","floods_1m":1,"floods_2m":1,"floods_3m":1,"first_flood_m":1,"nests":true,"area_km2":2.498}},{"type":"Feature","geometry":{"type":"Polygon","coordinates":[[[2.01061,6.54354],[1.99635,6.54354],[1.99635,6.5578],[2.01061,6.5578],[2.01061,6.54354]]]},"properties":{"region":"Atlantique","district":"Kpomassè","floods_1m":1,"floods_2m":1,"floods_3m":1,"first_flood_m":1,"nests":true,"area_km2":2.498}},{"type":"Feature","geometry":{"type":"Polygon","coordinates":[[[2.05339,6.32767],[2.05339,6.32967],[2.05732,6.32967],[2.05339,6.32767]]]},"properties":{"region":"Atlantique","district":"Kpomassè","floods_1m":1,"floods_2m":1,"floods_3m":1,"first_flood_m":1,"nests":true,"area_km2":0.048}},{"type":"Feature","geometry":{"type":"Polygon","coordinates":[[[1.9821,6.34393],[1.97837,6.34393],[1.97722,6.34583],[1.97306,6.34722],[1.96833,6.34944],[1.96784,6.35027],[1.96784,6.35819],[1.9821,6.35819],[1.9821,6.34393]]]},"properties":{"region":"Atlantique","district":"Kpomassè","floods_1m":1,"floods_2m":1,"floods_3m":1,"first_flood_m":1,"nests":true,"area_km2":2.061}},{"type":"Feature","geometry":{"type":"Polygon","coordinates":[[[1.99635,6.45799],[1.9821,6.45799],[1.9821,6.46328],[1.98278,6.46472],[1.98472,6.46944],[1.98501,6.47006],[1.98604,6.47225],[1.99635,6.47225],[1.99635,6.45799]]]},"properties":{"region":"Atlantique","district":"Kpomassè","floods_1m":0,"floods_2m":0,"floods_3m":1,"first_flood_m":3,"nests":true,"area_km2":2.282}},{"type":"Feature","geometry":{"type":"Polygon","coordinates":[[[2.05339,6.34393],[2.03913,6.34393],[2.03913,6.35819],[2.05339,6.35819],[2.05339,6.34393]]]},"properties":{"region":"Atlantique","district":"Kpomassè","floods_1m":1,"floods_2m":1,"floods_3m":1,"first_flood_m":1,"nests":true,"area_km2":2.499}},{"type":"Feature","geometry":{"type":"Polygon","coordinates":[[[2.03913,6.32967],[2.02487,6.32967],[2.02487,6.33145],[2.02487,6.34393],[2.03913,6.34393],[2.03913,6.33145],[2.03913,6.32967]]]},"properties":{"region":"Atlantique","district":"Kpomassè","floods_1m":1,"floods_2m":1,"floods_3m":1,"first_flood_m":1,"nests":true,"area_km2":2.499}},{"type":"Feature","geometry":{"type":"Polygon","coordinates":[[[2.00395,6.58631],[1.99635,6.58631],[1.99635,6.59347],[1.99683,6.59298],[2.00395,6.58631]]]},"properties":{"region":"Atlantique","district":"Kpomassè","floods_1m":1,"floods_2m":1,"floods_3m":1,"first_flood_m":1,"nests":true,"area_km2":0.332}},{"type":"Feature","geometry":{"type":"Polygon","coordinates":[[[2.01061,6.5578],[1.99635,6.5578],[1.99635,6.57206],[2.01061,6.57206],[2.01061,6.5578]]]},"properties":{"region":"Atlantique","district":"Kpomassè","floods_1m":0,"floods_2m":0,"floods_3m":1,"first_flood_m":3,"nests":true,"area_km2":2.498}},{"type":"Feature","geometry":{"type":"Polygon","coordinates":[[[1.99635,6.35819],[1.9821,6.35819],[1.9821,6.37244],[1.99635,6.37244],[1.99635,6.35819]]]},"properties":{"region":"Atlantique","district":"Kpomassè","floods_1m":0,"floods_2m":1,"floods_3m":1,"first_flood_m":2,"nests":true,"area_km2":2.495}},{"type":"Feature","geometry":{"type":"Polygon","coordinates":[[[2.06764,6.33708],[2.06545,6.33381],[2.05732,6.32967],[2.05339,6.32967],[2.05339,6.33145],[2.05339,6.34393],[2.06764,6.34393],[2.06764,6.33708]]]},"properties":{"region":"Atlantique","district":"Kpomassè","floods_1m":1,"floods_2m":1,"floods_3m":1,"first_flood_m":1,"nests":true,"area_km2":2.135}},{"type":"Feature","geometry":{"type":"Polygon","coordinates":[[[1.96784,6.35819],[1.96784,6.35027],[1.96583,6.35361],[1.96406,6.35819],[1.96784,6.35819]]]},"properties":{"region":"Atlantique","district":"Kpomassè","floods_1m":1,"floods_2m":1,"floods_3m":1,"first_flood_m":1,"nests":true,"area_km2":0.204}},{"type":"Feature","geometry":{"type":"Polygon","coordinates":[[[1.9821,6.37244],[1.96784,6.37244],[1.96784,6.3867],[1.9821,6.3867],[1.9821,6.37244]]]},"properties":{"region":"Atlantique","district":"Kpomassè","floods_1m":0,"floods_2m":0,"floods_3m":1,"first_flood_m":3,"nests":true,"area_km2":2.499}},{"type":"Feature","geometry":{"type":"Polygon","coordinates":[[[2.01061,6.52928],[1.99635,6.52928],[1.99635,6.53387],[1.99639,6.53472],[1.99635,6.5351],[1.99635,6.54354],[2.01061,6.54354],[2.01061,6.52928]]]},"properties":{"region":"Atlantique","district":"Kpomassè","floods_1m":1,"floods_2m":1,"floods_3m":1,"first_flood_m":1,"nests":true,"area_km2":2.498}},{"type":"Feature","geometry":{"type":"Polygon","coordinates":[[[1.99635,6.5578],[1.99245,6.5578],[1.99056,6.56361],[1.99083,6.56972],[1.99048,6.57206],[1.99635,6.57206],[1.99635,6.5578]]]},"properties":{"region":"Atlantique","district":"Kpomassè","floods_1m":1,"floods_2m":1,"floods_3m":1,"first_flood_m":1,"nests":true,"area_km2":0.934}},{"type":"Feature","geometry":{"type":"Polygon","coordinates":[[[1.99635,6.48651],[1.99142,6.48651],[1.99222,6.48972],[1.99306,6.49583],[1.99395,6.50077],[1.99635,6.50077],[1.99635,6.48651]]]},"properties":{"region":"Atlantique","district":"Kpomassè","floods_1m":1,"floods_2m":1,"floods_3m":1,"first_flood_m":1,"nests":true,"area_km2":0.63}},{"type":"Feature","geometry":{"type":"Polygon","coordinates":[[[2.03913,6.32455],[2.03763,6.32435],[2.02487,6.3263],[2.02487,6.32967],[2.03913,6.32967],[2.03913,6.32455]]]},"properties":{"region":"Atlantique","district":"Kpomassè","floods_1m":1,"floods_2m":1,"floods_3m":1,"first_flood_m":1,"nests":true,"area_km2":0.778}},{"type":"Feature","geometry":{"type":"Polygon","coordinates":[[[2.05339,6.35819],[2.03913,6.35819],[2.03913,6.37244],[2.05339,6.37244],[2.05339,6.35819]]]},"properties":{"region":"Atlantique","district":"Kpomassè","floods_1m":0,"floods_2m":0,"floods_3m":1,"first_flood_m":3,"nests":true,"area_km2":2.497}},{"type":"Feature","geometry":{"type":"Polygon","coordinates":[[[2.07158,6.34393],[2.06764,6.34393],[2.06764,6.35819],[2.07174,6.35819],[2.07298,6.35078],[2.07158,6.34393]]]},"properties":{"region":"Atlantique","district":"Kpomassè","floods_1m":0,"floods_2m":1,"floods_3m":1,"first_flood_m":2,"nests":true,"area_km2":0.82}},{"type":"Feature","geometry":{"type":"Polygon","coordinates":[[[2.02487,6.3263],[2.02105,6.32689],[2.01061,6.32757],[2.01061,6.32967],[2.02487,6.32967],[2.02487,6.3263]]]},"properties":{"region":"Atlantique","district":"Kpomassè","floods_1m":1,"floods_2m":1,"floods_3m":1,"first_flood_m":1,"nests":true,"area_km2":0.457}},{"type":"Feature","geometry":{"type":"Polygon","coordinates":[[[2.02487,6.34393],[2.01061,6.34393],[2.01061,6.35819],[2.02487,6.35819],[2.02487,6.34393]]]},"properties":{"region":"Atlantique","district":"Kpomassè","floods_1m":1,"floods_2m":1,"floods_3m":1,"first_flood_m":1,"nests":true,"area_km2":2.499}},{"type":"Feature","geometry":{"type":"Polygon","coordinates":[[[1.99635,6.50077],[1.99395,6.50077],[1.99417,6.50195],[1.99556,6.5075],[1.99583,6.51417],[1.99587,6.51502],[1.99635,6.51502],[1.99635,6.50077]]]},"properties":{"region":"Atlantique","district":"Kpomassè","floods_1m":1,"floods_2m":1,"floods_3m":1,"first_flood_m":1,"nests":true,"area_km2":0.193}},{"type":"Feature","geometry":{"type":"Polygon","coordinates":[[[2.00395,6.58631],[2.00882,6.58176],[2.01061,6.57852],[2.01061,6.57206],[1.99635,6.57206],[1.99635,6.58631],[2.00395,6.58631]]]},"properties":{"region":"Atlantique","district":"Kpomassè","floods_1m":1,"floods_2m":1,"floods_3m":1,"first_flood_m":1,"nests":true,"area_km2":2.224}},{"type":"Feature","geometry":{"type":"Polygon","coordinates":[[[2.01061,6.50077],[1.99635,6.50077],[1.99635,6.51502],[2.01061,6.51502],[2.01061,6.50077]]]},"properties":{"region":"Atlantique","district":"Kpomassè","floods_1m":1,"floods_2m":1,"floods_3m":1,"first_flood_m":1,"nests":true,"area_km2":2.496}},{"type":"Feature","geometry":{"type":"Polygon","coordinates":[[[1.99635,6.51502],[1.99587,6.51502],[1.99611,6.52111],[1.99611,6.52778],[1.99617,6.52928],[1.99635,6.52928],[1.99635,6.51502]]]},"properties":{"region":"Atlantique","district":"Kpomassè","floods_1m":1,"floods_2m":1,"floods_3m":1,"first_flood_m":1,"nests":true,"area_km2":0.05}},{"type":"Feature","geometry":{"type":"Polygon","coordinates":[[[1.96784,6.35819],[1.96406,6.35819],[1.96389,6.35861],[1.9625,6.36389],[1.96139,6.36944],[1.96064,6.37244],[1.96784,6.37244],[1.96784,6.35819]]]},"properties":{"region":"Atlantique","district":"Kpomassè","floods_1m":1,"floods_2m":1,"floods_3m":1,"first_flood_m":1,"nests":true,"area_km2":0.975}},{"type":"Feature","geometry":{"type":"Polygon","coordinates":[[[1.99635,6.34393],[1.9821,6.34393],[1.9821,6.35819],[1.99635,6.35819],[1.99635,6.34393]]]},"properties":{"region":"Atlantique","district":"Kpomassè","floods_1m":1,"floods_2m":1,"floods_3m":1,"first_flood_m":1,"nests":true,"area_km2":2.497}},{"type":"Feature","geometry":{"type":"Polygon","coordinates":[[[2.02487,6.32967],[2.01061,6.32967],[2.01061,6.33145],[2.01061,6.34393],[2.02487,6.34393],[2.02487,6.33145],[2.02487,6.32967]]]},"properties":{"region":"Atlantique","district":"Kpomassè","floods_1m":1,"floods_2m":1,"floods_3m":1,"first_flood_m":1,"nests":true,"area_km2":2.499}},{"type":"Feature","geometry":{"type":"Polygon","coordinates":[[[2.19597,6.3867],[2.18171,6.3867],[2.18171,6.40096],[2.19597,6.40096],[2.19597,6.3867]]]},"properties":{"region":"Atlantique","district":"Ouidah","floods_1m":1,"floods_2m":1,"floods_3m":1,"first_flood_m":1,"nests":true,"area_km2":2.499}},{"type":"Feature","geometry":{"type":"Polygon","coordinates":[[[2.13893,6.33042],[2.13875,6.33042],[2.13875,6.33014],[2.13847,6.33014],[2.13847,6.33042],[2.13542,6.33042],[2.13542,6.33014],[2.13458,6.33014],[2.13458,6.32986],[2.13208,6.32986],[2.13208,6.32967],[2.12903,6.32967],[2.12903,6.32986],[2.12875,6.32986],[2.12875,6.32967],[2.12468,6.32967],[2.12468,6.33145],[2.12468,6.34393],[2.13893,6.34393],[2.13893,6.33042]]]},"properties":{"region":"Atlantique","district":"Ouidah","floods_1m":1,"floods_2m":1,"floods_3m":1,"first_flood_m":1,"nests":true,"area_km2":2.454}},{"type":"Feature","geometry":{"type":"Polygon","coordinates":[[[2.0819,6.32967],[2.06764,6.32967],[2.06764,6.33145],[2.06764,6.33708],[2.07129,6.34249],[2.07158,6.34393],[2.0819,6.34393],[2.0819,6.33145],[2.0819,6.32967]]]},"properties":{"region":"Atlantique","district":"Ouidah","floods_1m":1,"floods_2m":1,"floods_3m":1,"first_flood_m":1,"nests":true,"area_km2":2.31}},{"type":"Feature","geometry":{"type":"Polygon","coordinates":[[[2.23874,6.35473],[2.23874,6.34393],[2.22448,6.34393],[2.22448,6.35819],[2.23547,6.35819],[2.23874,6.35473]]]},"properties":{"region":"Atlantique","district":"Ouidah","floods_1m":1,"floods_2m":1,"floods_3m":1,"first_flood_m":1,"nests":true,"area_km2":2.429}},{"type":"Feature","geometry":{"type":"Polygon","coordinates":[[[2.18171,6.42436],[2.18171,6.41522],[2.16745,6.41522],[2.16745,6.42948],[2.17517,6.42948],[2.17864,6.42546],[2.18171,6.42436]]]},"properties":{"region":"Atlantique","district":"Ouidah","floods_1m":1,"floods_2m":1,"floods_3m":1,"first_flood_m":1,"nests":true,"area_km2":2.24}},{"type":"Feature","geometry":{"type":"Polygon","coordinates":[[[2.19597,6.3368],[2.19458,6.3368],[2.19458,6.33653],[2.19375,6.33653],[2.19375,6.33625],[2.18931,6.33625],[2.18931,6.33597],[2.18847,6.33597],[2.18847,6.33625],[2.18708,6.33625],[2.18708,6.33597],[2.18597,6.33597],[2.18597,6.33569],[2.18486,6.33569],[2.18486,6.33597],[2.18403,6.33597],[2.18403,6.33569],[2.18292,6.33569],[2.18292,6.33542],[2.18171,6.33542],[2.18171,6.34393],[2.19597,6.34393],[2.19597,6.3368]]]},"properties":{"region":"Atlantique","district":"Ouidah","floods_1m":1,"floods_2m":1,"floods_3m":1,"first_flood_m":1,"nests":true,"area_km2":1.371}},{"type":"Feature","geometry":{"type":"Polygon","coordinates":[[[2.16745,6.37244],[2.15319,6.37244],[2.15319,6.3867],[2.16745,6.3867],[2.16745,6.37244]]]},"properties":{"region":"Atlantique","district":"Ouidah","floods_1m":1,"floods_2m":1,"floods_3m":1,"first_flood_m":1,"nests":true,"area_km2":2.499}},{"type":"Feature","geometry":{"type":"Polygon","coordinates":[[[2.12468,6.42948],[2.11042,6.42948],[2.11042,6.44373],[2.12468,6.44373],[2.12468,6.42948]]]},"properties":{"region":"Atlantique","district":"Ouidah","floods_1m":0,"floods_2m":1,"floods_3m":1,"first_flood_m":2,"nests":true,"area_km2":2.497}},{"type":"Feature","geometry":{"type":"Polygon","coordinates":[[[2.11042,6.35819],[2.09616,6.35819],[2.09616,6.37244],[2.11042,6.37244],[2.11042,6.35819]]]},"properties":{"region":"Atlantique","district":"Ouidah","floods_1m":1,"floods_2m":1,"floods_3m":1,"first_flood_m":1,"nests":true,"area_km2":2.497}},{"type":"Feature","geometry":{"type":"MultiPolygon","coordinates":[[[[1.99635,6.31097],[1.99486,6.31097],[1.99486,6.3107],[1.99319,6.31069],[1.99319,6.31042],[1.99264,6.31042],[1.99264,6.31014],[1.99236,6.31014],[1.99236,6.30958],[1.99208,6.30958],[1.99208,6.30931],[1.99097,6.30931],[1.99097,6.30958],[1.99069,6.30958],[1.99069,6.30986],[1.99042,6.30986],[1.99042,6.31014],[1.98958,6.31014],[1.98958,6.30986],[1.98931,6.30986],[1.98931,6.30958],[1.98847,6.30958],[1.98847,6.30931],[1.98764,6.30931],[1.98764,6.30958],[1.98632,6.30958],[1.98514,6.30958],[1.98514,6.30931],[1.98486,6.30931],[1.98486,6.30903],[1.98319,6.30903],[1.98319,6.30931],[1.98292,6.30931],[1.98292,6.30958],[1.98236,6.30958],[1.98236,6.30986],[1.9821,6.30986],[1.9821,6.31125],[1.98319,6.31125],[1.98319,6.31097],[1.98458,6.31097],[1.98458,6.31069],[1.98535,6.31069],[1.98542,6.31042],[1.98556,6.31042],[1.98653,6.31042],[1.98653,6.31069],[1.98708,6.31069],[1.98708,6.31097],[1.98764,6.31097],[1.98764,6.31125],[1.98792,6.31125],[1.98792,6.31236],[1.98875,6.31236],[1.98875,6.31264],[1.99042,6.31264],[1.99042,6.31292],[1.99097,6.31292],[1.99097,6.31319],[1.99125,6.31319],[1.99125,6.31347],[1.9918,6.31347],[1.9918,6.31375],[1.99208,6.31375],[1.99208,6.31403],[1.99236,6.31403],[1.99236,6.31431],[1.99292,6.31431],[1.99292,6.31458],[1.99347,6.31458],[1.99347,6.31486],[1.99375,6.31486],[1.99375,6.31514],[1.99403,6.31514],[1.99403,6.31541],[1.99635,6.31541],[1.99635,6.31097]]],[[[1.98427,6.3118],[1.98389,6.31222],[1.9821,6.31342],[1.9821,6.31541],[1.99097,6.31541],[1.99097,6.31514],[1.9918,6.31514],[1.9918,6.31458],[1.99153,6.31458],[1.99153,6.31431],[1.99125,6.31431],[1.99125,6.31403],[1.99069,6.31403],[1.99069,6.31375],[1.99014,6.31375],[1.99014,6.31347],[1.98875,6.31347],[1.98875,6.31319],[1.98764,6.31319],[1.98764,6.31292],[1.98736,6.31292],[1.98736,6.31236],[1.98708,6.31236],[1.98708,6.31153],[1.98625,6.31153],[1.98625,6.31125],[1.98542,6.31125],[1.98542,6.31153],[1.98458,6.31153],[1.98458,6.3118],[1.98427,6.3118]]],[[[1.99635,6.30597],[1.99625,6.30597],[1.99625,6.3057],[1.99597,6.3057],[1.99597,6.30542],[1.99569,6.30542],[1.99569,6.30514],[1.99403,6.30514],[1.99403,6.30486],[1.98947,6.30486],[1.98931,6.30486],[1.98931,6.30458],[1.98653,6.30458],[1.98653,6.30431],[1.98597,6.30431],[1.98597,6.30403],[1.98542,6.30403],[1.98542,6.30375],[1.98431,6.30375],[1.98431,6.30347],[1.98236,6.30347],[1.98236,6.3032],[1.9821,6.3032],[1.9821,6.30708],[1.98236,6.30708],[1.98236,6.30681],[1.98431,6.30681],[1.98431,6.30708],[1.98458,6.30708],[1.98458,6.30736],[1.98797,6.30736],[1.98986,6.30736],[1.98986,6.30708],[1.99069,6.30708],[1.99069,6.30736],[1.99125,6.30736],[1.99125,6.30764],[1.99264,6.30764],[1.99264,6.30792],[1.99292,6.30792],[1.99292,6.3082],[1.99319,6.3082],[1.99319,6.30903],[1.99347,6.30903],[1.99347,6.30958],[1.99514,6.30958],[1.99514,6.30986],[1.99635,6.30986],[1.99635,6.30597]]]]},"properties":{"region":"Atlantique","district":"Ouidah","floods_1m":1,"floods_2m":1,"floods_3m":1,"first_flood_m":1,"nests":true,"area_km2":1.393}},{"type":"Feature","geometry":{"type":"Polygon","coordinates":[[[2.21022,6.41522],[2.19597,6.41522],[2.19597,6.42912],[2.19657,6.42948],[2.21022,6.42948],[2.21022,6.41522]]]},"properties":{"region":"Atlantique","district":"Ouidah","floods_1m":1,"floods_2m":1,"floods_3m":1,"first_flood_m":1,"nests":true,"area_km2":2.495}},{"type":"Feature","geometry":{"type":"Polygon","coordinates":[[[2.16745,6.3867],[2.15319,6.3867],[2.15319,6.40096],[2.16745,6.40096],[2.16745,6.3867]]]},"properties":{"region":"Atlantique","district":"Ouidah","floods_1m":1,"floods_2m":1,"floods_3m":1,"first_flood_m":1,"nests":true,"area_km2":2.499}},{"type":"Feature","geometry":{"type":"Polygon","coordinates":[[[2.13893,6.37244],[2.12468,6.37244],[2.12468,6.3867],[2.13893,6.3867],[2.13893,6.37244]]]},"properties":{"region":"Atlantique","district":"Ouidah","floods_1m":0,"floods_2m":0,"floods_3m":1,"first_flood_m":3,"nests":true,"area_km2":2.497}},{"type":"Feature","geometry":{"type":"Polygon","coordinates":[[[2.12468,6.32847],[2.12264,6.32847],[2.12264,6.3282],[2.1207,6.3282],[2.1207,6.32847],[2.1193,6.32847],[2.1193,6.3282],[2.11903,6.3282],[2.11903,6.32764],[2.11875,6.32764],[2.11875,6.32736],[2.11792,6.32736],[2.11792,6.32764],[2.11736,6.32764],[2.11736,6.32736],[2.11625,6.32736],[2.11625,6.32708],[2.11236,6.32708],[2.11236,6.32681],[2.11208,6.32681],[2.11208,6.32708],[2.11097,6.32708],[2.11097,6.32681],[2.11042,6.32681],[2.11042,6.32967],[2.12468,6.32967],[2.12468,6.32847]]]},"properties":{"region":"Atlantique","district":"Ouidah","floods_1m":1,"floods_2m":1,"floods_3m":1,"first_flood_m":1,"nests":true,"area_km2":0.355}},{"type":"Feature","geometry":{"type":"Polygon","coordinates":[[[2.0819,6.32153],[2.08153,6.32153],[2.08153,6.32125],[2.08042,6.32125],[2.08042,6.32097],[2.07819,6.32097],[2.07819,6.32069],[2.07736,6.32069],[2.07736,6.32042],[2.07708,6.32042],[2.07708,6.32014],[2.07514,6.32014],[2.07514,6.31986],[2.07431,6.31986],[2.07431,6.31958],[2.07375,6.31958],[2.07375,6.31931],[2.0732,6.31931],[2.0732,6.31958],[2.07181,6.31958],[2.07181,6.31931],[2.07125,6.31931],[2.07125,6.31903],[2.06903,6.31903],[2.06903,6.31875],[2.0682,6.31875],[2.0682,6.31847],[2.06764,6.31847],[2.06764,6.32967],[2.0819,6.32967],[2.0819,6.32153]]]},"properties":{"region":"Atlantique","district":"Ouidah","floods_1m":1,"floods_2m":1,"floods_3m":1,"first_flood_m":1,"nests":true,"area_km2":1.703}},{"type":"Feature","geometry":{"type":"Polygon","coordinates":[[[2.12468,6.41522],[2.11042,6.41522],[2.11042,6.42948],[2.12468,6.42948],[2.12468,6.41522]]]},"properties":{"region":"Atlantique","district":"Ouidah","floods_1m":1,"floods_2m":1,"floods_3m":1,"first_flood_m":1,"nests":true,"area_km2":2.498}},{"type":"Feature","geometry":{"type":"Polygon","coordinates":[[[1.96784,6.30681],[1.96784,6.30236],[1.96681,6.30236],[1.96681,6.30264],[1.96375,6.30264],[1.96375,6.30236],[1.96264,6.30236],[1.96264,6.30208],[1.96153,6.30208],[1.96153,6.30181],[1.96014,6.30181],[1.96014,6.30153],[1.95958,6.30153],[1.95958,6.30125],[1.95931,6.30125],[1.95931,6.30153],[1.95819,6.30153],[1.95819,6.30181],[1.95847,6.30181],[1.95847,6.30208],[1.95875,6.30208],[1.95875,6.30236],[1.95958,6.30236],[1.95958,6.30264],[1.96153,6.30264],[1.96153,6.30292],[1.9618,6.30292],[1.9618,6.30375],[1.96208,6.30375],[1.96208,6.30431],[1.96236,6.30431],[1.96236,6.30514],[1.96264,6.30514],[1.96264,6.3057],[1.96292,6.3057],[1.96292,6.30653],[1.96319,6.30653],[1.96319,6.30681],[1.96347,6.30681],[1.96347,6.30708],[1.96431,6.30708],[1.96431,6.30736],[1.96486,6.30736],[1.96486,6.30708],[1.96681,6.30708],[1.96681,6.30681],[1.96784,6.30681]]]},"properties":{"region":"Atlantique","district":"Ouidah","floods_1m":1,"floods_2m":1,"floods_3m":1,"first_flood_m":1,"nests":true,"area_km2":0.343}},{"type":"Feature","geometry":{"type":"Polygon","coordinates":[[[2.09616,6.32967],[2.0819,6.32967],[2.0819,6.33145],[2.0819,6.34393],[2.09616,6.34393],[2.09616,6.33145],[2.09616,6.32967]]]},"properties":{"region":"Atlantique","district":"Ouidah","floods_1m":1,"floods_2m":1,"floods_3m":1,"first_flood_m":1,"nests":true,"area_km2":2.499}},{"type":"Feature","geometry":{"type":"Polygon","coordinates":[[[2.11042,6.42948],[2.09616,6.42948],[2.09616,6.44373],[2.11042,6.44373],[2.11042,6.42948]]]},"properties":{"region":"Atlantique","district":"Ouidah","floods_1m":0,"floods_2m":0,"floods_3m":1,"first_flood_m":3,"nests":true,"area_km2":2.497}},{"type":"Feature","geometry":{"type":"Polygon","coordinates":[[[2.05339,6.31569],[2.04958,6.31569],[2.04958,6.31542],[2.04903,6.31542],[2.04903,6.31541],[2.03913,6.31541],[2.03913,6.32455],[2.05007,6.32598],[2.05339,6.32767],[2.05339,6.31569]]]},"properties":{"region":"Atlantique","district":"Ouidah","floods_1m":1,"floods_2m":1,"floods_3m":1,"first_flood_m":1,"nests":true,"area_km2":1.777}},{"type":"Feature","geometry":{"type":"Polygon","coordinates":[[[2.12468,6.32967],[2.11042,6.32967],[2.11042,6.33145],[2.11042,6.34393],[2.12468,6.34393],[2.12468,6.33145],[2.12468,6.32967]]]},"properties":{"region":"Atlantique","district":"Ouidah","floods_1m":1,"floods_2m":1,"floods_3m":1,"first_flood_m":1,"nests":true,"area_km2":2.499}},{"type":"Feature","geometry":{"type":"Polygon","coordinates":[[[2.13893,6.34393],[2.12468,6.34393],[2.12468,6.35819],[2.13893,6.35819],[2.13893,6.34393]]]},"properties":{"region":"Atlantique","district":"Ouidah","floods_1m":1,"floods_2m":1,"floods_3m":1,"first_flood_m":1,"nests":true,"area_km2":2.497}},{"type":"Feature","geometry":{"type":"Polygon","coordinates":[[[1.9821,6.31541],[1.97974,6.31541],[1.98,6.32167],[1.98,6.32276],[1.9821,6.32378],[1.9821,6.31541]]]},"properties":{"region":"Atlantique","district":"Ouidah","floods_1m":1,"floods_2m":1,"floods_3m":1,"first_flood_m":1,"nests":true,"area_km2":0.213}},{"type":"Feature","geometry":{"type":"Polygon","coordinates":[[[2.09616,6.32403],[2.09347,6.32403],[2.09347,6.32375],[2.09125,6.32375],[2.09125,6.32347],[2.09042,6.32347],[2.09042,6.32319],[2.08875,6.32319],[2.08875,6.32292],[2.08736,6.32292],[2.08736,6.32264],[2.08597,6.32264],[2.08597,6.32236],[2.08514,6.32236],[2.08514,6.32208],[2.08431,6.32208],[2.08431,6.32181],[2.08347,6.32181],[2.08347,6.32153],[2.0819,6.32153],[2.0819,6.32967],[2.09616,6.32967],[2.09616,6.32403]]]},"properties":{"region":"Atlantique","district":"Ouidah","floods_1m":1,"floods_2m":1,"floods_3m":1,"first_flood_m":1,"nests":true,"area_km2":1.17}},{"type":"Feature","geometry":{"type":"Polygon","coordinates":[[[2.16745,6.40096],[2.15319,6.40096],[2.15319,6.41522],[2.16745,6.41522],[2.16745,6.40096]]]},"properties":{"region":"Atlantique","district":"Ouidah","floods_1m":1,"floods_2m":1,"floods_3m":1,"first_flood_m":1,"nests":true,"area_km2":2.499}},{"type":"Feature","geometry":{"type":"Polygon","coordinates":[[[2.18171,6.40096],[2.16745,6.40096],[2.16745,6.41522],[2.18171,6.41522],[2.18171,6.40096]]]},"properties":{"region":"Atlantique","district":"Ouidah","floods_1m":1,"floods_2m":1,"floods_3m":1,"first_flood_m":1,"nests":true,"area_km2":2.499}},{"type":"Feature","geometry":{"type":"Polygon","coordinates":[[[2.19597,6.35819],[2.18171,6.35819],[2.18171,6.37244],[2.19597,6.37244],[2.19597,6.35819]]]},"properties":{"region":"Atlantique","district":"Ouidah","floods_1m":1,"floods_2m":1,"floods_3m":1,"first_flood_m":1,"nests":true,"area_km2":2.497}},{"type":"Feature","geometry":{"type":"Polygon","coordinates":[[[2.21022,6.40096],[2.19597,6.40096],[2.19597,6.41522],[2.21022,6.41522],[2.21022,6.40096]]]},"properties":{"region":"Atlantique","district":"Ouidah","floods_1m":1,"floods_2m":1,"floods_3m":1,"first_flood_m":1,"nests":true,"area_km2":2.497}},{"type":"Feature","geometry":{"type":"Polygon","coordinates":[[[2.19597,6.40096],[2.18171,6.40096],[2.18171,6.41522],[2.19597,6.41522],[2.19597,6.40096]]]},"properties":{"region":"Atlantique","district":"Ouidah","floods_1m":1,"floods_2m":1,"floods_3m":1,"first_flood_m":1,"nests":true,"area_km2":2.499}},{"type":"Feature","geometry":{"type":"MultiPolygon","coordinates":[[[[1.99635,6.31819],[1.99569,6.31819],[1.99569,6.31792],[1.99486,6.31792],[1.99486,6.31764],[1.99458,6.31764],[1.99458,6.31736],[1.99431,6.31736],[1.99431,6.31708],[1.99403,6.31708],[1.99403,6.31681],[1.99375,6.31681],[1.99375,6.31653],[1.99347,6.31653],[1.99347,6.31597],[1.99264,6.31597],[1.99264,6.31625],[1.99208,6.31625],[1.99208,6.31597],[1.99097,6.31597],[1.99097,6.31569],[1.99069,6.31569],[1.99069,6.31542],[1.99097,6.31542],[1.99097,6.31541],[1.9821,6.31541],[1.9821,6.32378],[1.98871,6.32697],[1.99635,6.32772],[1.99635,6.31819]]],[[[1.99635,6.31736],[1.99635,6.31541],[1.99403,6.31541],[1.99403,6.31569],[1.99431,6.31569],[1.99431,6.31653],[1.99458,6.31653],[1.99458,6.31681],[1.99514,6.31681],[1.99514,6.31708],[1.99569,6.31708],[1.99569,6.31736],[1.99635,6.31736]]]]},"properties":{"region":"Atlantique","district":"Ouidah","floods_1m":1,"floods_2m":1,"floods_3m":1,"first_flood_m":1,"nests":true,"area_km2":1.875}},{"type":"Feature","geometry":{"type":"Polygon","coordinates":[[[2.12468,6.34393],[2.11042,6.34393],[2.11042,6.35819],[2.12468,6.35819],[2.12468,6.34393]]]},"properties":{"region":"Atlantique","district":"Ouidah","floods_1m":1,"floods_2m":1,"floods_3m":1,"first_flood_m":1,"nests":true,"area_km2":2.499}},{"type":"Feature","geometry":{"type":"Polygon","coordinates":[[[2.02487,6.3107],[2.02458,6.3107],[2.02458,6.31097],[2.02319,6.31097],[2.02319,6.3107],[2.02236,6.31069],[2.02236,6.31042],[2.02153,6.31042],[2.02153,6.31014],[2.02125,6.31014],[2.02125,6.30986],[2.02042,6.30986],[2.02042,6.30958],[2.0193,6.30958],[2.0193,6.30986],[2.01875,6.30986],[2.01875,6.30958],[2.01819,6.30958],[2.01819,6.30931],[2.01708,6.30931],[2.01708,6.30958],[2.01653,6.30958],[2.01653,6.30931],[2.01542,6.30931],[2.01542,6.30903],[2.01347,6.30903],[2.01347,6.30875],[2.01236,6.30875],[2.01236,6.30903],[2.01125,6.30903],[2.01125,6.30875],[2.01097,6.30875],[2.01097,6.30847],[2.01061,6.30847],[2.01061,6.31541],[2.02487,6.31541],[2.02487,6.3107]]]},"properties":{"region":"Atlantique","district":"Ouidah","floods_1m":1,"floods_2m":1,"floods_3m":1,"first_flood_m":1,"nests":true,"area_km2":1.014}},{"type":"Feature","geometry":{"type":"Polygon","coordinates":[[[2.09616,6.34393],[2.0819,6.34393],[2.0819,6.35819],[2.09616,6.35819],[2.09616,6.34393]]]},"properties":{"region":"Atlantique","district":"Ouidah","floods_1m":1,"floods_2m":1,"floods_3m":1,"first_flood_m":1,"nests":true,"area_km2":2.499}},{"type":"Feature","geometry":{"type":"Polygon","coordinates":[[[2.22448,6.34014],[2.22375,6.34014],[2.22375,6.33986],[2.22097,6.33986],[2.22097,6.33958],[2.21875,6.33958],[2.21875,6.3393],[2.21458,6.3393],[2.21458,6.33903],[2.21264,6.33903],[2.21264,6.33875],[2.21236,6.33875],[2.21236,6.33903],[2.21208,6.33903],[2.21208,6.33958],[2.21181,6.33958],[2.21181,6.33986],[2.21153,6.33986],[2.21153,6.33958],[2.21097,6.33958],[2.21097,6.3393],[2.21069,6.3393],[2.21069,6.33875],[2.21022,6.33875],[2.21022,6.34393],[2.22448,6.34393],[2.22448,6.34014]]]},"properties":{"region":"Atlantique","district":"Ouidah","floods_1m":1,"floods_2m":1,"floods_3m":1,"first_flood_m":1,"nests":true,"area_km2":0.785}},{"type":"Feature","geometry":{"type":"Polygon","coordinates":[[[2.219,6.3867],[2.21022,6.3867],[2.21022,6.40096],[2.22294,6.40096],[2.21954,6.39052],[2.219,6.3867]]]},"properties":{"region":"Atlantique","district":"Ouidah","floods_1m":1,"floods_2m":1,"floods_3m":1,"first_flood_m":1,"nests":true,"area_km2":1.838}},{"type":"Feature","geometry":{"type":"Polygon","coordinates":[[[2.01061,6.32757],[2.01061,6.31541],[1.99635,6.31541],[1.99635,6.31736],[1.99819,6.31736],[1.99819,6.31764],[1.99847,6.31764],[1.99847,6.31792],[1.99819,6.31792],[1.99819,6.31819],[1.99792,6.31819],[1.99792,6.31847],[1.99708,6.31847],[1.99708,6.31819],[1.99635,6.31819],[1.99635,6.32772],[2.00115,6.32819],[2.01061,6.32757]]]},"properties":{"region":"Atlantique","district":"Ouidah","floods_1m":1,"floods_2m":1,"floods_3m":1,"first_flood_m":1,"nests":true,"area_km2":2.167}},{"type":"Feature","geometry":{"type":"Polygon","coordinates":[[[2.15319,6.35819],[2.13893,6.35819],[2.13893,6.37244],[2.15319,6.37244],[2.15319,6.35819]]]},"properties":{"region":"Atlantique","district":"Ouidah","floods_1m":0,"floods_2m":1,"floods_3m":1,"first_flood_m":2,"nests":true,"area_km2":2.497}},{"type":"Feature","geometry":{"type":"Polygon","coordinates":[[[2.18171,6.35819],[2.16745,6.35819],[2.16745,6.37244],[2.18171,6.37244],[2.18171,6.35819]]]},"properties":{"region":"Atlantique","district":"Ouidah","floods_1m":1,"floods_2m":1,"floods_3m":1,"first_flood_m":1,"nests":true,"area_km2":2.497}},{"type":"Feature","geometry":{"type":"Polygon","coordinates":[[[2.11042,6.34393],[2.09616,6.34393],[2.09616,6.35819],[2.11042,6.35819],[2.11042,6.34393]]]},"properties":{"region":"Atlantique","district":"Ouidah","floods_1m":1,"floods_2m":1,"floods_3m":1,"first_flood_m":1,"nests":true,"area_km2":2.499}},{"type":"Feature","geometry":{"type":"Polygon","coordinates":[[[2.18171,6.3867],[2.16745,6.3867],[2.16745,6.40096],[2.18171,6.40096],[2.18171,6.3867]]]},"properties":{"region":"Atlantique","district":"Ouidah","floods_1m":1,"floods_2m":1,"floods_3m":1,"first_flood_m":1,"nests":true,"area_km2":2.499}},{"type":"Feature","geometry":{"type":"Polygon","coordinates":[[[2.06764,6.31847],[2.06542,6.31847],[2.06542,6.31819],[2.06486,6.31819],[2.06486,6.31792],[2.06208,6.31792],[2.06208,6.31764],[2.0618,6.31764],[2.0618,6.31736],[2.06042,6.31736],[2.06042,6.31708],[2.05958,6.31708],[2.05958,6.31681],[2.05792,6.31681],[2.05792,6.31653],[2.05681,6.31653],[2.05681,6.31625],[2.05486,6.31625],[2.05486,6.31597],[2.05403,6.31597],[2.05403,6.31569],[2.05339,6.31569],[2.05339,6.32767],[2.05732,6.32967],[2.06764,6.32967],[2.06764,6.31847]]]},"properties":{"region":"Atlantique","district":"Ouidah","floods_1m":1,"floods_2m":1,"floods_3m":1,"first_flood_m":1,"nests":true,"area_km2":2.131}},{"type":"Feature","geometry":{"type":"Polygon","coordinates":[[[2.11042,6.32967],[2.09616,6.32967],[2.09616,6.33145],[2.09616,6.34393],[2.11042,6.34393],[2.11042,6.33145],[2.11042,6.32967]]]},"properties":{"region":"Atlantique","district":"Ouidah","floods_1m":1,"floods_2m":1,"floods_3m":1,"first_flood_m":1,"nests":true,"area_km2":2.499}},{"type":"Feature","geometry":{"type":"Polygon","coordinates":[[[2.09616,6.37244],[2.0819,6.37244],[2.0819,6.3867],[2.09616,6.3867],[2.09616,6.37244]]]},"properties":{"region":"Atlantique","district":"Ouidah","floods_1m":0,"floods_2m":1,"floods_3m":1,"first_flood_m":2,"nests":true,"area_km2":2.499}},{"type":"Feature","geometry":{"type":"Polygon","coordinates":[[[2.03913,6.31292],[2.03847,6.31292],[2.03847,6.31264],[2.0368,6.31264],[2.0368,6.31236],[2.03514,6.31236],[2.03514,6.31264],[2.03458,6.31264],[2.03458,6.31292],[2.03403,6.31292],[2.03403,6.31264],[2.03236,6.31264],[2.03236,6.31236],[2.03208,6.31236],[2.03208,6.31208],[2.03125,6.31208],[2.03125,6.3118],[2.03042,6.3118],[2.03042,6.31153],[2.02986,6.31153],[2.02986,6.31125],[2.02819,6.31125],[2.02819,6.31097],[2.02764,6.31097],[2.02764,6.31125],[2.02681,6.31125],[2.02681,6.31097],[2.02597,6.31097],[2.02597,6.3107],[2.02569,6.3107],[2.02569,6.31097],[2.02514,6.31097],[2.02514,6.3107],[2.02487,6.3107],[2.02487,6.31541],[2.03913,6.31541],[2.03913,6.31292]]]},"properties":{"region":"Atlantique","district":"Ouidah","floods_1m":1,"floods_2m":1,"floods_3m":1,"first_flood_m":1,"nests":true,"area_km2":0.605}},{"type":"Feature","geometry":{"type":"Polygon","coordinates":[[[2.253,6.34375],[2.25181,6.34375],[2.25181,6.34347],[2.25097,6.34347],[2.25097,6.34375],[2.25014,6.34375],[2.25014,6.34347],[2.24903,6.34347],[2.24903,6.34319],[2.24792,6.34319],[2.24792,6.34347],[2.24597,6.34347],[2.24597,6.34319],[2.24569,6.34319],[2.24569,6.34292],[2.24542,6.34292],[2.24542,6.34264],[2.24486,6.34264],[2.24486,6.34236],[2.24097,6.34236],[2.24097,6.34208],[2.24014,6.34208],[2.24014,6.34181],[2.23931,6.34181],[2.23931,6.34153],[2.23903,6.34153],[2.23903,6.34181],[2.23874,6.34181],[2.23874,6.34393],[2.253,6.34393],[2.253,6.34375]]]},"properties":{"region":"Atlantique","district":"Ouidah","floods_1m":1,"floods_2m":1,"floods_3m":1,"first_flood_m":1,"nests":true,"area_km2":0.183}},{"type":"Feature","geometry":{"type":"Polygon","coordinates":[[[2.16745,6.34393],[2.15319,6.34393],[2.15319,6.35819],[2.16745,6.35819],[2.16745,6.34393]]]},"properties":{"region":"Atlantique","district":"Ouidah","floods_1m":1,"floods_2m":1,"floods_3m":1,"first_flood_m":1,"nests":true,"area_km2":2.499}},{"type":"Feature","geometry":{"type":"Polygon","coordinates":[[[2.15319,6.40096],[2.13893,6.40096],[2.13893,6.41522],[2.15319,6.41522],[2.15319,6.40096]]]},"properties":{"region":"Atlantique","district":"Ouidah","floods_1m":1,"floods_2m":1,"floods_3m":1,"first_flood_m":1,"nests":true,"area_km2":2.499}},{"type":"Feature","geometry":{"type":"Polygon","coordinates":[[[2.06764,6.32967],[2.05732,6.32967],[2.06545,6.33381],[2.06764,6.33708],[2.06764,6.33145],[2.06764,6.32967]]]},"properties":{"region":"Atlantique","district":"Ouidah","floods_1m":1,"floods_2m":1,"floods_3m":1,"first_flood_m":1,"nests":true,"area_km2":0.362}},{"type":"Feature","geometry":{"type":"Polygon","coordinates":[[[2.01061,6.30847],[2.01042,6.30847],[2.01042,6.3082],[2.00903,6.3082],[2.00903,6.30792],[2.00736,6.30792],[2.00736,6.30764],[2.00681,6.30764],[2.0068,6.30736],[2.00653,6.30736],[2.00653,6.30764],[2.00597,6.30764],[2.00597,6.30736],[2.00514,6.30736],[2.00514,6.30708],[2.00486,6.30708],[2.00486,6.30681],[2.00319,6.30681],[2.00319,6.30708],[2.00181,6.30708],[2.00181,6.30681],[2.00069,6.30681],[2.00069,6.30653],[2.00042,6.30653],[2.00042,6.30625],[1.99986,6.30625],[1.99681,6.30625],[1.99681,6.30597],[1.99635,6.30597],[1.99635,6.30986],[1.99681,6.30986],[1.99681,6.30958],[1.99736,6.30958],[1.99736,6.30986],[1.99764,6.30986],[1.99764,6.31014],[1.99847,6.31014],[1.99847,6.31042],[1.99903,6.31042],[1.99903,6.31069],[2.00014,6.31069],[2.00069,6.31069],[2.00069,6.31097],[2.00125,6.31097],[2.00125,6.31069],[2.00208,6.31069],[2.00208,6.31014],[2.00236,6.31014],[2.00236,6.30986],[2.00264,6.30986],[2.00264,6.30958],[2.00292,6.30958],[2.00292,6.30986],[2.00319,6.30986],[2.00319,6.31014],[2.00347,6.31014],[2.00347,6.31069],[2.00319,6.3107],[2.00319,6.3118],[2.00264,6.3118],[2.00264,6.31208],[2.00042,6.31208],[2.00042,6.3118],[2.00014,6.3118],[2.00014,6.31153],[2.0,6.31153],[1.99986,6.31153],[1.99986,6.3118],[1.99875,6.3118],[1.99875,6.31153],[1.99819,6.31153],[1.99819,6.31125],[1.99736,6.31125],[1.99736,6.31097],[1.99635,6.31097],[1.99635,6.31541],[2.01061,6.31541],[2.01061,6.30847]]]},"properties":{"region":"Atlantique","district":"Ouidah","floods_1m":1,"floods_2m":1,"floods_3m":1,"first_flood_m":1,"nests":true,"area_km2":1.347}},{"type":"Feature","geometry":{"type":"Polygon","coordinates":[[[2.22448,6.3693],[2.22448,6.35819],[2.21022,6.35819],[2.21022,6.37244],[2.22215,6.37244],[2.22277,6.37103],[2.22448,6.3693]]]},"properties":{"region":"Atlantique","district":"Ouidah","floods_1m":1,"floods_2m":1,"floods_3m":1,"first_flood_m":1,"nests":true,"area_km2":2.444}},{"type":"Feature","geometry":{"type":"Polygon","coordinates":[[[2.15319,6.3867],[2.13893,6.3867],[2.13893,6.40096],[2.15319,6.40096],[2.15319,6.3867]]]},"properties":{"region":"Atlantique","district":"Ouidah","floods_1m":1,"floods_2m":1,"floods_3m":1,"first_flood_m":1,"nests":true,"area_km2":2.499}},{"type":"Feature","geometry":{"type":"Polygon","coordinates":[[[2.253,6.34404],[2.253,6.34393],[2.23874,6.34393],[2.23874,6.35473],[2.24299,6.35025],[2.253,6.34404]]]},"properties":{"region":"Atlantique","district":"Ouidah","floods_1m":1,"floods_2m":1,"floods_3m":1,"first_flood_m":1,"nests":true,"area_km2":0.843}},{"type":"Feature","geometry":{"type":"Polygon","coordinates":[[[2.21022,6.34393],[2.19597,6.34393],[2.19597,6.35819],[2.21022,6.35819],[2.21022,6.34393]]]},"properties":{"region":"Atlantique","district":"Ouidah","floods_1m":1,"floods_2m":1,"floods_3m":1,"first_flood_m":1,"nests":true,"area_km2":2.497}},{"type":"Feature","geometry":{"type":"Polygon","coordinates":[[[2.21022,6.37244],[2.19597,6.37244],[2.19597,6.3867],[2.21022,6.3867],[2.21022,6.37244]]]},"properties":{"region":"Atlantique","district":"Ouidah","floods_1m":1,"floods_2m":1,"floods_3m":1,"first_flood_m":1,"nests":true,"area_km2":2.497}},{"type":"Feature","geometry":{"type":"Polygon","coordinates":[[[2.16745,6.35819],[2.15319,6.35819],[2.15319,6.37244],[2.16745,6.37244],[2.16745,6.35819]]]},"properties":{"region":"Atlantique","district":"Ouidah","floods_1m":1,"floods_2m":1,"floods_3m":1,"first_flood_m":1,"nests":true,"area_km2":2.497}},{"type":"Feature","geometry":{"type":"Polygon","coordinates":[[[2.12468,6.35819],[2.11042,6.35819],[2.11042,6.37244],[2.12468,6.37244],[2.12468,6.35819]]]},"properties":{"region":"Atlantique","district":"Ouidah","floods_1m":1,"floods_2m":1,"floods_3m":1,"first_flood_m":1,"nests":true,"area_km2":2.497}},{"type":"Feature","geometry":{"type":"Polygon","coordinates":[[[2.15319,6.33208],[2.15125,6.33208],[2.15125,6.33181],[2.14931,6.33181],[2.14931,6.33208],[2.14903,6.33208],[2.14903,6.33236],[2.14875,6.33236],[2.14875,6.33208],[2.1482,6.33208],[2.1482,6.33181],[2.14792,6.33181],[2.14792,6.33153],[2.14625,6.33153],[2.14625,6.33145],[2.14625,6.33125],[2.14514,6.33125],[2.14514,6.33153],[2.14347,6.33153],[2.14347,6.33125],[2.14264,6.33125],[2.14264,6.33097],[2.14181,6.33097],[2.1418,6.3307],[2.14014,6.3307],[2.14014,6.33042],[2.13893,6.33042],[2.13893,6.34393],[2.15319,6.34393],[2.15319,6.33208]]]},"properties":{"region":"Atlantique","district":"Ouidah","floods_1m":1,"floods_2m":1,"floods_3m":1,"first_flood_m":1,"nests":true,"area_km2":2.19}},{"type":"Feature","geometry":{"type":"Polygon","coordinates":[[[2.03913,6.32455],[2.03913,6.31541],[2.02487,6.31541],[2.02487,6.3263],[2.03763,6.32435],[2.03913,6.32455]]]},"properties":{"region":"Atlantique","district":"Ouidah","floods_1m":1,"floods_2m":1,"floods_3m":1,"first_flood_m":1,"nests":true,"area_km2":1.721}},{"type":"Feature","geometry":{"type":"Polygon","coordinates":[[[2.11042,6.32681],[2.11014,6.32681],[2.11014,6.32653],[2.10986,6.32653],[2.10986,6.32625],[2.10903,6.32625],[2.10903,6.32653],[2.10847,6.32653],[2.10847,6.32625],[2.10764,6.32625],[2.10764,6.32597],[2.10542,6.32597],[2.10542,6.32569],[2.10319,6.32569],[2.10319,6.32542],[2.10264,6.32542],[2.10264,6.32514],[2.10208,6.32514],[2.10208,6.32542],[2.10181,6.32542],[2.10181,6.32514],[2.0993,6.32514],[2.0993,6.32486],[2.09903,6.32486],[2.09903,6.32458],[2.0982,6.32458],[2.0982,6.32431],[2.09764,6.32431],[2.09764,6.32458],[2.09708,6.32458],[2.09708,6.32431],[2.09625,6.32431],[2.09625,6.32403],[2.09616,6.32403],[2.09616,6.32967],[2.11042,6.32967],[2.11042,6.32681]]]},"properties":{"region":"Atlantique","district":"Ouidah","floods_1m":1,"floods_2m":1,"floods_3m":1,"first_flood_m":1,"nests":true,"area_km2":0.736}},{"type":"Feature","geometry":{"type":"Polygon","coordinates":[[[2.22215,6.37244],[2.21022,6.37244],[2.21022,6.3867],[2.219,6.3867],[2.21825,6.38141],[2.22215,6.37244]]]},"properties":{"region":"Atlantique","district":"Ouidah","floods_1m":1,"floods_2m":1,"floods_3m":1,"first_flood_m":1,"nests":true,"area_km2":1.646}},{"type":"Feature","geometry":{"type":"Polygon","coordinates":[[[2.16745,6.33403],[2.16736,6.33403],[2.16736,6.33375],[2.16681,6.33375],[2.16681,6.33347],[2.16569,6.33347],[2.16569,6.3332],[2.16403,6.3332],[2.16403,6.33292],[2.16208,6.33292],[2.16208,6.33264],[2.16125,6.33264],[2.16125,6.33292],[2.16042,6.33292],[2.16042,6.33264],[2.15819,6.33264],[2.15819,6.33292],[2.15764,6.33292],[2.15764,6.33264],[2.15653,6.33264],[2.15653,6.33236],[2.15625,6.33236],[2.15625,6.33264],[2.15514,6.33264],[2.15514,6.33236],[2.1543,6.33236],[2.1543,6.33208],[2.15375,6.33208],[2.15375,6.33181],[2.15347,6.33181],[2.15347,6.33208],[2.15319,6.33208],[2.15319,6.34393],[2.16745,6.34393],[2.16745,6.33403]]]},"properties":{"region":"Atlantique","district":"Ouidah","floods_1m":1,"floods_2m":1,"floods_3m":1,"first_flood_m":1,"nests":true,"area_km2":1.948}},{"type":"Feature","geometry":{"type":"Polygon","coordinates":[[[2.11042,6.37244],[2.09616,6.37244],[2.09616,6.3867],[2.11042,6.3867],[2.11042,6.37244]]]},"properties":{"region":"Atlantique","district":"Ouidah","floods_1m":0,"floods_2m":1,"floods_3m":1,"first_flood_m":2,"nests":true,"area_km2":2.499}},{"type":"Feature","geometry":{"type":"Polygon","coordinates":[[[2.19597,6.34393],[2.18171,6.34393],[2.18171,6.35819],[2.19597,6.35819],[2.19597,6.34393]]]},"properties":{"region":"Atlantique","district":"Ouidah","floods_1m":1,"floods_2m":1,"floods_3m":1,"first_flood_m":1,"nests":true,"area_km2":2.499}},{"type":"Feature","geometry":{"type":"Polygon","coordinates":[[[2.03913,6.31292],[2.03913,6.31541],[2.04903,6.31541],[2.04903,6.31514],[2.04875,6.31514],[2.04875,6.31486],[2.04847,6.31486],[2.04847,6.31458],[2.04736,6.31458],[2.04736,6.31431],[2.04625,6.31431],[2.04625,6.31458],[2.04597,6.31458],[2.04597,6.31431],[2.04486,6.31431],[2.04486,6.31403],[2.04458,6.31403],[2.04458,6.31375],[2.04431,6.31375],[2.04431,6.31347],[2.04403,6.31347],[2.04403,6.31375],[2.04347,6.31375],[2.04347,6.31403],[2.0432,6.31403],[2.0432,6.31431],[2.04292,6.31431],[2.04292,6.31403],[2.04125,6.31403],[2.04125,6.31375],[2.04069,6.31375],[2.04069,6.31347],[2.03986,6.31347],[2.03986,6.31319],[2.03958,6.31319],[2.03958,6.31292],[2.03913,6.31292]]]},"properties":{"region":"Atlantique","district":"Ouidah","floods_1m":1,"floods_2m":1,"floods_3m":1,"first_flood_m":1,"nests":true,"area_km2":0.165}},{"type":"Feature","geometry":{"type":"Polygon","coordinates":[[[2.21879,6.42948],[2.21022,6.42948],[2.21022,6.43462],[2.21767,6.43569],[2.21879,6.42948]]]},"properties":{"region":"Atlantique","district":"Ouidah","floods_1m":1,"floods_2m":1,"floods_3m":1,"first_flood_m":1,"nests":true,"area_km2":0.562}},{"type":"Feature","geometry":{"type":"Polygon","coordinates":[[[2.22413,6.41522],[2.21022,6.41522],[2.21022,6.42948],[2.21879,6.42948],[2.21969,6.4245],[2.22413,6.41522]]]},"properties":{"region":"Atlantique","district":"Ouidah","floods_1m":1,"floods_2m":1,"floods_3m":1,"first_flood_m":1,"nests":true,"area_km2":1.885}},{"type":"Feature","geometry":{"type":"Polygon","coordinates":[[[2.13893,6.35819],[2.12468,6.35819],[2.12468,6.37244],[2.13893,6.37244],[2.13893,6.35819]]]},"properties":{"region":"Atlantique","district":"Ouidah","floods_1m":0,"floods_2m":1,"floods_3m":1,"first_flood_m":2,"nests":true,"area_km2":2.495}},{"type":"Feature","geometry":{"type":"MultiPolygon","coordinates":[[[[1.9821,6.31342],[1.97972,6.315],[1.97974,6.31541],[1.9821,6.31541],[1.9821,6.31342]]],[[[1.9821,6.30986],[1.98181,6.30986],[1.98181,6.31014],[1.98153,6.31014],[1.98153,6.31069],[1.98125,6.3107],[1.98125,6.31125],[1.9821,6.31125],[1.9821,6.30986]]],[[[1.9821,6.30708],[1.9821,6.3032],[1.97875,6.3032],[1.97875,6.30292],[1.97625,6.30292],[1.97625,6.30264],[1.97458,6.30264],[1.97458,6.30236],[1.96875,6.30236],[1.96875,6.30264],[1.96792,6.30264],[1.96792,6.30236],[1.96784,6.30236],[1.96784,6.30681],[1.96819,6.30681],[1.96819,6.30708],[1.96847,6.30708],[1.96847,6.30736],[1.96875,6.30736],[1.96875,6.30708],[1.96931,6.30708],[1.96931,6.30681],[1.97014,6.30681],[1.97014,6.30653],[1.97375,6.30653],[1.97375,6.30681],[1.97458,6.30681],[1.97458,6.30708],[1.97514,6.30708],[1.97514,6.30736],[1.97681,6.30736],[1.97681,6.30708],[1.97736,6.30708],[1.97736,6.30681],[1.98097,6.30681],[1.98097,6.30708],[1.9821,6.30708]]]]},"properties":{"region":"Atlantique","district":"Ouidah","floods_1m":1,"floods_2m":1,"floods_3m":1,"first_flood_m":1,"nests":true,"area_km2":0.776}},{"type":"Feature","geometry":{"type":"Polygon","coordinates":[[[2.23547,6.35819],[2.22448,6.35819],[2.22448,6.3693],[2.23432,6.35939],[2.23547,6.35819]]]},"properties":{"region":"Atlantique","district":"Ouidah","floods_1m":1,"floods_2m":1,"floods_3m":1,"first_flood_m":1,"nests":true,"area_km2":0.753}},{"type":"Feature","geometry":{"type":"Polygon","coordinates":[[[2.0819,6.34393],[2.07158,6.34393],[2.07298,6.35078],[2.07174,6.35819],[2.0819,6.35819],[2.0819,6.34393]]]},"properties":{"region":"Atlantique","district":"Ouidah","floods_1m":1,"floods_2m":1,"floods_3m":1,"first_flood_m":1,"nests":true,"area_km2":1.678}},{"type":"Feature","geometry":{"type":"MultiPolygon","coordinates":[[[[2.12903,6.32967],[2.13208,6.32967],[2.13208,6.32958],[2.13153,6.32958],[2.13153,6.32931],[2.13097,6.32931],[2.13097,6.32903],[2.12986,6.32903],[2.12986,6.32931],[2.12931,6.32931],[2.12931,6.32958],[2.12903,6.32958],[2.12903,6.32967]]],[[[2.12468,6.32847],[2.12468,6.32967],[2.12875,6.32967],[2.12875,6.32958],[2.12819,6.32958],[2.12819,6.32931],[2.12792,6.32931],[2.12792,6.32903],[2.12736,6.32903],[2.12736,6.32875],[2.12542,6.32875],[2.12542,6.32847],[2.12468,6.32847]]]]},"properties":{"region":"Atlantique","district":"Ouidah","floods_1m":1,"floods_2m":1,"floods_3m":1,"first_flood_m":1,"nests":true,"area_km2":0.054}},{"type":"Feature","geometry":{"type":"Polygon","coordinates":[[[2.19597,6.37244],[2.18171,6.37244],[2.18171,6.3867],[2.19597,6.3867],[2.19597,6.37244]]]},"properties":{"region":"Atlantique","district":"Ouidah","floods_1m":1,"floods_2m":1,"floods_3m":1,"first_flood_m":1,"nests":true,"area_km2":2.499}},{"type":"Feature","geometry":{"type":"Polygon","coordinates":[[[2.02487,6.3263],[2.02487,6.31541],[2.01061,6.31541],[2.01061,6.32757],[2.02105,6.32689],[2.02487,6.3263]]]},"properties":{"region":"Atlantique","district":"Ouidah","floods_1m":1,"floods_2m":1,"floods_3m":1,"first_flood_m":1,"nests":true,"area_km2":2.042}},{"type":"Feature","geometry":{"type":"Polygon","coordinates":[[[2.21022,6.35819],[2.19597,6.35819],[2.19597,6.37244],[2.21022,6.37244],[2.21022,6.35819]]]},"properties":{"region":"Atlantique","district":"Ouidah","floods_1m":1,"floods_2m":1,"floods_3m":1,"first_flood_m":1,"nests":true,"area_km2":2.495}},{"type":"Feature","geometry":{"type":"Polygon","coordinates":[[[2.15319,6.41522],[2.13893,6.41522],[2.13893,6.42948],[2.15319,6.42948],[2.15319,6.41522]]]},"properties":{"region":"Atlantique","district":"Ouidah","floods_1m":1,"floods_2m":1,"floods_3m":1,"first_flood_m":1,"nests":true,"area_km2":2.498}},{"type":"Feature","geometry":{"type":"Polygon","coordinates":[[[2.18171,6.37244],[2.16745,6.37244],[2.16745,6.3867],[2.18171,6.3867],[2.18171,6.37244]]]},"properties":{"region":"Atlantique","district":"Ouidah","floods_1m":1,"floods_2m":1,"floods_3m":1,"first_flood_m":1,"nests":true,"area_km2":2.499}},{"type":"Feature","geometry":{"type":"Polygon","coordinates":[[[2.13893,6.40096],[2.12468,6.40096],[2.12468,6.41522],[2.13893,6.41522],[2.13893,6.40096]]]},"properties":{"region":"Atlantique","district":"Ouidah","floods_1m":1,"floods_2m":1,"floods_3m":1,"first_flood_m":1,"nests":true,"area_km2":2.497}},{"type":"Feature","geometry":{"type":"Polygon","coordinates":[[[2.15319,6.34393],[2.13893,6.34393],[2.13893,6.35819],[2.15319,6.35819],[2.15319,6.34393]]]},"properties":{"region":"Atlantique","district":"Ouidah","floods_1m":1,"floods_2m":1,"floods_3m":1,"first_flood_m":1,"nests":true,"area_km2":2.499}},{"type":"Feature","geometry":{"type":"Polygon","coordinates":[[[2.25347,6.34375],[2.253,6.34375],[2.253,6.34393],[2.25319,6.34393],[2.25347,6.34375]]]},"properties":{"region":"Atlantique","district":"Ouidah","floods_1m":1,"floods_2m":1,"floods_3m":1,"first_flood_m":1,"nests":true,"area_km2":0.001}},{"type":"Feature","geometry":{"type":"Polygon","coordinates":[[[2.21022,6.33875],[2.20792,6.33875],[2.20792,6.33847],[2.20653,6.33847],[2.20653,6.33875],[2.20542,6.33875],[2.20542,6.33847],[2.20458,6.33847],[2.20458,6.33819],[2.2032,6.33819],[2.2032,6.33792],[2.20236,6.33792],[2.20236,6.33764],[2.19958,6.33764],[2.19958,6.33792],[2.19875,6.33792],[2.19875,6.33764],[2.19736,6.33764],[2.19736,6.33736],[2.19681,6.33736],[2.19681,6.33708],[2.19625,6.33708],[2.19625,6.3368],[2.19597,6.3368],[2.19597,6.34393],[2.21022,6.34393],[2.21022,6.33875]]]},"properties":{"region":"Atlantique","district":"Ouidah","floods_1m":1,"floods_2m":1,"floods_3m":1,"first_flood_m":1,"nests":true,"area_km2":1.026}},{"type":"Feature","geometry":{"type":"Polygon","coordinates":[[[2.18171,6.34393],[2.16745,6.34393],[2.16745,6.35819],[2.18171,6.35819],[2.18171,6.34393]]]},"properties":{"region":"Atlantique","district":"Ouidah","floods_1m":1,"floods_2m":1,"floods_3m":1,"first_flood_m":1,"nests":true,"area_km2":2.499}},{"type":"Feature","geometry":{"type":"Polygon","coordinates":[[[2.18171,6.33542],[2.18014,6.33542],[2.18014,6.33514],[2.17653,6.33514],[2.17653,6.33486],[2.17597,6.33486],[2.17597,6.33458],[2.17458,6.33458],[2.17458,6.33486],[2.1743,6.33486],[2.1743,6.33458],[2.17403,6.33458],[2.17403,6.3343],[2.17097,6.3343],[2.17097,6.33458],[2.16986,6.33458],[2.16986,6.3343],[2.16958,6.3343],[2.16958,6.33403],[2.16903,6.33403],[2.16903,6.33375],[2.1682,6.33375],[2.1682,6.33403],[2.16745,6.33403],[2.16745,6.34393],[2.18171,6.34393],[2.18171,6.33542]]]},"properties":{"region":"Atlantique","district":"Ouidah","floods_1m":1,"floods_2m":1,"floods_3m":1,"first_flood_m":1,"nests":true,"area_km2":1.623}},{"type":"Feature","geometry":{"type":"Polygon","coordinates":[[[2.22448,6.34393],[2.21022,6.34393],[2.21022,6.35819],[2.22448,6.35819],[2.22448,6.34393]]]},"properties":{"region":"Atlantique","district":"Ouidah","floods_1m":1,"floods_2m":1,"floods_3m":1,"first_flood_m":1,"nests":true,"area_km2":2.499}},{"type":"Feature","geometry":{"type":"Polygon","coordinates":[[[2.22448,6.41447],[2.22448,6.40778],[2.22332,6.40211],[2.22294,6.40096],[2.21022,6.40096],[2.21022,6.41522],[2.22413,6.41522],[2.22448,6.41447]]]},"properties":{"region":"Atlantique","district":"Ouidah","floods_1m":1,"floods_2m":1,"floods_3m":1,"first_flood_m":1,"nests":true,"area_km2":2.437}},{"type":"Feature","geometry":{"type":"Polygon","coordinates":[[[2.23874,6.34181],[2.23847,6.34181],[2.23847,6.34153],[2.23653,6.34153],[2.23653,6.34181],[2.23569,6.34181],[2.23569,6.34153],[2.23514,6.34153],[2.23514,6.34181],[2.23458,6.34181],[2.23458,6.34153],[2.23375,6.34153],[2.23375,6.34125],[2.23347,6.34125],[2.23347,6.34097],[2.22986,6.34097],[2.22986,6.34069],[2.22875,6.34069],[2.22875,6.34042],[2.22764,6.34042],[2.22764,6.34069],[2.22736,6.34069],[2.22736,6.34097],[2.22708,6.34097],[2.22708,6.34069],[2.22597,6.34069],[2.22597,6.34042],[2.22514,6.34042],[2.22514,6.34014],[2.22448,6.34014],[2.22448,6.34393],[2.23874,6.34393],[2.23874,6.34181]]]},"properties":{"region":"Atlantique","district":"Ouidah","floods_1m":1,"floods_2m":1,"floods_3m":1,"first_flood_m":1,"nests":true,"area_km2":0.506}},{"type":"Feature","geometry":{"type":"Polygon","coordinates":[[[2.13893,6.41522],[2.12468,6.41522],[2.12468,6.42948],[2.13893,6.42948],[2.13893,6.41522]]]},"properties":{"region":"Atlantique","district":"Ouidah","floods_1m":1,"floods_2m":1,"floods_3m":1,"first_flood_m":1,"nests":true,"area_km2":2.497}},{"type":"Feature","geometry":{"type":"Polygon","coordinates":[[[2.21022,6.3867],[2.19597,6.3867],[2.19597,6.40096],[2.21022,6.40096],[2.21022,6.3867]]]},"properties":{"region":"Atlantique","district":"Ouidah","floods_1m":1,"floods_2m":1,"floods_3m":1,"first_flood_m":1,"nests":true,"area_km2":2.497}},{"type":"Feature","geometry":{"type":"Polygon","coordinates":[[[2.19597,6.41522],[2.18171,6.41522],[2.18171,6.42436],[2.18567,6.42295],[2.19597,6.42912],[2.19597,6.41522]]]},"properties":{"region":"Atlantique","district":"Ouidah","floods_1m":1,"floods_2m":1,"floods_3m":1,"first_flood_m":1,"nests":true,"area_km2":1.779}},{"type":"Feature","geometry":{"type":"Polygon","coordinates":[[[2.43835,6.47225],[2.42409,6.47225],[2.42409,6.48651],[2.43835,6.48651],[2.43835,6.47225]]]},"properties":{"region":"Atlantique","district":"Sô-Ava","floods_1m":1,"floods_2m":1,"floods_3m":1,"first_flood_m":1,"nests":true,"area_km2":2.498}},{"type":"Feature","geometry":{"type":"Polygon","coordinates":[[[2.40984,6.5578],[2.40078,6.5578],[2.40117,6.55853],[2.40984,6.56834],[2.40984,6.5578]]]},"properties":{"region":"Atlantique","district":"Sô-Ava","floods_1m":1,"floods_2m":1,"floods_3m":1,"first_flood_m":1,"nests":true,"area_km2":0.602}},{"type":"Feature","geometry":{"type":"Polygon","coordinates":[[[2.4888,6.48931],[2.48845,6.48651],[2.48113,6.48651],[2.48113,6.50077],[2.48408,6.50077],[2.48444,6.49944],[2.4875,6.49556],[2.4888,6.48931]]]},"properties":{"region":"Atlantique","district":"Sô-Ava","floods_1m":1,"floods_2m":1,"floods_3m":1,"first_flood_m":1,"nests":true,"area_km2":1.079}},{"type":"Feature","geometry":{"type":"Polygon","coordinates":[[[2.45261,6.3867],[2.43835,6.3867],[2.43835,6.40096],[2.45261,6.40096],[2.45261,6.3867]]]},"properties":{"region":"Atlantique","district":"Sô-Ava","floods_1m":1,"floods_2m":1,"floods_3m":1,"first_flood_m":1,"nests":true,"area_km2":2.499}},{"type":"Feature","geometry":{"type":"Polygon","coordinates":[[[2.4396,6.58631],[2.43835,6.58631],[2.43835,6.60057],[2.43889,6.60057],[2.43889,6.60056],[2.4396,6.58631]]]},"properties":{"region":"Atlantique","district":"Sô-Ava","floods_1m":1,"floods_2m":1,"floods_3m":1,"first_flood_m":1,"nests":true,"area_km2":0.157}},{"type":"Feature","geometry":{"type":"Polygon","coordinates":[[[2.43797,6.61483],[2.42409,6.61483],[2.42409,6.61676],[2.42884,6.61727],[2.4378,6.61747],[2.43797,6.61483]]]},"properties":{"region":"Atlantique","district":"Sô-Ava","floods_1m":1,"floods_2m":1,"floods_3m":1,"first_flood_m":1,"nests":true,"area_km2":0.41}},{"type":"Feature","geometry":{"type":"Polygon","coordinates":[[[2.40984,6.45799],[2.39558,6.45799],[2.39558,6.46252],[2.39989,6.46614],[2.40488,6.47225],[2.40984,6.47225],[2.40984,6.45799]]]},"properties":{"region":"Atlantique","district":"Sô-Ava","floods_1m":1,"floods_2m":1,"floods_3m":1,"first_flood_m":1,"nests":true,"area_km2":1.892}},{"type":"Feature","geometry":{"type":"Polygon","coordinates":[[[2.44056,6.5578],[2.43835,6.5578],[2.43835,6.57206],[2.4401,6.57206],[2.44028,6.56667],[2.44056,6.5578]]]},"properties":{"region":"Atlantique","district":"Sô-Ava","floods_1m":1,"floods_2m":1,"floods_3m":1,"first_flood_m":1,"nests":true,"area_km2":0.347}},{"type":"Feature","geometry":{"type":"Polygon","coordinates":[[[2.45261,6.51918],[2.45261,6.51502],[2.43835,6.51502],[2.43835,6.52928],[2.44172,6.52928],[2.44278,6.51972],[2.44972,6.51944],[2.45261,6.51918]]]},"properties":{"region":"Atlantique","district":"Sô-Ava","floods_1m":1,"floods_2m":1,"floods_3m":1,"first_flood_m":1,"nests":true,"area_km2":1.255}},{"type":"Feature","geometry":{"type":"Polygon","coordinates":[[[2.42409,6.52928],[2.40984,6.52928],[2.40984,6.54354],[2.42409,6.54354],[2.42409,6.52928]]]},"properties":{"region":"Atlantique","district":"Sô-Ava","floods_1m":1,"floods_2m":1,"floods_3m":1,"first_flood_m":1,"nests":true,"area_km2":2.496}},{"type":"Feature","geometry":{"type":"Polygon","coordinates":[[[2.46114,6.37545],[2.45999,6.37516],[2.45261,6.37586],[2.45261,6.3867],[2.46307,6.3867],[2.46296,6.38564],[2.4625,6.38333],[2.46083,6.3775],[2.46114,6.37545]]]},"properties":{"region":"Atlantique","district":"Sô-Ava","floods_1m":0,"floods_2m":1,"floods_3m":1,"first_flood_m":2,"nests":true,"area_km2":1.279}},{"type":"Feature","geometry":{"type":"Polygon","coordinates":[[[2.39558,6.38389],[2.38179,6.3867],[2.39558,6.3867],[2.39558,6.38389]]]},"properties":{"region":"Atlantique","district":"Sô-Ava","floods_1m":0,"floods_2m":1,"floods_3m":1,"first_flood_m":2,"nests":true,"area_km2":0.238}},{"type":"Feature","geometry":{"type":"Polygon","coordinates":[[[2.40984,6.40096],[2.39558,6.40096],[2.39558,6.41522],[2.40984,6.41522],[2.40984,6.40096]]]},"properties":{"region":"Atlantique","district":"Sô-Ava","floods_1m":1,"floods_2m":1,"floods_3m":0,"first_flood_m":1,"nests":false,"area_km2":2.499}},{"type":"Feature","geometry":{"type":"Polygon","coordinates":[[[2.40984,6.3867],[2.39558,6.3867],[2.39558,6.40096],[2.40984,6.40096],[2.40984,6.3867]]]},"properties":{"region":"Atlantique","district":"Sô-Ava","floods_1m":1,"floods_2m":1,"floods_3m":1,"first_flood_m":1,"nests":true,"area_km2":2.499}},{"type":"Feature","geometry":{"type":"Polygon","coordinates":[[[2.42409,6.47225],[2.40984,6.47225],[2.40984,6.48129],[2.41076,6.48474],[2.41092,6.48651],[2.42409,6.48651],[2.42409,6.47225]]]},"properties":{"region":"Atlantique","district":"Sô-Ava","floods_1m":1,"floods_2m":1,"floods_3m":1,"first_flood_m":1,"nests":true,"area_km2":2.455}},{"type":"Feature","geometry":{"type":"Polygon","coordinates":[[[2.48113,6.5061],[2.48113,6.50077],[2.46687,6.50077],[2.46687,6.51502],[2.46824,6.51502],[2.47111,6.51333],[2.47556,6.51083],[2.47917,6.50778],[2.48113,6.5061]]]},"properties":{"region":"Atlantique","district":"Sô-Ava","floods_1m":1,"floods_2m":1,"floods_3m":1,"first_flood_m":1,"nests":true,"area_km2":1.858}},{"type":"Feature","geometry":{"type":"Polygon","coordinates":[[[2.46307,6.3867],[2.45261,6.3867],[2.45261,6.40096],[2.46457,6.40096],[2.46307,6.3867]]]},"properties":{"region":"Atlantique","district":"Sô-Ava","floods_1m":1,"floods_2m":1,"floods_3m":1,"first_flood_m":1,"nests":true,"area_km2":1.964}},{"type":"Feature","geometry":{"type":"Polygon","coordinates":[[[2.46687,6.50077],[2.45261,6.50077],[2.45261,6.51502],[2.46687,6.51502],[2.46687,6.50077]]]},"properties":{"region":"Atlantique","district":"Sô-Ava","floods_1m":1,"floods_2m":1,"floods_3m":1,"first_flood_m":1,"nests":true,"area_km2":2.496}},{"type":"Feature","geometry":{"type":"Polygon","coordinates":[[[2.45261,6.37586],[2.43835,6.37722],[2.43835,6.3867],[2.45261,6.3867],[2.45261,6.37586]]]},"properties":{"region":"Atlantique","district":"Sô-Ava","floods_1m":1,"floods_2m":1,"floods_3m":1,"first_flood_m":1,"nests":true,"area_km2":1.78}},{"type":"Feature","geometry":{"type":"Polygon","coordinates":[[[2.42409,6.54354],[2.40984,6.54354],[2.40984,6.5578],[2.42409,6.5578],[2.42409,6.54354]]]},"properties":{"region":"Atlantique","district":"Sô-Ava","floods_1m":1,"floods_2m":1,"floods_3m":1,"first_flood_m":1,"nests":true,"area_km2":2.496}},{"type":"Feature","geometry":{"type":"Polygon","coordinates":[[[2.48713,6.47225],[2.48113,6.47225],[2.48113,6.48651],[2.48845,6.48651],[2.48805,6.48333],[2.48822,6.47635],[2.48713,6.47225]]]},"properties":{"region":"Atlantique","district":"Sô-Ava","floods_1m":1,"floods_2m":1,"floods_3m":1,"first_flood_m":1,"nests":true,"area_km2":1.209}},{"type":"Feature","geometry":{"type":"Polygon","coordinates":[[[2.42409,6.3867],[2.40984,6.3867],[2.40984,6.40096],[2.42409,6.40096],[2.42409,6.3867]]]},"properties":{"region":"Atlantique","district":"Sô-Ava","floods_1m":1,"floods_2m":1,"floods_3m":1,"first_flood_m":1,"nests":true,"area_km2":2.497}},{"type":"Feature","geometry":{"type":"Polygon","coordinates":[[[2.43835,6.57206],[2.42409,6.57206],[2.42409,6.58631],[2.43835,6.58631],[2.43835,6.57206]]]},"properties":{"region":"Atlantique","district":"Sô-Ava","floods_1m":1,"floods_2m":1,"floods_3m":1,"first_flood_m":1,"nests":true,"area_km2":2.496}},{"type":"Feature","geometry":{"type":"Polygon","coordinates":[[[2.43835,6.58631],[2.42409,6.58631],[2.42409,6.60057],[2.43835,6.60057],[2.43835,6.58631]]]},"properties":{"region":"Atlantique","district":"Sô-Ava","floods_1m":1,"floods_2m":1,"floods_3m":1,"first_flood_m":1,"nests":true,"area_km2":2.498}},{"type":"Feature","geometry":{"type":"Polygon","coordinates":[[[2.46687,6.51583],[2.46687,6.51502],[2.45261,6.51502],[2.45261,6.51918],[2.45583,6.51889],[2.46111,6.5175],[2.46639,6.51611],[2.46687,6.51583]]]},"properties":{"region":"Atlantique","district":"Sô-Ava","floods_1m":1,"floods_2m":1,"floods_3m":1,"first_flood_m":1,"nests":true,"area_km2":0.486}},{"type":"Feature","geometry":{"type":"Polygon","coordinates":[[[2.40984,6.38115],[2.40487,6.382],[2.39558,6.38389],[2.39558,6.3867],[2.40984,6.3867],[2.40984,6.38115]]]},"properties":{"region":"Atlantique","district":"Sô-Ava","floods_1m":1,"floods_2m":1,"floods_3m":1,"first_flood_m":1,"nests":true,"area_km2":0.742}},{"type":"Feature","geometry":{"type":"Polygon","coordinates":[[[2.40984,6.52928],[2.40053,6.52928],[2.39651,6.53742],[2.39654,6.54354],[2.40984,6.54354],[2.40984,6.52928]]]},"properties":{"region":"Atlantique","district":"Sô-Ava","floods_1m":1,"floods_2m":1,"floods_3m":1,"first_flood_m":1,"nests":true,"area_km2":2.133}},{"type":"Feature","geometry":{"type":"Polygon","coordinates":[[[2.42409,6.58631],[2.40984,6.58631],[2.40984,6.60057],[2.42409,6.60057],[2.42409,6.58631]]]},"properties":{"region":"Atlantique","district":"Sô-Ava","floods_1m":1,"floods_2m":1,"floods_3m":1,"first_flood_m":1,"nests":true,"area_km2":2.496}},{"type":"Feature","geometry":{"type":"Polygon","coordinates":[[[2.42409,6.45799],[2.40984,6.45799],[2.40984,6.47225],[2.42409,6.47225],[2.42409,6.45799]]]},"properties":{"region":"Atlantique","district":"Sô-Ava","floods_1m":1,"floods_2m":1,"floods_3m":1,"first_flood_m":1,"nests":true,"area_km2":2.497}},{"type":"Feature","geometry":{"type":"Polygon","coordinates":[[[2.40984,6.54354],[2.39654,6.54354],[2.39657,6.54985],[2.40078,6.5578],[2.40984,6.5578],[2.40984,6.54354]]]},"properties":{"region":"Atlantique","district":"Sô-Ava","floods_1m":1,"floods_2m":1,"floods_3m":1,"first_flood_m":1,"nests":true,"area_km2":2.12}},{"type":"Feature","geometry":{"type":"Polygon","coordinates":[[[2.42409,6.57206],[2.41273,6.57206],[2.40984,6.57912],[2.40984,6.58631],[2.42409,6.58631],[2.42409,6.57206]]]},"properties":{"region":"Atlantique","district":"Sô-Ava","floods_1m":1,"floods_2m":1,"floods_3m":1,"first_flood_m":1,"nests":true,"area_km2":2.369}},{"type":"Feature","geometry":{"type":"Polygon","coordinates":[[[2.42409,6.51502],[2.40984,6.51502],[2.40984,6.52928],[2.42409,6.52928],[2.42409,6.51502]]]},"properties":{"region":"Atlantique","district":"Sô-Ava","floods_1m":1,"floods_2m":1,"floods_3m":1,"first_flood_m":1,"nests":true,"area_km2":2.496}},{"type":"Feature","geometry":{"type":"Polygon","coordinates":[[[2.42409,6.37878],[2.42227,6.37903],[2.40984,6.38115],[2.40984,6.3867],[2.42409,6.3867],[2.42409,6.37878]]]},"properties":{"region":"Atlantique","district":"Sô-Ava","floods_1m":1,"floods_2m":1,"floods_3m":1,"first_flood_m":1,"nests":true,"area_km2":1.184}},{"type":"Feature","geometry":{"type":"Polygon","coordinates":[[[2.48408,6.50077],[2.48113,6.50077],[2.48113,6.5061],[2.48306,6.50445],[2.48408,6.50077]]]},"properties":{"region":"Atlantique","district":"Sô-Ava","floods_1m":1,"floods_2m":1,"floods_3m":1,"first_flood_m":1,"nests":true,"area_km2":0.13}},{"type":"Feature","geometry":{"type":"Polygon","coordinates":[[[2.43835,6.37722],[2.42904,6.3781],[2.42409,6.37878],[2.42409,6.3867],[2.43835,6.3867],[2.43835,6.37722]]]},"properties":{"region":"Atlantique","district":"Sô-Ava","floods_1m":1,"floods_2m":1,"floods_3m":1,"first_flood_m":1,"nests":true,"area_km2":1.537}},{"type":"Feature","geometry":{"type":"Polygon","coordinates":[[[2.43835,6.54354],[2.42409,6.54354],[2.42409,6.5578],[2.43835,6.5578],[2.43835,6.54354]]]},"properties":{"region":"Atlantique","district":"Sô-Ava","floods_1m":1,"floods_2m":1,"floods_3m":1,"first_flood_m":1,"nests":true,"area_km2":2.498}},{"type":"Feature","geometry":{"type":"Polygon","coordinates":[[[2.46687,6.48651],[2.45261,6.48651],[2.45261,6.50077],[2.46687,6.50077],[2.46687,6.48651]]]},"properties":{"region":"Atlantique","district":"Sô-Ava","floods_1m":1,"floods_2m":1,"floods_3m":1,"first_flood_m":1,"nests":true,"area_km2":2.498}},{"type":"Feature","geometry":{"type":"Polygon","coordinates":[[[2.40984,6.50675],[2.40841,6.51127],[2.4068,6.51502],[2.40984,6.51502],[2.40984,6.50675]]]},"properties":{"region":"Atlantique","district":"Sô-Ava","floods_1m":1,"floods_2m":1,"floods_3m":1,"first_flood_m":1,"nests":true,"area_km2":0.143}},{"type":"Feature","geometry":{"type":"Polygon","coordinates":[[[2.40984,6.47225],[2.40488,6.47225],[2.40865,6.47688],[2.40984,6.48129],[2.40984,6.47225]]]},"properties":{"region":"Atlantique","district":"Sô-Ava","floods_1m":1,"floods_2m":1,"floods_3m":1,"first_flood_m":1,"nests":true,"area_km2":0.207}},{"type":"Feature","geometry":{"type":"Polygon","coordinates":[[[2.43835,6.50077],[2.42409,6.50077],[2.42409,6.51502],[2.43835,6.51502],[2.43835,6.50077]]]},"properties":{"region":"Atlantique","district":"Sô-Ava","floods_1m":1,"floods_2m":1,"floods_3m":1,"first_flood_m":1,"nests":true,"area_km2":2.496}},{"type":"Feature","geometry":{"type":"Polygon","coordinates":[[[2.48113,6.48651],[2.46687,6.48651],[2.46687,6.50077],[2.48113,6.50077],[2.48113,6.48651]]]},"properties":{"region":"Atlantique","district":"Sô-Ava","floods_1m":1,"floods_2m":1,"floods_3m":1,"first_flood_m":1,"nests":true,"area_km2":2.498}},{"type":"Feature","geometry":{"type":"Polygon","coordinates":[[[2.40984,6.60057],[2.40878,6.60057],[2.40984,6.60289],[2.40984,6.60057]]]},"properties":{"region":"Atlantique","district":"Sô-Ava","floods_1m":1,"floods_2m":1,"floods_3m":1,"first_flood_m":1,"nests":true,"area_km2":0.015}},{"type":"Feature","geometry":{"type":"Polygon","coordinates":[[[2.42409,6.48651],[2.41092,6.48651],[2.41208,6.49965],[2.41173,6.50077],[2.42409,6.50077],[2.42409,6.48651]]]},"properties":{"region":"Atlantique","district":"Sô-Ava","floods_1m":1,"floods_2m":1,"floods_3m":1,"first_flood_m":1,"nests":true,"area_km2":2.2}},{"type":"Feature","geometry":{"type":"Polygon","coordinates":[[[2.44102,6.54354],[2.43835,6.54354],[2.43835,6.5578],[2.44056,6.5578],[2.44083,6.54944],[2.44102,6.54354]]]},"properties":{"region":"Atlantique","district":"Sô-Ava","floods_1m":1,"floods_2m":1,"floods_3m":1,"first_flood_m":1,"nests":true,"area_km2":0.427}},{"type":"Feature","geometry":{"type":"Polygon","coordinates":[[[2.43835,6.3867],[2.42409,6.3867],[2.42409,6.40096],[2.43835,6.40096],[2.43835,6.3867]]]},"properties":{"region":"Atlantique","district":"Sô-Ava","floods_1m":1,"floods_2m":1,"floods_3m":1,"first_flood_m":1,"nests":true,"area_km2":2.499}},{"type":"Feature","geometry":{"type":"Polygon","coordinates":[[[2.40984,6.57912],[2.40689,6.58631],[2.40984,6.58631],[2.40984,6.57912]]]},"properties":{"region":"Atlantique","district":"Sô-Ava","floods_1m":1,"floods_2m":1,"floods_3m":1,"first_flood_m":1,"nests":true,"area_km2":0.13}},{"type":"Feature","geometry":{"type":"Polygon","coordinates":[[[2.40984,6.51502],[2.4068,6.51502],[2.40184,6.52663],[2.40053,6.52928],[2.40984,6.52928],[2.40984,6.51502]]]},"properties":{"region":"Atlantique","district":"Sô-Ava","floods_1m":1,"floods_2m":1,"floods_3m":1,"first_flood_m":1,"nests":true,"area_km2":1.069}},{"type":"Feature","geometry":{"type":"Polygon","coordinates":[[[2.44172,6.52928],[2.43835,6.52928],[2.43835,6.54354],[2.44102,6.54354],[2.44139,6.53222],[2.44172,6.52928]]]},"properties":{"region":"Atlantique","district":"Sô-Ava","floods_1m":1,"floods_2m":1,"floods_3m":1,"first_flood_m":1,"nests":true,"area_km2":0.513}},{"type":"Feature","geometry":{"type":"Polygon","coordinates":[[[2.48113,6.47225],[2.46687,6.47225],[2.46687,6.48651],[2.48113,6.48651],[2.48113,6.47225]]]},"properties":{"region":"Atlantique","district":"Sô-Ava","floods_1m":1,"floods_2m":1,"floods_3m":1,"first_flood_m":1,"nests":true,"area_km2":2.498}},{"type":"Feature","geometry":{"type":"Polygon","coordinates":[[[2.42409,6.60057],[2.40984,6.60057],[2.40984,6.60289],[2.41094,6.60532],[2.41686,6.61483],[2.42409,6.61483],[2.42409,6.60057]]]},"properties":{"region":"Atlantique","district":"Sô-Ava","floods_1m":1,"floods_2m":1,"floods_3m":1,"first_flood_m":1,"nests":true,"area_km2":2.005}},{"type":"Feature","geometry":{"type":"Polygon","coordinates":[[[2.42409,6.50077],[2.41173,6.50077],[2.40984,6.50675],[2.40984,6.51502],[2.42409,6.51502],[2.42409,6.50077]]]},"properties":{"region":"Atlantique","district":"Sô-Ava","floods_1m":1,"floods_2m":1,"floods_3m":1,"first_flood_m":1,"nests":true,"area_km2":2.425}},{"type":"Feature","geometry":{"type":"Polygon","coordinates":[[[2.40984,6.58631],[2.40689,6.58631],[2.40589,6.58877],[2.40717,6.59705],[2.40878,6.60057],[2.40984,6.60057],[2.40984,6.58631]]]},"properties":{"region":"Atlantique","district":"Sô-Ava","floods_1m":1,"floods_2m":1,"floods_3m":1,"first_flood_m":1,"nests":true,"area_km2":0.522}},{"type":"Feature","geometry":{"type":"Polygon","coordinates":[[[2.43889,6.60057],[2.43835,6.60057],[2.43835,6.60888],[2.43889,6.60057]]]},"properties":{"region":"Atlantique","district":"Sô-Ava","floods_1m":1,"floods_2m":1,"floods_3m":1,"first_flood_m":1,"nests":true,"area_km2":0.028}},{"type":"Feature","geometry":{"type":"Polygon","coordinates":[[[2.43835,6.5578],[2.42409,6.5578],[2.42409,6.57206],[2.43835,6.57206],[2.43835,6.5578]]]},"properties":{"region":"Atlantique","district":"Sô-Ava","floods_1m":1,"floods_2m":1,"floods_3m":1,"first_flood_m":1,"nests":true,"area_km2":2.498}},{"type":"Feature","geometry":{"type":"Polygon","coordinates":[[[2.4401,6.57206],[2.43835,6.57206],[2.43835,6.58631],[2.4396,6.58631],[2.43972,6.58389],[2.4401,6.57206]]]},"properties":{"region":"Atlantique","district":"Sô-Ava","floods_1m":1,"floods_2m":1,"floods_3m":1,"first_flood_m":1,"nests":true,"area_km2":0.266}},{"type":"Feature","geometry":{"type":"Polygon","coordinates":[[[2.43835,6.52928],[2.42409,6.52928],[2.42409,6.54354],[2.43835,6.54354],[2.43835,6.52928]]]},"properties":{"region":"Atlantique","district":"Sô-Ava","floods_1m":1,"floods_2m":1,"floods_3m":1,"first_flood_m":1,"nests":true,"area_km2":2.498}},{"type":"Feature","geometry":{"type":"Polygon","coordinates":[[[2.39558,6.3867],[2.38179,6.3867],[2.38132,6.3868],[2.38132,6.40096],[2.39558,6.40096],[2.39558,6.3867]]]},"properties":{"region":"Atlantique","district":"Sô-Ava","floods_1m":1,"floods_2m":1,"floods_3m":1,"first_flood_m":1,"nests":true,"area_km2":2.498}},{"type":"Feature","geometry":{"type":"Polygon","coordinates":[[[2.46824,6.51502],[2.46687,6.51502],[2.46687,6.51583],[2.46824,6.51502]]]},"properties":{"region":"Atlantique","district":"Sô-Ava","floods_1m":1,"floods_2m":1,"floods_3m":1,"first_flood_m":1,"nests":true,"area_km2":0.007}},{"type":"Feature","geometry":{"type":"Polygon","coordinates":[[[2.43835,6.51502],[2.42409,6.51502],[2.42409,6.52928],[2.43835,6.52928],[2.43835,6.51502]]]},"properties":{"region":"Atlantique","district":"Sô-Ava","floods_1m":1,"floods_2m":1,"floods_3m":1,"first_flood_m":1,"nests":true,"area_km2":2.498}},{"type":"Feature","geometry":{"type":"Polygon","coordinates":[[[2.45261,6.50077],[2.43835,6.50077],[2.43835,6.51502],[2.45261,6.51502],[2.45261,6.50077]]]},"properties":{"region":"Atlantique","district":"Sô-Ava","floods_1m":1,"floods_2m":1,"floods_3m":1,"first_flood_m":1,"nests":true,"area_km2":2.496}},{"type":"Feature","geometry":{"type":"Polygon","coordinates":[[[2.38132,6.3868],[2.37172,6.38875],[2.37069,6.3867],[2.36993,6.3867],[2.36845,6.39747],[2.36825,6.40096],[2.38132,6.40096],[2.38132,6.3868]]]},"properties":{"region":"Atlantique","district":"Sô-Ava","floods_1m":1,"floods_2m":1,"floods_3m":1,"first_flood_m":1,"nests":true,"area_km2":2.022}},{"type":"Feature","geometry":{"type":"Polygon","coordinates":[[[2.43835,6.48651],[2.42409,6.48651],[2.42409,6.50077],[2.43835,6.50077],[2.43835,6.48651]]]},"properties":{"region":"Atlantique","district":"Sô-Ava","floods_1m":1,"floods_2m":1,"floods_3m":1,"first_flood_m":1,"nests":true,"area_km2":2.498}},{"type":"Feature","geometry":{"type":"Polygon","coordinates":[[[2.43835,6.60888],[2.43835,6.60057],[2.42409,6.60057],[2.42409,6.61483],[2.43797,6.61483],[2.43835,6.60888]]]},"properties":{"region":"Atlantique","district":"Sô-Ava","floods_1m":1,"floods_2m":1,"floods_3m":1,"first_flood_m":1,"nests":true,"area_km2":2.484}},{"type":"Feature","geometry":{"type":"Polygon","coordinates":[[[2.42409,6.5578],[2.40984,6.5578],[2.40984,6.56834],[2.41285,6.57175],[2.41273,6.57206],[2.42409,6.57206],[2.42409,6.5578]]]},"properties":{"region":"Atlantique","district":"Sô-Ava","floods_1m":1,"floods_2m":1,"floods_3m":1,"first_flood_m":1,"nests":true,"area_km2":2.422}},{"type":"Feature","geometry":{"type":"Polygon","coordinates":[[[2.42409,6.61483],[2.41686,6.61483],[2.41763,6.61607],[2.42409,6.61676],[2.42409,6.61483]]]},"properties":{"region":"Atlantique","district":"Sô-Ava","floods_1m":1,"floods_2m":1,"floods_3m":1,"first_flood_m":1,"nests":true,"area_km2":0.132}},{"type":"Feature","geometry":{"type":"Polygon","coordinates":[[[2.48333,6.36069],[2.48319,6.36069],[2.48319,6.36014],[2.48292,6.36014],[2.48292,6.35986],[2.48236,6.35986],[2.48236,6.35958],[2.48208,6.35958],[2.48208,6.35986],[2.48113,6.35986],[2.48113,6.36845],[2.48389,6.36833],[2.48333,6.36222],[2.48333,6.36069]]]},"properties":{"region":"Littoral","district":"Cotonou","floods_1m":0,"floods_2m":1,"floods_3m":1,"first_flood_m":2,"nests":true,"area_km2":0.251}},{"type":"Feature","geometry":{"type":"MultiPolygon","coordinates":[[[[2.42708,6.34393],[2.42819,6.34393],[2.42819,6.34347],[2.42792,6.34347],[2.42792,6.34375],[2.42708,6.34375],[2.42708,6.34393]]],[[[2.42409,6.34375],[2.42409,6.34393],[2.42458,6.34393],[2.42458,6.34375],[2.42409,6.34375]]]]},"properties":{"region":"Littoral","district":"Cotonou","floods_1m":1,"floods_2m":1,"floods_3m":1,"first_flood_m":1,"nests":true,"area_km2":0.004}},{"type":"Feature","geometry":{"type":"Polygon","coordinates":[[[2.38132,6.34847],[2.38097,6.34847],[2.38097,6.34875],[2.37958,6.34875],[2.37958,6.34903],[2.37931,6.34903],[2.37931,6.34875],[2.37625,6.34875],[2.37625,6.34903],[2.37569,6.34903],[2.37569,6.34875],[2.37542,6.34875],[2.37542,6.34903],[2.37431,6.34903],[2.37431,6.34931],[2.37319,6.34931],[2.37319,6.34958],[2.37264,6.34958],[2.37264,6.34986],[2.37181,6.34986],[2.37181,6.34958],[2.36986,6.34958],[2.36986,6.34931],[2.36764,6.34931],[2.36764,6.34958],[2.36706,6.34958],[2.36706,6.35819],[2.38132,6.35819],[2.38132,6.34847]]]},"properties":{"region":"Littoral","district":"Cotonou","floods_1m":1,"floods_2m":1,"floods_3m":1,"first_flood_m":1,"nests":true,"area_km2":1.583}},{"type":"Feature","geometry":{"type":"Polygon","coordinates":[[[2.39558,6.38389],[2.39558,6.37244],[2.38132,6.37244],[2.38132,6.3867],[2.38179,6.3867],[2.39558,6.38389]]]},"properties":{"region":"Littoral","district":"Cotonou","floods_1m":1,"floods_2m":1,"floods_3m":1,"first_flood_m":1,"nests":true,"area_km2":2.261}},{"type":"Feature","geometry":{"type":"Polygon","coordinates":[[[2.40984,6.35819],[2.39558,6.35819],[2.39558,6.37244],[2.40984,6.37244],[2.40984,6.35819]]]},"properties":{"region":"Littoral","district":"Cotonou","floods_1m":1,"floods_2m":1,"floods_3m":1,"first_flood_m":1,"nests":true,"area_km2":2.497}},{"type":"Feature","geometry":{"type":"Polygon","coordinates":[[[2.48113,6.36845],[2.48113,6.35986],[2.48097,6.35986],[2.48097,6.36014],[2.48069,6.36014],[2.48069,6.35986],[2.48014,6.35986],[2.48014,6.36014],[2.47986,6.36014],[2.47986,6.35986],[2.47958,6.35986],[2.47958,6.36014],[2.47847,6.36014],[2.47847,6.36042],[2.47792,6.36042],[2.47792,6.35986],[2.47708,6.35986],[2.47708,6.35958],[2.4768,6.35958],[2.4768,6.35986],[2.47597,6.35986],[2.47597,6.36014],[2.47542,6.36014],[2.47542,6.36042],[2.47375,6.36042],[2.47375,6.36014],[2.47292,6.36014],[2.47292,6.35986],[2.47125,6.35986],[2.47125,6.35958],[2.46764,6.35958],[2.46764,6.3593],[2.46687,6.3593],[2.46687,6.36907],[2.47139,6.36778],[2.47722,6.36861],[2.48113,6.36845]]]},"properties":{"region":"Littoral","district":"Cotonou","floods_1m":1,"floods_2m":1,"floods_3m":1,"first_flood_m":1,"nests":true,"area_km2":1.482}},{"type":"Feature","geometry":{"type":"MultiPolygon","coordinates":[[[[2.42409,6.34375],[2.42375,6.34375],[2.42375,6.34393],[2.42409,6.34393],[2.42409,6.34375]]],[[[2.41875,6.34393],[2.42236,6.34393],[2.42236,6.34375],[2.41875,6.34375],[2.41875,6.34393]]],[[[2.4118,6.34393],[2.41708,6.34393],[2.41708,6.34375],[2.41458,6.34375],[2.41458,6.34347],[2.41347,6.34347],[2.41347,6.34319],[2.41292,6.34319],[2.41292,6.34347],[2.41236,6.34347],[2.41236,6.34375],[2.4118,6.34375],[2.4118,6.34393]]]]},"properties":{"region":"Littoral","district":"Cotonou","floods_1m":1,"floods_2m":1,"floods_3m":1,"first_flood_m":1,"nests":true,"area_km2":0.03}},{"type":"Feature","geometry":{"type":"MultiPolygon","coordinates":[[[[2.43835,6.35097],[2.43653,6.35097],[2.43653,6.35125],[2.43486,6.35125],[2.43486,6.35097],[2.43458,6.35097],[2.43458,6.35069],[2.43431,6.35069],[2.43431,6.34958],[2.43236,6.34958],[2.43236,6.34847],[2.43181,6.34847],[2.43181,6.34819],[2.43069,6.34819],[2.43069,6.34847],[2.42958,6.34847],[2.42958,6.34819],[2.42681,6.34819],[2.42681,6.34792],[2.42542,6.34792],[2.42542,6.34764],[2.42431,6.34764],[2.42431,6.34792],[2.42409,6.34792],[2.42409,6.35819],[2.43835,6.35819],[2.43835,6.35097]]],[[[2.42819,6.34393],[2.42708,6.34393],[2.42708,6.34403],[2.42458,6.34403],[2.42458,6.34393],[2.42409,6.34393],[2.42409,6.34625],[2.42431,6.34625],[2.42431,6.34597],[2.42458,6.34597],[2.42458,6.34569],[2.42542,6.34569],[2.42542,6.34597],[2.42653,6.34597],[2.42653,6.34569],[2.42681,6.34569],[2.42681,6.34542],[2.42708,6.34542],[2.42708,6.34486],[2.42736,6.34486],[2.42736,6.34458],[2.42792,6.34458],[2.42792,6.34431],[2.42819,6.34431],[2.42819,6.34393]]]]},"properties":{"region":"Littoral","district":"Cotonou","floods_1m":1,"floods_2m":1,"floods_3m":1,"first_flood_m":1,"nests":true,"area_km2":1.659}},{"type":"Feature","geometry":{"type":"Polygon","coordinates":[[[2.45261,6.35458],[2.45125,6.35458],[2.45125,6.35486],[2.45042,6.35486],[2.45042,6.35458],[2.44903,6.35458],[2.44903,6.35431],[2.44819,6.35431],[2.44819,6.35458],[2.44708,6.35458],[2.44708,6.35431],[2.44653,6.35431],[2.44653,6.35458],[2.44597,6.35458],[2.44597,6.35431],[2.44542,6.35431],[2.44542,6.35403],[2.44514,6.35403],[2.44514,6.35375],[2.44458,6.35375],[2.44458,6.35347],[2.4443,6.35347],[2.4443,6.3532],[2.44403,6.3532],[2.44403,6.35292],[2.4443,6.35292],[2.4443,6.35236],[2.44458,6.35236],[2.44458,6.35153],[2.44486,6.35153],[2.44486,6.35014],[2.44403,6.35014],[2.44403,6.34986],[2.4432,6.34986],[2.4432,6.35014],[2.44208,6.35014],[2.44208,6.35042],[2.44125,6.35042],[2.44125,6.35069],[2.43903,6.35069],[2.43903,6.35097],[2.43835,6.35097],[2.43835,6.35819],[2.45261,6.35819],[2.45261,6.35458]]]},"properties":{"region":"Littoral","district":"Cotonou","floods_1m":1,"floods_2m":1,"floods_3m":1,"first_flood_m":1,"nests":true,"area_km2":0.962}},{"type":"Feature","geometry":{"type":"Polygon","coordinates":[[[2.40984,6.34403],[2.40958,6.34403],[2.40958,6.34431],[2.40847,6.34431],[2.40847,6.34458],[2.40819,6.34458],[2.40819,6.34431],[2.40681,6.34431],[2.40681,6.34458],[2.40625,6.34458],[2.40625,6.34486],[2.40458,6.34486],[2.40458,6.34514],[2.40431,6.34514],[2.40431,6.34542],[2.40403,6.34542],[2.40403,6.34569],[2.40347,6.34569],[2.40347,6.34542],[2.40264,6.34542],[2.40264,6.34514],[2.40153,6.34514],[2.40153,6.34542],[2.40014,6.34542],[2.40014,6.34569],[2.39958,6.34569],[2.39958,6.34597],[2.39931,6.34597],[2.39931,6.34569],[2.39875,6.34569],[2.39875,6.34542],[2.39764,6.34542],[2.39764,6.34514],[2.39736,6.34514],[2.39736,6.34542],[2.39625,6.34542],[2.39625,6.34569],[2.3957,6.34569],[2.3957,6.34597],[2.39558,6.34597],[2.39558,6.35819],[2.40984,6.35819],[2.40984,6.34403]]]},"properties":{"region":"Littoral","district":"Cotonou","floods_1m":1,"floods_2m":1,"floods_3m":1,"first_flood_m":1,"nests":true,"area_km2":2.292}},{"type":"Feature","geometry":{"type":"Polygon","coordinates":[[[2.45261,6.37586],[2.45261,6.37244],[2.43835,6.37244],[2.43835,6.37722],[2.45261,6.37586]]]},"properties":{"region":"Littoral","district":"Cotonou","floods_1m":1,"floods_2m":1,"floods_3m":1,"first_flood_m":1,"nests":true,"area_km2":0.718}},{"type":"Feature","geometry":{"type":"Polygon","coordinates":[[[2.38132,6.37244],[2.36706,6.37244],[2.36706,6.37944],[2.36754,6.38048],[2.3701,6.38553],[2.37069,6.3867],[2.38132,6.3867],[2.38132,6.37244]]]},"properties":{"region":"Littoral","district":"Cotonou","floods_1m":1,"floods_2m":1,"floods_3m":1,"first_flood_m":1,"nests":true,"area_km2":2.338}},{"type":"Feature","geometry":{"type":"Polygon","coordinates":[[[2.43835,6.35819],[2.42409,6.35819],[2.42409,6.37244],[2.43835,6.37244],[2.43835,6.35819]]]},"properties":{"region":"Littoral","district":"Cotonou","floods_1m":1,"floods_2m":1,"floods_3m":1,"first_flood_m":1,"nests":true,"area_km2":2.497}},{"type":"Feature","geometry":{"type":"Polygon","coordinates":[[[2.40984,6.38115],[2.40984,6.37244],[2.39558,6.37244],[2.39558,6.38389],[2.40487,6.382],[2.40984,6.38115]]]},"properties":{"region":"Littoral","district":"Cotonou","floods_1m":1,"floods_2m":1,"floods_3m":1,"first_flood_m":1,"nests":true,"area_km2":1.757}},{"type":"Feature","geometry":{"type":"Polygon","coordinates":[[[2.42409,6.34792],[2.42403,6.34792],[2.42403,6.34819],[2.42264,6.34819],[2.42264,6.34792],[2.42236,6.34792],[2.42236,6.34764],[2.42208,6.34764],[2.42208,6.34736],[2.4218,6.34736],[2.4218,6.34708],[2.42153,6.34708],[2.42153,6.34681],[2.41958,6.34681],[2.41958,6.34625],[2.41986,6.34625],[2.41986,6.34597],[2.42014,6.34597],[2.42014,6.34569],[2.4207,6.34569],[2.4207,6.34542],[2.42264,6.34542],[2.42264,6.34514],[2.42292,6.34514],[2.42292,6.34597],[2.42319,6.34597],[2.42319,6.34625],[2.42409,6.34625],[2.42409,6.34393],[2.42375,6.34393],[2.42375,6.34431],[2.42347,6.34431],[2.42347,6.34458],[2.42319,6.34458],[2.42319,6.34486],[2.42264,6.34486],[2.42264,6.34431],[2.42236,6.34431],[2.42236,6.34393],[2.41875,6.34393],[2.41875,6.34403],[2.41847,6.34403],[2.41847,6.34431],[2.4182,6.34431],[2.4182,6.34458],[2.41764,6.34458],[2.41764,6.34431],[2.41736,6.34431],[2.41736,6.34403],[2.41708,6.34403],[2.41708,6.34393],[2.4118,6.34393],[2.4118,6.34403],[2.40984,6.34403],[2.40984,6.35819],[2.42409,6.35819],[2.42409,6.34792]]]},"properties":{"region":"Littoral","district":"Cotonou","floods_1m":1,"floods_2m":1,"floods_3m":1,"first_flood_m":1,"nests":true,"area_km2":2.382}},{"type":"Feature","geometry":{"type":"Polygon","coordinates":[[[2.45261,6.35458],[2.45261,6.35819],[2.46458,6.35819],[2.46458,6.35736],[2.46431,6.35736],[2.46431,6.3568],[2.46403,6.3568],[2.46403,6.35625],[2.46375,6.35625],[2.46375,6.35597],[2.46292,6.35597],[2.46292,6.35514],[2.46264,6.35514],[2.46264,6.35542],[2.46236,6.35542],[2.46236,6.35569],[2.46208,6.35569],[2.46208,6.35486],[2.46153,6.35486],[2.46153,6.35458],[2.46097,6.35458],[2.46097,6.35431],[2.46014,6.35431],[2.46014,6.35458],[2.45903,6.35458],[2.45903,6.35486],[2.45819,6.35486],[2.45819,6.35514],[2.45736,6.35514],[2.45736,6.35542],[2.45708,6.35542],[2.45708,6.35514],[2.45431,6.35514],[2.45431,6.35486],[2.45403,6.35486],[2.45403,6.35431],[2.45319,6.35431],[2.45319,6.35458],[2.45261,6.35458]]]},"properties":{"region":"Littoral","district":"Cotonou","floods_1m":1,"floods_2m":1,"floods_3m":1,"first_flood_m":1,"nests":true,"area_km2":0.458}},{"type":"Feature","geometry":{"type":"Polygon","coordinates":[[[2.42409,6.37878],[2.42409,6.37244],[2.40984,6.37244],[2.40984,6.38115],[2.42227,6.37903],[2.42409,6.37878]]]},"properties":{"region":"Littoral","district":"Cotonou","floods_1m":0,"floods_2m":1,"floods_3m":1,"first_flood_m":2,"nests":true,"area_km2":1.313}},{"type":"Feature","geometry":{"type":"Polygon","coordinates":[[[2.43835,6.37722],[2.43835,6.37244],[2.42409,6.37244],[2.42409,6.37878],[2.42904,6.3781],[2.43835,6.37722]]]},"properties":{"region":"Littoral","district":"Cotonou","floods_1m":1,"floods_2m":1,"floods_3m":1,"first_flood_m":1,"nests":true,"area_km2":0.962}},{"type":"Feature","geometry":{"type":"Polygon","coordinates":[[[2.39558,6.35819],[2.38132,6.35819],[2.38132,6.37244],[2.39558,6.37244],[2.39558,6.35819]]]},"properties":{"region":"Littoral","district":"Cotonou","floods_1m":1,"floods_2m":1,"floods_3m":1,"first_flood_m":1,"nests":true,"area_km2":2.497}},{"type":"Feature","geometry":{"type":"Polygon","coordinates":[[[2.39558,6.34597],[2.39458,6.34597],[2.39458,6.34625],[2.3943,6.34625],[2.3943,6.34653],[2.39403,6.34653],[2.39403,6.34708],[2.39375,6.34708],[2.39375,6.34764],[2.39347,6.34764],[2.39347,6.34792],[2.39236,6.34792],[2.39236,6.34764],[2.3918,6.34764],[2.3918,6.34736],[2.39153,6.34736],[2.39153,6.34708],[2.39097,6.34708],[2.39097,6.34736],[2.38986,6.34736],[2.38986,6.34764],[2.38958,6.34764],[2.38958,6.34792],[2.38931,6.34792],[2.38931,6.34847],[2.38903,6.34847],[2.38903,6.34875],[2.38875,6.34875],[2.38875,6.34958],[2.38847,6.34958],[2.38847,6.34986],[2.38764,6.34986],[2.38764,6.34903],[2.38792,6.34903],[2.38792,6.34819],[2.38764,6.34819],[2.38764,6.34764],[2.38681,6.34764],[2.38681,6.34792],[2.38597,6.34792],[2.38597,6.34819],[2.38347,6.34819],[2.38347,6.34847],[2.38132,6.34847],[2.38132,6.35819],[2.39558,6.35819],[2.39558,6.34597]]]},"properties":{"region":"Littoral","district":"Cotonou","floods_1m":1,"floods_2m":1,"floods_3m":1,"first_flood_m":1,"nests":true,"area_km2":1.809}},{"type":"Feature","geometry":{"type":"Polygon","coordinates":[[[2.45261,6.35819],[2.43835,6.35819],[2.43835,6.37244],[2.45261,6.37244],[2.45261,6.35819]]]},"properties":{"region":"Littoral","district":"Cotonou","floods_1m":1,"floods_2m":1,"floods_3m":1,"first_flood_m":1,"nests":true,"area_km2":2.497}},{"type":"Feature","geometry":{"type":"Polygon","coordinates":[[[2.36706,6.35819],[2.36248,6.35819],[2.36167,6.36765],[2.36386,6.37244],[2.36706,6.37244],[2.36706,6.35819]]]},"properties":{"region":"Littoral","district":"Cotonou","floods_1m":1,"floods_2m":1,"floods_3m":1,"first_flood_m":1,"nests":true,"area_km2":0.832}},{"type":"Feature","geometry":{"type":"Polygon","coordinates":[[[2.36706,6.37244],[2.36386,6.37244],[2.36706,6.37944],[2.36706,6.37244]]]},"properties":{"region":"Littoral","district":"Cotonou","floods_1m":0,"floods_2m":0,"floods_3m":1,"first_flood_m":3,"nests":true,"area_km2":0.138}},{"type":"Feature","geometry":{"type":"Polygon","coordinates":[[[2.36706,6.34958],[2.36347,6.34958],[2.36347,6.34986],[2.36288,6.34986],[2.36285,6.35398],[2.36248,6.35819],[2.36706,6.35819],[2.36706,6.34958]]]},"properties":{"region":"Littoral","district":"Cotonou","floods_1m":1,"floods_2m":1,"floods_3m":1,"first_flood_m":1,"nests":true,"area_km2":0.452}},{"type":"Feature","geometry":{"type":"Polygon","coordinates":[[[2.38132,6.3868],[2.38132,6.3867],[2.37069,6.3867],[2.37172,6.38875],[2.38132,6.3868]]]},"properties":{"region":"Littoral","district":"Cotonou","floods_1m":0,"floods_2m":0,"floods_3m":1,"first_flood_m":3,"nests":true,"area_km2":0.14}},{"type":"Feature","geometry":{"type":"Polygon","coordinates":[[[2.38132,6.35819],[2.36706,6.35819],[2.36706,6.37244],[2.38132,6.37244],[2.38132,6.35819]]]},"properties":{"region":"Littoral","district":"Cotonou","floods_1m":1,"floods_2m":1,"floods_3m":1,"first_flood_m":1,"nests":true,"area_km2":2.497}},{"type":"Feature","geometry":{"type":"Polygon","coordinates":[[[2.46687,6.36907],[2.46687,6.3593],[2.46653,6.3593],[2.46653,6.35903],[2.46486,6.35903],[2.46486,6.35875],[2.46458,6.35875],[2.46458,6.35819],[2.45261,6.35819],[2.45261,6.37244],[2.46159,6.37244],[2.46167,6.37194],[2.46556,6.36944],[2.46687,6.36907]]]},"properties":{"region":"Littoral","district":"Cotonou","floods_1m":0,"floods_2m":1,"floods_3m":1,"first_flood_m":2,"nests":true,"area_km2":2.338}},{"type":"Feature","geometry":{"type":"Polygon","coordinates":[[[1.83608,6.42948],[1.82526,6.42948],[1.82526,6.44373],[1.83325,6.44373],[1.83609,6.43053],[1.83608,6.42948]]]},"properties":{"region":"Mono","district":"Grand-Popo","floods_1m":0,"floods_2m":1,"floods_3m":1,"first_flood_m":2,"nests":true,"area_km2":1.666}},{"type":"Feature","geometry":{"type":"Polygon","coordinates":[[[1.83952,6.30115],[1.82526,6.30115],[1.82526,6.31541],[1.83952,6.31541],[1.83952,6.30115]]]},"properties":{"region":"Mono","district":"Grand-Popo","floods_1m":1,"floods_2m":1,"floods_3m":1,"first_flood_m":1,"nests":true,"area_km2":2.499}},{"type":"Feature","geometry":{"type":"Polygon","coordinates":[[[1.83952,6.32967],[1.82526,6.32967],[1.82526,6.33145],[1.82526,6.34393],[1.83952,6.34393],[1.83952,6.33145],[1.83952,6.32967]]]},"properties":{"region":"Mono","district":"Grand-Popo","floods_1m":1,"floods_2m":1,"floods_3m":1,"first_flood_m":1,"nests":true,"area_km2":2.499}},{"type":"Feature","geometry":{"type":"Polygon","coordinates":[[[1.86803,6.30115],[1.85378,6.30115],[1.85378,6.31541],[1.86803,6.31541],[1.86803,6.30115]]]},"properties":{"region":"Mono","district":"Grand-Popo","floods_1m":1,"floods_2m":1,"floods_3m":1,"first_flood_m":1,"nests":true,"area_km2":2.497}},{"type":"Feature","geometry":{"type":"Polygon","coordinates":[[[1.79674,6.41522],[1.78249,6.41522],[1.78249,6.42948],[1.79674,6.42948],[1.79674,6.41522]]]},"properties":{"region":"Mono","district":"Grand-Popo","floods_1m":1,"floods_2m":1,"floods_3m":1,"first_flood_m":1,"nests":true,"area_km2":2.497}},{"type":"Feature","geometry":{"type":"Polygon","coordinates":[[[1.78249,6.37244],[1.77998,6.37244],[1.77234,6.3774],[1.77131,6.3867],[1.78249,6.3867],[1.78249,6.37244]]]},"properties":{"region":"Mono","district":"Grand-Popo","floods_1m":1,"floods_2m":1,"floods_3m":1,"first_flood_m":1,"nests":true,"area_km2":1.605}},{"type":"Feature","geometry":{"type":"Polygon","coordinates":[[[1.91081,6.31541],[1.89655,6.31541],[1.89655,6.32967],[1.91081,6.32967],[1.91081,6.31541]]]},"properties":{"region":"Mono","district":"Grand-Popo","floods_1m":1,"floods_2m":1,"floods_3m":1,"first_flood_m":1,"nests":true,"area_km2":2.499}},{"type":"Feature","geometry":{"type":"Polygon","coordinates":[[[1.98004,6.32967],[1.96784,6.32967],[1.96784,6.33145],[1.96784,6.34152],[1.97962,6.34184],[1.97972,6.34167],[1.98028,6.33556],[1.98004,6.32967]]]},"properties":{"region":"Mono","district":"Grand-Popo","floods_1m":1,"floods_2m":1,"floods_3m":1,"first_flood_m":1,"nests":true,"area_km2":1.806}},{"type":"Feature","geometry":{"type":"Polygon","coordinates":[[[1.89655,6.32967],[1.88229,6.32967],[1.88229,6.33145],[1.88229,6.34393],[1.89655,6.34393],[1.89655,6.33145],[1.89655,6.32967]]]},"properties":{"region":"Mono","district":"Grand-Popo","floods_1m":1,"floods_2m":1,"floods_3m":1,"first_flood_m":1,"nests":true,"area_km2":2.499}},{"type":"Feature","geometry":{"type":"Polygon","coordinates":[[[1.98427,6.3118],[1.98319,6.3118],[1.98319,6.31208],[1.9821,6.31208],[1.9821,6.31342],[1.98389,6.31222],[1.98427,6.3118]]]},"properties":{"region":"Mono","district":"Grand-Popo","floods_1m":1,"floods_2m":1,"floods_3m":1,"first_flood_m":1,"nests":true,"area_km2":0.02}},{"type":"Feature","geometry":{"type":"MultiPolygon","coordinates":[[[[1.83952,6.28486],[1.83931,6.28486],[1.83931,6.28542],[1.83903,6.28542],[1.83903,6.2857],[1.83875,6.2857],[1.83875,6.28597],[1.83847,6.28597],[1.83847,6.28625],[1.83819,6.28625],[1.83819,6.28653],[1.83764,6.28653],[1.83764,6.28681],[1.83708,6.28681],[1.83708,6.2869],[1.83952,6.2869],[1.83952,6.28486]]],[[[1.83952,6.28292],[1.83952,6.28097],[1.83931,6.28097],[1.83931,6.28069],[1.83847,6.28069],[1.83847,6.28042],[1.83792,6.28042],[1.83792,6.28014],[1.83431,6.28014],[1.83431,6.27986],[1.83375,6.27986],[1.83375,6.27958],[1.83292,6.27958],[1.83292,6.2793],[1.83236,6.2793],[1.83236,6.27903],[1.83208,6.27903],[1.83208,6.27875],[1.8318,6.27875],[1.8318,6.27847],[1.83125,6.27847],[1.83125,6.27875],[1.83097,6.27875],[1.83097,6.27903],[1.82958,6.27903],[1.82958,6.27875],[1.82875,6.27875],[1.82875,6.27847],[1.82792,6.27847],[1.82792,6.27819],[1.82708,6.27819],[1.82708,6.27792],[1.82526,6.27792],[1.82526,6.2869],[1.83347,6.2869],[1.83347,6.28681],[1.83403,6.28681],[1.83403,6.28653],[1.83486,6.28653],[1.83486,6.28625],[1.83542,6.28625],[1.83542,6.28597],[1.83569,6.28597],[1.83569,6.28542],[1.83597,6.28542],[1.83597,6.28514],[1.83625,6.28514],[1.83625,6.28486],[1.83653,6.28486],[1.83653,6.28458],[1.83708,6.28458],[1.83708,6.28431],[1.83764,6.28431],[1.83764,6.28403],[1.83819,6.28403],[1.83819,6.28375],[1.83847,6.28375],[1.83847,6.28347],[1.83903,6.28347],[1.83903,6.2832],[1.83931,6.2832],[1.83931,6.28292],[1.83952,6.28292]]]]},"properties":{"region":"Mono","district":"Grand-Popo","floods_1m":1,"floods_2m":1,"floods_3m":1,"first_flood_m":1,"nests":true,"area_km2":1.216}},{"type":"Feature","geometry":{"type":"Polygon","coordinates":[[[1.79674,6.31541],[1.7915,6.32702],[1.78805,6.32886],[1.78762,6.32967],[1.79674,6.32967],[1.79674,6.31541]]]},"properties":{"region":"Mono","district":"Grand-Popo","floods_1m":1,"floods_2m":1,"floods_3m":1,"first_flood_m":1,"nests":true,"area_km2":0.62}},{"type":"Feature","geometry":{"type":"Polygon","coordinates":[[[1.82526,6.35819],[1.811,6.35819],[1.811,6.37244],[1.82526,6.37244],[1.82526,6.35819]]]},"properties":{"region":"Mono","district":"Grand-Popo","floods_1m":0,"floods_2m":1,"floods_3m":1,"first_flood_m":2,"nests":true,"area_km2":2.497}},{"type":"Feature","geometry":{"type":"Polygon","coordinates":[[[1.66842,6.24772],[1.66842,6.24412],[1.65416,6.24412],[1.65416,6.24865],[1.65602,6.24877],[1.66821,6.2476],[1.66842,6.24772]]]},"properties":{"region":"Mono","district":"Grand-Popo","floods_1m":1,"floods_2m":1,"floods_3m":1,"first_flood_m":1,"nests":true,"area_km2":0.723}},{"type":"Feature","geometry":{"type":"MultiPolygon","coordinates":[[[[1.91081,6.29903],[1.91069,6.29903],[1.91069,6.29875],[1.91042,6.29875],[1.91042,6.29847],[1.90986,6.29847],[1.90986,6.29819],[1.90903,6.29819],[1.90903,6.29792],[1.9082,6.29792],[1.9082,6.29764],[1.90764,6.29764],[1.90764,6.29736],[1.90708,6.29736],[1.90708,6.29708],[1.90681,6.29708],[1.90681,6.29681],[1.90569,6.29681],[1.90569,6.29653],[1.90514,6.29653],[1.90514,6.29625],[1.90486,6.29625],[1.90486,6.29653],[1.9043,6.29653],[1.9043,6.29708],[1.90375,6.29708],[1.90375,6.29792],[1.90208,6.29792],[1.90208,6.29764],[1.90125,6.29764],[1.90125,6.29736],[1.90069,6.29736],[1.90069,6.29708],[1.90014,6.29708],[1.90014,6.29681],[1.89958,6.29681],[1.89958,6.29653],[1.89931,6.29653],[1.89931,6.29625],[1.89903,6.29625],[1.89903,6.29597],[1.89875,6.29597],[1.89875,6.29569],[1.89847,6.29569],[1.89847,6.29542],[1.89736,6.29542],[1.89736,6.29514],[1.89655,6.29514],[1.89655,6.30115],[1.91081,6.30115],[1.91081,6.29903]]],[[[1.9043,6.29597],[1.9043,6.29542],[1.90514,6.29542],[1.90514,6.29514],[1.90569,6.29514],[1.90569,6.29458],[1.90542,6.29458],[1.90542,6.29431],[1.90514,6.29431],[1.90514,6.29403],[1.90375,6.29403],[1.90375,6.29431],[1.90292,6.29431],[1.90292,6.29458],[1.90264,6.29458],[1.90264,6.29486],[1.90236,6.29486],[1.90236,6.29569],[1.90292,6.29569],[1.90292,6.29597],[1.9043,6.29597]]],[[[1.89655,6.28875],[1.89655,6.29236],[1.89708,6.29236],[1.89708,6.29264],[1.89736,6.29264],[1.89736,6.29236],[1.89764,6.29236],[1.89764,6.29264],[1.89875,6.29264],[1.89875,6.29292],[1.89903,6.29292],[1.89903,6.29264],[1.89931,6.29264],[1.89931,6.29208],[1.89986,6.29208],[1.89986,6.29181],[1.90069,6.29181],[1.90069,6.29153],[1.90208,6.29153],[1.90208,6.29125],[1.9032,6.29125],[1.9032,6.29153],[1.90403,6.29153],[1.90403,6.29208],[1.9043,6.29208],[1.9043,6.29236],[1.90458,6.29236],[1.90458,6.29264],[1.90486,6.29264],[1.90486,6.29292],[1.90542,6.29292],[1.90542,6.29264],[1.9082,6.29264],[1.9082,6.29236],[1.90847,6.29236],[1.90847,6.29181],[1.90736,6.29181],[1.90736,6.29153],[1.90514,6.29153],[1.90514,6.29097],[1.90486,6.29097],[1.90486,6.29069],[1.90458,6.29069],[1.90458,6.29042],[1.9043,6.29042],[1.9043,6.29014],[1.90403,6.29014],[1.90403,6.28986],[1.90208,6.28986],[1.90208,6.28958],[1.89847,6.28958],[1.89847,6.28931],[1.89819,6.28931],[1.89819,6.28903],[1.89708,6.28903],[1.89708,6.28875],[1.89655,6.28875]]]]},"properties":{"region":"Mono","district":"Grand-Popo","floods_1m":1,"floods_2m":1,"floods_3m":1,"first_flood_m":1,"nests":true,"area_km2":1.065}},{"type":"Feature","geometry":{"type":"Polygon","coordinates":[[[1.78249,6.42948],[1.76823,6.42948],[1.76823,6.43431],[1.76933,6.43482],[1.77308,6.44373],[1.78249,6.44373],[1.78249,6.42948]]]},"properties":{"region":"Mono","district":"Grand-Popo","floods_1m":1,"floods_2m":1,"floods_3m":1,"first_flood_m":1,"nests":true,"area_km2":2.168}},{"type":"Feature","geometry":{"type":"Polygon","coordinates":[[[1.82526,6.34393],[1.811,6.34393],[1.811,6.35819],[1.82526,6.35819],[1.82526,6.34393]]]},"properties":{"region":"Mono","district":"Grand-Popo","floods_1m":1,"floods_2m":1,"floods_3m":1,"first_flood_m":1,"nests":true,"area_km2":2.499}},{"type":"Feature","geometry":{"type":"Polygon","coordinates":[[[1.83952,6.366],[1.83952,6.35819],[1.82526,6.35819],[1.82526,6.37244],[1.83605,6.37244],[1.83952,6.366]]]},"properties":{"region":"Mono","district":"Grand-Popo","floods_1m":0,"floods_2m":1,"floods_3m":1,"first_flood_m":2,"nests":true,"area_km2":2.36}},{"type":"Feature","geometry":{"type":"MultiPolygon","coordinates":[[[[1.96784,6.30847],[1.96764,6.30847],[1.96764,6.30875],[1.96736,6.30875],[1.96736,6.30903],[1.96708,6.30903],[1.96708,6.30931],[1.96625,6.30931],[1.96625,6.30958],[1.96597,6.30958],[1.96597,6.31014],[1.96542,6.31014],[1.96542,6.31042],[1.96514,6.31042],[1.96514,6.31069],[1.96431,6.3107],[1.96431,6.31097],[1.96292,6.31097],[1.96292,6.3107],[1.96236,6.3107],[1.96236,6.31097],[1.9607,6.31097],[1.9607,6.3107],[1.96042,6.31069],[1.96042,6.30986],[1.95958,6.30986],[1.95958,6.31014],[1.95764,6.31014],[1.95764,6.30986],[1.95708,6.30986],[1.95708,6.30958],[1.9568,6.30958],[1.9568,6.30986],[1.95625,6.30986],[1.95625,6.31014],[1.95514,6.31014],[1.95514,6.31042],[1.95358,6.31042],[1.95358,6.31541],[1.96784,6.31541],[1.96784,6.30847]]],[[[1.95358,6.3032],[1.95358,6.30958],[1.95514,6.30958],[1.95514,6.30931],[1.95597,6.30931],[1.95597,6.30903],[1.9568,6.30903],[1.9568,6.30875],[1.95736,6.30875],[1.95736,6.30903],[1.95792,6.30903],[1.95792,6.30931],[1.95958,6.30931],[1.95958,6.30903],[1.96014,6.30903],[1.96014,6.30875],[1.95958,6.30875],[1.95958,6.30847],[1.95847,6.30847],[1.95847,6.30764],[1.95875,6.30764],[1.95875,6.30708],[1.95903,6.30708],[1.95903,6.30681],[1.95931,6.30681],[1.95931,6.30542],[1.95875,6.30542],[1.95875,6.30486],[1.95847,6.30486],[1.95847,6.30458],[1.95819,6.30458],[1.95819,6.3032],[1.95792,6.3032],[1.95792,6.30292],[1.9557,6.30292],[1.9557,6.3032],[1.95358,6.3032]]],[[[1.95458,6.30115],[1.95358,6.30115],[1.95358,6.30153],[1.95458,6.30153],[1.95458,6.30115]]]]},"properties":{"region":"Mono","district":"Grand-Popo","floods_1m":1,"floods_2m":1,"floods_3m":1,"first_flood_m":1,"nests":true,"area_km2":1.311}},{"type":"Feature","geometry":{"type":"MultiPolygon","coordinates":[[[[1.92506,6.2993],[1.92486,6.2993],[1.92486,6.29903],[1.92403,6.29903],[1.92403,6.29875],[1.92097,6.29875],[1.92097,6.29903],[1.91958,6.29903],[1.91958,6.2993],[1.91875,6.2993],[1.91875,6.29958],[1.91819,6.29958],[1.91819,6.29986],[1.91764,6.29986],[1.91764,6.30069],[1.91736,6.30069],[1.91736,6.30115],[1.92506,6.30115],[1.92506,6.2993]]],[[[1.91081,6.29903],[1.91081,6.30115],[1.91569,6.30115],[1.91569,6.30097],[1.91597,6.30097],[1.91597,6.30014],[1.91569,6.30014],[1.91569,6.29986],[1.91514,6.29986],[1.91514,6.29958],[1.91375,6.29958],[1.91375,6.2993],[1.91264,6.2993],[1.91264,6.29903],[1.91081,6.29903]]],[[[1.91681,6.29875],[1.91681,6.29847],[1.91708,6.29847],[1.91708,6.29764],[1.91681,6.29764],[1.91681,6.29736],[1.91625,6.29736],[1.91625,6.29708],[1.91569,6.29708],[1.91569,6.29681],[1.91458,6.29681],[1.91458,6.29708],[1.91403,6.29708],[1.91403,6.29681],[1.91264,6.29681],[1.91264,6.29708],[1.91236,6.29708],[1.91236,6.29764],[1.91264,6.29764],[1.91264,6.29792],[1.91292,6.29792],[1.91292,6.29819],[1.91319,6.29819],[1.91319,6.29847],[1.91403,6.29847],[1.91403,6.29875],[1.91681,6.29875]]]]},"properties":{"region":"Mono","district":"Grand-Popo","floods_1m":1,"floods_2m":1,"floods_3m":1,"first_flood_m":1,"nests":true,"area_km2":0.393}},{"type":"Feature","geometry":{"type":"Polygon","coordinates":[[[1.75397,6.26181],[1.75347,6.26181],[1.75347,6.26153],[1.75319,6.26153],[1.75319,6.26125],[1.74986,6.26125],[1.74986,6.26097],[1.74931,6.26097],[1.74931,6.26069],[1.74847,6.26069],[1.74847,6.26042],[1.74792,6.26042],[1.74792,6.26014],[1.7468,6.26014],[1.7468,6.25986],[1.74458,6.25986],[1.74458,6.25958],[1.74347,6.25958],[1.74347,6.25931],[1.7418,6.25931],[1.7418,6.25903],[1.74125,6.25903],[1.74125,6.25875],[1.74097,6.25875],[1.74097,6.25903],[1.74042,6.25903],[1.74042,6.25875],[1.74014,6.25875],[1.74014,6.25847],[1.73971,6.25847],[1.73971,6.2663],[1.74898,6.27111],[1.75397,6.27134],[1.75397,6.26181]]]},"properties":{"region":"Mono","district":"Grand-Popo","floods_1m":1,"floods_2m":1,"floods_3m":1,"first_flood_m":1,"nests":true,"area_km2":1.648}},{"type":"Feature","geometry":{"type":"Polygon","coordinates":[[[1.83285,6.40096],[1.83097,6.39159],[1.83198,6.3867],[1.82526,6.3867],[1.82526,6.40096],[1.83285,6.40096]]]},"properties":{"region":"Mono","district":"Grand-Popo","floods_1m":1,"floods_2m":1,"floods_3m":1,"first_flood_m":1,"nests":true,"area_km2":1.139}},{"type":"Feature","geometry":{"type":"MultiPolygon","coordinates":[[[[1.86803,6.28597],[1.86792,6.28597],[1.86792,6.2857],[1.86625,6.2857],[1.86625,6.28542],[1.86542,6.28542],[1.86542,6.28514],[1.86486,6.28514],[1.86486,6.28542],[1.86458,6.28542],[1.86458,6.2857],[1.86181,6.2857],[1.86181,6.28542],[1.86042,6.28542],[1.86042,6.28514],[1.85819,6.28514],[1.85819,6.28486],[1.85764,6.28486],[1.85764,6.28458],[1.8568,6.28458],[1.8568,6.2857],[1.85708,6.2857],[1.85708,6.28597],[1.85736,6.28597],[1.85736,6.28653],[1.85764,6.28653],[1.85764,6.28681],[1.85847,6.28681],[1.85847,6.2869],[1.86803,6.2869],[1.86803,6.28597]]],[[[1.85378,6.28653],[1.85378,6.2869],[1.85458,6.2869],[1.85458,6.28653],[1.85378,6.28653]]]]},"properties":{"region":"Mono","district":"Grand-Popo","floods_1m":1,"floods_2m":1,"floods_3m":1,"first_flood_m":1,"nests":true,"area_km2":0.204}},{"type":"Feature","geometry":{"type":"Polygon","coordinates":[[[1.811,6.34393],[1.79674,6.34393],[1.79674,6.35819],[1.811,6.35819],[1.811,6.34393]]]},"properties":{"region":"Mono","district":"Grand-Popo","floods_1m":1,"floods_2m":1,"floods_3m":1,"first_flood_m":1,"nests":true,"area_km2":2.499}},{"type":"Feature","geometry":{"type":"Polygon","coordinates":[[[1.78249,6.36774],[1.78016,6.37233],[1.77998,6.37244],[1.78249,6.37244],[1.78249,6.36774]]]},"properties":{"region":"Mono","district":"Grand-Popo","floods_1m":1,"floods_2m":1,"floods_3m":1,"first_flood_m":1,"nests":true,"area_km2":0.069}},{"type":"Feature","geometry":{"type":"Polygon","coordinates":[[[1.98,6.32276],[1.98,6.32167],[1.97974,6.31541],[1.96784,6.31541],[1.96784,6.32967],[1.98004,6.32967],[1.98,6.32861],[1.98,6.32276]]]},"properties":{"region":"Mono","district":"Grand-Popo","floods_1m":1,"floods_2m":1,"floods_3m":1,"first_flood_m":1,"nests":true,"area_km2":2.121}},{"type":"Feature","geometry":{"type":"Polygon","coordinates":[[[1.95358,6.32967],[1.93932,6.32967],[1.93932,6.33145],[1.93932,6.3408],[1.94025,6.34078],[1.95358,6.34114],[1.95358,6.33145],[1.95358,6.32967]]]},"properties":{"region":"Mono","district":"Grand-Popo","floods_1m":1,"floods_2m":1,"floods_3m":1,"first_flood_m":1,"nests":true,"area_km2":1.977}},{"type":"Feature","geometry":{"type":"Polygon","coordinates":[[[1.72545,6.25597],[1.72542,6.25597],[1.72542,6.25569],[1.72431,6.25569],[1.72431,6.25542],[1.72403,6.25542],[1.72403,6.25514],[1.72264,6.25514],[1.72264,6.25486],[1.72125,6.25486],[1.72125,6.25458],[1.72014,6.25458],[1.72014,6.2543],[1.71764,6.2543],[1.71764,6.25403],[1.71736,6.25403],[1.71736,6.25375],[1.71708,6.25375],[1.71708,6.25403],[1.71625,6.25403],[1.71625,6.25375],[1.71458,6.25375],[1.71458,6.25347],[1.71208,6.25347],[1.71208,6.25319],[1.7112,6.25319],[1.7112,6.25762],[1.71362,6.25838],[1.72545,6.25838],[1.72545,6.25597]]]},"properties":{"region":"Mono","district":"Grand-Popo","floods_1m":1,"floods_2m":1,"floods_3m":1,"first_flood_m":1,"nests":true,"area_km2":0.706}},{"type":"Feature","geometry":{"type":"Polygon","coordinates":[[[1.78249,6.3867],[1.77131,6.3867],[1.77075,6.39167],[1.77421,6.39442],[1.76938,6.39834],[1.76939,6.40096],[1.78249,6.40096],[1.78249,6.3867]]]},"properties":{"region":"Mono","district":"Grand-Popo","floods_1m":1,"floods_2m":1,"floods_3m":1,"first_flood_m":1,"nests":true,"area_km2":1.975}},{"type":"Feature","geometry":{"type":"Polygon","coordinates":[[[1.811,6.45799],[1.79674,6.45799],[1.79674,6.46019],[1.80053,6.46086],[1.811,6.46204],[1.811,6.45799]]]},"properties":{"region":"Mono","district":"Grand-Popo","floods_1m":0,"floods_2m":0,"floods_3m":1,"first_flood_m":3,"nests":true,"area_km2":0.563}},{"type":"Feature","geometry":{"type":"Polygon","coordinates":[[[1.79674,6.44373],[1.78249,6.44373],[1.78249,6.45799],[1.79674,6.45799],[1.79674,6.44373]]]},"properties":{"region":"Mono","district":"Grand-Popo","floods_1m":0,"floods_2m":1,"floods_3m":1,"first_flood_m":2,"nests":true,"area_km2":2.497}},{"type":"Feature","geometry":{"type":"Polygon","coordinates":[[[1.82201,6.45799],[1.82526,6.45472],[1.82526,6.44373],[1.811,6.44373],[1.811,6.45799],[1.82201,6.45799]]]},"properties":{"region":"Mono","district":"Grand-Popo","floods_1m":0,"floods_2m":0,"floods_3m":1,"first_flood_m":3,"nests":true,"area_km2":2.433}},{"type":"Feature","geometry":{"type":"Polygon","coordinates":[[[1.88229,6.30115],[1.86803,6.30115],[1.86803,6.31541],[1.88229,6.31541],[1.88229,6.30115]]]},"properties":{"region":"Mono","district":"Grand-Popo","floods_1m":1,"floods_2m":1,"floods_3m":1,"first_flood_m":1,"nests":true,"area_km2":2.499}},{"type":"Feature","geometry":{"type":"Polygon","coordinates":[[[1.66842,6.24264],[1.6682,6.24264],[1.6682,6.24181],[1.66681,6.24181],[1.66681,6.24153],[1.6643,6.24153],[1.6643,6.24181],[1.6632,6.24181],[1.6632,6.24208],[1.66153,6.24208],[1.66153,6.24181],[1.66042,6.24181],[1.66042,6.24153],[1.65931,6.24153],[1.65931,6.24125],[1.65736,6.24125],[1.65736,6.24097],[1.65625,6.24097],[1.65625,6.24069],[1.65514,6.24069],[1.65514,6.24042],[1.65416,6.24042],[1.65416,6.24412],[1.66842,6.24412],[1.66842,6.24264]]]},"properties":{"region":"Mono","district":"Grand-Popo","floods_1m":1,"floods_2m":1,"floods_3m":1,"first_flood_m":1,"nests":true,"area_km2":0.466}},{"type":"Feature","geometry":{"type":"Polygon","coordinates":[[[1.79674,6.34393],[1.78784,6.34393],[1.78919,6.35048],[1.78637,6.35819],[1.79674,6.35819],[1.79674,6.34393]]]},"properties":{"region":"Mono","district":"Grand-Popo","floods_1m":1,"floods_2m":1,"floods_3m":1,"first_flood_m":1,"nests":true,"area_km2":1.511}},{"type":"Feature","geometry":{"type":"Polygon","coordinates":[[[1.63991,6.23708],[1.63903,6.23708],[1.63903,6.23681],[1.63681,6.23681],[1.63681,6.23653],[1.63458,6.23653],[1.63458,6.23625],[1.63347,6.23625],[1.63347,6.23597],[1.63264,6.23597],[1.63264,6.23569],[1.6318,6.23569],[1.6318,6.23542],[1.63014,6.23542],[1.63014,6.23514],[1.6288,6.23514],[1.62956,6.24237],[1.6345,6.24412],[1.63991,6.24412],[1.63991,6.23708]]]},"properties":{"region":"Mono","district":"Grand-Popo","floods_1m":1,"floods_2m":1,"floods_3m":1,"first_flood_m":1,"nests":true,"area_km2":0.983}},{"type":"Feature","geometry":{"type":"Polygon","coordinates":[[[1.89655,6.31541],[1.88229,6.31541],[1.88229,6.32967],[1.89655,6.32967],[1.89655,6.31541]]]},"properties":{"region":"Mono","district":"Grand-Popo","floods_1m":1,"floods_2m":1,"floods_3m":1,"first_flood_m":1,"nests":true,"area_km2":2.499}},{"type":"Feature","geometry":{"type":"Polygon","coordinates":[[[1.78249,6.26708],[1.78153,6.26708],[1.78153,6.26681],[1.78097,6.26681],[1.78097,6.26653],[1.77819,6.26653],[1.77819,6.26625],[1.77681,6.26625],[1.77681,6.26597],[1.77625,6.26597],[1.77625,6.26569],[1.77542,6.26569],[1.77542,6.26542],[1.77375,6.26542],[1.77375,6.26514],[1.77153,6.26514],[1.77153,6.26486],[1.77125,6.26486],[1.77125,6.26458],[1.77069,6.26458],[1.77069,6.26431],[1.77014,6.26431],[1.77014,6.26403],[1.7693,6.26403],[1.7693,6.26375],[1.76875,6.26375],[1.76875,6.26347],[1.76823,6.26347],[1.76823,6.27264],[1.78249,6.27264],[1.78249,6.26708]]]},"properties":{"region":"Mono","district":"Grand-Popo","floods_1m":1,"floods_2m":1,"floods_3m":1,"first_flood_m":1,"nests":true,"area_km2":1.239}},{"type":"Feature","geometry":{"type":"Polygon","coordinates":[[[1.79674,6.3867],[1.78249,6.3867],[1.78249,6.40096],[1.79674,6.40096],[1.79674,6.3867]]]},"properties":{"region":"Mono","district":"Grand-Popo","floods_1m":1,"floods_2m":1,"floods_3m":1,"first_flood_m":1,"nests":true,"area_km2":2.497}},{"type":"Feature","geometry":{"type":"Polygon","coordinates":[[[1.82526,6.42948],[1.811,6.42948],[1.811,6.44373],[1.82526,6.44373],[1.82526,6.42948]]]},"properties":{"region":"Mono","district":"Grand-Popo","floods_1m":1,"floods_2m":1,"floods_3m":1,"first_flood_m":1,"nests":true,"area_km2":2.497}},{"type":"Feature","geometry":{"type":"Polygon","coordinates":[[[1.811,6.3867],[1.79674,6.3867],[1.79674,6.40096],[1.811,6.40096],[1.811,6.3867]]]},"properties":{"region":"Mono","district":"Grand-Popo","floods_1m":1,"floods_2m":1,"floods_3m":1,"first_flood_m":1,"nests":true,"area_km2":2.499}},{"type":"Feature","geometry":{"type":"Polygon","coordinates":[[[1.82526,6.30115],[1.811,6.30115],[1.811,6.31541],[1.82526,6.31541],[1.82526,6.30115]]]},"properties":{"region":"Mono","district":"Grand-Popo","floods_1m":1,"floods_2m":1,"floods_3m":1,"first_flood_m":1,"nests":true,"area_km2":2.499}},{"type":"Feature","geometry":{"type":"Polygon","coordinates":[[[1.811,6.44373],[1.79674,6.44373],[1.79674,6.45799],[1.811,6.45799],[1.811,6.44373]]]},"properties":{"region":"Mono","district":"Grand-Popo","floods_1m":0,"floods_2m":0,"floods_3m":1,"first_flood_m":3,"nests":true,"area_km2":2.498}},{"type":"Feature","geometry":{"type":"Polygon","coordinates":[[[1.79674,6.42948],[1.78249,6.42948],[1.78249,6.44373],[1.79674,6.44373],[1.79674,6.42948]]]},"properties":{"region":"Mono","district":"Grand-Popo","floods_1m":1,"floods_2m":1,"floods_3m":1,"first_flood_m":1,"nests":true,"area_km2":2.495}},{"type":"Feature","geometry":{"type":"Polygon","coordinates":[[[1.78249,6.28129],[1.78249,6.27264],[1.76823,6.27264],[1.76823,6.27435],[1.76898,6.2748],[1.7699,6.28216],[1.77841,6.28147],[1.78249,6.28129]]]},"properties":{"region":"Mono","district":"Grand-Popo","floods_1m":1,"floods_2m":1,"floods_3m":1,"first_flood_m":1,"nests":true,"area_km2":1.482}},{"type":"Feature","geometry":{"type":"Polygon","coordinates":[[[1.69694,6.25042],[1.69542,6.25042],[1.69542,6.25014],[1.69458,6.25014],[1.69458,6.24986],[1.69403,6.24986],[1.69403,6.24958],[1.69264,6.24958],[1.69264,6.2493],[1.69097,6.2493],[1.69097,6.24903],[1.68958,6.24903],[1.68958,6.24875],[1.68903,6.24875],[1.68903,6.24847],[1.68875,6.24847],[1.68875,6.2482],[1.68847,6.2482],[1.68847,6.24792],[1.68653,6.24792],[1.68653,6.24764],[1.6857,6.24764],[1.6857,6.24736],[1.68542,6.24736],[1.68542,6.24764],[1.68431,6.24764],[1.68431,6.24736],[1.68268,6.24736],[1.68268,6.2542],[1.68983,6.25332],[1.6942,6.25699],[1.69694,6.25703],[1.69694,6.25042]]]},"properties":{"region":"Mono","district":"Grand-Popo","floods_1m":1,"floods_2m":1,"floods_3m":1,"first_flood_m":1,"nests":true,"area_km2":1.061}},{"type":"Feature","geometry":{"type":"Polygon","coordinates":[[[1.68268,6.2542],[1.68268,6.24736],[1.68264,6.24736],[1.68264,6.24708],[1.68236,6.24708],[1.68236,6.24681],[1.68181,6.24681],[1.68181,6.24653],[1.68153,6.24653],[1.68153,6.24625],[1.68125,6.24625],[1.68125,6.24597],[1.68069,6.24597],[1.68069,6.2457],[1.67847,6.2457],[1.67847,6.24542],[1.67792,6.24542],[1.67792,6.24514],[1.67708,6.24514],[1.67708,6.24486],[1.67597,6.24486],[1.67597,6.24458],[1.67514,6.24458],[1.67514,6.24431],[1.67458,6.24431],[1.67458,6.24412],[1.66842,6.24412],[1.66842,6.24772],[1.6804,6.25448],[1.68268,6.2542]]]},"properties":{"region":"Mono","district":"Grand-Popo","floods_1m":1,"floods_2m":1,"floods_3m":1,"first_flood_m":1,"nests":true,"area_km2":1.177}},{"type":"Feature","geometry":{"type":"Polygon","coordinates":[[[1.76823,6.42948],[1.76049,6.42948],[1.75982,6.43039],[1.76823,6.43431],[1.76823,6.42948]]]},"properties":{"region":"Mono","district":"Grand-Popo","floods_1m":1,"floods_2m":1,"floods_3m":1,"first_flood_m":1,"nests":true,"area_km2":0.293}},{"type":"Feature","geometry":{"type":"Polygon","coordinates":[[[1.72545,6.25838],[1.71362,6.25838],[1.72227,6.26109],[1.72545,6.26189],[1.72545,6.25838]]]},"properties":{"region":"Mono","district":"Grand-Popo","floods_1m":1,"floods_2m":1,"floods_3m":1,"first_flood_m":1,"nests":true,"area_km2":0.266}},{"type":"Feature","geometry":{"type":"Polygon","coordinates":[[[1.79674,6.30115],[1.79031,6.30115],[1.78921,6.30287],[1.79674,6.30685],[1.79674,6.30115]]]},"properties":{"region":"Mono","district":"Grand-Popo","floods_1m":1,"floods_2m":1,"floods_3m":1,"first_flood_m":1,"nests":true,"area_km2":0.332}},{"type":"Feature","geometry":{"type":"Polygon","coordinates":[[[1.76823,6.27264],[1.76533,6.27264],[1.76823,6.27435],[1.76823,6.27264]]]},"properties":{"region":"Mono","district":"Grand-Popo","floods_1m":0,"floods_2m":1,"floods_3m":1,"first_flood_m":2,"nests":true,"area_km2":0.03}},{"type":"Feature","geometry":{"type":"Polygon","coordinates":[[[1.79674,6.40096],[1.78249,6.40096],[1.78249,6.41522],[1.79674,6.41522],[1.79674,6.40096]]]},"properties":{"region":"Mono","district":"Grand-Popo","floods_1m":1,"floods_2m":1,"floods_3m":1,"first_flood_m":1,"nests":true,"area_km2":2.497}},{"type":"Feature","geometry":{"type":"Polygon","coordinates":[[[1.86803,6.31541],[1.85378,6.31541],[1.85378,6.32967],[1.86803,6.32967],[1.86803,6.31541]]]},"properties":{"region":"Mono","district":"Grand-Popo","floods_1m":1,"floods_2m":1,"floods_3m":1,"first_flood_m":1,"nests":true,"area_km2":2.497}},{"type":"Feature","geometry":{"type":"Polygon","coordinates":[[[1.811,6.30115],[1.79674,6.30115],[1.79674,6.30685],[1.79748,6.30724],[1.79794,6.31276],[1.79674,6.31541],[1.811,6.31541],[1.811,6.30115]]]},"properties":{"region":"Mono","district":"Grand-Popo","floods_1m":1,"floods_2m":1,"floods_3m":1,"first_flood_m":1,"nests":true,"area_km2":2.412}},{"type":"Feature","geometry":{"type":"MultiPolygon","coordinates":[[[[1.92506,6.30375],[1.92375,6.30375],[1.92375,6.30403],[1.92181,6.30403],[1.92181,6.30375],[1.92153,6.30375],[1.92153,6.30403],[1.92097,6.30403],[1.92097,6.30431],[1.91986,6.30431],[1.91986,6.30458],[1.91958,6.30458],[1.91958,6.30514],[1.91792,6.30514],[1.91792,6.30486],[1.91736,6.30486],[1.91736,6.30458],[1.91708,6.30458],[1.91708,6.30431],[1.91681,6.30431],[1.91681,6.30403],[1.91653,6.30403],[1.91653,6.30375],[1.91625,6.30375],[1.91625,6.30292],[1.91597,6.30292],[1.91597,6.30264],[1.91569,6.30264],[1.91569,6.30115],[1.91081,6.30115],[1.91081,6.31541],[1.92239,6.31541],[1.92506,6.31541],[1.92506,6.30375]]],[[[1.92506,6.30236],[1.92506,6.30115],[1.91736,6.30115],[1.91736,6.30264],[1.91764,6.30264],[1.91764,6.30292],[1.91792,6.30292],[1.91792,6.30347],[1.91819,6.30347],[1.91819,6.30375],[1.91847,6.30375],[1.91847,6.30403],[1.91958,6.30403],[1.91958,6.30375],[1.92069,6.30375],[1.92069,6.30347],[1.92125,6.30347],[1.92125,6.3032],[1.92153,6.3032],[1.92153,6.30292],[1.92208,6.30292],[1.92208,6.30236],[1.92239,6.30236],[1.92506,6.30236]]]]},"properties":{"region":"Mono","district":"Grand-Popo","floods_1m":1,"floods_2m":1,"floods_3m":1,"first_flood_m":1,"nests":true,"area_km2":2.326}},{"type":"Feature","geometry":{"type":"Polygon","coordinates":[[[1.82526,6.41522],[1.811,6.41522],[1.811,6.42948],[1.82526,6.42948],[1.82526,6.41522]]]},"properties":{"region":"Mono","district":"Grand-Popo","floods_1m":1,"floods_2m":1,"floods_3m":1,"first_flood_m":1,"nests":true,"area_km2":2.498}},{"type":"Feature","geometry":{"type":"Polygon","coordinates":[[[1.86803,6.34393],[1.85378,6.34393],[1.85378,6.35221],[1.86803,6.35251],[1.86803,6.34393]]]},"properties":{"region":"Mono","district":"Grand-Popo","floods_1m":1,"floods_2m":1,"floods_3m":1,"first_flood_m":1,"nests":true,"area_km2":1.476}},{"type":"Feature","geometry":{"type":"Polygon","coordinates":[[[1.85378,6.30115],[1.83952,6.30115],[1.83952,6.31541],[1.85378,6.31541],[1.85378,6.30115]]]},"properties":{"region":"Mono","district":"Grand-Popo","floods_1m":1,"floods_2m":1,"floods_3m":1,"first_flood_m":1,"nests":true,"area_km2":2.499}},{"type":"Feature","geometry":{"type":"Polygon","coordinates":[[[1.65416,6.24412],[1.63991,6.24412],[1.63991,6.24604],[1.64567,6.24809],[1.65416,6.24865],[1.65416,6.24412]]]},"properties":{"region":"Mono","district":"Grand-Popo","floods_1m":1,"floods_2m":1,"floods_3m":1,"first_flood_m":1,"nests":true,"area_km2":0.652}},{"type":"Feature","geometry":{"type":"Polygon","coordinates":[[[1.93932,6.3408],[1.93932,6.33145],[1.93932,6.32967],[1.92506,6.32967],[1.92506,6.34111],[1.93932,6.3408]]]},"properties":{"region":"Mono","district":"Grand-Popo","floods_1m":1,"floods_2m":1,"floods_3m":1,"first_flood_m":1,"nests":true,"area_km2":1.978}},{"type":"Feature","geometry":{"type":"MultiPolygon","coordinates":[[[[1.85378,6.28653],[1.85375,6.28653],[1.85375,6.28625],[1.85292,6.28625],[1.85292,6.28597],[1.85264,6.28597],[1.85264,6.28625],[1.85097,6.28625],[1.85097,6.28653],[1.85125,6.28653],[1.85125,6.2869],[1.85378,6.2869],[1.85378,6.28653]]],[[[1.83952,6.28486],[1.83952,6.2869],[1.84958,6.2869],[1.84958,6.28681],[1.84986,6.28681],[1.84986,6.28597],[1.84903,6.28597],[1.84903,6.2857],[1.84847,6.2857],[1.84847,6.28542],[1.84819,6.28542],[1.84819,6.28514],[1.84736,6.28514],[1.84736,6.28486],[1.84681,6.28486],[1.84681,6.28431],[1.8457,6.28431],[1.8457,6.28403],[1.84375,6.28403],[1.84375,6.28375],[1.84347,6.28375],[1.84347,6.28403],[1.84181,6.28403],[1.84181,6.28431],[1.84153,6.28431],[1.84153,6.28458],[1.84125,6.28458],[1.84125,6.28431],[1.84097,6.28431],[1.84097,6.28458],[1.84069,6.28458],[1.84069,6.28431],[1.84042,6.28431],[1.84042,6.28458],[1.83986,6.28458],[1.83986,6.28486],[1.83952,6.28486]]],[[[1.83952,6.28097],[1.83952,6.28292],[1.83986,6.28292],[1.83986,6.28236],[1.84097,6.28236],[1.84097,6.28208],[1.84236,6.28208],[1.84236,6.28236],[1.84458,6.28236],[1.84458,6.28264],[1.84514,6.28264],[1.84514,6.28236],[1.8457,6.28236],[1.8457,6.28264],[1.84653,6.28264],[1.84653,6.28292],[1.84764,6.28292],[1.84764,6.2832],[1.84847,6.2832],[1.84847,6.28347],[1.84875,6.28347],[1.84875,6.2832],[1.84931,6.2832],[1.84931,6.28347],[1.84986,6.28347],[1.84986,6.28375],[1.85208,6.28375],[1.85208,6.28347],[1.85264,6.28347],[1.85264,6.2832],[1.85236,6.2832],[1.85236,6.28264],[1.8518,6.28264],[1.8518,6.28236],[1.8507,6.28236],[1.8507,6.28208],[1.84903,6.28208],[1.84903,6.28181],[1.84847,6.28181],[1.84847,6.28208],[1.84819,6.28208],[1.84819,6.28181],[1.84708,6.28181],[1.84708,6.28153],[1.8457,6.28153],[1.8457,6.28125],[1.8443,6.28125],[1.8443,6.28097],[1.84236,6.28097],[1.84236,6.28125],[1.84097,6.28125],[1.84097,6.28097],[1.83952,6.28097]]]]},"properties":{"region":"Mono","district":"Grand-Popo","floods_1m":1,"floods_2m":1,"floods_3m":1,"first_flood_m":1,"nests":true,"area_km2":0.521}},{"type":"Feature","geometry":{"type":"Polygon","coordinates":[[[1.811,6.2869],[1.8047,6.2869],[1.80186,6.29068],[1.79674,6.29269],[1.79674,6.30115],[1.811,6.30115],[1.811,6.2869]]]},"properties":{"region":"Mono","district":"Grand-Popo","floods_1m":1,"floods_2m":1,"floods_3m":1,"first_flood_m":1,"nests":true,"area_km2":2.13}},{"type":"Feature","geometry":{"type":"Polygon","coordinates":[[[1.65416,6.24042],[1.65403,6.24042],[1.65403,6.24014],[1.65319,6.24014],[1.65319,6.23986],[1.65264,6.23986],[1.65264,6.23958],[1.65181,6.23958],[1.65181,6.23931],[1.65125,6.23931],[1.65125,6.23903],[1.64764,6.23903],[1.64764,6.23875],[1.64708,6.23875],[1.64708,6.23847],[1.64597,6.23847],[1.64597,6.23819],[1.64458,6.23819],[1.64458,6.23792],[1.64347,6.23792],[1.64347,6.23764],[1.64181,6.23764],[1.64181,6.23736],[1.64069,6.23736],[1.64069,6.23708],[1.63991,6.23708],[1.63991,6.24412],[1.65416,6.24412],[1.65416,6.24042]]]},"properties":{"region":"Mono","district":"Grand-Popo","floods_1m":1,"floods_2m":1,"floods_3m":1,"first_flood_m":1,"nests":true,"area_km2":0.974}},{"type":"Feature","geometry":{"type":"Polygon","coordinates":[[[1.79674,6.27153],[1.79674,6.27264],[1.80208,6.27264],[1.80208,6.27264],[1.80042,6.27264],[1.80042,6.27236],[1.79958,6.27236],[1.79958,6.27208],[1.79792,6.27208],[1.79792,6.27181],[1.79681,6.27181],[1.79681,6.27153],[1.79674,6.27153]]]},"properties":{"region":"Mono","district":"Grand-Popo","floods_1m":1,"floods_2m":1,"floods_3m":1,"first_flood_m":1,"nests":true,"area_km2":0.027}},{"type":"Feature","geometry":{"type":"MultiPolygon","coordinates":[[[[1.95358,6.30097],[1.95264,6.30097],[1.95264,6.30069],[1.95236,6.30069],[1.95236,6.30042],[1.95097,6.30042],[1.95097,6.30014],[1.94986,6.30014],[1.94986,6.29986],[1.94875,6.29986],[1.94875,6.30014],[1.94903,6.30014],[1.94903,6.30042],[1.94986,6.30042],[1.94986,6.30069],[1.95014,6.30069],[1.95014,6.30097],[1.95069,6.30097],[1.95069,6.30115],[1.95358,6.30115],[1.95358,6.30097]]],[[[1.94236,6.30042],[1.94236,6.29986],[1.94458,6.29986],[1.94458,6.29958],[1.94542,6.29958],[1.94542,6.29986],[1.94569,6.29986],[1.94569,6.29875],[1.94292,6.29875],[1.94292,6.29903],[1.94181,6.29903],[1.94181,6.2993],[1.94153,6.2993],[1.94153,6.29986],[1.94125,6.29986],[1.94125,6.30014],[1.94153,6.30014],[1.94153,6.30042],[1.94236,6.30042]]],[[[1.94875,6.29986],[1.94875,6.29958],[1.94736,6.29958],[1.94736,6.2993],[1.94653,6.2993],[1.94653,6.29958],[1.94625,6.29958],[1.94625,6.29986],[1.94653,6.29986],[1.94653,6.30014],[1.94792,6.30014],[1.94792,6.29986],[1.94875,6.29986]]],[[[1.93932,6.29542],[1.93932,6.29736],[1.93958,6.29736],[1.93958,6.29708],[1.93986,6.29708],[1.93986,6.29542],[1.93932,6.29542]]]]},"properties":{"region":"Mono","district":"Grand-Popo","floods_1m":1,"floods_2m":1,"floods_3m":1,"first_flood_m":1,"nests":true,"area_km2":0.117}},{"type":"Feature","geometry":{"type":"Polygon","coordinates":[[[1.90641,6.34393],[1.90667,6.34376],[1.91081,6.3429],[1.91081,6.33145],[1.91081,6.32967],[1.89655,6.32967],[1.89655,6.33145],[1.89655,6.34393],[1.90641,6.34393]]]},"properties":{"region":"Mono","district":"Grand-Popo","floods_1m":1,"floods_2m":1,"floods_3m":1,"first_flood_m":1,"nests":true,"area_km2":2.468}},{"type":"Feature","geometry":{"type":"Polygon","coordinates":[[[1.93932,6.31541],[1.92506,6.31541],[1.92506,6.32967],[1.93932,6.32967],[1.93932,6.31541]]]},"properties":{"region":"Mono","district":"Grand-Popo","floods_1m":1,"floods_2m":1,"floods_3m":1,"first_flood_m":1,"nests":true,"area_km2":2.499}},{"type":"Feature","geometry":{"type":"Polygon","coordinates":[[[1.92506,6.31541],[1.92239,6.31541],[1.91081,6.31541],[1.91081,6.32967],[1.92239,6.32967],[1.92506,6.32967],[1.92506,6.31541]]]},"properties":{"region":"Mono","district":"Grand-Popo","floods_1m":1,"floods_2m":1,"floods_3m":1,"first_flood_m":1,"nests":true,"area_km2":2.497}},{"type":"Feature","geometry":{"type":"Polygon","coordinates":[[[1.76823,6.26347],[1.76458,6.26347],[1.76458,6.26319],[1.76347,6.26319],[1.76347,6.26292],[1.76292,6.26292],[1.76292,6.26264],[1.76208,6.26264],[1.76208,6.26236],[1.75986,6.26236],[1.75986,6.26208],[1.75847,6.26208],[1.75847,6.26181],[1.75681,6.26181],[1.75681,6.26153],[1.75653,6.26153],[1.75653,6.26181],[1.75625,6.26181],[1.75625,6.26208],[1.75569,6.26208],[1.75569,6.26181],[1.75397,6.26181],[1.75397,6.27134],[1.76392,6.27181],[1.76533,6.27264],[1.76823,6.27264],[1.76823,6.26347]]]},"properties":{"region":"Mono","district":"Grand-Popo","floods_1m":1,"floods_2m":1,"floods_3m":1,"first_flood_m":1,"nests":true,"area_km2":1.631}},{"type":"Feature","geometry":{"type":"Polygon","coordinates":[[[1.79674,6.37244],[1.78249,6.37244],[1.78249,6.3867],[1.79674,6.3867],[1.79674,6.37244]]]},"properties":{"region":"Mono","district":"Grand-Popo","floods_1m":1,"floods_2m":1,"floods_3m":1,"first_flood_m":1,"nests":true,"area_km2":2.497}},{"type":"Feature","geometry":{"type":"Polygon","coordinates":[[[1.95358,6.30097],[1.95358,6.30115],[1.95458,6.30115],[1.95458,6.30069],[1.95403,6.30069],[1.95403,6.30097],[1.95358,6.30097]]]},"properties":{"region":"Mono","district":"Grand-Popo","floods_1m":1,"floods_2m":1,"floods_3m":1,"first_flood_m":1,"nests":true,"area_km2":0.004}},{"type":"Feature","geometry":{"type":"Polygon","coordinates":[[[1.83571,6.41522],[1.83285,6.40096],[1.82526,6.40096],[1.82526,6.41522],[1.83571,6.41522]]]},"properties":{"region":"Mono","district":"Grand-Popo","floods_1m":1,"floods_2m":1,"floods_3m":1,"first_flood_m":1,"nests":true,"area_km2":1.58}},{"type":"Feature","geometry":{"type":"Polygon","coordinates":[[[1.82526,6.37244],[1.811,6.37244],[1.811,6.3867],[1.82526,6.3867],[1.82526,6.37244]]]},"properties":{"region":"Mono","district":"Grand-Popo","floods_1m":1,"floods_2m":1,"floods_3m":1,"first_flood_m":1,"nests":true,"area_km2":2.499}},{"type":"Feature","geometry":{"type":"Polygon","coordinates":[[[1.78249,6.41522],[1.77576,6.41522],[1.77608,6.41604],[1.7731,6.41972],[1.76823,6.42327],[1.76823,6.42948],[1.78249,6.42948],[1.78249,6.41522]]]},"properties":{"region":"Mono","district":"Grand-Popo","floods_1m":1,"floods_2m":1,"floods_3m":1,"first_flood_m":1,"nests":true,"area_km2":2.027}},{"type":"Feature","geometry":{"type":"Polygon","coordinates":[[[1.83952,6.31541],[1.82526,6.31541],[1.82526,6.32967],[1.83952,6.32967],[1.83952,6.31541]]]},"properties":{"region":"Mono","district":"Grand-Popo","floods_1m":1,"floods_2m":1,"floods_3m":1,"first_flood_m":1,"nests":true,"area_km2":2.499}},{"type":"Feature","geometry":{"type":"Polygon","coordinates":[[[1.96784,6.32967],[1.95358,6.32967],[1.95358,6.33145],[1.95358,6.34114],[1.96784,6.34152],[1.96784,6.33145],[1.96784,6.32967]]]},"properties":{"region":"Mono","district":"Grand-Popo","floods_1m":1,"floods_2m":1,"floods_3m":1,"first_flood_m":1,"nests":true,"area_km2":2.043}},{"type":"Feature","geometry":{"type":"Polygon","coordinates":[[[1.91081,6.30115],[1.89655,6.30115],[1.89655,6.31541],[1.91081,6.31541],[1.91081,6.30115]]]},"properties":{"region":"Mono","district":"Grand-Popo","floods_1m":1,"floods_2m":1,"floods_3m":1,"first_flood_m":1,"nests":true,"area_km2":2.499}},{"type":"Feature","geometry":{"type":"Polygon","coordinates":[[[1.88229,6.32967],[1.86803,6.32967],[1.86803,6.33145],[1.86803,6.34393],[1.88229,6.34393],[1.88229,6.33145],[1.88229,6.32967]]]},"properties":{"region":"Mono","district":"Grand-Popo","floods_1m":1,"floods_2m":1,"floods_3m":1,"first_flood_m":1,"nests":true,"area_km2":2.499}},{"type":"Feature","geometry":{"type":"MultiPolygon","coordinates":[[[[1.93932,6.31292],[1.93681,6.31292],[1.93681,6.31264],[1.93458,6.31264],[1.93458,6.31236],[1.93375,6.31236],[1.93375,6.31208],[1.93208,6.31208],[1.93208,6.3118],[1.93125,6.3118],[1.93125,6.31153],[1.9307,6.31153],[1.9307,6.31125],[1.92875,6.31125],[1.92875,6.31097],[1.92847,6.31097],[1.92847,6.3107],[1.92819,6.31069],[1.92819,6.31042],[1.92792,6.31042],[1.92792,6.30903],[1.92764,6.30903],[1.92764,6.30847],[1.92736,6.30847],[1.92736,6.30792],[1.92708,6.30792],[1.92708,6.30736],[1.9268,6.30736],[1.9268,6.30653],[1.92653,6.30653],[1.92653,6.3057],[1.92597,6.3057],[1.92597,6.30542],[1.92569,6.30542],[1.92569,6.30403],[1.92514,6.30403],[1.92514,6.30375],[1.92506,6.30375],[1.92506,6.31541],[1.93932,6.31541],[1.93932,6.31292]]],[[[1.93932,6.31208],[1.93932,6.30153],[1.93819,6.30153],[1.93819,6.30115],[1.9343,6.30115],[1.9343,6.30125],[1.93097,6.30125],[1.93097,6.30115],[1.92792,6.30115],[1.92792,6.30125],[1.92764,6.30125],[1.92764,6.30153],[1.92736,6.30153],[1.92736,6.30236],[1.92708,6.30236],[1.92708,6.30292],[1.92736,6.30292],[1.92736,6.30347],[1.92764,6.30347],[1.92764,6.3057],[1.92792,6.3057],[1.92792,6.30597],[1.92819,6.30597],[1.92819,6.30625],[1.92847,6.30625],[1.92847,6.30708],[1.92875,6.30708],[1.92875,6.30792],[1.92847,6.30792],[1.92847,6.30875],[1.92875,6.30875],[1.92875,6.30931],[1.92903,6.30931],[1.92903,6.30986],[1.92958,6.30986],[1.92958,6.31014],[1.92986,6.31014],[1.92986,6.31042],[1.93042,6.31042],[1.93042,6.31069],[1.9307,6.3107],[1.9307,6.31097],[1.93181,6.31097],[1.93181,6.31125],[1.93292,6.31125],[1.93292,6.31153],[1.93403,6.31153],[1.93403,6.3118],[1.93514,6.3118],[1.93514,6.31208],[1.93819,6.31208],[1.93819,6.31236],[1.9393,6.31236],[1.9393,6.31208],[1.93932,6.31208]]],[[[1.92708,6.30115],[1.92506,6.30115],[1.92506,6.30236],[1.92625,6.30236],[1.92625,6.30264],[1.92653,6.30264],[1.92653,6.30181],[1.9268,6.30181],[1.92681,6.30125],[1.92708,6.30125],[1.92708,6.30115]]]]},"properties":{"region":"Mono","district":"Grand-Popo","floods_1m":1,"floods_2m":1,"floods_3m":1,"first_flood_m":1,"nests":true,"area_km2":2.217}},{"type":"Feature","geometry":{"type":"Polygon","coordinates":[[[1.85378,6.32967],[1.83952,6.32967],[1.83952,6.33145],[1.83952,6.34393],[1.85378,6.34393],[1.85378,6.33145],[1.85378,6.32967]]]},"properties":{"region":"Mono","district":"Grand-Popo","floods_1m":1,"floods_2m":1,"floods_3m":1,"first_flood_m":1,"nests":true,"area_km2":2.499}},{"type":"Feature","geometry":{"type":"Polygon","coordinates":[[[1.96784,6.31541],[1.95358,6.31541],[1.95358,6.32967],[1.96784,6.32967],[1.96784,6.31541]]]},"properties":{"region":"Mono","district":"Grand-Popo","floods_1m":1,"floods_2m":1,"floods_3m":1,"first_flood_m":1,"nests":true,"area_km2":2.499}},{"type":"Feature","geometry":{"type":"Polygon","coordinates":[[[1.63991,6.24412],[1.6345,6.24412],[1.63991,6.24604],[1.63991,6.24412]]]},"properties":{"region":"Mono","district":"Grand-Popo","floods_1m":1,"floods_2m":1,"floods_3m":1,"first_flood_m":1,"nests":true,"area_km2":0.064}},{"type":"Feature","geometry":{"type":"Polygon","coordinates":[[[1.85378,6.35221],[1.85378,6.34393],[1.83952,6.34393],[1.83952,6.35819],[1.84372,6.35819],[1.84494,6.35592],[1.85239,6.35218],[1.85378,6.35221]]]},"properties":{"region":"Mono","district":"Grand-Popo","floods_1m":1,"floods_2m":1,"floods_3m":1,"first_flood_m":1,"nests":true,"area_km2":2.0}},{"type":"Feature","geometry":{"type":"MultiPolygon","coordinates":[[[[1.9343,6.30115],[1.93819,6.30115],[1.93819,6.30097],[1.93792,6.30097],[1.93792,6.30069],[1.93764,6.30069],[1.93764,6.30042],[1.93736,6.30042],[1.93736,6.30014],[1.93653,6.30014],[1.93653,6.30042],[1.93597,6.30042],[1.93597,6.30069],[1.93542,6.30069],[1.93542,6.30097],[1.9343,6.30097],[1.9343,6.30115]]],[[[1.92792,6.30115],[1.93097,6.30115],[1.93097,6.30097],[1.9307,6.30097],[1.9307,6.30069],[1.93014,6.30069],[1.93014,6.30042],[1.92903,6.30042],[1.92903,6.30069],[1.92847,6.30069],[1.92847,6.30097],[1.92792,6.30097],[1.92792,6.30115]]],[[[1.92506,6.2993],[1.92506,6.30115],[1.92708,6.30115],[1.92708,6.30097],[1.92736,6.30097],[1.92736,6.30069],[1.92764,6.30069],[1.92764,6.30014],[1.92792,6.30014],[1.92792,6.29986],[1.92736,6.29986],[1.92736,6.29958],[1.92708,6.29958],[1.92708,6.29986],[1.92569,6.29986],[1.92569,6.29958],[1.92514,6.29958],[1.92514,6.2993],[1.92506,6.2993]]],[[[1.93486,6.29847],[1.93486,6.29819],[1.93597,6.29819],[1.93597,6.29792],[1.93653,6.29792],[1.93653,6.29736],[1.93542,6.29736],[1.93542,6.29681],[1.93514,6.29681],[1.93514,6.29653],[1.93486,6.29653],[1.93486,6.29625],[1.93375,6.29625],[1.93375,6.29653],[1.93347,6.29653],[1.93347,6.29681],[1.93319,6.29681],[1.93319,6.29708],[1.93292,6.29708],[1.93292,6.29736],[1.93264,6.29736],[1.93264,6.29764],[1.93292,6.29764],[1.93292,6.29819],[1.93319,6.29819],[1.93319,6.29847],[1.93486,6.29847]]],[[[1.93932,6.29542],[1.93875,6.29542],[1.93875,6.29514],[1.93819,6.29514],[1.93819,6.29486],[1.93792,6.29486],[1.93792,6.29458],[1.93347,6.29458],[1.93347,6.29431],[1.93319,6.29431],[1.93319,6.29458],[1.93292,6.29458],[1.93292,6.29486],[1.93264,6.29486],[1.93264,6.29514],[1.93292,6.29514],[1.93292,6.29542],[1.9357,6.29542],[1.9357,6.29569],[1.93708,6.29569],[1.93708,6.29597],[1.93764,6.29597],[1.93764,6.29625],[1.93819,6.29625],[1.93819,6.29653],[1.93847,6.29653],[1.93847,6.29681],[1.93875,6.29681],[1.93875,6.29708],[1.93903,6.29708],[1.93903,6.29736],[1.93932,6.29736],[1.93932,6.29542]]],[[[1.93042,6.29486],[1.93042,6.29458],[1.93208,6.29458],[1.93208,6.29431],[1.93264,6.29431],[1.93264,6.29403],[1.93236,6.29403],[1.93236,6.29375],[1.92986,6.29375],[1.92986,6.29403],[1.92958,6.29403],[1.92958,6.29431],[1.92875,6.29431],[1.92875,6.29458],[1.92903,6.29458],[1.92903,6.29486],[1.93042,6.29486]]]]},"properties":{"region":"Mono","district":"Grand-Popo","floods_1m":1,"floods_2m":1,"floods_3m":1,"first_flood_m":1,"nests":true,"area_km2":0.281}},{"type":"Feature","geometry":{"type":"Polygon","coordinates":[[[1.811,6.27486],[1.81069,6.27486],[1.81069,6.27458],[1.81014,6.27458],[1.81014,6.27431],[1.80931,6.2743],[1.80931,6.27403],[1.80792,6.27403],[1.80792,6.27375],[1.80597,6.27375],[1.80597,6.27347],[1.80542,6.27347],[1.80542,6.27319],[1.8043,6.27319],[1.8043,6.27292],[1.80208,6.27292],[1.80208,6.27264],[1.79674,6.27264],[1.79674,6.28067],[1.79934,6.28056],[1.80669,6.28424],[1.8047,6.2869],[1.811,6.2869],[1.811,6.27486]]]},"properties":{"region":"Mono","district":"Grand-Popo","floods_1m":1,"floods_2m":1,"floods_3m":1,"first_flood_m":1,"nests":true,"area_km2":1.815}},{"type":"Feature","geometry":{"type":"Polygon","coordinates":[[[1.89655,6.35005],[1.89655,6.34393],[1.88229,6.34393],[1.88229,6.35333],[1.88266,6.35335],[1.89655,6.35005]]]},"properties":{"region":"Mono","district":"Grand-Popo","floods_1m":1,"floods_2m":1,"floods_3m":1,"first_flood_m":1,"nests":true,"area_km2":1.369}},{"type":"Feature","geometry":{"type":"Polygon","coordinates":[[[1.79674,6.32967],[1.78762,6.32967],[1.78275,6.33898],[1.78459,6.33944],[1.78781,6.34381],[1.78784,6.34393],[1.79674,6.34393],[1.79674,6.33145],[1.79674,6.32967]]]},"properties":{"region":"Mono","district":"Grand-Popo","floods_1m":1,"floods_2m":1,"floods_3m":1,"first_flood_m":1,"nests":true,"area_km2":1.975}},{"type":"Feature","geometry":{"type":"Polygon","coordinates":[[[1.79674,6.35819],[1.78637,6.35819],[1.78389,6.36497],[1.78249,6.36774],[1.78249,6.37244],[1.79674,6.37244],[1.79674,6.35819]]]},"properties":{"region":"Mono","district":"Grand-Popo","floods_1m":1,"floods_2m":1,"floods_3m":1,"first_flood_m":1,"nests":true,"area_km2":2.251}},{"type":"Feature","geometry":{"type":"Polygon","coordinates":[[[1.85378,6.31541],[1.83952,6.31541],[1.83952,6.32967],[1.85378,6.32967],[1.85378,6.31541]]]},"properties":{"region":"Mono","district":"Grand-Popo","floods_1m":1,"floods_2m":1,"floods_3m":1,"first_flood_m":1,"nests":true,"area_km2":2.499}},{"type":"Feature","geometry":{"type":"Polygon","coordinates":[[[1.82526,6.3867],[1.811,6.3867],[1.811,6.40096],[1.82526,6.40096],[1.82526,6.3867]]]},"properties":{"region":"Mono","district":"Grand-Popo","floods_1m":1,"floods_2m":1,"floods_3m":1,"first_flood_m":1,"nests":true,"area_km2":2.499}},{"type":"Feature","geometry":{"type":"Polygon","coordinates":[[[1.82526,6.31541],[1.811,6.31541],[1.811,6.32967],[1.82526,6.32967],[1.82526,6.31541]]]},"properties":{"region":"Mono","district":"Grand-Popo","floods_1m":1,"floods_2m":1,"floods_3m":1,"first_flood_m":1,"nests":true,"area_km2":2.499}},{"type":"Feature","geometry":{"type":"MultiPolygon","coordinates":[[[[1.86803,6.29097],[1.86736,6.29097],[1.86736,6.29069],[1.86653,6.29069],[1.86653,6.29042],[1.86625,6.29042],[1.86625,6.29014],[1.86375,6.29014],[1.86375,6.29042],[1.86236,6.29042],[1.86236,6.29069],[1.85958,6.29069],[1.85958,6.29097],[1.85875,6.29097],[1.85875,6.29069],[1.85847,6.29069],[1.85847,6.29097],[1.8557,6.29097],[1.8557,6.29069],[1.85458,6.29069],[1.85458,6.29042],[1.85431,6.29042],[1.85431,6.29014],[1.85378,6.29014],[1.85378,6.30115],[1.86803,6.30115],[1.86803,6.29097]]],[[[1.85458,6.2869],[1.85378,6.2869],[1.85378,6.28903],[1.85403,6.28903],[1.85403,6.28931],[1.85431,6.28931],[1.85431,6.28958],[1.85458,6.28958],[1.85458,6.28986],[1.85486,6.28986],[1.85486,6.29014],[1.85597,6.29014],[1.85597,6.29042],[1.85819,6.29042],[1.85819,6.29014],[1.85903,6.29014],[1.85903,6.29042],[1.85931,6.29042],[1.85931,6.29014],[1.86097,6.29014],[1.86097,6.28958],[1.86069,6.28958],[1.86069,6.28931],[1.86042,6.28931],[1.86042,6.28903],[1.85847,6.28903],[1.85847,6.28875],[1.85819,6.28875],[1.85819,6.28847],[1.85792,6.28847],[1.85792,6.28819],[1.85708,6.28819],[1.85708,6.28792],[1.85653,6.28792],[1.85653,6.28764],[1.85597,6.28764],[1.85597,6.28736],[1.85514,6.28736],[1.85514,6.28708],[1.85458,6.28708],[1.85458,6.2869]]],[[[1.86803,6.2869],[1.85847,6.2869],[1.85847,6.28708],[1.86292,6.28708],[1.86292,6.28736],[1.86569,6.28736],[1.86569,6.28708],[1.86736,6.28708],[1.86736,6.28736],[1.86803,6.28736],[1.86803,6.2869]]]]},"properties":{"region":"Mono","district":"Grand-Popo","floods_1m":1,"floods_2m":1,"floods_3m":1,"first_flood_m":1,"nests":true,"area_km2":2.052}},{"type":"Feature","geometry":{"type":"Polygon","coordinates":[[[1.811,6.42948],[1.79674,6.42948],[1.79674,6.44373],[1.811,6.44373],[1.811,6.42948]]]},"properties":{"region":"Mono","district":"Grand-Popo","floods_1m":1,"floods_2m":1,"floods_3m":1,"first_flood_m":1,"nests":true,"area_km2":2.497}},{"type":"Feature","geometry":{"type":"Polygon","coordinates":[[[1.83952,6.34393],[1.82526,6.34393],[1.82526,6.35819],[1.83952,6.35819],[1.83952,6.34393]]]},"properties":{"region":"Mono","district":"Grand-Popo","floods_1m":1,"floods_2m":1,"floods_3m":1,"first_flood_m":1,"nests":true,"area_km2":2.499}},{"type":"Feature","geometry":{"type":"Polygon","coordinates":[[[1.88229,6.31541],[1.86803,6.31541],[1.86803,6.32967],[1.88229,6.32967],[1.88229,6.31541]]]},"properties":{"region":"Mono","district":"Grand-Popo","floods_1m":1,"floods_2m":1,"floods_3m":1,"first_flood_m":1,"nests":true,"area_km2":2.499}},{"type":"Feature","geometry":{"type":"MultiPolygon","coordinates":[[[[1.95358,6.31042],[1.95319,6.31042],[1.95319,6.31014],[1.95264,6.31014],[1.95264,6.30986],[1.95236,6.30986],[1.95236,6.30931],[1.95209,6.30931],[1.95209,6.30903],[1.95181,6.30903],[1.95181,6.30875],[1.95125,6.30875],[1.95125,6.30847],[1.95069,6.30847],[1.95069,6.3082],[1.95014,6.3082],[1.95014,6.30792],[1.94958,6.30792],[1.94958,6.30764],[1.94792,6.30764],[1.94792,6.30792],[1.94597,6.30792],[1.94597,6.3082],[1.94569,6.3082],[1.94569,6.30847],[1.94514,6.30847],[1.94514,6.30875],[1.94486,6.30875],[1.94486,6.30903],[1.94458,6.30903],[1.94458,6.30931],[1.94431,6.30931],[1.94431,6.30958],[1.94403,6.30958],[1.94403,6.30986],[1.94375,6.30986],[1.94375,6.31014],[1.94347,6.31014],[1.94347,6.31042],[1.94319,6.31042],[1.94319,6.31069],[1.94292,6.3107],[1.94292,6.31097],[1.94264,6.31097],[1.94264,6.31125],[1.94236,6.31125],[1.94236,6.31153],[1.94208,6.31153],[1.94208,6.3118],[1.94181,6.3118],[1.94181,6.31208],[1.94125,6.31208],[1.94125,6.31236],[1.94069,6.31236],[1.94069,6.31264],[1.94014,6.31264],[1.94014,6.31292],[1.93932,6.31292],[1.93932,6.31541],[1.95358,6.31541],[1.95358,6.31042]]],[[[1.95358,6.30958],[1.95358,6.3032],[1.95347,6.3032],[1.95347,6.30347],[1.95292,6.30347],[1.95292,6.3032],[1.95236,6.3032],[1.95236,6.30292],[1.95181,6.30292],[1.95181,6.30264],[1.95125,6.30264],[1.95125,6.30236],[1.95069,6.30236],[1.95069,6.30208],[1.94708,6.30208],[1.94708,6.30181],[1.94597,6.30181],[1.94597,6.30153],[1.94403,6.30153],[1.94403,6.30181],[1.94236,6.30181],[1.94236,6.30153],[1.93932,6.30153],[1.93932,6.31208],[1.93986,6.31208],[1.93986,6.3118],[1.94014,6.3118],[1.94014,6.31153],[1.94069,6.31153],[1.94069,6.31125],[1.94125,6.31125],[1.94125,6.31097],[1.94181,6.31097],[1.94181,6.3107],[1.94208,6.31069],[1.94208,6.31042],[1.94236,6.31042],[1.94236,6.31014],[1.94292,6.31014],[1.94292,6.30986],[1.94319,6.30986],[1.94319,6.30958],[1.94347,6.30958],[1.94347,6.30931],[1.94375,6.30931],[1.94375,6.30903],[1.94403,6.30903],[1.94403,6.30875],[1.94431,6.30875],[1.94431,6.30847],[1.94458,6.30847],[1.94458,6.3082],[1.94486,6.3082],[1.94486,6.30792],[1.94514,6.30792],[1.94514,6.30764],[1.94542,6.30764],[1.94542,6.30736],[1.94569,6.30736],[1.94569,6.30708],[1.94764,6.30708],[1.94764,6.30681],[1.94986,6.30681],[1.94986,6.30708],[1.95042,6.30708],[1.95042,6.30736],[1.95097,6.30736],[1.95097,6.30764],[1.95125,6.30764],[1.95125,6.30792],[1.95181,6.30792],[1.95181,6.3082],[1.95236,6.3082],[1.95236,6.30847],[1.95264,6.30847],[1.95264,6.30875],[1.95292,6.30875],[1.95292,6.30931],[1.95319,6.30931],[1.95319,6.30958],[1.95358,6.30958]]],[[[1.95358,6.30153],[1.95358,6.30115],[1.95069,6.30115],[1.95069,6.30125],[1.95153,6.30125],[1.95153,6.30153],[1.95236,6.30153],[1.95236,6.30181],[1.95292,6.30181],[1.95292,6.30153],[1.95358,6.30153]]]]},"properties":{"region":"Mono","district":"Grand-Popo","floods_1m":1,"floods_2m":1,"floods_3m":1,"first_flood_m":1,"nests":true,"area_km2":2.195}},{"type":"Feature","geometry":{"type":"Polygon","coordinates":[[[1.7112,6.25319],[1.71097,6.25319],[1.71097,6.25292],[1.70847,6.25292],[1.70847,6.25264],[1.70764,6.25264],[1.70764,6.25236],[1.70653,6.25236],[1.70653,6.25208],[1.70542,6.25208],[1.70542,6.2518],[1.70403,6.2518],[1.70403,6.25153],[1.70319,6.25153],[1.70319,6.25125],[1.70236,6.25125],[1.70236,6.25153],[1.70042,6.25153],[1.70042,6.25125],[1.69986,6.25125],[1.69986,6.25097],[1.69903,6.25097],[1.69903,6.2507],[1.69847,6.2507],[1.69847,6.25042],[1.69694,6.25042],[1.69694,6.25703],[1.70984,6.2572],[1.7112,6.25762],[1.7112,6.25319]]]},"properties":{"region":"Mono","district":"Grand-Popo","floods_1m":1,"floods_2m":1,"floods_3m":1,"first_flood_m":1,"nests":true,"area_km2":0.939}},{"type":"Feature","geometry":{"type":"Polygon","coordinates":[[[1.83952,6.2869],[1.83708,6.2869],[1.83708,6.28708],[1.83681,6.28708],[1.83681,6.28736],[1.83653,6.28736],[1.83653,6.28764],[1.83597,6.28764],[1.83597,6.28792],[1.83514,6.28792],[1.83514,6.28819],[1.83403,6.28819],[1.83403,6.28792],[1.83375,6.28792],[1.83375,6.28819],[1.83264,6.28819],[1.83264,6.28847],[1.83014,6.28847],[1.83014,6.28764],[1.82986,6.28764],[1.82986,6.28736],[1.83236,6.28736],[1.83236,6.28708],[1.83347,6.28708],[1.83347,6.2869],[1.82526,6.2869],[1.82526,6.30115],[1.83952,6.30115],[1.83952,6.2869]]]},"properties":{"region":"Mono","district":"Grand-Popo","floods_1m":1,"floods_2m":1,"floods_3m":1,"first_flood_m":1,"nests":true,"area_km2":2.407}},{"type":"Feature","geometry":{"type":"Polygon","coordinates":[[[1.811,6.31541],[1.79674,6.31541],[1.79674,6.31541],[1.79674,6.32967],[1.811,6.32967],[1.811,6.31541]]]},"properties":{"region":"Mono","district":"Grand-Popo","floods_1m":1,"floods_2m":1,"floods_3m":1,"first_flood_m":1,"nests":true,"area_km2":2.499}},{"type":"Feature","geometry":{"type":"Polygon","coordinates":[[[1.95358,6.31541],[1.93932,6.31541],[1.93932,6.32967],[1.95358,6.32967],[1.95358,6.31541]]]},"properties":{"region":"Mono","district":"Grand-Popo","floods_1m":1,"floods_2m":1,"floods_3m":1,"first_flood_m":1,"nests":true,"area_km2":2.499}},{"type":"Feature","geometry":{"type":"Polygon","coordinates":[[[1.86803,6.28597],[1.86803,6.2869],[1.88042,6.2869],[1.88042,6.28681],[1.87875,6.28681],[1.87875,6.28653],[1.8782,6.28653],[1.8782,6.28625],[1.87792,6.28625],[1.87792,6.28653],[1.87736,6.28653],[1.87736,6.28681],[1.87125,6.28681],[1.87125,6.28653],[1.87097,6.28653],[1.87097,6.28625],[1.87069,6.28625],[1.87069,6.28597],[1.86803,6.28597]]]},"properties":{"region":"Mono","district":"Grand-Popo","floods_1m":1,"floods_2m":1,"floods_3m":1,"first_flood_m":1,"nests":true,"area_km2":0.05}},{"type":"Feature","geometry":{"type":"Polygon","coordinates":[[[1.83198,6.3867],[1.83423,6.37584],[1.83605,6.37244],[1.82526,6.37244],[1.82526,6.3867],[1.83198,6.3867]]]},"properties":{"region":"Mono","district":"Grand-Popo","floods_1m":1,"floods_2m":1,"floods_3m":1,"first_flood_m":1,"nests":true,"area_km2":1.46}},{"type":"Feature","geometry":{"type":"Polygon","coordinates":[[[1.9821,6.31342],[1.9821,6.31208],[1.9807,6.31208],[1.9807,6.3118],[1.98042,6.3118],[1.98042,6.31125],[1.98014,6.31125],[1.98014,6.30958],[1.97986,6.30958],[1.97986,6.30931],[1.9793,6.30931],[1.9793,6.30903],[1.97903,6.30903],[1.97903,6.30875],[1.97847,6.30875],[1.97847,6.30847],[1.97819,6.30847],[1.97819,6.3082],[1.97792,6.3082],[1.97792,6.30847],[1.97736,6.30847],[1.97736,6.30875],[1.97708,6.30875],[1.97708,6.30903],[1.97736,6.30903],[1.97736,6.30931],[1.97764,6.30931],[1.97764,6.30958],[1.97792,6.30958],[1.97792,6.31042],[1.97764,6.31042],[1.97764,6.31069],[1.97681,6.31069],[1.97681,6.31042],[1.97653,6.31042],[1.97653,6.31014],[1.97542,6.31014],[1.97542,6.30986],[1.97403,6.30986],[1.97403,6.31069],[1.97375,6.3107],[1.97375,6.31097],[1.97292,6.31097],[1.97292,6.31153],[1.97264,6.31153],[1.97264,6.3118],[1.97208,6.3118],[1.97208,6.31153],[1.97181,6.31153],[1.97181,6.3107],[1.97153,6.31069],[1.97153,6.31014],[1.97125,6.31014],[1.97125,6.30986],[1.97069,6.30986],[1.97069,6.30958],[1.97014,6.30958],[1.97014,6.30931],[1.96958,6.30931],[1.96958,6.30903],[1.96931,6.30903],[1.96931,6.30875],[1.96847,6.30875],[1.96847,6.30847],[1.96784,6.30847],[1.96784,6.31541],[1.97974,6.31541],[1.97972,6.315],[1.9821,6.31342]]]},"properties":{"region":"Mono","district":"Grand-Popo","floods_1m":1,"floods_2m":1,"floods_3m":1,"first_flood_m":1,"nests":true,"area_km2":0.893}},{"type":"Feature","geometry":{"type":"Polygon","coordinates":[[[1.82526,6.32967],[1.811,6.32967],[1.811,6.33145],[1.811,6.34393],[1.82526,6.34393],[1.82526,6.33145],[1.82526,6.32967]]]},"properties":{"region":"Mono","district":"Grand-Popo","floods_1m":1,"floods_2m":1,"floods_3m":1,"first_flood_m":1,"nests":true,"area_km2":2.499}},{"type":"Feature","geometry":{"type":"Polygon","coordinates":[[[1.73971,6.25847],[1.73792,6.25847],[1.73792,6.25838],[1.72545,6.25838],[1.72545,6.26189],[1.73656,6.26467],[1.73971,6.2663],[1.73971,6.25847]]]},"properties":{"region":"Mono","district":"Grand-Popo","floods_1m":1,"floods_2m":1,"floods_3m":1,"first_flood_m":1,"nests":true,"area_km2":0.942}},{"type":"Feature","geometry":{"type":"Polygon","coordinates":[[[1.811,6.41522],[1.79674,6.41522],[1.79674,6.42948],[1.811,6.42948],[1.811,6.41522]]]},"properties":{"region":"Mono","district":"Grand-Popo","floods_1m":1,"floods_2m":1,"floods_3m":1,"first_flood_m":1,"nests":true,"area_km2":2.498}},{"type":"Feature","geometry":{"type":"Polygon","coordinates":[[[1.90641,6.34393],[1.89655,6.34393],[1.89655,6.35005],[1.89675,6.35],[1.90641,6.34393]]]},"properties":{"region":"Mono","district":"Grand-Popo","floods_1m":1,"floods_2m":1,"floods_3m":1,"first_flood_m":1,"nests":true,"area_km2":0.375}},{"type":"Feature","geometry":{"type":"Polygon","coordinates":[[[1.78249,6.44373],[1.77308,6.44373],[1.77351,6.44476],[1.77355,6.45511],[1.775,6.45799],[1.78249,6.45799],[1.78249,6.44373]]]},"properties":{"region":"Mono","district":"Grand-Popo","floods_1m":0,"floods_2m":1,"floods_3m":1,"first_flood_m":2,"nests":true,"area_km2":1.546}},{"type":"Feature","geometry":{"type":"MultiPolygon","coordinates":[[[[1.85378,6.29014],[1.85375,6.29014],[1.85375,6.28958],[1.85292,6.28958],[1.85292,6.28931],[1.85153,6.28931],[1.85153,6.28903],[1.85125,6.28903],[1.85125,6.28875],[1.84986,6.28875],[1.84986,6.28847],[1.84931,6.28847],[1.84931,6.28792],[1.84903,6.28792],[1.84903,6.28736],[1.84931,6.28736],[1.84931,6.28708],[1.84958,6.28708],[1.84958,6.2869],[1.83952,6.2869],[1.83952,6.30115],[1.85378,6.30115],[1.85378,6.29014]]],[[[1.85378,6.2869],[1.85125,6.2869],[1.85125,6.28708],[1.85153,6.28708],[1.85153,6.28764],[1.8518,6.28764],[1.8518,6.28792],[1.85208,6.28792],[1.85208,6.28847],[1.85236,6.28847],[1.85236,6.28875],[1.85319,6.28875],[1.85319,6.28903],[1.85378,6.28903],[1.85378,6.2869]]]]},"properties":{"region":"Mono","district":"Grand-Popo","floods_1m":1,"floods_2m":1,"floods_3m":1,"first_flood_m":1,"nests":true,"area_km2":2.423}},{"type":"Feature","geometry":{"type":"Polygon","coordinates":[[[1.82526,6.2869],[1.811,6.2869],[1.811,6.30115],[1.82526,6.30115],[1.82526,6.2869]]]},"properties":{"region":"Mono","district":"Grand-Popo","floods_1m":1,"floods_2m":1,"floods_3m":1,"first_flood_m":1,"nests":true,"area_km2":2.497}},{"type":"Feature","geometry":{"type":"MultiPolygon","coordinates":[[[[1.89655,6.29514],[1.89653,6.29514],[1.89653,6.29486],[1.89625,6.29486],[1.89625,6.29458],[1.89569,6.29458],[1.89569,6.29431],[1.89514,6.29431],[1.89514,6.29458],[1.89292,6.29458],[1.89292,6.29542],[1.89181,6.29542],[1.89181,6.29514],[1.88792,6.29514],[1.88792,6.29486],[1.88708,6.29486],[1.88708,6.29458],[1.88542,6.29458],[1.88542,6.29403],[1.88458,6.29403],[1.88458,6.29375],[1.88375,6.29375],[1.88375,6.29347],[1.88292,6.29347],[1.88292,6.29319],[1.88229,6.29319],[1.88229,6.30115],[1.89655,6.30115],[1.89655,6.29514]]],[[[1.89655,6.29236],[1.89655,6.28875],[1.89514,6.28875],[1.89514,6.28847],[1.89458,6.28847],[1.89458,6.28819],[1.89264,6.28819],[1.89264,6.28792],[1.89097,6.28792],[1.89097,6.28764],[1.89069,6.28764],[1.89069,6.28792],[1.89014,6.28792],[1.89014,6.28819],[1.88792,6.28819],[1.88792,6.28792],[1.88708,6.28792],[1.88708,6.28764],[1.88514,6.28764],[1.88514,6.28792],[1.8832,6.28792],[1.8832,6.28764],[1.88264,6.28764],[1.88264,6.28736],[1.88229,6.28736],[1.88229,6.29125],[1.88403,6.29125],[1.88403,6.29153],[1.88625,6.29153],[1.88625,6.29181],[1.88819,6.29181],[1.88819,6.29208],[1.88847,6.29208],[1.88847,6.29236],[1.88875,6.29236],[1.88875,6.29264],[1.88931,6.29264],[1.88931,6.29292],[1.88958,6.29292],[1.88958,6.29319],[1.89042,6.29319],[1.89042,6.29292],[1.89097,6.29292],[1.89097,6.29264],[1.89181,6.29264],[1.89181,6.29236],[1.89236,6.29236],[1.89236,6.29208],[1.89264,6.29208],[1.89264,6.29181],[1.89514,6.29181],[1.89514,6.29208],[1.89542,6.29208],[1.89542,6.29236],[1.89569,6.29236],[1.89569,6.29264],[1.89597,6.29264],[1.89597,6.29236],[1.89655,6.29236]]]]},"properties":{"region":"Mono","district":"Grand-Popo","floods_1m":1,"floods_2m":1,"floods_3m":1,"first_flood_m":1,"nests":true,"area_km2":1.846}},{"type":"Feature","geometry":{"type":"Polygon","coordinates":[[[1.811,6.40096],[1.79674,6.40096],[1.79674,6.41522],[1.811,6.41522],[1.811,6.40096]]]},"properties":{"region":"Mono","district":"Grand-Popo","floods_1m":1,"floods_2m":1,"floods_3m":1,"first_flood_m":1,"nests":true,"area_km2":2.499}},{"type":"Feature","geometry":{"type":"Polygon","coordinates":[[[1.92506,6.34111],[1.92506,6.32967],[1.92239,6.32967],[1.91081,6.32967],[1.91081,6.33145],[1.91081,6.3429],[1.91869,6.34125],[1.92506,6.34111]]]},"properties":{"region":"Mono","district":"Grand-Popo","floods_1m":1,"floods_2m":1,"floods_3m":1,"first_flood_m":1,"nests":true,"area_km2":2.102}},{"type":"Feature","geometry":{"type":"Polygon","coordinates":[[[1.86803,6.32967],[1.85378,6.32967],[1.85378,6.33145],[1.85378,6.34393],[1.86803,6.34393],[1.86803,6.33145],[1.86803,6.32967]]]},"properties":{"region":"Mono","district":"Grand-Popo","floods_1m":1,"floods_2m":1,"floods_3m":1,"first_flood_m":1,"nests":true,"area_km2":2.497}},{"type":"Feature","geometry":{"type":"Polygon","coordinates":[[[1.79674,6.28067],[1.79674,6.27264],[1.78249,6.27264],[1.78249,6.28129],[1.79674,6.28067]]]},"properties":{"region":"Mono","district":"Grand-Popo","floods_1m":1,"floods_2m":1,"floods_3m":1,"first_flood_m":1,"nests":true,"area_km2":1.461}},{"type":"Feature","geometry":{"type":"Polygon","coordinates":[[[1.76823,6.42327],[1.76138,6.42826],[1.76049,6.42948],[1.76823,6.42948],[1.76823,6.42327]]]},"properties":{"region":"Mono","district":"Grand-Popo","floods_1m":1,"floods_2m":1,"floods_3m":1,"first_flood_m":1,"nests":true,"area_km2":0.319}},{"type":"Feature","geometry":{"type":"Polygon","coordinates":[[[1.72545,6.25597],[1.72545,6.25838],[1.73792,6.25838],[1.73792,6.25819],[1.73542,6.25819],[1.73542,6.25792],[1.73431,6.25792],[1.73431,6.25764],[1.73319,6.25764],[1.73319,6.25736],[1.73125,6.25736],[1.73125,6.25708],[1.73097,6.25708],[1.73097,6.2568],[1.73042,6.2568],[1.73042,6.25653],[1.72903,6.25653],[1.72903,6.25625],[1.72681,6.25625],[1.72681,6.25597],[1.72545,6.25597]]]},"properties":{"region":"Mono","district":"Grand-Popo","floods_1m":1,"floods_2m":1,"floods_3m":1,"first_flood_m":1,"nests":true,"area_km2":0.192}},{"type":"Feature","geometry":{"type":"Polygon","coordinates":[[[1.82526,6.40096],[1.811,6.40096],[1.811,6.41522],[1.82526,6.41522],[1.82526,6.40096]]]},"properties":{"region":"Mono","district":"Grand-Popo","floods_1m":1,"floods_2m":1,"floods_3m":1,"first_flood_m":1,"nests":true,"area_km2":2.499}},{"type":"Feature","geometry":{"type":"Polygon","coordinates":[[[1.88229,6.34393],[1.86803,6.34393],[1.86803,6.35251],[1.86981,6.35255],[1.88229,6.35333],[1.88229,6.34393]]]},"properties":{"region":"Mono","district":"Grand-Popo","floods_1m":1,"floods_2m":1,"floods_3m":1,"first_flood_m":1,"nests":true,"area_km2":1.57}},{"type":"Feature","geometry":{"type":"Polygon","coordinates":[[[1.811,6.32967],[1.79674,6.32967],[1.79674,6.33145],[1.79674,6.34393],[1.811,6.34393],[1.811,6.33145],[1.811,6.32967]]]},"properties":{"region":"Mono","district":"Grand-Popo","floods_1m":1,"floods_2m":1,"floods_3m":1,"first_flood_m":1,"nests":true,"area_km2":2.499}},{"type":"Feature","geometry":{"type":"MultiPolygon","coordinates":[[[[1.88229,6.29319],[1.88208,6.29319],[1.88208,6.29292],[1.88042,6.29292],[1.88042,6.29236],[1.87958,6.29236],[1.87958,6.29292],[1.87847,6.29292],[1.87847,6.29319],[1.87625,6.29319],[1.87625,6.29264],[1.87264,6.29264],[1.87264,6.29236],[1.87236,6.29236],[1.87236,6.29208],[1.87208,6.29208],[1.87208,6.29181],[1.87181,6.29181],[1.87181,6.29153],[1.87153,6.29153],[1.87153,6.29181],[1.87097,6.29181],[1.87097,6.29153],[1.87042,6.29153],[1.87042,6.29125],[1.86958,6.29125],[1.86958,6.29097],[1.86803,6.29097],[1.86803,6.30115],[1.88229,6.30115],[1.88229,6.29319]]],[[[1.87736,6.29236],[1.87736,6.29208],[1.87764,6.29208],[1.87764,6.29181],[1.8782,6.29181],[1.8782,6.29153],[1.87764,6.29153],[1.87764,6.29125],[1.87708,6.29125],[1.87708,6.29097],[1.87653,6.29097],[1.87653,6.29069],[1.87597,6.29069],[1.87597,6.29042],[1.87514,6.29042],[1.87514,6.29069],[1.87292,6.29069],[1.87292,6.29153],[1.8732,6.29153],[1.8732,6.29181],[1.87347,6.29181],[1.87347,6.29208],[1.87653,6.29208],[1.87653,6.29236],[1.87736,6.29236]]],[[[1.88229,6.29125],[1.88229,6.28736],[1.88125,6.28736],[1.88125,6.28708],[1.88042,6.28708],[1.88042,6.2869],[1.86803,6.2869],[1.86803,6.28736],[1.86903,6.28736],[1.86903,6.28708],[1.87042,6.28708],[1.87042,6.28736],[1.87264,6.28736],[1.87264,6.28764],[1.87375,6.28764],[1.87375,6.28792],[1.87458,6.28792],[1.87458,6.28819],[1.87486,6.28819],[1.87486,6.28847],[1.87514,6.28847],[1.87514,6.28903],[1.87542,6.28903],[1.87542,6.28931],[1.87569,6.28931],[1.87569,6.28958],[1.87764,6.28958],[1.87764,6.28986],[1.87875,6.28986],[1.87875,6.29014],[1.87931,6.29014],[1.87931,6.29042],[1.87986,6.29042],[1.87986,6.29069],[1.88153,6.29069],[1.88153,6.29097],[1.8818,6.29097],[1.8818,6.29125],[1.88229,6.29125]]],[[[1.87042,6.28819],[1.87042,6.28792],[1.86958,6.28792],[1.86958,6.28819],[1.86903,6.28819],[1.86903,6.28875],[1.86931,6.28875],[1.86931,6.28931],[1.87042,6.28931],[1.87042,6.28958],[1.8732,6.28958],[1.8732,6.28931],[1.87292,6.28931],[1.87292,6.28903],[1.87236,6.28903],[1.87236,6.28875],[1.87153,6.28875],[1.87153,6.28847],[1.87097,6.28847],[1.87097,6.28819],[1.87042,6.28819]]]]},"properties":{"region":"Mono","district":"Grand-Popo","floods_1m":1,"floods_2m":1,"floods_3m":1,"first_flood_m":1,"nests":true,"area_km2":1.994}},{"type":"Feature","geometry":{"type":"Polygon","coordinates":[[[1.811,6.37244],[1.79674,6.37244],[1.79674,6.3867],[1.811,6.3867],[1.811,6.37244]]]},"properties":{"region":"Mono","district":"Grand-Popo","floods_1m":1,"floods_2m":1,"floods_3m":1,"first_flood_m":1,"nests":true,"area_km2":2.499}},{"type":"Feature","geometry":{"type":"Polygon","coordinates":[[[1.811,6.35819],[1.79674,6.35819],[1.79674,6.37244],[1.811,6.37244],[1.811,6.35819]]]},"properties":{"region":"Mono","district":"Grand-Popo","floods_1m":1,"floods_2m":1,"floods_3m":1,"first_flood_m":1,"nests":true,"area_km2":2.497}},{"type":"Feature","geometry":{"type":"Polygon","coordinates":[[[1.83325,6.44373],[1.82526,6.44373],[1.82526,6.45472],[1.8287,6.45127],[1.83324,6.4438],[1.83325,6.44373]]]},"properties":{"region":"Mono","district":"Grand-Popo","floods_1m":0,"floods_2m":1,"floods_3m":1,"first_flood_m":2,"nests":true,"area_km2":0.604}},{"type":"Feature","geometry":{"type":"Polygon","coordinates":[[[1.79674,6.29269],[1.79542,6.29321],[1.79031,6.30115],[1.79674,6.30115],[1.79674,6.29269]]]},"properties":{"region":"Mono","district":"Grand-Popo","floods_1m":1,"floods_2m":1,"floods_3m":1,"first_flood_m":1,"nests":true,"area_km2":0.382}},{"type":"Feature","geometry":{"type":"Polygon","coordinates":[[[1.78249,6.40096],[1.76939,6.40096],[1.76941,6.41168],[1.77493,6.41305],[1.77576,6.41522],[1.78249,6.41522],[1.78249,6.40096]]]},"properties":{"region":"Mono","district":"Grand-Popo","floods_1m":1,"floods_2m":1,"floods_3m":1,"first_flood_m":1,"nests":true,"area_km2":2.088}},{"type":"Feature","geometry":{"type":"Polygon","coordinates":[[[1.82526,6.27792],[1.82514,6.27792],[1.82514,6.27764],[1.82486,6.27764],[1.82486,6.27736],[1.82403,6.27736],[1.82403,6.27708],[1.82208,6.27708],[1.82208,6.2768],[1.82014,6.2768],[1.82014,6.27653],[1.81792,6.27653],[1.81792,6.27625],[1.81708,6.27625],[1.81708,6.27597],[1.81625,6.27597],[1.81625,6.27569],[1.81542,6.27569],[1.81542,6.27542],[1.81458,6.27542],[1.81458,6.27514],[1.81319,6.27514],[1.81319,6.27486],[1.811,6.27486],[1.811,6.2869],[1.82526,6.2869],[1.82526,6.27792]]]},"properties":{"region":"Mono","district":"Grand-Popo","floods_1m":1,"floods_2m":1,"floods_3m":1,"first_flood_m":1,"nests":true,"area_km2":1.881}},{"type":"Feature","geometry":{"type":"Polygon","coordinates":[[[1.83571,6.41522],[1.82526,6.41522],[1.82526,6.42948],[1.83608,6.42948],[1.83604,6.41685],[1.83571,6.41522]]]},"properties":{"region":"Mono","district":"Grand-Popo","floods_1m":1,"floods_2m":1,"floods_3m":1,"first_flood_m":1,"nests":true,"area_km2":1.889}},{"type":"Feature","geometry":{"type":"Polygon","coordinates":[[[1.89655,6.30115],[1.88229,6.30115],[1.88229,6.31541],[1.89655,6.31541],[1.89655,6.30115]]]},"properties":{"region":"Mono","district":"Grand-Popo","floods_1m":1,"floods_2m":1,"floods_3m":1,"first_flood_m":1,"nests":true,"area_km2":2.499}},{"type":"Feature","geometry":{"type":"Polygon","coordinates":[[[1.66842,6.24264],[1.66842,6.24412],[1.67458,6.24412],[1.67458,6.24403],[1.67292,6.24403],[1.67292,6.24375],[1.66903,6.24375],[1.66903,6.24347],[1.66875,6.24347],[1.66875,6.24319],[1.66847,6.24319],[1.66847,6.24264],[1.66842,6.24264]]]},"properties":{"region":"Mono","district":"Grand-Popo","floods_1m":1,"floods_2m":1,"floods_3m":1,"first_flood_m":1,"nests":true,"area_km2":0.026}},{"type":"Feature","geometry":{"type":"Polygon","coordinates":[[[1.79674,6.27153],[1.79597,6.27153],[1.79597,6.27125],[1.79486,6.27125],[1.79486,6.27097],[1.7943,6.27097],[1.7943,6.27069],[1.79347,6.27069],[1.79347,6.27042],[1.79292,6.27042],[1.79292,6.27014],[1.79097,6.27014],[1.79097,6.26986],[1.78958,6.26986],[1.78958,6.26958],[1.78903,6.26958],[1.78903,6.26931],[1.78847,6.26931],[1.78847,6.26903],[1.78792,6.26903],[1.78792,6.26875],[1.78736,6.26875],[1.78736,6.26847],[1.78681,6.26847],[1.78681,6.26819],[1.78597,6.26819],[1.78597,6.26792],[1.78542,6.26792],[1.78542,6.26764],[1.78458,6.26764],[1.78458,6.26736],[1.78347,6.26736],[1.78347,6.26708],[1.78249,6.26708],[1.78249,6.27264],[1.79674,6.27264],[1.79674,6.27153]]]},"properties":{"region":"Mono","district":"Grand-Popo","floods_1m":1,"floods_2m":1,"floods_3m":1,"first_flood_m":1,"nests":true,"area_km2":0.575}},{"type":"Feature","geometry":{"type":"Polygon","coordinates":[[[2.70926,6.44373],[2.70925,6.44373],[2.70925,6.45799],[2.71271,6.45799],[2.71071,6.4526],[2.70926,6.44373]]]},"properties":{"region":"Ouémé","district":"Adjarra","floods_1m":1,"floods_2m":1,"floods_3m":1,"first_flood_m":1,"nests":true,"area_km2":0.243}},{"type":"Feature","geometry":{"type":"Polygon","coordinates":[[[2.68074,6.42948],[2.67072,6.42948],[2.66729,6.4435],[2.66723,6.44373],[2.68074,6.44373],[2.68074,6.42948]]]},"properties":{"region":"Ouémé","district":"Adjarra","floods_1m":1,"floods_2m":1,"floods_3m":1,"first_flood_m":1,"nests":true,"area_km2":2.06}},{"type":"Feature","geometry":{"type":"Polygon","coordinates":[[[2.70842,6.40568],[2.695,6.41231],[2.695,6.41522],[2.70757,6.41522],[2.7083,6.40936],[2.70842,6.40568]]]},"properties":{"region":"Ouémé","district":"Adjarra","floods_1m":1,"floods_2m":1,"floods_3m":1,"first_flood_m":1,"nests":true,"area_km2":0.989}},{"type":"Feature","geometry":{"type":"Polygon","coordinates":[[[2.71951,6.48818],[2.71944,6.48651],[2.70925,6.48651],[2.70925,6.50077],[2.71366,6.50077],[2.71526,6.49218],[2.71951,6.48818]]]},"properties":{"region":"Ouémé","district":"Adjarra","floods_1m":1,"floods_2m":1,"floods_3m":1,"first_flood_m":1,"nests":true,"area_km2":1.159}},{"type":"Feature","geometry":{"type":"Polygon","coordinates":[[[2.70925,6.48651],[2.695,6.48651],[2.695,6.50077],[2.70925,6.50077],[2.70925,6.48651]]]},"properties":{"region":"Ouémé","district":"Adjarra","floods_1m":0,"floods_2m":1,"floods_3m":1,"first_flood_m":2,"nests":true,"area_km2":2.496}},{"type":"Feature","geometry":{"type":"Polygon","coordinates":[[[2.70925,6.50436],[2.70925,6.50077],[2.695,6.50077],[2.695,6.50942],[2.70124,6.50716],[2.70925,6.50436]]]},"properties":{"region":"Ouémé","district":"Adjarra","floods_1m":0,"floods_2m":1,"floods_3m":1,"first_flood_m":2,"nests":true,"area_km2":1.067}},{"type":"Feature","geometry":{"type":"Polygon","coordinates":[[[2.695,6.45799],[2.68074,6.45799],[2.68074,6.47225],[2.695,6.47225],[2.695,6.45799]]]},"properties":{"region":"Ouémé","district":"Adjarra","floods_1m":1,"floods_2m":1,"floods_3m":1,"first_flood_m":1,"nests":true,"area_km2":2.498}},{"type":"Feature","geometry":{"type":"Polygon","coordinates":[[[2.695,6.42948],[2.68074,6.42948],[2.68074,6.44373],[2.695,6.44373],[2.695,6.42948]]]},"properties":{"region":"Ouémé","district":"Adjarra","floods_1m":1,"floods_2m":1,"floods_3m":1,"first_flood_m":1,"nests":true,"area_km2":2.497}},{"type":"Feature","geometry":{"type":"Polygon","coordinates":[[[2.695,6.48651],[2.68074,6.48651],[2.68074,6.50077],[2.695,6.50077],[2.695,6.48651]]]},"properties":{"region":"Ouémé","district":"Adjarra","floods_1m":0,"floods_2m":1,"floods_3m":1,"first_flood_m":2,"nests":true,"area_km2":2.498}},{"type":"Feature","geometry":{"type":"Polygon","coordinates":[[[2.70925,6.44373],[2.695,6.44373],[2.695,6.45799],[2.70925,6.45799],[2.70925,6.44373]]]},"properties":{"region":"Ouémé","district":"Adjarra","floods_1m":1,"floods_2m":1,"floods_3m":1,"first_flood_m":1,"nests":true,"area_km2":2.497}},{"type":"Feature","geometry":{"type":"Polygon","coordinates":[[[2.68074,6.45799],[2.66648,6.45799],[2.66648,6.47225],[2.68074,6.47225],[2.68074,6.45799]]]},"properties":{"region":"Ouémé","district":"Adjarra","floods_1m":1,"floods_2m":1,"floods_3m":1,"first_flood_m":1,"nests":true,"area_km2":2.498}},{"type":"Feature","geometry":{"type":"Polygon","coordinates":[[[2.71366,6.50077],[2.70925,6.50077],[2.70925,6.50436],[2.71324,6.50296],[2.71366,6.50077]]]},"properties":{"region":"Ouémé","district":"Adjarra","floods_1m":0,"floods_2m":1,"floods_3m":1,"first_flood_m":2,"nests":true,"area_km2":0.147}},{"type":"Feature","geometry":{"type":"Polygon","coordinates":[[[2.71271,6.45799],[2.70925,6.45799],[2.70925,6.47225],[2.71766,6.47225],[2.71743,6.47075],[2.71271,6.45799]]]},"properties":{"region":"Ouémé","district":"Adjarra","floods_1m":1,"floods_2m":1,"floods_3m":1,"first_flood_m":1,"nests":true,"area_km2":1.065}},{"type":"Feature","geometry":{"type":"Polygon","coordinates":[[[2.68074,6.41935],[2.67216,6.42359],[2.67072,6.42948],[2.68074,6.42948],[2.68074,6.41935]]]},"properties":{"region":"Ouémé","district":"Adjarra","floods_1m":1,"floods_2m":1,"floods_3m":1,"first_flood_m":1,"nests":true,"area_km2":0.897}},{"type":"Feature","geometry":{"type":"Polygon","coordinates":[[[2.70925,6.44372],[2.70692,6.42948],[2.695,6.42948],[2.695,6.44373],[2.70925,6.44373],[2.70925,6.44372]]]},"properties":{"region":"Ouémé","district":"Adjarra","floods_1m":1,"floods_2m":1,"floods_3m":1,"first_flood_m":1,"nests":true,"area_km2":2.291}},{"type":"Feature","geometry":{"type":"Polygon","coordinates":[[[2.70925,6.45799],[2.695,6.45799],[2.695,6.47225],[2.70925,6.47225],[2.70925,6.45799]]]},"properties":{"region":"Ouémé","district":"Adjarra","floods_1m":1,"floods_2m":1,"floods_3m":1,"first_flood_m":1,"nests":true,"area_km2":2.497}},{"type":"Feature","geometry":{"type":"Polygon","coordinates":[[[2.70757,6.41522],[2.695,6.41522],[2.695,6.42948],[2.70692,6.42948],[2.70628,6.4256],[2.70757,6.41522]]]},"properties":{"region":"Ouémé","district":"Adjarra","floods_1m":1,"floods_2m":1,"floods_3m":1,"first_flood_m":1,"nests":true,"area_km2":2.074}},{"type":"Feature","geometry":{"type":"Polygon","coordinates":[[[2.70925,6.47225],[2.695,6.47225],[2.695,6.48651],[2.70925,6.48651],[2.70925,6.47225]]]},"properties":{"region":"Ouémé","district":"Adjarra","floods_1m":1,"floods_2m":1,"floods_3m":1,"first_flood_m":1,"nests":true,"area_km2":2.496}},{"type":"Feature","geometry":{"type":"Polygon","coordinates":[[[2.66648,6.45799],[2.66348,6.45799],[2.66282,6.46051],[2.65417,6.47132],[2.65359,6.47225],[2.66648,6.47225],[2.66648,6.45799]]]},"properties":{"region":"Ouémé","district":"Adjarra","floods_1m":0,"floods_2m":1,"floods_3m":1,"first_flood_m":2,"nests":true,"area_km2":1.308}},{"type":"Feature","geometry":{"type":"Polygon","coordinates":[[[2.71785,6.4735],[2.71766,6.47225],[2.70925,6.47225],[2.70925,6.48651],[2.71944,6.48651],[2.7193,6.48293],[2.71833,6.47661],[2.71785,6.4735]]]},"properties":{"region":"Ouémé","district":"Adjarra","floods_1m":1,"floods_2m":1,"floods_3m":1,"first_flood_m":1,"nests":true,"area_km2":1.656}},{"type":"Feature","geometry":{"type":"Polygon","coordinates":[[[2.68074,6.44373],[2.66723,6.44373],[2.66648,6.44658],[2.66648,6.45799],[2.68074,6.45799],[2.68074,6.44373]]]},"properties":{"region":"Ouémé","district":"Adjarra","floods_1m":1,"floods_2m":1,"floods_3m":1,"first_flood_m":1,"nests":true,"area_km2":2.485}},{"type":"Feature","geometry":{"type":"Polygon","coordinates":[[[2.695,6.41522],[2.68911,6.41522],[2.68074,6.41935],[2.68074,6.42948],[2.695,6.42948],[2.695,6.41522]]]},"properties":{"region":"Ouémé","district":"Adjarra","floods_1m":1,"floods_2m":1,"floods_3m":1,"first_flood_m":1,"nests":true,"area_km2":2.286}},{"type":"Feature","geometry":{"type":"Polygon","coordinates":[[[2.695,6.44373],[2.68074,6.44373],[2.68074,6.45799],[2.695,6.45799],[2.695,6.44373]]]},"properties":{"region":"Ouémé","district":"Adjarra","floods_1m":1,"floods_2m":1,"floods_3m":1,"first_flood_m":1,"nests":true,"area_km2":2.498}},{"type":"Feature","geometry":{"type":"Polygon","coordinates":[[[2.695,6.47225],[2.68074,6.47225],[2.68074,6.48651],[2.695,6.48651],[2.695,6.47225]]]},"properties":{"region":"Ouémé","district":"Adjarra","floods_1m":0,"floods_2m":0,"floods_3m":1,"first_flood_m":3,"nests":true,"area_km2":2.498}},{"type":"Feature","geometry":{"type":"Polygon","coordinates":[[[2.66648,6.44658],[2.66348,6.45799],[2.66648,6.45799],[2.66648,6.44658]]]},"properties":{"region":"Ouémé","district":"Adjarra","floods_1m":1,"floods_2m":1,"floods_3m":1,"first_flood_m":1,"nests":true,"area_km2":0.21}},{"type":"Feature","geometry":{"type":"Polygon","coordinates":[[[2.57363,6.48651],[2.56667,6.48651],[2.56667,6.49262],[2.56924,6.49033],[2.57363,6.48651]]]},"properties":{"region":"Ouémé","district":"Aguégués","floods_1m":1,"floods_2m":1,"floods_3m":1,"first_flood_m":1,"nests":true,"area_km2":0.26}},{"type":"Feature","geometry":{"type":"Polygon","coordinates":[[[2.53816,6.39656],[2.53816,6.40096],[2.54876,6.40096],[2.53816,6.39656]]]},"properties":{"region":"Ouémé","district":"Aguégués","floods_1m":1,"floods_2m":1,"floods_3m":1,"first_flood_m":1,"nests":true,"area_km2":0.287}},{"type":"Feature","geometry":{"type":"Polygon","coordinates":[[[2.59411,6.42948],[2.58093,6.42948],[2.58093,6.44373],[2.59008,6.44373],[2.59015,6.44342],[2.59411,6.42948]]]},"properties":{"region":"Ouémé","district":"Aguégués","floods_1m":1,"floods_2m":1,"floods_3m":1,"first_flood_m":1,"nests":true,"area_km2":1.953}},{"type":"Feature","geometry":{"type":"Polygon","coordinates":[[[2.49538,6.48651],[2.48845,6.48651],[2.4888,6.48931],[2.49538,6.49325],[2.49538,6.48651]]]},"properties":{"region":"Ouémé","district":"Aguégués","floods_1m":1,"floods_2m":1,"floods_3m":1,"first_flood_m":1,"nests":true,"area_km2":0.392}},{"type":"Feature","geometry":{"type":"Polygon","coordinates":[[[2.50964,6.3867],[2.49538,6.3867],[2.49538,6.40096],[2.50964,6.40096],[2.50964,6.3867]]]},"properties":{"region":"Ouémé","district":"Aguégués","floods_1m":1,"floods_2m":1,"floods_3m":1,"first_flood_m":1,"nests":true,"area_km2":2.499}},{"type":"Feature","geometry":{"type":"Polygon","coordinates":[[[2.56667,6.45799],[2.55242,6.45799],[2.55242,6.47225],[2.56667,6.47225],[2.56667,6.45799]]]},"properties":{"region":"Ouémé","district":"Aguégués","floods_1m":1,"floods_2m":1,"floods_3m":1,"first_flood_m":1,"nests":true,"area_km2":2.497}},{"type":"Feature","geometry":{"type":"Polygon","coordinates":[[[2.53816,6.48651],[2.5239,6.48651],[2.5239,6.50077],[2.53816,6.50077],[2.53816,6.48651]]]},"properties":{"region":"Ouémé","district":"Aguégués","floods_1m":1,"floods_2m":1,"floods_3m":1,"first_flood_m":1,"nests":true,"area_km2":2.498}},{"type":"Feature","geometry":{"type":"Polygon","coordinates":[[[2.59431,6.42876],[2.58093,6.42151],[2.58093,6.42948],[2.59411,6.42948],[2.59431,6.42876]]]},"properties":{"region":"Ouémé","district":"Aguégués","floods_1m":1,"floods_2m":1,"floods_3m":1,"first_flood_m":1,"nests":true,"area_km2":0.713}},{"type":"Feature","geometry":{"type":"Polygon","coordinates":[[[2.48113,6.3867],[2.46687,6.3867],[2.46687,6.40096],[2.48113,6.40096],[2.48113,6.3867]]]},"properties":{"region":"Ouémé","district":"Aguégués","floods_1m":1,"floods_2m":1,"floods_3m":1,"first_flood_m":1,"nests":true,"area_km2":2.499}},{"type":"Feature","geometry":{"type":"Polygon","coordinates":[[[2.55242,6.40248],[2.54876,6.40096],[2.53816,6.40096],[2.53816,6.41522],[2.55242,6.41522],[2.55242,6.40248]]]},"properties":{"region":"Ouémé","district":"Aguégués","floods_1m":1,"floods_2m":1,"floods_3m":1,"first_flood_m":1,"nests":true,"area_km2":2.464}},{"type":"Feature","geometry":{"type":"Polygon","coordinates":[[[2.46687,6.37689],[2.46114,6.37545],[2.46083,6.3775],[2.4625,6.38333],[2.46296,6.38564],[2.46307,6.3867],[2.46687,6.3867],[2.46687,6.37689]]]},"properties":{"region":"Ouémé","district":"Aguégués","floods_1m":1,"floods_2m":1,"floods_3m":1,"first_flood_m":1,"nests":true,"area_km2":0.638}},{"type":"Feature","geometry":{"type":"Polygon","coordinates":[[[2.56667,6.44373],[2.55242,6.44373],[2.55242,6.45799],[2.56667,6.45799],[2.56667,6.44373]]]},"properties":{"region":"Ouémé","district":"Aguégués","floods_1m":1,"floods_2m":1,"floods_3m":1,"first_flood_m":1,"nests":true,"area_km2":2.497}},{"type":"Feature","geometry":{"type":"Polygon","coordinates":[[[2.55242,6.50077],[2.53816,6.50077],[2.53816,6.51502],[2.55242,6.51502],[2.55242,6.50077]]]},"properties":{"region":"Ouémé","district":"Aguégués","floods_1m":1,"floods_2m":1,"floods_3m":1,"first_flood_m":1,"nests":true,"area_km2":2.496}},{"type":"Feature","geometry":{"type":"Polygon","coordinates":[[[2.55242,6.44373],[2.53816,6.44373],[2.53816,6.45799],[2.55242,6.45799],[2.55242,6.44373]]]},"properties":{"region":"Ouémé","district":"Aguégués","floods_1m":1,"floods_2m":1,"floods_3m":1,"first_flood_m":1,"nests":true,"area_km2":2.498}},{"type":"Feature","geometry":{"type":"Polygon","coordinates":[[[2.56667,6.42948],[2.55242,6.42948],[2.55242,6.44373],[2.56667,6.44373],[2.56667,6.42948]]]},"properties":{"region":"Ouémé","district":"Aguégués","floods_1m":1,"floods_2m":1,"floods_3m":1,"first_flood_m":1,"nests":true,"area_km2":2.495}},{"type":"Feature","geometry":{"type":"Polygon","coordinates":[[[2.46687,6.3867],[2.46307,6.3867],[2.46457,6.40096],[2.46687,6.40096],[2.46687,6.3867]]]},"properties":{"region":"Ouémé","district":"Aguégués","floods_1m":1,"floods_2m":1,"floods_3m":1,"first_flood_m":1,"nests":true,"area_km2":0.534}},{"type":"Feature","geometry":{"type":"Polygon","coordinates":[[[2.53816,6.42948],[2.5239,6.42948],[2.5239,6.44373],[2.53816,6.44373],[2.53816,6.42948]]]},"properties":{"region":"Ouémé","district":"Aguégués","floods_1m":1,"floods_2m":1,"floods_3m":1,"first_flood_m":1,"nests":true,"area_km2":2.497}},{"type":"Feature","geometry":{"type":"Polygon","coordinates":[[[2.55242,6.47225],[2.53816,6.47225],[2.53816,6.48651],[2.55242,6.48651],[2.55242,6.47225]]]},"properties":{"region":"Ouémé","district":"Aguégués","floods_1m":1,"floods_2m":1,"floods_3m":1,"first_flood_m":1,"nests":true,"area_km2":2.498}},{"type":"Feature","geometry":{"type":"Polygon","coordinates":[[[2.50964,6.40096],[2.49538,6.40096],[2.49538,6.41522],[2.50964,6.41522],[2.50964,6.40096]]]},"properties":{"region":"Ouémé","district":"Aguégués","floods_1m":1,"floods_2m":1,"floods_3m":1,"first_flood_m":1,"nests":true,"area_km2":2.499}},{"type":"Feature","geometry":{"type":"Polygon","coordinates":[[[2.55242,6.42948],[2.53816,6.42948],[2.53816,6.44373],[2.55242,6.44373],[2.55242,6.42948]]]},"properties":{"region":"Ouémé","district":"Aguégués","floods_1m":1,"floods_2m":1,"floods_3m":1,"first_flood_m":1,"nests":true,"area_km2":2.497}},{"type":"Feature","geometry":{"type":"Polygon","coordinates":[[[2.50964,6.38629],[2.49538,6.38312],[2.49538,6.3867],[2.50964,6.3867],[2.50964,6.38629]]]},"properties":{"region":"Ouémé","district":"Aguégués","floods_1m":1,"floods_2m":1,"floods_3m":1,"first_flood_m":1,"nests":true,"area_km2":0.35}},{"type":"Feature","geometry":{"type":"Polygon","coordinates":[[[2.49538,6.47225],[2.48713,6.47225],[2.48822,6.47635],[2.48805,6.48333],[2.48845,6.48651],[2.49538,6.48651],[2.49538,6.47225]]]},"properties":{"region":"Ouémé","district":"Aguégués","floods_1m":1,"floods_2m":1,"floods_3m":1,"first_flood_m":1,"nests":true,"area_km2":1.288}},{"type":"Feature","geometry":{"type":"Polygon","coordinates":[[[2.50964,6.47225],[2.49538,6.47225],[2.49538,6.48651],[2.50964,6.48651],[2.50964,6.47225]]]},"properties":{"region":"Ouémé","district":"Aguégués","floods_1m":1,"floods_2m":1,"floods_3m":1,"first_flood_m":1,"nests":true,"area_km2":2.498}},{"type":"Feature","geometry":{"type":"Polygon","coordinates":[[[2.5239,6.47225],[2.50964,6.47225],[2.50964,6.48651],[2.5239,6.48651],[2.5239,6.47225]]]},"properties":{"region":"Ouémé","district":"Aguégués","floods_1m":1,"floods_2m":1,"floods_3m":1,"first_flood_m":1,"nests":true,"area_km2":2.498}},{"type":"Feature","geometry":{"type":"Polygon","coordinates":[[[2.58647,6.47225],[2.58093,6.47225],[2.58093,6.47916],[2.58647,6.47225]]]},"properties":{"region":"Ouémé","district":"Aguégués","floods_1m":1,"floods_2m":1,"floods_3m":1,"first_flood_m":1,"nests":true,"area_km2":0.235}},{"type":"Feature","geometry":{"type":"Polygon","coordinates":[[[2.56667,6.41542],[2.5662,6.41522],[2.55242,6.41522],[2.55242,6.42948],[2.56667,6.42948],[2.56667,6.41542]]]},"properties":{"region":"Ouémé","district":"Aguégués","floods_1m":1,"floods_2m":1,"floods_3m":1,"first_flood_m":1,"nests":true,"area_km2":2.496}},{"type":"Feature","geometry":{"type":"Polygon","coordinates":[[[2.55242,6.40248],[2.55242,6.41522],[2.5662,6.41522],[2.56553,6.41493],[2.5526,6.40255],[2.55242,6.40248]]]},"properties":{"region":"Ouémé","district":"Aguégués","floods_1m":1,"floods_2m":1,"floods_3m":1,"first_flood_m":1,"nests":true,"area_km2":1.059}},{"type":"Feature","geometry":{"type":"Polygon","coordinates":[[[2.49538,6.40096],[2.48113,6.40096],[2.48113,6.41522],[2.49538,6.41522],[2.49538,6.40096]]]},"properties":{"region":"Ouémé","district":"Aguégués","floods_1m":1,"floods_2m":1,"floods_3m":1,"first_flood_m":1,"nests":true,"area_km2":2.497}},{"type":"Feature","geometry":{"type":"Polygon","coordinates":[[[2.5239,6.51502],[2.52323,6.51502],[2.5239,6.51608],[2.5239,6.51502]]]},"properties":{"region":"Ouémé","district":"Aguégués","floods_1m":1,"floods_2m":1,"floods_3m":1,"first_flood_m":1,"nests":true,"area_km2":0.004}},{"type":"Feature","geometry":{"type":"Polygon","coordinates":[[[2.58093,6.42151],[2.5809,6.4215],[2.56667,6.41542],[2.56667,6.42948],[2.58093,6.42948],[2.58093,6.42151]]]},"properties":{"region":"Ouémé","district":"Aguégués","floods_1m":1,"floods_2m":1,"floods_3m":1,"first_flood_m":1,"nests":true,"area_km2":1.93}},{"type":"Feature","geometry":{"type":"Polygon","coordinates":[[[2.50964,6.38629],[2.50964,6.3867],[2.51151,6.3867],[2.50964,6.38629]]]},"properties":{"region":"Ouémé","district":"Aguégués","floods_1m":1,"floods_2m":1,"floods_3m":1,"first_flood_m":1,"nests":true,"area_km2":0.005}},{"type":"Feature","geometry":{"type":"Polygon","coordinates":[[[2.55242,6.45799],[2.53816,6.45799],[2.53816,6.47225],[2.55242,6.47225],[2.55242,6.45799]]]},"properties":{"region":"Ouémé","district":"Aguégués","floods_1m":1,"floods_2m":1,"floods_3m":1,"first_flood_m":1,"nests":true,"area_km2":2.498}},{"type":"Feature","geometry":{"type":"Polygon","coordinates":[[[2.58093,6.44373],[2.56667,6.44373],[2.56667,6.45799],[2.58093,6.45799],[2.58093,6.44373]]]},"properties":{"region":"Ouémé","district":"Aguégués","floods_1m":1,"floods_2m":1,"floods_3m":1,"first_flood_m":1,"nests":true,"area_km2":2.498}},{"type":"Feature","geometry":{"type":"Polygon","coordinates":[[[2.58093,6.45799],[2.56667,6.45799],[2.56667,6.47225],[2.58093,6.47225],[2.58093,6.45799]]]},"properties":{"region":"Ouémé","district":"Aguégués","floods_1m":1,"floods_2m":1,"floods_3m":1,"first_flood_m":1,"nests":true,"area_km2":2.498}},{"type":"Feature","geometry":{"type":"Polygon","coordinates":[[[2.53816,6.52866],[2.53816,6.51502],[2.5239,6.51502],[2.5239,6.51608],[2.53236,6.52928],[2.5372,6.52928],[2.53816,6.52866]]]},"properties":{"region":"Ouémé","district":"Aguégués","floods_1m":1,"floods_2m":1,"floods_3m":1,"first_flood_m":1,"nests":true,"area_km2":1.808}},{"type":"Feature","geometry":{"type":"Polygon","coordinates":[[[2.49538,6.3867],[2.48113,6.3867],[2.48113,6.40096],[2.49538,6.40096],[2.49538,6.3867]]]},"properties":{"region":"Ouémé","district":"Aguégués","floods_1m":1,"floods_2m":1,"floods_3m":1,"first_flood_m":1,"nests":true,"area_km2":2.497}},{"type":"Feature","geometry":{"type":"Polygon","coordinates":[[[2.48113,6.38021],[2.47618,6.37924],[2.46687,6.37689],[2.46687,6.3867],[2.48113,6.3867],[2.48113,6.38021]]]},"properties":{"region":"Ouémé","district":"Aguégués","floods_1m":1,"floods_2m":1,"floods_3m":1,"first_flood_m":1,"nests":true,"area_km2":1.412}},{"type":"Feature","geometry":{"type":"Polygon","coordinates":[[[2.59008,6.44373],[2.58093,6.44373],[2.58093,6.45799],[2.58841,6.45799],[2.58976,6.44522],[2.59008,6.44373]]]},"properties":{"region":"Ouémé","district":"Aguégués","floods_1m":1,"floods_2m":1,"floods_3m":1,"first_flood_m":1,"nests":true,"area_km2":1.444}},{"type":"Feature","geometry":{"type":"Polygon","coordinates":[[[2.5239,6.40096],[2.50964,6.40096],[2.50964,6.41522],[2.5239,6.41522],[2.5239,6.40096]]]},"properties":{"region":"Ouémé","district":"Aguégués","floods_1m":1,"floods_2m":1,"floods_3m":1,"first_flood_m":1,"nests":true,"area_km2":2.499}},{"type":"Feature","geometry":{"type":"Polygon","coordinates":[[[2.57363,6.48651],[2.57833,6.48242],[2.58093,6.47916],[2.58093,6.47225],[2.56667,6.47225],[2.56667,6.48651],[2.57363,6.48651]]]},"properties":{"region":"Ouémé","district":"Aguégués","floods_1m":1,"floods_2m":1,"floods_3m":1,"first_flood_m":1,"nests":true,"area_km2":2.197}},{"type":"Feature","geometry":{"type":"Polygon","coordinates":[[[2.56667,6.47225],[2.55242,6.47225],[2.55242,6.48651],[2.56667,6.48651],[2.56667,6.47225]]]},"properties":{"region":"Ouémé","district":"Aguégués","floods_1m":1,"floods_2m":1,"floods_3m":1,"first_flood_m":1,"nests":true,"area_km2":2.496}},{"type":"Feature","geometry":{"type":"Polygon","coordinates":[[[2.5372,6.52928],[2.53236,6.52928],[2.53378,6.5315],[2.5372,6.52928]]]},"properties":{"region":"Ouémé","district":"Aguégués","floods_1m":1,"floods_2m":1,"floods_3m":1,"first_flood_m":1,"nests":true,"area_km2":0.066}},{"type":"Feature","geometry":{"type":"Polygon","coordinates":[[[2.53816,6.44373],[2.5239,6.44373],[2.5239,6.45799],[2.53816,6.45799],[2.53816,6.44373]]]},"properties":{"region":"Ouémé","district":"Aguégués","floods_1m":1,"floods_2m":1,"floods_3m":1,"first_flood_m":1,"nests":true,"area_km2":2.498}},{"type":"Feature","geometry":{"type":"Polygon","coordinates":[[[2.58647,6.47225],[2.58698,6.47161],[2.58841,6.45799],[2.58093,6.45799],[2.58093,6.47225],[2.58647,6.47225]]]},"properties":{"region":"Ouémé","district":"Aguégués","floods_1m":1,"floods_2m":1,"floods_3m":1,"first_flood_m":1,"nests":true,"area_km2":1.178}},{"type":"Feature","geometry":{"type":"Polygon","coordinates":[[[2.49538,6.38312],[2.49071,6.38208],[2.48113,6.38021],[2.48113,6.3867],[2.49538,6.3867],[2.49538,6.38312]]]},"properties":{"region":"Ouémé","district":"Aguégués","floods_1m":1,"floods_2m":1,"floods_3m":1,"first_flood_m":1,"nests":true,"area_km2":0.889}},{"type":"Feature","geometry":{"type":"Polygon","coordinates":[[[2.53816,6.40096],[2.5239,6.40096],[2.5239,6.41522],[2.53816,6.41522],[2.53816,6.40096]]]},"properties":{"region":"Ouémé","district":"Aguégués","floods_1m":1,"floods_2m":1,"floods_3m":1,"first_flood_m":1,"nests":true,"area_km2":2.499}},{"type":"Feature","geometry":{"type":"Polygon","coordinates":[[[2.5239,6.45799],[2.50964,6.45799],[2.50964,6.47225],[2.5239,6.47225],[2.5239,6.45799]]]},"properties":{"region":"Ouémé","district":"Aguégués","floods_1m":1,"floods_2m":1,"floods_3m":1,"first_flood_m":1,"nests":true,"area_km2":2.498}},{"type":"Feature","geometry":{"type":"Polygon","coordinates":[[[2.50964,6.48651],[2.49538,6.48651],[2.49538,6.49325],[2.50796,6.50077],[2.50964,6.50077],[2.50964,6.48651]]]},"properties":{"region":"Ouémé","district":"Aguégués","floods_1m":1,"floods_2m":1,"floods_3m":1,"first_flood_m":1,"nests":true,"area_km2":1.917}},{"type":"Feature","geometry":{"type":"Polygon","coordinates":[[[2.50964,6.50077],[2.50796,6.50077],[2.50964,6.50177],[2.50964,6.50077]]]},"properties":{"region":"Ouémé","district":"Aguégués","floods_1m":1,"floods_2m":1,"floods_3m":1,"first_flood_m":1,"nests":true,"area_km2":0.01}},{"type":"Feature","geometry":{"type":"Polygon","coordinates":[[[2.56667,6.49262],[2.56667,6.48651],[2.55242,6.48651],[2.55242,6.50077],[2.5589,6.50077],[2.56222,6.49658],[2.56667,6.49262]]]},"properties":{"region":"Ouémé","district":"Aguégués","floods_1m":1,"floods_2m":1,"floods_3m":1,"first_flood_m":1,"nests":true,"area_km2":2.074}},{"type":"Feature","geometry":{"type":"Polygon","coordinates":[[[2.5239,6.50077],[2.50964,6.50077],[2.50964,6.50177],[2.51789,6.5067],[2.52323,6.51502],[2.5239,6.51502],[2.5239,6.50077]]]},"properties":{"region":"Ouémé","district":"Aguégués","floods_1m":1,"floods_2m":1,"floods_3m":1,"first_flood_m":1,"nests":true,"area_km2":1.13}},{"type":"Feature","geometry":{"type":"Polygon","coordinates":[[[2.53816,6.47225],[2.5239,6.47225],[2.5239,6.48651],[2.53816,6.48651],[2.53816,6.47225]]]},"properties":{"region":"Ouémé","district":"Aguégués","floods_1m":1,"floods_2m":1,"floods_3m":1,"first_flood_m":1,"nests":true,"area_km2":2.498}},{"type":"Feature","geometry":{"type":"Polygon","coordinates":[[[2.5589,6.50077],[2.55242,6.50077],[2.55242,6.51502],[2.55399,6.51502],[2.55563,6.50489],[2.5589,6.50077]]]},"properties":{"region":"Ouémé","district":"Aguégués","floods_1m":1,"floods_2m":1,"floods_3m":1,"first_flood_m":1,"nests":true,"area_km2":0.543}},{"type":"Feature","geometry":{"type":"Polygon","coordinates":[[[2.53816,6.45799],[2.5239,6.45799],[2.5239,6.47225],[2.53816,6.47225],[2.53816,6.45799]]]},"properties":{"region":"Ouémé","district":"Aguégués","floods_1m":1,"floods_2m":1,"floods_3m":1,"first_flood_m":1,"nests":true,"area_km2":2.498}},{"type":"Feature","geometry":{"type":"Polygon","coordinates":[[[2.55242,6.41522],[2.53816,6.41522],[2.53816,6.42948],[2.55242,6.42948],[2.55242,6.41522]]]},"properties":{"region":"Ouémé","district":"Aguégués","floods_1m":1,"floods_2m":1,"floods_3m":1,"first_flood_m":1,"nests":true,"area_km2":2.498}},{"type":"Feature","geometry":{"type":"Polygon","coordinates":[[[2.53816,6.50077],[2.5239,6.50077],[2.5239,6.51502],[2.53816,6.51502],[2.53816,6.50077]]]},"properties":{"region":"Ouémé","district":"Aguégués","floods_1m":1,"floods_2m":1,"floods_3m":1,"first_flood_m":1,"nests":true,"area_km2":2.496}},{"type":"Feature","geometry":{"type":"Polygon","coordinates":[[[2.55242,6.48651],[2.53816,6.48651],[2.53816,6.50077],[2.55242,6.50077],[2.55242,6.48651]]]},"properties":{"region":"Ouémé","district":"Aguégués","floods_1m":1,"floods_2m":1,"floods_3m":1,"first_flood_m":1,"nests":true,"area_km2":2.498}},{"type":"Feature","geometry":{"type":"Polygon","coordinates":[[[2.5239,6.48651],[2.50964,6.48651],[2.50964,6.50077],[2.5239,6.50077],[2.5239,6.48651]]]},"properties":{"region":"Ouémé","district":"Aguégués","floods_1m":1,"floods_2m":1,"floods_3m":1,"first_flood_m":1,"nests":true,"area_km2":2.498}},{"type":"Feature","geometry":{"type":"Polygon","coordinates":[[[2.5239,6.44373],[2.50964,6.44373],[2.50964,6.45799],[2.5239,6.45799],[2.5239,6.44373]]]},"properties":{"region":"Ouémé","district":"Aguégués","floods_1m":1,"floods_2m":1,"floods_3m":1,"first_flood_m":1,"nests":true,"area_km2":2.498}},{"type":"Feature","geometry":{"type":"Polygon","coordinates":[[[2.58093,6.42948],[2.56667,6.42948],[2.56667,6.44373],[2.58093,6.44373],[2.58093,6.42948]]]},"properties":{"region":"Ouémé","district":"Aguégués","floods_1m":1,"floods_2m":1,"floods_3m":1,"first_flood_m":1,"nests":true,"area_km2":2.497}},{"type":"Feature","geometry":{"type":"Polygon","coordinates":[[[2.5239,6.39105],[2.51271,6.38697],[2.51151,6.3867],[2.50964,6.3867],[2.50964,6.40096],[2.5239,6.40096],[2.5239,6.39105]]]},"properties":{"region":"Ouémé","district":"Aguégués","floods_1m":1,"floods_2m":1,"floods_3m":1,"first_flood_m":1,"nests":true,"area_km2":2.179}},{"type":"Feature","geometry":{"type":"Polygon","coordinates":[[[2.55399,6.51502],[2.55242,6.51502],[2.55242,6.51942],[2.55422,6.51824],[2.55362,6.51733],[2.55399,6.51502]]]},"properties":{"region":"Ouémé","district":"Aguégués","floods_1m":1,"floods_2m":1,"floods_3m":1,"first_flood_m":1,"nests":true,"area_km2":0.069}},{"type":"Feature","geometry":{"type":"Polygon","coordinates":[[[2.55242,6.51942],[2.55242,6.51502],[2.53816,6.51502],[2.53816,6.52866],[2.55242,6.51942]]]},"properties":{"region":"Ouémé","district":"Aguégués","floods_1m":1,"floods_2m":1,"floods_3m":1,"first_flood_m":1,"nests":true,"area_km2":1.58}},{"type":"Feature","geometry":{"type":"Polygon","coordinates":[[[2.53816,6.39656],[2.53182,6.39394],[2.5239,6.39105],[2.5239,6.40096],[2.53816,6.40096],[2.53816,6.39656]]]},"properties":{"region":"Ouémé","district":"Aguégués","floods_1m":1,"floods_2m":1,"floods_3m":1,"first_flood_m":1,"nests":true,"area_km2":1.269}},{"type":"Feature","geometry":{"type":"Polygon","coordinates":[[[2.59519,6.42948],[2.59411,6.42948],[2.59015,6.44342],[2.59008,6.44373],[2.59519,6.44373],[2.59519,6.42948]]]},"properties":{"region":"Ouémé","district":"Porto-Novo","floods_1m":1,"floods_2m":1,"floods_3m":1,"first_flood_m":1,"nests":true,"area_km2":0.543}},{"type":"Feature","geometry":{"type":"Polygon","coordinates":[[[2.65222,6.45799],[2.63796,6.45799],[2.63796,6.47225],[2.65222,6.47225],[2.65222,6.45799]]]},"properties":{"region":"Ouémé","district":"Porto-Novo","floods_1m":1,"floods_2m":1,"floods_3m":1,"first_flood_m":1,"nests":true,"area_km2":2.498}},{"type":"Feature","geometry":{"type":"Polygon","coordinates":[[[2.62371,6.43504],[2.60945,6.43302],[2.60945,6.44373],[2.62371,6.44373],[2.62371,6.43504]]]},"properties":{"region":"Ouémé","district":"Porto-Novo","floods_1m":1,"floods_2m":1,"floods_3m":1,"first_flood_m":1,"nests":true,"area_km2":1.699}},{"type":"Feature","geometry":{"type":"Polygon","coordinates":[[[2.59519,6.42786],[2.59462,6.42765],[2.59431,6.42876],[2.59411,6.42948],[2.59519,6.42948],[2.59519,6.42786]]]},"properties":{"region":"Ouémé","district":"Porto-Novo","floods_1m":1,"floods_2m":1,"floods_3m":1,"first_flood_m":1,"nests":true,"area_km2":0.018}},{"type":"Feature","geometry":{"type":"Polygon","coordinates":[[[2.67072,6.42948],[2.66648,6.42948],[2.66648,6.44373],[2.66723,6.44373],[2.66729,6.4435],[2.67072,6.42948]]]},"properties":{"region":"Ouémé","district":"Porto-Novo","floods_1m":1,"floods_2m":1,"floods_3m":1,"first_flood_m":1,"nests":true,"area_km2":0.437}},{"type":"Feature","geometry":{"type":"Polygon","coordinates":[[[2.60945,6.44373],[2.59519,6.44373],[2.59519,6.45799],[2.60945,6.45799],[2.60945,6.44373]]]},"properties":{"region":"Ouémé","district":"Porto-Novo","floods_1m":1,"floods_2m":1,"floods_3m":1,"first_flood_m":1,"nests":true,"area_km2":2.498}},{"type":"Feature","geometry":{"type":"Polygon","coordinates":[[[2.59519,6.42786],[2.59519,6.42948],[2.5996,6.42948],[2.59519,6.42786]]]},"properties":{"region":"Ouémé","district":"Porto-Novo","floods_1m":1,"floods_2m":1,"floods_3m":1,"first_flood_m":1,"nests":true,"area_km2":0.044}},{"type":"Feature","geometry":{"type":"Polygon","coordinates":[[[2.62371,6.47225],[2.60945,6.47225],[2.60945,6.48651],[2.62371,6.48651],[2.62371,6.47225]]]},"properties":{"region":"Ouémé","district":"Porto-Novo","floods_1m":0,"floods_2m":0,"floods_3m":1,"first_flood_m":3,"nests":true,"area_km2":2.498}},{"type":"Feature","geometry":{"type":"Polygon","coordinates":[[[2.65222,6.4313],[2.64029,6.43533],[2.63796,6.43534],[2.63796,6.44373],[2.65222,6.44373],[2.65222,6.4313]]]},"properties":{"region":"Ouémé","district":"Porto-Novo","floods_1m":1,"floods_2m":1,"floods_3m":1,"first_flood_m":1,"nests":true,"area_km2":1.767}},{"type":"Feature","geometry":{"type":"Polygon","coordinates":[[[2.63796,6.45799],[2.62371,6.45799],[2.62371,6.47225],[2.63796,6.47225],[2.63796,6.45799]]]},"properties":{"region":"Ouémé","district":"Porto-Novo","floods_1m":1,"floods_2m":1,"floods_3m":1,"first_flood_m":1,"nests":true,"area_km2":2.497}},{"type":"Feature","geometry":{"type":"Polygon","coordinates":[[[2.62371,6.48651],[2.60945,6.48651],[2.60945,6.4903],[2.62204,6.50077],[2.62371,6.50077],[2.62371,6.48651]]]},"properties":{"region":"Ouémé","district":"Porto-Novo","floods_1m":0,"floods_2m":0,"floods_3m":1,"first_flood_m":3,"nests":true,"area_km2":1.688}},{"type":"Feature","geometry":{"type":"Polygon","coordinates":[[[2.62371,6.45799],[2.60945,6.45799],[2.60945,6.47225],[2.62371,6.47225],[2.62371,6.45799]]]},"properties":{"region":"Ouémé","district":"Porto-Novo","floods_1m":1,"floods_2m":1,"floods_3m":1,"first_flood_m":1,"nests":true,"area_km2":2.498}},{"type":"Feature","geometry":{"type":"Polygon","coordinates":[[[2.65222,6.47445],[2.65222,6.47225],[2.63796,6.47225],[2.63796,6.48651],[2.64454,6.48651],[2.64512,6.48587],[2.65222,6.47445]]]},"properties":{"region":"Ouémé","district":"Porto-Novo","floods_1m":0,"floods_2m":0,"floods_3m":1,"first_flood_m":3,"nests":true,"area_km2":1.942}},{"type":"Feature","geometry":{"type":"Polygon","coordinates":[[[2.59519,6.47225],[2.58774,6.47225],[2.59519,6.47844],[2.59519,6.47225]]]},"properties":{"region":"Ouémé","district":"Porto-Novo","floods_1m":1,"floods_2m":1,"floods_3m":1,"first_flood_m":1,"nests":true,"area_km2":0.283}},{"type":"Feature","geometry":{"type":"Polygon","coordinates":[[[2.60945,6.47225],[2.59519,6.47225],[2.59519,6.47844],[2.60489,6.48651],[2.60945,6.48651],[2.60945,6.47225]]]},"properties":{"region":"Ouémé","district":"Porto-Novo","floods_1m":1,"floods_2m":1,"floods_3m":1,"first_flood_m":1,"nests":true,"area_km2":2.017}},{"type":"Feature","geometry":{"type":"Polygon","coordinates":[[[2.60945,6.43302],[2.60917,6.43298],[2.5996,6.42948],[2.59519,6.42948],[2.59519,6.44373],[2.60945,6.44373],[2.60945,6.43302]]]},"properties":{"region":"Ouémé","district":"Porto-Novo","floods_1m":1,"floods_2m":1,"floods_3m":1,"first_flood_m":1,"nests":true,"area_km2":2.279}},{"type":"Feature","geometry":{"type":"Polygon","coordinates":[[[2.59519,6.44373],[2.59008,6.44373],[2.58976,6.44522],[2.58841,6.45799],[2.59519,6.45799],[2.59519,6.44373]]]},"properties":{"region":"Ouémé","district":"Porto-Novo","floods_1m":1,"floods_2m":1,"floods_3m":1,"first_flood_m":1,"nests":true,"area_km2":1.054}},{"type":"Feature","geometry":{"type":"Polygon","coordinates":[[[2.66348,6.45799],[2.65222,6.45799],[2.65222,6.47225],[2.65359,6.47225],[2.65417,6.47132],[2.66282,6.46051],[2.66348,6.45799]]]},"properties":{"region":"Ouémé","district":"Porto-Novo","floods_1m":1,"floods_2m":1,"floods_3m":1,"first_flood_m":1,"nests":true,"area_km2":1.191}},{"type":"Feature","geometry":{"type":"Polygon","coordinates":[[[2.60945,6.45799],[2.59519,6.45799],[2.59519,6.47225],[2.60945,6.47225],[2.60945,6.45799]]]},"properties":{"region":"Ouémé","district":"Porto-Novo","floods_1m":1,"floods_2m":1,"floods_3m":1,"first_flood_m":1,"nests":true,"area_km2":2.498}},{"type":"Feature","geometry":{"type":"Polygon","coordinates":[[[2.59519,6.45799],[2.58841,6.45799],[2.58698,6.47161],[2.58774,6.47225],[2.59519,6.47225],[2.59519,6.45799]]]},"properties":{"region":"Ouémé","district":"Porto-Novo","floods_1m":1,"floods_2m":1,"floods_3m":1,"first_flood_m":1,"nests":true,"area_km2":1.316}},{"type":"Feature","geometry":{"type":"Polygon","coordinates":[[[2.65222,6.44373],[2.63796,6.44373],[2.63796,6.45799],[2.65222,6.45799],[2.65222,6.44373]]]},"properties":{"region":"Ouémé","district":"Porto-Novo","floods_1m":1,"floods_2m":1,"floods_3m":1,"first_flood_m":1,"nests":true,"area_km2":2.498}},{"type":"Feature","geometry":{"type":"Polygon","coordinates":[[[2.62371,6.44373],[2.60945,6.44373],[2.60945,6.45799],[2.62371,6.45799],[2.62371,6.44373]]]},"properties":{"region":"Ouémé","district":"Porto-Novo","floods_1m":1,"floods_2m":1,"floods_3m":1,"first_flood_m":1,"nests":true,"area_km2":2.498}},{"type":"Feature","geometry":{"type":"Polygon","coordinates":[[[2.66723,6.44373],[2.66648,6.44373],[2.66648,6.44658],[2.66723,6.44373]]]},"properties":{"region":"Ouémé","district":"Porto-Novo","floods_1m":1,"floods_2m":1,"floods_3m":1,"first_flood_m":1,"nests":true,"area_km2":0.013}},{"type":"Feature","geometry":{"type":"Polygon","coordinates":[[[2.63796,6.43534],[2.62618,6.43539],[2.62371,6.43504],[2.62371,6.44373],[2.63796,6.44373],[2.63796,6.43534]]]},"properties":{"region":"Ouémé","district":"Porto-Novo","floods_1m":1,"floods_2m":1,"floods_3m":1,"first_flood_m":1,"nests":true,"area_km2":1.469}},{"type":"Feature","geometry":{"type":"Polygon","coordinates":[[[2.63796,6.44373],[2.62371,6.44373],[2.62371,6.45799],[2.63796,6.45799],[2.63796,6.44373]]]},"properties":{"region":"Ouémé","district":"Porto-Novo","floods_1m":1,"floods_2m":1,"floods_3m":1,"first_flood_m":1,"nests":true,"area_km2":2.497}},{"type":"Feature","geometry":{"type":"Polygon","coordinates":[[[2.66648,6.42948],[2.65717,6.42948],[2.65519,6.43029],[2.65222,6.4313],[2.65222,6.44373],[2.66648,6.44373],[2.66648,6.42948]]]},"properties":{"region":"Ouémé","district":"Porto-Novo","floods_1m":1,"floods_2m":1,"floods_3m":1,"first_flood_m":1,"nests":true,"area_km2":2.439}},{"type":"Feature","geometry":{"type":"Polygon","coordinates":[[[2.66648,6.44658],[2.66648,6.44373],[2.65222,6.44373],[2.65222,6.45799],[2.66348,6.45799],[2.66648,6.44658]]]},"properties":{"region":"Ouémé","district":"Porto-Novo","floods_1m":1,"floods_2m":1,"floods_3m":1,"first_flood_m":1,"nests":true,"area_km2":2.288}},{"type":"Feature","geometry":{"type":"Polygon","coordinates":[[[2.55242,6.3867],[2.53816,6.3867],[2.53816,6.39656],[2.54876,6.40096],[2.55242,6.40096],[2.55242,6.3867]]]},"properties":{"region":"Ouémé","district":"Sèmè-Kpodji","floods_1m":1,"floods_2m":1,"floods_3m":1,"first_flood_m":1,"nests":true,"area_km2":2.212}},{"type":"Feature","geometry":{"type":"Polygon","coordinates":[[[2.49538,6.35847],[2.49292,6.35847],[2.49292,6.35875],[2.49264,6.35875],[2.49264,6.35903],[2.49208,6.35903],[2.49208,6.35958],[2.4918,6.35958],[2.4918,6.35986],[2.49153,6.35986],[2.49153,6.36014],[2.49097,6.36014],[2.49097,6.36042],[2.49014,6.36042],[2.49014,6.35986],[2.49042,6.35986],[2.49042,6.35958],[2.49069,6.35958],[2.49069,6.3593],[2.48903,6.3593],[2.48903,6.35958],[2.48625,6.35958],[2.48625,6.36014],[2.48569,6.36014],[2.48569,6.35958],[2.48458,6.35958],[2.48458,6.35986],[2.48431,6.35986],[2.48431,6.36014],[2.48403,6.36014],[2.48403,6.36042],[2.48375,6.36042],[2.48375,6.36069],[2.48333,6.36069],[2.48333,6.36222],[2.48389,6.36833],[2.48113,6.36845],[2.48113,6.37244],[2.49538,6.37244],[2.49538,6.35847]]]},"properties":{"region":"Ouémé","district":"Sèmè-Kpodji","floods_1m":1,"floods_2m":1,"floods_3m":1,"first_flood_m":1,"nests":true,"area_km2":2.01}},{"type":"Feature","geometry":{"type":"Polygon","coordinates":[[[2.62371,6.42948],[2.60945,6.42948],[2.60945,6.43302],[2.62371,6.43504],[2.62371,6.42948]]]},"properties":{"region":"Ouémé","district":"Sèmè-Kpodji","floods_1m":1,"floods_2m":1,"floods_3m":1,"first_flood_m":1,"nests":true,"area_km2":0.797}},{"type":"Feature","geometry":{"type":"Polygon","coordinates":[[[2.59519,6.42786],[2.59519,6.41522],[2.58093,6.41522],[2.58093,6.42151],[2.59431,6.42876],[2.59462,6.42765],[2.59519,6.42786]]]},"properties":{"region":"Ouémé","district":"Sèmè-Kpodji","floods_1m":1,"floods_2m":1,"floods_3m":1,"first_flood_m":1,"nests":true,"area_km2":1.767}},{"type":"Feature","geometry":{"type":"Polygon","coordinates":[[[2.55242,6.40096],[2.54876,6.40096],[2.55242,6.40248],[2.55242,6.40096]]]},"properties":{"region":"Ouémé","district":"Sèmè-Kpodji","floods_1m":1,"floods_2m":1,"floods_3m":1,"first_flood_m":1,"nests":true,"area_km2":0.034}},{"type":"Feature","geometry":{"type":"Polygon","coordinates":[[[2.66648,6.37244],[2.65222,6.37244],[2.65222,6.3867],[2.66648,6.3867],[2.66648,6.37244]]]},"properties":{"region":"Ouémé","district":"Sèmè-Kpodji","floods_1m":1,"floods_2m":1,"floods_3m":1,"first_flood_m":1,"nests":true,"area_km2":2.499}},{"type":"Feature","geometry":{"type":"Polygon","coordinates":[[[2.62371,6.3867],[2.60945,6.3867],[2.60945,6.40096],[2.62371,6.40096],[2.62371,6.3867]]]},"properties":{"region":"Ouémé","district":"Sèmè-Kpodji","floods_1m":1,"floods_2m":1,"floods_3m":1,"first_flood_m":1,"nests":true,"area_km2":2.499}},{"type":"Feature","geometry":{"type":"Polygon","coordinates":[[[2.60945,6.41522],[2.59519,6.41522],[2.59519,6.42786],[2.5996,6.42948],[2.60945,6.42948],[2.60945,6.41522]]]},"properties":{"region":"Ouémé","district":"Sèmè-Kpodji","floods_1m":1,"floods_2m":1,"floods_3m":1,"first_flood_m":1,"nests":true,"area_km2":2.455}},{"type":"Feature","geometry":{"type":"Polygon","coordinates":[[[2.53816,6.35903],[2.53708,6.35903],[2.53708,6.35958],[2.53681,6.35958],[2.53681,6.35986],[2.53625,6.35986],[2.53625,6.35958],[2.53486,6.35958],[2.53486,6.3593],[2.53375,6.3593],[2.53375,6.35903],[2.5307,6.35903],[2.5307,6.35875],[2.52986,6.35875],[2.52986,6.35847],[2.52875,6.35847],[2.52875,6.35875],[2.52819,6.35875],[2.52819,6.35903],[2.52792,6.35903],[2.52792,6.35875],[2.52736,6.35875],[2.52736,6.35847],[2.52708,6.35847],[2.52708,6.35819],[2.52653,6.35819],[2.52653,6.35847],[2.52542,6.35847],[2.52542,6.35875],[2.52514,6.35875],[2.52514,6.35903],[2.52403,6.35903],[2.52403,6.35875],[2.5239,6.35875],[2.5239,6.37244],[2.53816,6.37244],[2.53816,6.35903]]]},"properties":{"region":"Ouémé","district":"Sèmè-Kpodji","floods_1m":1,"floods_2m":1,"floods_3m":1,"first_flood_m":1,"nests":true,"area_km2":2.36}},{"type":"Feature","geometry":{"type":"Polygon","coordinates":[[[2.66648,6.40096],[2.65222,6.40096],[2.65222,6.41522],[2.66648,6.41522],[2.66648,6.40096]]]},"properties":{"region":"Ouémé","district":"Sèmè-Kpodji","floods_1m":1,"floods_2m":1,"floods_3m":1,"first_flood_m":1,"nests":true,"area_km2":2.499}},{"type":"Feature","geometry":{"type":"Polygon","coordinates":[[[2.65222,6.40096],[2.63796,6.40096],[2.63796,6.41522],[2.65222,6.41522],[2.65222,6.40096]]]},"properties":{"region":"Ouémé","district":"Sèmè-Kpodji","floods_1m":1,"floods_2m":1,"floods_3m":1,"first_flood_m":1,"nests":true,"area_km2":2.499}},{"type":"Feature","geometry":{"type":"Polygon","coordinates":[[[2.58093,6.37244],[2.56667,6.37244],[2.56667,6.3867],[2.58093,6.3867],[2.58093,6.37244]]]},"properties":{"region":"Ouémé","district":"Sèmè-Kpodji","floods_1m":1,"floods_2m":1,"floods_3m":1,"first_flood_m":1,"nests":true,"area_km2":2.499}},{"type":"Feature","geometry":{"type":"Polygon","coordinates":[[[2.68074,6.3867],[2.66648,6.3867],[2.66648,6.40096],[2.68074,6.40096],[2.68074,6.3867]]]},"properties":{"region":"Ouémé","district":"Sèmè-Kpodji","floods_1m":1,"floods_2m":1,"floods_3m":1,"first_flood_m":1,"nests":true,"area_km2":2.499}},{"type":"Feature","geometry":{"type":"Polygon","coordinates":[[[2.48113,6.36845],[2.47722,6.36861],[2.47139,6.36778],[2.46687,6.36907],[2.46687,6.37244],[2.48113,6.37244],[2.48113,6.36845]]]},"properties":{"region":"Ouémé","district":"Sèmè-Kpodji","floods_1m":0,"floods_2m":0,"floods_3m":1,"first_flood_m":3,"nests":true,"area_km2":0.715}},{"type":"Feature","geometry":{"type":"Polygon","coordinates":[[[2.70903,6.3867],[2.695,6.3867],[2.695,6.40096],[2.70857,6.40096],[2.70903,6.3867]]]},"properties":{"region":"Ouémé","district":"Sèmè-Kpodji","floods_1m":1,"floods_2m":1,"floods_3m":1,"first_flood_m":1,"nests":true,"area_km2":2.418}},{"type":"Feature","geometry":{"type":"Polygon","coordinates":[[[2.60945,6.40096],[2.59519,6.40096],[2.59519,6.41522],[2.60945,6.41522],[2.60945,6.40096]]]},"properties":{"region":"Ouémé","district":"Sèmè-Kpodji","floods_1m":1,"floods_2m":1,"floods_3m":1,"first_flood_m":1,"nests":true,"area_km2":2.499}},{"type":"Feature","geometry":{"type":"Polygon","coordinates":[[[2.70842,6.40568],[2.70857,6.40096],[2.695,6.40096],[2.695,6.41231],[2.70842,6.40568]]]},"properties":{"region":"Ouémé","district":"Sèmè-Kpodji","floods_1m":1,"floods_2m":1,"floods_3m":1,"first_flood_m":1,"nests":true,"area_km2":1.329}},{"type":"Feature","geometry":{"type":"Polygon","coordinates":[[[2.59519,6.37244],[2.58093,6.37244],[2.58093,6.3867],[2.59519,6.3867],[2.59519,6.37244]]]},"properties":{"region":"Ouémé","district":"Sèmè-Kpodji","floods_1m":1,"floods_2m":1,"floods_3m":1,"first_flood_m":1,"nests":true,"area_km2":2.499}},{"type":"Feature","geometry":{"type":"Polygon","coordinates":[[[2.65222,6.4313],[2.65222,6.42948],[2.63796,6.42948],[2.63796,6.43534],[2.64029,6.43533],[2.65222,6.4313]]]},"properties":{"region":"Ouémé","district":"Sèmè-Kpodji","floods_1m":1,"floods_2m":1,"floods_3m":1,"first_flood_m":1,"nests":true,"area_km2":0.73}},{"type":"Feature","geometry":{"type":"Polygon","coordinates":[[[2.63796,6.40096],[2.62371,6.40096],[2.62371,6.41522],[2.63796,6.41522],[2.63796,6.40096]]]},"properties":{"region":"Ouémé","district":"Sèmè-Kpodji","floods_1m":1,"floods_2m":1,"floods_3m":1,"first_flood_m":1,"nests":true,"area_km2":2.497}},{"type":"Feature","geometry":{"type":"Polygon","coordinates":[[[2.50964,6.37244],[2.49538,6.37244],[2.49538,6.38312],[2.50964,6.38629],[2.50964,6.37244]]]},"properties":{"region":"Ouémé","district":"Sèmè-Kpodji","floods_1m":1,"floods_2m":1,"floods_3m":1,"first_flood_m":1,"nests":true,"area_km2":2.149}},{"type":"Feature","geometry":{"type":"Polygon","coordinates":[[[2.62371,6.40096],[2.60945,6.40096],[2.60945,6.41522],[2.62371,6.41522],[2.62371,6.40096]]]},"properties":{"region":"Ouémé","district":"Sèmè-Kpodji","floods_1m":1,"floods_2m":1,"floods_3m":1,"first_flood_m":1,"nests":true,"area_km2":2.499}},{"type":"Feature","geometry":{"type":"Polygon","coordinates":[[[2.70938,6.37569],[2.70931,6.37569],[2.70931,6.37542],[2.70925,6.37542],[2.70925,6.3797],[2.70938,6.37569]]]},"properties":{"region":"Ouémé","district":"Sèmè-Kpodji","floods_1m":1,"floods_2m":1,"floods_3m":1,"first_flood_m":1,"nests":true,"area_km2":0.003}},{"type":"Feature","geometry":{"type":"Polygon","coordinates":[[[2.63796,6.37244],[2.62371,6.37244],[2.62371,6.3867],[2.63796,6.3867],[2.63796,6.37244]]]},"properties":{"region":"Ouémé","district":"Sèmè-Kpodji","floods_1m":1,"floods_2m":1,"floods_3m":1,"first_flood_m":1,"nests":true,"area_km2":2.497}},{"type":"Feature","geometry":{"type":"Polygon","coordinates":[[[2.56667,6.41522],[2.5662,6.41522],[2.56667,6.41542],[2.56667,6.41522]]]},"properties":{"region":"Ouémé","district":"Sèmè-Kpodji","floods_1m":0,"floods_2m":1,"floods_3m":1,"first_flood_m":2,"nests":true,"area_km2":0.001}},{"type":"Feature","geometry":{"type":"Polygon","coordinates":[[[2.62371,6.41522],[2.60945,6.41522],[2.60945,6.42948],[2.62371,6.42948],[2.62371,6.41522]]]},"properties":{"region":"Ouémé","district":"Sèmè-Kpodji","floods_1m":1,"floods_2m":1,"floods_3m":1,"first_flood_m":1,"nests":true,"area_km2":2.498}},{"type":"Feature","geometry":{"type":"Polygon","coordinates":[[[2.56667,6.40096],[2.55242,6.40096],[2.55242,6.40248],[2.5526,6.40255],[2.56553,6.41493],[2.5662,6.41522],[2.56667,6.41522],[2.56667,6.40096]]]},"properties":{"region":"Ouémé","district":"Sèmè-Kpodji","floods_1m":1,"floods_2m":1,"floods_3m":1,"first_flood_m":1,"nests":true,"area_km2":1.438}},{"type":"Feature","geometry":{"type":"Polygon","coordinates":[[[2.5239,6.35875],[2.52375,6.35875],[2.52375,6.35847],[2.52181,6.35847],[2.52181,6.35875],[2.52153,6.35875],[2.52153,6.35903],[2.52125,6.35903],[2.52125,6.3593],[2.51958,6.3593],[2.51958,6.35903],[2.51903,6.35903],[2.51903,6.35875],[2.51847,6.35875],[2.51847,6.35847],[2.51708,6.35847],[2.51708,6.35819],[2.51625,6.35819],[2.51625,6.35819],[2.51153,6.35819],[2.51153,6.35819],[2.51042,6.35819],[2.51042,6.35819],[2.50986,6.35819],[2.50986,6.35819],[2.50964,6.35819],[2.50964,6.37244],[2.5239,6.37244],[2.5239,6.35875]]]},"properties":{"region":"Ouémé","district":"Sèmè-Kpodji","floods_1m":1,"floods_2m":1,"floods_3m":1,"first_flood_m":1,"nests":true,"area_km2":2.447}},{"type":"Feature","geometry":{"type":"Polygon","coordinates":[[[2.70925,6.3797],[2.70925,6.37542],[2.70847,6.37542],[2.70847,6.37514],[2.70569,6.37514],[2.70569,6.37486],[2.70431,6.37486],[2.70431,6.37458],[2.70347,6.37458],[2.70347,6.37431],[2.70181,6.37431],[2.70181,6.37458],[2.70153,6.37458],[2.70153,6.37431],[2.70014,6.37431],[2.70014,6.37403],[2.69875,6.37403],[2.69875,6.37375],[2.69708,6.37375],[2.69708,6.37403],[2.69542,6.37403],[2.69542,6.37375],[2.69514,6.37375],[2.69514,6.37347],[2.695,6.37347],[2.695,6.3867],[2.70903,6.3867],[2.70917,6.38233],[2.70925,6.3797]]]},"properties":{"region":"Ouémé","district":"Sèmè-Kpodji","floods_1m":1,"floods_2m":1,"floods_3m":1,"first_flood_m":1,"nests":true,"area_km2":2.133}},{"type":"Feature","geometry":{"type":"Polygon","coordinates":[[[2.58093,6.41522],[2.56667,6.41522],[2.56667,6.41542],[2.5809,6.4215],[2.58093,6.42151],[2.58093,6.41522]]]},"properties":{"region":"Ouémé","district":"Sèmè-Kpodji","floods_1m":1,"floods_2m":1,"floods_3m":1,"first_flood_m":1,"nests":true,"area_km2":0.569}},{"type":"Feature","geometry":{"type":"Polygon","coordinates":[[[2.5239,6.37244],[2.50964,6.37244],[2.50964,6.38629],[2.51151,6.3867],[2.5239,6.3867],[2.5239,6.37244]]]},"properties":{"region":"Ouémé","district":"Sèmè-Kpodji","floods_1m":1,"floods_2m":1,"floods_3m":1,"first_flood_m":1,"nests":true,"area_km2":2.494}},{"type":"Feature","geometry":{"type":"Polygon","coordinates":[[[2.66648,6.3867],[2.65222,6.3867],[2.65222,6.40096],[2.66648,6.40096],[2.66648,6.3867]]]},"properties":{"region":"Ouémé","district":"Sèmè-Kpodji","floods_1m":1,"floods_2m":1,"floods_3m":1,"first_flood_m":1,"nests":true,"area_km2":2.499}},{"type":"Feature","geometry":{"type":"Polygon","coordinates":[[[2.59519,6.40096],[2.58093,6.40096],[2.58093,6.41522],[2.59519,6.41522],[2.59519,6.40096]]]},"properties":{"region":"Ouémé","district":"Sèmè-Kpodji","floods_1m":1,"floods_2m":1,"floods_3m":1,"first_flood_m":1,"nests":true,"area_km2":2.499}},{"type":"Feature","geometry":{"type":"Polygon","coordinates":[[[2.60945,6.42948],[2.5996,6.42948],[2.60917,6.43298],[2.60945,6.43302],[2.60945,6.42948]]]},"properties":{"region":"Ouémé","district":"Sèmè-Kpodji","floods_1m":1,"floods_2m":1,"floods_3m":1,"first_flood_m":1,"nests":true,"area_km2":0.218}},{"type":"Feature","geometry":{"type":"Polygon","coordinates":[[[2.62371,6.37244],[2.60945,6.37244],[2.60945,6.3867],[2.62371,6.3867],[2.62371,6.37244]]]},"properties":{"region":"Ouémé","district":"Sèmè-Kpodji","floods_1m":0,"floods_2m":0,"floods_3m":1,"first_flood_m":3,"nests":true,"area_km2":2.499}},{"type":"Feature","geometry":{"type":"Polygon","coordinates":[[[2.48113,6.37244],[2.46687,6.37244],[2.46687,6.37689],[2.47618,6.37924],[2.48113,6.38021],[2.48113,6.37244]]]},"properties":{"region":"Ouémé","district":"Sèmè-Kpodji","floods_1m":1,"floods_2m":1,"floods_3m":1,"first_flood_m":1,"nests":true,"area_km2":1.087}},{"type":"Feature","geometry":{"type":"Polygon","coordinates":[[[2.55242,6.37244],[2.53816,6.37244],[2.53816,6.3867],[2.55242,6.3867],[2.55242,6.37244]]]},"properties":{"region":"Ouémé","district":"Sèmè-Kpodji","floods_1m":1,"floods_2m":1,"floods_3m":1,"first_flood_m":1,"nests":true,"area_km2":2.499}},{"type":"Feature","geometry":{"type":"Polygon","coordinates":[[[2.67216,6.42359],[2.68074,6.41935],[2.68074,6.41522],[2.66648,6.41522],[2.66648,6.42571],[2.67216,6.42359]]]},"properties":{"region":"Ouémé","district":"Sèmè-Kpodji","floods_1m":1,"floods_2m":1,"floods_3m":1,"first_flood_m":1,"nests":true,"area_km2":1.317}},{"type":"Feature","geometry":{"type":"Polygon","coordinates":[[[2.60945,6.3867],[2.59519,6.3867],[2.59519,6.40096],[2.60945,6.40096],[2.60945,6.3867]]]},"properties":{"region":"Ouémé","district":"Sèmè-Kpodji","floods_1m":1,"floods_2m":1,"floods_3m":1,"first_flood_m":1,"nests":true,"area_km2":2.499}},{"type":"Feature","geometry":{"type":"Polygon","coordinates":[[[2.695,6.3867],[2.68074,6.3867],[2.68074,6.40096],[2.695,6.40096],[2.695,6.3867]]]},"properties":{"region":"Ouémé","district":"Sèmè-Kpodji","floods_1m":1,"floods_2m":1,"floods_3m":1,"first_flood_m":1,"nests":true,"area_km2":2.499}},{"type":"Feature","geometry":{"type":"Polygon","coordinates":[[[2.66648,6.42571],[2.66648,6.41522],[2.65222,6.41522],[2.65222,6.42948],[2.65717,6.42948],[2.66429,6.42653],[2.66648,6.42571]]]},"properties":{"region":"Ouémé","district":"Sèmè-Kpodji","floods_1m":1,"floods_2m":1,"floods_3m":1,"first_flood_m":1,"nests":true,"area_km2":2.279}},{"type":"Feature","geometry":{"type":"Polygon","coordinates":[[[2.63796,6.36625],[2.63792,6.36625],[2.63792,6.36653],[2.63708,6.36653],[2.63708,6.36625],[2.63542,6.36625],[2.63542,6.36597],[2.63458,6.36597],[2.63458,6.36514],[2.63403,6.36514],[2.63403,6.36542],[2.63236,6.36542],[2.63236,6.36514],[2.63125,6.36514],[2.63125,6.36486],[2.6307,6.36486],[2.6307,6.36514],[2.62764,6.36514],[2.62764,6.36486],[2.62486,6.36486],[2.62486,6.36458],[2.62403,6.36458],[2.62403,6.36431],[2.62371,6.36431],[2.62371,6.37244],[2.63796,6.37244],[2.63796,6.36625]]]},"properties":{"region":"Ouémé","district":"Sèmè-Kpodji","floods_1m":0,"floods_2m":0,"floods_3m":1,"first_flood_m":3,"nests":true,"area_km2":1.247}},{"type":"Feature","geometry":{"type":"Polygon","coordinates":[[[2.49538,6.37244],[2.48113,6.37244],[2.48113,6.38021],[2.49071,6.38208],[2.49538,6.38312],[2.49538,6.37244]]]},"properties":{"region":"Ouémé","district":"Sèmè-Kpodji","floods_1m":1,"floods_2m":1,"floods_3m":1,"first_flood_m":1,"nests":true,"area_km2":1.608}}]}