{"type":"FeatureCollection","features":[{"type":"Feature","geometry":{"type":"Polygon","coordinates":[[[-6.62973,4.73278],[-6.64398,4.73278],[-6.64398,4.74703],[-6.62973,4.74703],[-6.62973,4.73278]]]},"properties":{"region":"Bas-Sassandra","district":"San-Pédro","floods_1m":0,"floods_2m":0,"floods_3m":1,"first_flood_m":3,"nests":true,"area_km2":2.502}},{"type":"Feature","geometry":{"type":"Polygon","coordinates":[[[-6.6725,4.81832],[-6.68676,4.81832],[-6.68676,4.83258],[-6.6725,4.83258],[-6.6725,4.81832]]]},"properties":{"region":"Bas-Sassandra","district":"San-Pédro","floods_1m":0,"floods_2m":0,"floods_3m":1,"first_flood_m":3,"nests":true,"area_km2":2.505}},{"type":"Feature","geometry":{"type":"Polygon","coordinates":[[[-6.33031,4.84097],[-6.33097,4.84097],[-6.33097,4.84069],[-6.3323,4.84069],[-6.33264,4.84069],[-6.33264,4.84042],[-6.33486,4.84042],[-6.33486,4.84014],[-6.33514,4.84014],[-6.33514,4.83986],[-6.33597,4.83986],[-6.33597,4.83931],[-6.33625,4.83931],[-6.33625,4.83903],[-6.33653,4.83903],[-6.33653,4.83875],[-6.33681,4.83875],[-6.33681,4.83847],[-6.33764,4.83847],[-6.33764,4.83792],[-6.33792,4.83792],[-6.33792,4.83764],[-6.33819,4.83764],[-6.33819,4.83736],[-6.33847,4.83736],[-6.33847,4.83708],[-6.34014,4.83708],[-6.34014,4.83736],[-6.34097,4.83736],[-6.34097,4.83708],[-6.34153,4.83708],[-6.34153,4.83653],[-6.34181,4.83653],[-6.34181,4.83625],[-6.34208,4.83625],[-6.34208,4.83597],[-6.34264,4.83597],[-6.34264,4.83542],[-6.34292,4.83542],[-6.34292,4.83514],[-6.34375,4.83514],[-6.34375,4.83486],[-6.34457,4.83486],[-6.34457,4.84684],[-6.33031,4.84684],[-6.33031,4.84097]]]},"properties":{"region":"Bas-Sassandra","district":"San-Pédro","floods_1m":1,"floods_2m":1,"floods_3m":1,"first_flood_m":1,"nests":true,"area_km2":1.496}},{"type":"Feature","geometry":{"type":"Polygon","coordinates":[[[-6.43011,4.81264],[-6.43014,4.81264],[-6.43014,4.81236],[-6.43125,4.81236],[-6.43125,4.81208],[-6.43153,4.81208],[-6.43153,4.81236],[-6.43181,4.81236],[-6.43181,4.81208],[-6.43208,4.81208],[-6.43208,4.81181],[-6.4332,4.81181],[-6.4332,4.81153],[-6.43403,4.81153],[-6.43403,4.81125],[-6.43514,4.81125],[-6.43514,4.81097],[-6.43625,4.81097],[-6.43625,4.81069],[-6.4368,4.81069],[-6.4368,4.81042],[-6.43736,4.81042],[-6.43736,4.81069],[-6.43792,4.81069],[-6.43792,4.81042],[-6.43819,4.81042],[-6.43819,4.81014],[-6.43875,4.81014],[-6.43875,4.80986],[-6.43903,4.80986],[-6.43903,4.80958],[-6.4393,4.80958],[-6.4393,4.80931],[-6.43958,4.80931],[-6.43958,4.80875],[-6.44014,4.80875],[-6.44014,4.80847],[-6.44042,4.80847],[-6.44042,4.80819],[-6.44069,4.80819],[-6.44069,4.80792],[-6.44097,4.80792],[-6.44097,4.80764],[-6.44153,4.80764],[-6.44153,4.80736],[-6.44208,4.80736],[-6.44208,4.80708],[-6.44236,4.80708],[-6.44236,4.80681],[-6.44264,4.80681],[-6.44264,4.80653],[-6.44292,4.80653],[-6.44292,4.80625],[-6.44319,4.80625],[-6.44319,4.8057],[-6.44347,4.8057],[-6.44347,4.80514],[-6.44375,4.80514],[-6.44375,4.80458],[-6.44431,4.80458],[-6.44431,4.80431],[-6.44437,4.80431],[-6.44437,4.81832],[-6.43011,4.81832],[-6.43011,4.81264]]]},"properties":{"region":"Bas-Sassandra","district":"San-Pédro","floods_1m":1,"floods_2m":1,"floods_3m":1,"first_flood_m":1,"nests":true,"area_km2":1.505}},{"type":"Feature","geometry":{"type":"Polygon","coordinates":[[[-7.00043,4.58264],[-7.0007,4.58264],[-7.0007,4.58236],[-7.00097,4.58236],[-7.00097,4.58208],[-7.00125,4.58208],[-7.00125,4.58153],[-7.00153,4.58153],[-7.00153,4.58125],[-7.00264,4.58125],[-7.00264,4.58097],[-7.00347,4.58097],[-7.00347,4.5807],[-7.00403,4.5807],[-7.00403,4.58042],[-7.00569,4.58042],[-7.00569,4.58014],[-7.00792,4.58014],[-7.00792,4.57986],[-7.00847,4.57986],[-7.00847,4.57958],[-7.00931,4.57958],[-7.00931,4.57931],[-7.00958,4.57931],[-7.00958,4.57903],[-7.00986,4.57903],[-7.00986,4.57875],[-7.01069,4.57875],[-7.01069,4.57847],[-7.01125,4.57847],[-7.01125,4.5782],[-7.01181,4.5782],[-7.01181,4.57792],[-7.01208,4.57792],[-7.01208,4.57764],[-7.01264,4.57764],[-7.01264,4.57736],[-7.01319,4.57736],[-7.01319,4.57709],[-7.01347,4.57708],[-7.01347,4.57681],[-7.01375,4.57681],[-7.01375,4.57653],[-7.01403,4.57653],[-7.01403,4.57597],[-7.01431,4.57597],[-7.01431,4.57594],[-7.01469,4.57594],[-7.01469,4.5902],[-7.00043,4.5902],[-7.00043,4.58264]]]},"properties":{"region":"Bas-Sassandra","district":"San-Pédro","floods_1m":1,"floods_2m":1,"floods_3m":1,"first_flood_m":1,"nests":true,"area_km2":1.873}},{"type":"Feature","geometry":{"type":"Polygon","coordinates":[[[-6.62973,4.7257],[-6.62986,4.7257],[-6.62986,4.72542],[-6.63014,4.72542],[-6.63014,4.72597],[-6.63042,4.72597],[-6.63042,4.72625],[-6.63153,4.72625],[-6.63153,4.72653],[-6.63264,4.72653],[-6.63264,4.72625],[-6.63403,4.72625],[-6.63403,4.72597],[-6.63486,4.72597],[-6.63486,4.7257],[-6.63514,4.7257],[-6.63514,4.72597],[-6.63569,4.72597],[-6.63569,4.7257],[-6.63597,4.7257],[-6.63597,4.72542],[-6.63625,4.72542],[-6.63625,4.72514],[-6.63653,4.72514],[-6.63653,4.72486],[-6.63708,4.72486],[-6.63708,4.72458],[-6.63736,4.72458],[-6.63736,4.72431],[-6.63792,4.72431],[-6.63792,4.72403],[-6.63847,4.72403],[-6.63847,4.72375],[-6.63875,4.72375],[-6.63875,4.7232],[-6.63903,4.7232],[-6.63903,4.72264],[-6.63958,4.72264],[-6.63958,4.72236],[-6.63986,4.72236],[-6.63986,4.72208],[-6.64097,4.72208],[-6.64097,4.72236],[-6.64153,4.72236],[-6.64153,4.72208],[-6.64236,4.72208],[-6.64236,4.72181],[-6.64292,4.72181],[-6.64292,4.72208],[-6.6432,4.72208],[-6.6432,4.72181],[-6.64375,4.72181],[-6.64375,4.72153],[-6.64398,4.72153],[-6.64398,4.73278],[-6.62973,4.73278],[-6.62973,4.7257]]]},"properties":{"region":"Bas-Sassandra","district":"San-Pédro","floods_1m":1,"floods_2m":1,"floods_3m":1,"first_flood_m":1,"nests":true,"area_km2":1.478}},{"type":"Feature","geometry":{"type":"Polygon","coordinates":[[[-6.65824,4.81832],[-6.6725,4.81832],[-6.6725,4.83258],[-6.65824,4.83258],[-6.65824,4.81832]]]},"properties":{"region":"Bas-Sassandra","district":"San-Pédro","floods_1m":0,"floods_2m":0,"floods_3m":1,"first_flood_m":3,"nests":true,"area_km2":2.505}},{"type":"Feature","geometry":{"type":"Polygon","coordinates":[[[-6.97192,4.60736],[-6.97208,4.60736],[-6.97208,4.60708],[-6.97236,4.60708],[-6.97236,4.60681],[-6.97264,4.6068],[-6.97264,4.60653],[-6.97292,4.60653],[-6.97292,4.60625],[-6.97375,4.60625],[-6.97375,4.60597],[-6.97403,4.60597],[-6.97403,4.60569],[-6.97431,4.60569],[-6.97431,4.60542],[-6.97458,4.60542],[-6.97458,4.60514],[-6.97514,4.60514],[-6.97514,4.60486],[-6.97542,4.60486],[-6.97542,4.60514],[-6.9757,4.60514],[-6.9757,4.60486],[-6.97597,4.60486],[-6.97597,4.60458],[-6.97653,4.60458],[-6.97653,4.60445],[-6.98618,4.60445],[-6.98618,4.61871],[-6.97192,4.61871],[-6.97192,4.60736]]]},"properties":{"region":"Bas-Sassandra","district":"San-Pédro","floods_1m":1,"floods_2m":1,"floods_3m":1,"first_flood_m":1,"nests":true,"area_km2":2.434}},{"type":"Feature","geometry":{"type":"Polygon","coordinates":[[[-6.60121,4.74903],[-6.60125,4.74903],[-6.60125,4.74764],[-6.60153,4.74764],[-6.60153,4.74703],[-6.60958,4.74703],[-6.60958,4.74708],[-6.60986,4.74708],[-6.60986,4.74703],[-6.61547,4.74703],[-6.61547,4.76129],[-6.60121,4.76129],[-6.60121,4.74903]]]},"properties":{"region":"Bas-Sassandra","district":"San-Pédro","floods_1m":1,"floods_2m":1,"floods_3m":1,"first_flood_m":1,"nests":true,"area_km2":2.502}},{"type":"Feature","geometry":{"type":"Polygon","coordinates":[[[-6.2305,4.87764],[-6.23069,4.87764],[-6.23069,4.87736],[-6.23181,4.87736],[-6.23181,4.87708],[-6.23208,4.87708],[-6.23208,4.87681],[-6.23236,4.87681],[-6.23236,4.87653],[-6.23292,4.87653],[-6.23292,4.87625],[-6.23347,4.87625],[-6.23347,4.87597],[-6.23375,4.87597],[-6.23375,4.87536],[-6.24476,4.87536],[-6.24476,4.88961],[-6.2305,4.88961],[-6.2305,4.87764]]]},"properties":{"region":"Bas-Sassandra","district":"Sassandra","floods_1m":1,"floods_2m":1,"floods_3m":1,"first_flood_m":1,"nests":true,"area_km2":2.444}},{"type":"Feature","geometry":{"type":"Polygon","coordinates":[[[-6.77231,4.69],[-6.78656,4.69],[-6.78656,4.70426],[-6.77231,4.70426],[-6.77231,4.69]]]},"properties":{"region":"Bas-Sassandra","district":"San-Pédro","floods_1m":1,"floods_2m":1,"floods_3m":1,"first_flood_m":1,"nests":true,"area_km2":2.504}},{"type":"Feature","geometry":{"type":"Polygon","coordinates":[[[-6.51566,4.78981],[-6.52992,4.78981],[-6.52992,4.80407],[-6.51566,4.80407],[-6.51566,4.78981]]]},"properties":{"region":"Bas-Sassandra","district":"San-Pédro","floods_1m":1,"floods_2m":1,"floods_3m":1,"first_flood_m":1,"nests":true,"area_km2":2.505}},{"type":"Feature","geometry":{"type":"Polygon","coordinates":[[[-7.20005,4.50875],[-7.20069,4.50875],[-7.20069,4.50847],[-7.20208,4.50847],[-7.20208,4.50819],[-7.20292,4.50819],[-7.20292,4.50792],[-7.20347,4.50792],[-7.20347,4.50764],[-7.20403,4.50764],[-7.20403,4.50736],[-7.20486,4.50736],[-7.20486,4.50708],[-7.20569,4.50708],[-7.20569,4.5068],[-7.20625,4.5068],[-7.20625,4.50653],[-7.20681,4.50653],[-7.20681,4.50625],[-7.20792,4.50625],[-7.20792,4.50597],[-7.20847,4.50597],[-7.20847,4.50569],[-7.20903,4.50569],[-7.20903,4.50542],[-7.20986,4.50542],[-7.20986,4.50514],[-7.21042,4.50514],[-7.21042,4.50486],[-7.21097,4.50486],[-7.21097,4.50465],[-7.2143,4.50465],[-7.2143,4.51891],[-7.20005,4.51891],[-7.20005,4.50875]]]},"properties":{"region":"Bas-Sassandra","district":"San-Pédro","floods_1m":1,"floods_2m":1,"floods_3m":1,"first_flood_m":1,"nests":true,"area_km2":2.196}},{"type":"Feature","geometry":{"type":"Polygon","coordinates":[[[-7.10024,4.5902],[-7.1145,4.5902],[-7.1145,4.60445],[-7.10024,4.60445],[-7.10024,4.5902]]]},"properties":{"region":"Bas-Sassandra","district":"San-Pédro","floods_1m":0,"floods_2m":1,"floods_3m":1,"first_flood_m":2,"nests":true,"area_km2":2.504}},{"type":"Feature","geometry":{"type":"Polygon","coordinates":[[[-6.61547,4.76129],[-6.62973,4.76129],[-6.62973,4.77555],[-6.61547,4.77555],[-6.61547,4.76129]]]},"properties":{"region":"Bas-Sassandra","district":"San-Pédro","floods_1m":1,"floods_2m":1,"floods_3m":1,"first_flood_m":1,"nests":true,"area_km2":2.506}},{"type":"Feature","geometry":{"type":"Polygon","coordinates":[[[-6.65824,4.78981],[-6.6725,4.78981],[-6.6725,4.80407],[-6.65824,4.80407],[-6.65824,4.78981]]]},"properties":{"region":"Bas-Sassandra","district":"San-Pédro","floods_1m":1,"floods_2m":1,"floods_3m":1,"first_flood_m":1,"nests":true,"area_km2":2.505}},{"type":"Feature","geometry":{"type":"Polygon","coordinates":[[[-6.55844,4.77097],[-6.55847,4.77097],[-6.55847,4.7707],[-6.55875,4.7707],[-6.55875,4.77042],[-6.55903,4.77042],[-6.55903,4.77014],[-6.55931,4.77014],[-6.55931,4.76986],[-6.56153,4.76986],[-6.56153,4.76958],[-6.56264,4.76958],[-6.56264,4.76931],[-6.5632,4.76931],[-6.5632,4.76903],[-6.56347,4.76903],[-6.56347,4.76931],[-6.56375,4.76931],[-6.56375,4.76903],[-6.5668,4.76903],[-6.5668,4.76875],[-6.56792,4.76875],[-6.56792,4.76847],[-6.56875,4.76847],[-6.56875,4.7682],[-6.57042,4.7682],[-6.57042,4.76792],[-6.57097,4.76792],[-6.57097,4.76764],[-6.57125,4.76764],[-6.57125,4.76792],[-6.57153,4.76792],[-6.57153,4.76764],[-6.57264,4.76764],[-6.57264,4.76736],[-6.57269,4.76736],[-6.57269,4.77555],[-6.55844,4.77555],[-6.55844,4.77097]]]},"properties":{"region":"Bas-Sassandra","district":"San-Pédro","floods_1m":1,"floods_2m":1,"floods_3m":1,"first_flood_m":1,"nests":true,"area_km2":1.159}},{"type":"Feature","geometry":{"type":"Polygon","coordinates":[[[-6.37308,4.82708],[-6.3768,4.82708],[-6.3768,4.82681],[-6.37875,4.82681],[-6.37875,4.82653],[-6.3793,4.82653],[-6.3793,4.82625],[-6.37958,4.82625],[-6.37958,4.82597],[-6.38014,4.82597],[-6.38014,4.8257],[-6.38292,4.8257],[-6.38292,4.82597],[-6.38347,4.82597],[-6.38347,4.8257],[-6.38597,4.8257],[-6.38597,4.82542],[-6.38625,4.82542],[-6.38625,4.82514],[-6.38681,4.82514],[-6.38681,4.82542],[-6.38734,4.82542],[-6.38734,4.83258],[-6.37308,4.83258],[-6.37308,4.82708]]]},"properties":{"region":"Bas-Sassandra","district":"San-Pédro","floods_1m":1,"floods_2m":1,"floods_3m":1,"first_flood_m":1,"nests":true,"area_km2":1.114}},{"type":"Feature","geometry":{"type":"Polygon","coordinates":[[[-6.8436,4.67681],[-6.84486,4.67681],[-6.84486,4.67708],[-6.84514,4.67708],[-6.84514,4.67681],[-6.84569,4.67681],[-6.84569,4.67667],[-6.84569,4.67653],[-6.84656,4.67653],[-6.84681,4.67653],[-6.84681,4.67681],[-6.84708,4.67681],[-6.84708,4.67653],[-6.84847,4.67653],[-6.84847,4.67625],[-6.84875,4.67625],[-6.84875,4.67653],[-6.84903,4.67653],[-6.84903,4.67625],[-6.85153,4.67625],[-6.85153,4.67597],[-6.85264,4.67597],[-6.85264,4.67574],[-6.85785,4.67574],[-6.85785,4.69],[-6.8436,4.69],[-6.8436,4.67681]]]},"properties":{"region":"Bas-Sassandra","district":"San-Pédro","floods_1m":1,"floods_2m":1,"floods_3m":1,"first_flood_m":1,"nests":true,"area_km2":2.424}},{"type":"Feature","geometry":{"type":"Polygon","coordinates":[[[-6.64398,4.72153],[-6.64458,4.72153],[-6.64458,4.72181],[-6.64486,4.72181],[-6.64486,4.72153],[-6.64653,4.72153],[-6.64653,4.72125],[-6.64764,4.72125],[-6.64764,4.72097],[-6.64792,4.72097],[-6.64792,4.72125],[-6.64875,4.72125],[-6.64875,4.72097],[-6.6493,4.72097],[-6.6493,4.7207],[-6.64986,4.7207],[-6.64986,4.72042],[-6.65014,4.72042],[-6.65014,4.7207],[-6.65042,4.7207],[-6.65042,4.72042],[-6.65125,4.72042],[-6.65125,4.72014],[-6.65292,4.72014],[-6.65292,4.71986],[-6.65375,4.71986],[-6.65375,4.71958],[-6.65403,4.71958],[-6.65403,4.71986],[-6.65458,4.71986],[-6.65458,4.71958],[-6.65542,4.71958],[-6.65542,4.71931],[-6.65597,4.71931],[-6.65597,4.71958],[-6.65625,4.71958],[-6.65625,4.71931],[-6.65708,4.71931],[-6.65708,4.71903],[-6.65764,4.71903],[-6.65764,4.71931],[-6.65792,4.71931],[-6.65792,4.71903],[-6.65824,4.71903],[-6.65824,4.73278],[-6.64398,4.73278],[-6.64398,4.72153]]]},"properties":{"region":"Bas-Sassandra","district":"San-Pédro","floods_1m":1,"floods_2m":1,"floods_3m":1,"first_flood_m":1,"nests":true,"area_km2":2.175}},{"type":"Feature","geometry":{"type":"Polygon","coordinates":[[[-6.62973,4.7257],[-6.62973,4.73278],[-6.62458,4.73278],[-6.62458,4.73264],[-6.62514,4.73264],[-6.62514,4.73236],[-6.62542,4.73236],[-6.62542,4.73208],[-6.62597,4.73208],[-6.62597,4.73181],[-6.62625,4.73181],[-6.62625,4.73125],[-6.6268,4.73125],[-6.6268,4.73097],[-6.62653,4.73097],[-6.62653,4.73069],[-6.62625,4.73069],[-6.62625,4.73014],[-6.62597,4.73014],[-6.62597,4.72986],[-6.6268,4.72986],[-6.6268,4.72958],[-6.62736,4.72958],[-6.62736,4.72931],[-6.62764,4.72931],[-6.62764,4.72958],[-6.62792,4.72958],[-6.62792,4.72931],[-6.62847,4.72931],[-6.62847,4.72903],[-6.62875,4.72903],[-6.62875,4.72875],[-6.62931,4.72875],[-6.62931,4.72819],[-6.62958,4.72819],[-6.62958,4.72708],[-6.62931,4.72708],[-6.62931,4.7257],[-6.62973,4.7257]]]},"properties":{"region":"Bas-Sassandra","district":"San-Pédro","floods_1m":1,"floods_2m":1,"floods_3m":1,"first_flood_m":1,"nests":true,"area_km2":0.171}},{"type":"Feature","geometry":{"type":"Polygon","coordinates":[[[-6.71527,4.69347],[-6.71527,4.70426],[-6.70292,4.70426],[-6.70292,4.70264],[-6.7032,4.70264],[-6.7032,4.70208],[-6.70264,4.70208],[-6.70264,4.70042],[-6.70236,4.70042],[-6.70236,4.69931],[-6.70264,4.69931],[-6.70264,4.69875],[-6.70292,4.69875],[-6.70292,4.69847],[-6.7032,4.69847],[-6.7032,4.69764],[-6.70375,4.69764],[-6.70375,4.69681],[-6.70431,4.69681],[-6.70431,4.69625],[-6.70458,4.69625],[-6.70458,4.69597],[-6.70486,4.69597],[-6.70486,4.69569],[-6.70514,4.69569],[-6.70514,4.69559],[-6.70514,4.69542],[-6.70542,4.69542],[-6.70542,4.69514],[-6.70597,4.69514],[-6.70597,4.69486],[-6.70653,4.69486],[-6.70653,4.69458],[-6.70681,4.69458],[-6.70681,4.69403],[-6.70736,4.69403],[-6.70736,4.69375],[-6.70764,4.69375],[-6.70764,4.69403],[-6.70792,4.69403],[-6.70792,4.69375],[-6.70819,4.69375],[-6.70819,4.69347],[-6.71042,4.69347],[-6.71042,4.69292],[-6.71069,4.69292],[-6.71069,4.69264],[-6.71264,4.69264],[-6.71264,4.69292],[-6.71292,4.69292],[-6.71292,4.69347],[-6.71459,4.69347],[-6.71527,4.69347]]]},"properties":{"region":"Bas-Sassandra","district":"San-Pédro","floods_1m":1,"floods_2m":1,"floods_3m":1,"first_flood_m":1,"nests":true,"area_km2":1.546}},{"type":"Feature","geometry":{"type":"Polygon","coordinates":[[[-7.17153,4.52347],[-7.17347,4.52347],[-7.17347,4.52319],[-7.17625,4.52319],[-7.17625,4.52292],[-7.17764,4.52292],[-7.17764,4.52264],[-7.17875,4.52264],[-7.17875,4.52236],[-7.1807,4.52236],[-7.1807,4.52208],[-7.18181,4.52208],[-7.18181,4.52181],[-7.18236,4.52181],[-7.18236,4.52153],[-7.18403,4.52153],[-7.18403,4.52125],[-7.18458,4.52125],[-7.18458,4.52097],[-7.18486,4.52097],[-7.18486,4.52069],[-7.18514,4.52069],[-7.18514,4.52042],[-7.18542,4.52042],[-7.18542,4.51986],[-7.1857,4.51986],[-7.1857,4.51931],[-7.18579,4.51931],[-7.18579,4.53316],[-7.17153,4.53316],[-7.17153,4.52347]]]},"properties":{"region":"Bas-Sassandra","district":"San-Pédro","floods_1m":1,"floods_2m":1,"floods_3m":1,"first_flood_m":1,"nests":true,"area_km2":1.891}},{"type":"Feature","geometry":{"type":"MultiPolygon","coordinates":[[[[-6.4593,4.78981],[-6.45875,4.78981],[-6.45875,4.78958],[-6.4593,4.78958],[-6.4593,4.78981]]],[[[-6.47289,4.78653],[-6.47289,4.78981],[-6.46014,4.78981],[-6.46014,4.78958],[-6.46042,4.78958],[-6.46042,4.78931],[-6.46097,4.78931],[-6.46097,4.78958],[-6.46153,4.78958],[-6.46153,4.78931],[-6.46236,4.78931],[-6.46236,4.78903],[-6.46319,4.78903],[-6.46319,4.78875],[-6.46458,4.78875],[-6.46458,4.78847],[-6.4657,4.78847],[-6.4657,4.78819],[-6.46597,4.78819],[-6.46597,4.78792],[-6.46625,4.78792],[-6.46625,4.78764],[-6.46986,4.78764],[-6.46986,4.78736],[-6.47125,4.78736],[-6.47125,4.78708],[-6.47236,4.78708],[-6.47236,4.78681],[-6.47264,4.78681],[-6.47264,4.78653],[-6.47289,4.78653]]]]},"properties":{"region":"Bas-Sassandra","district":"San-Pédro","floods_1m":1,"floods_2m":1,"floods_3m":1,"first_flood_m":1,"nests":true,"area_km2":0.265}},{"type":"Feature","geometry":{"type":"Polygon","coordinates":[[[-6.68676,4.81832],[-6.70102,4.81832],[-6.70102,4.83258],[-6.68676,4.83258],[-6.68676,4.81832]]]},"properties":{"region":"Bas-Sassandra","district":"San-Pédro","floods_1m":0,"floods_2m":0,"floods_3m":1,"first_flood_m":3,"nests":true,"area_km2":2.505}},{"type":"Feature","geometry":{"type":"Polygon","coordinates":[[[-7.04321,4.60445],[-7.05747,4.60445],[-7.05747,4.61871],[-7.04321,4.61871],[-7.04321,4.60445]]]},"properties":{"region":"Bas-Sassandra","district":"San-Pédro","floods_1m":0,"floods_2m":1,"floods_3m":1,"first_flood_m":2,"nests":true,"area_km2":2.506}},{"type":"Feature","geometry":{"type":"Polygon","coordinates":[[[-6.78656,4.68514],[-6.78681,4.68514],[-6.78681,4.68486],[-6.78736,4.68486],[-6.78736,4.68514],[-6.78764,4.68514],[-6.78764,4.68486],[-6.78847,4.68486],[-6.78847,4.68458],[-6.78903,4.68458],[-6.78903,4.68486],[-6.78986,4.68486],[-6.78986,4.68458],[-6.79181,4.68458],[-6.79181,4.68431],[-6.79236,4.68431],[-6.79236,4.68403],[-6.79292,4.68403],[-6.79292,4.68431],[-6.79347,4.68431],[-6.79347,4.68403],[-6.79431,4.68403],[-6.79431,4.68375],[-6.79458,4.68375],[-6.79458,4.68403],[-6.79514,4.68403],[-6.79514,4.68375],[-6.79764,4.68375],[-6.79764,4.68347],[-6.79931,4.68347],[-6.79931,4.68319],[-6.80082,4.68319],[-6.80082,4.69],[-6.78656,4.69],[-6.78656,4.68514]]]},"properties":{"region":"Bas-Sassandra","district":"San-Pédro","floods_1m":1,"floods_2m":1,"floods_3m":1,"first_flood_m":1,"nests":true,"area_km2":1.035}},{"type":"Feature","geometry":{"type":"Polygon","coordinates":[[[-6.62973,4.77555],[-6.64398,4.77555],[-6.64398,4.78981],[-6.62973,4.78981],[-6.62973,4.77555]]]},"properties":{"region":"Bas-Sassandra","district":"San-Pédro","floods_1m":1,"floods_2m":1,"floods_3m":1,"first_flood_m":1,"nests":true,"area_km2":2.504}},{"type":"Feature","geometry":{"type":"Polygon","coordinates":[[[-6.87211,4.67208],[-6.87347,4.67208],[-6.87347,4.6718],[-6.87542,4.6718],[-6.87542,4.67153],[-6.87625,4.67153],[-6.87625,4.67125],[-6.87708,4.67125],[-6.87708,4.67097],[-6.87819,4.67097],[-6.87819,4.67069],[-6.87931,4.67069],[-6.87931,4.67042],[-6.87986,4.67042],[-6.87986,4.67014],[-6.88014,4.67014],[-6.88014,4.67042],[-6.88069,4.67042],[-6.88069,4.67014],[-6.88181,4.67014],[-6.88181,4.66986],[-6.88236,4.66986],[-6.88236,4.67014],[-6.88319,4.67014],[-6.88319,4.66986],[-6.88597,4.66986],[-6.88597,4.67014],[-6.88625,4.67014],[-6.88625,4.66986],[-6.88637,4.66986],[-6.88637,4.67574],[-6.87211,4.67574],[-6.87211,4.67208]]]},"properties":{"region":"Bas-Sassandra","district":"San-Pédro","floods_1m":1,"floods_2m":1,"floods_3m":1,"first_flood_m":1,"nests":true,"area_km2":0.875}},{"type":"Feature","geometry":{"type":"Polygon","coordinates":[[[-6.90063,4.66736],[-6.90125,4.66736],[-6.90125,4.66708],[-6.90236,4.66708],[-6.90236,4.6668],[-6.90319,4.6668],[-6.90319,4.66653],[-6.90347,4.66653],[-6.90347,4.66625],[-6.90514,4.66625],[-6.90514,4.66597],[-6.90542,4.66597],[-6.90542,4.66625],[-6.90569,4.66625],[-6.90569,4.66597],[-6.90597,4.66597],[-6.90597,4.6657],[-6.90736,4.6657],[-6.90736,4.66542],[-6.90764,4.66542],[-6.90764,4.66514],[-6.90875,4.66514],[-6.90875,4.66486],[-6.90931,4.66486],[-6.90931,4.66458],[-6.90986,4.66458],[-6.90986,4.66431],[-6.9107,4.66431],[-6.9107,4.66403],[-6.91125,4.66403],[-6.91125,4.66375],[-6.91153,4.66375],[-6.91153,4.66403],[-6.91347,4.66403],[-6.91347,4.66375],[-6.91375,4.66375],[-6.91375,4.66347],[-6.91431,4.66347],[-6.91431,4.66292],[-6.91486,4.66292],[-6.91486,4.66264],[-6.91489,4.66264],[-6.91489,4.67574],[-6.90063,4.67574],[-6.90063,4.66736]]]},"properties":{"region":"Bas-Sassandra","district":"San-Pédro","floods_1m":1,"floods_2m":1,"floods_3m":1,"first_flood_m":1,"nests":true,"area_km2":1.84}},{"type":"Feature","geometry":{"type":"Polygon","coordinates":[[[-7.07172,4.53681],[-7.07208,4.53681],[-7.07208,4.53653],[-7.07736,4.53653],[-7.07736,4.53625],[-7.07847,4.53625],[-7.07847,4.53597],[-7.08181,4.53597],[-7.08181,4.5357],[-7.08597,4.5357],[-7.08597,4.53542],[-7.08598,4.53542],[-7.08598,4.54742],[-7.07172,4.54742],[-7.07172,4.53681]]]},"properties":{"region":"Bas-Sassandra","district":"San-Pédro","floods_1m":1,"floods_2m":1,"floods_3m":1,"first_flood_m":1,"nests":true,"area_km2":1.982}},{"type":"Feature","geometry":{"type":"Polygon","coordinates":[[[-7.02895,4.5902],[-7.04321,4.5902],[-7.04321,4.60445],[-7.02895,4.60445],[-7.02895,4.5902]]]},"properties":{"region":"Bas-Sassandra","district":"San-Pédro","floods_1m":0,"floods_2m":1,"floods_3m":1,"first_flood_m":2,"nests":true,"area_km2":2.504}},{"type":"Feature","geometry":{"type":"Polygon","coordinates":[[[-6.62973,4.74703],[-6.64398,4.74703],[-6.64398,4.76129],[-6.62973,4.76129],[-6.62973,4.74703]]]},"properties":{"region":"Bas-Sassandra","district":"San-Pédro","floods_1m":1,"floods_2m":1,"floods_3m":1,"first_flood_m":1,"nests":true,"area_km2":2.504}},{"type":"Feature","geometry":{"type":"MultiPolygon","coordinates":[[[[-6.60958,4.74703],[-6.60153,4.74703],[-6.60153,4.74653],[-6.60208,4.74653],[-6.60208,4.74625],[-6.60264,4.74625],[-6.60264,4.74653],[-6.60375,4.74653],[-6.60375,4.74597],[-6.60458,4.74597],[-6.60458,4.7457],[-6.60486,4.7457],[-6.60486,4.74542],[-6.60542,4.74542],[-6.60542,4.74514],[-6.60653,4.74514],[-6.60653,4.74486],[-6.60681,4.74486],[-6.60681,4.74458],[-6.60736,4.74458],[-6.60736,4.74431],[-6.60792,4.74431],[-6.60792,4.74403],[-6.60847,4.74403],[-6.60847,4.74292],[-6.60819,4.74292],[-6.60819,4.74236],[-6.60847,4.74236],[-6.60847,4.74208],[-6.60819,4.74208],[-6.60819,4.74181],[-6.60875,4.74181],[-6.60875,4.74153],[-6.60931,4.74153],[-6.60931,4.74125],[-6.60986,4.74125],[-6.60986,4.74097],[-6.61014,4.74097],[-6.61014,4.74125],[-6.61042,4.74125],[-6.61042,4.74097],[-6.61153,4.74097],[-6.61153,4.74069],[-6.61208,4.74069],[-6.61208,4.74042],[-6.61292,4.74042],[-6.61292,4.74069],[-6.61264,4.74069],[-6.61264,4.74097],[-6.61292,4.74097],[-6.61292,4.74208],[-6.61264,4.74208],[-6.61264,4.74264],[-6.61208,4.74264],[-6.61208,4.74292],[-6.61181,4.74292],[-6.61181,4.74403],[-6.61153,4.74403],[-6.61153,4.74431],[-6.61125,4.74431],[-6.61125,4.74458],[-6.61097,4.74458],[-6.61097,4.74486],[-6.61069,4.74486],[-6.61069,4.74514],[-6.60958,4.74514],[-6.60958,4.74542],[-6.60931,4.74542],[-6.60931,4.7457],[-6.60903,4.7457],[-6.60903,4.74625],[-6.60875,4.74625],[-6.60875,4.74653],[-6.60903,4.74653],[-6.60903,4.74681],[-6.60958,4.74681],[-6.60958,4.74703]]],[[[-6.61547,4.74431],[-6.61547,4.74703],[-6.60986,4.74703],[-6.60986,4.74681],[-6.61014,4.74681],[-6.61014,4.74653],[-6.61069,4.74653],[-6.61069,4.74625],[-6.61153,4.74625],[-6.61153,4.74597],[-6.61181,4.74597],[-6.61181,4.7457],[-6.61292,4.7457],[-6.61292,4.74542],[-6.61319,4.74542],[-6.61319,4.74514],[-6.61347,4.74514],[-6.61347,4.74542],[-6.61375,4.74542],[-6.61375,4.74514],[-6.61403,4.74514],[-6.61403,4.74486],[-6.61486,4.74486],[-6.61486,4.74458],[-6.61542,4.74458],[-6.61542,4.74431],[-6.61547,4.74431]]],[[[-6.61547,4.73569],[-6.61547,4.73764],[-6.61542,4.73764],[-6.61542,4.73736],[-6.61458,4.73736],[-6.61458,4.73708],[-6.61375,4.73708],[-6.61375,4.73681],[-6.61334,4.73681],[-6.61292,4.73681],[-6.61292,4.73653],[-6.61236,4.73653],[-6.61236,4.73625],[-6.61264,4.73625],[-6.61264,4.73599],[-6.61264,4.73569],[-6.61458,4.73569],[-6.61458,4.73625],[-6.61486,4.73625],[-6.61486,4.73597],[-6.61514,4.73597],[-6.61514,4.73569],[-6.61547,4.73569]]]]},"properties":{"region":"Bas-Sassandra","district":"San-Pédro","floods_1m":1,"floods_2m":1,"floods_3m":1,"first_flood_m":1,"nests":true,"area_km2":0.475}},{"type":"Feature","geometry":{"type":"Polygon","coordinates":[[[-6.95766,4.62181],[-6.95819,4.62181],[-6.95819,4.62153],[-6.95847,4.62153],[-6.95847,4.62125],[-6.95875,4.62125],[-6.95875,4.62097],[-6.95931,4.62097],[-6.95931,4.62069],[-6.95958,4.62069],[-6.95958,4.62042],[-6.95986,4.62042],[-6.95986,4.62014],[-6.96014,4.62014],[-6.96014,4.61986],[-6.96042,4.61986],[-6.96042,4.61958],[-6.96069,4.61958],[-6.96069,4.61931],[-6.96097,4.61931],[-6.96097,4.61875],[-6.96125,4.61875],[-6.96125,4.61871],[-6.97192,4.61871],[-6.97192,4.63297],[-6.95766,4.63297],[-6.95766,4.62181]]]},"properties":{"region":"Bas-Sassandra","district":"San-Pédro","floods_1m":1,"floods_2m":1,"floods_3m":1,"first_flood_m":1,"nests":true,"area_km2":2.425}},{"type":"Feature","geometry":{"type":"Polygon","coordinates":[[[-6.78656,4.69],[-6.80082,4.69],[-6.80082,4.70426],[-6.78656,4.70426],[-6.78656,4.69]]]},"properties":{"region":"Bas-Sassandra","district":"San-Pédro","floods_1m":0,"floods_2m":0,"floods_3m":1,"first_flood_m":3,"nests":true,"area_km2":2.506}},{"type":"Feature","geometry":{"type":"Polygon","coordinates":[[[-6.70102,4.74703],[-6.71527,4.74703],[-6.71527,4.76129],[-6.70102,4.76129],[-6.70102,4.74703]]]},"properties":{"region":"Bas-Sassandra","district":"San-Pédro","floods_1m":1,"floods_2m":1,"floods_3m":1,"first_flood_m":1,"nests":true,"area_km2":2.504}},{"type":"Feature","geometry":{"type":"Polygon","coordinates":[[[-6.68676,4.71852],[-6.70102,4.71852],[-6.70102,4.73278],[-6.68676,4.73278],[-6.68676,4.71852]]]},"properties":{"region":"Bas-Sassandra","district":"San-Pédro","floods_1m":1,"floods_2m":1,"floods_3m":1,"first_flood_m":1,"nests":true,"area_km2":2.506}},{"type":"Feature","geometry":{"type":"Polygon","coordinates":[[[-6.65824,4.73278],[-6.66486,4.73278],[-6.66486,4.73292],[-6.66514,4.73292],[-6.66514,4.73319],[-6.66569,4.73319],[-6.66569,4.73431],[-6.66597,4.73431],[-6.66597,4.73458],[-6.66625,4.73458],[-6.66625,4.73431],[-6.66653,4.73431],[-6.66653,4.73278],[-6.67042,4.73278],[-6.67042,4.73292],[-6.67069,4.73292],[-6.67069,4.73375],[-6.67125,4.73375],[-6.67125,4.73403],[-6.67153,4.73403],[-6.67153,4.73431],[-6.67236,4.73431],[-6.67236,4.73458],[-6.6725,4.73458],[-6.6725,4.74703],[-6.65824,4.74703],[-6.65824,4.73278]]]},"properties":{"region":"Bas-Sassandra","district":"San-Pédro","floods_1m":1,"floods_2m":1,"floods_3m":1,"first_flood_m":1,"nests":true,"area_km2":2.454}},{"type":"Feature","geometry":{"type":"Polygon","coordinates":[[[-6.60121,4.80407],[-6.61547,4.80407],[-6.61547,4.81832],[-6.60121,4.81832],[-6.60121,4.80407]]]},"properties":{"region":"Bas-Sassandra","district":"San-Pédro","floods_1m":0,"floods_2m":1,"floods_3m":1,"first_flood_m":2,"nests":true,"area_km2":2.504}},{"type":"Feature","geometry":{"type":"Polygon","coordinates":[[[-6.77231,4.68625],[-6.77236,4.68625],[-6.77236,4.68681],[-6.77264,4.68681],[-6.77264,4.68653],[-6.77347,4.68653],[-6.77347,4.68625],[-6.77542,4.68625],[-6.77542,4.68597],[-6.77597,4.68597],[-6.77597,4.6857],[-6.77625,4.6857],[-6.77625,4.68597],[-6.77736,4.68597],[-6.77736,4.6857],[-6.77792,4.6857],[-6.77792,4.68597],[-6.77958,4.68597],[-6.77958,4.6857],[-6.77986,4.6857],[-6.77986,4.68597],[-6.78069,4.68597],[-6.78069,4.6857],[-6.78125,4.6857],[-6.78125,4.68542],[-6.78181,4.68542],[-6.78181,4.6857],[-6.78236,4.6857],[-6.78236,4.68542],[-6.78347,4.68542],[-6.78347,4.68514],[-6.78375,4.68514],[-6.78375,4.68542],[-6.78431,4.68542],[-6.78431,4.68514],[-6.78656,4.68514],[-6.78656,4.69],[-6.77231,4.69],[-6.77231,4.68625]]]},"properties":{"region":"Bas-Sassandra","district":"San-Pédro","floods_1m":1,"floods_2m":1,"floods_3m":1,"first_flood_m":1,"nests":true,"area_km2":0.741}},{"type":"Feature","geometry":{"type":"Polygon","coordinates":[[[-6.6725,4.71653],[-6.67264,4.71653],[-6.67264,4.71625],[-6.67375,4.71625],[-6.67375,4.71597],[-6.67514,4.71597],[-6.67514,4.71569],[-6.67625,4.71569],[-6.67625,4.71542],[-6.67792,4.71542],[-6.67792,4.71514],[-6.67875,4.71514],[-6.67875,4.71486],[-6.67958,4.71486],[-6.67958,4.71458],[-6.68097,4.71458],[-6.68097,4.7143],[-6.6832,4.7143],[-6.6832,4.71403],[-6.68542,4.71403],[-6.68542,4.71375],[-6.68569,4.71375],[-6.68569,4.71347],[-6.68653,4.71347],[-6.68653,4.71319],[-6.68676,4.71319],[-6.68676,4.71852],[-6.6725,4.71852],[-6.6725,4.71653]]]},"properties":{"region":"Bas-Sassandra","district":"San-Pédro","floods_1m":1,"floods_2m":1,"floods_3m":1,"first_flood_m":1,"nests":true,"area_km2":0.642}},{"type":"Feature","geometry":{"type":"Polygon","coordinates":[[[-6.44437,4.80431],[-6.44458,4.80431],[-6.44458,4.80407],[-6.45863,4.80407],[-6.45863,4.81832],[-6.44437,4.81832],[-6.44437,4.80431]]]},"properties":{"region":"Bas-Sassandra","district":"San-Pédro","floods_1m":1,"floods_2m":1,"floods_3m":1,"first_flood_m":1,"nests":true,"area_km2":2.503}},{"type":"Feature","geometry":{"type":"Polygon","coordinates":[[[-7.02895,4.55681],[-7.02903,4.55681],[-7.02903,4.55653],[-7.0293,4.55653],[-7.0293,4.55625],[-7.02986,4.55625],[-7.02986,4.55597],[-7.03014,4.55597],[-7.03014,4.5557],[-7.03042,4.5557],[-7.03042,4.55514],[-7.0307,4.55514],[-7.0307,4.55431],[-7.03097,4.55431],[-7.03097,4.55264],[-7.0307,4.55264],[-7.0307,4.55153],[-7.03042,4.55153],[-7.03042,4.54903],[-7.03153,4.54903],[-7.03153,4.54875],[-7.03181,4.54875],[-7.03181,4.54847],[-7.03319,4.54847],[-7.03319,4.54819],[-7.03403,4.54819],[-7.03403,4.54792],[-7.03431,4.54792],[-7.03431,4.54764],[-7.03569,4.54764],[-7.03569,4.54792],[-7.03653,4.54792],[-7.03653,4.54764],[-7.03736,4.54764],[-7.03736,4.54742],[-7.04321,4.54742],[-7.04321,4.56168],[-7.02895,4.56168],[-7.02895,4.55681]]]},"properties":{"region":"Bas-Sassandra","district":"San-Pédro","floods_1m":1,"floods_2m":1,"floods_3m":1,"first_flood_m":1,"nests":true,"area_km2":2.264}},{"type":"Feature","geometry":{"type":"Polygon","coordinates":[[[-7.04321,4.5902],[-7.05747,4.5902],[-7.05747,4.60445],[-7.04321,4.60445],[-7.04321,4.5902]]]},"properties":{"region":"Bas-Sassandra","district":"San-Pédro","floods_1m":0,"floods_2m":0,"floods_3m":1,"first_flood_m":3,"nests":true,"area_km2":2.504}},{"type":"Feature","geometry":{"type":"Polygon","coordinates":[[[-7.1145,4.53181],[-7.11764,4.53181],[-7.11764,4.53153],[-7.11986,4.53153],[-7.11986,4.53125],[-7.12097,4.53125],[-7.12097,4.53097],[-7.12264,4.53097],[-7.12264,4.53069],[-7.12292,4.53069],[-7.12292,4.53097],[-7.12347,4.53097],[-7.12347,4.53069],[-7.12375,4.53069],[-7.12375,4.53042],[-7.12625,4.53042],[-7.12625,4.53014],[-7.12847,4.53014],[-7.12847,4.52986],[-7.12876,4.52986],[-7.12876,4.53316],[-7.1145,4.53316],[-7.1145,4.53181]]]},"properties":{"region":"Bas-Sassandra","district":"San-Pédro","floods_1m":1,"floods_2m":1,"floods_3m":1,"first_flood_m":1,"nests":true,"area_km2":0.379}},{"type":"Feature","geometry":{"type":"Polygon","coordinates":[[[-6.75805,4.68792],[-6.75903,4.68792],[-6.75903,4.68764],[-6.75958,4.68764],[-6.75958,4.68792],[-6.76014,4.68792],[-6.76014,4.68764],[-6.76097,4.68764],[-6.76097,4.68736],[-6.76125,4.68736],[-6.76125,4.68764],[-6.76208,4.68764],[-6.76208,4.68736],[-6.76292,4.68736],[-6.76292,4.68708],[-6.7632,4.68708],[-6.7632,4.68736],[-6.76361,4.68736],[-6.76431,4.68736],[-6.76431,4.68708],[-6.76819,4.68708],[-6.76819,4.68681],[-6.76875,4.68681],[-6.76875,4.68708],[-6.76903,4.68708],[-6.76903,4.68681],[-6.77014,4.68681],[-6.77014,4.68653],[-6.77042,4.68653],[-6.77042,4.68681],[-6.77153,4.68681],[-6.77153,4.68653],[-6.77208,4.68653],[-6.77208,4.68625],[-6.77231,4.68625],[-6.77231,4.69],[-6.75805,4.69],[-6.75805,4.68792]]]},"properties":{"region":"Bas-Sassandra","district":"San-Pédro","floods_1m":1,"floods_2m":1,"floods_3m":1,"first_flood_m":1,"nests":true,"area_km2":0.491}},{"type":"Feature","geometry":{"type":"Polygon","coordinates":[[[-6.44437,4.79458],[-6.44437,4.7993],[-6.44403,4.7993],[-6.44403,4.79903],[-6.44347,4.79903],[-6.44347,4.7993],[-6.44236,4.7993],[-6.44236,4.79903],[-6.44208,4.79903],[-6.44208,4.79875],[-6.44181,4.79875],[-6.44181,4.79819],[-6.44208,4.79819],[-6.44208,4.79792],[-6.44236,4.79792],[-6.44236,4.7968],[-6.44264,4.7968],[-6.44264,4.79653],[-6.44292,4.79653],[-6.44292,4.79625],[-6.44319,4.79625],[-6.44319,4.79597],[-6.44347,4.79597],[-6.44347,4.79542],[-6.44375,4.79542],[-6.44375,4.79514],[-6.44403,4.79514],[-6.44403,4.79486],[-6.44431,4.79486],[-6.44431,4.79458],[-6.44437,4.79458]]]},"properties":{"region":"Bas-Sassandra","district":"San-Pédro","floods_1m":1,"floods_2m":1,"floods_3m":0,"first_flood_m":1,"nests":false,"area_km2":0.09}},{"type":"Feature","geometry":{"type":"Polygon","coordinates":[[[-6.47289,4.78653],[-6.47319,4.78653],[-6.47319,4.78625],[-6.47347,4.78625],[-6.47347,4.78597],[-6.47375,4.78597],[-6.47375,4.78569],[-6.47403,4.78569],[-6.47403,4.78542],[-6.47514,4.78542],[-6.47514,4.78569],[-6.47653,4.78569],[-6.47653,4.78597],[-6.47708,4.78597],[-6.47708,4.78569],[-6.47819,4.78569],[-6.47819,4.78542],[-6.48069,4.78542],[-6.48069,4.78514],[-6.48125,4.78514],[-6.48125,4.78486],[-6.48208,4.78486],[-6.48208,4.78458],[-6.48264,4.78458],[-6.48264,4.78431],[-6.48319,4.78431],[-6.48319,4.78403],[-6.4843,4.78403],[-6.4843,4.78375],[-6.48458,4.78375],[-6.48458,4.78403],[-6.48542,4.78403],[-6.48542,4.78375],[-6.4868,4.78375],[-6.4868,4.78347],[-6.48715,4.78347],[-6.48715,4.78981],[-6.47289,4.78981],[-6.47289,4.78653]]]},"properties":{"region":"Bas-Sassandra","district":"San-Pédro","floods_1m":1,"floods_2m":1,"floods_3m":1,"first_flood_m":1,"nests":true,"area_km2":0.846}},{"type":"Feature","geometry":{"type":"Polygon","coordinates":[[[-7.07172,4.5902],[-7.08598,4.5902],[-7.08598,4.60445],[-7.07172,4.60445],[-7.07172,4.5902]]]},"properties":{"region":"Bas-Sassandra","district":"San-Pédro","floods_1m":0,"floods_2m":1,"floods_3m":1,"first_flood_m":2,"nests":true,"area_km2":2.504}},{"type":"Feature","geometry":{"type":"Polygon","coordinates":[[[-6.41586,4.81542],[-6.41597,4.81542],[-6.41597,4.81569],[-6.41653,4.81569],[-6.41653,4.81542],[-6.41708,4.81542],[-6.41708,4.81514],[-6.41736,4.81514],[-6.41736,4.81486],[-6.42042,4.81486],[-6.42042,4.81458],[-6.42125,4.81458],[-6.42125,4.81431],[-6.42181,4.81431],[-6.42181,4.81403],[-6.42208,4.81403],[-6.42208,4.81431],[-6.42264,4.81431],[-6.42264,4.81403],[-6.42431,4.81403],[-6.42431,4.81375],[-6.42542,4.81375],[-6.42542,4.81347],[-6.42653,4.81347],[-6.42653,4.81319],[-6.42819,4.81319],[-6.42819,4.81292],[-6.42931,4.81292],[-6.42931,4.81264],[-6.43011,4.81264],[-6.43011,4.81832],[-6.41586,4.81832],[-6.41586,4.81542]]]},"properties":{"region":"Bas-Sassandra","district":"San-Pédro","floods_1m":1,"floods_2m":1,"floods_3m":1,"first_flood_m":1,"nests":true,"area_km2":0.744}},{"type":"Feature","geometry":{"type":"Polygon","coordinates":[[[-7.08598,4.5902],[-7.10024,4.5902],[-7.10024,4.60445],[-7.08598,4.60445],[-7.08598,4.5902]]]},"properties":{"region":"Bas-Sassandra","district":"San-Pédro","floods_1m":0,"floods_2m":1,"floods_3m":1,"first_flood_m":2,"nests":true,"area_km2":2.504}},{"type":"Feature","geometry":{"type":"Polygon","coordinates":[[[-6.38734,4.82542],[-6.38792,4.82542],[-6.38792,4.82514],[-6.38875,4.82514],[-6.38875,4.82486],[-6.38931,4.82486],[-6.38931,4.82514],[-6.39014,4.82514],[-6.39014,4.82486],[-6.39208,4.82486],[-6.39208,4.82458],[-6.39292,4.82458],[-6.39292,4.82486],[-6.39319,4.82486],[-6.39319,4.82458],[-6.39347,4.82458],[-6.39347,4.82486],[-6.39375,4.82486],[-6.39375,4.82458],[-6.39458,4.82458],[-6.39458,4.82431],[-6.39514,4.82431],[-6.39514,4.82403],[-6.39569,4.82403],[-6.39569,4.82375],[-6.39625,4.82375],[-6.39625,4.82347],[-6.39681,4.82347],[-6.39681,4.82236],[-6.39708,4.82236],[-6.39708,4.82181],[-6.39736,4.82181],[-6.39736,4.82125],[-6.39708,4.82125],[-6.39708,4.82069],[-6.39792,4.82069],[-6.39792,4.82042],[-6.39819,4.82042],[-6.39819,4.82069],[-6.39903,4.82069],[-6.39903,4.82042],[-6.3993,4.82042],[-6.39931,4.82014],[-6.40069,4.82014],[-6.40069,4.81986],[-6.40125,4.81986],[-6.40125,4.81958],[-6.40153,4.81958],[-6.40153,4.81986],[-6.4016,4.81986],[-6.4016,4.83258],[-6.38734,4.83258],[-6.38734,4.82542]]]},"properties":{"region":"Bas-Sassandra","district":"San-Pédro","floods_1m":1,"floods_2m":1,"floods_3m":1,"first_flood_m":1,"nests":true,"area_km2":1.64}},{"type":"Feature","geometry":{"type":"Polygon","coordinates":[[[-6.65824,4.77555],[-6.6725,4.77555],[-6.6725,4.78981],[-6.65824,4.78981],[-6.65824,4.77555]]]},"properties":{"region":"Bas-Sassandra","district":"San-Pédro","floods_1m":1,"floods_2m":1,"floods_3m":1,"first_flood_m":1,"nests":true,"area_km2":2.506}},{"type":"Feature","geometry":{"type":"Polygon","coordinates":[[[-6.80082,4.69],[-6.81508,4.69],[-6.81508,4.70426],[-6.80082,4.70426],[-6.80082,4.69]]]},"properties":{"region":"Bas-Sassandra","district":"San-Pédro","floods_1m":1,"floods_2m":1,"floods_3m":1,"first_flood_m":1,"nests":true,"area_km2":2.506}},{"type":"Feature","geometry":{"type":"Polygon","coordinates":[[[-6.65824,4.76129],[-6.6725,4.76129],[-6.6725,4.77555],[-6.65824,4.77555],[-6.65824,4.76129]]]},"properties":{"region":"Bas-Sassandra","district":"San-Pédro","floods_1m":1,"floods_2m":1,"floods_3m":1,"first_flood_m":1,"nests":true,"area_km2":2.506}},{"type":"Feature","geometry":{"type":"Polygon","coordinates":[[[-7.00043,4.58264],[-7.00043,4.5902],[-6.99403,4.5902],[-6.99403,4.59014],[-6.99458,4.59014],[-6.99458,4.58986],[-6.99486,4.58986],[-6.99486,4.58958],[-6.9957,4.58958],[-6.9957,4.5893],[-6.99625,4.5893],[-6.99625,4.58903],[-6.99653,4.58903],[-6.99653,4.58875],[-6.99681,4.58875],[-6.99681,4.58903],[-6.99708,4.58903],[-6.99708,4.58875],[-6.99736,4.58875],[-6.99736,4.58847],[-6.99764,4.58847],[-6.99764,4.58819],[-6.9982,4.58819],[-6.9982,4.58792],[-6.99875,4.58792],[-6.99875,4.58764],[-6.99903,4.58764],[-6.99903,4.58736],[-6.9993,4.58736],[-6.9993,4.58597],[-6.99958,4.58597],[-6.99958,4.58569],[-6.9993,4.58569],[-6.9993,4.58458],[-6.99958,4.58458],[-6.99958,4.5843],[-7.00014,4.5843],[-7.00014,4.58403],[-7.00014,4.58347],[-7.00042,4.58347],[-7.00042,4.58264],[-7.00043,4.58264]]]},"properties":{"region":"Bas-Sassandra","district":"San-Pédro","floods_1m":1,"floods_2m":1,"floods_3m":1,"first_flood_m":1,"nests":true,"area_km2":0.169}},{"type":"Feature","geometry":{"type":"Polygon","coordinates":[[[-6.55844,4.78981],[-6.57269,4.78981],[-6.57269,4.80407],[-6.55844,4.80407],[-6.55844,4.78981]]]},"properties":{"region":"Bas-Sassandra","district":"San-Pédro","floods_1m":0,"floods_2m":1,"floods_3m":1,"first_flood_m":2,"nests":true,"area_km2":2.504}},{"type":"Feature","geometry":{"type":"Polygon","coordinates":[[[-6.35882,4.83042],[-6.35882,4.83258],[-6.34847,4.83258],[-6.34847,4.83236],[-6.34958,4.83236],[-6.34958,4.83177],[-6.34958,4.83153],[-6.35011,4.83153],[-6.35125,4.83153],[-6.35125,4.83125],[-6.35208,4.83125],[-6.35208,4.83097],[-6.35375,4.83097],[-6.35375,4.8308],[-6.35375,4.8307],[-6.3543,4.8307],[-6.3543,4.83042],[-6.35458,4.83042],[-6.35458,4.8307],[-6.35636,4.8307],[-6.35736,4.8307],[-6.35736,4.83042],[-6.35882,4.83042]]]},"properties":{"region":"Bas-Sassandra","district":"San-Pédro","floods_1m":1,"floods_2m":1,"floods_3m":1,"first_flood_m":1,"nests":true,"area_km2":0.195}},{"type":"Feature","geometry":{"type":"Polygon","coordinates":[[[-6.17347,4.90292],[-6.17347,4.90292],[-6.17347,4.90264],[-6.17431,4.90264],[-6.17431,4.90236],[-6.17458,4.90236],[-6.17458,4.90208],[-6.17569,4.90208],[-6.17569,4.9018],[-6.17597,4.9018],[-6.17597,4.90208],[-6.17653,4.90208],[-6.17653,4.9018],[-6.17708,4.9018],[-6.17708,4.90153],[-6.17764,4.90153],[-6.17764,4.90125],[-6.17792,4.90125],[-6.17792,4.90089],[-6.17792,4.90069],[-6.17819,4.90069],[-6.17819,4.90042],[-6.17875,4.90042],[-6.17875,4.89986],[-6.17903,4.89986],[-6.17903,4.89903],[-6.17931,4.89903],[-6.17931,4.89875],[-6.17958,4.89875],[-6.17958,4.89847],[-6.17986,4.89847],[-6.17986,4.89764],[-6.18014,4.89764],[-6.18014,4.89736],[-6.17986,4.89736],[-6.17986,4.89569],[-6.18042,4.89569],[-6.18042,4.89542],[-6.18097,4.89542],[-6.18097,4.89514],[-6.18125,4.89514],[-6.18125,4.89486],[-6.18181,4.89486],[-6.18181,4.89514],[-6.18208,4.89514],[-6.18208,4.89486],[-6.18236,4.89486],[-6.18236,4.89458],[-6.18292,4.89458],[-6.18292,4.89431],[-6.18319,4.89431],[-6.18319,4.89403],[-6.18347,4.89403],[-6.18347,4.89347],[-6.18375,4.89347],[-6.18375,4.89319],[-6.18403,4.89319],[-6.18403,4.89292],[-6.18458,4.89292],[-6.18458,4.89264],[-6.18486,4.89264],[-6.18486,4.89292],[-6.18514,4.89292],[-6.18514,4.89264],[-6.18597,4.89264],[-6.18597,4.89236],[-6.18625,4.89236],[-6.18625,4.89208],[-6.18681,4.89208],[-6.18681,4.89181],[-6.18736,4.89181],[-6.18736,4.89153],[-6.18773,4.89153],[-6.18773,4.90387],[-6.17347,4.90387],[-6.17347,4.90292]]]},"properties":{"region":"Bas-Sassandra","district":"Sassandra","floods_1m":1,"floods_2m":1,"floods_3m":1,"first_flood_m":1,"nests":true,"area_km2":1.194}},{"type":"Feature","geometry":{"type":"Polygon","coordinates":[[[-6.92914,4.63458],[-6.92958,4.63458],[-6.92958,4.6343],[-6.93014,4.6343],[-6.93014,4.63458],[-6.93042,4.63458],[-6.93042,4.6343],[-6.93153,4.6343],[-6.93153,4.63403],[-6.93181,4.63403],[-6.93181,4.63375],[-6.93236,4.63375],[-6.93236,4.63347],[-6.93292,4.63347],[-6.93292,4.63319],[-6.93347,4.63319],[-6.93347,4.63297],[-6.9434,4.63297],[-6.9434,4.64723],[-6.92914,4.64723],[-6.92914,4.63458]]]},"properties":{"region":"Bas-Sassandra","district":"San-Pédro","floods_1m":1,"floods_2m":1,"floods_3m":1,"first_flood_m":1,"nests":true,"area_km2":2.45}},{"type":"Feature","geometry":{"type":"Polygon","coordinates":[[[-6.64398,4.77555],[-6.65824,4.77555],[-6.65824,4.78981],[-6.64398,4.78981],[-6.64398,4.77555]]]},"properties":{"region":"Bas-Sassandra","district":"San-Pédro","floods_1m":1,"floods_2m":1,"floods_3m":1,"first_flood_m":1,"nests":true,"area_km2":2.506}},{"type":"Feature","geometry":{"type":"Polygon","coordinates":[[[-6.71527,4.73278],[-6.72953,4.73278],[-6.72953,4.74703],[-6.71527,4.74703],[-6.71527,4.73278]]]},"properties":{"region":"Bas-Sassandra","district":"San-Pédro","floods_1m":0,"floods_2m":1,"floods_3m":1,"first_flood_m":2,"nests":true,"area_km2":2.504}},{"type":"Feature","geometry":{"type":"Polygon","coordinates":[[[-6.51566,4.77875],[-6.51736,4.77875],[-6.51736,4.77847],[-6.51931,4.77847],[-6.51931,4.7782],[-6.52042,4.7782],[-6.52042,4.77792],[-6.52208,4.77792],[-6.52208,4.77764],[-6.52347,4.77764],[-6.52347,4.77736],[-6.52514,4.77736],[-6.52514,4.77708],[-6.52597,4.77708],[-6.52597,4.77736],[-6.52625,4.77736],[-6.52625,4.77708],[-6.52708,4.77708],[-6.52708,4.7768],[-6.52931,4.7768],[-6.52931,4.77653],[-6.52992,4.77653],[-6.52992,4.78981],[-6.51566,4.78981],[-6.51566,4.77875]]]},"properties":{"region":"Bas-Sassandra","district":"San-Pédro","floods_1m":1,"floods_2m":1,"floods_3m":1,"first_flood_m":1,"nests":true,"area_km2":2.131}},{"type":"Feature","geometry":{"type":"Polygon","coordinates":[[[-6.92914,4.64723],[-6.9434,4.64723],[-6.9434,4.66149],[-6.92914,4.66149],[-6.92914,4.64723]]]},"properties":{"region":"Bas-Sassandra","district":"San-Pédro","floods_1m":0,"floods_2m":0,"floods_3m":1,"first_flood_m":3,"nests":true,"area_km2":2.506}},{"type":"Feature","geometry":{"type":"Polygon","coordinates":[[[-6.04515,4.96625],[-6.04569,4.96625],[-6.04569,4.96608],[-6.04569,4.96597],[-6.04706,4.96597],[-6.05014,4.96597],[-6.05014,4.96569],[-6.05067,4.96569],[-6.05125,4.96569],[-6.05125,4.96542],[-6.05319,4.96542],[-6.05319,4.96514],[-6.05566,4.96514],[-6.05597,4.96514],[-6.05597,4.96486],[-6.05658,4.96486],[-6.05903,4.96486],[-6.05903,4.96458],[-6.05941,4.96458],[-6.05941,4.97516],[-6.04515,4.97516],[-6.04515,4.96625]]]},"properties":{"region":"Bas-Sassandra","district":"Sassandra","floods_1m":1,"floods_2m":1,"floods_3m":1,"first_flood_m":1,"nests":true,"area_km2":1.706}},{"type":"Feature","geometry":{"type":"Polygon","coordinates":[[[-6.20199,4.88431],[-6.20208,4.88431],[-6.20208,4.88414],[-6.20208,4.88403],[-6.20291,4.88403],[-6.20431,4.88403],[-6.20431,4.88384],[-6.20431,4.88375],[-6.20458,4.88375],[-6.20458,4.88347],[-6.20486,4.88347],[-6.20486,4.88375],[-6.20497,4.88375],[-6.20542,4.88375],[-6.20542,4.88347],[-6.20625,4.88347],[-6.20625,4.88319],[-6.20819,4.88319],[-6.20819,4.88292],[-6.20847,4.88292],[-6.20847,4.88319],[-6.20903,4.88319],[-6.20903,4.88292],[-6.21014,4.88292],[-6.21014,4.88264],[-6.21042,4.88264],[-6.21042,4.88292],[-6.21069,4.88292],[-6.21069,4.88264],[-6.2118,4.88264],[-6.21181,4.88236],[-6.21264,4.88236],[-6.21264,4.88208],[-6.21292,4.88208],[-6.21292,4.88236],[-6.2136,4.88236],[-6.21458,4.88236],[-6.21458,4.88208],[-6.21483,4.88208],[-6.21542,4.88208],[-6.21542,4.88195],[-6.21542,4.8818],[-6.21606,4.8818],[-6.21624,4.8818],[-6.21624,4.88961],[-6.20199,4.88961],[-6.20199,4.88431]]]},"properties":{"region":"Bas-Sassandra","district":"Sassandra","floods_1m":1,"floods_2m":1,"floods_3m":1,"first_flood_m":1,"nests":true,"area_km2":1.163}},{"type":"Feature","geometry":{"type":"MultiPolygon","coordinates":[[[[-6.61547,4.74431],[-6.61597,4.74431],[-6.61597,4.74403],[-6.61653,4.74403],[-6.61653,4.74458],[-6.6182,4.74458],[-6.6182,4.74514],[-6.61847,4.74514],[-6.61847,4.7457],[-6.61875,4.7457],[-6.61875,4.74597],[-6.61903,4.74597],[-6.61903,4.74625],[-6.61931,4.74625],[-6.61931,4.74703],[-6.61547,4.74703],[-6.61547,4.74431]]],[[[-6.61547,4.73764],[-6.61547,4.73569],[-6.61597,4.73569],[-6.61597,4.73542],[-6.6182,4.73542],[-6.6182,4.73514],[-6.61903,4.73514],[-6.61903,4.73486],[-6.61931,4.73486],[-6.61931,4.73458],[-6.61958,4.73458],[-6.61958,4.73486],[-6.61986,4.73486],[-6.61986,4.73458],[-6.62042,4.73458],[-6.62042,4.73431],[-6.62125,4.73431],[-6.62125,4.73403],[-6.62236,4.73403],[-6.62236,4.73375],[-6.62264,4.73375],[-6.62264,4.73347],[-6.6232,4.73347],[-6.6232,4.73319],[-6.62347,4.73319],[-6.62347,4.73347],[-6.62375,4.73347],[-6.62375,4.73319],[-6.6243,4.73319],[-6.6243,4.73292],[-6.62458,4.73292],[-6.62458,4.73278],[-6.62973,4.73278],[-6.62973,4.74703],[-6.6207,4.74703],[-6.6207,4.74486],[-6.62042,4.74486],[-6.62042,4.74431],[-6.61986,4.74431],[-6.61986,4.74375],[-6.61958,4.74375],[-6.61958,4.74264],[-6.61931,4.74264],[-6.61931,4.74236],[-6.61903,4.74236],[-6.61903,4.74181],[-6.61875,4.74181],[-6.61875,4.74125],[-6.61847,4.74125],[-6.61847,4.74097],[-6.61792,4.74097],[-6.61792,4.7393],[-6.61764,4.7393],[-6.61764,4.73875],[-6.61736,4.73875],[-6.61736,4.73819],[-6.61681,4.73819],[-6.61681,4.73792],[-6.61653,4.73792],[-6.61653,4.73764],[-6.61547,4.73764]]]]},"properties":{"region":"Bas-Sassandra","district":"San-Pédro","floods_1m":1,"floods_2m":1,"floods_3m":1,"first_flood_m":1,"nests":true,"area_km2":1.997}},{"type":"Feature","geometry":{"type":"Polygon","coordinates":[[[-6.01663,5.00368],[-6.03089,5.00368],[-6.03089,5.01794],[-6.01663,5.01794],[-6.01663,5.00368]]]},"properties":{"region":"Bas-Sassandra","district":"Sassandra","floods_1m":1,"floods_2m":1,"floods_3m":1,"first_flood_m":1,"nests":true,"area_km2":2.505}},{"type":"Feature","geometry":{"type":"Polygon","coordinates":[[[-6.45863,4.78986],[-6.45875,4.78986],[-6.45875,4.78981],[-6.4593,4.78981],[-6.4593,4.78986],[-6.46014,4.78986],[-6.46014,4.78981],[-6.47289,4.78981],[-6.47289,4.80407],[-6.45863,4.80407],[-6.45863,4.78986]]]},"properties":{"region":"Bas-Sassandra","district":"San-Pédro","floods_1m":0,"floods_2m":1,"floods_3m":1,"first_flood_m":2,"nests":true,"area_km2":2.505}},{"type":"Feature","geometry":{"type":"Polygon","coordinates":[[[-7.2143,4.50347],[-7.21486,4.50347],[-7.21486,4.50319],[-7.21569,4.50319],[-7.21569,4.50292],[-7.21625,4.50292],[-7.21625,4.50264],[-7.21736,4.50264],[-7.21736,4.50236],[-7.21764,4.50236],[-7.21764,4.50208],[-7.21847,4.50208],[-7.21847,4.5018],[-7.21903,4.5018],[-7.21903,4.50153],[-7.21931,4.50153],[-7.21931,4.50125],[-7.21981,4.50125],[-7.21969,4.50465],[-7.2143,4.50465],[-7.2143,4.50347]]]},"properties":{"region":"Bas-Sassandra","district":"San-Pédro","floods_1m":1,"floods_2m":1,"floods_3m":1,"first_flood_m":1,"nests":true,"area_km2":0.146}},{"type":"Feature","geometry":{"type":"Polygon","coordinates":[[[-6.6725,4.74703],[-6.68676,4.74703],[-6.68676,4.76129],[-6.6725,4.76129],[-6.6725,4.74703]]]},"properties":{"region":"Bas-Sassandra","district":"San-Pédro","floods_1m":0,"floods_2m":1,"floods_3m":1,"first_flood_m":2,"nests":true,"area_km2":2.506}},{"type":"Feature","geometry":{"type":"Polygon","coordinates":[[[-7.1145,4.53181],[-7.1145,4.53316],[-7.10625,4.53316],[-7.10625,4.53292],[-7.10903,4.53292],[-7.10903,4.53264],[-7.11014,4.53264],[-7.11014,4.53236],[-7.11292,4.53236],[-7.11292,4.53208],[-7.11347,4.53208],[-7.11347,4.53181],[-7.1145,4.53181]]]},"properties":{"region":"Bas-Sassandra","district":"San-Pédro","floods_1m":1,"floods_2m":1,"floods_3m":1,"first_flood_m":1,"nests":true,"area_km2":0.067}},{"type":"Feature","geometry":{"type":"Polygon","coordinates":[[[-6.21624,4.8818],[-6.21736,4.8818],[-6.21736,4.88153],[-6.21792,4.88153],[-6.21792,4.8818],[-6.21819,4.8818],[-6.21819,4.88153],[-6.21903,4.88153],[-6.21903,4.8818],[-6.21931,4.8818],[-6.21931,4.88153],[-6.22042,4.88153],[-6.22042,4.88125],[-6.22097,4.88125],[-6.22097,4.88097],[-6.22181,4.88097],[-6.22181,4.88069],[-6.22208,4.88069],[-6.22208,4.88042],[-6.22264,4.88042],[-6.22264,4.88014],[-6.2232,4.88014],[-6.2232,4.87997],[-6.2232,4.87986],[-6.22361,4.87986],[-6.22375,4.87986],[-6.22375,4.88014],[-6.22403,4.88014],[-6.22403,4.87986],[-6.22486,4.87986],[-6.22486,4.87958],[-6.22514,4.87958],[-6.22514,4.87947],[-6.22514,4.8793],[-6.22542,4.8793],[-6.22542,4.87958],[-6.22597,4.87958],[-6.22597,4.8793],[-6.22653,4.8793],[-6.22653,4.87911],[-6.22653,4.87903],[-6.22686,4.87903],[-6.22792,4.87903],[-6.22792,4.87875],[-6.22819,4.87875],[-6.22819,4.87847],[-6.22901,4.87847],[-6.22931,4.87847],[-6.22931,4.87819],[-6.22986,4.87819],[-6.22986,4.87792],[-6.23042,4.87792],[-6.23042,4.87764],[-6.2305,4.87764],[-6.2305,4.88961],[-6.21624,4.88961],[-6.21624,4.8818]]]},"properties":{"region":"Bas-Sassandra","district":"Sassandra","floods_1m":1,"floods_2m":1,"floods_3m":1,"first_flood_m":1,"nests":true,"area_km2":1.663}},{"type":"Feature","geometry":{"type":"Polygon","coordinates":[[[-6.52992,4.77653],[-6.53208,4.77653],[-6.53208,4.77625],[-6.53347,4.77625],[-6.53347,4.77597],[-6.53514,4.77597],[-6.53514,4.77569],[-6.53625,4.77569],[-6.53625,4.77555],[-6.53653,4.77555],[-6.53653,4.77569],[-6.53681,4.77569],[-6.53681,4.77555],[-6.54418,4.77555],[-6.54418,4.78981],[-6.52992,4.78981],[-6.52992,4.77653]]]},"properties":{"region":"Bas-Sassandra","district":"San-Pédro","floods_1m":0,"floods_2m":1,"floods_3m":1,"first_flood_m":2,"nests":true,"area_km2":2.456}},{"type":"Feature","geometry":{"type":"Polygon","coordinates":[[[-6.35882,4.83042],[-6.36081,4.83042],[-6.36097,4.83042],[-6.36097,4.83014],[-6.36125,4.83014],[-6.36125,4.82986],[-6.36181,4.82986],[-6.36181,4.82958],[-6.3622,4.82958],[-6.36264,4.82958],[-6.36264,4.82931],[-6.36292,4.82931],[-6.36292,4.82915],[-6.36292,4.82903],[-6.36312,4.82903],[-6.36375,4.82903],[-6.36375,4.82931],[-6.36431,4.82931],[-6.36431,4.82958],[-6.36708,4.82958],[-6.36708,4.82931],[-6.36736,4.82931],[-6.36736,4.82903],[-6.36792,4.82903],[-6.36792,4.82875],[-6.36875,4.82875],[-6.36875,4.82847],[-6.36903,4.82847],[-6.36903,4.8282],[-6.36958,4.8282],[-6.36958,4.82792],[-6.36986,4.82792],[-6.36986,4.82764],[-6.37042,4.82764],[-6.37042,4.82736],[-6.37153,4.82736],[-6.37153,4.82708],[-6.37181,4.82708],[-6.37181,4.82681],[-6.37264,4.82681],[-6.37264,4.82708],[-6.37308,4.82708],[-6.37308,4.83258],[-6.35882,4.83258],[-6.35882,4.83042]]]},"properties":{"region":"Bas-Sassandra","district":"San-Pédro","floods_1m":1,"floods_2m":1,"floods_3m":1,"first_flood_m":1,"nests":true,"area_km2":0.636}},{"type":"Feature","geometry":{"type":"Polygon","coordinates":[[[-6.08792,4.98942],[-6.10218,4.98942],[-6.10218,5.00368],[-6.08792,5.00368],[-6.08792,4.98942]]]},"properties":{"region":"Bas-Sassandra","district":"Sassandra","floods_1m":1,"floods_2m":1,"floods_3m":1,"first_flood_m":1,"nests":true,"area_km2":2.505}},{"type":"Feature","geometry":{"type":"Polygon","coordinates":[[[-7.07172,4.60445],[-7.08598,4.60445],[-7.08598,4.61871],[-7.07172,4.61871],[-7.07172,4.60445]]]},"properties":{"region":"Bas-Sassandra","district":"San-Pédro","floods_1m":0,"floods_2m":1,"floods_3m":1,"first_flood_m":2,"nests":true,"area_km2":2.506}},{"type":"Feature","geometry":{"type":"MultiPolygon","coordinates":[[[[-6.66097,4.71852],[-6.65931,4.71852],[-6.65931,4.71847],[-6.66042,4.71847],[-6.66042,4.71819],[-6.66097,4.71819],[-6.66097,4.71852]]],[[[-6.6725,4.71653],[-6.6725,4.71852],[-6.66486,4.71852],[-6.66486,4.71736],[-6.66708,4.71736],[-6.66708,4.71708],[-6.66847,4.71708],[-6.66847,4.7168],[-6.67097,4.7168],[-6.67097,4.71653],[-6.6725,4.71653]]]]},"properties":{"region":"Bas-Sassandra","district":"San-Pédro","floods_1m":1,"floods_2m":1,"floods_3m":1,"first_flood_m":1,"nests":true,"area_km2":0.15}},{"type":"Feature","geometry":{"type":"Polygon","coordinates":[[[-6.92914,4.63458],[-6.92914,4.64723],[-6.91986,4.64723],[-6.91986,4.64708],[-6.91958,4.64708],[-6.91958,4.64653],[-6.9193,4.64653],[-6.9193,4.64597],[-6.91903,4.64597],[-6.91903,4.64569],[-6.91875,4.64569],[-6.91875,4.64542],[-6.91736,4.64542],[-6.91736,4.64569],[-6.91708,4.64569],[-6.91708,4.64542],[-6.9168,4.64542],[-6.9168,4.64458],[-6.91653,4.64458],[-6.91653,4.64431],[-6.9168,4.64431],[-6.9168,4.64375],[-6.91708,4.64375],[-6.91708,4.64292],[-6.91764,4.64292],[-6.91764,4.64264],[-6.91792,4.64264],[-6.91792,4.64236],[-6.91819,4.64236],[-6.91819,4.64208],[-6.91847,4.64208],[-6.91847,4.64153],[-6.91875,4.64153],[-6.91875,4.64125],[-6.91986,4.64125],[-6.91986,4.64097],[-6.92069,4.64097],[-6.92069,4.6407],[-6.9218,4.6407],[-6.9218,4.64042],[-6.92208,4.64042],[-6.92208,4.64014],[-6.92236,4.64014],[-6.92236,4.63986],[-6.92264,4.63986],[-6.92264,4.63958],[-6.92292,4.63958],[-6.92292,4.63931],[-6.92319,4.63931],[-6.92319,4.63903],[-6.92292,4.63903],[-6.92292,4.63875],[-6.92403,4.63875],[-6.92403,4.63792],[-6.92431,4.63792],[-6.92431,4.63764],[-6.92514,4.63764],[-6.92514,4.63681],[-6.92542,4.63681],[-6.92542,4.63653],[-6.92569,4.63653],[-6.92569,4.63625],[-6.92597,4.63625],[-6.92597,4.63597],[-6.92681,4.63597],[-6.92681,4.63514],[-6.92708,4.63514],[-6.92708,4.63542],[-6.92736,4.63542],[-6.92736,4.63514],[-6.92792,4.63514],[-6.92792,4.63486],[-6.92847,4.63486],[-6.92847,4.63458],[-6.92914,4.63458]]]},"properties":{"region":"Bas-Sassandra","district":"San-Pédro","floods_1m":1,"floods_2m":1,"floods_3m":1,"first_flood_m":1,"nests":true,"area_km2":1.216}},{"type":"Feature","geometry":{"type":"MultiPolygon","coordinates":[[[[-7.01469,4.57431],[-7.01469,4.57594],[-7.01431,4.57594],[-7.01431,4.57542],[-7.01458,4.57542],[-7.01458,4.57431],[-7.01469,4.57431]]],[[[-7.01469,4.57181],[-7.01469,4.57375],[-7.01458,4.57375],[-7.01458,4.57319],[-7.01431,4.57319],[-7.01431,4.57208],[-7.01458,4.57208],[-7.01458,4.57181],[-7.01469,4.57181]]]]},"properties":{"region":"Bas-Sassandra","district":"San-Pédro","floods_1m":1,"floods_2m":1,"floods_3m":1,"first_flood_m":1,"nests":true,"area_km2":0.01}},{"type":"Feature","geometry":{"type":"Polygon","coordinates":[[[-6.74379,4.71852],[-6.75805,4.71852],[-6.75805,4.73278],[-6.74379,4.73278],[-6.74379,4.71852]]]},"properties":{"region":"Bas-Sassandra","district":"San-Pédro","floods_1m":0,"floods_2m":1,"floods_3m":1,"first_flood_m":2,"nests":true,"area_km2":2.506}},{"type":"Feature","geometry":{"type":"Polygon","coordinates":[[[-6.61547,4.74703],[-6.61931,4.74703],[-6.61931,4.74764],[-6.61903,4.74764],[-6.61903,4.74792],[-6.61931,4.74792],[-6.61931,4.74903],[-6.61903,4.74903],[-6.61903,4.74958],[-6.61875,4.74958],[-6.61875,4.75014],[-6.61847,4.75014],[-6.61847,4.74986],[-6.6182,4.74986],[-6.6182,4.75014],[-6.61792,4.75014],[-6.61792,4.75042],[-6.61736,4.75042],[-6.61736,4.75069],[-6.61764,4.75069],[-6.61764,4.75097],[-6.61736,4.75097],[-6.61736,4.75125],[-6.61764,4.75125],[-6.61764,4.7518],[-6.61792,4.7518],[-6.61792,4.75153],[-6.6182,4.75153],[-6.6182,4.75097],[-6.61847,4.75097],[-6.61847,4.75125],[-6.61931,4.75125],[-6.61931,4.75014],[-6.61958,4.75014],[-6.61958,4.7493],[-6.62014,4.7493],[-6.62014,4.74903],[-6.62042,4.74903],[-6.62042,4.74847],[-6.62014,4.74847],[-6.62014,4.7482],[-6.62042,4.7482],[-6.62042,4.74792],[-6.6207,4.74792],[-6.6207,4.74736],[-6.62042,4.74736],[-6.62042,4.74708],[-6.6207,4.74708],[-6.6207,4.74703],[-6.62973,4.74703],[-6.62973,4.76129],[-6.61547,4.76129],[-6.61547,4.74703]]]},"properties":{"region":"Bas-Sassandra","district":"San-Pédro","floods_1m":1,"floods_2m":1,"floods_3m":1,"first_flood_m":1,"nests":true,"area_km2":2.438}},{"type":"Feature","geometry":{"type":"Polygon","coordinates":[[[-5.90257,5.01764],[-5.90264,5.01764],[-5.90264,5.01736],[-5.90292,5.01736],[-5.90292,5.01711],[-5.90292,5.01681],[-5.90319,5.01681],[-5.90319,5.01653],[-5.90521,5.01653],[-5.90569,5.01653],[-5.90569,5.0164],[-5.90569,5.01625],[-5.90629,5.01625],[-5.90681,5.01625],[-5.90681,5.01612],[-5.90681,5.01597],[-5.90738,5.01597],[-5.90986,5.01597],[-5.90986,5.0157],[-5.91042,5.0157],[-5.91042,5.01542],[-5.91236,5.01542],[-5.91236,5.01514],[-5.91264,5.01514],[-5.91264,5.01486],[-5.91375,5.01486],[-5.91375,5.01458],[-5.91403,5.01458],[-5.91403,5.01431],[-5.91514,5.01431],[-5.91514,5.01403],[-5.91625,5.01403],[-5.91625,5.01371],[-5.91625,5.01292],[-5.91681,5.01292],[-5.91681,5.01264],[-5.91683,5.01264],[-5.91683,5.01794],[-5.90257,5.01794],[-5.90257,5.01764]]]},"properties":{"region":"Bas-Sassandra","district":"Sassandra","floods_1m":1,"floods_2m":1,"floods_3m":1,"first_flood_m":1,"nests":true,"area_km2":0.425}},{"type":"Feature","geometry":{"type":"Polygon","coordinates":[[[-6.1307,4.92181],[-6.13264,4.92181],[-6.13264,4.92153],[-6.13319,4.92153],[-6.13319,4.92125],[-6.13375,4.92125],[-6.13375,4.92097],[-6.13431,4.92097],[-6.13431,4.92014],[-6.13458,4.92014],[-6.13458,4.91986],[-6.13486,4.91986],[-6.13486,4.91931],[-6.13458,4.91931],[-6.13458,4.91857],[-6.13458,4.91847],[-6.13569,4.91847],[-6.13569,4.91875],[-6.13597,4.91875],[-6.13597,4.91847],[-6.13653,4.91847],[-6.13653,4.91819],[-6.1382,4.91819],[-6.1382,4.91813],[-6.13958,4.91813],[-6.13958,4.91819],[-6.14042,4.91819],[-6.14042,4.91813],[-6.14495,4.91813],[-6.14495,4.93239],[-6.1307,4.93239],[-6.1307,4.92181]]]},"properties":{"region":"Bas-Sassandra","district":"Sassandra","floods_1m":1,"floods_2m":1,"floods_3m":1,"first_flood_m":1,"nests":true,"area_km2":2.332}},{"type":"Feature","geometry":{"type":"Polygon","coordinates":[[[-6.55844,4.80407],[-6.57269,4.80407],[-6.57269,4.81832],[-6.55844,4.81832],[-6.55844,4.80407]]]},"properties":{"region":"Bas-Sassandra","district":"San-Pédro","floods_1m":0,"floods_2m":1,"floods_3m":1,"first_flood_m":2,"nests":true,"area_km2":2.502}},{"type":"Feature","geometry":{"type":"Polygon","coordinates":[[[-6.01663,4.97236],[-6.01663,4.97516],[-6.00792,4.97516],[-6.00792,4.97514],[-6.00764,4.97514],[-6.00764,4.97486],[-6.0082,4.97486],[-6.0082,4.97458],[-6.00847,4.97458],[-6.00847,4.97431],[-6.00931,4.97431],[-6.00931,4.97403],[-6.00958,4.97403],[-6.00958,4.97431],[-6.00986,4.97431],[-6.00986,4.97403],[-6.01042,4.97403],[-6.01042,4.97375],[-6.01069,4.97375],[-6.01069,4.97347],[-6.01264,4.97347],[-6.01264,4.97319],[-6.01403,4.97319],[-6.01403,4.97292],[-6.01486,4.97292],[-6.01486,4.97264],[-6.01653,4.97264],[-6.01653,4.97236],[-6.01663,4.97236]]]},"properties":{"region":"Bas-Sassandra","district":"Sassandra","floods_1m":1,"floods_2m":1,"floods_3m":1,"first_flood_m":1,"nests":true,"area_km2":0.184}},{"type":"Feature","geometry":{"type":"Polygon","coordinates":[[[-6.04515,4.98942],[-6.05941,4.98942],[-6.05941,5.00368],[-6.04515,5.00368],[-6.04515,4.98942]]]},"properties":{"region":"Bas-Sassandra","district":"Sassandra","floods_1m":1,"floods_2m":1,"floods_3m":1,"first_flood_m":1,"nests":true,"area_km2":2.505}},{"type":"Feature","geometry":{"type":"Polygon","coordinates":[[[-6.20199,4.88431],[-6.20199,4.88961],[-6.18903,4.88961],[-6.18903,4.88958],[-6.1893,4.88958],[-6.1893,4.88942],[-6.1893,4.88931],[-6.18958,4.88931],[-6.18958,4.88903],[-6.18986,4.88903],[-6.18986,4.88931],[-6.19014,4.88931],[-6.19014,4.88903],[-6.19153,4.88903],[-6.19153,4.88875],[-6.19236,4.88875],[-6.19236,4.88847],[-6.19292,4.88847],[-6.19292,4.88819],[-6.19319,4.88819],[-6.19319,4.88792],[-6.19403,4.88792],[-6.19403,4.88764],[-6.1943,4.88764],[-6.1943,4.88736],[-6.19625,4.88736],[-6.19625,4.88708],[-6.19708,4.88708],[-6.19708,4.88653],[-6.19736,4.88653],[-6.19736,4.88486],[-6.19764,4.88486],[-6.19764,4.88474],[-6.19764,4.88458],[-6.19819,4.88458],[-6.19819,4.88431],[-6.19847,4.88431],[-6.19847,4.88403],[-6.20042,4.88403],[-6.20042,4.88431],[-6.20086,4.88431],[-6.20199,4.88431]]]},"properties":{"region":"Bas-Sassandra","district":"Sassandra","floods_1m":1,"floods_2m":1,"floods_3m":1,"first_flood_m":1,"nests":true,"area_km2":0.455}},{"type":"Feature","geometry":{"type":"Polygon","coordinates":[[[-7.12876,4.52986],[-7.13042,4.52986],[-7.13042,4.52958],[-7.13097,4.52958],[-7.13097,4.52986],[-7.1318,4.52986],[-7.1318,4.52958],[-7.13208,4.52958],[-7.13208,4.5293],[-7.13347,4.5293],[-7.13347,4.52903],[-7.13681,4.52903],[-7.13681,4.52875],[-7.13931,4.52875],[-7.13931,4.52847],[-7.14125,4.52847],[-7.14125,4.52819],[-7.14208,4.52819],[-7.14208,4.52792],[-7.14301,4.52792],[-7.14301,4.53316],[-7.12876,4.53316],[-7.12876,4.52986]]]},"properties":{"region":"Bas-Sassandra","district":"San-Pédro","floods_1m":1,"floods_2m":1,"floods_3m":1,"first_flood_m":1,"nests":true,"area_km2":0.733}},{"type":"Feature","geometry":{"type":"Polygon","coordinates":[[[-7.07172,4.57594],[-7.08598,4.57594],[-7.08598,4.5902],[-7.07172,4.5902],[-7.07172,4.57594]]]},"properties":{"region":"Bas-Sassandra","district":"San-Pédro","floods_1m":0,"floods_2m":0,"floods_3m":1,"first_flood_m":3,"nests":true,"area_km2":2.506}},{"type":"Feature","geometry":{"type":"Polygon","coordinates":[[[-6.82934,4.69],[-6.8436,4.69],[-6.8436,4.70426],[-6.82934,4.70426],[-6.82934,4.69]]]},"properties":{"region":"Bas-Sassandra","district":"San-Pédro","floods_1m":0,"floods_2m":0,"floods_3m":1,"first_flood_m":3,"nests":true,"area_km2":2.506}},{"type":"Feature","geometry":{"type":"Polygon","coordinates":[[[-6.03089,4.97516],[-6.04515,4.97516],[-6.04515,4.98942],[-6.03089,4.98942],[-6.03089,4.97516]]]},"properties":{"region":"Bas-Sassandra","district":"Sassandra","floods_1m":1,"floods_2m":1,"floods_3m":1,"first_flood_m":1,"nests":true,"area_km2":2.505}},{"type":"Feature","geometry":{"type":"Polygon","coordinates":[[[-6.74379,4.68958],[-6.74486,4.68958],[-6.74486,4.6893],[-6.74542,4.6893],[-6.74542,4.68903],[-6.74764,4.68903],[-6.74764,4.68875],[-6.74847,4.68875],[-6.74847,4.68903],[-6.74875,4.68903],[-6.74875,4.68875],[-6.75347,4.68875],[-6.75347,4.68847],[-6.75375,4.68847],[-6.75375,4.6882],[-6.75458,4.6882],[-6.75458,4.68847],[-6.75486,4.68847],[-6.75486,4.6882],[-6.75569,4.6882],[-6.75569,4.68792],[-6.75597,4.68792],[-6.75597,4.6882],[-6.75708,4.6882],[-6.75708,4.68792],[-6.75805,4.68792],[-6.75805,4.69],[-6.74379,4.69],[-6.74379,4.68958]]]},"properties":{"region":"Bas-Sassandra","district":"San-Pédro","floods_1m":1,"floods_2m":1,"floods_3m":1,"first_flood_m":1,"nests":true,"area_km2":0.23}},{"type":"Feature","geometry":{"type":"Polygon","coordinates":[[[-6.9434,4.63297],[-6.95766,4.63297],[-6.95766,4.64723],[-6.9434,4.64723],[-6.9434,4.63297]]]},"properties":{"region":"Bas-Sassandra","district":"San-Pédro","floods_1m":0,"floods_2m":1,"floods_3m":1,"first_flood_m":2,"nests":true,"area_km2":2.506}},{"type":"Feature","geometry":{"type":"Polygon","coordinates":[[[-7.2143,4.50347],[-7.2143,4.50465],[-7.21097,4.50465],[-7.21097,4.50458],[-7.21264,4.50458],[-7.21264,4.5043],[-7.21292,4.5043],[-7.21292,4.50403],[-7.21375,4.50403],[-7.21375,4.50375],[-7.21403,4.50375],[-7.21403,4.50347],[-7.2143,4.50347]]]},"properties":{"region":"Bas-Sassandra","district":"San-Pédro","floods_1m":1,"floods_2m":1,"floods_3m":1,"first_flood_m":1,"nests":true,"area_km2":0.016}},{"type":"Feature","geometry":{"type":"Polygon","coordinates":[[[-7.04321,4.54625],[-7.04403,4.54625],[-7.04403,4.54597],[-7.04542,4.54597],[-7.04542,4.54569],[-7.04625,4.54569],[-7.04625,4.54542],[-7.04736,4.54542],[-7.04736,4.54514],[-7.04764,4.54514],[-7.04764,4.54486],[-7.0493,4.54486],[-7.0493,4.54458],[-7.05042,4.54458],[-7.05042,4.54431],[-7.05153,4.54431],[-7.05153,4.54403],[-7.05208,4.54403],[-7.05208,4.54375],[-7.05236,4.54375],[-7.05236,4.54347],[-7.05375,4.54347],[-7.05375,4.54319],[-7.05403,4.54319],[-7.05403,4.54264],[-7.05431,4.54264],[-7.05431,4.54208],[-7.05542,4.54208],[-7.05542,4.54181],[-7.0557,4.54181],[-7.0557,4.54125],[-7.05542,4.54125],[-7.05542,4.54097],[-7.05514,4.54097],[-7.05514,4.54069],[-7.05458,4.54069],[-7.05458,4.53931],[-7.05597,4.53931],[-7.05597,4.53903],[-7.05708,4.53903],[-7.05708,4.53875],[-7.05747,4.53875],[-7.05747,4.54742],[-7.04321,4.54742],[-7.04321,4.54625]]]},"properties":{"region":"Bas-Sassandra","district":"San-Pédro","floods_1m":1,"floods_2m":1,"floods_3m":1,"first_flood_m":1,"nests":true,"area_km2":0.656}},{"type":"Feature","geometry":{"type":"Polygon","coordinates":[[[-6.08792,5.01794],[-6.10218,5.01794],[-6.10218,5.03219],[-6.08792,5.03219],[-6.08792,5.01794]]]},"properties":{"region":"Bas-Sassandra","district":"Sassandra","floods_1m":0,"floods_2m":0,"floods_3m":1,"first_flood_m":3,"nests":true,"area_km2":2.503}},{"type":"Feature","geometry":{"type":"Polygon","coordinates":[[[-6.68676,4.73847],[-6.68736,4.73847],[-6.68736,4.73875],[-6.68764,4.73875],[-6.68764,4.73958],[-6.68792,4.73958],[-6.68792,4.73986],[-6.68819,4.73986],[-6.68819,4.74014],[-6.68847,4.74014],[-6.68847,4.74042],[-6.68931,4.74042],[-6.68931,4.74069],[-6.68986,4.74069],[-6.68986,4.74125],[-6.69014,4.74125],[-6.69014,4.74153],[-6.69069,4.74153],[-6.69069,4.74125],[-6.69097,4.74125],[-6.69097,4.74097],[-6.69264,4.74097],[-6.69264,4.74069],[-6.69347,4.74069],[-6.69347,4.74042],[-6.69375,4.74042],[-6.69375,4.74153],[-6.69403,4.74153],[-6.69403,4.74236],[-6.69431,4.74236],[-6.69431,4.7432],[-6.69458,4.7432],[-6.69458,4.74347],[-6.69486,4.74347],[-6.69486,4.74431],[-6.69514,4.74431],[-6.69514,4.74458],[-6.69597,4.74458],[-6.69597,4.74431],[-6.69625,4.74431],[-6.69625,4.74347],[-6.69653,4.74347],[-6.69653,4.74153],[-6.69625,4.74153],[-6.69625,4.74097],[-6.69597,4.74097],[-6.69597,4.74069],[-6.69569,4.74069],[-6.69569,4.74042],[-6.69542,4.74042],[-6.69542,4.74014],[-6.69514,4.74014],[-6.69514,4.73986],[-6.69458,4.73986],[-6.69458,4.73958],[-6.69403,4.73958],[-6.69403,4.7393],[-6.69319,4.7393],[-6.69319,4.73958],[-6.69292,4.73958],[-6.69292,4.73986],[-6.69264,4.73986],[-6.69264,4.74014],[-6.69125,4.74014],[-6.69125,4.73986],[-6.69069,4.73986],[-6.69069,4.7393],[-6.69042,4.7393],[-6.69042,4.73847],[-6.68986,4.73847],[-6.68986,4.73819],[-6.68958,4.73819],[-6.68958,4.73792],[-6.68986,4.73792],[-6.68986,4.73764],[-6.68958,4.73764],[-6.68958,4.73736],[-6.68792,4.73736],[-6.68792,4.73764],[-6.68764,4.73764],[-6.68764,4.73792],[-6.68736,4.73792],[-6.68736,4.73764],[-6.68681,4.73764],[-6.68681,4.73736],[-6.68676,4.73736],[-6.68676,4.73403],[-6.68736,4.73403],[-6.68736,4.73486],[-6.68764,4.73486],[-6.68764,4.73542],[-6.68792,4.73542],[-6.68792,4.73569],[-6.68847,4.73569],[-6.68847,4.73542],[-6.68875,4.73542],[-6.68875,4.73486],[-6.68931,4.73486],[-6.68931,4.73347],[-6.68903,4.73347],[-6.68903,4.73375],[-6.68819,4.73375],[-6.68819,4.73347],[-6.68736,4.73347],[-6.68736,4.73319],[-6.68681,4.73319],[-6.68681,4.73292],[-6.68676,4.73292],[-6.68676,4.73278],[-6.70102,4.73278],[-6.70102,4.74703],[-6.68676,4.74703],[-6.68676,4.73847]]]},"properties":{"region":"Bas-Sassandra","district":"San-Pédro","floods_1m":1,"floods_2m":1,"floods_3m":1,"first_flood_m":1,"nests":true,"area_km2":2.188}},{"type":"Feature","geometry":{"type":"Polygon","coordinates":[[[-7.15727,4.52708],[-7.15764,4.52708],[-7.15764,4.52736],[-7.15986,4.52736],[-7.15986,4.52708],[-7.16014,4.52708],[-7.16014,4.5268],[-7.16042,4.5268],[-7.16042,4.52625],[-7.1607,4.52625],[-7.1607,4.52542],[-7.16153,4.52542],[-7.16153,4.52514],[-7.1632,4.52514],[-7.1632,4.52486],[-7.16458,4.52486],[-7.16458,4.52458],[-7.16653,4.52458],[-7.16653,4.52431],[-7.16819,4.5243],[-7.16819,4.52403],[-7.16931,4.52403],[-7.16931,4.52375],[-7.17125,4.52375],[-7.17125,4.52347],[-7.17153,4.52347],[-7.17153,4.53316],[-7.15727,4.53316],[-7.15727,4.52708]]]},"properties":{"region":"Bas-Sassandra","district":"San-Pédro","floods_1m":1,"floods_2m":1,"floods_3m":1,"first_flood_m":1,"nests":true,"area_km2":1.411}},{"type":"Feature","geometry":{"type":"MultiPolygon","coordinates":[[[[-6.6725,4.73458],[-6.67264,4.73458],[-6.67264,4.73486],[-6.67292,4.73486],[-6.67292,4.73514],[-6.67347,4.73514],[-6.67347,4.73569],[-6.67375,4.73569],[-6.67375,4.73597],[-6.6743,4.73597],[-6.6743,4.73625],[-6.67458,4.73625],[-6.67458,4.73653],[-6.67486,4.73653],[-6.67486,4.73736],[-6.67514,4.73736],[-6.67514,4.73792],[-6.67542,4.73792],[-6.67542,4.73819],[-6.67569,4.73819],[-6.67569,4.73847],[-6.67625,4.73847],[-6.67625,4.73875],[-6.67653,4.73875],[-6.67653,4.73903],[-6.67681,4.73903],[-6.67681,4.73875],[-6.67708,4.73875],[-6.67708,4.73847],[-6.67736,4.73847],[-6.67736,4.73792],[-6.67792,4.73792],[-6.67792,4.73764],[-6.67819,4.73764],[-6.67819,4.73736],[-6.67847,4.73736],[-6.67847,4.73708],[-6.67875,4.73708],[-6.67875,4.73681],[-6.67903,4.73681],[-6.67903,4.73653],[-6.67931,4.73653],[-6.67931,4.73625],[-6.67986,4.73625],[-6.67986,4.73569],[-6.68014,4.73569],[-6.68014,4.73542],[-6.68097,4.73542],[-6.68097,4.73569],[-6.68153,4.73569],[-6.68153,4.73597],[-6.68208,4.73597],[-6.68208,4.73625],[-6.68236,4.73625],[-6.68236,4.73653],[-6.68264,4.73653],[-6.68264,4.73681],[-6.68292,4.73681],[-6.68292,4.73708],[-6.68375,4.73708],[-6.68375,4.73736],[-6.68569,4.73736],[-6.68569,4.73764],[-6.68597,4.73764],[-6.68597,4.73792],[-6.68625,4.73792],[-6.68625,4.73819],[-6.68653,4.73819],[-6.68653,4.73847],[-6.68676,4.73847],[-6.68676,4.74703],[-6.6725,4.74703],[-6.6725,4.73458]]],[[[-6.68676,4.73403],[-6.68676,4.73736],[-6.68653,4.73736],[-6.68653,4.73708],[-6.68625,4.73708],[-6.68625,4.73681],[-6.68597,4.73681],[-6.68597,4.73653],[-6.68569,4.73653],[-6.68569,4.73625],[-6.68597,4.73625],[-6.68597,4.73597],[-6.68569,4.73597],[-6.68569,4.73569],[-6.68542,4.73569],[-6.68542,4.73542],[-6.68514,4.73542],[-6.68514,4.73375],[-6.68542,4.73375],[-6.68542,4.73347],[-6.68625,4.73347],[-6.68625,4.73375],[-6.68653,4.73375],[-6.68653,4.73403],[-6.68676,4.73403]]],[[[-6.68625,4.73278],[-6.68676,4.73278],[-6.68676,4.73292],[-6.68625,4.73292],[-6.68625,4.73278]]]]},"properties":{"region":"Bas-Sassandra","district":"San-Pédro","floods_1m":1,"floods_2m":1,"floods_3m":1,"first_flood_m":1,"nests":true,"area_km2":1.832}},{"type":"Feature","geometry":{"type":"MultiPolygon","coordinates":[[[[-6.53653,4.77555],[-6.53625,4.77555],[-6.53625,4.77542],[-6.53653,4.77542],[-6.53653,4.77555]]],[[[-6.54418,4.77403],[-6.54418,4.77555],[-6.53681,4.77555],[-6.53681,4.77542],[-6.53792,4.77542],[-6.53792,4.77514],[-6.53875,4.77514],[-6.53875,4.77486],[-6.54097,4.77486],[-6.54097,4.77458],[-6.54153,4.77458],[-6.54153,4.7743],[-6.54375,4.7743],[-6.54375,4.77403],[-6.54418,4.77403]]]]},"properties":{"region":"Bas-Sassandra","district":"San-Pédro","floods_1m":0,"floods_2m":1,"floods_3m":1,"first_flood_m":2,"nests":true,"area_km2":0.074}},{"type":"Feature","geometry":{"type":"Polygon","coordinates":[[[-6.81508,4.68097],[-6.81514,4.68097],[-6.81514,4.68125],[-6.81569,4.68125],[-6.81569,4.68097],[-6.81625,4.68097],[-6.81625,4.68069],[-6.81792,4.68069],[-6.81792,4.68042],[-6.82014,4.68042],[-6.82014,4.68014],[-6.82069,4.68014],[-6.82069,4.67986],[-6.82097,4.67986],[-6.82097,4.68014],[-6.82181,4.68014],[-6.82181,4.67986],[-6.82347,4.67986],[-6.82347,4.67958],[-6.82431,4.67958],[-6.82431,4.67931],[-6.82458,4.67931],[-6.82458,4.67958],[-6.82514,4.67958],[-6.82514,4.67931],[-6.82597,4.67931],[-6.82597,4.67903],[-6.82625,4.67903],[-6.82625,4.67931],[-6.82681,4.67931],[-6.82681,4.67903],[-6.82764,4.67903],[-6.82764,4.67875],[-6.82819,4.67875],[-6.82819,4.67903],[-6.82847,4.67903],[-6.82847,4.67875],[-6.82903,4.67875],[-6.82903,4.67847],[-6.82934,4.67847],[-6.82934,4.69],[-6.81508,4.69],[-6.81508,4.68097]]]},"properties":{"region":"Bas-Sassandra","district":"San-Pédro","floods_1m":1,"floods_2m":1,"floods_3m":1,"first_flood_m":1,"nests":true,"area_km2":1.778}},{"type":"Feature","geometry":{"type":"Polygon","coordinates":[[[-6.08792,4.94319],[-6.08903,4.94319],[-6.08903,4.94292],[-6.08958,4.94292],[-6.08958,4.94264],[-6.09014,4.94264],[-6.09014,4.94236],[-6.09069,4.94236],[-6.09069,4.94208],[-6.09125,4.94208],[-6.09125,4.94181],[-6.09236,4.94181],[-6.09236,4.94153],[-6.09264,4.94153],[-6.09264,4.94125],[-6.09236,4.94125],[-6.09236,4.94097],[-6.09264,4.94097],[-6.09264,4.94069],[-6.09236,4.94069],[-6.09236,4.94042],[-6.09264,4.94042],[-6.09264,4.94014],[-6.09236,4.94014],[-6.09236,4.9393],[-6.09264,4.9393],[-6.09264,4.93847],[-6.09292,4.93847],[-6.09292,4.93792],[-6.09403,4.93792],[-6.09403,4.93764],[-6.09431,4.93764],[-6.09431,4.93792],[-6.09764,4.93792],[-6.09764,4.93764],[-6.09792,4.93764],[-6.09792,4.93736],[-6.09819,4.93736],[-6.09819,4.93708],[-6.09847,4.93708],[-6.09847,4.93653],[-6.09875,4.93653],[-6.09875,4.93625],[-6.09903,4.93625],[-6.09903,4.93597],[-6.09958,4.93597],[-6.09958,4.93458],[-6.10042,4.93458],[-6.10042,4.93431],[-6.10069,4.93431],[-6.10069,4.93403],[-6.10153,4.93403],[-6.10153,4.93347],[-6.10218,4.93347],[-6.10218,4.94665],[-6.08792,4.94665],[-6.08792,4.94319]]]},"properties":{"region":"Bas-Sassandra","district":"Sassandra","floods_1m":1,"floods_2m":1,"floods_3m":1,"first_flood_m":1,"nests":true,"area_km2":1.426}},{"type":"Feature","geometry":{"type":"Polygon","coordinates":[[[-7.18579,4.51931],[-7.18597,4.51931],[-7.18597,4.51891],[-7.20005,4.51891],[-7.20005,4.53316],[-7.18579,4.53316],[-7.18579,4.51931]]]},"properties":{"region":"Bas-Sassandra","district":"San-Pédro","floods_1m":1,"floods_2m":1,"floods_3m":1,"first_flood_m":1,"nests":true,"area_km2":2.504}},{"type":"Feature","geometry":{"type":"Polygon","coordinates":[[[-6.05941,4.97516],[-6.07366,4.97516],[-6.07366,4.98942],[-6.05941,4.98942],[-6.05941,4.97516]]]},"properties":{"region":"Bas-Sassandra","district":"Sassandra","floods_1m":1,"floods_2m":1,"floods_3m":1,"first_flood_m":1,"nests":true,"area_km2":2.503}},{"type":"Feature","geometry":{"type":"Polygon","coordinates":[[[-6.91489,4.66264],[-6.9157,4.66264],[-6.9157,4.66236],[-6.91597,4.66236],[-6.91597,4.66181],[-6.91625,4.66181],[-6.91625,4.66149],[-6.92914,4.66149],[-6.92914,4.67574],[-6.91489,4.67574],[-6.91489,4.66264]]]},"properties":{"region":"Bas-Sassandra","district":"San-Pédro","floods_1m":1,"floods_2m":1,"floods_3m":1,"first_flood_m":1,"nests":true,"area_km2":2.487}},{"type":"Feature","geometry":{"type":"Polygon","coordinates":[[[-6.11644,4.92736],[-6.11653,4.92736],[-6.11653,4.92708],[-6.11792,4.92708],[-6.11792,4.92681],[-6.11847,4.92681],[-6.11847,4.92653],[-6.11875,4.92653],[-6.11875,4.92625],[-6.11903,4.92625],[-6.11903,4.92597],[-6.11986,4.92597],[-6.11986,4.92569],[-6.12014,4.92569],[-6.12014,4.92542],[-6.12042,4.92542],[-6.12042,4.92486],[-6.12069,4.92486],[-6.12069,4.92514],[-6.12097,4.92514],[-6.12097,4.92486],[-6.12153,4.92486],[-6.12153,4.92458],[-6.12319,4.92458],[-6.12319,4.92431],[-6.12375,4.92431],[-6.12375,4.92403],[-6.12431,4.92403],[-6.12431,4.92375],[-6.12458,4.92375],[-6.12458,4.92347],[-6.12542,4.92347],[-6.12542,4.92319],[-6.12569,4.92319],[-6.12569,4.92292],[-6.12597,4.92292],[-6.12597,4.92319],[-6.12681,4.92319],[-6.12681,4.92264],[-6.12736,4.92264],[-6.12736,4.92236],[-6.12764,4.92236],[-6.12764,4.92208],[-6.12792,4.92208],[-6.12792,4.92236],[-6.12847,4.92236],[-6.12847,4.92208],[-6.13069,4.92208],[-6.13069,4.92181],[-6.1307,4.92181],[-6.1307,4.93239],[-6.11644,4.93239],[-6.11644,4.92736]]]},"properties":{"region":"Bas-Sassandra","district":"Sassandra","floods_1m":1,"floods_2m":1,"floods_3m":1,"first_flood_m":1,"nests":true,"area_km2":1.431}},{"type":"Feature","geometry":{"type":"Polygon","coordinates":[[[-6.9434,4.62875],[-6.9434,4.63297],[-6.93347,4.63297],[-6.93347,4.63292],[-6.93403,4.63292],[-6.93403,4.63236],[-6.93458,4.63236],[-6.93458,4.63208],[-6.93569,4.63208],[-6.93569,4.6318],[-6.93625,4.6318],[-6.93625,4.63153],[-6.93681,4.63153],[-6.93681,4.63125],[-6.93736,4.63125],[-6.93736,4.63097],[-6.93764,4.63097],[-6.93764,4.63069],[-6.93792,4.63069],[-6.93792,4.63042],[-6.9382,4.63042],[-6.9382,4.63014],[-6.93847,4.63014],[-6.93847,4.62986],[-6.93875,4.62986],[-6.93875,4.63014],[-6.93958,4.63014],[-6.93958,4.62986],[-6.94014,4.62986],[-6.94014,4.62958],[-6.94097,4.62958],[-6.94097,4.62931],[-6.9418,4.62931],[-6.9418,4.62903],[-6.94264,4.62903],[-6.94264,4.62875],[-6.9434,4.62875]]]},"properties":{"region":"Bas-Sassandra","district":"San-Pédro","floods_1m":1,"floods_2m":1,"floods_3m":1,"first_flood_m":1,"nests":true,"area_km2":0.293}},{"type":"Feature","geometry":{"type":"Polygon","coordinates":[[[-6.5014,4.78981],[-6.51566,4.78981],[-6.51566,4.80407],[-6.5014,4.80407],[-6.5014,4.78981]]]},"properties":{"region":"Bas-Sassandra","district":"San-Pédro","floods_1m":0,"floods_2m":0,"floods_3m":1,"first_flood_m":3,"nests":true,"area_km2":2.505}},{"type":"Feature","geometry":{"type":"Polygon","coordinates":[[[-5.94534,5.00236],[-5.94534,5.00368],[-5.93875,5.00368],[-5.93875,5.00347],[-5.94014,5.00347],[-5.94014,5.00319],[-5.94153,5.00319],[-5.94153,5.00292],[-5.94319,5.00292],[-5.94319,5.00264],[-5.94458,5.00264],[-5.94458,5.00236],[-5.94534,5.00236]]]},"properties":{"region":"Bas-Sassandra","district":"Sassandra","floods_1m":1,"floods_2m":1,"floods_3m":1,"first_flood_m":1,"nests":true,"area_km2":0.058}},{"type":"Feature","geometry":{"type":"Polygon","coordinates":[[[-7.08598,4.53542],[-7.08708,4.53542],[-7.08708,4.53514],[-7.08986,4.53514],[-7.08986,4.53486],[-7.09208,4.53486],[-7.09208,4.53458],[-7.09319,4.53458],[-7.09319,4.53431],[-7.09514,4.53431],[-7.09514,4.53458],[-7.09542,4.53458],[-7.09542,4.53431],[-7.09681,4.53431],[-7.09681,4.53403],[-7.09903,4.53403],[-7.09903,4.53375],[-7.10024,4.53375],[-7.10024,4.54742],[-7.08598,4.54742],[-7.08598,4.53542]]]},"properties":{"region":"Bas-Sassandra","district":"San-Pédro","floods_1m":1,"floods_2m":1,"floods_3m":1,"first_flood_m":1,"nests":true,"area_km2":2.257}},{"type":"Feature","geometry":{"type":"Polygon","coordinates":[[[-6.08792,4.97516],[-6.10218,4.97516],[-6.10218,4.98942],[-6.08792,4.98942],[-6.08792,4.97516]]]},"properties":{"region":"Bas-Sassandra","district":"Sassandra","floods_1m":1,"floods_2m":1,"floods_3m":1,"first_flood_m":1,"nests":true,"area_km2":2.505}},{"type":"Feature","geometry":{"type":"Polygon","coordinates":[[[-7.14301,4.52792],[-7.14431,4.52792],[-7.14431,4.52764],[-7.14542,4.52764],[-7.14542,4.52736],[-7.14792,4.52736],[-7.14792,4.52708],[-7.14931,4.52708],[-7.14931,4.5268],[-7.15042,4.5268],[-7.15042,4.52653],[-7.1518,4.52653],[-7.1518,4.52625],[-7.15403,4.52625],[-7.15403,4.52597],[-7.15458,4.52597],[-7.15458,4.52569],[-7.15681,4.52569],[-7.15681,4.52597],[-7.15708,4.52597],[-7.15708,4.52625],[-7.15681,4.52625],[-7.15681,4.52708],[-7.15727,4.52708],[-7.15727,4.53316],[-7.14301,4.53316],[-7.14301,4.52792]]]},"properties":{"region":"Bas-Sassandra","district":"San-Pédro","floods_1m":1,"floods_2m":1,"floods_3m":1,"first_flood_m":1,"nests":true,"area_km2":1.122}},{"type":"Feature","geometry":{"type":"Polygon","coordinates":[[[-6.70102,4.70792],[-6.70125,4.70792],[-6.70125,4.70764],[-6.70153,4.70764],[-6.70153,4.70736],[-6.70181,4.70736],[-6.70181,4.70708],[-6.70208,4.70708],[-6.70208,4.70681],[-6.70236,4.70681],[-6.70236,4.70653],[-6.70264,4.70653],[-6.70264,4.70625],[-6.70292,4.70625],[-6.70292,4.70471],[-6.70292,4.70426],[-6.71527,4.70426],[-6.71527,4.70471],[-6.71527,4.71852],[-6.70102,4.71852],[-6.70102,4.70792]]]},"properties":{"region":"Bas-Sassandra","district":"San-Pédro","floods_1m":1,"floods_2m":1,"floods_3m":1,"first_flood_m":1,"nests":true,"area_km2":2.438}},{"type":"Feature","geometry":{"type":"Polygon","coordinates":[[[-5.97386,4.99431],[-5.97403,4.99431],[-5.97403,4.99403],[-5.97431,4.99403],[-5.97431,4.99375],[-5.97458,4.99375],[-5.97458,4.9932],[-5.97486,4.9932],[-5.97486,4.99292],[-5.97514,4.99292],[-5.97514,4.99264],[-5.97486,4.99264],[-5.97486,4.99236],[-5.97514,4.99236],[-5.97514,4.99208],[-5.9757,4.99208],[-5.9757,4.99153],[-5.97597,4.99153],[-5.97597,4.99097],[-5.97625,4.99097],[-5.97625,4.98986],[-5.97597,4.98986],[-5.97597,4.98942],[-5.98812,4.98942],[-5.98812,5.00368],[-5.97386,5.00368],[-5.97386,4.99431]]]},"properties":{"region":"Bas-Sassandra","district":"Sassandra","floods_1m":1,"floods_2m":1,"floods_3m":1,"first_flood_m":1,"nests":true,"area_km2":2.411}},{"type":"Feature","geometry":{"type":"Polygon","coordinates":[[[-6.88637,4.66986],[-6.88903,4.66986],[-6.88903,4.66958],[-6.88931,4.66958],[-6.88931,4.6693],[-6.8907,4.6693],[-6.8907,4.66903],[-6.89153,4.66903],[-6.89153,4.6693],[-6.89181,4.6693],[-6.89181,4.66903],[-6.89264,4.66903],[-6.89264,4.66875],[-6.89375,4.66875],[-6.89375,4.66847],[-6.89708,4.66847],[-6.89708,4.66819],[-6.89764,4.66819],[-6.89764,4.66792],[-6.89847,4.66792],[-6.89847,4.66764],[-6.89986,4.66764],[-6.89986,4.66736],[-6.90063,4.66736],[-6.90063,4.67574],[-6.88637,4.67574],[-6.88637,4.66986]]]},"properties":{"region":"Bas-Sassandra","district":"San-Pédro","floods_1m":1,"floods_2m":1,"floods_3m":1,"first_flood_m":1,"nests":true,"area_km2":1.228}},{"type":"Feature","geometry":{"type":"Polygon","coordinates":[[[-7.02895,4.60445],[-7.04321,4.60445],[-7.04321,4.61871],[-7.02895,4.61871],[-7.02895,4.60445]]]},"properties":{"region":"Bas-Sassandra","district":"San-Pédro","floods_1m":0,"floods_2m":0,"floods_3m":1,"first_flood_m":3,"nests":true,"area_km2":2.506}},{"type":"Feature","geometry":{"type":"Polygon","coordinates":[[[-6.72953,4.74703],[-6.74379,4.74703],[-6.74379,4.76129],[-6.72953,4.76129],[-6.72953,4.74703]]]},"properties":{"region":"Bas-Sassandra","district":"San-Pédro","floods_1m":0,"floods_2m":0,"floods_3m":1,"first_flood_m":3,"nests":true,"area_km2":2.506}},{"type":"Feature","geometry":{"type":"Polygon","coordinates":[[[-6.64398,4.78981],[-6.65824,4.78981],[-6.65824,4.80407],[-6.64398,4.80407],[-6.64398,4.78981]]]},"properties":{"region":"Bas-Sassandra","district":"San-Pédro","floods_1m":1,"floods_2m":1,"floods_3m":1,"first_flood_m":1,"nests":true,"area_km2":2.505}},{"type":"Feature","geometry":{"type":"Polygon","coordinates":[[[-6.72953,4.69069],[-6.7318,4.69069],[-6.7318,4.69097],[-6.73208,4.69097],[-6.73208,4.69069],[-6.73292,4.69069],[-6.73292,4.69042],[-6.73375,4.69042],[-6.73375,4.69069],[-6.73403,4.69069],[-6.73403,4.69042],[-6.73514,4.69042],[-6.73514,4.69014],[-6.73681,4.69014],[-6.73681,4.69],[-6.73792,4.69],[-6.73792,4.69014],[-6.74014,4.69014],[-6.74014,4.69042],[-6.74069,4.69042],[-6.74069,4.69014],[-6.74292,4.69014],[-6.74292,4.69],[-6.74379,4.69],[-6.74379,4.70426],[-6.72953,4.70426],[-6.72953,4.69069]]]},"properties":{"region":"Bas-Sassandra","district":"San-Pédro","floods_1m":1,"floods_2m":1,"floods_3m":1,"first_flood_m":1,"nests":true,"area_km2":2.45}},{"type":"Feature","geometry":{"type":"Polygon","coordinates":[[[-6.90063,4.67574],[-6.91489,4.67574],[-6.91489,4.69],[-6.90063,4.69],[-6.90063,4.67574]]]},"properties":{"region":"Bas-Sassandra","district":"San-Pédro","floods_1m":0,"floods_2m":1,"floods_3m":1,"first_flood_m":2,"nests":true,"area_km2":2.506}},{"type":"Feature","geometry":{"type":"Polygon","coordinates":[[[-7.20005,4.50875],[-7.20005,4.51891],[-7.18597,4.51891],[-7.18597,4.51875],[-7.18653,4.51875],[-7.18653,4.51847],[-7.1868,4.51847],[-7.1868,4.51819],[-7.18736,4.51819],[-7.18736,4.51792],[-7.18903,4.51792],[-7.18903,4.51764],[-7.19014,4.51764],[-7.19014,4.51736],[-7.19042,4.51736],[-7.19042,4.51708],[-7.19069,4.51708],[-7.19069,4.51681],[-7.19125,4.51681],[-7.19125,4.51653],[-7.1918,4.51653],[-7.1918,4.51625],[-7.19208,4.51625],[-7.19208,4.51597],[-7.19236,4.51597],[-7.19236,4.51569],[-7.19264,4.51569],[-7.19264,4.51542],[-7.19319,4.51542],[-7.19319,4.51514],[-7.19375,4.51514],[-7.19375,4.51486],[-7.19431,4.51486],[-7.19431,4.51458],[-7.19486,4.51458],[-7.19486,4.51431],[-7.19514,4.51431],[-7.19514,4.51375],[-7.19486,4.51375],[-7.19486,4.51319],[-7.19458,4.51319],[-7.19458,4.51181],[-7.19431,4.51181],[-7.19431,4.51097],[-7.19458,4.51097],[-7.19458,4.51069],[-7.19486,4.51069],[-7.19486,4.51042],[-7.19653,4.51042],[-7.19653,4.51014],[-7.19847,4.51014],[-7.19847,4.50986],[-7.19875,4.50986],[-7.19875,4.50931],[-7.19903,4.50931],[-7.19903,4.50903],[-7.19986,4.50903],[-7.19986,4.50875],[-7.20005,4.50875]]]},"properties":{"region":"Bas-Sassandra","district":"San-Pédro","floods_1m":1,"floods_2m":1,"floods_3m":1,"first_flood_m":1,"nests":true,"area_km2":0.808}},{"type":"Feature","geometry":{"type":"Polygon","coordinates":[[[-6.65824,4.80407],[-6.6725,4.80407],[-6.6725,4.81832],[-6.65824,4.81832],[-6.65824,4.80407]]]},"properties":{"region":"Bas-Sassandra","district":"San-Pédro","floods_1m":0,"floods_2m":1,"floods_3m":1,"first_flood_m":2,"nests":true,"area_km2":2.504}},{"type":"Feature","geometry":{"type":"Polygon","coordinates":[[[-7.10024,4.56168],[-7.1145,4.56168],[-7.1145,4.57594],[-7.10024,4.57594],[-7.10024,4.56168]]]},"properties":{"region":"Bas-Sassandra","district":"San-Pédro","floods_1m":0,"floods_2m":1,"floods_3m":1,"first_flood_m":2,"nests":true,"area_km2":2.506}},{"type":"Feature","geometry":{"type":"Polygon","coordinates":[[[-6.1307,5.01794],[-6.14495,5.01794],[-6.14495,5.03219],[-6.1307,5.03219],[-6.1307,5.01794]]]},"properties":{"region":"Bas-Sassandra","district":"Sassandra","floods_1m":0,"floods_2m":1,"floods_3m":1,"first_flood_m":2,"nests":true,"area_km2":2.501}},{"type":"Feature","geometry":{"type":"Polygon","coordinates":[[[-6.48715,4.78347],[-6.48903,4.78347],[-6.48903,4.78319],[-6.48931,4.78319],[-6.48931,4.78347],[-6.49014,4.78347],[-6.49014,4.78319],[-6.49153,4.78319],[-6.49153,4.78292],[-6.49208,4.78292],[-6.49208,4.78319],[-6.49236,4.78319],[-6.49236,4.78292],[-6.49347,4.78292],[-6.49347,4.78264],[-6.49486,4.78264],[-6.49486,4.78236],[-6.49569,4.78236],[-6.49569,4.78208],[-6.49736,4.78208],[-6.49736,4.78181],[-6.49792,4.78181],[-6.49792,4.78153],[-6.49903,4.78153],[-6.49903,4.78125],[-6.49986,4.78125],[-6.49986,4.78097],[-6.50014,4.78097],[-6.50014,4.78125],[-6.50042,4.78125],[-6.50042,4.78097],[-6.50097,4.78097],[-6.50097,4.78069],[-6.50125,4.78069],[-6.50125,4.78097],[-6.5014,4.78097],[-6.5014,4.78981],[-6.48715,4.78981],[-6.48715,4.78347]]]},"properties":{"region":"Bas-Sassandra","district":"San-Pédro","floods_1m":1,"floods_2m":1,"floods_3m":1,"first_flood_m":1,"nests":true,"area_km2":1.293}},{"type":"Feature","geometry":{"type":"Polygon","coordinates":[[[-6.98618,4.59236],[-6.98618,4.60445],[-6.97653,4.60445],[-6.97653,4.60431],[-6.97681,4.60431],[-6.97681,4.60403],[-6.97708,4.60403],[-6.97708,4.60375],[-6.97764,4.60375],[-6.97764,4.60347],[-6.97792,4.60347],[-6.97792,4.60319],[-6.97819,4.60319],[-6.97819,4.60292],[-6.97875,4.60292],[-6.97875,4.60264],[-6.97958,4.60264],[-6.97958,4.60236],[-6.97986,4.60236],[-6.97986,4.60208],[-6.98014,4.60208],[-6.98014,4.60181],[-6.98097,4.60181],[-6.98097,4.60153],[-6.98153,4.60153],[-6.98153,4.60125],[-6.98181,4.60125],[-6.98181,4.60069],[-6.98208,4.60069],[-6.98208,4.60014],[-6.98236,4.60014],[-6.98236,4.59958],[-6.98264,4.59958],[-6.98264,4.59847],[-6.98236,4.59847],[-6.98236,4.59819],[-6.98208,4.59819],[-6.98208,4.59792],[-6.98236,4.59792],[-6.98236,4.59764],[-6.98181,4.59764],[-6.98181,4.59736],[-6.98153,4.59736],[-6.98153,4.59653],[-6.98125,4.59653],[-6.98125,4.59514],[-6.98208,4.59514],[-6.98208,4.59486],[-6.98264,4.59486],[-6.98264,4.59458],[-6.98319,4.59458],[-6.98319,4.59431],[-6.98347,4.59431],[-6.98347,4.59403],[-6.98403,4.59403],[-6.98403,4.59375],[-6.98431,4.59375],[-6.98431,4.59347],[-6.98458,4.59347],[-6.98458,4.59319],[-6.98486,4.59319],[-6.98486,4.59264],[-6.98514,4.59264],[-6.98514,4.59236],[-6.98542,4.59236],[-6.98542,4.59264],[-6.98569,4.59264],[-6.98569,4.59236],[-6.98618,4.59236]]]},"properties":{"region":"Bas-Sassandra","district":"San-Pédro","floods_1m":1,"floods_2m":1,"floods_3m":1,"first_flood_m":1,"nests":true,"area_km2":0.686}},{"type":"Feature","geometry":{"type":"Polygon","coordinates":[[[-6.97192,4.60736],[-6.97192,4.61871],[-6.96125,4.61871],[-6.96125,4.61847],[-6.96181,4.61847],[-6.96181,4.6182],[-6.96153,4.6182],[-6.96153,4.61736],[-6.96125,4.61736],[-6.96125,4.61708],[-6.96153,4.61708],[-6.96153,4.61681],[-6.96181,4.61681],[-6.96181,4.61653],[-6.96208,4.61653],[-6.96208,4.61625],[-6.96236,4.61625],[-6.96236,4.61597],[-6.96264,4.61597],[-6.96264,4.61542],[-6.96292,4.61542],[-6.96292,4.61514],[-6.96319,4.61514],[-6.96319,4.61486],[-6.96375,4.61486],[-6.96375,4.61431],[-6.96403,4.61431],[-6.96403,4.61403],[-6.9643,4.61403],[-6.9643,4.61375],[-6.96486,4.61375],[-6.96486,4.61347],[-6.96514,4.61347],[-6.96514,4.61292],[-6.96542,4.61292],[-6.96542,4.61236],[-6.96569,4.61236],[-6.96569,4.6118],[-6.96597,4.6118],[-6.96597,4.61125],[-6.96625,4.61125],[-6.96625,4.61097],[-6.96653,4.61097],[-6.96653,4.61069],[-6.96736,4.61069],[-6.96736,4.61042],[-6.96792,4.61042],[-6.96792,4.61014],[-6.96819,4.61014],[-6.96819,4.60986],[-6.96847,4.60986],[-6.96847,4.60958],[-6.96875,4.60958],[-6.96875,4.6093],[-6.96931,4.6093],[-6.96931,4.60903],[-6.96986,4.60903],[-6.96986,4.60875],[-6.97014,4.60875],[-6.97014,4.60847],[-6.97042,4.60847],[-6.97042,4.60819],[-6.9707,4.60819],[-6.9707,4.60792],[-6.97125,4.60792],[-6.97125,4.60764],[-6.97153,4.60764],[-6.97153,4.60736],[-6.97192,4.60736]]]},"properties":{"region":"Bas-Sassandra","district":"San-Pédro","floods_1m":1,"floods_2m":1,"floods_3m":1,"first_flood_m":1,"nests":true,"area_km2":0.915}},{"type":"Feature","geometry":{"type":"Polygon","coordinates":[[[-6.64398,4.80407],[-6.65824,4.80407],[-6.65824,4.81832],[-6.64398,4.81832],[-6.64398,4.80407]]]},"properties":{"region":"Bas-Sassandra","district":"San-Pédro","floods_1m":0,"floods_2m":1,"floods_3m":1,"first_flood_m":2,"nests":true,"area_km2":2.504}},{"type":"Feature","geometry":{"type":"Polygon","coordinates":[[[-6.71527,4.74703],[-6.72953,4.74703],[-6.72953,4.76129],[-6.71527,4.76129],[-6.71527,4.74703]]]},"properties":{"region":"Bas-Sassandra","district":"San-Pédro","floods_1m":0,"floods_2m":0,"floods_3m":1,"first_flood_m":3,"nests":true,"area_km2":2.506}},{"type":"Feature","geometry":{"type":"Polygon","coordinates":[[[-7.01469,4.57431],[-7.01486,4.57431],[-7.01486,4.57375],[-7.01469,4.57375],[-7.01469,4.57181],[-7.01653,4.57181],[-7.01653,4.57153],[-7.01736,4.57153],[-7.01736,4.57097],[-7.01847,4.57097],[-7.01847,4.57069],[-7.01931,4.57069],[-7.01931,4.57042],[-7.01986,4.57042],[-7.01986,4.57014],[-7.02042,4.57014],[-7.02042,4.56986],[-7.0207,4.56986],[-7.0207,4.56958],[-7.02125,4.56958],[-7.02125,4.56931],[-7.02153,4.56931],[-7.02153,4.56875],[-7.0218,4.56875],[-7.0218,4.56847],[-7.02208,4.56847],[-7.02208,4.56819],[-7.02236,4.56819],[-7.02236,4.56792],[-7.02292,4.56792],[-7.02292,4.56764],[-7.02319,4.56764],[-7.02319,4.56736],[-7.02347,4.56736],[-7.02347,4.56708],[-7.02375,4.56708],[-7.02375,4.56681],[-7.02403,4.56681],[-7.02403,4.56542],[-7.0243,4.56542],[-7.0243,4.56486],[-7.02458,4.56486],[-7.02458,4.5643],[-7.02514,4.5643],[-7.02514,4.56403],[-7.02542,4.56403],[-7.02542,4.56168],[-7.02895,4.56168],[-7.02895,4.57594],[-7.01469,4.57594],[-7.01469,4.57431]]]},"properties":{"region":"Bas-Sassandra","district":"San-Pédro","floods_1m":1,"floods_2m":1,"floods_3m":1,"first_flood_m":1,"nests":true,"area_km2":1.491}},{"type":"Feature","geometry":{"type":"Polygon","coordinates":[[[-6.10218,4.97516],[-6.11644,4.97516],[-6.11644,4.98942],[-6.10218,4.98942],[-6.10218,4.97516]]]},"properties":{"region":"Bas-Sassandra","district":"Sassandra","floods_1m":1,"floods_2m":1,"floods_3m":1,"first_flood_m":1,"nests":true,"area_km2":2.505}},{"type":"Feature","geometry":{"type":"Polygon","coordinates":[[[-7.10024,4.57594],[-7.1145,4.57594],[-7.1145,4.5902],[-7.10024,4.5902],[-7.10024,4.57594]]]},"properties":{"region":"Bas-Sassandra","district":"San-Pédro","floods_1m":0,"floods_2m":1,"floods_3m":1,"first_flood_m":2,"nests":true,"area_km2":2.506}},{"type":"Feature","geometry":{"type":"Polygon","coordinates":[[[-6.62973,4.78981],[-6.64398,4.78981],[-6.64398,4.80407],[-6.62973,4.80407],[-6.62973,4.78981]]]},"properties":{"region":"Bas-Sassandra","district":"San-Pédro","floods_1m":0,"floods_2m":1,"floods_3m":1,"first_flood_m":2,"nests":true,"area_km2":2.504}},{"type":"Feature","geometry":{"type":"Polygon","coordinates":[[[-6.80082,4.68319],[-6.80153,4.68319],[-6.80153,4.68292],[-6.80181,4.68292],[-6.80181,4.68319],[-6.80292,4.68319],[-6.80292,4.68292],[-6.80375,4.68292],[-6.80375,4.68264],[-6.80403,4.68264],[-6.80403,4.68292],[-6.80458,4.68292],[-6.80458,4.68264],[-6.80514,4.68264],[-6.80514,4.68236],[-6.80597,4.68236],[-6.80597,4.68264],[-6.80653,4.68264],[-6.80653,4.68236],[-6.80875,4.68236],[-6.80875,4.68208],[-6.81042,4.68208],[-6.81042,4.68181],[-6.81125,4.68181],[-6.81125,4.68153],[-6.81153,4.68153],[-6.81153,4.68181],[-6.81208,4.68181],[-6.81208,4.68153],[-6.81292,4.68153],[-6.81292,4.68125],[-6.8132,4.68125],[-6.8132,4.68097],[-6.81347,4.68097],[-6.81347,4.68125],[-6.81486,4.68125],[-6.81486,4.68097],[-6.81508,4.68097],[-6.81508,4.69],[-6.80082,4.69],[-6.80082,4.68319]]]},"properties":{"region":"Bas-Sassandra","district":"San-Pédro","floods_1m":1,"floods_2m":1,"floods_3m":1,"first_flood_m":1,"nests":true,"area_km2":1.365}},{"type":"Feature","geometry":{"type":"MultiPolygon","coordinates":[[[[-6.31264,4.84684],[-6.31236,4.84684],[-6.31236,4.84681],[-6.31264,4.84681],[-6.31264,4.84684]]],[[[-6.31605,4.84681],[-6.31605,4.84684],[-6.31347,4.84684],[-6.31347,4.84681],[-6.31466,4.84681],[-6.31605,4.84681]]]]},"properties":{"region":"Bas-Sassandra","district":"San-Pédro","floods_1m":1,"floods_2m":1,"floods_3m":1,"first_flood_m":1,"nests":true,"area_km2":0.001}},{"type":"Feature","geometry":{"type":"Polygon","coordinates":[[[-6.6725,4.72208],[-6.6725,4.71852],[-6.68676,4.71852],[-6.68676,4.73278],[-6.68625,4.73278],[-6.68625,4.73264],[-6.68542,4.73264],[-6.68542,4.73236],[-6.68514,4.73236],[-6.68514,4.73208],[-6.68486,4.73208],[-6.68486,4.73236],[-6.68458,4.73236],[-6.68458,4.73208],[-6.68375,4.73208],[-6.68375,4.73181],[-6.68347,4.73181],[-6.68347,4.73153],[-6.68292,4.73153],[-6.68292,4.73125],[-6.68236,4.73125],[-6.68236,4.73097],[-6.68208,4.73097],[-6.68208,4.73069],[-6.68181,4.73069],[-6.68181,4.73042],[-6.68125,4.73042],[-6.68125,4.73014],[-6.6807,4.73014],[-6.6807,4.72986],[-6.68042,4.72986],[-6.68042,4.72958],[-6.68014,4.72958],[-6.68014,4.72931],[-6.67986,4.72931],[-6.67986,4.72903],[-6.67958,4.72903],[-6.67958,4.72875],[-6.67931,4.72875],[-6.67931,4.72847],[-6.67903,4.72847],[-6.67903,4.72792],[-6.67875,4.72792],[-6.67875,4.72708],[-6.67847,4.72708],[-6.67847,4.72681],[-6.67819,4.72681],[-6.67819,4.72653],[-6.67792,4.72653],[-6.67792,4.72625],[-6.67764,4.72625],[-6.67764,4.72597],[-6.67736,4.72597],[-6.67736,4.72542],[-6.67708,4.72542],[-6.67708,4.72514],[-6.67681,4.72514],[-6.67681,4.72486],[-6.67653,4.72486],[-6.67653,4.72458],[-6.67625,4.72458],[-6.67625,4.72431],[-6.67597,4.72431],[-6.67597,4.72403],[-6.67569,4.72403],[-6.67569,4.72375],[-6.67514,4.72375],[-6.67514,4.72347],[-6.67486,4.72347],[-6.67486,4.7232],[-6.6743,4.7232],[-6.6743,4.72292],[-6.67403,4.72292],[-6.67403,4.72264],[-6.67347,4.72264],[-6.67347,4.72236],[-6.67319,4.72236],[-6.67319,4.72208],[-6.6725,4.72208]]]},"properties":{"region":"Bas-Sassandra","district":"San-Pédro","floods_1m":1,"floods_2m":1,"floods_3m":1,"first_flood_m":1,"nests":true,"area_km2":1.669}},{"type":"Feature","geometry":{"type":"Polygon","coordinates":[[[-6.00237,4.97903],[-6.00292,4.97903],[-6.00292,4.97875],[-6.00458,4.97875],[-6.00458,4.97847],[-6.00542,4.97847],[-6.00542,4.97819],[-6.00569,4.97819],[-6.00569,4.97792],[-6.00625,4.97792],[-6.00625,4.97764],[-6.0068,4.97764],[-6.0068,4.97736],[-6.00708,4.97736],[-6.00708,4.97708],[-6.00736,4.97708],[-6.00736,4.97681],[-6.00764,4.97681],[-6.00764,4.97597],[-6.00792,4.97597],[-6.00792,4.97516],[-6.01663,4.97516],[-6.01663,4.98942],[-6.00237,4.98942],[-6.00237,4.97903]]]},"properties":{"region":"Bas-Sassandra","district":"Sassandra","floods_1m":1,"floods_2m":1,"floods_3m":1,"first_flood_m":1,"nests":true,"area_km2":2.302}},{"type":"Feature","geometry":{"type":"Polygon","coordinates":[[[-6.10218,4.93347],[-6.10236,4.93347],[-6.10236,4.9332],[-6.10264,4.9332],[-6.10264,4.93292],[-6.10319,4.93292],[-6.10319,4.93264],[-6.10347,4.93264],[-6.10347,4.93239],[-6.11644,4.93239],[-6.11644,4.94665],[-6.10218,4.94665],[-6.10218,4.93347]]]},"properties":{"region":"Bas-Sassandra","district":"Sassandra","floods_1m":0,"floods_2m":1,"floods_3m":1,"first_flood_m":2,"nests":true,"area_km2":2.495}},{"type":"Feature","geometry":{"type":"Polygon","coordinates":[[[-5.97386,5.04645],[-5.98812,5.04645],[-5.98812,5.06071],[-5.97386,5.06071],[-5.97386,5.04645]]]},"properties":{"region":"Bas-Sassandra","district":"Sassandra","floods_1m":0,"floods_2m":0,"floods_3m":1,"first_flood_m":3,"nests":true,"area_km2":2.504}},{"type":"Feature","geometry":{"type":"Polygon","coordinates":[[[-6.31605,4.84681],[-6.31681,4.84681],[-6.31681,4.84653],[-6.31819,4.84653],[-6.31819,4.84625],[-6.31875,4.84625],[-6.31875,4.84597],[-6.3193,4.84597],[-6.3193,4.84569],[-6.31958,4.84569],[-6.31958,4.84542],[-6.31986,4.84542],[-6.31986,4.84514],[-6.31958,4.84514],[-6.31958,4.84458],[-6.31986,4.84458],[-6.31986,4.84439],[-6.31986,4.84431],[-6.32014,4.84431],[-6.32014,4.84403],[-6.32213,4.84403],[-6.32264,4.84403],[-6.32264,4.84375],[-6.32347,4.84375],[-6.32347,4.84347],[-6.32486,4.84347],[-6.32486,4.84319],[-6.32514,4.84319],[-6.32514,4.84292],[-6.32542,4.84292],[-6.32542,4.84264],[-6.32514,4.84264],[-6.32514,4.84236],[-6.32542,4.84236],[-6.32542,4.84208],[-6.32625,4.84208],[-6.32625,4.84181],[-6.32681,4.84181],[-6.32681,4.84153],[-6.32764,4.84153],[-6.32764,4.84125],[-6.32875,4.84125],[-6.32875,4.84097],[-6.32903,4.84097],[-6.32903,4.84125],[-6.32931,4.84125],[-6.32931,4.84097],[-6.33031,4.84097],[-6.33031,4.84684],[-6.31605,4.84684],[-6.31605,4.84681]]]},"properties":{"region":"Bas-Sassandra","district":"San-Pédro","floods_1m":1,"floods_2m":1,"floods_3m":1,"first_flood_m":1,"nests":true,"area_km2":0.564}},{"type":"Feature","geometry":{"type":"Polygon","coordinates":[[[-5.87405,5.02708],[-5.87405,5.03219],[-5.86125,5.03219],[-5.86125,5.03153],[-5.86292,5.03153],[-5.86292,5.03181],[-5.86347,5.03181],[-5.86347,5.03153],[-5.86431,5.03153],[-5.86431,5.03125],[-5.86542,5.03125],[-5.86542,5.03097],[-5.86597,5.03097],[-5.86597,5.03069],[-5.86653,5.03069],[-5.86653,5.03042],[-5.86681,5.03042],[-5.86681,5.03014],[-5.86764,5.03014],[-5.86764,5.02986],[-5.8682,5.02986],[-5.8682,5.02958],[-5.86986,5.02958],[-5.86986,5.02931],[-5.87014,5.02931],[-5.87014,5.02903],[-5.87153,5.02903],[-5.87153,5.02875],[-5.87181,5.02875],[-5.87181,5.02792],[-5.87236,5.02792],[-5.87236,5.02764],[-5.87264,5.02764],[-5.87264,5.02736],[-5.87292,5.02736],[-5.87292,5.02708],[-5.87405,5.02708]]]},"properties":{"region":"Bas-Sassandra","district":"Sassandra","floods_1m":1,"floods_2m":1,"floods_3m":1,"first_flood_m":1,"nests":true,"area_km2":0.359}},{"type":"Feature","geometry":{"type":"Polygon","coordinates":[[[-6.91986,4.64723],[-6.92914,4.64723],[-6.92914,4.66149],[-6.91625,4.66149],[-6.91625,4.66125],[-6.9168,4.66125],[-6.9168,4.66097],[-6.91708,4.66097],[-6.91708,4.66042],[-6.91736,4.66042],[-6.91736,4.66014],[-6.91764,4.66014],[-6.91764,4.65958],[-6.91792,4.65958],[-6.91792,4.65931],[-6.91847,4.65931],[-6.91847,4.65875],[-6.91875,4.65875],[-6.91875,4.65819],[-6.91903,4.65819],[-6.91903,4.65792],[-6.9193,4.65792],[-6.9193,4.65764],[-6.91958,4.65764],[-6.91958,4.65736],[-6.91986,4.65736],[-6.91986,4.65681],[-6.92014,4.65681],[-6.92014,4.65625],[-6.92042,4.65625],[-6.92042,4.65597],[-6.92069,4.65597],[-6.92069,4.65514],[-6.92097,4.65514],[-6.92097,4.65458],[-6.92125,4.65458],[-6.92125,4.65375],[-6.92153,4.65375],[-6.92153,4.65125],[-6.92125,4.65125],[-6.92125,4.65097],[-6.92042,4.65097],[-6.92042,4.65042],[-6.92014,4.65042],[-6.92014,4.65014],[-6.91986,4.65014],[-6.91986,4.64986],[-6.92014,4.64986],[-6.92014,4.64847],[-6.91986,4.64847],[-6.91986,4.64819],[-6.92014,4.64819],[-6.92014,4.64792],[-6.91986,4.64792],[-6.91986,4.64723]]]},"properties":{"region":"Bas-Sassandra","district":"San-Pédro","floods_1m":1,"floods_2m":1,"floods_3m":1,"first_flood_m":1,"nests":true,"area_km2":1.623}},{"type":"Feature","geometry":{"type":"Polygon","coordinates":[[[-6.70102,4.73278],[-6.71527,4.73278],[-6.71527,4.74703],[-6.70102,4.74703],[-6.70102,4.73278]]]},"properties":{"region":"Bas-Sassandra","district":"San-Pédro","floods_1m":0,"floods_2m":1,"floods_3m":1,"first_flood_m":2,"nests":true,"area_km2":2.502}},{"type":"Feature","geometry":{"type":"Polygon","coordinates":[[[-6.28753,4.8532],[-6.28792,4.8532],[-6.28792,4.853],[-6.28792,4.85292],[-6.2884,4.85292],[-6.28931,4.85292],[-6.28931,4.85276],[-6.28931,4.85264],[-6.29002,4.85264],[-6.29014,4.85264],[-6.29014,4.85236],[-6.29042,4.85236],[-6.29042,4.85264],[-6.29069,4.85264],[-6.29069,4.85252],[-6.29069,4.85236],[-6.29097,4.85236],[-6.29097,4.85208],[-6.29125,4.85208],[-6.29125,4.85181],[-6.29181,4.85181],[-6.29181,4.85153],[-6.29319,4.85153],[-6.29319,4.85125],[-6.2943,4.85125],[-6.29431,4.85097],[-6.29569,4.85097],[-6.29569,4.8507],[-6.29708,4.8507],[-6.29708,4.85042],[-6.29764,4.85042],[-6.29764,4.8507],[-6.29792,4.8507],[-6.29792,4.85042],[-6.29847,4.85042],[-6.29847,4.85014],[-6.29958,4.85014],[-6.29958,4.85042],[-6.30014,4.85042],[-6.30014,4.85014],[-6.30097,4.85014],[-6.30097,4.84986],[-6.30125,4.84986],[-6.30125,4.85014],[-6.30179,4.85014],[-6.30179,4.8611],[-6.28753,4.8611],[-6.28753,4.8532]]]},"properties":{"region":"Bas-Sassandra","district":"Sassandra","floods_1m":1,"floods_2m":1,"floods_3m":1,"first_flood_m":1,"nests":true,"area_km2":1.726}},{"type":"Feature","geometry":{"type":"Polygon","coordinates":[[[-6.30197,4.85014],[-6.30264,4.85014],[-6.30264,4.84986],[-6.30292,4.84986],[-6.30292,4.84958],[-6.30319,4.84958],[-6.30319,4.84931],[-6.30347,4.84931],[-6.30347,4.84903],[-6.30375,4.84903],[-6.30375,4.84875],[-6.30431,4.84875],[-6.30431,4.84847],[-6.30542,4.84847],[-6.30542,4.8482],[-6.30847,4.8482],[-6.30847,4.84792],[-6.30958,4.84792],[-6.30958,4.84764],[-6.31042,4.84764],[-6.31042,4.84736],[-6.31181,4.84736],[-6.31181,4.84708],[-6.31236,4.84708],[-6.31236,4.84684],[-6.31264,4.84684],[-6.31264,4.84708],[-6.31347,4.84708],[-6.31347,4.84684],[-6.31605,4.84684],[-6.31605,4.8611],[-6.30188,4.8611],[-6.30197,4.85058],[-6.30197,4.85014]]]},"properties":{"region":"Bas-Sassandra","district":"San-Pédro","floods_1m":1,"floods_2m":1,"floods_3m":1,"first_flood_m":1,"nests":true,"area_km2":2.294}},{"type":"Feature","geometry":{"type":"Polygon","coordinates":[[[-6.57269,4.80407],[-6.58695,4.80407],[-6.58695,4.81832],[-6.57269,4.81832],[-6.57269,4.80407]]]},"properties":{"region":"Bas-Sassandra","district":"San-Pédro","floods_1m":0,"floods_2m":0,"floods_3m":1,"first_flood_m":3,"nests":true,"area_km2":2.504}},{"type":"Feature","geometry":{"type":"Polygon","coordinates":[[[-6.85785,4.67486],[-6.85792,4.67486],[-6.85792,4.67514],[-6.85819,4.67514],[-6.85819,4.67486],[-6.85903,4.67486],[-6.85903,4.67458],[-6.86014,4.67458],[-6.86014,4.67431],[-6.86125,4.67431],[-6.86125,4.67403],[-6.8618,4.67403],[-6.8618,4.67431],[-6.86208,4.67431],[-6.86208,4.67403],[-6.86319,4.67403],[-6.86319,4.67375],[-6.86486,4.67375],[-6.86486,4.67347],[-6.86542,4.67347],[-6.86542,4.67375],[-6.86569,4.67375],[-6.86569,4.67347],[-6.86625,4.67347],[-6.86625,4.67319],[-6.86764,4.67319],[-6.86764,4.67292],[-6.86792,4.67292],[-6.86792,4.67264],[-6.8682,4.67264],[-6.8682,4.67236],[-6.86986,4.67236],[-6.86986,4.67208],[-6.87017,4.67208],[-6.8707,4.67208],[-6.8707,4.6718],[-6.87097,4.6718],[-6.87097,4.67208],[-6.87211,4.67208],[-6.87211,4.67574],[-6.85785,4.67574],[-6.85785,4.67486]]]},"properties":{"region":"Bas-Sassandra","district":"San-Pédro","floods_1m":1,"floods_2m":1,"floods_3m":1,"first_flood_m":1,"nests":true,"area_km2":0.402}},{"type":"Feature","geometry":{"type":"Polygon","coordinates":[[[-6.64398,4.74703],[-6.65824,4.74703],[-6.65824,4.76129],[-6.64398,4.76129],[-6.64398,4.74703]]]},"properties":{"region":"Bas-Sassandra","district":"San-Pédro","floods_1m":1,"floods_2m":1,"floods_3m":1,"first_flood_m":1,"nests":true,"area_km2":2.506}},{"type":"Feature","geometry":{"type":"Polygon","coordinates":[[[-5.85597,5.03375],[-5.85597,5.03347],[-5.85654,5.03347],[-5.85653,5.03319],[-5.85681,5.03319],[-5.85681,5.03292],[-5.85792,5.03292],[-5.85792,5.03264],[-5.85875,5.03264],[-5.85875,5.03236],[-5.85931,5.03236],[-5.85931,5.03219],[-5.85958,5.03219],[-5.85958,5.03236],[-5.85979,5.03236],[-5.85979,5.04645],[-5.85755,5.04645],[-5.85692,5.03347],[-5.85654,5.03355],[-5.85597,5.03375]]]},"properties":{"region":"Bas-Sassandra","district":"Sassandra","floods_1m":1,"floods_2m":1,"floods_3m":1,"first_flood_m":1,"nests":true,"area_km2":0.442}},{"type":"Feature","geometry":{"type":"Polygon","coordinates":[[[-6.10218,4.94665],[-6.11644,4.94665],[-6.11644,4.9609],[-6.10218,4.9609],[-6.10218,4.94665]]]},"properties":{"region":"Bas-Sassandra","district":"Sassandra","floods_1m":0,"floods_2m":1,"floods_3m":1,"first_flood_m":2,"nests":true,"area_km2":2.503}},{"type":"Feature","geometry":{"type":"Polygon","coordinates":[[[-5.9596,5.04645],[-5.97386,5.04645],[-5.97386,5.06071],[-5.9596,5.06071],[-5.9596,5.04645]]]},"properties":{"region":"Bas-Sassandra","district":"Sassandra","floods_1m":0,"floods_2m":0,"floods_3m":1,"first_flood_m":3,"nests":true,"area_km2":2.504}},{"type":"Feature","geometry":{"type":"Polygon","coordinates":[[[-6.82934,4.67847],[-6.82958,4.67847],[-6.82958,4.67819],[-6.83097,4.67819],[-6.83097,4.67792],[-6.83181,4.67792],[-6.83181,4.67764],[-6.83208,4.67764],[-6.83208,4.67792],[-6.83236,4.67792],[-6.83236,4.67764],[-6.83875,4.67764],[-6.83875,4.67736],[-6.8393,4.67736],[-6.8393,4.67764],[-6.83958,4.67764],[-6.83958,4.67736],[-6.84069,4.67736],[-6.84069,4.67708],[-6.84125,4.67708],[-6.84125,4.67736],[-6.84155,4.67736],[-6.8418,4.67736],[-6.8418,4.67708],[-6.84264,4.67708],[-6.84264,4.67681],[-6.84292,4.67681],[-6.84292,4.67708],[-6.84322,4.67708],[-6.84347,4.67708],[-6.84347,4.67681],[-6.8436,4.67681],[-6.8436,4.69],[-6.82934,4.69],[-6.82934,4.67847]]]},"properties":{"region":"Bas-Sassandra","district":"San-Pédro","floods_1m":1,"floods_2m":1,"floods_3m":1,"first_flood_m":1,"nests":true,"area_km2":2.182}},{"type":"Feature","geometry":{"type":"Polygon","coordinates":[[[-6.44437,4.7993],[-6.44437,4.79458],[-6.44486,4.79458],[-6.44486,4.79431],[-6.44569,4.7943],[-6.44569,4.79403],[-6.44597,4.79403],[-6.44597,4.7943],[-6.44625,4.7943],[-6.44625,4.79403],[-6.44653,4.79403],[-6.44653,4.79375],[-6.44681,4.79375],[-6.44681,4.79347],[-6.44708,4.79347],[-6.44708,4.79319],[-6.44736,4.79319],[-6.44736,4.79292],[-6.44764,4.79292],[-6.44764,4.79319],[-6.44819,4.79319],[-6.44819,4.79292],[-6.44903,4.79292],[-6.44903,4.79264],[-6.44986,4.79264],[-6.44986,4.79236],[-6.45125,4.79236],[-6.45125,4.79208],[-6.45153,4.79208],[-6.45153,4.79236],[-6.45181,4.79236],[-6.45181,4.79208],[-6.45292,4.79208],[-6.45292,4.79181],[-6.45347,4.79181],[-6.45347,4.79153],[-6.45431,4.79153],[-6.45431,4.79125],[-6.45458,4.79125],[-6.45458,4.79097],[-6.4557,4.79097],[-6.4557,4.79069],[-6.45625,4.79069],[-6.45625,4.79042],[-6.45708,4.79042],[-6.45708,4.79014],[-6.45736,4.79014],[-6.45736,4.78986],[-6.45863,4.78986],[-6.45863,4.80407],[-6.44458,4.80407],[-6.44458,4.80347],[-6.44486,4.80347],[-6.44486,4.80319],[-6.44514,4.80319],[-6.44514,4.80292],[-6.44542,4.80292],[-6.44542,4.80097],[-6.44514,4.80097],[-6.44514,4.80014],[-6.44486,4.80014],[-6.44486,4.79958],[-6.44458,4.79958],[-6.44458,4.7993],[-6.44437,4.7993]]]},"properties":{"region":"Bas-Sassandra","district":"San-Pédro","floods_1m":1,"floods_2m":1,"floods_3m":1,"first_flood_m":1,"nests":true,"area_km2":2.053}},{"type":"Feature","geometry":{"type":"Polygon","coordinates":[[[-7.07172,4.56168],[-7.08598,4.56168],[-7.08598,4.57594],[-7.07172,4.57594],[-7.07172,4.56168]]]},"properties":{"region":"Bas-Sassandra","district":"San-Pédro","floods_1m":0,"floods_2m":0,"floods_3m":1,"first_flood_m":3,"nests":true,"area_km2":2.506}},{"type":"Feature","geometry":{"type":"Polygon","coordinates":[[[-6.6725,4.78981],[-6.68676,4.78981],[-6.68676,4.80407],[-6.6725,4.80407],[-6.6725,4.78981]]]},"properties":{"region":"Bas-Sassandra","district":"San-Pédro","floods_1m":0,"floods_2m":1,"floods_3m":1,"first_flood_m":2,"nests":true,"area_km2":2.505}},{"type":"Feature","geometry":{"type":"Polygon","coordinates":[[[-7.10024,4.53375],[-7.10097,4.53375],[-7.10097,4.53347],[-7.10292,4.53347],[-7.10292,4.5332],[-7.10347,4.5332],[-7.10347,4.53347],[-7.10458,4.53347],[-7.10458,4.5332],[-7.10625,4.5332],[-7.10625,4.53316],[-7.1145,4.53316],[-7.1145,4.54742],[-7.10024,4.54742],[-7.10024,4.53375]]]},"properties":{"region":"Bas-Sassandra","district":"San-Pédro","floods_1m":1,"floods_2m":1,"floods_3m":1,"first_flood_m":1,"nests":true,"area_km2":2.488}},{"type":"Feature","geometry":{"type":"Polygon","coordinates":[[[-7.05747,4.53875],[-7.05875,4.53875],[-7.05875,4.53847],[-7.06042,4.53847],[-7.06042,4.5382],[-7.06264,4.5382],[-7.06264,4.53792],[-7.06653,4.53792],[-7.06653,4.53764],[-7.06986,4.53764],[-7.06986,4.53736],[-7.07097,4.53736],[-7.07097,4.53708],[-7.07153,4.53708],[-7.07153,4.53681],[-7.07172,4.53681],[-7.07172,4.54742],[-7.05747,4.54742],[-7.05747,4.53875]]]},"properties":{"region":"Bas-Sassandra","district":"San-Pédro","floods_1m":1,"floods_2m":1,"floods_3m":1,"first_flood_m":1,"nests":true,"area_km2":1.664}},{"type":"Feature","geometry":{"type":"Polygon","coordinates":[[[-6.70102,4.71852],[-6.71527,4.71852],[-6.71527,4.73278],[-6.70102,4.73278],[-6.70102,4.71852]]]},"properties":{"region":"Bas-Sassandra","district":"San-Pédro","floods_1m":0,"floods_2m":0,"floods_3m":1,"first_flood_m":3,"nests":true,"area_km2":2.504}},{"type":"Feature","geometry":{"type":"Polygon","coordinates":[[[-6.64398,4.73278],[-6.65824,4.73278],[-6.65824,4.74703],[-6.64398,4.74703],[-6.64398,4.73278]]]},"properties":{"region":"Bas-Sassandra","district":"San-Pédro","floods_1m":1,"floods_2m":1,"floods_3m":1,"first_flood_m":1,"nests":true,"area_km2":2.504}},{"type":"Feature","geometry":{"type":"Polygon","coordinates":[[[-6.03089,4.96819],[-6.03097,4.96819],[-6.03097,4.96792],[-6.03153,4.96792],[-6.03153,4.96764],[-6.03181,4.96764],[-6.03181,4.96792],[-6.03208,4.96792],[-6.03208,4.96764],[-6.03236,4.96764],[-6.03236,4.96792],[-6.0332,4.96792],[-6.0332,4.96764],[-6.0357,4.96764],[-6.0357,4.96736],[-6.03597,4.96736],[-6.03597,4.96764],[-6.03625,4.96764],[-6.03625,4.96736],[-6.03708,4.96736],[-6.03708,4.96708],[-6.03847,4.96708],[-6.03847,4.9668],[-6.04319,4.9668],[-6.04319,4.96653],[-6.04431,4.96653],[-6.04431,4.96625],[-6.04515,4.96625],[-6.04515,4.97516],[-6.03089,4.97516],[-6.03089,4.96819]]]},"properties":{"region":"Bas-Sassandra","district":"Sassandra","floods_1m":1,"floods_2m":1,"floods_3m":1,"first_flood_m":1,"nests":true,"area_km2":1.407}},{"type":"Feature","geometry":{"type":"Polygon","coordinates":[[[-6.34457,4.83486],[-6.34458,4.83486],[-6.34458,4.83458],[-6.34542,4.83458],[-6.34542,4.83431],[-6.3457,4.83431],[-6.3457,4.83375],[-6.34597,4.83375],[-6.34597,4.83347],[-6.34764,4.83347],[-6.34764,4.83319],[-6.34792,4.83319],[-6.34792,4.83292],[-6.3482,4.83292],[-6.3482,4.83264],[-6.34847,4.83264],[-6.34847,4.83258],[-6.35882,4.83258],[-6.35882,4.84684],[-6.34457,4.84684],[-6.34457,4.83486]]]},"properties":{"region":"Bas-Sassandra","district":"San-Pédro","floods_1m":1,"floods_2m":1,"floods_3m":1,"first_flood_m":1,"nests":true,"area_km2":2.451}},{"type":"Feature","geometry":{"type":"Polygon","coordinates":[[[-7.08598,4.57594],[-7.10024,4.57594],[-7.10024,4.5902],[-7.08598,4.5902],[-7.08598,4.57594]]]},"properties":{"region":"Bas-Sassandra","district":"San-Pédro","floods_1m":0,"floods_2m":0,"floods_3m":1,"first_flood_m":3,"nests":true,"area_km2":2.506}},{"type":"Feature","geometry":{"type":"MultiPolygon","coordinates":[[[[-6.65824,4.71903],[-6.65875,4.71903],[-6.65875,4.71875],[-6.65931,4.71875],[-6.65931,4.71852],[-6.66097,4.71852],[-6.66097,4.71875],[-6.66125,4.71875],[-6.66125,4.71903],[-6.66153,4.71903],[-6.66153,4.7207],[-6.66181,4.7207],[-6.66181,4.72236],[-6.66208,4.72236],[-6.66208,4.72292],[-6.66236,4.72292],[-6.66236,4.7232],[-6.66264,4.7232],[-6.66264,4.72403],[-6.66292,4.72403],[-6.66292,4.72486],[-6.66319,4.72486],[-6.66319,4.72597],[-6.66347,4.72597],[-6.66347,4.72792],[-6.66403,4.72792],[-6.66403,4.72819],[-6.66431,4.72819],[-6.66431,4.72847],[-6.66486,4.72847],[-6.66486,4.72875],[-6.66514,4.72875],[-6.66514,4.72903],[-6.66542,4.72903],[-6.66542,4.72986],[-6.66514,4.72986],[-6.66514,4.73042],[-6.66486,4.73042],[-6.66486,4.73069],[-6.66458,4.73069],[-6.66458,4.73236],[-6.66486,4.73236],[-6.66486,4.73278],[-6.65824,4.73278],[-6.65824,4.71903]]],[[[-6.67042,4.73278],[-6.66653,4.73278],[-6.66653,4.73264],[-6.66681,4.73264],[-6.66681,4.73208],[-6.66792,4.73208],[-6.66792,4.73181],[-6.66819,4.73181],[-6.66819,4.73153],[-6.66847,4.73153],[-6.66847,4.73125],[-6.66875,4.73125],[-6.66875,4.73069],[-6.6693,4.73069],[-6.6693,4.73097],[-6.66958,4.73097],[-6.66958,4.73125],[-6.66986,4.73125],[-6.66986,4.73208],[-6.67014,4.73208],[-6.67014,4.73236],[-6.67042,4.73236],[-6.67042,4.73278]]],[[[-6.6693,4.72958],[-6.6693,4.72931],[-6.66903,4.72931],[-6.66903,4.72875],[-6.66875,4.72875],[-6.66875,4.72653],[-6.66903,4.72653],[-6.66903,4.72597],[-6.6693,4.72597],[-6.6693,4.72542],[-6.66958,4.72542],[-6.66958,4.72514],[-6.67069,4.72514],[-6.67069,4.72569],[-6.67097,4.7257],[-6.67097,4.72597],[-6.67125,4.72597],[-6.67125,4.72681],[-6.67153,4.72681],[-6.67153,4.72875],[-6.67125,4.72875],[-6.67125,4.72931],[-6.67097,4.72931],[-6.67097,4.72958],[-6.6693,4.72958]]],[[[-6.66486,4.71852],[-6.6725,4.71852],[-6.6725,4.72208],[-6.67236,4.72208],[-6.67236,4.72181],[-6.67125,4.72181],[-6.67125,4.72153],[-6.67069,4.72153],[-6.67069,4.72125],[-6.67014,4.72125],[-6.67014,4.72097],[-6.66792,4.72097],[-6.66792,4.7207],[-6.66736,4.7207],[-6.66736,4.72042],[-6.66681,4.72042],[-6.66681,4.72014],[-6.66653,4.72014],[-6.66653,4.71986],[-6.66625,4.71986],[-6.66625,4.71958],[-6.66597,4.71958],[-6.66597,4.71931],[-6.66542,4.71931],[-6.66542,4.71903],[-6.66514,4.71903],[-6.66514,4.71875],[-6.66486,4.71875],[-6.66486,4.71852]]]]},"properties":{"region":"Bas-Sassandra","district":"San-Pédro","floods_1m":1,"floods_2m":1,"floods_3m":1,"first_flood_m":1,"nests":true,"area_km2":1.261}},{"type":"Feature","geometry":{"type":"Polygon","coordinates":[[[-6.62973,4.80407],[-6.64398,4.80407],[-6.64398,4.81832],[-6.62973,4.81832],[-6.62973,4.80407]]]},"properties":{"region":"Bas-Sassandra","district":"San-Pédro","floods_1m":0,"floods_2m":0,"floods_3m":1,"first_flood_m":3,"nests":true,"area_km2":2.502}},{"type":"Feature","geometry":{"type":"Polygon","coordinates":[[[-6.57269,4.76736],[-6.57292,4.76736],[-6.57292,4.76764],[-6.57347,4.76764],[-6.57347,4.76736],[-6.57514,4.76736],[-6.57514,4.76708],[-6.57569,4.76708],[-6.57569,4.76681],[-6.57597,4.76681],[-6.57597,4.76653],[-6.57653,4.76653],[-6.57653,4.76625],[-6.57708,4.76625],[-6.57708,4.76597],[-6.57792,4.76597],[-6.57792,4.76625],[-6.57819,4.76625],[-6.57819,4.76597],[-6.57986,4.76597],[-6.57986,4.76569],[-6.58069,4.76569],[-6.58069,4.76542],[-6.58292,4.76542],[-6.58292,4.76514],[-6.58347,4.76514],[-6.58347,4.76542],[-6.58403,4.76542],[-6.58403,4.76514],[-6.58431,4.76514],[-6.58431,4.76486],[-6.58542,4.76486],[-6.58542,4.76459],[-6.58597,4.76458],[-6.58597,4.76431],[-6.58653,4.76431],[-6.58653,4.76403],[-6.5868,4.76403],[-6.58681,4.76375],[-6.58695,4.76375],[-6.58695,4.77555],[-6.57269,4.77555],[-6.57269,4.76736]]]},"properties":{"region":"Bas-Sassandra","district":"San-Pédro","floods_1m":1,"floods_2m":1,"floods_3m":1,"first_flood_m":1,"nests":true,"area_km2":1.699}},{"type":"Feature","geometry":{"type":"Polygon","coordinates":[[[-6.5014,4.78097],[-6.50153,4.78097],[-6.50153,4.78069],[-6.50181,4.78069],[-6.50181,4.78097],[-6.50208,4.78097],[-6.50208,4.78069],[-6.50264,4.78069],[-6.50264,4.78042],[-6.50292,4.78042],[-6.50292,4.78069],[-6.50347,4.78069],[-6.50347,4.78042],[-6.50431,4.78042],[-6.50431,4.78014],[-6.50736,4.78014],[-6.50736,4.77986],[-6.50764,4.77986],[-6.50764,4.77958],[-6.50931,4.77958],[-6.50931,4.7793],[-6.50958,4.7793],[-6.50958,4.77958],[-6.51042,4.77958],[-6.51042,4.7793],[-6.51208,4.7793],[-6.51208,4.77903],[-6.51292,4.77903],[-6.51292,4.77875],[-6.5132,4.77875],[-6.5132,4.77903],[-6.51347,4.77903],[-6.51347,4.77875],[-6.51566,4.77875],[-6.51566,4.78981],[-6.5014,4.78981],[-6.5014,4.78097]]]},"properties":{"region":"Bas-Sassandra","district":"San-Pédro","floods_1m":1,"floods_2m":1,"floods_3m":1,"first_flood_m":1,"nests":true,"area_km2":1.777}},{"type":"Feature","geometry":{"type":"Polygon","coordinates":[[[-5.9596,5.03219],[-5.97386,5.03219],[-5.97386,5.04645],[-5.9596,5.04645],[-5.9596,5.03219]]]},"properties":{"region":"Bas-Sassandra","district":"Sassandra","floods_1m":0,"floods_2m":1,"floods_3m":1,"first_flood_m":2,"nests":true,"area_km2":2.505}},{"type":"Feature","geometry":{"type":"Polygon","coordinates":[[[-6.81508,4.70426],[-6.82934,4.70426],[-6.82934,4.70471],[-6.82934,4.71852],[-6.81508,4.71852],[-6.81508,4.70471],[-6.81508,4.70426]]]},"properties":{"region":"Bas-Sassandra","district":"San-Pédro","floods_1m":1,"floods_2m":1,"floods_3m":1,"first_flood_m":1,"nests":true,"area_km2":2.506}},{"type":"Feature","geometry":{"type":"Polygon","coordinates":[[[-5.9596,5.00368],[-5.97386,5.00368],[-5.97386,5.01794],[-5.9596,5.01794],[-5.9596,5.00368]]]},"properties":{"region":"Bas-Sassandra","district":"Sassandra","floods_1m":1,"floods_2m":1,"floods_3m":1,"first_flood_m":1,"nests":true,"area_km2":2.505}},{"type":"Feature","geometry":{"type":"Polygon","coordinates":[[[-6.68676,4.74703],[-6.70102,4.74703],[-6.70102,4.76129],[-6.68676,4.76129],[-6.68676,4.74703]]]},"properties":{"region":"Bas-Sassandra","district":"San-Pédro","floods_1m":1,"floods_2m":1,"floods_3m":1,"first_flood_m":1,"nests":true,"area_km2":2.506}},{"type":"Feature","geometry":{"type":"Polygon","coordinates":[[[-6.60121,4.74903],[-6.60121,4.76129],[-6.58875,4.76129],[-6.58875,4.75958],[-6.5893,4.75958],[-6.5893,4.75931],[-6.58958,4.75931],[-6.58958,4.75903],[-6.59014,4.75903],[-6.59014,4.75931],[-6.59069,4.75931],[-6.59069,4.75903],[-6.5918,4.75903],[-6.5918,4.75875],[-6.59208,4.75875],[-6.59208,4.75903],[-6.59236,4.75903],[-6.59236,4.75875],[-6.59292,4.75875],[-6.59292,4.75847],[-6.59319,4.75847],[-6.59319,4.75875],[-6.59347,4.75875],[-6.59347,4.75847],[-6.59431,4.75847],[-6.59431,4.75819],[-6.59542,4.75819],[-6.59542,4.75792],[-6.59597,4.75792],[-6.59597,4.75764],[-6.59625,4.75764],[-6.59625,4.75792],[-6.59653,4.75792],[-6.59653,4.75764],[-6.59681,4.75764],[-6.59681,4.75736],[-6.59736,4.75736],[-6.59736,4.75708],[-6.59792,4.75708],[-6.59792,4.75681],[-6.5982,4.75681],[-6.5982,4.75653],[-6.59875,4.75653],[-6.59875,4.75625],[-6.59931,4.75625],[-6.59931,4.75569],[-6.59958,4.75569],[-6.59958,4.75514],[-6.60014,4.75514],[-6.60014,4.75375],[-6.59986,4.75375],[-6.59986,4.75292],[-6.59958,4.75292],[-6.59958,4.75236],[-6.59931,4.75236],[-6.59931,4.75208],[-6.59903,4.75208],[-6.59903,4.75042],[-6.59931,4.75042],[-6.59931,4.75014],[-6.60014,4.75014],[-6.60014,4.74986],[-6.60042,4.74986],[-6.60042,4.74958],[-6.6007,4.74958],[-6.6007,4.7493],[-6.60097,4.7493],[-6.60097,4.74903],[-6.60121,4.74903]]]},"properties":{"region":"Bas-Sassandra","district":"San-Pédro","floods_1m":1,"floods_2m":1,"floods_3m":1,"first_flood_m":1,"nests":true,"area_km2":0.652}},{"type":"Feature","geometry":{"type":"Polygon","coordinates":[[[-6.71527,4.69347],[-6.71736,4.69347],[-6.71736,4.69292],[-6.71764,4.69292],[-6.71764,4.69236],[-6.71792,4.69236],[-6.71792,4.69208],[-6.71819,4.69208],[-6.71819,4.6918],[-6.71847,4.6918],[-6.71847,4.69153],[-6.71931,4.69153],[-6.71931,4.69125],[-6.71958,4.69125],[-6.71958,4.69097],[-6.72181,4.69097],[-6.72181,4.69069],[-6.72431,4.69069],[-6.72431,4.69042],[-6.72653,4.69042],[-6.72653,4.69014],[-6.72764,4.69014],[-6.72764,4.69042],[-6.7282,4.69042],[-6.7282,4.69069],[-6.72953,4.69069],[-6.72953,4.70426],[-6.71527,4.70426],[-6.71527,4.69347]]]},"properties":{"region":"Bas-Sassandra","district":"San-Pédro","floods_1m":1,"floods_2m":1,"floods_3m":1,"first_flood_m":1,"nests":true,"area_km2":2.29}},{"type":"Feature","geometry":{"type":"Polygon","coordinates":[[[-6.9434,4.62875],[-6.94403,4.62875],[-6.94403,4.62847],[-6.94486,4.62847],[-6.94486,4.62819],[-6.94542,4.62819],[-6.94542,4.62792],[-6.94597,4.62792],[-6.94597,4.62764],[-6.94625,4.62764],[-6.94625,4.62736],[-6.94653,4.62736],[-6.94653,4.62708],[-6.94681,4.62708],[-6.94681,4.62681],[-6.94736,4.62681],[-6.94736,4.62653],[-6.94764,4.62653],[-6.94764,4.62681],[-6.94819,4.62681],[-6.94819,4.62653],[-6.94875,4.62653],[-6.94875,4.62625],[-6.94903,4.62625],[-6.94903,4.62597],[-6.94958,4.62597],[-6.94958,4.62569],[-6.94986,4.62569],[-6.94986,4.62542],[-6.95014,4.62542],[-6.95014,4.62514],[-6.9507,4.62514],[-6.9507,4.62486],[-6.95125,4.62486],[-6.95125,4.62458],[-6.95181,4.62458],[-6.95181,4.62486],[-6.95208,4.62486],[-6.95208,4.62458],[-6.95319,4.62458],[-6.95319,4.62431],[-6.95375,4.62431],[-6.95375,4.62403],[-6.95403,4.62403],[-6.95403,4.62375],[-6.95486,4.62375],[-6.95486,4.62347],[-6.95542,4.62347],[-6.95542,4.62319],[-6.95597,4.62319],[-6.95597,4.62292],[-6.95653,4.62292],[-6.95653,4.62264],[-6.95708,4.62264],[-6.95708,4.62236],[-6.95736,4.62236],[-6.95736,4.62208],[-6.95764,4.62208],[-6.95764,4.62181],[-6.95766,4.62181],[-6.95766,4.63297],[-6.9434,4.63297],[-6.9434,4.62875]]]},"properties":{"region":"Bas-Sassandra","district":"San-Pédro","floods_1m":1,"floods_2m":1,"floods_3m":1,"first_flood_m":1,"nests":true,"area_km2":1.318}},{"type":"Feature","geometry":{"type":"Polygon","coordinates":[[[-6.11644,5.01794],[-6.1307,5.01794],[-6.1307,5.03219],[-6.11644,5.03219],[-6.11644,5.01794]]]},"properties":{"region":"Bas-Sassandra","district":"Sassandra","floods_1m":1,"floods_2m":1,"floods_3m":1,"first_flood_m":1,"nests":true,"area_km2":2.503}},{"type":"Feature","geometry":{"type":"Polygon","coordinates":[[[-6.65824,4.74703],[-6.6725,4.74703],[-6.6725,4.76129],[-6.65824,4.76129],[-6.65824,4.74703]]]},"properties":{"region":"Bas-Sassandra","district":"San-Pédro","floods_1m":1,"floods_2m":1,"floods_3m":1,"first_flood_m":1,"nests":true,"area_km2":2.506}},{"type":"Feature","geometry":{"type":"Polygon","coordinates":[[[-7.05747,4.56168],[-7.07172,4.56168],[-7.07172,4.57594],[-7.05747,4.57594],[-7.05747,4.56168]]]},"properties":{"region":"Bas-Sassandra","district":"San-Pédro","floods_1m":0,"floods_2m":0,"floods_3m":1,"first_flood_m":3,"nests":true,"area_km2":2.505}},{"type":"Feature","geometry":{"type":"Polygon","coordinates":[[[-6.05941,4.98942],[-6.07366,4.98942],[-6.07366,5.00368],[-6.05941,5.00368],[-6.05941,4.98942]]]},"properties":{"region":"Bas-Sassandra","district":"Sassandra","floods_1m":1,"floods_2m":1,"floods_3m":1,"first_flood_m":1,"nests":true,"area_km2":2.503}},{"type":"Feature","geometry":{"type":"Polygon","coordinates":[[[-7.02895,4.55681],[-7.02895,4.56168],[-7.02542,4.56168],[-7.02542,4.56153],[-7.02569,4.56153],[-7.02569,4.56014],[-7.02542,4.56014],[-7.02542,4.55903],[-7.02597,4.55903],[-7.02597,4.55875],[-7.02653,4.55875],[-7.02653,4.55847],[-7.02708,4.55847],[-7.02708,4.5582],[-7.02736,4.5582],[-7.02736,4.55792],[-7.02792,4.55792],[-7.02792,4.55764],[-7.02847,4.55764],[-7.02847,4.55708],[-7.02875,4.55708],[-7.02875,4.55681],[-7.02895,4.55681]]]},"properties":{"region":"Bas-Sassandra","district":"San-Pédro","floods_1m":1,"floods_2m":1,"floods_3m":1,"first_flood_m":1,"nests":true,"area_km2":0.149}},{"type":"Feature","geometry":{"type":"Polygon","coordinates":[[[-6.03089,4.98942],[-6.04515,4.98942],[-6.04515,5.00368],[-6.03089,5.00368],[-6.03089,4.98942]]]},"properties":{"region":"Bas-Sassandra","district":"Sassandra","floods_1m":1,"floods_2m":1,"floods_3m":1,"first_flood_m":1,"nests":true,"area_km2":2.505}},{"type":"Feature","geometry":{"type":"Polygon","coordinates":[[[-6.70102,4.76129],[-6.71527,4.76129],[-6.71527,4.77555],[-6.70102,4.77555],[-6.70102,4.76129]]]},"properties":{"region":"Bas-Sassandra","district":"San-Pédro","floods_1m":0,"floods_2m":0,"floods_3m":1,"first_flood_m":3,"nests":true,"area_km2":2.504}},{"type":"Feature","geometry":{"type":"Polygon","coordinates":[[[-5.97386,5.00368],[-5.98812,5.00368],[-5.98812,5.01794],[-5.97386,5.01794],[-5.97386,5.00368]]]},"properties":{"region":"Bas-Sassandra","district":"Sassandra","floods_1m":1,"floods_2m":1,"floods_3m":1,"first_flood_m":1,"nests":true,"area_km2":2.505}},{"type":"Feature","geometry":{"type":"Polygon","coordinates":[[[-6.54418,4.77403],[-6.54486,4.77403],[-6.54486,4.7743],[-6.54569,4.7743],[-6.54569,4.77403],[-6.54625,4.77403],[-6.54625,4.77375],[-6.54653,4.77375],[-6.54653,4.77347],[-6.54736,4.77347],[-6.54736,4.77319],[-6.54903,4.77319],[-6.54903,4.77347],[-6.54931,4.77347],[-6.54931,4.77319],[-6.55181,4.77319],[-6.55181,4.77292],[-6.55236,4.77292],[-6.55236,4.77319],[-6.55264,4.77319],[-6.55264,4.77292],[-6.55458,4.77292],[-6.55458,4.77264],[-6.55681,4.77264],[-6.55681,4.77236],[-6.55764,4.77236],[-6.55764,4.77208],[-6.55792,4.77208],[-6.55792,4.77125],[-6.55819,4.77125],[-6.55819,4.77097],[-6.55844,4.77097],[-6.55844,4.77555],[-6.54418,4.77555],[-6.54418,4.77403]]]},"properties":{"region":"Bas-Sassandra","district":"San-Pédro","floods_1m":1,"floods_2m":1,"floods_3m":1,"first_flood_m":1,"nests":true,"area_km2":0.434}},{"type":"Feature","geometry":{"type":"Polygon","coordinates":[[[-5.91683,5.01264],[-5.91708,5.01264],[-5.91708,5.01236],[-5.91736,5.01236],[-5.91736,5.01208],[-5.92153,5.01208],[-5.92153,5.01181],[-5.92208,5.01181],[-5.92208,5.01153],[-5.92236,5.01153],[-5.92236,5.01125],[-5.92292,5.01125],[-5.92292,5.01097],[-5.92319,5.01097],[-5.92319,5.01069],[-5.92403,5.01069],[-5.92403,5.01042],[-5.9243,5.01042],[-5.9243,5.01014],[-5.92458,5.01014],[-5.92458,5.00958],[-5.92486,5.00958],[-5.92486,5.0093],[-5.92514,5.0093],[-5.92514,5.00903],[-5.92486,5.00903],[-5.92486,5.00875],[-5.92458,5.00875],[-5.92458,5.00903],[-5.92403,5.00903],[-5.92403,5.00847],[-5.92375,5.00847],[-5.92375,5.00764],[-5.92403,5.00764],[-5.92403,5.00736],[-5.9243,5.00736],[-5.9243,5.00708],[-5.92569,5.00708],[-5.92569,5.00736],[-5.92792,5.00736],[-5.92792,5.00708],[-5.92847,5.00708],[-5.92847,5.00681],[-5.92903,5.00681],[-5.92903,5.00653],[-5.92958,5.00653],[-5.92958,5.00625],[-5.93014,5.00625],[-5.93014,5.00597],[-5.93069,5.00597],[-5.93069,5.00569],[-5.93108,5.00569],[-5.93108,5.01794],[-5.91683,5.01794],[-5.91683,5.01264]]]},"properties":{"region":"Bas-Sassandra","district":"Sassandra","floods_1m":1,"floods_2m":1,"floods_3m":1,"first_flood_m":1,"nests":true,"area_km2":1.495}},{"type":"Feature","geometry":{"type":"Polygon","coordinates":[[[-6.11644,4.98942],[-6.1307,4.98942],[-6.1307,5.00368],[-6.11644,5.00368],[-6.11644,4.98942]]]},"properties":{"region":"Bas-Sassandra","district":"Sassandra","floods_1m":1,"floods_2m":1,"floods_3m":1,"first_flood_m":1,"nests":true,"area_km2":2.505}},{"type":"Feature","geometry":{"type":"Polygon","coordinates":[[[-5.94534,5.00368],[-5.9596,5.00368],[-5.9596,5.01794],[-5.94534,5.01794],[-5.94534,5.00368]]]},"properties":{"region":"Bas-Sassandra","district":"Sassandra","floods_1m":0,"floods_2m":0,"floods_3m":1,"first_flood_m":3,"nests":true,"area_km2":2.505}},{"type":"Feature","geometry":{"type":"Polygon","coordinates":[[[-6.64398,4.76129],[-6.65824,4.76129],[-6.65824,4.77555],[-6.64398,4.77555],[-6.64398,4.76129]]]},"properties":{"region":"Bas-Sassandra","district":"San-Pédro","floods_1m":1,"floods_2m":1,"floods_3m":1,"first_flood_m":1,"nests":true,"area_km2":2.506}},{"type":"Feature","geometry":{"type":"Polygon","coordinates":[[[-7.1145,4.56168],[-7.12876,4.56168],[-7.12876,4.57594],[-7.1145,4.57594],[-7.1145,4.56168]]]},"properties":{"region":"Bas-Sassandra","district":"San-Pédro","floods_1m":0,"floods_2m":1,"floods_3m":1,"first_flood_m":2,"nests":true,"area_km2":2.506}},{"type":"Feature","geometry":{"type":"Polygon","coordinates":[[[-6.98618,4.59236],[-6.98681,4.59236],[-6.98681,4.59208],[-6.98792,4.59208],[-6.98792,4.59181],[-6.98847,4.59181],[-6.98847,4.59153],[-6.98875,4.59153],[-6.98875,4.59125],[-6.98931,4.59125],[-6.98931,4.59153],[-6.99014,4.59153],[-6.99014,4.59125],[-6.99236,4.59125],[-6.99236,4.59097],[-6.99264,4.59097],[-6.99264,4.59069],[-6.99292,4.59069],[-6.99292,4.59097],[-6.9932,4.59097],[-6.9932,4.59069],[-6.99375,4.59069],[-6.99375,4.59042],[-6.99403,4.59042],[-6.99403,4.5902],[-7.00043,4.5902],[-7.00043,4.60445],[-6.98618,4.60445],[-6.98618,4.59236]]]},"properties":{"region":"Bas-Sassandra","district":"San-Pédro","floods_1m":1,"floods_2m":1,"floods_3m":1,"first_flood_m":1,"nests":true,"area_km2":2.384}},{"type":"Feature","geometry":{"type":"Polygon","coordinates":[[[-5.85979,5.03236],[-5.85986,5.03236],[-5.85986,5.03264],[-5.86042,5.03264],[-5.86042,5.0328],[-5.86042,5.03292],[-5.86069,5.03292],[-5.86069,5.03347],[-5.86125,5.03347],[-5.86125,5.03319],[-5.86153,5.03319],[-5.86153,5.03292],[-5.86125,5.03292],[-5.86125,5.03264],[-5.86097,5.03264],[-5.86097,5.03236],[-5.86125,5.03236],[-5.86125,5.03219],[-5.87405,5.03219],[-5.87405,5.04645],[-5.85979,5.04645],[-5.85979,5.03236]]]},"properties":{"region":"Bas-Sassandra","district":"Sassandra","floods_1m":1,"floods_2m":1,"floods_3m":1,"first_flood_m":1,"nests":true,"area_km2":2.49}},{"type":"Feature","geometry":{"type":"Polygon","coordinates":[[[-6.68676,4.71319],[-6.68708,4.71319],[-6.68708,4.71347],[-6.68764,4.71347],[-6.68764,4.71319],[-6.68847,4.71319],[-6.68847,4.71292],[-6.68875,4.71292],[-6.68875,4.71264],[-6.68958,4.71264],[-6.68958,4.71236],[-6.69069,4.71236],[-6.69069,4.71208],[-6.69153,4.71208],[-6.69153,4.71181],[-6.69208,4.7118],[-6.69208,4.71153],[-6.69292,4.71153],[-6.69292,4.71125],[-6.69458,4.71125],[-6.69458,4.71097],[-6.69542,4.71097],[-6.69542,4.71069],[-6.69597,4.71069],[-6.69597,4.71042],[-6.6968,4.71042],[-6.6968,4.71014],[-6.69736,4.71014],[-6.69736,4.70986],[-6.69708,4.70986],[-6.69708,4.70958],[-6.69792,4.70958],[-6.69792,4.70931],[-6.69819,4.70931],[-6.69819,4.70903],[-6.69903,4.70903],[-6.69903,4.70875],[-6.69986,4.70875],[-6.69986,4.70847],[-6.70042,4.70847],[-6.70042,4.70819],[-6.7007,4.70819],[-6.7007,4.70792],[-6.70102,4.70792],[-6.70102,4.71852],[-6.68676,4.71852],[-6.68676,4.71319]]]},"properties":{"region":"Bas-Sassandra","district":"San-Pédro","floods_1m":1,"floods_2m":1,"floods_3m":1,"first_flood_m":1,"nests":true,"area_km2":1.317}},{"type":"Feature","geometry":{"type":"Polygon","coordinates":[[[-6.41586,4.81542],[-6.41586,4.81832],[-6.40542,4.81832],[-6.40542,4.81819],[-6.40653,4.81819],[-6.40653,4.81792],[-6.40764,4.81792],[-6.40764,4.81708],[-6.4082,4.81708],[-6.4082,4.81681],[-6.40903,4.81681],[-6.40903,4.81653],[-6.40958,4.81653],[-6.40958,4.81625],[-6.41014,4.81625],[-6.41014,4.81653],[-6.41153,4.81653],[-6.41153,4.81625],[-6.41181,4.81625],[-6.41181,4.81597],[-6.41208,4.81597],[-6.41208,4.81569],[-6.41292,4.81569],[-6.41292,4.81542],[-6.41514,4.81542],[-6.41514,4.81514],[-6.41569,4.81514],[-6.41569,4.81542],[-6.41586,4.81542]]]},"properties":{"region":"Bas-Sassandra","district":"San-Pédro","floods_1m":1,"floods_2m":1,"floods_3m":1,"first_flood_m":1,"nests":true,"area_km2":0.237}},{"type":"Feature","geometry":{"type":"Polygon","coordinates":[[[-7.04321,4.54625],[-7.04321,4.54742],[-7.03736,4.54742],[-7.03736,4.54736],[-7.03875,4.54736],[-7.03875,4.54708],[-7.04014,4.54708],[-7.04014,4.54681],[-7.04125,4.54681],[-7.04125,4.54653],[-7.04181,4.54653],[-7.04181,4.54625],[-7.04321,4.54625]]]},"properties":{"region":"Bas-Sassandra","district":"San-Pédro","floods_1m":1,"floods_2m":1,"floods_3m":1,"first_flood_m":1,"nests":true,"area_km2":0.042}},{"type":"Feature","geometry":{"type":"Polygon","coordinates":[[[-6.10218,4.98942],[-6.11644,4.98942],[-6.11644,5.00368],[-6.10218,5.00368],[-6.10218,4.98942]]]},"properties":{"region":"Bas-Sassandra","district":"Sassandra","floods_1m":1,"floods_2m":1,"floods_3m":1,"first_flood_m":1,"nests":true,"area_km2":2.505}},{"type":"Feature","geometry":{"type":"Polygon","coordinates":[[[-5.9596,5.01794],[-5.97386,5.01794],[-5.97386,5.03219],[-5.9596,5.03219],[-5.9596,5.01794]]]},"properties":{"region":"Bas-Sassandra","district":"Sassandra","floods_1m":1,"floods_2m":1,"floods_3m":1,"first_flood_m":1,"nests":true,"area_km2":2.503}},{"type":"Feature","geometry":{"type":"Polygon","coordinates":[[[-6.10218,4.9609],[-6.11644,4.9609],[-6.11644,4.97516],[-6.10218,4.97516],[-6.10218,4.9609]]]},"properties":{"region":"Bas-Sassandra","district":"Sassandra","floods_1m":1,"floods_2m":1,"floods_3m":1,"first_flood_m":1,"nests":true,"area_km2":2.505}},{"type":"Feature","geometry":{"type":"Polygon","coordinates":[[[-6.08792,4.94319],[-6.08792,4.94665],[-6.08153,4.94665],[-6.08153,4.94653],[-6.08181,4.94653],[-6.08181,4.94625],[-6.08236,4.94625],[-6.08236,4.94569],[-6.08264,4.94569],[-6.08264,4.94514],[-6.0832,4.94514],[-6.0832,4.94486],[-6.08347,4.94486],[-6.08347,4.94431],[-6.08375,4.94431],[-6.08375,4.94403],[-6.08403,4.94403],[-6.08403,4.94375],[-6.0843,4.94375],[-6.0843,4.94347],[-6.08458,4.94347],[-6.08458,4.94319],[-6.08542,4.94319],[-6.08542,4.94347],[-6.08764,4.94347],[-6.08764,4.94319],[-6.08792,4.94319]]]},"properties":{"region":"Bas-Sassandra","district":"Sassandra","floods_1m":1,"floods_2m":1,"floods_3m":1,"first_flood_m":1,"nests":true,"area_km2":0.195}},{"type":"Feature","geometry":{"type":"Polygon","coordinates":[[[-6.07366,4.96125],[-6.07458,4.96125],[-6.07458,4.96153],[-6.07514,4.96153],[-6.07514,4.96125],[-6.07569,4.96125],[-6.07569,4.96097],[-6.07625,4.96097],[-6.07625,4.9609],[-6.08792,4.9609],[-6.08792,4.97516],[-6.07366,4.97516],[-6.07366,4.96125]]]},"properties":{"region":"Bas-Sassandra","district":"Sassandra","floods_1m":1,"floods_2m":1,"floods_3m":1,"first_flood_m":1,"nests":true,"area_km2":2.494}},{"type":"Feature","geometry":{"type":"Polygon","coordinates":[[[-7.37114,4.40347],[-7.37181,4.40347],[-7.37181,4.40319],[-7.37236,4.40319],[-7.37236,4.40292],[-7.37292,4.40292],[-7.37292,4.40264],[-7.37347,4.40264],[-7.37347,4.40236],[-7.3743,4.40236],[-7.3743,4.40208],[-7.37458,4.40208],[-7.37458,4.4018],[-7.37486,4.4018],[-7.37486,4.40153],[-7.37514,4.40153],[-7.37514,4.40125],[-7.37653,4.40125],[-7.37653,4.40097],[-7.37764,4.40097],[-7.37764,4.40069],[-7.37792,4.40069],[-7.37792,4.40042],[-7.37958,4.40042],[-7.37958,4.40014],[-7.37986,4.40014],[-7.37986,4.39986],[-7.38042,4.39986],[-7.38042,4.39958],[-7.38153,4.39958],[-7.38153,4.3993],[-7.38264,4.3993],[-7.38264,4.39903],[-7.38292,4.39903],[-7.38292,4.39875],[-7.38347,4.39875],[-7.38347,4.39847],[-7.38403,4.39847],[-7.38403,4.39819],[-7.38514,4.39819],[-7.38514,4.39792],[-7.3854,4.39792],[-7.3854,4.40484],[-7.37114,4.40484],[-7.37114,4.40347]]]},"properties":{"region":"Bas-Sassandra","district":"Tabou","floods_1m":1,"floods_2m":1,"floods_3m":1,"first_flood_m":1,"nests":true,"area_km2":0.744}},{"type":"Feature","geometry":{"type":"Polygon","coordinates":[[[-4.79045,5.21755],[-4.8047,5.21755],[-4.8047,5.23181],[-4.79045,5.23181],[-4.79045,5.21755]]]},"properties":{"region":"Lagunes","district":"Abidjan","floods_1m":1,"floods_2m":1,"floods_3m":1,"first_flood_m":1,"nests":true,"area_km2":2.502}},{"type":"Feature","geometry":{"type":"Polygon","coordinates":[[[-3.59277,5.17208],[-3.59292,5.17208],[-3.59292,5.17236],[-3.59347,5.17236],[-3.59347,5.17264],[-3.59403,5.17264],[-3.59403,5.17292],[-3.59653,5.17292],[-3.59653,5.17319],[-3.59931,5.17319],[-3.59931,5.17347],[-3.6018,5.17347],[-3.6018,5.17375],[-3.60292,5.17375],[-3.60292,5.17403],[-3.60703,5.17403],[-3.60703,5.17477],[-3.59277,5.17477],[-3.59277,5.17208]]]},"properties":{"region":"Lagunes","district":"Abidjan","floods_1m":1,"floods_2m":1,"floods_3m":1,"first_flood_m":1,"nests":true,"area_km2":0.238}},{"type":"Feature","geometry":{"type":"Polygon","coordinates":[[[-3.47871,5.20576],[-3.48186,5.20586],[-3.48475,5.2046],[-3.48559,5.20329],[-3.49297,5.20329],[-3.49297,5.21755],[-3.47871,5.21755],[-3.47871,5.20576]]]},"properties":{"region":"Lagunes","district":"Abidjan","floods_1m":1,"floods_2m":1,"floods_3m":1,"first_flood_m":1,"nests":true,"area_km2":2.33}},{"type":"Feature","geometry":{"type":"Polygon","coordinates":[[[-3.62129,5.17625],[-3.62153,5.17625],[-3.62153,5.17653],[-3.62264,5.17653],[-3.62264,5.17681],[-3.62458,5.17681],[-3.62458,5.17708],[-3.62542,5.17708],[-3.62542,5.17736],[-3.62597,5.17736],[-3.62597,5.17764],[-3.62653,5.17764],[-3.62653,5.17792],[-3.63153,5.17792],[-3.63153,5.17819],[-3.63236,5.17819],[-3.63236,5.17847],[-3.63319,5.17847],[-3.63319,5.17875],[-3.63458,5.17875],[-3.63458,5.17903],[-3.63555,5.17903],[-3.63555,5.18903],[-3.62129,5.18903],[-3.62129,5.17625]]]},"properties":{"region":"Lagunes","district":"Abidjan","floods_1m":1,"floods_2m":1,"floods_3m":1,"first_flood_m":1,"nests":true,"area_km2":1.98}},{"type":"Feature","geometry":{"type":"Polygon","coordinates":[[[-3.90645,5.28884],[-3.92071,5.28884],[-3.92071,5.3031],[-3.90645,5.3031],[-3.90645,5.28884]]]},"properties":{"region":"Lagunes","district":"Abidjan","floods_1m":1,"floods_2m":1,"floods_3m":1,"first_flood_m":1,"nests":true,"area_km2":2.504}},{"type":"Feature","geometry":{"type":"Polygon","coordinates":[[[-4.54806,5.18681],[-4.55097,5.18681],[-4.55097,5.18653],[-4.55181,5.18653],[-4.55181,5.18625],[-4.55208,5.18625],[-4.55208,5.18653],[-4.55236,5.18653],[-4.55236,5.18625],[-4.55319,5.18625],[-4.55319,5.18653],[-4.55347,5.18653],[-4.55347,5.18625],[-4.55403,5.18625],[-4.55403,5.18597],[-4.55597,5.18597],[-4.55597,5.18569],[-4.55986,5.18569],[-4.55986,5.18542],[-4.56097,5.18542],[-4.56097,5.18569],[-4.56125,5.18569],[-4.56125,5.18514],[-4.56208,5.18514],[-4.56208,5.18486],[-4.56232,5.18486],[-4.56232,5.18903],[-4.54806,5.18903],[-4.54806,5.18681]]]},"properties":{"region":"Lagunes","district":"Abidjan","floods_1m":1,"floods_2m":1,"floods_3m":1,"first_flood_m":1,"nests":true,"area_km2":0.525}},{"type":"Feature","geometry":{"type":"Polygon","coordinates":[[[-4.40548,5.20181],[-4.40653,5.20181],[-4.40653,5.20153],[-4.40681,5.20153],[-4.40681,5.20125],[-4.40847,5.20125],[-4.40847,5.20153],[-4.4107,5.20153],[-4.4107,5.20125],[-4.41125,5.20125],[-4.41125,5.20097],[-4.41181,5.20097],[-4.41181,5.20125],[-4.41236,5.20125],[-4.41236,5.20097],[-4.41264,5.20097],[-4.41264,5.20125],[-4.41292,5.20125],[-4.41292,5.20097],[-4.4132,5.20097],[-4.4132,5.20125],[-4.41347,5.20125],[-4.41347,5.20097],[-4.41486,5.20097],[-4.41486,5.2007],[-4.41542,5.2007],[-4.41542,5.20097],[-4.41597,5.20097],[-4.41597,5.2007],[-4.41764,5.2007],[-4.41764,5.20042],[-4.41792,5.20042],[-4.41792,5.2007],[-4.41819,5.2007],[-4.41819,5.20042],[-4.41847,5.20042],[-4.41847,5.20014],[-4.41974,5.20014],[-4.41974,5.20329],[-4.40548,5.20329],[-4.40548,5.20181]]]},"properties":{"region":"Lagunes","district":"Abidjan","floods_1m":1,"floods_2m":1,"floods_3m":1,"first_flood_m":1,"nests":true,"area_km2":0.393}},{"type":"Feature","geometry":{"type":"Polygon","coordinates":[[[-4.40548,5.26032],[-4.41974,5.26032],[-4.41974,5.27458],[-4.40548,5.27458],[-4.40548,5.26032]]]},"properties":{"region":"Lagunes","district":"Abidjan","floods_1m":1,"floods_2m":1,"floods_3m":1,"first_flood_m":1,"nests":true,"area_km2":2.504}},{"type":"Feature","geometry":{"type":"Polygon","coordinates":[[[-4.50529,5.21755],[-4.51954,5.21755],[-4.51954,5.23181],[-4.50529,5.23181],[-4.50529,5.21755]]]},"properties":{"region":"Lagunes","district":"Abidjan","floods_1m":1,"floods_2m":1,"floods_3m":1,"first_flood_m":1,"nests":true,"area_km2":2.502}},{"type":"Feature","geometry":{"type":"Polygon","coordinates":[[[-3.62129,5.21755],[-3.63555,5.21755],[-3.63555,5.23181],[-3.62129,5.23181],[-3.62129,5.21755]]]},"properties":{"region":"Lagunes","district":"Abidjan","floods_1m":1,"floods_2m":1,"floods_3m":1,"first_flood_m":1,"nests":true,"area_km2":2.504}},{"type":"Feature","geometry":{"type":"Polygon","coordinates":[[[-3.80664,5.28884],[-3.8209,5.28884],[-3.8209,5.3031],[-3.80664,5.3031],[-3.80664,5.28884]]]},"properties":{"region":"Lagunes","district":"Abidjan","floods_1m":1,"floods_2m":1,"floods_3m":1,"first_flood_m":1,"nests":true,"area_km2":2.504}},{"type":"Feature","geometry":{"type":"Polygon","coordinates":[[[-3.89219,5.23764],[-3.89403,5.23764],[-3.89403,5.23792],[-3.89597,5.23792],[-3.89597,5.23819],[-3.89792,5.23819],[-3.89792,5.23847],[-3.89986,5.23847],[-3.89986,5.23875],[-3.90236,5.23875],[-3.90236,5.23903],[-3.90375,5.23903],[-3.90375,5.23931],[-3.90514,5.23931],[-3.90514,5.23958],[-3.90645,5.23958],[-3.90645,5.24606],[-3.89219,5.24606],[-3.89219,5.23764]]]},"properties":{"region":"Lagunes","district":"Abidjan","floods_1m":1,"floods_2m":1,"floods_3m":1,"first_flood_m":1,"nests":true,"area_km2":1.321}},{"type":"Feature","geometry":{"type":"Polygon","coordinates":[[[-4.14884,5.24606],[-4.16309,5.24606],[-4.16309,5.24695],[-4.16309,5.26032],[-4.14884,5.26032],[-4.14884,5.24695],[-4.14884,5.24606]]]},"properties":{"region":"Lagunes","district":"Abidjan","floods_1m":0,"floods_2m":0,"floods_3m":1,"first_flood_m":3,"nests":true,"area_km2":2.502}},{"type":"Feature","geometry":{"type":"Polygon","coordinates":[[[-4.17735,5.3031],[-4.19161,5.3031],[-4.19161,5.31735],[-4.17735,5.31735],[-4.17735,5.3031]]]},"properties":{"region":"Lagunes","district":"Abidjan","floods_1m":1,"floods_2m":1,"floods_3m":1,"first_flood_m":1,"nests":true,"area_km2":2.502}},{"type":"Feature","geometry":{"type":"Polygon","coordinates":[[[-4.03477,5.3031],[-4.04903,5.3031],[-4.04903,5.31735],[-4.03477,5.31735],[-4.03477,5.3031]]]},"properties":{"region":"Lagunes","district":"Abidjan","floods_1m":1,"floods_2m":1,"floods_3m":1,"first_flood_m":1,"nests":true,"area_km2":2.502}},{"type":"Feature","geometry":{"type":"Polygon","coordinates":[[[-4.14884,5.3031],[-4.16309,5.3031],[-4.16309,5.31735],[-4.14884,5.31735],[-4.14884,5.3031]]]},"properties":{"region":"Lagunes","district":"Abidjan","floods_1m":1,"floods_2m":1,"floods_3m":1,"first_flood_m":1,"nests":true,"area_km2":2.5}},{"type":"Feature","geometry":{"type":"Polygon","coordinates":[[[-4.64787,5.18903],[-4.66212,5.18903],[-4.66212,5.20329],[-4.64787,5.20329],[-4.64787,5.18903]]]},"properties":{"region":"Lagunes","district":"Abidjan","floods_1m":0,"floods_2m":1,"floods_3m":1,"first_flood_m":2,"nests":true,"area_km2":2.502}},{"type":"Feature","geometry":{"type":"Polygon","coordinates":[[[-4.47677,5.19458],[-4.47681,5.19458],[-4.47681,5.19431],[-4.48014,5.19431],[-4.48014,5.19403],[-4.48236,5.19403],[-4.48236,5.19375],[-4.48458,5.19375],[-4.48458,5.19347],[-4.48542,5.19347],[-4.48542,5.19319],[-4.48653,5.19319],[-4.48653,5.19347],[-4.48792,5.19347],[-4.48792,5.19319],[-4.48847,5.19319],[-4.48847,5.19347],[-4.48875,5.19347],[-4.48875,5.19319],[-4.48986,5.19319],[-4.48986,5.19292],[-4.49103,5.19292],[-4.49103,5.20329],[-4.47677,5.20329],[-4.47677,5.19458]]]},"properties":{"region":"Lagunes","district":"Abidjan","floods_1m":1,"floods_2m":1,"floods_3m":1,"first_flood_m":1,"nests":true,"area_km2":1.684}},{"type":"Feature","geometry":{"type":"Polygon","coordinates":[[[-4.46251,5.27458],[-4.47677,5.27458],[-4.47677,5.28884],[-4.46251,5.28884],[-4.46251,5.27458]]]},"properties":{"region":"Lagunes","district":"Abidjan","floods_1m":1,"floods_2m":1,"floods_3m":1,"first_flood_m":1,"nests":true,"area_km2":2.504}},{"type":"Feature","geometry":{"type":"MultiPolygon","coordinates":[[[[-4.00264,5.24606],[-4.00208,5.24606],[-4.00208,5.24597],[-4.00236,5.24597],[-4.00236,5.24569],[-4.00264,5.24569],[-4.00264,5.24606]]],[[[-4.00626,5.24597],[-4.00626,5.24606],[-4.00597,5.24606],[-4.00597,5.24597],[-4.00626,5.24597]]]]},"properties":{"region":"Lagunes","district":"Abidjan","floods_1m":0,"floods_2m":1,"floods_3m":1,"first_flood_m":2,"nests":true,"area_km2":0.002}},{"type":"Feature","geometry":{"type":"Polygon","coordinates":[[[-4.57658,5.21755],[-4.59083,5.21755],[-4.59083,5.23181],[-4.57658,5.23181],[-4.57658,5.21755]]]},"properties":{"region":"Lagunes","district":"Abidjan","floods_1m":1,"floods_2m":1,"floods_3m":1,"first_flood_m":1,"nests":true,"area_km2":2.502}},{"type":"Feature","geometry":{"type":"Polygon","coordinates":[[[-4.36271,5.26032],[-4.37696,5.26032],[-4.37696,5.27458],[-4.36271,5.27458],[-4.36271,5.26032]]]},"properties":{"region":"Lagunes","district":"Abidjan","floods_1m":1,"floods_2m":1,"floods_3m":1,"first_flood_m":1,"nests":true,"area_km2":2.502}},{"type":"Feature","geometry":{"type":"Polygon","coordinates":[[[-3.94922,5.28884],[-3.96348,5.28884],[-3.96348,5.3031],[-3.94922,5.3031],[-3.94922,5.28884]]]},"properties":{"region":"Lagunes","district":"Abidjan","floods_1m":0,"floods_2m":1,"floods_3m":1,"first_flood_m":2,"nests":true,"area_km2":2.504}},{"type":"Feature","geometry":{"type":"Polygon","coordinates":[[[-4.44825,5.26032],[-4.46251,5.26032],[-4.46251,5.27458],[-4.44825,5.27458],[-4.44825,5.26032]]]},"properties":{"region":"Lagunes","district":"Abidjan","floods_1m":1,"floods_2m":1,"floods_3m":1,"first_flood_m":1,"nests":true,"area_km2":2.504}},{"type":"Feature","geometry":{"type":"Polygon","coordinates":[[[-3.63555,5.23181],[-3.64981,5.23181],[-3.64981,5.24606],[-3.63555,5.24606],[-3.63555,5.23181]]]},"properties":{"region":"Lagunes","district":"Abidjan","floods_1m":1,"floods_2m":1,"floods_3m":1,"first_flood_m":1,"nests":true,"area_km2":2.502}},{"type":"Feature","geometry":{"type":"Polygon","coordinates":[[[-4.76193,5.20329],[-4.77619,5.20329],[-4.77619,5.21755],[-4.76193,5.21755],[-4.76193,5.20329]]]},"properties":{"region":"Lagunes","district":"Abidjan","floods_1m":1,"floods_2m":1,"floods_3m":1,"first_flood_m":1,"nests":true,"area_km2":2.504}},{"type":"Feature","geometry":{"type":"Polygon","coordinates":[[[-3.87793,5.31735],[-3.89219,5.31735],[-3.89219,5.33161],[-3.87793,5.33161],[-3.87793,5.31735]]]},"properties":{"region":"Lagunes","district":"Abidjan","floods_1m":1,"floods_2m":1,"floods_3m":1,"first_flood_m":1,"nests":true,"area_km2":2.503}},{"type":"Feature","geometry":{"type":"Polygon","coordinates":[[[-4.10606,5.27458],[-4.12032,5.27458],[-4.12032,5.28884],[-4.10606,5.28884],[-4.10606,5.27458]]]},"properties":{"region":"Lagunes","district":"Abidjan","floods_1m":1,"floods_2m":1,"floods_3m":1,"first_flood_m":1,"nests":true,"area_km2":2.504}},{"type":"Feature","geometry":{"type":"Polygon","coordinates":[[[-4.54806,5.20329],[-4.56232,5.20329],[-4.56232,5.21755],[-4.54806,5.21755],[-4.54806,5.20329]]]},"properties":{"region":"Lagunes","district":"Abidjan","floods_1m":1,"floods_2m":1,"floods_3m":1,"first_flood_m":1,"nests":true,"area_km2":2.504}},{"type":"Feature","geometry":{"type":"Polygon","coordinates":[[[-4.67638,5.18903],[-4.69064,5.18903],[-4.69064,5.20329],[-4.67638,5.20329],[-4.67638,5.18903]]]},"properties":{"region":"Lagunes","district":"Abidjan","floods_1m":1,"floods_2m":1,"floods_3m":1,"first_flood_m":1,"nests":true,"area_km2":2.504}},{"type":"Feature","geometry":{"type":"Polygon","coordinates":[[[-4.49103,5.24606],[-4.50529,5.24606],[-4.50529,5.24695],[-4.50529,5.26032],[-4.49103,5.26032],[-4.49103,5.24695],[-4.49103,5.24606]]]},"properties":{"region":"Lagunes","district":"Abidjan","floods_1m":1,"floods_2m":1,"floods_3m":1,"first_flood_m":1,"nests":true,"area_km2":2.504}},{"type":"Feature","geometry":{"type":"Polygon","coordinates":[[[-3.60703,5.17403],[-3.60708,5.17403],[-3.60708,5.1743],[-3.60792,5.1743],[-3.60792,5.17458],[-3.6093,5.17458],[-3.6093,5.17477],[-3.60703,5.17477],[-3.60703,5.17403]]]},"properties":{"region":"Lagunes","district":"Abidjan","floods_1m":1,"floods_2m":1,"floods_3m":1,"first_flood_m":1,"nests":true,"area_km2":0.009}},{"type":"Feature","geometry":{"type":"Polygon","coordinates":[[[-4.29142,5.34587],[-4.30567,5.34587],[-4.30567,5.36013],[-4.29142,5.36013],[-4.29142,5.34587]]]},"properties":{"region":"Lagunes","district":"Abidjan","floods_1m":1,"floods_2m":1,"floods_3m":1,"first_flood_m":1,"nests":true,"area_km2":2.502}},{"type":"Feature","geometry":{"type":"Polygon","coordinates":[[[-4.06329,5.3031],[-4.07755,5.3031],[-4.07755,5.31735],[-4.06329,5.31735],[-4.06329,5.3031]]]},"properties":{"region":"Lagunes","district":"Abidjan","floods_1m":1,"floods_2m":1,"floods_3m":1,"first_flood_m":1,"nests":true,"area_km2":2.502}},{"type":"Feature","geometry":{"type":"Polygon","coordinates":[[[-3.74961,5.24606],[-3.76387,5.24606],[-3.76387,5.24695],[-3.76387,5.26032],[-3.74961,5.26032],[-3.74961,5.24695],[-3.74961,5.24606]]]},"properties":{"region":"Lagunes","district":"Abidjan","floods_1m":1,"floods_2m":1,"floods_3m":1,"first_flood_m":1,"nests":true,"area_km2":2.504}},{"type":"Feature","geometry":{"type":"Polygon","coordinates":[[[-4.69064,5.24606],[-4.7049,5.24606],[-4.7049,5.24695],[-4.7049,5.26032],[-4.69064,5.26032],[-4.69064,5.24695],[-4.69064,5.24606]]]},"properties":{"region":"Lagunes","district":"Abidjan","floods_1m":1,"floods_2m":1,"floods_3m":1,"first_flood_m":1,"nests":true,"area_km2":2.504}},{"type":"Feature","geometry":{"type":"Polygon","coordinates":[[[-4.71916,5.24606],[-4.73341,5.24606],[-4.73341,5.24695],[-4.73341,5.26032],[-4.71916,5.26032],[-4.71916,5.24695],[-4.71916,5.24606]]]},"properties":{"region":"Lagunes","district":"Abidjan","floods_1m":1,"floods_2m":1,"floods_3m":1,"first_flood_m":1,"nests":true,"area_km2":2.502}},{"type":"Feature","geometry":{"type":"Polygon","coordinates":[[[-4.57658,5.1832],[-4.5782,5.1832],[-4.5782,5.18292],[-4.58153,5.18292],[-4.58153,5.18264],[-4.58431,5.18264],[-4.58431,5.18208],[-4.58458,5.18208],[-4.58458,5.18236],[-4.58514,5.18236],[-4.58514,5.18208],[-4.58681,5.18208],[-4.58681,5.18236],[-4.58708,5.18236],[-4.58708,5.18208],[-4.58792,5.18208],[-4.58792,5.18236],[-4.58819,5.18236],[-4.58819,5.18208],[-4.58903,5.18208],[-4.58903,5.18181],[-4.59083,5.18181],[-4.59083,5.18903],[-4.57658,5.18903],[-4.57658,5.1832]]]},"properties":{"region":"Lagunes","district":"Abidjan","floods_1m":1,"floods_2m":1,"floods_3m":1,"first_flood_m":1,"nests":true,"area_km2":1.146}},{"type":"Feature","geometry":{"type":"Polygon","coordinates":[[[-4.64787,5.20329],[-4.66212,5.20329],[-4.66212,5.21755],[-4.64787,5.21755],[-4.64787,5.20329]]]},"properties":{"region":"Lagunes","district":"Abidjan","floods_1m":0,"floods_2m":1,"floods_3m":1,"first_flood_m":2,"nests":true,"area_km2":2.502}},{"type":"Feature","geometry":{"type":"Polygon","coordinates":[[[-4.51954,5.23181],[-4.5338,5.23181],[-4.5338,5.24606],[-4.51954,5.24606],[-4.51954,5.23181]]]},"properties":{"region":"Lagunes","district":"Abidjan","floods_1m":1,"floods_2m":1,"floods_3m":1,"first_flood_m":1,"nests":true,"area_km2":2.502}},{"type":"Feature","geometry":{"type":"Polygon","coordinates":[[[-4.10606,5.28884],[-4.12032,5.28884],[-4.12032,5.3031],[-4.10606,5.3031],[-4.10606,5.28884]]]},"properties":{"region":"Lagunes","district":"Abidjan","floods_1m":1,"floods_2m":1,"floods_3m":1,"first_flood_m":1,"nests":true,"area_km2":2.504}},{"type":"Feature","geometry":{"type":"Polygon","coordinates":[[[-4.23438,5.26032],[-4.24864,5.26032],[-4.24864,5.27458],[-4.23438,5.27458],[-4.23438,5.26032]]]},"properties":{"region":"Lagunes","district":"Abidjan","floods_1m":1,"floods_2m":1,"floods_3m":1,"first_flood_m":1,"nests":true,"area_km2":2.504}},{"type":"Feature","geometry":{"type":"Polygon","coordinates":[[[-3.90645,5.23958],[-3.90653,5.23958],[-3.90653,5.23986],[-3.90736,5.23986],[-3.90736,5.24014],[-3.9082,5.24014],[-3.9082,5.24042],[-3.91042,5.24042],[-3.91042,5.24069],[-3.91264,5.24069],[-3.91264,5.24097],[-3.91431,5.24097],[-3.91431,5.24125],[-3.91597,5.24125],[-3.91597,5.24153],[-3.91819,5.24153],[-3.91819,5.24181],[-3.91986,5.24181],[-3.91986,5.24208],[-3.92071,5.24208],[-3.92071,5.24606],[-3.90645,5.24606],[-3.90645,5.23958]]]},"properties":{"region":"Lagunes","district":"Abidjan","floods_1m":1,"floods_2m":1,"floods_3m":1,"first_flood_m":1,"nests":true,"area_km2":0.888}},{"type":"Feature","geometry":{"type":"Polygon","coordinates":[[[-4.61935,5.23181],[-4.63361,5.23181],[-4.63361,5.24606],[-4.61935,5.24606],[-4.61935,5.23181]]]},"properties":{"region":"Lagunes","district":"Abidjan","floods_1m":1,"floods_2m":1,"floods_3m":1,"first_flood_m":1,"nests":true,"area_km2":2.502}},{"type":"Feature","geometry":{"type":"Polygon","coordinates":[[[-3.52149,5.18236],[-3.53574,5.17501],[-3.53574,5.18903],[-3.52149,5.18903],[-3.52149,5.18236]]]},"properties":{"region":"Lagunes","district":"Abidjan","floods_1m":1,"floods_2m":1,"floods_3m":1,"first_flood_m":1,"nests":true,"area_km2":1.815}},{"type":"Feature","geometry":{"type":"Polygon","coordinates":[[[-3.57852,5.23181],[-3.59277,5.23181],[-3.59277,5.24606],[-3.57852,5.24606],[-3.57852,5.23181]]]},"properties":{"region":"Lagunes","district":"Abidjan","floods_1m":1,"floods_2m":1,"floods_3m":1,"first_flood_m":1,"nests":true,"area_km2":2.5}},{"type":"Feature","geometry":{"type":"Polygon","coordinates":[[[-4.434,5.3031],[-4.44825,5.3031],[-4.44825,5.31735],[-4.434,5.31735],[-4.434,5.3031]]]},"properties":{"region":"Lagunes","district":"Abidjan","floods_1m":1,"floods_2m":1,"floods_3m":1,"first_flood_m":1,"nests":true,"area_km2":2.5}},{"type":"Feature","geometry":{"type":"Polygon","coordinates":[[[-3.55,5.16903],[-3.55042,5.16903],[-3.55042,5.16875],[-3.55236,5.16875],[-3.55236,5.16903],[-3.55375,5.16903],[-3.55375,5.1693],[-3.55792,5.16931],[-3.55792,5.16958],[-3.56097,5.16958],[-3.56097,5.16931],[-3.56375,5.16931],[-3.56375,5.16958],[-3.56426,5.16958],[-3.56426,5.17477],[-3.55,5.17477],[-3.55,5.16903]]]},"properties":{"region":"Lagunes","district":"Abidjan","floods_1m":1,"floods_2m":1,"floods_3m":1,"first_flood_m":1,"nests":true,"area_km2":0.967}},{"type":"Feature","geometry":{"type":"Polygon","coordinates":[[[-3.83516,5.44568],[-3.84942,5.44568],[-3.84942,5.45993],[-3.83516,5.45993],[-3.83516,5.44568]]]},"properties":{"region":"Lagunes","district":"Abidjan","floods_1m":1,"floods_2m":1,"floods_3m":1,"first_flood_m":1,"nests":true,"area_km2":2.501}},{"type":"Feature","geometry":{"type":"Polygon","coordinates":[[[-4.74767,5.27458],[-4.76193,5.27458],[-4.76193,5.28884],[-4.74767,5.28884],[-4.74767,5.27458]]]},"properties":{"region":"Lagunes","district":"Abidjan","floods_1m":1,"floods_2m":1,"floods_3m":1,"first_flood_m":1,"nests":true,"area_km2":2.504}},{"type":"Feature","geometry":{"type":"Polygon","coordinates":[[[-4.12032,5.3031],[-4.13458,5.3031],[-4.13458,5.31735],[-4.12032,5.31735],[-4.12032,5.3031]]]},"properties":{"region":"Lagunes","district":"Abidjan","floods_1m":1,"floods_2m":1,"floods_3m":1,"first_flood_m":1,"nests":true,"area_km2":2.502}},{"type":"Feature","geometry":{"type":"Polygon","coordinates":[[[-4.40548,5.24606],[-4.41974,5.24606],[-4.41974,5.24695],[-4.41974,5.26032],[-4.40548,5.26032],[-4.40548,5.24695],[-4.40548,5.24606]]]},"properties":{"region":"Lagunes","district":"Abidjan","floods_1m":1,"floods_2m":1,"floods_3m":1,"first_flood_m":1,"nests":true,"area_km2":2.504}},{"type":"Feature","geometry":{"type":"Polygon","coordinates":[[[-3.92071,5.31735],[-3.93497,5.31735],[-3.93497,5.33161],[-3.92071,5.33161],[-3.92071,5.31735]]]},"properties":{"region":"Lagunes","district":"Abidjan","floods_1m":1,"floods_2m":1,"floods_3m":1,"first_flood_m":1,"nests":true,"area_km2":2.503}},{"type":"Feature","geometry":{"type":"Polygon","coordinates":[[[-4.76193,5.21755],[-4.77619,5.21755],[-4.77619,5.23181],[-4.76193,5.23181],[-4.76193,5.21755]]]},"properties":{"region":"Lagunes","district":"Abidjan","floods_1m":1,"floods_2m":1,"floods_3m":1,"first_flood_m":1,"nests":true,"area_km2":2.504}},{"type":"Feature","geometry":{"type":"Polygon","coordinates":[[[-3.80664,5.23181],[-3.8209,5.23181],[-3.8209,5.24606],[-3.80664,5.24606],[-3.80664,5.23181]]]},"properties":{"region":"Lagunes","district":"Abidjan","floods_1m":1,"floods_2m":1,"floods_3m":1,"first_flood_m":1,"nests":true,"area_km2":2.502}},{"type":"Feature","geometry":{"type":"Polygon","coordinates":[[[-3.79239,5.34587],[-3.80664,5.34587],[-3.80664,5.36013],[-3.79239,5.36013],[-3.79239,5.34587]]]},"properties":{"region":"Lagunes","district":"Abidjan","floods_1m":1,"floods_2m":1,"floods_3m":1,"first_flood_m":1,"nests":true,"area_km2":2.502}},{"type":"Feature","geometry":{"type":"Polygon","coordinates":[[[-4.33419,5.28884],[-4.34845,5.28884],[-4.34845,5.3031],[-4.33419,5.3031],[-4.33419,5.28884]]]},"properties":{"region":"Lagunes","district":"Abidjan","floods_1m":1,"floods_2m":1,"floods_3m":1,"first_flood_m":1,"nests":true,"area_km2":2.504}},{"type":"Feature","geometry":{"type":"Polygon","coordinates":[[[-4.63361,5.20329],[-4.64787,5.20329],[-4.64787,5.21755],[-4.63361,5.21755],[-4.63361,5.20329]]]},"properties":{"region":"Lagunes","district":"Abidjan","floods_1m":1,"floods_2m":1,"floods_3m":1,"first_flood_m":1,"nests":true,"area_km2":2.504}},{"type":"Feature","geometry":{"type":"Polygon","coordinates":[[[-3.64981,5.44568],[-3.66406,5.44568],[-3.66406,5.45993],[-3.64981,5.45993],[-3.64981,5.44568]]]},"properties":{"region":"Lagunes","district":"Abidjan","floods_1m":1,"floods_2m":1,"floods_3m":1,"first_flood_m":1,"nests":true,"area_km2":2.499}},{"type":"Feature","geometry":{"type":"Polygon","coordinates":[[[-4.50529,5.23181],[-4.51954,5.23181],[-4.51954,5.24606],[-4.50529,5.24606],[-4.50529,5.23181]]]},"properties":{"region":"Lagunes","district":"Abidjan","floods_1m":1,"floods_2m":1,"floods_3m":1,"first_flood_m":1,"nests":true,"area_km2":2.5}},{"type":"Feature","geometry":{"type":"Polygon","coordinates":[[[-3.89219,5.31735],[-3.90645,5.31735],[-3.90645,5.33161],[-3.89219,5.33161],[-3.89219,5.31735]]]},"properties":{"region":"Lagunes","district":"Abidjan","floods_1m":1,"floods_2m":1,"floods_3m":1,"first_flood_m":1,"nests":true,"area_km2":2.503}},{"type":"Feature","geometry":{"type":"Polygon","coordinates":[[[-4.02051,5.27458],[-4.03477,5.27458],[-4.03477,5.27458],[-4.03477,5.28884],[-4.03477,5.28884],[-4.02051,5.28884],[-4.02051,5.27458]]]},"properties":{"region":"Lagunes","district":"Abidjan","floods_1m":1,"floods_2m":1,"floods_3m":1,"first_flood_m":1,"nests":true,"area_km2":2.504}},{"type":"Feature","geometry":{"type":"Polygon","coordinates":[[[-3.7211,5.26032],[-3.73535,5.26032],[-3.73535,5.27458],[-3.7211,5.27458],[-3.7211,5.26032]]]},"properties":{"region":"Lagunes","district":"Abidjan","floods_1m":1,"floods_2m":1,"floods_3m":1,"first_flood_m":1,"nests":true,"area_km2":2.502}},{"type":"Feature","geometry":{"type":"Polygon","coordinates":[[[-3.84942,5.23181],[-3.86368,5.23181],[-3.86368,5.24606],[-3.84942,5.24606],[-3.84942,5.23181]]]},"properties":{"region":"Lagunes","district":"Abidjan","floods_1m":1,"floods_2m":1,"floods_3m":1,"first_flood_m":1,"nests":true,"area_km2":2.502}},{"type":"Feature","geometry":{"type":"Polygon","coordinates":[[[-3.67832,5.41716],[-3.69258,5.41716],[-3.69258,5.43142],[-3.67832,5.43142],[-3.67832,5.41716]]]},"properties":{"region":"Lagunes","district":"Abidjan","floods_1m":1,"floods_2m":1,"floods_3m":1,"first_flood_m":1,"nests":true,"area_km2":2.503}},{"type":"Feature","geometry":{"type":"Polygon","coordinates":[[[-3.73535,5.24606],[-3.74961,5.24606],[-3.74961,5.24695],[-3.74961,5.26032],[-3.73535,5.26032],[-3.73535,5.24695],[-3.73535,5.24606]]]},"properties":{"region":"Lagunes","district":"Abidjan","floods_1m":1,"floods_2m":1,"floods_3m":1,"first_flood_m":1,"nests":true,"area_km2":2.504}},{"type":"Feature","geometry":{"type":"Polygon","coordinates":[[[-4.8047,5.18903],[-4.80716,5.18903],[-4.80804,5.20329],[-4.8047,5.20329],[-4.8047,5.18903]]]},"properties":{"region":"Lagunes","district":"Abidjan","floods_1m":1,"floods_2m":1,"floods_3m":1,"first_flood_m":1,"nests":true,"area_km2":0.509}},{"type":"Feature","geometry":{"type":"Polygon","coordinates":[[[-4.31993,5.21014],[-4.32236,5.21014],[-4.32236,5.20986],[-4.32347,5.20986],[-4.32347,5.20958],[-4.32931,5.20958],[-4.32931,5.2093],[-4.33042,5.2093],[-4.33042,5.20903],[-4.3307,5.20903],[-4.3307,5.20875],[-4.33125,5.20875],[-4.33125,5.20903],[-4.33181,5.20903],[-4.33181,5.20875],[-4.33208,5.20875],[-4.33208,5.20903],[-4.33403,5.20903],[-4.33403,5.20875],[-4.33419,5.20875],[-4.33419,5.21755],[-4.31993,5.21755],[-4.31993,5.21014]]]},"properties":{"region":"Lagunes","district":"Abidjan","floods_1m":1,"floods_2m":1,"floods_3m":1,"first_flood_m":1,"nests":true,"area_km2":1.412}},{"type":"Feature","geometry":{"type":"Polygon","coordinates":[[[-4.44825,5.21755],[-4.46251,5.21755],[-4.46251,5.23181],[-4.44825,5.23181],[-4.44825,5.21755]]]},"properties":{"region":"Lagunes","district":"Abidjan","floods_1m":1,"floods_2m":1,"floods_3m":1,"first_flood_m":1,"nests":true,"area_km2":2.504}},{"type":"Feature","geometry":{"type":"Polygon","coordinates":[[[-3.74961,5.34587],[-3.76387,5.34587],[-3.76387,5.36013],[-3.74961,5.36013],[-3.74961,5.34587]]]},"properties":{"region":"Lagunes","district":"Abidjan","floods_1m":1,"floods_2m":1,"floods_3m":1,"first_flood_m":1,"nests":true,"area_km2":2.503}},{"type":"Feature","geometry":{"type":"Polygon","coordinates":[[[-3.83516,5.37439],[-3.84942,5.37439],[-3.84942,5.38864],[-3.83516,5.38864],[-3.83516,5.37439]]]},"properties":{"region":"Lagunes","district":"Abidjan","floods_1m":1,"floods_2m":1,"floods_3m":1,"first_flood_m":1,"nests":true,"area_km2":2.501}},{"type":"Feature","geometry":{"type":"Polygon","coordinates":[[[-4.2629,5.27458],[-4.27716,5.27458],[-4.27716,5.28884],[-4.2629,5.28884],[-4.2629,5.27458]]]},"properties":{"region":"Lagunes","district":"Abidjan","floods_1m":1,"floods_2m":1,"floods_3m":1,"first_flood_m":1,"nests":true,"area_km2":2.504}},{"type":"Feature","geometry":{"type":"Polygon","coordinates":[[[-4.02051,5.24431],[-4.02569,5.24431],[-4.02569,5.24403],[-4.02708,5.24403],[-4.02708,5.24431],[-4.02736,5.24431],[-4.02736,5.24403],[-4.02764,5.24403],[-4.02764,5.24431],[-4.02958,5.24431],[-4.02958,5.24403],[-4.02986,5.24403],[-4.02986,5.24431],[-4.03097,5.24431],[-4.03097,5.24403],[-4.03236,5.24403],[-4.03236,5.24431],[-4.03403,5.24431],[-4.03403,5.24403],[-4.03477,5.24403],[-4.03477,5.24403],[-4.03477,5.24606],[-4.03477,5.24606],[-4.02051,5.24606],[-4.02051,5.24431]]]},"properties":{"region":"Lagunes","district":"Abidjan","floods_1m":1,"floods_2m":1,"floods_3m":1,"first_flood_m":1,"nests":true,"area_km2":0.321}},{"type":"Feature","geometry":{"type":"Polygon","coordinates":[[[-4.66212,5.26032],[-4.67638,5.26032],[-4.67638,5.27458],[-4.66212,5.27458],[-4.66212,5.26032]]]},"properties":{"region":"Lagunes","district":"Abidjan","floods_1m":1,"floods_2m":1,"floods_3m":1,"first_flood_m":1,"nests":true,"area_km2":2.504}},{"type":"Feature","geometry":{"type":"Polygon","coordinates":[[[-3.86368,5.28884],[-3.87793,5.28884],[-3.87793,5.3031],[-3.86368,5.3031],[-3.86368,5.28884]]]},"properties":{"region":"Lagunes","district":"Abidjan","floods_1m":1,"floods_2m":1,"floods_3m":1,"first_flood_m":1,"nests":true,"area_km2":2.502}},{"type":"Feature","geometry":{"type":"Polygon","coordinates":[[[-3.74961,5.21755],[-3.76387,5.21755],[-3.76387,5.23181],[-3.74961,5.23181],[-3.74961,5.21755]]]},"properties":{"region":"Lagunes","district":"Abidjan","floods_1m":1,"floods_2m":1,"floods_3m":1,"first_flood_m":1,"nests":true,"area_km2":2.504}},{"type":"Feature","geometry":{"type":"Polygon","coordinates":[[[-3.63555,5.21755],[-3.64981,5.21755],[-3.64981,5.23181],[-3.63555,5.23181],[-3.63555,5.21755]]]},"properties":{"region":"Lagunes","district":"Abidjan","floods_1m":1,"floods_2m":1,"floods_3m":1,"first_flood_m":1,"nests":true,"area_km2":2.504}},{"type":"Feature","geometry":{"type":"Polygon","coordinates":[[[-4.63361,5.18903],[-4.64787,5.18903],[-4.64787,5.20329],[-4.63361,5.20329],[-4.63361,5.18903]]]},"properties":{"region":"Lagunes","district":"Abidjan","floods_1m":0,"floods_2m":0,"floods_3m":1,"first_flood_m":3,"nests":true,"area_km2":2.504}},{"type":"Feature","geometry":{"type":"Polygon","coordinates":[[[-3.59277,5.18903],[-3.60703,5.18903],[-3.60703,5.20329],[-3.59277,5.20329],[-3.59277,5.18903]]]},"properties":{"region":"Lagunes","district":"Abidjan","floods_1m":0,"floods_2m":1,"floods_3m":1,"first_flood_m":2,"nests":true,"area_km2":2.504}},{"type":"Feature","geometry":{"type":"Polygon","coordinates":[[[-4.10606,5.24606],[-4.12032,5.24606],[-4.12032,5.24695],[-4.12032,5.26032],[-4.10606,5.26032],[-4.10606,5.24695],[-4.10606,5.24606]]]},"properties":{"region":"Lagunes","district":"Abidjan","floods_1m":0,"floods_2m":1,"floods_3m":1,"first_flood_m":2,"nests":true,"area_km2":2.504}},{"type":"Feature","geometry":{"type":"Polygon","coordinates":[[[-4.59083,5.21755],[-4.60509,5.21755],[-4.60509,5.23181],[-4.59083,5.23181],[-4.59083,5.21755]]]},"properties":{"region":"Lagunes","district":"Abidjan","floods_1m":1,"floods_2m":1,"floods_3m":1,"first_flood_m":1,"nests":true,"area_km2":2.504}},{"type":"Feature","geometry":{"type":"Polygon","coordinates":[[[-4.60509,5.26032],[-4.61935,5.26032],[-4.61935,5.27458],[-4.60509,5.27458],[-4.60509,5.26032]]]},"properties":{"region":"Lagunes","district":"Abidjan","floods_1m":1,"floods_2m":1,"floods_3m":1,"first_flood_m":1,"nests":true,"area_km2":2.504}},{"type":"Feature","geometry":{"type":"Polygon","coordinates":[[[-3.59277,5.26032],[-3.60703,5.26032],[-3.60703,5.27458],[-3.59277,5.27458],[-3.59277,5.26032]]]},"properties":{"region":"Lagunes","district":"Abidjan","floods_1m":1,"floods_2m":1,"floods_3m":1,"first_flood_m":1,"nests":true,"area_km2":2.504}},{"type":"Feature","geometry":{"type":"Polygon","coordinates":[[[-3.86368,5.4029],[-3.87793,5.4029],[-3.87793,5.41716],[-3.86368,5.41716],[-3.86368,5.4029]]]},"properties":{"region":"Lagunes","district":"Abidjan","floods_1m":1,"floods_2m":1,"floods_3m":1,"first_flood_m":1,"nests":true,"area_km2":2.501}},{"type":"Feature","geometry":{"type":"Polygon","coordinates":[[[-4.434,5.23181],[-4.44825,5.23181],[-4.44825,5.24606],[-4.434,5.24606],[-4.434,5.23181]]]},"properties":{"region":"Lagunes","district":"Abidjan","floods_1m":1,"floods_2m":1,"floods_3m":1,"first_flood_m":1,"nests":true,"area_km2":2.5}},{"type":"Feature","geometry":{"type":"Polygon","coordinates":[[[-3.84942,5.41716],[-3.86368,5.41716],[-3.86368,5.43142],[-3.84942,5.43142],[-3.84942,5.41716]]]},"properties":{"region":"Lagunes","district":"Abidjan","floods_1m":1,"floods_2m":1,"floods_3m":1,"first_flood_m":1,"nests":true,"area_km2":2.503}},{"type":"Feature","geometry":{"type":"Polygon","coordinates":[[[-4.77619,5.23181],[-4.79045,5.23181],[-4.79045,5.24606],[-4.77619,5.24606],[-4.77619,5.23181]]]},"properties":{"region":"Lagunes","district":"Abidjan","floods_1m":1,"floods_2m":1,"floods_3m":1,"first_flood_m":1,"nests":true,"area_km2":2.502}},{"type":"Feature","geometry":{"type":"Polygon","coordinates":[[[-4.66212,5.17097],[-4.66403,5.17097],[-4.66403,5.17069],[-4.66431,5.17069],[-4.66431,5.17042],[-4.66458,5.17042],[-4.66458,5.17069],[-4.66569,5.17069],[-4.66569,5.17042],[-4.66792,5.17042],[-4.66792,5.17014],[-4.67014,5.17014],[-4.67014,5.16986],[-4.67097,5.16986],[-4.67097,5.16958],[-4.67181,5.16958],[-4.67181,5.16931],[-4.67236,5.1693],[-4.67236,5.16903],[-4.67319,5.16903],[-4.67319,5.16875],[-4.67458,5.16875],[-4.67458,5.16847],[-4.67638,5.16847],[-4.67638,5.17477],[-4.66212,5.17477],[-4.66212,5.17097]]]},"properties":{"region":"Lagunes","district":"Abidjan","floods_1m":1,"floods_2m":1,"floods_3m":1,"first_flood_m":1,"nests":true,"area_km2":0.862}},{"type":"Feature","geometry":{"type":"Polygon","coordinates":[[[-4.434,5.28884],[-4.44825,5.28884],[-4.44825,5.3031],[-4.434,5.3031],[-4.434,5.28884]]]},"properties":{"region":"Lagunes","district":"Abidjan","floods_1m":1,"floods_2m":1,"floods_3m":1,"first_flood_m":1,"nests":true,"area_km2":2.502}},{"type":"Feature","geometry":{"type":"Polygon","coordinates":[[[-3.69258,5.33161],[-3.70684,5.33161],[-3.70684,5.34587],[-3.69258,5.34587],[-3.69258,5.33161]]]},"properties":{"region":"Lagunes","district":"Abidjan","floods_1m":0,"floods_2m":1,"floods_3m":1,"first_flood_m":2,"nests":true,"area_km2":2.503}},{"type":"Feature","geometry":{"type":"Polygon","coordinates":[[[-4.24864,5.21736],[-4.24864,5.21755],[-4.24653,5.21755],[-4.24653,5.21736],[-4.24864,5.21736]]]},"properties":{"region":"Lagunes","district":"Abidjan","floods_1m":0,"floods_2m":1,"floods_3m":1,"first_flood_m":2,"nests":true,"area_km2":0.005}},{"type":"Feature","geometry":{"type":"Polygon","coordinates":[[[-3.84942,5.26032],[-3.86368,5.26032],[-3.86368,5.27458],[-3.84942,5.27458],[-3.84942,5.26032]]]},"properties":{"region":"Lagunes","district":"Abidjan","floods_1m":1,"floods_2m":1,"floods_3m":1,"first_flood_m":1,"nests":true,"area_km2":2.504}},{"type":"Feature","geometry":{"type":"Polygon","coordinates":[[[-3.64981,5.47419],[-3.66406,5.47419],[-3.66406,5.48845],[-3.64981,5.48845],[-3.64981,5.47419]]]},"properties":{"region":"Lagunes","district":"Abidjan","floods_1m":1,"floods_2m":1,"floods_3m":1,"first_flood_m":1,"nests":true,"area_km2":2.501}},{"type":"Feature","geometry":{"type":"Polygon","coordinates":[[[-4.36271,5.31735],[-4.37696,5.31735],[-4.37696,5.33161],[-4.36271,5.33161],[-4.36271,5.31735]]]},"properties":{"region":"Lagunes","district":"Abidjan","floods_1m":1,"floods_2m":1,"floods_3m":1,"first_flood_m":1,"nests":true,"area_km2":2.502}},{"type":"Feature","geometry":{"type":"Polygon","coordinates":[[[-4.30567,5.4029],[-4.31993,5.4029],[-4.31993,5.41716],[-4.30567,5.41716],[-4.30567,5.4029]]]},"properties":{"region":"Lagunes","district":"Abidjan","floods_1m":0,"floods_2m":0,"floods_3m":1,"first_flood_m":3,"nests":true,"area_km2":2.503}},{"type":"Feature","geometry":{"type":"Polygon","coordinates":[[[-3.96348,5.33161],[-3.97774,5.33161],[-3.97774,5.34587],[-3.96348,5.34587],[-3.96348,5.33161]]]},"properties":{"region":"Lagunes","district":"Abidjan","floods_1m":0,"floods_2m":0,"floods_3m":1,"first_flood_m":3,"nests":true,"area_km2":2.503}},{"type":"Feature","geometry":{"type":"Polygon","coordinates":[[[-4.51954,5.26032],[-4.5338,5.26032],[-4.5338,5.27458],[-4.51954,5.27458],[-4.51954,5.26032]]]},"properties":{"region":"Lagunes","district":"Abidjan","floods_1m":1,"floods_2m":1,"floods_3m":1,"first_flood_m":1,"nests":true,"area_km2":2.504}},{"type":"Feature","geometry":{"type":"Polygon","coordinates":[[[-3.74961,5.31735],[-3.76387,5.31735],[-3.76387,5.33161],[-3.74961,5.33161],[-3.74961,5.31735]]]},"properties":{"region":"Lagunes","district":"Abidjan","floods_1m":1,"floods_2m":1,"floods_3m":1,"first_flood_m":1,"nests":true,"area_km2":2.503}},{"type":"Feature","geometry":{"type":"Polygon","coordinates":[[[-3.74961,5.26032],[-3.76387,5.26032],[-3.76387,5.27458],[-3.74961,5.27458],[-3.74961,5.26032]]]},"properties":{"region":"Lagunes","district":"Abidjan","floods_1m":1,"floods_2m":1,"floods_3m":1,"first_flood_m":1,"nests":true,"area_km2":2.504}},{"type":"Feature","geometry":{"type":"Polygon","coordinates":[[[-4.66212,5.18903],[-4.67638,5.18903],[-4.67638,5.20329],[-4.66212,5.20329],[-4.66212,5.18903]]]},"properties":{"region":"Lagunes","district":"Abidjan","floods_1m":1,"floods_2m":1,"floods_3m":1,"first_flood_m":1,"nests":true,"area_km2":2.504}},{"type":"Feature","geometry":{"type":"Polygon","coordinates":[[[-3.79239,5.26032],[-3.80664,5.26032],[-3.80664,5.27458],[-3.79239,5.27458],[-3.79239,5.26032]]]},"properties":{"region":"Lagunes","district":"Abidjan","floods_1m":1,"floods_2m":1,"floods_3m":1,"first_flood_m":1,"nests":true,"area_km2":2.502}},{"type":"Feature","geometry":{"type":"Polygon","coordinates":[[[-4.74767,5.18903],[-4.76193,5.18903],[-4.76193,5.20329],[-4.74767,5.20329],[-4.74767,5.18903]]]},"properties":{"region":"Lagunes","district":"Abidjan","floods_1m":1,"floods_2m":1,"floods_3m":1,"first_flood_m":1,"nests":true,"area_km2":2.504}},{"type":"Feature","geometry":{"type":"Polygon","coordinates":[[[-3.37891,5.19106],[-3.37956,5.18903],[-3.38758,5.18903],[-3.39316,5.19134],[-3.39316,5.20329],[-3.37891,5.20329],[-3.37891,5.19106]]]},"properties":{"region":"Lagunes","district":"Abidjan","floods_1m":0,"floods_2m":1,"floods_3m":1,"first_flood_m":2,"nests":true,"area_km2":2.415}},{"type":"Feature","geometry":{"type":"Polygon","coordinates":[[[-4.33419,5.23181],[-4.34845,5.23181],[-4.34845,5.24606],[-4.33419,5.24606],[-4.33419,5.23181]]]},"properties":{"region":"Lagunes","district":"Abidjan","floods_1m":1,"floods_2m":1,"floods_3m":1,"first_flood_m":1,"nests":true,"area_km2":2.502}},{"type":"Feature","geometry":{"type":"Polygon","coordinates":[[[-4.66212,5.20329],[-4.67638,5.20329],[-4.67638,5.21755],[-4.66212,5.21755],[-4.66212,5.20329]]]},"properties":{"region":"Lagunes","district":"Abidjan","floods_1m":1,"floods_2m":1,"floods_3m":1,"first_flood_m":1,"nests":true,"area_km2":2.504}},{"type":"Feature","geometry":{"type":"Polygon","coordinates":[[[-3.59277,5.33161],[-3.60703,5.33161],[-3.60703,5.34587],[-3.59277,5.34587],[-3.59277,5.33161]]]},"properties":{"region":"Lagunes","district":"Abidjan","floods_1m":0,"floods_2m":1,"floods_3m":1,"first_flood_m":2,"nests":true,"area_km2":2.503}},{"type":"Feature","geometry":{"type":"Polygon","coordinates":[[[-3.67832,5.24606],[-3.69258,5.24606],[-3.69258,5.24695],[-3.69258,5.26032],[-3.67832,5.26032],[-3.67832,5.24695],[-3.67832,5.24606]]]},"properties":{"region":"Lagunes","district":"Abidjan","floods_1m":1,"floods_2m":1,"floods_3m":1,"first_flood_m":1,"nests":true,"area_km2":2.504}},{"type":"Feature","geometry":{"type":"Polygon","coordinates":[[[-3.70684,5.23181],[-3.7211,5.23181],[-3.7211,5.24606],[-3.70684,5.24606],[-3.70684,5.23181]]]},"properties":{"region":"Lagunes","district":"Abidjan","floods_1m":1,"floods_2m":1,"floods_3m":1,"first_flood_m":1,"nests":true,"area_km2":2.502}},{"type":"Feature","geometry":{"type":"Polygon","coordinates":[[[-3.69258,5.23181],[-3.70684,5.23181],[-3.70684,5.24606],[-3.69258,5.24606],[-3.69258,5.23181]]]},"properties":{"region":"Lagunes","district":"Abidjan","floods_1m":1,"floods_2m":1,"floods_3m":1,"first_flood_m":1,"nests":true,"area_km2":2.502}},{"type":"Feature","geometry":{"type":"Polygon","coordinates":[[[-4.54806,5.23181],[-4.56232,5.23181],[-4.56232,5.24606],[-4.54806,5.24606],[-4.54806,5.23181]]]},"properties":{"region":"Lagunes","district":"Abidjan","floods_1m":1,"floods_2m":1,"floods_3m":1,"first_flood_m":1,"nests":true,"area_km2":2.502}},{"type":"Feature","geometry":{"type":"Polygon","coordinates":[[[-4.02051,5.24606],[-4.03477,5.24606],[-4.03477,5.24606],[-4.03477,5.24695],[-4.03477,5.26032],[-4.03477,5.26032],[-4.02051,5.26032],[-4.02051,5.24606]]]},"properties":{"region":"Lagunes","district":"Abidjan","floods_1m":1,"floods_2m":1,"floods_3m":1,"first_flood_m":1,"nests":true,"area_km2":2.504}},{"type":"Feature","geometry":{"type":"Polygon","coordinates":[[[-3.8209,5.41716],[-3.83516,5.41716],[-3.83516,5.43142],[-3.8209,5.43142],[-3.8209,5.41716]]]},"properties":{"region":"Lagunes","district":"Abidjan","floods_1m":0,"floods_2m":1,"floods_3m":1,"first_flood_m":2,"nests":true,"area_km2":2.503}},{"type":"Feature","geometry":{"type":"Polygon","coordinates":[[[-3.67832,5.3031],[-3.69258,5.3031],[-3.69258,5.31735],[-3.67832,5.31735],[-3.67832,5.3031]]]},"properties":{"region":"Lagunes","district":"Abidjan","floods_1m":0,"floods_2m":0,"floods_3m":1,"first_flood_m":3,"nests":true,"area_km2":2.502}},{"type":"Feature","geometry":{"type":"Polygon","coordinates":[[[-4.36271,5.27458],[-4.37696,5.27458],[-4.37696,5.28884],[-4.36271,5.28884],[-4.36271,5.27458]]]},"properties":{"region":"Lagunes","district":"Abidjan","floods_1m":1,"floods_2m":1,"floods_3m":1,"first_flood_m":1,"nests":true,"area_km2":2.502}},{"type":"Feature","geometry":{"type":"Polygon","coordinates":[[[-4.23438,5.45993],[-4.24864,5.45993],[-4.24864,5.47419],[-4.23438,5.47419],[-4.23438,5.45993]]]},"properties":{"region":"Lagunes","district":"Abidjan","floods_1m":0,"floods_2m":1,"floods_3m":1,"first_flood_m":2,"nests":true,"area_km2":2.503}},{"type":"Feature","geometry":{"type":"Polygon","coordinates":[[[-4.60509,5.23181],[-4.61935,5.23181],[-4.61935,5.24606],[-4.60509,5.24606],[-4.60509,5.23181]]]},"properties":{"region":"Lagunes","district":"Abidjan","floods_1m":1,"floods_2m":1,"floods_3m":1,"first_flood_m":1,"nests":true,"area_km2":2.502}},{"type":"Feature","geometry":{"type":"Polygon","coordinates":[[[-3.62129,5.3031],[-3.63555,5.3031],[-3.63555,5.31735],[-3.62129,5.31735],[-3.62129,5.3031]]]},"properties":{"region":"Lagunes","district":"Abidjan","floods_1m":1,"floods_2m":1,"floods_3m":1,"first_flood_m":1,"nests":true,"area_km2":2.502}},{"type":"Feature","geometry":{"type":"Polygon","coordinates":[[[-3.90645,5.27458],[-3.92071,5.27458],[-3.92071,5.28884],[-3.90645,5.28884],[-3.90645,5.27458]]]},"properties":{"region":"Lagunes","district":"Abidjan","floods_1m":1,"floods_2m":1,"floods_3m":1,"first_flood_m":1,"nests":true,"area_km2":2.504}},{"type":"Feature","geometry":{"type":"Polygon","coordinates":[[[-3.992,5.25458],[-3.99236,5.25458],[-3.99236,5.2543],[-3.99264,5.2543],[-3.99264,5.25403],[-3.99514,5.25403],[-3.99514,5.25375],[-3.99569,5.25375],[-3.99569,5.25347],[-3.99625,5.25347],[-3.99625,5.25319],[-3.99653,5.25319],[-3.99653,5.25292],[-3.99708,5.25292],[-3.99708,5.25264],[-3.99764,5.25264],[-3.99764,5.25236],[-4.00014,5.25236],[-4.00153,5.25236],[-4.00153,5.25208],[-4.00153,5.25181],[-4.00181,5.25181],[-4.00181,5.25153],[-4.00208,5.25153],[-4.00208,5.25097],[-4.00181,5.25097],[-4.00181,5.2507],[-4.00208,5.2507],[-4.00208,5.24986],[-4.00236,5.24986],[-4.00236,5.24958],[-4.00319,5.24958],[-4.00319,5.24986],[-4.00375,5.24986],[-4.00375,5.24958],[-4.00403,5.24958],[-4.00403,5.24903],[-4.0043,5.24903],[-4.0043,5.24875],[-4.00458,5.24875],[-4.00458,5.24847],[-4.0043,5.24847],[-4.0043,5.24819],[-4.00403,5.24819],[-4.00403,5.24792],[-4.00375,5.24792],[-4.00375,5.24764],[-4.00347,5.24764],[-4.00347,5.24736],[-4.00319,5.24736],[-4.00319,5.24708],[-4.00264,5.24708],[-4.00264,5.24681],[-4.00153,5.24681],[-4.00153,5.24653],[-4.00181,5.24653],[-4.00181,5.24625],[-4.00208,5.24625],[-4.00208,5.24606],[-4.00264,5.24606],[-4.00264,5.24625],[-4.00292,5.24625],[-4.00292,5.24653],[-4.00347,5.24653],[-4.00347,5.24681],[-4.0043,5.24681],[-4.0043,5.24653],[-4.00542,5.24653],[-4.00542,5.24625],[-4.00597,5.24625],[-4.00597,5.24606],[-4.00626,5.24606],[-4.00626,5.24695],[-4.00626,5.26032],[-3.992,5.26032],[-3.992,5.25458]]]},"properties":{"region":"Lagunes","district":"Abidjan","floods_1m":1,"floods_2m":1,"floods_3m":1,"first_flood_m":1,"nests":true,"area_km2":1.555}},{"type":"Feature","geometry":{"type":"Polygon","coordinates":[[[-3.76387,5.37439],[-3.77813,5.37439],[-3.77813,5.38864],[-3.76387,5.38864],[-3.76387,5.37439]]]},"properties":{"region":"Lagunes","district":"Abidjan","floods_1m":1,"floods_2m":1,"floods_3m":1,"first_flood_m":1,"nests":true,"area_km2":2.501}},{"type":"Feature","geometry":{"type":"Polygon","coordinates":[[[-4.29142,5.33161],[-4.30567,5.33161],[-4.30567,5.34587],[-4.29142,5.34587],[-4.29142,5.33161]]]},"properties":{"region":"Lagunes","district":"Abidjan","floods_1m":1,"floods_2m":1,"floods_3m":1,"first_flood_m":1,"nests":true,"area_km2":2.502}},{"type":"Feature","geometry":{"type":"Polygon","coordinates":[[[-3.53574,5.18903],[-3.55,5.18903],[-3.55,5.20329],[-3.53574,5.20329],[-3.53574,5.18903]]]},"properties":{"region":"Lagunes","district":"Abidjan","floods_1m":0,"floods_2m":1,"floods_3m":1,"first_flood_m":2,"nests":true,"area_km2":2.504}},{"type":"Feature","geometry":{"type":"Polygon","coordinates":[[[-3.96348,5.25181],[-3.96375,5.25181],[-3.96375,5.25208],[-3.96458,5.25208],[-3.96458,5.25236],[-3.96514,5.25236],[-3.96514,5.25264],[-3.96569,5.25264],[-3.96569,5.25292],[-3.96625,5.25292],[-3.96625,5.25319],[-3.96681,5.25319],[-3.96681,5.25347],[-3.96792,5.25347],[-3.96792,5.25375],[-3.96903,5.25375],[-3.96903,5.25403],[-3.97042,5.25403],[-3.97042,5.2543],[-3.97181,5.2543],[-3.97181,5.25458],[-3.97347,5.25458],[-3.97347,5.25486],[-3.97486,5.25486],[-3.97486,5.25514],[-3.97774,5.25514],[-3.97774,5.26032],[-3.96348,5.26032],[-3.96348,5.25181]]]},"properties":{"region":"Lagunes","district":"Abidjan","floods_1m":1,"floods_2m":1,"floods_3m":1,"first_flood_m":1,"nests":true,"area_km2":1.108}},{"type":"Feature","geometry":{"type":"Polygon","coordinates":[[[-4.44825,5.3031],[-4.46251,5.3031],[-4.46251,5.31735],[-4.44825,5.31735],[-4.44825,5.3031]]]},"properties":{"region":"Lagunes","district":"Abidjan","floods_1m":1,"floods_2m":1,"floods_3m":1,"first_flood_m":1,"nests":true,"area_km2":2.502}},{"type":"Feature","geometry":{"type":"Polygon","coordinates":[[[-3.62129,5.24606],[-3.63555,5.24606],[-3.63555,5.24695],[-3.63555,5.26032],[-3.62129,5.26032],[-3.62129,5.24695],[-3.62129,5.24606]]]},"properties":{"region":"Lagunes","district":"Abidjan","floods_1m":1,"floods_2m":1,"floods_3m":1,"first_flood_m":1,"nests":true,"area_km2":2.504}},{"type":"Feature","geometry":{"type":"Polygon","coordinates":[[[-4.5338,5.21755],[-4.54806,5.21755],[-4.54806,5.23181],[-4.5338,5.23181],[-4.5338,5.21755]]]},"properties":{"region":"Lagunes","district":"Abidjan","floods_1m":1,"floods_2m":1,"floods_3m":1,"first_flood_m":1,"nests":true,"area_km2":2.504}},{"type":"Feature","geometry":{"type":"Polygon","coordinates":[[[-3.66406,5.20329],[-3.67832,5.20329],[-3.67832,5.21755],[-3.66406,5.21755],[-3.66406,5.20329]]]},"properties":{"region":"Lagunes","district":"Abidjan","floods_1m":1,"floods_2m":1,"floods_3m":1,"first_flood_m":1,"nests":true,"area_km2":2.504}},{"type":"Feature","geometry":{"type":"Polygon","coordinates":[[[-4.14884,5.28884],[-4.16309,5.28884],[-4.16309,5.3031],[-4.14884,5.3031],[-4.14884,5.28884]]]},"properties":{"region":"Lagunes","district":"Abidjan","floods_1m":1,"floods_2m":1,"floods_3m":1,"first_flood_m":1,"nests":true,"area_km2":2.502}},{"type":"Feature","geometry":{"type":"Polygon","coordinates":[[[-3.93497,5.31735],[-3.94922,5.31735],[-3.94922,5.33161],[-3.93497,5.33161],[-3.93497,5.31735]]]},"properties":{"region":"Lagunes","district":"Abidjan","floods_1m":1,"floods_2m":1,"floods_3m":1,"first_flood_m":1,"nests":true,"area_km2":2.502}},{"type":"Feature","geometry":{"type":"Polygon","coordinates":[[[-3.96348,5.3031],[-3.97774,5.3031],[-3.97774,5.31735],[-3.96348,5.31735],[-3.96348,5.3031]]]},"properties":{"region":"Lagunes","district":"Abidjan","floods_1m":1,"floods_2m":1,"floods_3m":1,"first_flood_m":1,"nests":true,"area_km2":2.502}},{"type":"Feature","geometry":{"type":"Polygon","coordinates":[[[-4.34845,5.23181],[-4.36271,5.23181],[-4.36271,5.24606],[-4.34845,5.24606],[-4.34845,5.23181]]]},"properties":{"region":"Lagunes","district":"Abidjan","floods_1m":0,"floods_2m":0,"floods_3m":1,"first_flood_m":3,"nests":true,"area_km2":2.502}},{"type":"Feature","geometry":{"type":"Polygon","coordinates":[[[-4.69064,5.28884],[-4.7049,5.28884],[-4.7049,5.3031],[-4.69064,5.3031],[-4.69064,5.28884]]]},"properties":{"region":"Lagunes","district":"Abidjan","floods_1m":1,"floods_2m":1,"floods_3m":1,"first_flood_m":1,"nests":true,"area_km2":2.504}},{"type":"Feature","geometry":{"type":"Polygon","coordinates":[[[-3.73535,5.31735],[-3.74961,5.31735],[-3.74961,5.33161],[-3.73535,5.33161],[-3.73535,5.31735]]]},"properties":{"region":"Lagunes","district":"Abidjan","floods_1m":1,"floods_2m":1,"floods_3m":1,"first_flood_m":1,"nests":true,"area_km2":2.503}},{"type":"Feature","geometry":{"type":"Polygon","coordinates":[[[-4.20587,5.27458],[-4.22013,5.27458],[-4.22013,5.28884],[-4.20587,5.28884],[-4.20587,5.27458]]]},"properties":{"region":"Lagunes","district":"Abidjan","floods_1m":1,"floods_2m":1,"floods_3m":1,"first_flood_m":1,"nests":true,"area_km2":2.504}},{"type":"Feature","geometry":{"type":"Polygon","coordinates":[[[-3.57852,5.17069],[-3.5793,5.17069],[-3.5793,5.17097],[-3.58319,5.17097],[-3.58319,5.17125],[-3.58542,5.17125],[-3.58542,5.17153],[-3.58764,5.17153],[-3.58764,5.1718],[-3.58875,5.1718],[-3.58875,5.17153],[-3.59014,5.17153],[-3.59014,5.17125],[-3.59181,5.17125],[-3.59181,5.17153],[-3.59236,5.17153],[-3.59236,5.1718],[-3.59264,5.1718],[-3.59264,5.17208],[-3.59277,5.17208],[-3.59277,5.17477],[-3.57852,5.17477],[-3.57852,5.17069]]]},"properties":{"region":"Lagunes","district":"Abidjan","floods_1m":1,"floods_2m":1,"floods_3m":1,"first_flood_m":1,"nests":true,"area_km2":0.611}},{"type":"Feature","geometry":{"type":"Polygon","coordinates":[[[-3.90645,5.4029],[-3.92071,5.4029],[-3.92071,5.41716],[-3.90645,5.41716],[-3.90645,5.4029]]]},"properties":{"region":"Lagunes","district":"Abidjan","floods_1m":1,"floods_2m":1,"floods_3m":1,"first_flood_m":1,"nests":true,"area_km2":2.503}},{"type":"Feature","geometry":{"type":"Polygon","coordinates":[[[-3.92071,5.44568],[-3.93497,5.44568],[-3.93497,5.45993],[-3.92071,5.45993],[-3.92071,5.44568]]]},"properties":{"region":"Lagunes","district":"Abidjan","floods_1m":1,"floods_2m":1,"floods_3m":1,"first_flood_m":1,"nests":true,"area_km2":2.501}},{"type":"Feature","geometry":{"type":"Polygon","coordinates":[[[-3.52149,5.18903],[-3.53574,5.18903],[-3.53574,5.20329],[-3.52149,5.20329],[-3.52149,5.18903]]]},"properties":{"region":"Lagunes","district":"Abidjan","floods_1m":1,"floods_2m":1,"floods_3m":1,"first_flood_m":1,"nests":true,"area_km2":2.502}},{"type":"Feature","geometry":{"type":"Polygon","coordinates":[[[-3.69258,5.31735],[-3.70684,5.31735],[-3.70684,5.33161],[-3.69258,5.33161],[-3.69258,5.31735]]]},"properties":{"region":"Lagunes","district":"Abidjan","floods_1m":0,"floods_2m":1,"floods_3m":1,"first_flood_m":2,"nests":true,"area_km2":2.503}},{"type":"Feature","geometry":{"type":"Polygon","coordinates":[[[-4.22013,5.21986],[-4.22375,5.21986],[-4.22375,5.21958],[-4.22403,5.21958],[-4.22403,5.21986],[-4.22486,5.21986],[-4.22486,5.21958],[-4.22597,5.21958],[-4.22597,5.21986],[-4.22681,5.21986],[-4.22681,5.21958],[-4.22736,5.21958],[-4.22736,5.21903],[-4.23264,5.21903],[-4.23264,5.21875],[-4.23438,5.21875],[-4.23438,5.23181],[-4.22013,5.23181],[-4.22013,5.21986]]]},"properties":{"region":"Lagunes","district":"Abidjan","floods_1m":1,"floods_2m":1,"floods_3m":1,"first_flood_m":1,"nests":true,"area_km2":2.181}},{"type":"Feature","geometry":{"type":"Polygon","coordinates":[[[-3.70684,5.24606],[-3.7211,5.24606],[-3.7211,5.24695],[-3.7211,5.26032],[-3.70684,5.26032],[-3.70684,5.24695],[-3.70684,5.24606]]]},"properties":{"region":"Lagunes","district":"Abidjan","floods_1m":1,"floods_2m":1,"floods_3m":1,"first_flood_m":1,"nests":true,"area_km2":2.504}},{"type":"Feature","geometry":{"type":"Polygon","coordinates":[[[-4.30567,5.38864],[-4.31993,5.38864],[-4.31993,5.4029],[-4.30567,5.4029],[-4.30567,5.38864]]]},"properties":{"region":"Lagunes","district":"Abidjan","floods_1m":1,"floods_2m":1,"floods_3m":1,"first_flood_m":1,"nests":true,"area_km2":2.503}},{"type":"Feature","geometry":{"type":"Polygon","coordinates":[[[-3.73535,5.21755],[-3.74961,5.21755],[-3.74961,5.23181],[-3.73535,5.23181],[-3.73535,5.21755]]]},"properties":{"region":"Lagunes","district":"Abidjan","floods_1m":1,"floods_2m":1,"floods_3m":1,"first_flood_m":1,"nests":true,"area_km2":2.504}},{"type":"Feature","geometry":{"type":"Polygon","coordinates":[[[-4.46251,5.28884],[-4.47677,5.28884],[-4.47677,5.3031],[-4.46251,5.3031],[-4.46251,5.28884]]]},"properties":{"region":"Lagunes","district":"Abidjan","floods_1m":1,"floods_2m":1,"floods_3m":1,"first_flood_m":1,"nests":true,"area_km2":2.504}},{"type":"Feature","geometry":{"type":"Polygon","coordinates":[[[-3.60703,5.18903],[-3.62129,5.18903],[-3.62129,5.20329],[-3.60703,5.20329],[-3.60703,5.18903]]]},"properties":{"region":"Lagunes","district":"Abidjan","floods_1m":1,"floods_2m":1,"floods_3m":1,"first_flood_m":1,"nests":true,"area_km2":2.504}},{"type":"Feature","geometry":{"type":"Polygon","coordinates":[[[-3.8209,5.21755],[-3.83097,5.21755],[-3.83097,5.21764],[-3.83153,5.21764],[-3.83153,5.21792],[-3.83236,5.21792],[-3.83236,5.21819],[-3.83292,5.21819],[-3.83292,5.21847],[-3.83375,5.21847],[-3.83375,5.21875],[-3.83431,5.21875],[-3.83431,5.21903],[-3.83514,5.21903],[-3.83514,5.21931],[-3.83516,5.21931],[-3.83516,5.23181],[-3.8209,5.23181],[-3.8209,5.21755]]]},"properties":{"region":"Lagunes","district":"Abidjan","floods_1m":1,"floods_2m":1,"floods_3m":1,"first_flood_m":1,"nests":true,"area_km2":2.462}},{"type":"Feature","geometry":{"type":"Polygon","coordinates":[[[-4.23438,5.43142],[-4.24864,5.43142],[-4.24864,5.44568],[-4.23438,5.44568],[-4.23438,5.43142]]]},"properties":{"region":"Lagunes","district":"Abidjan","floods_1m":0,"floods_2m":0,"floods_3m":1,"first_flood_m":3,"nests":true,"area_km2":2.503}},{"type":"Feature","geometry":{"type":"Polygon","coordinates":[[[-4.02051,5.33161],[-4.03477,5.33161],[-4.03477,5.33161],[-4.03477,5.34587],[-4.03477,5.34587],[-4.02051,5.34587],[-4.02051,5.33161]]]},"properties":{"region":"Lagunes","district":"Abidjan","floods_1m":1,"floods_2m":1,"floods_3m":1,"first_flood_m":1,"nests":true,"area_km2":2.503}},{"type":"Feature","geometry":{"type":"Polygon","coordinates":[[[-3.80664,5.21755],[-3.8209,5.21755],[-3.8209,5.23181],[-3.80664,5.23181],[-3.80664,5.21755]]]},"properties":{"region":"Lagunes","district":"Abidjan","floods_1m":0,"floods_2m":1,"floods_3m":1,"first_flood_m":2,"nests":true,"area_km2":2.504}},{"type":"Feature","geometry":{"type":"Polygon","coordinates":[[[-4.31993,5.28884],[-4.33419,5.28884],[-4.33419,5.3031],[-4.31993,5.3031],[-4.31993,5.28884]]]},"properties":{"region":"Lagunes","district":"Abidjan","floods_1m":1,"floods_2m":1,"floods_3m":1,"first_flood_m":1,"nests":true,"area_km2":2.504}},{"type":"Feature","geometry":{"type":"Polygon","coordinates":[[[-4.10606,5.3031],[-4.12032,5.3031],[-4.12032,5.31735],[-4.10606,5.31735],[-4.10606,5.3031]]]},"properties":{"region":"Lagunes","district":"Abidjan","floods_1m":1,"floods_2m":1,"floods_3m":1,"first_flood_m":1,"nests":true,"area_km2":2.502}},{"type":"Feature","geometry":{"type":"Polygon","coordinates":[[[-3.97774,5.27458],[-3.992,5.27458],[-3.992,5.28884],[-3.97774,5.28884],[-3.97774,5.27458]]]},"properties":{"region":"Lagunes","district":"Abidjan","floods_1m":1,"floods_2m":1,"floods_3m":1,"first_flood_m":1,"nests":true,"area_km2":2.504}},{"type":"Feature","geometry":{"type":"Polygon","coordinates":[[[-3.8209,5.27458],[-3.83516,5.27458],[-3.83516,5.28884],[-3.8209,5.28884],[-3.8209,5.27458]]]},"properties":{"region":"Lagunes","district":"Abidjan","floods_1m":1,"floods_2m":1,"floods_3m":1,"first_flood_m":1,"nests":true,"area_km2":2.504}},{"type":"Feature","geometry":{"type":"Polygon","coordinates":[[[-3.69258,5.28884],[-3.70684,5.28884],[-3.70684,5.3031],[-3.69258,5.3031],[-3.69258,5.28884]]]},"properties":{"region":"Lagunes","district":"Abidjan","floods_1m":1,"floods_2m":1,"floods_3m":1,"first_flood_m":1,"nests":true,"area_km2":2.504}},{"type":"Feature","geometry":{"type":"Polygon","coordinates":[[[-4.12032,5.28884],[-4.13458,5.28884],[-4.13458,5.3031],[-4.12032,5.3031],[-4.12032,5.28884]]]},"properties":{"region":"Lagunes","district":"Abidjan","floods_1m":1,"floods_2m":1,"floods_3m":1,"first_flood_m":1,"nests":true,"area_km2":2.504}},{"type":"Feature","geometry":{"type":"Polygon","coordinates":[[[-3.57852,5.36013],[-3.59277,5.36013],[-3.59277,5.37439],[-3.57852,5.37439],[-3.57852,5.36013]]]},"properties":{"region":"Lagunes","district":"Abidjan","floods_1m":1,"floods_2m":1,"floods_3m":1,"first_flood_m":1,"nests":true,"area_km2":2.501}},{"type":"Feature","geometry":{"type":"Polygon","coordinates":[[[-3.80664,5.20847],[-3.80708,5.20847],[-3.80708,5.20875],[-3.80764,5.20875],[-3.80764,5.20903],[-3.80792,5.20903],[-3.80792,5.2093],[-3.80847,5.2093],[-3.80847,5.20958],[-3.80958,5.20958],[-3.80958,5.20986],[-3.81069,5.20986],[-3.81069,5.21014],[-3.81153,5.21014],[-3.81153,5.21042],[-3.81264,5.21042],[-3.81264,5.21069],[-3.81403,5.21069],[-3.81403,5.21097],[-3.81486,5.21097],[-3.81486,5.21125],[-3.81569,5.21125],[-3.81569,5.21153],[-3.81653,5.21153],[-3.81653,5.21181],[-3.81736,5.21181],[-3.81736,5.21208],[-3.8182,5.21208],[-3.8182,5.21236],[-3.81903,5.21236],[-3.81903,5.21264],[-3.81986,5.21264],[-3.81986,5.21292],[-3.82069,5.21292],[-3.82069,5.21319],[-3.8209,5.21319],[-3.8209,5.21755],[-3.80664,5.21755],[-3.80664,5.20847]]]},"properties":{"region":"Lagunes","district":"Abidjan","floods_1m":1,"floods_2m":1,"floods_3m":1,"first_flood_m":1,"nests":true,"area_km2":1.172}},{"type":"Feature","geometry":{"type":"Polygon","coordinates":[[[-3.992,5.27458],[-4.00626,5.27458],[-4.00626,5.28884],[-3.992,5.28884],[-3.992,5.27458]]]},"properties":{"region":"Lagunes","district":"Abidjan","floods_1m":1,"floods_2m":1,"floods_3m":1,"first_flood_m":1,"nests":true,"area_km2":2.504}},{"type":"Feature","geometry":{"type":"Polygon","coordinates":[[[-3.63555,5.38864],[-3.64981,5.38864],[-3.64981,5.4029],[-3.63555,5.4029],[-3.63555,5.38864]]]},"properties":{"region":"Lagunes","district":"Abidjan","floods_1m":0,"floods_2m":0,"floods_3m":1,"first_flood_m":3,"nests":true,"area_km2":2.503}},{"type":"Feature","geometry":{"type":"Polygon","coordinates":[[[-4.69064,5.21755],[-4.7049,5.21755],[-4.7049,5.23181],[-4.69064,5.23181],[-4.69064,5.21755]]]},"properties":{"region":"Lagunes","district":"Abidjan","floods_1m":1,"floods_2m":1,"floods_3m":1,"first_flood_m":1,"nests":true,"area_km2":2.504}},{"type":"Feature","geometry":{"type":"Polygon","coordinates":[[[-3.86368,5.3031],[-3.87793,5.3031],[-3.87793,5.31735],[-3.86368,5.31735],[-3.86368,5.3031]]]},"properties":{"region":"Lagunes","district":"Abidjan","floods_1m":1,"floods_2m":1,"floods_3m":1,"first_flood_m":1,"nests":true,"area_km2":2.5}},{"type":"Feature","geometry":{"type":"Polygon","coordinates":[[[-4.73341,5.26032],[-4.74767,5.26032],[-4.74767,5.27458],[-4.73341,5.27458],[-4.73341,5.26032]]]},"properties":{"region":"Lagunes","district":"Abidjan","floods_1m":1,"floods_2m":1,"floods_3m":1,"first_flood_m":1,"nests":true,"area_km2":2.504}},{"type":"Feature","geometry":{"type":"Polygon","coordinates":[[[-3.77813,5.21755],[-3.79239,5.21755],[-3.79239,5.23181],[-3.77813,5.23181],[-3.77813,5.21755]]]},"properties":{"region":"Lagunes","district":"Abidjan","floods_1m":1,"floods_2m":1,"floods_3m":1,"first_flood_m":1,"nests":true,"area_km2":2.504}},{"type":"Feature","geometry":{"type":"Polygon","coordinates":[[[-3.74961,5.36013],[-3.76387,5.36013],[-3.76387,5.37439],[-3.74961,5.37439],[-3.74961,5.36013]]]},"properties":{"region":"Lagunes","district":"Abidjan","floods_1m":1,"floods_2m":1,"floods_3m":1,"first_flood_m":1,"nests":true,"area_km2":2.503}},{"type":"Feature","geometry":{"type":"Polygon","coordinates":[[[-4.34845,5.24606],[-4.36271,5.24606],[-4.36271,5.24695],[-4.36271,5.26032],[-4.34845,5.26032],[-4.34845,5.24695],[-4.34845,5.24606]]]},"properties":{"region":"Lagunes","district":"Abidjan","floods_1m":1,"floods_2m":1,"floods_3m":1,"first_flood_m":1,"nests":true,"area_km2":2.504}},{"type":"Feature","geometry":{"type":"Polygon","coordinates":[[[-4.33419,5.3031],[-4.34845,5.3031],[-4.34845,5.31735],[-4.33419,5.31735],[-4.33419,5.3031]]]},"properties":{"region":"Lagunes","district":"Abidjan","floods_1m":1,"floods_2m":1,"floods_3m":1,"first_flood_m":1,"nests":true,"area_km2":2.502}},{"type":"Feature","geometry":{"type":"Polygon","coordinates":[[[-4.67638,5.27458],[-4.69064,5.27458],[-4.69064,5.28884],[-4.67638,5.28884],[-4.67638,5.27458]]]},"properties":{"region":"Lagunes","district":"Abidjan","floods_1m":1,"floods_2m":1,"floods_3m":1,"first_flood_m":1,"nests":true,"area_km2":2.504}},{"type":"Feature","geometry":{"type":"Polygon","coordinates":[[[-4.06329,5.26032],[-4.07755,5.26032],[-4.07755,5.27458],[-4.06329,5.27458],[-4.06329,5.26032]]]},"properties":{"region":"Lagunes","district":"Abidjan","floods_1m":1,"floods_2m":1,"floods_3m":1,"first_flood_m":1,"nests":true,"area_km2":2.504}},{"type":"Feature","geometry":{"type":"Polygon","coordinates":[[[-4.50529,5.26032],[-4.51954,5.26032],[-4.51954,5.27458],[-4.50529,5.27458],[-4.50529,5.26032]]]},"properties":{"region":"Lagunes","district":"Abidjan","floods_1m":1,"floods_2m":1,"floods_3m":1,"first_flood_m":1,"nests":true,"area_km2":2.502}},{"type":"Feature","geometry":{"type":"Polygon","coordinates":[[[-4.64787,5.34587],[-4.66212,5.34587],[-4.66212,5.36013],[-4.64787,5.36013],[-4.64787,5.34587]]]},"properties":{"region":"Lagunes","district":"Abidjan","floods_1m":0,"floods_2m":1,"floods_3m":1,"first_flood_m":2,"nests":true,"area_km2":2.502}},{"type":"Feature","geometry":{"type":"Polygon","coordinates":[[[-4.61935,5.21755],[-4.63361,5.21755],[-4.63361,5.23181],[-4.61935,5.23181],[-4.61935,5.21755]]]},"properties":{"region":"Lagunes","district":"Abidjan","floods_1m":1,"floods_2m":1,"floods_3m":1,"first_flood_m":1,"nests":true,"area_km2":2.504}},{"type":"Feature","geometry":{"type":"Polygon","coordinates":[[[-4.61935,5.20329],[-4.63361,5.20329],[-4.63361,5.21755],[-4.61935,5.21755],[-4.61935,5.20329]]]},"properties":{"region":"Lagunes","district":"Abidjan","floods_1m":1,"floods_2m":1,"floods_3m":1,"first_flood_m":1,"nests":true,"area_km2":2.504}},{"type":"Feature","geometry":{"type":"Polygon","coordinates":[[[-4.5338,5.23181],[-4.54806,5.23181],[-4.54806,5.24606],[-4.5338,5.24606],[-4.5338,5.23181]]]},"properties":{"region":"Lagunes","district":"Abidjan","floods_1m":1,"floods_2m":1,"floods_3m":1,"first_flood_m":1,"nests":true,"area_km2":2.502}},{"type":"Feature","geometry":{"type":"Polygon","coordinates":[[[-4.7049,5.20329],[-4.71916,5.20329],[-4.71916,5.21755],[-4.7049,5.21755],[-4.7049,5.20329]]]},"properties":{"region":"Lagunes","district":"Abidjan","floods_1m":1,"floods_2m":1,"floods_3m":1,"first_flood_m":1,"nests":true,"area_km2":2.504}},{"type":"Feature","geometry":{"type":"Polygon","coordinates":[[[-4.03477,5.24606],[-4.04903,5.24606],[-4.04903,5.24695],[-4.04903,5.26032],[-4.03477,5.26032],[-4.03477,5.24695],[-4.03477,5.24606]]]},"properties":{"region":"Lagunes","district":"Abidjan","floods_1m":1,"floods_2m":1,"floods_3m":1,"first_flood_m":1,"nests":true,"area_km2":2.504}},{"type":"Feature","geometry":{"type":"Polygon","coordinates":[[[-3.992,5.26032],[-4.00626,5.26032],[-4.00626,5.27458],[-3.992,5.27458],[-3.992,5.26032]]]},"properties":{"region":"Lagunes","district":"Abidjan","floods_1m":1,"floods_2m":1,"floods_3m":1,"first_flood_m":1,"nests":true,"area_km2":2.504}},{"type":"Feature","geometry":{"type":"Polygon","coordinates":[[[-3.49297,5.19554],[-3.50661,5.18903],[-3.50723,5.18903],[-3.50723,5.20329],[-3.49297,5.20329],[-3.49297,5.19554]]]},"properties":{"region":"Lagunes","district":"Abidjan","floods_1m":0,"floods_2m":0,"floods_3m":1,"first_flood_m":3,"nests":true,"area_km2":1.957}},{"type":"Feature","geometry":{"type":"Polygon","coordinates":[[[-3.64981,5.27458],[-3.66406,5.27458],[-3.66406,5.28884],[-3.64981,5.28884],[-3.64981,5.27458]]]},"properties":{"region":"Lagunes","district":"Abidjan","floods_1m":0,"floods_2m":1,"floods_3m":1,"first_flood_m":2,"nests":true,"area_km2":2.502}},{"type":"Feature","geometry":{"type":"Polygon","coordinates":[[[-3.73535,5.20329],[-3.74961,5.20329],[-3.74961,5.21755],[-3.73535,5.21755],[-3.73535,5.20329]]]},"properties":{"region":"Lagunes","district":"Abidjan","floods_1m":1,"floods_2m":1,"floods_3m":1,"first_flood_m":1,"nests":true,"area_km2":2.504}},{"type":"Feature","geometry":{"type":"Polygon","coordinates":[[[-3.96348,5.31735],[-3.97774,5.31735],[-3.97774,5.33161],[-3.96348,5.33161],[-3.96348,5.31735]]]},"properties":{"region":"Lagunes","district":"Abidjan","floods_1m":1,"floods_2m":1,"floods_3m":1,"first_flood_m":1,"nests":true,"area_km2":2.503}},{"type":"Feature","geometry":{"type":"Polygon","coordinates":[[[-4.13458,5.23153],[-4.13458,5.23181],[-4.12819,5.23181],[-4.12819,5.2318],[-4.13403,5.2318],[-4.13403,5.23153],[-4.13458,5.23153]]]},"properties":{"region":"Lagunes","district":"Abidjan","floods_1m":1,"floods_2m":1,"floods_3m":1,"first_flood_m":1,"nests":true,"area_km2":0.003}},{"type":"Feature","geometry":{"type":"Polygon","coordinates":[[[-4.29142,5.36013],[-4.30567,5.36013],[-4.30567,5.37439],[-4.29142,5.37439],[-4.29142,5.36013]]]},"properties":{"region":"Lagunes","district":"Abidjan","floods_1m":1,"floods_2m":1,"floods_3m":1,"first_flood_m":1,"nests":true,"area_km2":2.501}},{"type":"Feature","geometry":{"type":"Polygon","coordinates":[[[-3.7211,5.3031],[-3.73535,5.3031],[-3.73535,5.31735],[-3.7211,5.31735],[-3.7211,5.3031]]]},"properties":{"region":"Lagunes","district":"Abidjan","floods_1m":1,"floods_2m":1,"floods_3m":1,"first_flood_m":1,"nests":true,"area_km2":2.5}},{"type":"Feature","geometry":{"type":"Polygon","coordinates":[[[-4.44825,5.20329],[-4.46251,5.20329],[-4.46251,5.21755],[-4.44825,5.21755],[-4.44825,5.20329]]]},"properties":{"region":"Lagunes","district":"Abidjan","floods_1m":0,"floods_2m":0,"floods_3m":1,"first_flood_m":3,"nests":true,"area_km2":2.504}},{"type":"Feature","geometry":{"type":"Polygon","coordinates":[[[-3.8209,5.38864],[-3.83516,5.38864],[-3.83516,5.4029],[-3.8209,5.4029],[-3.8209,5.38864]]]},"properties":{"region":"Lagunes","district":"Abidjan","floods_1m":1,"floods_2m":1,"floods_3m":1,"first_flood_m":1,"nests":true,"area_km2":2.503}},{"type":"Feature","geometry":{"type":"Polygon","coordinates":[[[-4.13458,5.23181],[-4.14884,5.23181],[-4.14884,5.24606],[-4.13458,5.24606],[-4.13458,5.23181]]]},"properties":{"region":"Lagunes","district":"Abidjan","floods_1m":0,"floods_2m":1,"floods_3m":1,"first_flood_m":2,"nests":true,"area_km2":2.502}},{"type":"Feature","geometry":{"type":"Polygon","coordinates":[[[-3.73535,5.19403],[-3.73597,5.19403],[-3.73597,5.19431],[-3.73764,5.19431],[-3.73764,5.19458],[-3.74153,5.19458],[-3.74153,5.19486],[-3.74236,5.19486],[-3.74236,5.19514],[-3.74347,5.19514],[-3.74347,5.19542],[-3.74375,5.19542],[-3.74375,5.19514],[-3.74403,5.19514],[-3.74403,5.19542],[-3.74597,5.19542],[-3.74597,5.19569],[-3.74708,5.19569],[-3.74708,5.19597],[-3.74847,5.19597],[-3.74847,5.19625],[-3.74961,5.19625],[-3.74961,5.20329],[-3.73535,5.20329],[-3.73535,5.19403]]]},"properties":{"region":"Lagunes","district":"Abidjan","floods_1m":1,"floods_2m":1,"floods_3m":1,"first_flood_m":1,"nests":true,"area_km2":1.441}},{"type":"Feature","geometry":{"type":"Polygon","coordinates":[[[-3.94922,5.27458],[-3.96348,5.27458],[-3.96348,5.28884],[-3.94922,5.28884],[-3.94922,5.27458]]]},"properties":{"region":"Lagunes","district":"Abidjan","floods_1m":1,"floods_2m":1,"floods_3m":1,"first_flood_m":1,"nests":true,"area_km2":2.504}},{"type":"Feature","geometry":{"type":"Polygon","coordinates":[[[-3.63555,5.18903],[-3.64981,5.18903],[-3.64981,5.20329],[-3.63555,5.20329],[-3.63555,5.18903]]]},"properties":{"region":"Lagunes","district":"Abidjan","floods_1m":0,"floods_2m":0,"floods_3m":1,"first_flood_m":3,"nests":true,"area_km2":2.504}},{"type":"Feature","geometry":{"type":"Polygon","coordinates":[[[-3.89219,5.4029],[-3.90645,5.4029],[-3.90645,5.41716],[-3.89219,5.41716],[-3.89219,5.4029]]]},"properties":{"region":"Lagunes","district":"Abidjan","floods_1m":1,"floods_2m":1,"floods_3m":1,"first_flood_m":1,"nests":true,"area_km2":2.503}},{"type":"Feature","geometry":{"type":"Polygon","coordinates":[[[-3.63555,5.34587],[-3.64981,5.34587],[-3.64981,5.36013],[-3.63555,5.36013],[-3.63555,5.34587]]]},"properties":{"region":"Lagunes","district":"Abidjan","floods_1m":0,"floods_2m":1,"floods_3m":1,"first_flood_m":2,"nests":true,"area_km2":2.503}},{"type":"Feature","geometry":{"type":"Polygon","coordinates":[[[-4.27716,5.3031],[-4.29142,5.3031],[-4.29142,5.31735],[-4.27716,5.31735],[-4.27716,5.3031]]]},"properties":{"region":"Lagunes","district":"Abidjan","floods_1m":1,"floods_2m":1,"floods_3m":1,"first_flood_m":1,"nests":true,"area_km2":2.502}},{"type":"Feature","geometry":{"type":"Polygon","coordinates":[[[-3.94922,5.31735],[-3.96348,5.31735],[-3.96348,5.33161],[-3.94922,5.33161],[-3.94922,5.31735]]]},"properties":{"region":"Lagunes","district":"Abidjan","floods_1m":1,"floods_2m":1,"floods_3m":1,"first_flood_m":1,"nests":true,"area_km2":2.503}},{"type":"Feature","geometry":{"type":"Polygon","coordinates":[[[-3.97774,5.25514],[-3.98153,5.25514],[-3.98153,5.25486],[-3.98264,5.25486],[-3.98264,5.25458],[-3.98403,5.25458],[-3.98403,5.2543],[-3.98569,5.2543],[-3.98569,5.25458],[-3.98931,5.25458],[-3.98931,5.25486],[-3.99125,5.25486],[-3.99125,5.25458],[-3.992,5.25458],[-3.992,5.26032],[-3.97774,5.26032],[-3.97774,5.25514]]]},"properties":{"region":"Lagunes","district":"Abidjan","floods_1m":1,"floods_2m":1,"floods_3m":1,"first_flood_m":1,"nests":true,"area_km2":0.977}},{"type":"Feature","geometry":{"type":"Polygon","coordinates":[[[-4.51954,5.21755],[-4.5338,5.21755],[-4.5338,5.23181],[-4.51954,5.23181],[-4.51954,5.21755]]]},"properties":{"region":"Lagunes","district":"Abidjan","floods_1m":1,"floods_2m":1,"floods_3m":1,"first_flood_m":1,"nests":true,"area_km2":2.504}},{"type":"Feature","geometry":{"type":"Polygon","coordinates":[[[-4.5338,5.26032],[-4.54806,5.26032],[-4.54806,5.27458],[-4.5338,5.27458],[-4.5338,5.26032]]]},"properties":{"region":"Lagunes","district":"Abidjan","floods_1m":1,"floods_2m":1,"floods_3m":1,"first_flood_m":1,"nests":true,"area_km2":2.504}},{"type":"Feature","geometry":{"type":"Polygon","coordinates":[[[-4.64787,5.17477],[-4.66212,5.17477],[-4.66212,5.18903],[-4.64787,5.18903],[-4.64787,5.17477]]]},"properties":{"region":"Lagunes","district":"Abidjan","floods_1m":0,"floods_2m":0,"floods_3m":1,"first_flood_m":3,"nests":true,"area_km2":2.502}},{"type":"Feature","geometry":{"type":"Polygon","coordinates":[[[-4.71916,5.23181],[-4.73341,5.23181],[-4.73341,5.24606],[-4.71916,5.24606],[-4.71916,5.23181]]]},"properties":{"region":"Lagunes","district":"Abidjan","floods_1m":1,"floods_2m":1,"floods_3m":1,"first_flood_m":1,"nests":true,"area_km2":2.5}},{"type":"Feature","geometry":{"type":"Polygon","coordinates":[[[-3.55,5.17477],[-3.56426,5.17477],[-3.56426,5.18903],[-3.55,5.18903],[-3.55,5.17477]]]},"properties":{"region":"Lagunes","district":"Abidjan","floods_1m":1,"floods_2m":1,"floods_3m":1,"first_flood_m":1,"nests":true,"area_km2":2.504}},{"type":"Feature","geometry":{"type":"Polygon","coordinates":[[[-4.27716,5.28884],[-4.29142,5.28884],[-4.29142,5.3031],[-4.27716,5.3031],[-4.27716,5.28884]]]},"properties":{"region":"Lagunes","district":"Abidjan","floods_1m":1,"floods_2m":1,"floods_3m":1,"first_flood_m":1,"nests":true,"area_km2":2.504}},{"type":"Feature","geometry":{"type":"Polygon","coordinates":[[[-4.74767,5.1557],[-4.75014,5.1557],[-4.75014,5.15542],[-4.75153,5.15542],[-4.75153,5.15514],[-4.75347,5.15514],[-4.75347,5.15486],[-4.75431,5.15486],[-4.75431,5.15458],[-4.75486,5.15458],[-4.75486,5.15486],[-4.75569,5.15486],[-4.75569,5.15458],[-4.75653,5.15458],[-4.75653,5.1543],[-4.75819,5.1543],[-4.75819,5.15403],[-4.75875,5.15403],[-4.75875,5.15375],[-4.76042,5.15375],[-4.76042,5.15403],[-4.76125,5.15403],[-4.76125,5.1543],[-4.76193,5.1543],[-4.76193,5.16052],[-4.74767,5.16052],[-4.74767,5.1557]]]},"properties":{"region":"Lagunes","district":"Abidjan","floods_1m":1,"floods_2m":1,"floods_3m":1,"first_flood_m":1,"nests":true,"area_km2":1.01}},{"type":"Feature","geometry":{"type":"Polygon","coordinates":[[[-3.60703,5.53122],[-3.62129,5.53122],[-3.62129,5.54548],[-3.60703,5.54548],[-3.60703,5.53122]]]},"properties":{"region":"Lagunes","district":"Abidjan","floods_1m":1,"floods_2m":1,"floods_3m":1,"first_flood_m":1,"nests":true,"area_km2":2.503}},{"type":"Feature","geometry":{"type":"Polygon","coordinates":[[[-3.63555,5.3031],[-3.64981,5.3031],[-3.64981,5.31735],[-3.63555,5.31735],[-3.63555,5.3031]]]},"properties":{"region":"Lagunes","district":"Abidjan","floods_1m":0,"floods_2m":1,"floods_3m":1,"first_flood_m":2,"nests":true,"area_km2":2.502}},{"type":"Feature","geometry":{"type":"Polygon","coordinates":[[[-3.77813,5.20329],[-3.78319,5.20329],[-3.78319,5.20347],[-3.78542,5.20347],[-3.78542,5.20375],[-3.78736,5.20375],[-3.78736,5.20403],[-3.78847,5.20403],[-3.78847,5.20431],[-3.78986,5.20431],[-3.78986,5.20458],[-3.79097,5.20458],[-3.79097,5.20486],[-3.79208,5.20486],[-3.79208,5.20514],[-3.79239,5.20514],[-3.79239,5.21755],[-3.77813,5.21755],[-3.77813,5.20329]]]},"properties":{"region":"Lagunes","district":"Abidjan","floods_1m":1,"floods_2m":1,"floods_3m":1,"first_flood_m":1,"nests":true,"area_km2":2.414}},{"type":"Feature","geometry":{"type":"Polygon","coordinates":[[[-4.57658,5.24606],[-4.59083,5.24606],[-4.59083,5.24695],[-4.59083,5.26032],[-4.57658,5.26032],[-4.57658,5.24695],[-4.57658,5.24606]]]},"properties":{"region":"Lagunes","district":"Abidjan","floods_1m":1,"floods_2m":1,"floods_3m":1,"first_flood_m":1,"nests":true,"area_km2":2.502}},{"type":"Feature","geometry":{"type":"Polygon","coordinates":[[[-3.74961,5.20329],[-3.76387,5.20329],[-3.76387,5.21755],[-3.74961,5.21755],[-3.74961,5.20329]]]},"properties":{"region":"Lagunes","district":"Abidjan","floods_1m":1,"floods_2m":1,"floods_3m":1,"first_flood_m":1,"nests":true,"area_km2":2.504}},{"type":"Feature","geometry":{"type":"Polygon","coordinates":[[[-4.49103,5.27458],[-4.50529,5.27458],[-4.50529,5.28884],[-4.49103,5.28884],[-4.49103,5.27458]]]},"properties":{"region":"Lagunes","district":"Abidjan","floods_1m":1,"floods_2m":1,"floods_3m":1,"first_flood_m":1,"nests":true,"area_km2":2.504}},{"type":"Feature","geometry":{"type":"Polygon","coordinates":[[[-3.90645,5.43142],[-3.92071,5.43142],[-3.92071,5.44568],[-3.90645,5.44568],[-3.90645,5.43142]]]},"properties":{"region":"Lagunes","district":"Abidjan","floods_1m":1,"floods_2m":1,"floods_3m":1,"first_flood_m":1,"nests":true,"area_km2":2.503}},{"type":"Feature","geometry":{"type":"Polygon","coordinates":[[[-4.41974,5.26032],[-4.434,5.26032],[-4.434,5.27458],[-4.41974,5.27458],[-4.41974,5.26032]]]},"properties":{"region":"Lagunes","district":"Abidjan","floods_1m":1,"floods_2m":1,"floods_3m":1,"first_flood_m":1,"nests":true,"area_km2":2.504}},{"type":"Feature","geometry":{"type":"Polygon","coordinates":[[[-3.66406,5.34587],[-3.67832,5.34587],[-3.67832,5.36013],[-3.66406,5.36013],[-3.66406,5.34587]]]},"properties":{"region":"Lagunes","district":"Abidjan","floods_1m":1,"floods_2m":1,"floods_3m":1,"first_flood_m":1,"nests":true,"area_km2":2.503}},{"type":"Feature","geometry":{"type":"Polygon","coordinates":[[[-3.77813,5.37439],[-3.79239,5.37439],[-3.79239,5.38864],[-3.77813,5.38864],[-3.77813,5.37439]]]},"properties":{"region":"Lagunes","district":"Abidjan","floods_1m":1,"floods_2m":1,"floods_3m":1,"first_flood_m":1,"nests":true,"area_km2":2.501}},{"type":"Feature","geometry":{"type":"Polygon","coordinates":[[[-4.31993,5.3031],[-4.33419,5.3031],[-4.33419,5.31735],[-4.31993,5.31735],[-4.31993,5.3031]]]},"properties":{"region":"Lagunes","district":"Abidjan","floods_1m":1,"floods_2m":1,"floods_3m":1,"first_flood_m":1,"nests":true,"area_km2":2.502}},{"type":"Feature","geometry":{"type":"Polygon","coordinates":[[[-4.66212,5.28884],[-4.67638,5.28884],[-4.67638,5.3031],[-4.66212,5.3031],[-4.66212,5.28884]]]},"properties":{"region":"Lagunes","district":"Abidjan","floods_1m":1,"floods_2m":1,"floods_3m":1,"first_flood_m":1,"nests":true,"area_km2":2.504}},{"type":"Feature","geometry":{"type":"Polygon","coordinates":[[[-4.64787,5.31735],[-4.66212,5.31735],[-4.66212,5.33161],[-4.64787,5.33161],[-4.64787,5.31735]]]},"properties":{"region":"Lagunes","district":"Abidjan","floods_1m":0,"floods_2m":0,"floods_3m":1,"first_flood_m":3,"nests":true,"area_km2":2.502}},{"type":"Feature","geometry":{"type":"Polygon","coordinates":[[[-3.77813,5.23181],[-3.79239,5.23181],[-3.79239,5.24606],[-3.77813,5.24606],[-3.77813,5.23181]]]},"properties":{"region":"Lagunes","district":"Abidjan","floods_1m":1,"floods_2m":1,"floods_3m":1,"first_flood_m":1,"nests":true,"area_km2":2.502}},{"type":"Feature","geometry":{"type":"Polygon","coordinates":[[[-4.40548,5.28884],[-4.41974,5.28884],[-4.41974,5.3031],[-4.40548,5.3031],[-4.40548,5.28884]]]},"properties":{"region":"Lagunes","district":"Abidjan","floods_1m":1,"floods_2m":1,"floods_3m":1,"first_flood_m":1,"nests":true,"area_km2":2.504}},{"type":"Feature","geometry":{"type":"Polygon","coordinates":[[[-4.07755,5.3031],[-4.0918,5.3031],[-4.0918,5.31735],[-4.07755,5.31735],[-4.07755,5.3031]]]},"properties":{"region":"Lagunes","district":"Abidjan","floods_1m":1,"floods_2m":1,"floods_3m":1,"first_flood_m":1,"nests":true,"area_km2":2.5}},{"type":"Feature","geometry":{"type":"Polygon","coordinates":[[[-4.17735,5.28884],[-4.19161,5.28884],[-4.19161,5.3031],[-4.17735,5.3031],[-4.17735,5.28884]]]},"properties":{"region":"Lagunes","district":"Abidjan","floods_1m":1,"floods_2m":1,"floods_3m":1,"first_flood_m":1,"nests":true,"area_km2":2.504}},{"type":"Feature","geometry":{"type":"Polygon","coordinates":[[[-4.63361,5.24606],[-4.64787,5.24606],[-4.64787,5.24695],[-4.64787,5.26032],[-4.63361,5.26032],[-4.63361,5.24695],[-4.63361,5.24606]]]},"properties":{"region":"Lagunes","district":"Abidjan","floods_1m":1,"floods_2m":1,"floods_3m":1,"first_flood_m":1,"nests":true,"area_km2":2.504}},{"type":"Feature","geometry":{"type":"Polygon","coordinates":[[[-4.67638,5.20329],[-4.69064,5.20329],[-4.69064,5.21755],[-4.67638,5.21755],[-4.67638,5.20329]]]},"properties":{"region":"Lagunes","district":"Abidjan","floods_1m":1,"floods_2m":1,"floods_3m":1,"first_flood_m":1,"nests":true,"area_km2":2.504}},{"type":"Feature","geometry":{"type":"Polygon","coordinates":[[[-4.30567,5.31735],[-4.31993,5.31735],[-4.31993,5.33161],[-4.30567,5.33161],[-4.30567,5.31735]]]},"properties":{"region":"Lagunes","district":"Abidjan","floods_1m":1,"floods_2m":1,"floods_3m":1,"first_flood_m":1,"nests":true,"area_km2":2.503}},{"type":"Feature","geometry":{"type":"Polygon","coordinates":[[[-3.63555,5.51697],[-3.64981,5.51697],[-3.64981,5.53122],[-3.63555,5.53122],[-3.63555,5.51697]]]},"properties":{"region":"Lagunes","district":"Abidjan","floods_1m":1,"floods_2m":1,"floods_3m":1,"first_flood_m":1,"nests":true,"area_km2":2.501}},{"type":"Feature","geometry":{"type":"Polygon","coordinates":[[[-3.60703,5.21755],[-3.62129,5.21755],[-3.62129,5.23181],[-3.60703,5.23181],[-3.60703,5.21755]]]},"properties":{"region":"Lagunes","district":"Abidjan","floods_1m":1,"floods_2m":1,"floods_3m":1,"first_flood_m":1,"nests":true,"area_km2":2.504}},{"type":"Feature","geometry":{"type":"Polygon","coordinates":[[[-4.66212,5.31735],[-4.67638,5.31735],[-4.67638,5.33161],[-4.66212,5.33161],[-4.66212,5.31735]]]},"properties":{"region":"Lagunes","district":"Abidjan","floods_1m":1,"floods_2m":1,"floods_3m":1,"first_flood_m":1,"nests":true,"area_km2":2.503}},{"type":"Feature","geometry":{"type":"Polygon","coordinates":[[[-3.992,5.3031],[-4.00626,5.3031],[-4.00626,5.31735],[-3.992,5.31735],[-3.992,5.3031]]]},"properties":{"region":"Lagunes","district":"Abidjan","floods_1m":1,"floods_2m":1,"floods_3m":1,"first_flood_m":1,"nests":true,"area_km2":2.502}},{"type":"Feature","geometry":{"type":"Polygon","coordinates":[[[-3.92071,5.3031],[-3.93497,5.3031],[-3.93497,5.31735],[-3.92071,5.31735],[-3.92071,5.3031]]]},"properties":{"region":"Lagunes","district":"Abidjan","floods_1m":1,"floods_2m":1,"floods_3m":1,"first_flood_m":1,"nests":true,"area_km2":2.502}},{"type":"Feature","geometry":{"type":"Polygon","coordinates":[[[-4.44825,5.24606],[-4.46251,5.24606],[-4.46251,5.24695],[-4.46251,5.26032],[-4.44825,5.26032],[-4.44825,5.24695],[-4.44825,5.24606]]]},"properties":{"region":"Lagunes","district":"Abidjan","floods_1m":1,"floods_2m":1,"floods_3m":1,"first_flood_m":1,"nests":true,"area_km2":2.504}},{"type":"Feature","geometry":{"type":"Polygon","coordinates":[[[-7.55649,4.39197],[-7.5574,4.39348],[-7.55783,4.39877],[-7.55649,4.402],[-7.55649,4.39197]]]},"properties":{"region":"Bas-Sassandra","district":"Tabou","floods_1m":0,"floods_2m":0,"floods_3m":1,"first_flood_m":3,"nests":true,"area_km2":0.109}},{"type":"Feature","geometry":{"type":"Polygon","coordinates":[[[-7.35688,4.40875],[-7.35688,4.4191],[-7.34958,4.4191],[-7.34958,4.41903],[-7.3507,4.41903],[-7.3507,4.41875],[-7.35097,4.41875],[-7.35097,4.41847],[-7.35125,4.41847],[-7.35125,4.41819],[-7.35153,4.41819],[-7.35153,4.41792],[-7.35181,4.41792],[-7.35181,4.41764],[-7.35208,4.41764],[-7.35208,4.41736],[-7.35236,4.41736],[-7.35236,4.41708],[-7.35319,4.41708],[-7.35319,4.41681],[-7.35347,4.41681],[-7.35347,4.41625],[-7.35375,4.41625],[-7.35375,4.41569],[-7.35403,4.41569],[-7.35403,4.41514],[-7.3543,4.41514],[-7.3543,4.41458],[-7.35403,4.41458],[-7.35403,4.41347],[-7.3543,4.41347],[-7.3543,4.41264],[-7.35458,4.41264],[-7.35458,4.41236],[-7.35486,4.41236],[-7.35486,4.41208],[-7.35514,4.41208],[-7.35514,4.41181],[-7.35542,4.41181],[-7.35542,4.41125],[-7.35569,4.41125],[-7.35569,4.41069],[-7.35597,4.41069],[-7.35597,4.41042],[-7.35625,4.41042],[-7.35625,4.40954],[-7.35625,4.40931],[-7.35653,4.40931],[-7.35653,4.40903],[-7.35681,4.40903],[-7.35681,4.40875],[-7.35688,4.40875]]]},"properties":{"region":"Bas-Sassandra","district":"Tabou","floods_1m":1,"floods_2m":1,"floods_3m":1,"first_flood_m":1,"nests":true,"area_km2":0.347}},{"type":"Feature","geometry":{"type":"Polygon","coordinates":[[[-7.54224,4.37863],[-7.54625,4.38099],[-7.55309,4.38632],[-7.55566,4.39058],[-7.54224,4.39058],[-7.54224,4.37863]]]},"properties":{"region":"Bas-Sassandra","district":"Tabou","floods_1m":1,"floods_2m":1,"floods_3m":1,"first_flood_m":1,"nests":true,"area_km2":1.184}},{"type":"Feature","geometry":{"type":"Polygon","coordinates":[[[-7.49946,4.36264],[-7.50792,4.36264],[-7.50792,4.36236],[-7.50903,4.36236],[-7.50903,4.36264],[-7.51014,4.36264],[-7.51014,4.36236],[-7.51097,4.36236],[-7.51097,4.36208],[-7.51181,4.36208],[-7.51181,4.36207],[-7.51372,4.36207],[-7.51372,4.37633],[-7.49946,4.37633],[-7.49946,4.36264]]]},"properties":{"region":"Bas-Sassandra","district":"Tabou","floods_1m":1,"floods_2m":1,"floods_3m":1,"first_flood_m":1,"nests":true,"area_km2":2.433}},{"type":"Feature","geometry":{"type":"Polygon","coordinates":[[[-7.34262,4.42236],[-7.34264,4.42236],[-7.34264,4.42208],[-7.34319,4.42208],[-7.34319,4.4218],[-7.34375,4.4218],[-7.34375,4.42153],[-7.34486,4.42153],[-7.34486,4.42125],[-7.34542,4.42125],[-7.34542,4.42097],[-7.3457,4.42097],[-7.3457,4.42069],[-7.34653,4.42069],[-7.34653,4.42042],[-7.34681,4.42042],[-7.34681,4.42014],[-7.34764,4.42014],[-7.34764,4.41986],[-7.34792,4.41986],[-7.34792,4.41958],[-7.34847,4.41958],[-7.34847,4.41931],[-7.34958,4.4193],[-7.34958,4.4191],[-7.35688,4.4191],[-7.35688,4.43336],[-7.34262,4.43336],[-7.34262,4.42236]]]},"properties":{"region":"Bas-Sassandra","district":"Tabou","floods_1m":1,"floods_2m":1,"floods_3m":1,"first_flood_m":1,"nests":true,"area_km2":2.372}},{"type":"Feature","geometry":{"type":"Polygon","coordinates":[[[-7.37114,4.43336],[-7.3854,4.43336],[-7.3854,4.44762],[-7.37114,4.44762],[-7.37114,4.43336]]]},"properties":{"region":"Bas-Sassandra","district":"Tabou","floods_1m":0,"floods_2m":0,"floods_3m":1,"first_flood_m":3,"nests":true,"area_km2":2.507}},{"type":"Feature","geometry":{"type":"Polygon","coordinates":[[[-7.45669,4.36736],[-7.45681,4.36736],[-7.45681,4.36708],[-7.45847,4.36708],[-7.45847,4.36681],[-7.45986,4.36681],[-7.45986,4.36653],[-7.46292,4.36653],[-7.46292,4.36625],[-7.46319,4.36625],[-7.46319,4.36653],[-7.46403,4.36653],[-7.46403,4.36625],[-7.46431,4.36625],[-7.46431,4.36597],[-7.46514,4.36597],[-7.46514,4.36569],[-7.46653,4.36569],[-7.46653,4.36542],[-7.46681,4.36542],[-7.46681,4.36514],[-7.46875,4.36514],[-7.46875,4.36486],[-7.46986,4.36486],[-7.46986,4.36458],[-7.47069,4.36458],[-7.47069,4.36431],[-7.47095,4.36431],[-7.47095,4.37633],[-7.45669,4.37633],[-7.45669,4.36736]]]},"properties":{"region":"Bas-Sassandra","district":"Tabou","floods_1m":1,"floods_2m":1,"floods_3m":1,"first_flood_m":1,"nests":true,"area_km2":1.815}},{"type":"Feature","geometry":{"type":"Polygon","coordinates":[[[-7.51372,4.36207],[-7.51514,4.36207],[-7.51514,4.36208],[-7.52014,4.36208],[-7.52014,4.36236],[-7.52262,4.36236],[-7.52137,4.36381],[-7.52409,4.36797],[-7.52798,4.37025],[-7.52798,4.37633],[-7.51372,4.37633],[-7.51372,4.36207]]]},"properties":{"region":"Bas-Sassandra","district":"Tabou","floods_1m":1,"floods_2m":1,"floods_3m":1,"first_flood_m":1,"nests":true,"area_km2":2.047}},{"type":"Feature","geometry":{"type":"Polygon","coordinates":[[[-7.32837,4.43336],[-7.34262,4.43336],[-7.34262,4.44762],[-7.32837,4.44762],[-7.32837,4.43336]]]},"properties":{"region":"Bas-Sassandra","district":"Tabou","floods_1m":0,"floods_2m":1,"floods_3m":1,"first_flood_m":2,"nests":true,"area_km2":2.505}},{"type":"Feature","geometry":{"type":"Polygon","coordinates":[[[-7.4852,4.36264],[-7.48792,4.36264],[-7.48792,4.36292],[-7.49042,4.36292],[-7.49042,4.36264],[-7.49569,4.36264],[-7.49569,4.36236],[-7.49625,4.36236],[-7.49625,4.36264],[-7.49946,4.36264],[-7.49946,4.37633],[-7.4852,4.37633],[-7.4852,4.36264]]]},"properties":{"region":"Bas-Sassandra","district":"Tabou","floods_1m":1,"floods_2m":1,"floods_3m":1,"first_flood_m":1,"nests":true,"area_km2":2.4}},{"type":"Feature","geometry":{"type":"Polygon","coordinates":[[[-7.28559,4.45792],[-7.28653,4.45792],[-7.28653,4.45764],[-7.28708,4.45764],[-7.28708,4.45736],[-7.28764,4.45736],[-7.28764,4.45708],[-7.28986,4.45708],[-7.28986,4.45681],[-7.29097,4.45681],[-7.29097,4.45653],[-7.29292,4.45653],[-7.29292,4.45625],[-7.29319,4.45625],[-7.29319,4.45597],[-7.29347,4.45597],[-7.29347,4.4557],[-7.29542,4.4557],[-7.29542,4.45542],[-7.29597,4.45542],[-7.29597,4.45514],[-7.29653,4.45514],[-7.29653,4.45486],[-7.29708,4.45486],[-7.29708,4.45458],[-7.29764,4.45458],[-7.29764,4.45431],[-7.29847,4.45431],[-7.29847,4.45403],[-7.2993,4.45403],[-7.2993,4.45375],[-7.29985,4.45375],[-7.29985,4.46187],[-7.28559,4.46187],[-7.28559,4.45792]]]},"properties":{"region":"Bas-Sassandra","district":"Tabou","floods_1m":1,"floods_2m":1,"floods_3m":1,"first_flood_m":1,"nests":true,"area_km2":1.022}},{"type":"Feature","geometry":{"type":"Polygon","coordinates":[[[-7.35688,4.4191],[-7.37114,4.4191],[-7.37114,4.43336],[-7.35688,4.43336],[-7.35688,4.4191]]]},"properties":{"region":"Bas-Sassandra","district":"Tabou","floods_1m":0,"floods_2m":1,"floods_3m":1,"first_flood_m":2,"nests":true,"area_km2":2.507}},{"type":"Feature","geometry":{"type":"Polygon","coordinates":[[[-7.35688,4.40875],[-7.35745,4.40875],[-7.35764,4.40875],[-7.35764,4.40863],[-7.35764,4.40847],[-7.35787,4.40847],[-7.35875,4.40847],[-7.35875,4.40819],[-7.35931,4.40819],[-7.35931,4.40792],[-7.35958,4.40792],[-7.35958,4.40764],[-7.36014,4.40764],[-7.36014,4.40736],[-7.36125,4.40736],[-7.36125,4.40708],[-7.36153,4.40708],[-7.36153,4.40681],[-7.36319,4.40681],[-7.36319,4.40653],[-7.36375,4.40653],[-7.36375,4.40625],[-7.36458,4.40625],[-7.36458,4.40597],[-7.36514,4.40597],[-7.36514,4.40569],[-7.36597,4.40569],[-7.36597,4.40542],[-7.36681,4.40542],[-7.36681,4.40514],[-7.36708,4.40514],[-7.36708,4.40486],[-7.36986,4.40486],[-7.36986,4.40484],[-7.37114,4.40484],[-7.37114,4.4191],[-7.35688,4.4191],[-7.35688,4.40875]]]},"properties":{"region":"Bas-Sassandra","district":"Tabou","floods_1m":1,"floods_2m":1,"floods_3m":1,"first_flood_m":1,"nests":true,"area_km2":2.235}},{"type":"Feature","geometry":{"type":"Polygon","coordinates":[[[-7.25708,4.47613],[-7.27133,4.47613],[-7.27133,4.49039],[-7.25708,4.49039],[-7.25708,4.47613]]]},"properties":{"region":"Bas-Sassandra","district":"Tabou","floods_1m":1,"floods_2m":1,"floods_3m":1,"first_flood_m":1,"nests":true,"area_km2":2.505}},{"type":"Feature","geometry":{"type":"Polygon","coordinates":[[[-7.37114,4.40484],[-7.3854,4.40484],[-7.3854,4.4191],[-7.37114,4.4191],[-7.37114,4.40484]]]},"properties":{"region":"Bas-Sassandra","district":"Tabou","floods_1m":1,"floods_2m":1,"floods_3m":1,"first_flood_m":1,"nests":true,"area_km2":2.507}},{"type":"Feature","geometry":{"type":"Polygon","coordinates":[[[-7.3854,4.39792],[-7.38569,4.39792],[-7.38569,4.39764],[-7.38625,4.39764],[-7.38625,4.39736],[-7.38708,4.39736],[-7.38708,4.39708],[-7.38736,4.39708],[-7.38736,4.3968],[-7.38764,4.3968],[-7.38764,4.39625],[-7.38792,4.39625],[-7.38792,4.39597],[-7.38875,4.39597],[-7.38875,4.3957],[-7.38931,4.3957],[-7.38931,4.39542],[-7.39014,4.39542],[-7.39014,4.39514],[-7.39069,4.39514],[-7.39069,4.39486],[-7.39236,4.39486],[-7.39236,4.39458],[-7.39292,4.39458],[-7.39292,4.39431],[-7.39347,4.39431],[-7.39347,4.39403],[-7.39403,4.39403],[-7.39403,4.39375],[-7.39431,4.39375],[-7.39431,4.39347],[-7.39458,4.39347],[-7.39458,4.3932],[-7.39514,4.3932],[-7.39514,4.39292],[-7.39542,4.39292],[-7.39542,4.39264],[-7.3957,4.39264],[-7.3957,4.39236],[-7.39597,4.39236],[-7.39597,4.39208],[-7.39625,4.39208],[-7.39625,4.39058],[-7.39966,4.39058],[-7.39966,4.40484],[-7.3854,4.40484],[-7.3854,4.39792]]]},"properties":{"region":"Bas-Sassandra","district":"Tabou","floods_1m":1,"floods_2m":1,"floods_3m":1,"first_flood_m":1,"nests":true,"area_km2":1.898}},{"type":"Feature","geometry":{"type":"Polygon","coordinates":[[[-7.52798,4.37633],[-7.53832,4.37633],[-7.54224,4.37863],[-7.54224,4.39058],[-7.52798,4.39058],[-7.52798,4.37633]]]},"properties":{"region":"Bas-Sassandra","district":"Tabou","floods_1m":1,"floods_2m":1,"floods_3m":1,"first_flood_m":1,"nests":true,"area_km2":2.45}},{"type":"Feature","geometry":{"type":"MultiPolygon","coordinates":[[[[-7.24282,4.48597],[-7.24282,4.49039],[-7.23875,4.49039],[-7.23875,4.49014],[-7.23931,4.49014],[-7.23931,4.48958],[-7.23986,4.48958],[-7.23986,4.48931],[-7.24014,4.48931],[-7.24014,4.48903],[-7.2407,4.48903],[-7.2407,4.48875],[-7.24097,4.48875],[-7.24097,4.48819],[-7.24125,4.48819],[-7.24125,4.48792],[-7.24153,4.48792],[-7.24153,4.48736],[-7.24208,4.48736],[-7.24208,4.48708],[-7.24236,4.48708],[-7.24236,4.48653],[-7.24264,4.48653],[-7.24264,4.48597],[-7.24282,4.48597]]],[[[-7.24282,4.4782],[-7.24282,4.47986],[-7.24264,4.47986],[-7.24264,4.48014],[-7.24181,4.48014],[-7.24181,4.47958],[-7.24208,4.47958],[-7.24208,4.47875],[-7.24236,4.47875],[-7.24236,4.47847],[-7.24264,4.47847],[-7.24264,4.4782],[-7.24282,4.4782]]]]},"properties":{"region":"Bas-Sassandra","district":"Tabou","floods_1m":1,"floods_2m":1,"floods_3m":1,"first_flood_m":1,"nests":true,"area_km2":0.113}},{"type":"Feature","geometry":{"type":"Polygon","coordinates":[[[-7.29985,4.45375],[-7.29986,4.45375],[-7.29986,4.45347],[-7.30069,4.45347],[-7.30069,4.4532],[-7.30097,4.4532],[-7.30097,4.45292],[-7.30125,4.45292],[-7.30125,4.45236],[-7.30153,4.45236],[-7.30153,4.45208],[-7.30208,4.45208],[-7.30208,4.45181],[-7.30236,4.45181],[-7.30236,4.45153],[-7.30292,4.45153],[-7.30292,4.45125],[-7.30375,4.45125],[-7.30375,4.45097],[-7.30403,4.45097],[-7.30403,4.4507],[-7.30542,4.4507],[-7.30542,4.45042],[-7.30569,4.45042],[-7.30569,4.44958],[-7.30653,4.44958],[-7.30653,4.44931],[-7.30681,4.44931],[-7.30681,4.44903],[-7.30708,4.44903],[-7.30708,4.44875],[-7.30764,4.44875],[-7.30764,4.44847],[-7.30792,4.44847],[-7.30792,4.44819],[-7.30819,4.44819],[-7.30819,4.44792],[-7.30847,4.44792],[-7.30847,4.44764],[-7.30875,4.44764],[-7.30875,4.44762],[-7.31411,4.44762],[-7.31411,4.46187],[-7.29985,4.46187],[-7.29985,4.45375]]]},"properties":{"region":"Bas-Sassandra","district":"Tabou","floods_1m":1,"floods_2m":1,"floods_3m":1,"first_flood_m":1,"nests":true,"area_km2":2.163}},{"type":"Feature","geometry":{"type":"Polygon","coordinates":[[[-7.37114,4.4191],[-7.3854,4.4191],[-7.3854,4.43336],[-7.37114,4.43336],[-7.37114,4.4191]]]},"properties":{"region":"Bas-Sassandra","district":"Tabou","floods_1m":1,"floods_2m":1,"floods_3m":1,"first_flood_m":1,"nests":true,"area_km2":2.507}},{"type":"Feature","geometry":{"type":"Polygon","coordinates":[[[-7.31411,4.43653],[-7.31431,4.43653],[-7.31431,4.43625],[-7.31569,4.43625],[-7.31569,4.43597],[-7.31597,4.43597],[-7.31597,4.43569],[-7.31625,4.43569],[-7.31625,4.43542],[-7.31653,4.43542],[-7.31653,4.43514],[-7.31736,4.43514],[-7.31736,4.43486],[-7.31764,4.43486],[-7.31764,4.43458],[-7.31792,4.43458],[-7.31792,4.43431],[-7.31847,4.43431],[-7.31847,4.43403],[-7.31875,4.43403],[-7.31875,4.43375],[-7.31903,4.43375],[-7.31903,4.43347],[-7.3193,4.43347],[-7.3193,4.43336],[-7.32837,4.43336],[-7.32837,4.44762],[-7.31411,4.44762],[-7.31411,4.43653]]]},"properties":{"region":"Bas-Sassandra","district":"Tabou","floods_1m":1,"floods_2m":1,"floods_3m":1,"first_flood_m":1,"nests":true,"area_km2":2.388}},{"type":"Feature","geometry":{"type":"Polygon","coordinates":[[[-7.27133,4.46069],[-7.27133,4.46187],[-7.26792,4.46187],[-7.26792,4.46181],[-7.26847,4.46181],[-7.26847,4.46153],[-7.26875,4.46153],[-7.26875,4.46125],[-7.27042,4.46125],[-7.27042,4.46097],[-7.27125,4.46097],[-7.27125,4.46069],[-7.27133,4.46069]]]},"properties":{"region":"Bas-Sassandra","district":"Tabou","floods_1m":1,"floods_2m":1,"floods_3m":1,"first_flood_m":1,"nests":true,"area_km2":0.025}},{"type":"Feature","geometry":{"type":"Polygon","coordinates":[[[-6.08792,4.9609],[-6.10218,4.9609],[-6.10218,4.97516],[-6.08792,4.97516],[-6.08792,4.9609]]]},"properties":{"region":"Bas-Sassandra","district":"Sassandra","floods_1m":1,"floods_2m":1,"floods_3m":1,"first_flood_m":1,"nests":true,"area_km2":2.505}},{"type":"Feature","geometry":{"type":"Polygon","coordinates":[[[-7.32837,4.42708],[-7.32837,4.43336],[-7.3193,4.43336],[-7.3193,4.43292],[-7.31958,4.43292],[-7.31958,4.43236],[-7.31986,4.43236],[-7.31986,4.43208],[-7.31958,4.43208],[-7.31958,4.43181],[-7.3193,4.43181],[-7.3193,4.43069],[-7.31986,4.43069],[-7.31986,4.43042],[-7.32042,4.43042],[-7.32042,4.43014],[-7.32125,4.43014],[-7.32125,4.42986],[-7.32153,4.42986],[-7.32153,4.42958],[-7.32264,4.42958],[-7.32264,4.42931],[-7.32292,4.42931],[-7.32292,4.42903],[-7.32319,4.42903],[-7.32319,4.42875],[-7.32347,4.42875],[-7.32347,4.42847],[-7.32403,4.42847],[-7.32403,4.4282],[-7.3257,4.4282],[-7.3257,4.42792],[-7.32625,4.42792],[-7.32625,4.42764],[-7.32708,4.42764],[-7.32708,4.42736],[-7.32792,4.42736],[-7.32792,4.42708],[-7.32837,4.42708]]]},"properties":{"region":"Bas-Sassandra","district":"Tabou","floods_1m":1,"floods_2m":1,"floods_3m":1,"first_flood_m":1,"nests":true,"area_km2":0.507}},{"type":"Feature","geometry":{"type":"Polygon","coordinates":[[[-6.15921,4.90903],[-6.15931,4.90903],[-6.15931,4.90875],[-6.15958,4.90875],[-6.15958,4.90847],[-6.16014,4.90847],[-6.16014,4.9082],[-6.16042,4.9082],[-6.16042,4.90847],[-6.16097,4.90847],[-6.16097,4.9082],[-6.16181,4.9082],[-6.16181,4.90792],[-6.16208,4.90792],[-6.16208,4.90764],[-6.16236,4.90764],[-6.16236,4.90653],[-6.16264,4.90653],[-6.16264,4.90625],[-6.1632,4.90625],[-6.1632,4.90597],[-6.16486,4.90597],[-6.16486,4.90542],[-6.16542,4.90542],[-6.16542,4.90514],[-6.16597,4.90514],[-6.16597,4.90486],[-6.16653,4.90486],[-6.16653,4.90458],[-6.1668,4.90458],[-6.1668,4.9043],[-6.16708,4.9043],[-6.16708,4.90417],[-6.16708,4.90403],[-6.16736,4.90403],[-6.16736,4.90387],[-6.17347,4.90387],[-6.17347,4.91813],[-6.15921,4.91813],[-6.15921,4.90903]]]},"properties":{"region":"Bas-Sassandra","district":"Sassandra","floods_1m":1,"floods_2m":1,"floods_3m":1,"first_flood_m":1,"nests":true,"area_km2":2.234}},{"type":"Feature","geometry":{"type":"Polygon","coordinates":[[[-7.51372,4.39058],[-7.52798,4.39058],[-7.52798,4.40484],[-7.51372,4.40484],[-7.51372,4.39058]]]},"properties":{"region":"Bas-Sassandra","district":"Tabou","floods_1m":1,"floods_2m":1,"floods_3m":1,"first_flood_m":1,"nests":true,"area_km2":2.507}},{"type":"Feature","geometry":{"type":"Polygon","coordinates":[[[-7.4852,4.37633],[-7.49946,4.37633],[-7.49946,4.39058],[-7.4852,4.39058],[-7.4852,4.37633]]]},"properties":{"region":"Bas-Sassandra","district":"Tabou","floods_1m":0,"floods_2m":0,"floods_3m":1,"first_flood_m":3,"nests":true,"area_km2":2.505}},{"type":"Feature","geometry":{"type":"Polygon","coordinates":[[[-6.25902,4.86264],[-6.25958,4.86264],[-6.25958,4.86236],[-6.25986,4.86236],[-6.25986,4.86264],[-6.26014,4.86264],[-6.26014,4.86236],[-6.26125,4.86236],[-6.26125,4.86208],[-6.26181,4.86208],[-6.26181,4.86236],[-6.26208,4.86236],[-6.26208,4.86208],[-6.26347,4.86208],[-6.26347,4.86181],[-6.26375,4.86181],[-6.26375,4.86208],[-6.26403,4.86208],[-6.26403,4.86181],[-6.26514,4.86181],[-6.26514,4.86208],[-6.26542,4.86208],[-6.26542,4.86181],[-6.26653,4.86181],[-6.26653,4.86153],[-6.26817,4.86153],[-6.26847,4.86153],[-6.26847,4.86143],[-6.26847,4.86125],[-6.26899,4.86125],[-6.26958,4.86125],[-6.26958,4.8611],[-6.27328,4.8611],[-6.27328,4.87536],[-6.25902,4.87536],[-6.25902,4.86264]]]},"properties":{"region":"Bas-Sassandra","district":"Sassandra","floods_1m":1,"floods_2m":1,"floods_3m":1,"first_flood_m":1,"nests":true,"area_km2":2.399}},{"type":"Feature","geometry":{"type":"Polygon","coordinates":[[[-6.27328,4.86042],[-6.27375,4.86042],[-6.27375,4.86014],[-6.2743,4.86014],[-6.2743,4.85986],[-6.27542,4.85986],[-6.27542,4.85958],[-6.27625,4.85958],[-6.27625,4.8593],[-6.27736,4.8593],[-6.27736,4.85903],[-6.27764,4.85903],[-6.27764,4.85875],[-6.27819,4.85875],[-6.27819,4.85847],[-6.27847,4.85847],[-6.27847,4.85819],[-6.27875,4.85819],[-6.27875,4.85792],[-6.27883,4.85792],[-6.27903,4.85792],[-6.27903,4.85764],[-6.27931,4.85764],[-6.27931,4.85736],[-6.27986,4.85736],[-6.27986,4.85708],[-6.28035,4.85708],[-6.28097,4.85708],[-6.28097,4.8568],[-6.28181,4.8568],[-6.28181,4.85653],[-6.28319,4.85653],[-6.28319,4.85625],[-6.28431,4.85625],[-6.28431,4.85597],[-6.28458,4.85597],[-6.28458,4.85569],[-6.28486,4.85569],[-6.28486,4.85542],[-6.28542,4.85542],[-6.28542,4.85514],[-6.28569,4.85514],[-6.28569,4.85403],[-6.28653,4.85403],[-6.28653,4.85375],[-6.28681,4.85375],[-6.28681,4.85347],[-6.28736,4.85347],[-6.28736,4.8532],[-6.28753,4.8532],[-6.28753,4.8611],[-6.27328,4.8611],[-6.27328,4.86042]]]},"properties":{"region":"Bas-Sassandra","district":"Sassandra","floods_1m":1,"floods_2m":1,"floods_3m":1,"first_flood_m":1,"nests":true,"area_km2":0.664}},{"type":"Feature","geometry":{"type":"Polygon","coordinates":[[[-7.25708,4.46431],[-7.25708,4.47613],[-7.2457,4.47613],[-7.2457,4.47597],[-7.24625,4.47597],[-7.24625,4.4757],[-7.24653,4.4757],[-7.24653,4.47542],[-7.24681,4.47542],[-7.24681,4.47514],[-7.24708,4.47514],[-7.24708,4.47458],[-7.24736,4.47458],[-7.24736,4.47431],[-7.24764,4.47431],[-7.24764,4.47375],[-7.24792,4.47375],[-7.24792,4.47347],[-7.24819,4.47347],[-7.2482,4.47292],[-7.24847,4.47292],[-7.24847,4.46903],[-7.2482,4.46903],[-7.24819,4.46875],[-7.24792,4.46875],[-7.24792,4.46847],[-7.24764,4.46847],[-7.24764,4.46792],[-7.24792,4.46792],[-7.24792,4.46764],[-7.24847,4.46764],[-7.24847,4.46736],[-7.24903,4.46736],[-7.24903,4.46708],[-7.24931,4.46708],[-7.24931,4.46653],[-7.24958,4.46653],[-7.24958,4.46625],[-7.25042,4.46625],[-7.25042,4.46597],[-7.25069,4.46597],[-7.25069,4.46569],[-7.25208,4.46569],[-7.25208,4.46542],[-7.25403,4.46542],[-7.25403,4.46514],[-7.25458,4.46514],[-7.25458,4.46486],[-7.25542,4.46486],[-7.25542,4.46458],[-7.25681,4.46458],[-7.25681,4.46431],[-7.25708,4.46431]]]},"properties":{"region":"Bas-Sassandra","district":"Tabou","floods_1m":1,"floods_2m":1,"floods_3m":1,"first_flood_m":1,"nests":true,"area_km2":1.183}},{"type":"Feature","geometry":{"type":"Polygon","coordinates":[[[-6.08153,4.94665],[-6.08792,4.94665],[-6.08792,4.9609],[-6.07625,4.9609],[-6.07625,4.96069],[-6.07653,4.96069],[-6.07653,4.96014],[-6.07625,4.96014],[-6.07625,4.95986],[-6.07653,4.95986],[-6.07653,4.95958],[-6.07681,4.95958],[-6.07681,4.95875],[-6.07708,4.95875],[-6.07708,4.95847],[-6.07653,4.95847],[-6.07653,4.9582],[-6.07681,4.9582],[-6.07681,4.95792],[-6.07653,4.95792],[-6.07653,4.95736],[-6.07681,4.95736],[-6.07681,4.95726],[-6.07681,4.95708],[-6.07764,4.95708],[-6.07764,4.95681],[-6.07875,4.95681],[-6.07875,4.95653],[-6.07903,4.95653],[-6.07903,4.95625],[-6.07931,4.95625],[-6.07931,4.95597],[-6.07958,4.95597],[-6.07958,4.9557],[-6.07986,4.9557],[-6.07986,4.95542],[-6.08014,4.95542],[-6.08014,4.95514],[-6.0807,4.95514],[-6.0807,4.95486],[-6.08097,4.95486],[-6.08097,4.95458],[-6.08125,4.95458],[-6.08125,4.95431],[-6.08153,4.95431],[-6.08153,4.95403],[-6.08208,4.95403],[-6.08208,4.95375],[-6.08153,4.95375],[-6.08153,4.95347],[-6.08181,4.95347],[-6.08181,4.95292],[-6.08208,4.95292],[-6.08208,4.95264],[-6.08181,4.95264],[-6.08181,4.95069],[-6.08153,4.95069],[-6.08153,4.95042],[-6.08097,4.95042],[-6.08097,4.95014],[-6.0807,4.95014],[-6.0807,4.94986],[-6.08042,4.94986],[-6.08042,4.94958],[-6.0807,4.94958],[-6.0807,4.94931],[-6.08014,4.94931],[-6.08014,4.94903],[-6.07986,4.94903],[-6.07986,4.94819],[-6.07958,4.94819],[-6.07958,4.94764],[-6.07986,4.94764],[-6.07986,4.94736],[-6.08042,4.94736],[-6.08042,4.94708],[-6.08097,4.94708],[-6.08097,4.94681],[-6.08153,4.94681],[-6.08153,4.94665]]]},"properties":{"region":"Bas-Sassandra","district":"Sassandra","floods_1m":1,"floods_2m":1,"floods_3m":1,"first_flood_m":1,"nests":true,"area_km2":1.459}},{"type":"Feature","geometry":{"type":"Polygon","coordinates":[[[-5.98812,4.98208],[-5.98812,4.98942],[-5.97597,4.98942],[-5.97597,4.98931],[-5.97625,4.98931],[-5.97625,4.98903],[-5.97681,4.98903],[-5.97681,4.98875],[-5.97708,4.98875],[-5.97708,4.98847],[-5.97736,4.98847],[-5.97736,4.98819],[-5.97708,4.98819],[-5.97708,4.98764],[-5.97681,4.98764],[-5.97681,4.98542],[-5.97653,4.98542],[-5.97653,4.98486],[-5.97625,4.98486],[-5.97625,4.98403],[-5.97653,4.98403],[-5.97653,4.98375],[-5.97708,4.98375],[-5.97708,4.98403],[-5.97792,4.98403],[-5.97792,4.98375],[-5.97958,4.98375],[-5.97958,4.98403],[-5.98014,4.98403],[-5.98014,4.98375],[-5.98153,4.98375],[-5.98153,4.98347],[-5.98236,4.98347],[-5.98236,4.98319],[-5.98347,4.98319],[-5.98347,4.98292],[-5.98486,4.98292],[-5.98486,4.98264],[-5.98542,4.98264],[-5.98542,4.98236],[-5.98569,4.98236],[-5.98569,4.98208],[-5.98597,4.98208],[-5.98597,4.98181],[-5.98681,4.98181],[-5.98681,4.98208],[-5.98812,4.98208]]]},"properties":{"region":"Bas-Sassandra","district":"Sassandra","floods_1m":1,"floods_2m":1,"floods_3m":1,"first_flood_m":1,"nests":true,"area_km2":0.882}},{"type":"Feature","geometry":{"type":"Polygon","coordinates":[[[-7.42817,4.37736],[-7.42847,4.37736],[-7.42847,4.37708],[-7.4307,4.37708],[-7.4307,4.37681],[-7.43153,4.37681],[-7.43153,4.37653],[-7.43208,4.37653],[-7.43208,4.37633],[-7.43887,4.37633],[-7.44243,4.37633],[-7.44243,4.39058],[-7.43887,4.39058],[-7.42817,4.39058],[-7.42817,4.37736]]]},"properties":{"region":"Bas-Sassandra","district":"Tabou","floods_1m":1,"floods_2m":1,"floods_3m":1,"first_flood_m":1,"nests":true,"area_km2":2.474}},{"type":"Feature","geometry":{"type":"Polygon","coordinates":[[[-6.18773,4.89153],[-6.18792,4.89153],[-6.18792,4.89125],[-6.1882,4.89125],[-6.1882,4.89069],[-6.18847,4.89069],[-6.18847,4.89014],[-6.18875,4.89014],[-6.18875,4.88986],[-6.18903,4.88986],[-6.18903,4.88961],[-6.20199,4.88961],[-6.20199,4.90387],[-6.18773,4.90387],[-6.18773,4.89153]]]},"properties":{"region":"Bas-Sassandra","district":"Sassandra","floods_1m":1,"floods_2m":1,"floods_3m":1,"first_flood_m":1,"nests":true,"area_km2":2.489}},{"type":"Feature","geometry":{"type":"Polygon","coordinates":[[[-7.32837,4.42708],[-7.32903,4.42708],[-7.32903,4.42681],[-7.32986,4.42681],[-7.32986,4.42653],[-7.33014,4.42653],[-7.33014,4.42625],[-7.33125,4.42625],[-7.33125,4.42597],[-7.33264,4.42597],[-7.33264,4.42569],[-7.33347,4.42569],[-7.33347,4.42542],[-7.33458,4.42542],[-7.33458,4.42514],[-7.33514,4.42514],[-7.33514,4.42486],[-7.33569,4.42486],[-7.33569,4.42458],[-7.33653,4.42458],[-7.33653,4.4243],[-7.33681,4.4243],[-7.33681,4.42403],[-7.33792,4.42403],[-7.33792,4.42375],[-7.33847,4.42375],[-7.33847,4.42347],[-7.33931,4.42347],[-7.33931,4.42319],[-7.34014,4.42319],[-7.34014,4.42292],[-7.34097,4.42292],[-7.34097,4.42264],[-7.34125,4.42264],[-7.34125,4.42292],[-7.34153,4.42292],[-7.34153,4.42264],[-7.34208,4.42264],[-7.34208,4.42236],[-7.34262,4.42236],[-7.34262,4.43336],[-7.32837,4.43336],[-7.32837,4.42708]]]},"properties":{"region":"Bas-Sassandra","district":"Tabou","floods_1m":1,"floods_2m":1,"floods_3m":1,"first_flood_m":1,"nests":true,"area_km2":1.514}},{"type":"Feature","geometry":{"type":"Polygon","coordinates":[[[-7.52798,4.37025],[-7.53832,4.37633],[-7.52798,4.37633],[-7.52798,4.37025]]]},"properties":{"region":"Bas-Sassandra","district":"Tabou","floods_1m":1,"floods_2m":1,"floods_3m":1,"first_flood_m":1,"nests":true,"area_km2":0.388}},{"type":"Feature","geometry":{"type":"Polygon","coordinates":[[[-7.49946,4.39058],[-7.51372,4.39058],[-7.51372,4.40484],[-7.49946,4.40484],[-7.49946,4.39058]]]},"properties":{"region":"Bas-Sassandra","district":"Tabou","floods_1m":1,"floods_2m":1,"floods_3m":1,"first_flood_m":1,"nests":true,"area_km2":2.507}},{"type":"Feature","geometry":{"type":"Polygon","coordinates":[[[-7.22856,4.49653],[-7.22903,4.49653],[-7.22903,4.49625],[-7.23014,4.49625],[-7.23014,4.49597],[-7.23042,4.49597],[-7.23042,4.49569],[-7.23069,4.49569],[-7.23069,4.49542],[-7.23097,4.49542],[-7.23097,4.49514],[-7.23153,4.49514],[-7.23153,4.49486],[-7.2318,4.49486],[-7.23181,4.49458],[-7.23208,4.49458],[-7.23208,4.49431],[-7.23264,4.49431],[-7.23264,4.49403],[-7.23319,4.49403],[-7.23319,4.49375],[-7.23347,4.49375],[-7.23347,4.49347],[-7.23375,4.49347],[-7.23375,4.49319],[-7.23403,4.49319],[-7.23403,4.49292],[-7.23458,4.49292],[-7.23458,4.49264],[-7.23486,4.49264],[-7.23486,4.49236],[-7.23514,4.49236],[-7.23514,4.49208],[-7.23542,4.49208],[-7.23542,4.49181],[-7.23597,4.49181],[-7.23597,4.49153],[-7.2368,4.49153],[-7.2368,4.49125],[-7.23736,4.49125],[-7.23736,4.49097],[-7.23792,4.49097],[-7.23792,4.49069],[-7.23847,4.49069],[-7.23847,4.49042],[-7.23875,4.49042],[-7.23875,4.49039],[-7.24282,4.49039],[-7.24282,4.50465],[-7.22856,4.50465],[-7.22856,4.49653]]]},"properties":{"region":"Bas-Sassandra","district":"Tabou","floods_1m":1,"floods_2m":1,"floods_3m":1,"first_flood_m":1,"nests":true,"area_km2":2.12}},{"type":"Feature","geometry":{"type":"Polygon","coordinates":[[[-7.52798,4.39058],[-7.54224,4.39058],[-7.54224,4.40484],[-7.52798,4.40484],[-7.52798,4.39058]]]},"properties":{"region":"Bas-Sassandra","district":"Tabou","floods_1m":0,"floods_2m":1,"floods_3m":1,"first_flood_m":2,"nests":true,"area_km2":2.507}},{"type":"Feature","geometry":{"type":"Polygon","coordinates":[[[-6.20199,5.04645],[-6.21624,5.04645],[-6.21624,5.06071],[-6.20199,5.06071],[-6.20199,5.04645]]]},"properties":{"region":"Bas-Sassandra","district":"Sassandra","floods_1m":0,"floods_2m":0,"floods_3m":1,"first_flood_m":3,"nests":true,"area_km2":2.503}},{"type":"Feature","geometry":{"type":"Polygon","coordinates":[[[-7.51372,4.36181],[-7.51372,4.36207],[-7.51181,4.36207],[-7.51181,4.36181],[-7.51372,4.36181]]]},"properties":{"region":"Bas-Sassandra","district":"Tabou","floods_1m":1,"floods_2m":1,"floods_3m":1,"first_flood_m":1,"nests":true,"area_km2":0.006}},{"type":"Feature","geometry":{"type":"Polygon","coordinates":[[[-7.44243,4.37403],[-7.44292,4.37403],[-7.44292,4.37375],[-7.44403,4.37375],[-7.44403,4.37347],[-7.44486,4.37347],[-7.44486,4.3732],[-7.44514,4.37319],[-7.44514,4.37292],[-7.44597,4.37292],[-7.44597,4.37264],[-7.44681,4.37264],[-7.44681,4.37236],[-7.44792,4.37236],[-7.44792,4.37208],[-7.44847,4.37208],[-7.44847,4.37181],[-7.45014,4.37181],[-7.45014,4.37153],[-7.45292,4.37153],[-7.45292,4.37125],[-7.4532,4.37125],[-7.4532,4.37097],[-7.45347,4.37097],[-7.45347,4.36986],[-7.45375,4.36986],[-7.45375,4.36958],[-7.45347,4.36958],[-7.45347,4.36875],[-7.45375,4.36875],[-7.45375,4.36847],[-7.45431,4.36847],[-7.45431,4.3682],[-7.45458,4.3682],[-7.45458,4.36764],[-7.45597,4.36764],[-7.45597,4.36736],[-7.45669,4.36736],[-7.45669,4.37633],[-7.44243,4.37633],[-7.44243,4.37403]]]},"properties":{"region":"Bas-Sassandra","district":"Tabou","floods_1m":1,"floods_2m":1,"floods_3m":1,"first_flood_m":1,"nests":true,"area_km2":0.874}},{"type":"Feature","geometry":{"type":"Polygon","coordinates":[[[-7.41391,4.38097],[-7.41403,4.38097],[-7.41403,4.38069],[-7.41542,4.38069],[-7.41542,4.38042],[-7.41597,4.38042],[-7.41597,4.38014],[-7.41708,4.38014],[-7.41708,4.37986],[-7.41847,4.37986],[-7.41847,4.37958],[-7.41986,4.37958],[-7.41986,4.37931],[-7.42042,4.37931],[-7.42042,4.37903],[-7.42125,4.37903],[-7.42125,4.37875],[-7.42375,4.37875],[-7.42375,4.37847],[-7.42514,4.37847],[-7.42514,4.37819],[-7.42569,4.37819],[-7.42569,4.37792],[-7.42653,4.37792],[-7.42653,4.37764],[-7.42708,4.37764],[-7.42708,4.37736],[-7.42817,4.37736],[-7.42817,4.39058],[-7.41391,4.39058],[-7.41391,4.38097]]]},"properties":{"region":"Bas-Sassandra","district":"Tabou","floods_1m":1,"floods_2m":1,"floods_3m":1,"first_flood_m":1,"nests":true,"area_km2":2.016}},{"type":"Feature","geometry":{"type":"Polygon","coordinates":[[[-6.03089,5.01794],[-6.04515,5.01794],[-6.04515,5.03219],[-6.03089,5.03219],[-6.03089,5.01794]]]},"properties":{"region":"Bas-Sassandra","district":"Sassandra","floods_1m":0,"floods_2m":0,"floods_3m":1,"first_flood_m":3,"nests":true,"area_km2":2.503}},{"type":"Feature","geometry":{"type":"Polygon","coordinates":[[[-7.22856,4.50465],[-7.24282,4.50465],[-7.24282,4.51891],[-7.22856,4.51891],[-7.22856,4.50465]]]},"properties":{"region":"Bas-Sassandra","district":"Tabou","floods_1m":0,"floods_2m":1,"floods_3m":1,"first_flood_m":2,"nests":true,"area_km2":2.506}},{"type":"Feature","geometry":{"type":"Polygon","coordinates":[[[-5.87405,5.02708],[-5.87458,5.02708],[-5.87458,5.02681],[-5.87542,5.02681],[-5.87542,5.02653],[-5.87625,5.02653],[-5.87625,5.02625],[-5.87708,5.02625],[-5.87708,5.02597],[-5.87792,5.02597],[-5.87792,5.02569],[-5.87931,5.02569],[-5.87931,5.02542],[-5.88023,5.02542],[-5.88125,5.02542],[-5.88125,5.02514],[-5.88153,5.02514],[-5.88153,5.02486],[-5.88208,5.02486],[-5.88208,5.02465],[-5.88208,5.02403],[-5.88319,5.02403],[-5.88319,5.02375],[-5.88403,5.02375],[-5.88403,5.02347],[-5.88492,5.02347],[-5.88542,5.02347],[-5.88542,5.02319],[-5.88559,5.02319],[-5.88597,5.02319],[-5.88597,5.02303],[-5.88597,5.02292],[-5.88625,5.02292],[-5.88625,5.02319],[-5.88653,5.02319],[-5.88653,5.02292],[-5.88736,5.02292],[-5.88736,5.02264],[-5.88831,5.02264],[-5.88831,5.02569],[-5.88819,5.02569],[-5.88819,5.02625],[-5.88792,5.02625],[-5.88792,5.02681],[-5.88764,5.02681],[-5.88764,5.02708],[-5.88819,5.02708],[-5.88819,5.02736],[-5.88792,5.02736],[-5.88792,5.02792],[-5.88831,5.02792],[-5.88831,5.03219],[-5.87405,5.03219],[-5.87405,5.02708]]]},"properties":{"region":"Bas-Sassandra","district":"Sassandra","floods_1m":1,"floods_2m":1,"floods_3m":1,"first_flood_m":1,"nests":true,"area_km2":1.289}},{"type":"Feature","geometry":{"type":"Polygon","coordinates":[[[-6.05941,5.00368],[-6.07366,5.00368],[-6.07366,5.01794],[-6.05941,5.01794],[-6.05941,5.00368]]]},"properties":{"region":"Bas-Sassandra","district":"Sassandra","floods_1m":0,"floods_2m":1,"floods_3m":1,"first_flood_m":2,"nests":true,"area_km2":2.503}},{"type":"Feature","geometry":{"type":"Polygon","coordinates":[[[-6.07366,4.97516],[-6.08792,4.97516],[-6.08792,4.98942],[-6.07366,4.98942],[-6.07366,4.97516]]]},"properties":{"region":"Bas-Sassandra","district":"Sassandra","floods_1m":1,"floods_2m":1,"floods_3m":1,"first_flood_m":1,"nests":true,"area_km2":2.505}},{"type":"Feature","geometry":{"type":"Polygon","coordinates":[[[-6.05941,4.96458],[-6.06069,4.96458],[-6.0607,4.9643],[-6.06347,4.9643],[-6.06347,4.96403],[-6.06458,4.96403],[-6.06458,4.96375],[-6.06597,4.96375],[-6.06597,4.96347],[-6.06847,4.96347],[-6.06847,4.96319],[-6.07042,4.96319],[-6.07042,4.96292],[-6.07069,4.96292],[-6.07069,4.96264],[-6.07153,4.96264],[-6.07153,4.96236],[-6.07181,4.96236],[-6.07181,4.9618],[-6.07236,4.9618],[-6.07236,4.96165],[-6.07236,4.96153],[-6.07292,4.96153],[-6.07292,4.96125],[-6.07366,4.96125],[-6.07366,4.97516],[-6.05941,4.97516],[-6.05941,4.96458]]]},"properties":{"region":"Bas-Sassandra","district":"Sassandra","floods_1m":1,"floods_2m":1,"floods_3m":1,"first_flood_m":1,"nests":true,"area_km2":2.059}},{"type":"Feature","geometry":{"type":"Polygon","coordinates":[[[-7.39966,4.38681],[-7.40014,4.38681],[-7.40014,4.38653],[-7.40042,4.38653],[-7.40042,4.38625],[-7.40069,4.38625],[-7.40069,4.38597],[-7.40097,4.38597],[-7.40097,4.38569],[-7.40125,4.38569],[-7.40125,4.38542],[-7.40153,4.38542],[-7.40153,4.38514],[-7.4018,4.38514],[-7.4018,4.38486],[-7.40208,4.38486],[-7.40208,4.38458],[-7.40319,4.38458],[-7.40319,4.38431],[-7.40347,4.38431],[-7.40347,4.38403],[-7.40403,4.38403],[-7.40403,4.38375],[-7.40458,4.38375],[-7.40458,4.38347],[-7.40708,4.38347],[-7.40708,4.38319],[-7.40958,4.38319],[-7.40958,4.38292],[-7.40986,4.38292],[-7.40986,4.38264],[-7.41042,4.38264],[-7.41042,4.38236],[-7.41153,4.38236],[-7.41153,4.38208],[-7.41236,4.38208],[-7.41236,4.38181],[-7.41264,4.38181],[-7.41264,4.38153],[-7.41292,4.38153],[-7.41292,4.38125],[-7.41319,4.38125],[-7.41319,4.38097],[-7.41391,4.38097],[-7.41391,4.39058],[-7.39966,4.39058],[-7.39966,4.38681]]]},"properties":{"region":"Bas-Sassandra","district":"Tabou","floods_1m":1,"floods_2m":1,"floods_3m":1,"first_flood_m":1,"nests":true,"area_km2":1.24}},{"type":"Feature","geometry":{"type":"Polygon","coordinates":[[[-7.39966,4.38681],[-7.39966,4.39058],[-7.39625,4.39058],[-7.39625,4.38958],[-7.39597,4.38958],[-7.39597,4.38875],[-7.39708,4.38875],[-7.39708,4.38847],[-7.39736,4.38847],[-7.39736,4.38819],[-7.39764,4.38819],[-7.39764,4.38764],[-7.39792,4.38764],[-7.39792,4.38736],[-7.39847,4.38736],[-7.39847,4.38708],[-7.39875,4.38708],[-7.39875,4.38681],[-7.39966,4.38681]]]},"properties":{"region":"Bas-Sassandra","district":"Tabou","floods_1m":1,"floods_2m":1,"floods_3m":1,"first_flood_m":1,"nests":true,"area_km2":0.123}},{"type":"Feature","geometry":{"type":"Polygon","coordinates":[[[-6.1307,5.00368],[-6.14495,5.00368],[-6.14495,5.01794],[-6.1307,5.01794],[-6.1307,5.00368]]]},"properties":{"region":"Bas-Sassandra","district":"Sassandra","floods_1m":0,"floods_2m":1,"floods_3m":1,"first_flood_m":2,"nests":true,"area_km2":2.503}},{"type":"Feature","geometry":{"type":"Polygon","coordinates":[[[-6.24476,4.86653],[-6.24514,4.86653],[-6.24514,4.86625],[-6.24542,4.86625],[-6.24542,4.86597],[-6.24597,4.86597],[-6.24597,4.86569],[-6.24653,4.86569],[-6.24653,4.86542],[-6.24736,4.86542],[-6.24736,4.86514],[-6.24903,4.86514],[-6.24903,4.86486],[-6.2493,4.86486],[-6.2493,4.86458],[-6.24958,4.86458],[-6.24958,4.86431],[-6.24986,4.86431],[-6.24986,4.86403],[-6.25153,4.86403],[-6.25153,4.86375],[-6.25375,4.86375],[-6.25375,4.86347],[-6.25431,4.86347],[-6.25431,4.86375],[-6.25486,4.86375],[-6.25486,4.86347],[-6.25542,4.86347],[-6.25542,4.86319],[-6.25597,4.86319],[-6.25597,4.86292],[-6.25625,4.86292],[-6.25625,4.86319],[-6.25681,4.86319],[-6.25681,4.86292],[-6.25792,4.86292],[-6.25792,4.86264],[-6.25819,4.86264],[-6.25819,4.86292],[-6.25847,4.86292],[-6.25847,4.86264],[-6.25902,4.86264],[-6.25902,4.87536],[-6.24476,4.87536],[-6.24476,4.86653]]]},"properties":{"region":"Bas-Sassandra","district":"Sassandra","floods_1m":1,"floods_2m":1,"floods_3m":1,"first_flood_m":1,"nests":true,"area_km2":1.969}},{"type":"Feature","geometry":{"type":"Polygon","coordinates":[[[-6.01663,4.97516],[-6.03089,4.97516],[-6.03089,4.98942],[-6.01663,4.98942],[-6.01663,4.97516]]]},"properties":{"region":"Bas-Sassandra","district":"Sassandra","floods_1m":1,"floods_2m":1,"floods_3m":1,"first_flood_m":1,"nests":true,"area_km2":2.505}},{"type":"Feature","geometry":{"type":"Polygon","coordinates":[[[-7.44243,4.37403],[-7.44243,4.37633],[-7.43887,4.37633],[-7.43208,4.37633],[-7.43208,4.37625],[-7.43264,4.37625],[-7.43264,4.37597],[-7.43292,4.37597],[-7.43292,4.37569],[-7.43375,4.37569],[-7.43375,4.37542],[-7.43486,4.37542],[-7.43486,4.37514],[-7.43887,4.37514],[-7.43986,4.37514],[-7.43986,4.37486],[-7.44097,4.37486],[-7.44097,4.37458],[-7.44181,4.37458],[-7.44181,4.3743],[-7.44236,4.3743],[-7.44236,4.37403],[-7.44243,4.37403]]]},"properties":{"region":"Bas-Sassandra","district":"Tabou","floods_1m":1,"floods_2m":1,"floods_3m":1,"first_flood_m":1,"nests":true,"area_km2":0.148}},{"type":"Feature","geometry":{"type":"Polygon","coordinates":[[[-7.31411,4.43653],[-7.31411,4.44762],[-7.30875,4.44762],[-7.30875,4.44736],[-7.30903,4.44736],[-7.30903,4.44708],[-7.30931,4.44708],[-7.30931,4.44681],[-7.30958,4.44681],[-7.30958,4.44653],[-7.30986,4.44653],[-7.30986,4.44625],[-7.31014,4.44625],[-7.31014,4.44597],[-7.31042,4.44597],[-7.31042,4.44569],[-7.31069,4.44569],[-7.31069,4.44514],[-7.31097,4.44514],[-7.31097,4.44458],[-7.31125,4.44458],[-7.31125,4.44403],[-7.31153,4.44403],[-7.31153,4.44347],[-7.31181,4.44347],[-7.31181,4.44319],[-7.31208,4.44319],[-7.31208,4.44292],[-7.31236,4.44292],[-7.31236,4.43986],[-7.31264,4.43986],[-7.31264,4.43931],[-7.31292,4.43931],[-7.31292,4.43819],[-7.31319,4.43819],[-7.31319,4.43736],[-7.31347,4.43736],[-7.31347,4.43708],[-7.31375,4.43708],[-7.31375,4.43653],[-7.31411,4.43653]]]},"properties":{"region":"Bas-Sassandra","district":"Tabou","floods_1m":0,"floods_2m":0,"floods_3m":1,"first_flood_m":3,"nests":true,"area_km2":0.311}},{"type":"Feature","geometry":{"type":"Polygon","coordinates":[[[-5.94534,5.00236],[-5.94625,5.00236],[-5.94625,5.00208],[-5.94764,5.00208],[-5.94764,5.00181],[-5.94875,5.00181],[-5.94875,5.00153],[-5.95014,5.00153],[-5.95014,5.00125],[-5.95125,5.00125],[-5.95125,5.00097],[-5.95236,5.00097],[-5.95236,5.00069],[-5.95347,5.00069],[-5.95347,5.00042],[-5.95375,5.00042],[-5.95375,5.00014],[-5.95375,4.99986],[-5.95403,4.99986],[-5.95403,4.99958],[-5.95431,4.99958],[-5.95431,4.99931],[-5.95458,4.99931],[-5.95458,4.99903],[-5.95597,4.99903],[-5.95597,4.99931],[-5.95764,4.99931],[-5.95764,4.99903],[-5.95819,4.99903],[-5.95819,4.99875],[-5.9596,4.99875],[-5.9596,5.00368],[-5.94534,5.00368],[-5.94534,5.00236]]]},"properties":{"region":"Bas-Sassandra","district":"Sassandra","floods_1m":1,"floods_2m":1,"floods_3m":1,"first_flood_m":1,"nests":true,"area_km2":0.555}},{"type":"Feature","geometry":{"type":"Polygon","coordinates":[[[-7.25708,4.46431],[-7.25819,4.46431],[-7.25819,4.46403],[-7.25958,4.46403],[-7.25958,4.46375],[-7.26042,4.46375],[-7.26042,4.46347],[-7.2618,4.46347],[-7.2618,4.46319],[-7.26264,4.46319],[-7.26264,4.46292],[-7.26403,4.46292],[-7.26403,4.46264],[-7.26653,4.46264],[-7.26653,4.46236],[-7.26708,4.46236],[-7.26708,4.46208],[-7.26792,4.46208],[-7.26792,4.46187],[-7.27133,4.46187],[-7.27133,4.47613],[-7.25708,4.47613],[-7.25708,4.46431]]]},"properties":{"region":"Bas-Sassandra","district":"Tabou","floods_1m":1,"floods_2m":1,"floods_3m":1,"first_flood_m":1,"nests":true,"area_km2":2.327}},{"type":"Feature","geometry":{"type":"Polygon","coordinates":[[[-4.66212,5.3031],[-4.67638,5.3031],[-4.67638,5.31735],[-4.66212,5.31735],[-4.66212,5.3031]]]},"properties":{"region":"Lagunes","district":"Abidjan","floods_1m":1,"floods_2m":1,"floods_3m":1,"first_flood_m":1,"nests":true,"area_km2":2.502}},{"type":"Feature","geometry":{"type":"Polygon","coordinates":[[[-3.62129,5.53122],[-3.63555,5.53122],[-3.63555,5.54548],[-3.62129,5.54548],[-3.62129,5.53122]]]},"properties":{"region":"Lagunes","district":"Abidjan","floods_1m":1,"floods_2m":1,"floods_3m":1,"first_flood_m":1,"nests":true,"area_km2":2.503}},{"type":"Feature","geometry":{"type":"Polygon","coordinates":[[[-4.30567,5.26032],[-4.31993,5.26032],[-4.31993,5.27458],[-4.30567,5.27458],[-4.30567,5.26032]]]},"properties":{"region":"Lagunes","district":"Abidjan","floods_1m":1,"floods_2m":1,"floods_3m":1,"first_flood_m":1,"nests":true,"area_km2":2.504}},{"type":"Feature","geometry":{"type":"Polygon","coordinates":[[[-4.54806,5.24606],[-4.56232,5.24606],[-4.56232,5.24695],[-4.56232,5.26032],[-4.54806,5.26032],[-4.54806,5.24695],[-4.54806,5.24606]]]},"properties":{"region":"Lagunes","district":"Abidjan","floods_1m":1,"floods_2m":1,"floods_3m":1,"first_flood_m":1,"nests":true,"area_km2":2.504}},{"type":"Feature","geometry":{"type":"Polygon","coordinates":[[[-7.3854,4.4191],[-7.39966,4.4191],[-7.39966,4.43336],[-7.3854,4.43336],[-7.3854,4.4191]]]},"properties":{"region":"Bas-Sassandra","district":"Tabou","floods_1m":0,"floods_2m":0,"floods_3m":1,"first_flood_m":3,"nests":true,"area_km2":2.507}},{"type":"Feature","geometry":{"type":"Polygon","coordinates":[[[-4.34845,5.31735],[-4.36271,5.31735],[-4.36271,5.33161],[-4.34845,5.33161],[-4.34845,5.31735]]]},"properties":{"region":"Lagunes","district":"Abidjan","floods_1m":1,"floods_2m":1,"floods_3m":1,"first_flood_m":1,"nests":true,"area_km2":2.503}},{"type":"Feature","geometry":{"type":"Polygon","coordinates":[[[-4.12032,5.33161],[-4.13458,5.33161],[-4.13458,5.34587],[-4.12032,5.34587],[-4.12032,5.33161]]]},"properties":{"region":"Lagunes","district":"Abidjan","floods_1m":1,"floods_2m":1,"floods_3m":1,"first_flood_m":1,"nests":true,"area_km2":2.503}},{"type":"Feature","geometry":{"type":"Polygon","coordinates":[[[-6.07366,5.01794],[-6.08792,5.01794],[-6.08792,5.03219],[-6.07366,5.03219],[-6.07366,5.01794]]]},"properties":{"region":"Bas-Sassandra","district":"Sassandra","floods_1m":0,"floods_2m":0,"floods_3m":1,"first_flood_m":3,"nests":true,"area_km2":2.503}},{"type":"Feature","geometry":{"type":"Polygon","coordinates":[[[-3.89219,5.33161],[-3.90645,5.33161],[-3.90645,5.34587],[-3.89219,5.34587],[-3.89219,5.33161]]]},"properties":{"region":"Lagunes","district":"Abidjan","floods_1m":1,"floods_2m":1,"floods_3m":1,"first_flood_m":1,"nests":true,"area_km2":2.503}},{"type":"Feature","geometry":{"type":"Polygon","coordinates":[[[-6.11644,5.00368],[-6.1307,5.00368],[-6.1307,5.01794],[-6.11644,5.01794],[-6.11644,5.00368]]]},"properties":{"region":"Bas-Sassandra","district":"Sassandra","floods_1m":1,"floods_2m":1,"floods_3m":1,"first_flood_m":1,"nests":true,"area_km2":2.505}},{"type":"Feature","geometry":{"type":"Polygon","coordinates":[[[-6.24476,4.86653],[-6.24476,4.87536],[-6.23375,4.87536],[-6.23375,4.87514],[-6.23431,4.87514],[-6.23431,4.87486],[-6.23458,4.87486],[-6.23458,4.87458],[-6.23486,4.87458],[-6.23486,4.87431],[-6.23514,4.87431],[-6.23514,4.87375],[-6.23542,4.87375],[-6.23542,4.87264],[-6.23514,4.87264],[-6.23514,4.87236],[-6.23486,4.87236],[-6.23486,4.87153],[-6.23514,4.87153],[-6.23514,4.87125],[-6.23486,4.87125],[-6.23486,4.87069],[-6.23514,4.87069],[-6.23514,4.87014],[-6.23542,4.87014],[-6.23542,4.86986],[-6.23569,4.86986],[-6.23569,4.86958],[-6.23597,4.86958],[-6.23597,4.86931],[-6.23653,4.86931],[-6.23653,4.86903],[-6.23708,4.86903],[-6.23708,4.86875],[-6.23736,4.86875],[-6.23736,4.86903],[-6.2391,4.86903],[-6.2393,4.86903],[-6.2393,4.86892],[-6.2393,4.86875],[-6.23964,4.86875],[-6.24014,4.86875],[-6.24014,4.86847],[-6.2407,4.86847],[-6.2407,4.86819],[-6.24153,4.86819],[-6.24153,4.86792],[-6.24181,4.86792],[-6.24181,4.86819],[-6.24208,4.86819],[-6.24208,4.86792],[-6.24236,4.86792],[-6.24236,4.86764],[-6.24264,4.86764],[-6.24264,4.86736],[-6.2432,4.86736],[-6.2432,4.86708],[-6.24375,4.86708],[-6.24375,4.86689],[-6.24375,4.86681],[-6.24414,4.86681],[-6.24458,4.86681],[-6.24458,4.86653],[-6.24476,4.86653]]]},"properties":{"region":"Bas-Sassandra","district":"Sassandra","floods_1m":1,"floods_2m":1,"floods_3m":1,"first_flood_m":1,"nests":true,"area_km2":0.835}},{"type":"Feature","geometry":{"type":"Polygon","coordinates":[[[-6.00237,4.98942],[-6.01663,4.98942],[-6.01663,5.00368],[-6.00237,5.00368],[-6.00237,4.98942]]]},"properties":{"region":"Bas-Sassandra","district":"Sassandra","floods_1m":0,"floods_2m":0,"floods_3m":1,"first_flood_m":3,"nests":true,"area_km2":2.505}},{"type":"Feature","geometry":{"type":"Polygon","coordinates":[[[-4.23438,5.47419],[-4.24864,5.47419],[-4.24864,5.48845],[-4.23438,5.48845],[-4.23438,5.47419]]]},"properties":{"region":"Lagunes","district":"Abidjan","floods_1m":1,"floods_2m":1,"floods_3m":1,"first_flood_m":1,"nests":true,"area_km2":2.503}},{"type":"Feature","geometry":{"type":"Polygon","coordinates":[[[-4.39122,5.31735],[-4.40548,5.31735],[-4.40548,5.33161],[-4.39122,5.33161],[-4.39122,5.31735]]]},"properties":{"region":"Lagunes","district":"Abidjan","floods_1m":0,"floods_2m":0,"floods_3m":1,"first_flood_m":3,"nests":true,"area_km2":2.503}},{"type":"Feature","geometry":{"type":"Polygon","coordinates":[[[-4.0918,5.26032],[-4.10606,5.26032],[-4.10606,5.27458],[-4.0918,5.27458],[-4.0918,5.26032]]]},"properties":{"region":"Lagunes","district":"Abidjan","floods_1m":1,"floods_2m":1,"floods_3m":1,"first_flood_m":1,"nests":true,"area_km2":2.504}},{"type":"Feature","geometry":{"type":"Polygon","coordinates":[[[-4.33419,5.26032],[-4.34845,5.26032],[-4.34845,5.27458],[-4.33419,5.27458],[-4.33419,5.26032]]]},"properties":{"region":"Lagunes","district":"Abidjan","floods_1m":1,"floods_2m":1,"floods_3m":1,"first_flood_m":1,"nests":true,"area_km2":2.504}},{"type":"Feature","geometry":{"type":"Polygon","coordinates":[[[-4.7049,5.27458],[-4.71916,5.27458],[-4.71916,5.28884],[-4.7049,5.28884],[-4.7049,5.27458]]]},"properties":{"region":"Lagunes","district":"Abidjan","floods_1m":1,"floods_2m":1,"floods_3m":1,"first_flood_m":1,"nests":true,"area_km2":2.504}},{"type":"Feature","geometry":{"type":"Polygon","coordinates":[[[-6.14495,4.91708],[-6.14569,4.91708],[-6.14569,4.91681],[-6.14597,4.91681],[-6.14597,4.91653],[-6.14653,4.91653],[-6.14653,4.91625],[-6.14708,4.91625],[-6.14708,4.91597],[-6.14736,4.91597],[-6.14736,4.91569],[-6.14764,4.91569],[-6.14764,4.91542],[-6.14792,4.91542],[-6.14792,4.91431],[-6.14764,4.91431],[-6.14764,4.91375],[-6.14792,4.91375],[-6.14792,4.9132],[-6.14847,4.9132],[-6.14847,4.91292],[-6.14875,4.91292],[-6.14875,4.91264],[-6.14903,4.91264],[-6.14903,4.91292],[-6.14958,4.91292],[-6.14958,4.91264],[-6.15042,4.91264],[-6.15042,4.91292],[-6.15069,4.91292],[-6.15069,4.91264],[-6.15347,4.91264],[-6.15347,4.91236],[-6.15375,4.91236],[-6.15375,4.91181],[-6.15431,4.91181],[-6.15431,4.91153],[-6.15514,4.91153],[-6.15514,4.91125],[-6.15542,4.91125],[-6.15542,4.9107],[-6.15625,4.9107],[-6.15625,4.91042],[-6.15653,4.91042],[-6.15653,4.91014],[-6.15681,4.91014],[-6.15681,4.90986],[-6.15764,4.90986],[-6.15764,4.90958],[-6.15792,4.90958],[-6.15792,4.90931],[-6.15847,4.90931],[-6.15847,4.90903],[-6.15921,4.90903],[-6.15921,4.91813],[-6.14495,4.91813],[-6.14495,4.91708]]]},"properties":{"region":"Bas-Sassandra","district":"Sassandra","floods_1m":1,"floods_2m":1,"floods_3m":1,"first_flood_m":1,"nests":true,"area_km2":0.974}},{"type":"Feature","geometry":{"type":"Polygon","coordinates":[[[-4.64787,5.23181],[-4.66212,5.23181],[-4.66212,5.24606],[-4.64787,5.24606],[-4.64787,5.23181]]]},"properties":{"region":"Lagunes","district":"Abidjan","floods_1m":1,"floods_2m":1,"floods_3m":1,"first_flood_m":1,"nests":true,"area_km2":2.5}},{"type":"Feature","geometry":{"type":"Polygon","coordinates":[[[-3.8209,5.24606],[-3.83516,5.24606],[-3.83516,5.24695],[-3.83516,5.26032],[-3.8209,5.26032],[-3.8209,5.24695],[-3.8209,5.24606]]]},"properties":{"region":"Lagunes","district":"Abidjan","floods_1m":0,"floods_2m":1,"floods_3m":1,"first_flood_m":2,"nests":true,"area_km2":2.504}},{"type":"Feature","geometry":{"type":"Polygon","coordinates":[[[-3.89219,5.34587],[-3.90645,5.34587],[-3.90645,5.36013],[-3.89219,5.36013],[-3.89219,5.34587]]]},"properties":{"region":"Lagunes","district":"Abidjan","floods_1m":1,"floods_2m":1,"floods_3m":1,"first_flood_m":1,"nests":true,"area_km2":2.503}},{"type":"Feature","geometry":{"type":"Polygon","coordinates":[[[-3.83516,5.31735],[-3.84942,5.31735],[-3.84942,5.33161],[-3.83516,5.33161],[-3.83516,5.31735]]]},"properties":{"region":"Lagunes","district":"Abidjan","floods_1m":1,"floods_2m":1,"floods_3m":1,"first_flood_m":1,"nests":true,"area_km2":2.503}},{"type":"Feature","geometry":{"type":"Polygon","coordinates":[[[-4.54806,5.21755],[-4.56232,5.21755],[-4.56232,5.23181],[-4.54806,5.23181],[-4.54806,5.21755]]]},"properties":{"region":"Lagunes","district":"Abidjan","floods_1m":1,"floods_2m":1,"floods_3m":1,"first_flood_m":1,"nests":true,"area_km2":2.504}},{"type":"Feature","geometry":{"type":"Polygon","coordinates":[[[-3.80664,5.24606],[-3.8209,5.24606],[-3.8209,5.24695],[-3.8209,5.26032],[-3.80664,5.26032],[-3.80664,5.24695],[-3.80664,5.24606]]]},"properties":{"region":"Lagunes","district":"Abidjan","floods_1m":1,"floods_2m":1,"floods_3m":1,"first_flood_m":1,"nests":true,"area_km2":2.504}},{"type":"Feature","geometry":{"type":"Polygon","coordinates":[[[-7.47095,4.36431],[-7.47153,4.36431],[-7.47153,4.36403],[-7.47236,4.36403],[-7.47236,4.36375],[-7.47486,4.36375],[-7.47486,4.36347],[-7.47542,4.36347],[-7.47542,4.36319],[-7.47597,4.36319],[-7.47597,4.36292],[-7.47764,4.36292],[-7.47764,4.36264],[-7.47986,4.36264],[-7.47986,4.36236],[-7.48097,4.36236],[-7.48097,4.36208],[-7.48347,4.36208],[-7.48347,4.36236],[-7.48486,4.36236],[-7.48486,4.36264],[-7.4852,4.36264],[-7.4852,4.37633],[-7.47095,4.37633],[-7.47095,4.36431]]]},"properties":{"region":"Bas-Sassandra","district":"Tabou","floods_1m":1,"floods_2m":1,"floods_3m":1,"first_flood_m":1,"nests":true,"area_km2":2.355}},{"type":"Feature","geometry":{"type":"Polygon","coordinates":[[[-4.49103,5.21755],[-4.50529,5.21755],[-4.50529,5.23181],[-4.49103,5.23181],[-4.49103,5.21755]]]},"properties":{"region":"Lagunes","district":"Abidjan","floods_1m":1,"floods_2m":1,"floods_3m":1,"first_flood_m":1,"nests":true,"area_km2":2.504}},{"type":"Feature","geometry":{"type":"Polygon","coordinates":[[[-3.80664,5.27458],[-3.8209,5.27458],[-3.8209,5.28884],[-3.80664,5.28884],[-3.80664,5.27458]]]},"properties":{"region":"Lagunes","district":"Abidjan","floods_1m":1,"floods_2m":1,"floods_3m":1,"first_flood_m":1,"nests":true,"area_km2":2.504}},{"type":"Feature","geometry":{"type":"Polygon","coordinates":[[[-4.37696,5.28884],[-4.39122,5.28884],[-4.39122,5.3031],[-4.37696,5.3031],[-4.37696,5.28884]]]},"properties":{"region":"Lagunes","district":"Abidjan","floods_1m":1,"floods_2m":1,"floods_3m":1,"first_flood_m":1,"nests":true,"area_km2":2.504}},{"type":"Feature","geometry":{"type":"Polygon","coordinates":[[[-4.06329,5.27458],[-4.07755,5.27458],[-4.07755,5.28884],[-4.06329,5.28884],[-4.06329,5.27458]]]},"properties":{"region":"Lagunes","district":"Abidjan","floods_1m":1,"floods_2m":1,"floods_3m":1,"first_flood_m":1,"nests":true,"area_km2":2.504}},{"type":"Feature","geometry":{"type":"Polygon","coordinates":[[[-6.01663,4.98942],[-6.03089,4.98942],[-6.03089,5.00368],[-6.01663,5.00368],[-6.01663,4.98942]]]},"properties":{"region":"Bas-Sassandra","district":"Sassandra","floods_1m":1,"floods_2m":1,"floods_3m":1,"first_flood_m":1,"nests":true,"area_km2":2.505}},{"type":"Feature","geometry":{"type":"Polygon","coordinates":[[[-4.50529,5.24606],[-4.51954,5.24606],[-4.51954,5.24695],[-4.51954,5.26032],[-4.50529,5.26032],[-4.50529,5.24695],[-4.50529,5.24606]]]},"properties":{"region":"Lagunes","district":"Abidjan","floods_1m":1,"floods_2m":1,"floods_3m":1,"first_flood_m":1,"nests":true,"area_km2":2.502}},{"type":"Feature","geometry":{"type":"Polygon","coordinates":[[[-4.71916,5.21755],[-4.73341,5.21755],[-4.73341,5.23181],[-4.71916,5.23181],[-4.71916,5.21755]]]},"properties":{"region":"Lagunes","district":"Abidjan","floods_1m":1,"floods_2m":1,"floods_3m":1,"first_flood_m":1,"nests":true,"area_km2":2.502}},{"type":"Feature","geometry":{"type":"Polygon","coordinates":[[[-3.86368,5.24606],[-3.87793,5.24606],[-3.87793,5.24695],[-3.87793,5.26032],[-3.86368,5.26032],[-3.86368,5.24695],[-3.86368,5.24606]]]},"properties":{"region":"Lagunes","district":"Abidjan","floods_1m":0,"floods_2m":0,"floods_3m":1,"first_flood_m":3,"nests":true,"area_km2":2.502}},{"type":"Feature","geometry":{"type":"Polygon","coordinates":[[[-3.97774,5.26032],[-3.992,5.26032],[-3.992,5.27458],[-3.97774,5.27458],[-3.97774,5.26032]]]},"properties":{"region":"Lagunes","district":"Abidjan","floods_1m":1,"floods_2m":1,"floods_3m":1,"first_flood_m":1,"nests":true,"area_km2":2.504}},{"type":"Feature","geometry":{"type":"Polygon","coordinates":[[[-4.16309,5.3031],[-4.17735,5.3031],[-4.17735,5.31735],[-4.16309,5.31735],[-4.16309,5.3031]]]},"properties":{"region":"Lagunes","district":"Abidjan","floods_1m":1,"floods_2m":1,"floods_3m":1,"first_flood_m":1,"nests":true,"area_km2":2.502}},{"type":"Feature","geometry":{"type":"Polygon","coordinates":[[[-4.66212,5.27458],[-4.67638,5.27458],[-4.67638,5.28884],[-4.66212,5.28884],[-4.66212,5.27458]]]},"properties":{"region":"Lagunes","district":"Abidjan","floods_1m":1,"floods_2m":1,"floods_3m":1,"first_flood_m":1,"nests":true,"area_km2":2.504}},{"type":"Feature","geometry":{"type":"Polygon","coordinates":[[[-5.98812,4.98208],[-5.98819,4.98208],[-5.98819,4.98181],[-5.98847,4.9818],[-5.98847,4.98153],[-5.99097,4.98153],[-5.99097,4.98125],[-5.99236,4.98125],[-5.99236,4.98097],[-5.99319,4.98097],[-5.99319,4.98069],[-5.99403,4.98069],[-5.99403,4.98042],[-5.99597,4.98042],[-5.99597,4.98014],[-5.99681,4.98014],[-5.99681,4.97986],[-5.99792,4.97986],[-5.99792,4.97958],[-5.99903,4.97958],[-5.99903,4.97931],[-5.9993,4.97931],[-5.9993,4.97903],[-5.99997,4.97903],[-6.00042,4.97903],[-6.00042,4.97931],[-6.00097,4.97931],[-6.00097,4.97903],[-6.00237,4.97903],[-6.00237,4.98942],[-5.98812,4.98942],[-5.98812,4.98208]]]},"properties":{"region":"Bas-Sassandra","district":"Sassandra","floods_1m":1,"floods_2m":1,"floods_3m":1,"first_flood_m":1,"nests":true,"area_km2":1.593}},{"type":"Feature","geometry":{"type":"Polygon","coordinates":[[[-3.56426,5.37439],[-3.57852,5.37439],[-3.57852,5.38864],[-3.56426,5.38864],[-3.56426,5.37439]]]},"properties":{"region":"Lagunes","district":"Abidjan","floods_1m":1,"floods_2m":1,"floods_3m":1,"first_flood_m":1,"nests":true,"area_km2":2.501}},{"type":"Feature","geometry":{"type":"Polygon","coordinates":[[[-3.70684,5.26032],[-3.7211,5.26032],[-3.7211,5.27458],[-3.70684,5.27458],[-3.70684,5.26032]]]},"properties":{"region":"Lagunes","district":"Abidjan","floods_1m":1,"floods_2m":1,"floods_3m":1,"first_flood_m":1,"nests":true,"area_km2":2.504}},{"type":"Feature","geometry":{"type":"Polygon","coordinates":[[[-6.17347,4.90292],[-6.17347,4.90387],[-6.16736,4.90387],[-6.16736,4.90375],[-6.16792,4.90375],[-6.16792,4.90347],[-6.16819,4.90347],[-6.16819,4.90375],[-6.16848,4.90375],[-6.16903,4.90375],[-6.16903,4.90358],[-6.16903,4.90347],[-6.1693,4.90347],[-6.1693,4.90319],[-6.16986,4.90319],[-6.16986,4.90292],[-6.17014,4.90292],[-6.17014,4.90319],[-6.17031,4.90319],[-6.17181,4.90319],[-6.17181,4.90347],[-6.17236,4.90347],[-6.17236,4.90319],[-6.17292,4.90319],[-6.17292,4.90292],[-6.17347,4.90292]]]},"properties":{"region":"Bas-Sassandra","district":"Sassandra","floods_1m":1,"floods_2m":1,"floods_3m":1,"first_flood_m":1,"nests":true,"area_km2":0.041}},{"type":"Feature","geometry":{"type":"Polygon","coordinates":[[[-4.24864,5.28884],[-4.2629,5.28884],[-4.2629,5.3031],[-4.24864,5.3031],[-4.24864,5.28884]]]},"properties":{"region":"Lagunes","district":"Abidjan","floods_1m":1,"floods_2m":1,"floods_3m":1,"first_flood_m":1,"nests":true,"area_km2":2.504}},{"type":"Feature","geometry":{"type":"Polygon","coordinates":[[[-6.04515,4.97516],[-6.05941,4.97516],[-6.05941,4.98942],[-6.04515,4.98942],[-6.04515,4.97516]]]},"properties":{"region":"Bas-Sassandra","district":"Sassandra","floods_1m":1,"floods_2m":1,"floods_3m":1,"first_flood_m":1,"nests":true,"area_km2":2.505}},{"type":"Feature","geometry":{"type":"Polygon","coordinates":[[[-4.06329,5.24097],[-4.06542,5.24097],[-4.06542,5.24069],[-4.06847,5.24069],[-4.06847,5.24042],[-4.06958,5.24042],[-4.06958,5.24014],[-4.07014,5.24014],[-4.07014,5.23986],[-4.0718,5.23986],[-4.0718,5.23958],[-4.07653,5.23958],[-4.07653,5.23931],[-4.07755,5.23931],[-4.07755,5.24606],[-4.06329,5.24606],[-4.06329,5.24097]]]},"properties":{"region":"Lagunes","district":"Abidjan","floods_1m":1,"floods_2m":1,"floods_3m":1,"first_flood_m":1,"nests":true,"area_km2":1.042}},{"type":"Feature","geometry":{"type":"Polygon","coordinates":[[[-3.70684,5.3031],[-3.7211,5.3031],[-3.7211,5.31735],[-3.70684,5.31735],[-3.70684,5.3031]]]},"properties":{"region":"Lagunes","district":"Abidjan","floods_1m":1,"floods_2m":1,"floods_3m":1,"first_flood_m":1,"nests":true,"area_km2":2.502}},{"type":"Feature","geometry":{"type":"Polygon","coordinates":[[[-6.07366,4.98942],[-6.08792,4.98942],[-6.08792,5.00368],[-6.07366,5.00368],[-6.07366,4.98942]]]},"properties":{"region":"Bas-Sassandra","district":"Sassandra","floods_1m":1,"floods_2m":1,"floods_3m":1,"first_flood_m":1,"nests":true,"area_km2":2.505}},{"type":"Feature","geometry":{"type":"Polygon","coordinates":[[[-4.79045,5.20329],[-4.8047,5.20329],[-4.8047,5.21755],[-4.79045,5.21755],[-4.79045,5.20329]]]},"properties":{"region":"Lagunes","district":"Abidjan","floods_1m":1,"floods_2m":1,"floods_3m":1,"first_flood_m":1,"nests":true,"area_km2":2.502}},{"type":"Feature","geometry":{"type":"Polygon","coordinates":[[[-4.04903,5.27458],[-4.06329,5.27458],[-4.06329,5.28884],[-4.04903,5.28884],[-4.04903,5.27458]]]},"properties":{"region":"Lagunes","district":"Abidjan","floods_1m":1,"floods_2m":1,"floods_3m":1,"first_flood_m":1,"nests":true,"area_km2":2.504}},{"type":"Feature","geometry":{"type":"Polygon","coordinates":[[[-5.97386,5.03219],[-5.98812,5.03219],[-5.98812,5.04645],[-5.97386,5.04645],[-5.97386,5.03219]]]},"properties":{"region":"Bas-Sassandra","district":"Sassandra","floods_1m":1,"floods_2m":1,"floods_3m":1,"first_flood_m":1,"nests":true,"area_km2":2.505}},{"type":"Feature","geometry":{"type":"Polygon","coordinates":[[[-4.71916,5.16069],[-4.71958,5.16069],[-4.71958,5.16052],[-4.73341,5.16052],[-4.73341,5.17477],[-4.71916,5.17477],[-4.71916,5.16069]]]},"properties":{"region":"Lagunes","district":"Abidjan","floods_1m":1,"floods_2m":1,"floods_3m":1,"first_flood_m":1,"nests":true,"area_km2":2.5}},{"type":"Feature","geometry":{"type":"Polygon","coordinates":[[[-4.41974,5.3031],[-4.434,5.3031],[-4.434,5.31735],[-4.41974,5.31735],[-4.41974,5.3031]]]},"properties":{"region":"Lagunes","district":"Abidjan","floods_1m":1,"floods_2m":1,"floods_3m":1,"first_flood_m":1,"nests":true,"area_km2":2.502}},{"type":"Feature","geometry":{"type":"Polygon","coordinates":[[[-3.83516,5.45993],[-3.84942,5.45993],[-3.84942,5.47419],[-3.83516,5.47419],[-3.83516,5.45993]]]},"properties":{"region":"Lagunes","district":"Abidjan","floods_1m":0,"floods_2m":1,"floods_3m":1,"first_flood_m":2,"nests":true,"area_km2":2.503}},{"type":"Feature","geometry":{"type":"Polygon","coordinates":[[[-4.77619,5.16052],[-4.79045,5.16052],[-4.79045,5.17477],[-4.77619,5.17477],[-4.77619,5.16052]]]},"properties":{"region":"Lagunes","district":"Abidjan","floods_1m":1,"floods_2m":1,"floods_3m":1,"first_flood_m":1,"nests":true,"area_km2":2.502}},{"type":"Feature","geometry":{"type":"Polygon","coordinates":[[[-6.27328,4.86042],[-6.27328,4.8611],[-6.26958,4.8611],[-6.26958,4.86105],[-6.26958,4.86097],[-6.26982,4.86097],[-6.27097,4.86097],[-6.27097,4.86069],[-6.27264,4.86069],[-6.27264,4.86042],[-6.27328,4.86042]]]},"properties":{"region":"Bas-Sassandra","district":"Sassandra","floods_1m":1,"floods_2m":1,"floods_3m":1,"first_flood_m":1,"nests":true,"area_km2":0.016}},{"type":"Feature","geometry":{"type":"Polygon","coordinates":[[[-3.80664,5.36013],[-3.8209,5.36013],[-3.8209,5.37439],[-3.80664,5.37439],[-3.80664,5.36013]]]},"properties":{"region":"Lagunes","district":"Abidjan","floods_1m":1,"floods_2m":1,"floods_3m":1,"first_flood_m":1,"nests":true,"area_km2":2.503}},{"type":"Feature","geometry":{"type":"Polygon","coordinates":[[[-3.66406,5.26032],[-3.67832,5.26032],[-3.67832,5.27458],[-3.66406,5.27458],[-3.66406,5.26032]]]},"properties":{"region":"Lagunes","district":"Abidjan","floods_1m":1,"floods_2m":1,"floods_3m":1,"first_flood_m":1,"nests":true,"area_km2":2.504}},{"type":"Feature","geometry":{"type":"Polygon","coordinates":[[[-3.83516,5.21931],[-3.83569,5.21931],[-3.83569,5.21958],[-3.83625,5.21958],[-3.83625,5.21986],[-3.83708,5.21986],[-3.83708,5.22014],[-3.83764,5.22014],[-3.83764,5.22042],[-3.83819,5.22042],[-3.83819,5.22069],[-3.83903,5.22069],[-3.83903,5.22097],[-3.83958,5.22097],[-3.83958,5.22125],[-3.84014,5.22125],[-3.84014,5.22153],[-3.84097,5.22153],[-3.84097,5.22181],[-3.84153,5.22181],[-3.84153,5.22208],[-3.84208,5.22208],[-3.84208,5.22236],[-3.84264,5.22236],[-3.84264,5.22264],[-3.84347,5.22264],[-3.84347,5.22292],[-3.84403,5.22292],[-3.84403,5.2232],[-3.84486,5.2232],[-3.84486,5.22292],[-3.84514,5.22292],[-3.84514,5.2232],[-3.84597,5.2232],[-3.84597,5.22347],[-3.84653,5.22347],[-3.84653,5.22375],[-3.84708,5.22375],[-3.84708,5.22403],[-3.84792,5.22403],[-3.84792,5.22431],[-3.84847,5.22431],[-3.84847,5.22458],[-3.8493,5.22458],[-3.8493,5.22486],[-3.84942,5.22486],[-3.84942,5.23181],[-3.83516,5.23181],[-3.83516,5.21931]]]},"properties":{"region":"Lagunes","district":"Abidjan","floods_1m":1,"floods_2m":1,"floods_3m":1,"first_flood_m":1,"nests":true,"area_km2":1.701}},{"type":"Feature","geometry":{"type":"Polygon","coordinates":[[[-4.29142,5.4029],[-4.30567,5.4029],[-4.30567,5.41716],[-4.29142,5.41716],[-4.29142,5.4029]]]},"properties":{"region":"Lagunes","district":"Abidjan","floods_1m":1,"floods_2m":1,"floods_3m":1,"first_flood_m":1,"nests":true,"area_km2":2.501}},{"type":"Feature","geometry":{"type":"Polygon","coordinates":[[[-4.56232,5.24606],[-4.57658,5.24606],[-4.57658,5.24695],[-4.57658,5.26032],[-4.56232,5.26032],[-4.56232,5.24695],[-4.56232,5.24606]]]},"properties":{"region":"Lagunes","district":"Abidjan","floods_1m":1,"floods_2m":1,"floods_3m":1,"first_flood_m":1,"nests":true,"area_km2":2.504}},{"type":"Feature","geometry":{"type":"Polygon","coordinates":[[[-3.79239,5.24606],[-3.80664,5.24606],[-3.80664,5.24695],[-3.80664,5.26032],[-3.79239,5.26032],[-3.79239,5.24695],[-3.79239,5.24606]]]},"properties":{"region":"Lagunes","district":"Abidjan","floods_1m":1,"floods_2m":1,"floods_3m":1,"first_flood_m":1,"nests":true,"area_km2":2.502}},{"type":"Feature","geometry":{"type":"Polygon","coordinates":[[[-4.22013,5.26032],[-4.23438,5.26032],[-4.23438,5.27458],[-4.22013,5.27458],[-4.22013,5.26032]]]},"properties":{"region":"Lagunes","district":"Abidjan","floods_1m":1,"floods_2m":1,"floods_3m":1,"first_flood_m":1,"nests":true,"area_km2":2.502}},{"type":"Feature","geometry":{"type":"Polygon","coordinates":[[[-6.01663,4.97236],[-6.01736,4.97236],[-6.01736,4.97208],[-6.02069,4.97208],[-6.02069,4.97181],[-6.02097,4.97181],[-6.02097,4.97153],[-6.02153,4.97153],[-6.02153,4.97125],[-6.02181,4.97125],[-6.02181,4.97097],[-6.02236,4.97097],[-6.02236,4.97069],[-6.02264,4.97069],[-6.02264,4.96958],[-6.02319,4.96958],[-6.02319,4.96903],[-6.02486,4.96903],[-6.02486,4.96875],[-6.02792,4.96875],[-6.02792,4.96847],[-6.0293,4.96847],[-6.0293,4.96819],[-6.03089,4.96819],[-6.03089,4.97516],[-6.01663,4.97516],[-6.01663,4.97236]]]},"properties":{"region":"Bas-Sassandra","district":"Sassandra","floods_1m":1,"floods_2m":1,"floods_3m":1,"first_flood_m":1,"nests":true,"area_km2":0.901}},{"type":"Feature","geometry":{"type":"Polygon","coordinates":[[[-3.83516,5.41716],[-3.84942,5.41716],[-3.84942,5.43142],[-3.83516,5.43142],[-3.83516,5.41716]]]},"properties":{"region":"Lagunes","district":"Abidjan","floods_1m":1,"floods_2m":1,"floods_3m":1,"first_flood_m":1,"nests":true,"area_km2":2.503}},{"type":"Feature","geometry":{"type":"MultiPolygon","coordinates":[[[[-5.88831,5.02792],[-5.88875,5.02792],[-5.88875,5.02736],[-5.88903,5.02736],[-5.88903,5.02708],[-5.88931,5.02708],[-5.88931,5.02681],[-5.88986,5.02681],[-5.88986,5.02653],[-5.88958,5.02653],[-5.88958,5.02625],[-5.88931,5.02625],[-5.88931,5.02569],[-5.88958,5.02569],[-5.88958,5.02514],[-5.88986,5.02514],[-5.88986,5.02458],[-5.89014,5.02458],[-5.89014,5.02403],[-5.89042,5.02403],[-5.89042,5.02375],[-5.8907,5.02375],[-5.8907,5.02347],[-5.89097,5.02347],[-5.89097,5.02319],[-5.89153,5.02319],[-5.89153,5.02292],[-5.89181,5.02292],[-5.89181,5.02264],[-5.89208,5.02264],[-5.89208,5.02236],[-5.89153,5.02236],[-5.89153,5.02264],[-5.8907,5.02264],[-5.8907,5.02292],[-5.89014,5.02292],[-5.89014,5.02264],[-5.88986,5.02264],[-5.88986,5.02236],[-5.89014,5.02236],[-5.89014,5.02208],[-5.89125,5.02208],[-5.89125,5.02181],[-5.89181,5.02181],[-5.89181,5.02153],[-5.89292,5.02153],[-5.89292,5.02125],[-5.89375,5.02125],[-5.89375,5.02097],[-5.89458,5.02097],[-5.89458,5.02069],[-5.8957,5.02069],[-5.8957,5.02042],[-5.89653,5.02042],[-5.89653,5.02014],[-5.89736,5.02014],[-5.89736,5.01986],[-5.89764,5.01986],[-5.89764,5.01958],[-5.89792,5.01958],[-5.89792,5.01931],[-5.89847,5.01931],[-5.89847,5.01903],[-5.89903,5.01903],[-5.89903,5.01875],[-5.8993,5.01875],[-5.8993,5.01847],[-5.89986,5.01847],[-5.89986,5.0182],[-5.90014,5.0182],[-5.90014,5.01794],[-5.90257,5.01794],[-5.90257,5.03219],[-5.88831,5.03219],[-5.88831,5.02792]]],[[[-5.88831,5.02264],[-5.88875,5.02264],[-5.88875,5.02292],[-5.88903,5.02292],[-5.88903,5.02347],[-5.88875,5.02347],[-5.88875,5.02403],[-5.88847,5.02403],[-5.88847,5.02569],[-5.88831,5.02569],[-5.88831,5.02264]]]]},"properties":{"region":"Bas-Sassandra","district":"Sassandra","floods_1m":1,"floods_2m":1,"floods_3m":1,"first_flood_m":1,"nests":true,"area_km2":1.987}},{"type":"Feature","geometry":{"type":"Polygon","coordinates":[[[-3.64981,5.43142],[-3.66406,5.43142],[-3.66406,5.44568],[-3.64981,5.44568],[-3.64981,5.43142]]]},"properties":{"region":"Lagunes","district":"Abidjan","floods_1m":1,"floods_2m":1,"floods_3m":1,"first_flood_m":1,"nests":true,"area_km2":2.501}},{"type":"Feature","geometry":{"type":"Polygon","coordinates":[[[-4.61935,5.26032],[-4.63361,5.26032],[-4.63361,5.27458],[-4.61935,5.27458],[-4.61935,5.26032]]]},"properties":{"region":"Lagunes","district":"Abidjan","floods_1m":0,"floods_2m":0,"floods_3m":1,"first_flood_m":3,"nests":true,"area_km2":2.504}},{"type":"Feature","geometry":{"type":"Polygon","coordinates":[[[-6.04515,5.00368],[-6.05941,5.00368],[-6.05941,5.01794],[-6.04515,5.01794],[-6.04515,5.00368]]]},"properties":{"region":"Bas-Sassandra","district":"Sassandra","floods_1m":1,"floods_2m":1,"floods_3m":1,"first_flood_m":1,"nests":true,"area_km2":2.505}},{"type":"Feature","geometry":{"type":"Polygon","coordinates":[[[-3.66406,5.21755],[-3.67832,5.21755],[-3.67832,5.23181],[-3.66406,5.23181],[-3.66406,5.21755]]]},"properties":{"region":"Lagunes","district":"Abidjan","floods_1m":1,"floods_2m":1,"floods_3m":1,"first_flood_m":1,"nests":true,"area_km2":2.504}},{"type":"Feature","geometry":{"type":"Polygon","coordinates":[[[-4.47677,5.21755],[-4.49103,5.21755],[-4.49103,5.23181],[-4.47677,5.23181],[-4.47677,5.21755]]]},"properties":{"region":"Lagunes","district":"Abidjan","floods_1m":1,"floods_2m":1,"floods_3m":1,"first_flood_m":1,"nests":true,"area_km2":2.504}},{"type":"Feature","geometry":{"type":"Polygon","coordinates":[[[-3.74961,5.37439],[-3.76387,5.37439],[-3.76387,5.38864],[-3.74961,5.38864],[-3.74961,5.37439]]]},"properties":{"region":"Lagunes","district":"Abidjan","floods_1m":0,"floods_2m":0,"floods_3m":1,"first_flood_m":3,"nests":true,"area_km2":2.501}},{"type":"Feature","geometry":{"type":"Polygon","coordinates":[[[-4.19161,5.3031],[-4.20587,5.3031],[-4.20587,5.31735],[-4.19161,5.31735],[-4.19161,5.3031]]]},"properties":{"region":"Lagunes","district":"Abidjan","floods_1m":1,"floods_2m":1,"floods_3m":1,"first_flood_m":1,"nests":true,"area_km2":2.502}},{"type":"Feature","geometry":{"type":"Polygon","coordinates":[[[-4.50529,5.20329],[-4.51954,5.20329],[-4.51954,5.21755],[-4.50529,5.21755],[-4.50529,5.20329]]]},"properties":{"region":"Lagunes","district":"Abidjan","floods_1m":1,"floods_2m":1,"floods_3m":1,"first_flood_m":1,"nests":true,"area_km2":2.502}},{"type":"Feature","geometry":{"type":"Polygon","coordinates":[[[-3.86368,5.23042],[-3.86458,5.23042],[-3.86458,5.23069],[-3.86569,5.23069],[-3.86569,5.23097],[-3.86653,5.23097],[-3.86653,5.23125],[-3.86764,5.23125],[-3.86764,5.23153],[-3.86847,5.23153],[-3.86847,5.2318],[-3.86958,5.2318],[-3.86958,5.23181],[-3.86368,5.23181],[-3.86368,5.23042]]]},"properties":{"region":"Lagunes","district":"Abidjan","floods_1m":1,"floods_2m":1,"floods_3m":1,"first_flood_m":1,"nests":true,"area_km2":0.05}},{"type":"Feature","geometry":{"type":"Polygon","coordinates":[[[-3.84942,5.28884],[-3.86368,5.28884],[-3.86368,5.3031],[-3.84942,5.3031],[-3.84942,5.28884]]]},"properties":{"region":"Lagunes","district":"Abidjan","floods_1m":1,"floods_2m":1,"floods_3m":1,"first_flood_m":1,"nests":true,"area_km2":2.504}},{"type":"Feature","geometry":{"type":"Polygon","coordinates":[[[-4.03477,5.28884],[-4.04903,5.28884],[-4.04903,5.3031],[-4.03477,5.3031],[-4.03477,5.28884]]]},"properties":{"region":"Lagunes","district":"Abidjan","floods_1m":1,"floods_2m":1,"floods_3m":1,"first_flood_m":1,"nests":true,"area_km2":2.504}},{"type":"Feature","geometry":{"type":"Polygon","coordinates":[[[-3.74961,5.23181],[-3.76387,5.23181],[-3.76387,5.24606],[-3.74961,5.24606],[-3.74961,5.23181]]]},"properties":{"region":"Lagunes","district":"Abidjan","floods_1m":1,"floods_2m":1,"floods_3m":1,"first_flood_m":1,"nests":true,"area_km2":2.502}},{"type":"Feature","geometry":{"type":"Polygon","coordinates":[[[-5.9596,4.99875],[-5.95986,4.99875],[-5.95986,4.99847],[-5.96042,4.99847],[-5.96042,4.99819],[-5.96181,4.99819],[-5.96181,4.99792],[-5.96347,4.99792],[-5.96347,4.99764],[-5.96431,4.99764],[-5.96431,4.99736],[-5.96514,4.99736],[-5.96514,4.99708],[-5.96569,4.99708],[-5.96569,4.99681],[-5.96681,4.99681],[-5.96681,4.99653],[-5.96792,4.99653],[-5.96792,4.99625],[-5.96847,4.99625],[-5.96847,4.99597],[-5.96958,4.99597],[-5.96958,4.9957],[-5.9707,4.9957],[-5.9707,4.99542],[-5.97125,4.99542],[-5.97125,4.99514],[-5.97181,4.99514],[-5.97181,4.99486],[-5.97208,4.99486],[-5.97208,4.99458],[-5.97236,4.99458],[-5.97236,4.99431],[-5.97386,4.99431],[-5.97386,5.00368],[-5.9596,5.00368],[-5.9596,4.99875]]]},"properties":{"region":"Bas-Sassandra","district":"Sassandra","floods_1m":1,"floods_2m":1,"floods_3m":1,"first_flood_m":1,"nests":true,"area_km2":1.242}},{"type":"Feature","geometry":{"type":"Polygon","coordinates":[[[-4.74767,5.26032],[-4.76193,5.26032],[-4.76193,5.27458],[-4.74767,5.27458],[-4.74767,5.26032]]]},"properties":{"region":"Lagunes","district":"Abidjan","floods_1m":0,"floods_2m":1,"floods_3m":1,"first_flood_m":2,"nests":true,"area_km2":2.504}},{"type":"Feature","geometry":{"type":"Polygon","coordinates":[[[-5.90257,5.01764],[-5.90257,5.01794],[-5.90014,5.01794],[-5.90014,5.01792],[-5.90069,5.01792],[-5.90069,5.01764],[-5.90086,5.01764],[-5.90257,5.01764]]]},"properties":{"region":"Bas-Sassandra","district":"Sassandra","floods_1m":0,"floods_2m":0,"floods_3m":1,"first_flood_m":3,"nests":true,"area_km2":0.007}},{"type":"Feature","geometry":{"type":"Polygon","coordinates":[[[-7.49946,4.37633],[-7.51372,4.37633],[-7.51372,4.39058],[-7.49946,4.39058],[-7.49946,4.37633]]]},"properties":{"region":"Bas-Sassandra","district":"Tabou","floods_1m":1,"floods_2m":1,"floods_3m":1,"first_flood_m":1,"nests":true,"area_km2":2.505}},{"type":"Feature","geometry":{"type":"Polygon","coordinates":[[[-3.79239,5.27458],[-3.80664,5.27458],[-3.80664,5.28884],[-3.79239,5.28884],[-3.79239,5.27458]]]},"properties":{"region":"Lagunes","district":"Abidjan","floods_1m":1,"floods_2m":1,"floods_3m":1,"first_flood_m":1,"nests":true,"area_km2":2.502}},{"type":"Feature","geometry":{"type":"Polygon","coordinates":[[[-4.73341,5.17477],[-4.74767,5.17477],[-4.74767,5.18903],[-4.73341,5.18903],[-4.73341,5.17477]]]},"properties":{"region":"Lagunes","district":"Abidjan","floods_1m":1,"floods_2m":1,"floods_3m":1,"first_flood_m":1,"nests":true,"area_km2":2.504}},{"type":"Feature","geometry":{"type":"Polygon","coordinates":[[[-4.46251,5.3031],[-4.47677,5.3031],[-4.47677,5.31735],[-4.46251,5.31735],[-4.46251,5.3031]]]},"properties":{"region":"Lagunes","district":"Abidjan","floods_1m":1,"floods_2m":1,"floods_3m":1,"first_flood_m":1,"nests":true,"area_km2":2.502}},{"type":"Feature","geometry":{"type":"Polygon","coordinates":[[[-3.992,5.28884],[-4.00626,5.28884],[-4.00626,5.3031],[-3.992,5.3031],[-3.992,5.28884]]]},"properties":{"region":"Lagunes","district":"Abidjan","floods_1m":1,"floods_2m":1,"floods_3m":1,"first_flood_m":1,"nests":true,"area_km2":2.504}},{"type":"Feature","geometry":{"type":"Polygon","coordinates":[[[-4.04903,5.3031],[-4.06329,5.3031],[-4.06329,5.31735],[-4.04903,5.31735],[-4.04903,5.3031]]]},"properties":{"region":"Lagunes","district":"Abidjan","floods_1m":1,"floods_2m":1,"floods_3m":1,"first_flood_m":1,"nests":true,"area_km2":2.502}},{"type":"Feature","geometry":{"type":"Polygon","coordinates":[[[-3.55,5.38864],[-3.56426,5.38864],[-3.56426,5.4029],[-3.55,5.4029],[-3.55,5.38864]]]},"properties":{"region":"Lagunes","district":"Abidjan","floods_1m":1,"floods_2m":1,"floods_3m":1,"first_flood_m":1,"nests":true,"area_km2":2.503}},{"type":"Feature","geometry":{"type":"Polygon","coordinates":[[[-4.19161,5.23181],[-4.20587,5.23181],[-4.20587,5.24606],[-4.19161,5.24606],[-4.19161,5.23181]]]},"properties":{"region":"Lagunes","district":"Abidjan","floods_1m":0,"floods_2m":0,"floods_3m":1,"first_flood_m":3,"nests":true,"area_km2":2.502}},{"type":"Feature","geometry":{"type":"Polygon","coordinates":[[[-7.27133,4.47613],[-7.28559,4.47613],[-7.28559,4.49039],[-7.27133,4.49039],[-7.27133,4.47613]]]},"properties":{"region":"Bas-Sassandra","district":"Tabou","floods_1m":1,"floods_2m":1,"floods_3m":1,"first_flood_m":1,"nests":true,"area_km2":2.507}},{"type":"Feature","geometry":{"type":"Polygon","coordinates":[[[-3.7211,5.23181],[-3.73535,5.23181],[-3.73535,5.24606],[-3.7211,5.24606],[-3.7211,5.23181]]]},"properties":{"region":"Lagunes","district":"Abidjan","floods_1m":1,"floods_2m":1,"floods_3m":1,"first_flood_m":1,"nests":true,"area_km2":2.5}},{"type":"Feature","geometry":{"type":"Polygon","coordinates":[[[-3.59277,5.3031],[-3.60703,5.3031],[-3.60703,5.31735],[-3.59277,5.31735],[-3.59277,5.3031]]]},"properties":{"region":"Lagunes","district":"Abidjan","floods_1m":1,"floods_2m":1,"floods_3m":1,"first_flood_m":1,"nests":true,"area_km2":2.502}},{"type":"Feature","geometry":{"type":"Polygon","coordinates":[[[-6.08792,4.94665],[-6.10218,4.94665],[-6.10218,4.9609],[-6.08792,4.9609],[-6.08792,4.94665]]]},"properties":{"region":"Bas-Sassandra","district":"Sassandra","floods_1m":0,"floods_2m":1,"floods_3m":1,"first_flood_m":2,"nests":true,"area_km2":2.503}},{"type":"Feature","geometry":{"type":"Polygon","coordinates":[[[-3.89219,5.26032],[-3.90645,5.26032],[-3.90645,5.27458],[-3.89219,5.27458],[-3.89219,5.26032]]]},"properties":{"region":"Lagunes","district":"Abidjan","floods_1m":1,"floods_2m":1,"floods_3m":1,"first_flood_m":1,"nests":true,"area_km2":2.504}},{"type":"Feature","geometry":{"type":"Polygon","coordinates":[[[-4.17735,5.23181],[-4.19161,5.23181],[-4.19161,5.24606],[-4.17735,5.24606],[-4.17735,5.23181]]]},"properties":{"region":"Lagunes","district":"Abidjan","floods_1m":0,"floods_2m":0,"floods_3m":1,"first_flood_m":3,"nests":true,"area_km2":2.502}},{"type":"Feature","geometry":{"type":"Polygon","coordinates":[[[-4.13458,5.24606],[-4.14884,5.24606],[-4.14884,5.24695],[-4.14884,5.26032],[-4.13458,5.26032],[-4.13458,5.24695],[-4.13458,5.24606]]]},"properties":{"region":"Lagunes","district":"Abidjan","floods_1m":1,"floods_2m":1,"floods_3m":1,"first_flood_m":1,"nests":true,"area_km2":2.504}},{"type":"Feature","geometry":{"type":"Polygon","coordinates":[[[-4.29142,5.21264],[-4.29569,5.21264],[-4.29569,5.21236],[-4.29736,5.21236],[-4.29736,5.21264],[-4.29819,5.21264],[-4.29819,5.21236],[-4.29847,5.21236],[-4.29847,5.21208],[-4.30097,5.21208],[-4.30097,5.21181],[-4.30458,5.21181],[-4.30458,5.21208],[-4.30486,5.21208],[-4.30486,5.21181],[-4.30567,5.21181],[-4.30567,5.21755],[-4.29142,5.21755],[-4.29142,5.21264]]]},"properties":{"region":"Lagunes","district":"Abidjan","floods_1m":1,"floods_2m":1,"floods_3m":1,"first_flood_m":1,"nests":true,"area_km2":0.933}},{"type":"Feature","geometry":{"type":"Polygon","coordinates":[[[-3.70684,5.18875],[-3.70819,5.18875],[-3.70819,5.18903],[-3.71042,5.18903],[-3.71042,5.18903],[-3.70684,5.18903],[-3.70684,5.18875]]]},"properties":{"region":"Lagunes","district":"Abidjan","floods_1m":1,"floods_2m":1,"floods_3m":1,"first_flood_m":1,"nests":true,"area_km2":0.005}},{"type":"Feature","geometry":{"type":"Polygon","coordinates":[[[-6.03089,5.00368],[-6.04515,5.00368],[-6.04515,5.01794],[-6.03089,5.01794],[-6.03089,5.00368]]]},"properties":{"region":"Bas-Sassandra","district":"Sassandra","floods_1m":1,"floods_2m":1,"floods_3m":1,"first_flood_m":1,"nests":true,"area_km2":2.505}},{"type":"Feature","geometry":{"type":"Polygon","coordinates":[[[-5.93108,5.00569],[-5.93153,5.00569],[-5.93153,5.00542],[-5.93208,5.00542],[-5.93208,5.00514],[-5.93319,5.00514],[-5.93319,5.00486],[-5.93431,5.00486],[-5.93431,5.00458],[-5.93514,5.00458],[-5.93514,5.00431],[-5.93625,5.00431],[-5.93625,5.00403],[-5.93736,5.00403],[-5.93736,5.00375],[-5.93792,5.00375],[-5.93875,5.00375],[-5.93875,5.00368],[-5.94534,5.00368],[-5.94534,5.01794],[-5.93108,5.01794],[-5.93108,5.00569]]]},"properties":{"region":"Bas-Sassandra","district":"Sassandra","floods_1m":1,"floods_2m":1,"floods_3m":1,"first_flood_m":1,"nests":true,"area_km2":2.422}},{"type":"Feature","geometry":{"type":"Polygon","coordinates":[[[-7.51372,4.36181],[-7.51514,4.36181],[-7.51514,4.36207],[-7.51372,4.36207],[-7.51372,4.36181]]]},"properties":{"region":"Bas-Sassandra","district":"Tabou","floods_1m":1,"floods_2m":1,"floods_3m":1,"first_flood_m":1,"nests":true,"area_km2":0.005}},{"type":"Feature","geometry":{"type":"Polygon","coordinates":[[[-3.92071,5.24208],[-3.92125,5.24208],[-3.92125,5.24236],[-3.92292,5.24236],[-3.92292,5.24264],[-3.92458,5.24264],[-3.92458,5.24292],[-3.92819,5.24292],[-3.92819,5.24319],[-3.93014,5.24319],[-3.93014,5.24347],[-3.93208,5.24347],[-3.93208,5.24375],[-3.93403,5.24375],[-3.93403,5.24403],[-3.93497,5.24403],[-3.93497,5.24606],[-3.92071,5.24606],[-3.92071,5.24208]]]},"properties":{"region":"Lagunes","district":"Abidjan","floods_1m":1,"floods_2m":1,"floods_3m":1,"first_flood_m":1,"nests":true,"area_km2":0.522}},{"type":"Feature","geometry":{"type":"Polygon","coordinates":[[[-6.30179,4.85014],[-6.30197,4.85014],[-6.30197,4.85058],[-6.30188,4.8611],[-6.30179,4.8611],[-6.30179,4.85014]]]},"properties":{"region":"Bas-Sassandra","district":"Sassandra","floods_1m":1,"floods_2m":1,"floods_3m":1,"first_flood_m":1,"nests":true,"area_km2":0.018}},{"type":"Feature","geometry":{"type":"Polygon","coordinates":[[[-4.14884,5.27458],[-4.16309,5.27458],[-4.16309,5.28884],[-4.14884,5.28884],[-4.14884,5.27458]]]},"properties":{"region":"Lagunes","district":"Abidjan","floods_1m":1,"floods_2m":1,"floods_3m":1,"first_flood_m":1,"nests":true,"area_km2":2.502}},{"type":"Feature","geometry":{"type":"Polygon","coordinates":[[[-4.36271,5.23181],[-4.37696,5.23181],[-4.37696,5.24606],[-4.36271,5.24606],[-4.36271,5.23181]]]},"properties":{"region":"Lagunes","district":"Abidjan","floods_1m":1,"floods_2m":1,"floods_3m":1,"first_flood_m":1,"nests":true,"area_km2":2.5}},{"type":"Feature","geometry":{"type":"Polygon","coordinates":[[[-4.66212,5.21755],[-4.67638,5.21755],[-4.67638,5.23181],[-4.66212,5.23181],[-4.66212,5.21755]]]},"properties":{"region":"Lagunes","district":"Abidjan","floods_1m":1,"floods_2m":1,"floods_3m":1,"first_flood_m":1,"nests":true,"area_km2":2.504}},{"type":"Feature","geometry":{"type":"Polygon","coordinates":[[[-4.30567,5.33161],[-4.31993,5.33161],[-4.31993,5.34587],[-4.30567,5.34587],[-4.30567,5.33161]]]},"properties":{"region":"Lagunes","district":"Abidjan","floods_1m":1,"floods_2m":1,"floods_3m":1,"first_flood_m":1,"nests":true,"area_km2":2.503}},{"type":"Feature","geometry":{"type":"Polygon","coordinates":[[[-4.29142,5.38864],[-4.30567,5.38864],[-4.30567,5.4029],[-4.29142,5.4029],[-4.29142,5.38864]]]},"properties":{"region":"Lagunes","district":"Abidjan","floods_1m":1,"floods_2m":1,"floods_3m":1,"first_flood_m":1,"nests":true,"area_km2":2.501}},{"type":"Feature","geometry":{"type":"Polygon","coordinates":[[[-3.57852,5.17477],[-3.59277,5.17477],[-3.59277,5.18903],[-3.57852,5.18903],[-3.57852,5.17477]]]},"properties":{"region":"Lagunes","district":"Abidjan","floods_1m":0,"floods_2m":0,"floods_3m":1,"first_flood_m":3,"nests":true,"area_km2":2.502}},{"type":"Feature","geometry":{"type":"Polygon","coordinates":[[[-4.46251,5.24606],[-4.47677,5.24606],[-4.47677,5.24695],[-4.47677,5.26032],[-4.46251,5.26032],[-4.46251,5.24695],[-4.46251,5.24606]]]},"properties":{"region":"Lagunes","district":"Abidjan","floods_1m":1,"floods_2m":1,"floods_3m":1,"first_flood_m":1,"nests":true,"area_km2":2.504}},{"type":"Feature","geometry":{"type":"Polygon","coordinates":[[[-4.54806,5.28884],[-4.56232,5.28884],[-4.56232,5.3031],[-4.54806,5.3031],[-4.54806,5.28884]]]},"properties":{"region":"Lagunes","district":"Abidjan","floods_1m":1,"floods_2m":1,"floods_3m":1,"first_flood_m":1,"nests":true,"area_km2":2.504}},{"type":"Feature","geometry":{"type":"Polygon","coordinates":[[[-4.64787,5.17319],[-4.64819,5.17319],[-4.64819,5.17292],[-4.6493,5.17292],[-4.64931,5.17264],[-4.65014,5.17264],[-4.65014,5.17236],[-4.6518,5.17236],[-4.6518,5.17292],[-4.65319,5.17292],[-4.65319,5.17264],[-4.65375,5.17264],[-4.65375,5.17292],[-4.65403,5.17292],[-4.65403,5.17264],[-4.65597,5.17264],[-4.65597,5.17236],[-4.65653,5.17236],[-4.65653,5.17208],[-4.65708,5.17208],[-4.65708,5.1718],[-4.66014,5.1718],[-4.66014,5.17153],[-4.6607,5.17153],[-4.6607,5.17125],[-4.66181,5.17125],[-4.66181,5.17097],[-4.66212,5.17097],[-4.66212,5.17477],[-4.64787,5.17477],[-4.64787,5.17319]]]},"properties":{"region":"Lagunes","district":"Abidjan","floods_1m":1,"floods_2m":1,"floods_3m":1,"first_flood_m":1,"nests":true,"area_km2":0.438}},{"type":"Feature","geometry":{"type":"Polygon","coordinates":[[[-4.04903,5.28884],[-4.06329,5.28884],[-4.06329,5.3031],[-4.04903,5.3031],[-4.04903,5.28884]]]},"properties":{"region":"Lagunes","district":"Abidjan","floods_1m":1,"floods_2m":1,"floods_3m":1,"first_flood_m":1,"nests":true,"area_km2":2.504}},{"type":"Feature","geometry":{"type":"Polygon","coordinates":[[[-4.29142,5.26032],[-4.30567,5.26032],[-4.30567,5.27458],[-4.29142,5.27458],[-4.29142,5.26032]]]},"properties":{"region":"Lagunes","district":"Abidjan","floods_1m":1,"floods_2m":1,"floods_3m":1,"first_flood_m":1,"nests":true,"area_km2":2.502}},{"type":"Feature","geometry":{"type":"Polygon","coordinates":[[[-4.13458,5.28884],[-4.14884,5.28884],[-4.14884,5.3031],[-4.13458,5.3031],[-4.13458,5.28884]]]},"properties":{"region":"Lagunes","district":"Abidjan","floods_1m":1,"floods_2m":1,"floods_3m":1,"first_flood_m":1,"nests":true,"area_km2":2.504}},{"type":"Feature","geometry":{"type":"Polygon","coordinates":[[[-4.2629,5.43142],[-4.27716,5.43142],[-4.27716,5.44568],[-4.2629,5.44568],[-4.2629,5.43142]]]},"properties":{"region":"Lagunes","district":"Abidjan","floods_1m":1,"floods_2m":1,"floods_3m":1,"first_flood_m":1,"nests":true,"area_km2":2.503}},{"type":"Feature","geometry":{"type":"Polygon","coordinates":[[[-3.66406,5.1832],[-3.66569,5.1832],[-3.66569,5.18347],[-3.66736,5.18347],[-3.66736,5.18375],[-3.66903,5.18375],[-3.66903,5.18403],[-3.67208,5.18403],[-3.67208,5.18431],[-3.67236,5.18431],[-3.67236,5.18458],[-3.67569,5.18458],[-3.67569,5.18486],[-3.67653,5.18486],[-3.67653,5.18514],[-3.67832,5.18514],[-3.67832,5.18903],[-3.66406,5.18903],[-3.66406,5.1832]]]},"properties":{"region":"Lagunes","district":"Abidjan","floods_1m":1,"floods_2m":1,"floods_3m":1,"first_flood_m":1,"nests":true,"area_km2":0.855}},{"type":"Feature","geometry":{"type":"Polygon","coordinates":[[[-3.90645,5.24606],[-3.92071,5.24606],[-3.92071,5.24695],[-3.92071,5.26032],[-3.90645,5.26032],[-3.90645,5.24695],[-3.90645,5.24606]]]},"properties":{"region":"Lagunes","district":"Abidjan","floods_1m":0,"floods_2m":1,"floods_3m":1,"first_flood_m":2,"nests":true,"area_km2":2.504}},{"type":"Feature","geometry":{"type":"Polygon","coordinates":[[[-3.87793,5.4029],[-3.89219,5.4029],[-3.89219,5.41716],[-3.87793,5.41716],[-3.87793,5.4029]]]},"properties":{"region":"Lagunes","district":"Abidjan","floods_1m":1,"floods_2m":1,"floods_3m":1,"first_flood_m":1,"nests":true,"area_km2":2.503}},{"type":"Feature","geometry":{"type":"Polygon","coordinates":[[[-3.8209,5.3031],[-3.83516,5.3031],[-3.83516,5.31735],[-3.8209,5.31735],[-3.8209,5.3031]]]},"properties":{"region":"Lagunes","district":"Abidjan","floods_1m":1,"floods_2m":1,"floods_3m":1,"first_flood_m":1,"nests":true,"area_km2":2.502}},{"type":"Feature","geometry":{"type":"Polygon","coordinates":[[[-4.10606,5.26032],[-4.12032,5.26032],[-4.12032,5.27458],[-4.10606,5.27458],[-4.10606,5.26032]]]},"properties":{"region":"Lagunes","district":"Abidjan","floods_1m":1,"floods_2m":1,"floods_3m":1,"first_flood_m":1,"nests":true,"area_km2":2.504}},{"type":"Feature","geometry":{"type":"Polygon","coordinates":[[[-4.23438,5.27458],[-4.24864,5.27458],[-4.24864,5.28884],[-4.23438,5.28884],[-4.23438,5.27458]]]},"properties":{"region":"Lagunes","district":"Abidjan","floods_1m":1,"floods_2m":1,"floods_3m":1,"first_flood_m":1,"nests":true,"area_km2":2.504}},{"type":"Feature","geometry":{"type":"Polygon","coordinates":[[[-3.64981,5.4029],[-3.66406,5.4029],[-3.66406,5.41716],[-3.64981,5.41716],[-3.64981,5.4029]]]},"properties":{"region":"Lagunes","district":"Abidjan","floods_1m":1,"floods_2m":1,"floods_3m":1,"first_flood_m":1,"nests":true,"area_km2":2.501}},{"type":"Feature","geometry":{"type":"Polygon","coordinates":[[[-6.11644,4.97516],[-6.1307,4.97516],[-6.1307,4.98942],[-6.11644,4.98942],[-6.11644,4.97516]]]},"properties":{"region":"Bas-Sassandra","district":"Sassandra","floods_1m":1,"floods_2m":1,"floods_3m":1,"first_flood_m":1,"nests":true,"area_km2":2.505}},{"type":"Feature","geometry":{"type":"Polygon","coordinates":[[[-7.29985,4.46187],[-7.31411,4.46187],[-7.31411,4.47613],[-7.29985,4.47613],[-7.29985,4.46187]]]},"properties":{"region":"Bas-Sassandra","district":"Tabou","floods_1m":0,"floods_2m":0,"floods_3m":1,"first_flood_m":3,"nests":true,"area_km2":2.507}},{"type":"Feature","geometry":{"type":"Polygon","coordinates":[[[-3.83516,5.26032],[-3.84942,5.26032],[-3.84942,5.27458],[-3.83516,5.27458],[-3.83516,5.26032]]]},"properties":{"region":"Lagunes","district":"Abidjan","floods_1m":1,"floods_2m":1,"floods_3m":1,"first_flood_m":1,"nests":true,"area_km2":2.504}},{"type":"Feature","geometry":{"type":"Polygon","coordinates":[[[-7.51372,4.37633],[-7.52798,4.37633],[-7.52798,4.39058],[-7.51372,4.39058],[-7.51372,4.37633]]]},"properties":{"region":"Bas-Sassandra","district":"Tabou","floods_1m":1,"floods_2m":1,"floods_3m":1,"first_flood_m":1,"nests":true,"area_km2":2.505}},{"type":"Feature","geometry":{"type":"Polygon","coordinates":[[[-5.94534,5.03219],[-5.9596,5.03219],[-5.9596,5.04645],[-5.94534,5.04645],[-5.94534,5.03219]]]},"properties":{"region":"Bas-Sassandra","district":"Sassandra","floods_1m":0,"floods_2m":0,"floods_3m":1,"first_flood_m":3,"nests":true,"area_km2":2.505}},{"type":"Feature","geometry":{"type":"Polygon","coordinates":[[[-4.06329,5.24606],[-4.07755,5.24606],[-4.07755,5.24695],[-4.07755,5.26032],[-4.06329,5.26032],[-4.06329,5.24695],[-4.06329,5.24606]]]},"properties":{"region":"Lagunes","district":"Abidjan","floods_1m":0,"floods_2m":1,"floods_3m":1,"first_flood_m":2,"nests":true,"area_km2":2.504}},{"type":"Feature","geometry":{"type":"Polygon","coordinates":[[[-3.8209,5.43142],[-3.83516,5.43142],[-3.83516,5.44568],[-3.8209,5.44568],[-3.8209,5.43142]]]},"properties":{"region":"Lagunes","district":"Abidjan","floods_1m":1,"floods_2m":1,"floods_3m":1,"first_flood_m":1,"nests":true,"area_km2":2.503}},{"type":"Feature","geometry":{"type":"Polygon","coordinates":[[[-3.69258,5.21755],[-3.70684,5.21755],[-3.70684,5.23181],[-3.69258,5.23181],[-3.69258,5.21755]]]},"properties":{"region":"Lagunes","district":"Abidjan","floods_1m":1,"floods_2m":1,"floods_3m":1,"first_flood_m":1,"nests":true,"area_km2":2.504}},{"type":"Feature","geometry":{"type":"Polygon","coordinates":[[[-7.35688,4.43336],[-7.37114,4.43336],[-7.37114,4.44762],[-7.35688,4.44762],[-7.35688,4.43336]]]},"properties":{"region":"Bas-Sassandra","district":"Tabou","floods_1m":0,"floods_2m":0,"floods_3m":1,"first_flood_m":3,"nests":true,"area_km2":2.507}},{"type":"Feature","geometry":{"type":"Polygon","coordinates":[[[-3.79239,5.21755],[-3.80664,5.21755],[-3.80664,5.23181],[-3.79239,5.23181],[-3.79239,5.21755]]]},"properties":{"region":"Lagunes","district":"Abidjan","floods_1m":1,"floods_2m":1,"floods_3m":1,"first_flood_m":1,"nests":true,"area_km2":2.502}},{"type":"Feature","geometry":{"type":"Polygon","coordinates":[[[-4.76193,5.1543],[-4.76236,5.1543],[-4.76236,5.15403],[-4.76347,5.15403],[-4.76347,5.15375],[-4.76458,5.15375],[-4.76458,5.15347],[-4.7657,5.15347],[-4.7657,5.15319],[-4.76708,5.15319],[-4.76708,5.15347],[-4.76736,5.15347],[-4.76736,5.15375],[-4.76875,5.15375],[-4.76875,5.15347],[-4.77153,5.15347],[-4.77153,5.15319],[-4.77514,5.15319],[-4.77514,5.15292],[-4.77619,5.15292],[-4.77619,5.16052],[-4.76193,5.16052],[-4.76193,5.1543]]]},"properties":{"region":"Lagunes","district":"Abidjan","floods_1m":1,"floods_2m":1,"floods_3m":1,"first_flood_m":1,"nests":true,"area_km2":1.242}},{"type":"Feature","geometry":{"type":"Polygon","coordinates":[[[-4.27716,5.38864],[-4.29142,5.38864],[-4.29142,5.4029],[-4.27716,5.4029],[-4.27716,5.38864]]]},"properties":{"region":"Lagunes","district":"Abidjan","floods_1m":0,"floods_2m":1,"floods_3m":1,"first_flood_m":2,"nests":true,"area_km2":2.503}},{"type":"Feature","geometry":{"type":"Polygon","coordinates":[[[-7.24282,4.48597],[-7.24292,4.48597],[-7.24292,4.48542],[-7.2432,4.48542],[-7.2432,4.48458],[-7.24347,4.48458],[-7.24347,4.48403],[-7.24375,4.48403],[-7.24375,4.48292],[-7.24403,4.48292],[-7.24403,4.48264],[-7.24486,4.48264],[-7.24486,4.48236],[-7.24514,4.48236],[-7.24514,4.48208],[-7.24542,4.48208],[-7.24542,4.48014],[-7.24514,4.48014],[-7.24514,4.47986],[-7.24486,4.47986],[-7.24486,4.47958],[-7.24375,4.47958],[-7.24375,4.4793],[-7.24347,4.4793],[-7.24347,4.47958],[-7.24292,4.47958],[-7.24292,4.47986],[-7.24282,4.47986],[-7.24282,4.4782],[-7.24292,4.4782],[-7.24292,4.47792],[-7.2432,4.47792],[-7.2432,4.47764],[-7.24375,4.47764],[-7.24375,4.47736],[-7.24403,4.47736],[-7.24403,4.47708],[-7.24458,4.47708],[-7.24458,4.47681],[-7.24486,4.47681],[-7.24486,4.47653],[-7.24542,4.47653],[-7.24542,4.47625],[-7.2457,4.47625],[-7.2457,4.47613],[-7.25708,4.47613],[-7.25708,4.49039],[-7.24282,4.49039],[-7.24282,4.48597]]]},"properties":{"region":"Bas-Sassandra","district":"Tabou","floods_1m":1,"floods_2m":1,"floods_3m":1,"first_flood_m":1,"nests":true,"area_km2":2.353}},{"type":"Feature","geometry":{"type":"Polygon","coordinates":[[[-4.39122,5.2032],[-4.39208,5.2032],[-4.39208,5.20292],[-4.39264,5.20292],[-4.39264,5.20264],[-4.39514,5.20264],[-4.39514,5.20292],[-4.39569,5.20292],[-4.39569,5.20264],[-4.39736,5.20264],[-4.39736,5.20236],[-4.39903,5.20236],[-4.39903,5.20208],[-4.39986,5.20208],[-4.39986,5.20236],[-4.40097,5.20236],[-4.40097,5.20208],[-4.40264,5.20208],[-4.40264,5.20181],[-4.40458,5.20181],[-4.40458,5.20208],[-4.40486,5.20208],[-4.40486,5.20181],[-4.40548,5.20181],[-4.40548,5.20329],[-4.39122,5.20329],[-4.39122,5.2032]]]},"properties":{"region":"Lagunes","district":"Abidjan","floods_1m":1,"floods_2m":1,"floods_3m":1,"first_flood_m":1,"nests":true,"area_km2":0.159}},{"type":"Feature","geometry":{"type":"Polygon","coordinates":[[[-3.57852,5.18903],[-3.59277,5.18903],[-3.59277,5.20329],[-3.57852,5.20329],[-3.57852,5.18903]]]},"properties":{"region":"Lagunes","district":"Abidjan","floods_1m":1,"floods_2m":1,"floods_3m":1,"first_flood_m":1,"nests":true,"area_km2":2.502}},{"type":"Feature","geometry":{"type":"Polygon","coordinates":[[[-3.83516,5.23181],[-3.84942,5.23181],[-3.84942,5.24606],[-3.83516,5.24606],[-3.83516,5.23181]]]},"properties":{"region":"Lagunes","district":"Abidjan","floods_1m":1,"floods_2m":1,"floods_3m":1,"first_flood_m":1,"nests":true,"area_km2":2.502}},{"type":"Feature","geometry":{"type":"Polygon","coordinates":[[[-7.37114,4.40347],[-7.37114,4.40484],[-7.36986,4.40484],[-7.36986,4.40458],[-7.37014,4.40458],[-7.37014,4.40403],[-7.37042,4.40403],[-7.37042,4.40375],[-7.3707,4.40375],[-7.3707,4.40347],[-7.37114,4.40347]]]},"properties":{"region":"Bas-Sassandra","district":"Tabou","floods_1m":1,"floods_2m":1,"floods_3m":1,"first_flood_m":1,"nests":true,"area_km2":0.015}},{"type":"Feature","geometry":{"type":"Polygon","coordinates":[[[-3.89219,5.3031],[-3.90645,5.3031],[-3.90645,5.31735],[-3.89219,5.31735],[-3.89219,5.3031]]]},"properties":{"region":"Lagunes","district":"Abidjan","floods_1m":1,"floods_2m":1,"floods_3m":1,"first_flood_m":1,"nests":true,"area_km2":2.502}},{"type":"Feature","geometry":{"type":"Polygon","coordinates":[[[-3.87793,5.26032],[-3.89219,5.26032],[-3.89219,5.27458],[-3.87793,5.27458],[-3.87793,5.26032]]]},"properties":{"region":"Lagunes","district":"Abidjan","floods_1m":1,"floods_2m":1,"floods_3m":1,"first_flood_m":1,"nests":true,"area_km2":2.504}},{"type":"Feature","geometry":{"type":"Polygon","coordinates":[[[-3.56426,5.16958],[-3.56542,5.16958],[-3.56542,5.16986],[-3.56764,5.16986],[-3.56764,5.17014],[-3.57736,5.17014],[-3.57736,5.17042],[-3.5782,5.17042],[-3.5782,5.17069],[-3.57852,5.17069],[-3.57852,5.17477],[-3.56426,5.17477],[-3.56426,5.16958]]]},"properties":{"region":"Lagunes","district":"Abidjan","floods_1m":1,"floods_2m":1,"floods_3m":1,"first_flood_m":1,"nests":true,"area_km2":0.824}},{"type":"Feature","geometry":{"type":"Polygon","coordinates":[[[-6.08792,5.00368],[-6.10218,5.00368],[-6.10218,5.01794],[-6.08792,5.01794],[-6.08792,5.00368]]]},"properties":{"region":"Bas-Sassandra","district":"Sassandra","floods_1m":0,"floods_2m":0,"floods_3m":1,"first_flood_m":3,"nests":true,"area_km2":2.505}},{"type":"Feature","geometry":{"type":"Polygon","coordinates":[[[-5.97386,5.01794],[-5.98812,5.01794],[-5.98812,5.03219],[-5.97386,5.03219],[-5.97386,5.01794]]]},"properties":{"region":"Bas-Sassandra","district":"Sassandra","floods_1m":0,"floods_2m":0,"floods_3m":1,"first_flood_m":3,"nests":true,"area_km2":2.503}},{"type":"Feature","geometry":{"type":"Polygon","coordinates":[[[-3.66406,5.18903],[-3.67832,5.18903],[-3.67832,5.20329],[-3.66406,5.20329],[-3.66406,5.18903]]]},"properties":{"region":"Lagunes","district":"Abidjan","floods_1m":1,"floods_2m":1,"floods_3m":1,"first_flood_m":1,"nests":true,"area_km2":2.504}},{"type":"Feature","geometry":{"type":"Polygon","coordinates":[[[-4.49103,5.28884],[-4.50529,5.28884],[-4.50529,5.3031],[-4.49103,5.3031],[-4.49103,5.28884]]]},"properties":{"region":"Lagunes","district":"Abidjan","floods_1m":1,"floods_2m":1,"floods_3m":1,"first_flood_m":1,"nests":true,"area_km2":2.504}},{"type":"Feature","geometry":{"type":"Polygon","coordinates":[[[-3.86368,5.27458],[-3.87793,5.27458],[-3.87793,5.28884],[-3.86368,5.28884],[-3.86368,5.27458]]]},"properties":{"region":"Lagunes","district":"Abidjan","floods_1m":1,"floods_2m":1,"floods_3m":1,"first_flood_m":1,"nests":true,"area_km2":2.502}},{"type":"Feature","geometry":{"type":"Polygon","coordinates":[[[-3.92071,5.26032],[-3.93497,5.26032],[-3.93497,5.27458],[-3.92071,5.27458],[-3.92071,5.26032]]]},"properties":{"region":"Lagunes","district":"Abidjan","floods_1m":1,"floods_2m":1,"floods_3m":1,"first_flood_m":1,"nests":true,"area_km2":2.504}},{"type":"Feature","geometry":{"type":"MultiPolygon","coordinates":[[[[-6.13958,4.91813],[-6.1382,4.91813],[-6.1382,4.91792],[-6.13958,4.91792],[-6.13958,4.91813]]],[[[-6.14495,4.91708],[-6.14495,4.91813],[-6.14042,4.91813],[-6.14042,4.91792],[-6.14181,4.91792],[-6.14181,4.91764],[-6.14264,4.91764],[-6.14264,4.91736],[-6.14486,4.91736],[-6.14486,4.91708],[-6.14495,4.91708]]]]},"properties":{"region":"Bas-Sassandra","district":"Sassandra","floods_1m":1,"floods_2m":1,"floods_3m":1,"first_flood_m":1,"nests":true,"area_km2":0.034}},{"type":"Feature","geometry":{"type":"Polygon","coordinates":[[[-3.60703,5.24606],[-3.62129,5.24606],[-3.62129,5.24695],[-3.62129,5.26032],[-3.60703,5.26032],[-3.60703,5.24695],[-3.60703,5.24606]]]},"properties":{"region":"Lagunes","district":"Abidjan","floods_1m":1,"floods_2m":1,"floods_3m":1,"first_flood_m":1,"nests":true,"area_km2":2.504}},{"type":"Feature","geometry":{"type":"Polygon","coordinates":[[[-4.434,5.27458],[-4.44825,5.27458],[-4.44825,5.28884],[-4.434,5.28884],[-4.434,5.27458]]]},"properties":{"region":"Lagunes","district":"Abidjan","floods_1m":1,"floods_2m":1,"floods_3m":1,"first_flood_m":1,"nests":true,"area_km2":2.502}},{"type":"Feature","geometry":{"type":"Polygon","coordinates":[[[-3.69258,5.26032],[-3.70684,5.26032],[-3.70684,5.27458],[-3.69258,5.27458],[-3.69258,5.26032]]]},"properties":{"region":"Lagunes","district":"Abidjan","floods_1m":1,"floods_2m":1,"floods_3m":1,"first_flood_m":1,"nests":true,"area_km2":2.504}},{"type":"Feature","geometry":{"type":"Polygon","coordinates":[[[-6.11644,4.92736],[-6.11644,4.93239],[-6.10347,4.93239],[-6.10347,4.93236],[-6.10375,4.93236],[-6.10375,4.93208],[-6.10458,4.93208],[-6.10458,4.93181],[-6.10486,4.93181],[-6.10486,4.93153],[-6.10514,4.93153],[-6.10514,4.93181],[-6.10542,4.93181],[-6.10542,4.93153],[-6.10569,4.93153],[-6.10569,4.93181],[-6.10597,4.93181],[-6.10597,4.93208],[-6.10625,4.93208],[-6.10625,4.93181],[-6.1068,4.93181],[-6.10681,4.93153],[-6.10764,4.93153],[-6.10764,4.93125],[-6.10819,4.93125],[-6.10819,4.93097],[-6.10958,4.93097],[-6.10958,4.9307],[-6.11042,4.9307],[-6.11042,4.93042],[-6.11097,4.93042],[-6.11097,4.93014],[-6.11125,4.93014],[-6.11125,4.92986],[-6.11153,4.92986],[-6.11153,4.92958],[-6.1118,4.92958],[-6.1118,4.92931],[-6.11208,4.92931],[-6.11208,4.92903],[-6.11236,4.92903],[-6.11236,4.92875],[-6.11264,4.92875],[-6.11264,4.92792],[-6.11292,4.92792],[-6.11292,4.9282],[-6.11319,4.9282],[-6.11319,4.92792],[-6.11347,4.92792],[-6.11347,4.92736],[-6.11403,4.92736],[-6.11403,4.92764],[-6.11458,4.92764],[-6.11458,4.92736],[-6.11644,4.92736]]]},"properties":{"region":"Bas-Sassandra","district":"Sassandra","floods_1m":1,"floods_2m":1,"floods_3m":1,"first_flood_m":1,"nests":true,"area_km2":0.379}},{"type":"Feature","geometry":{"type":"Polygon","coordinates":[[[-3.93497,5.24606],[-3.94569,5.24606],[-3.94569,5.24625],[-3.94653,5.24625],[-3.94653,5.24653],[-3.94819,5.24653],[-3.94819,5.24681],[-3.94922,5.24681],[-3.94922,5.24695],[-3.94922,5.26032],[-3.93497,5.26032],[-3.93497,5.24606]]]},"properties":{"region":"Lagunes","district":"Abidjan","floods_1m":1,"floods_2m":1,"floods_3m":1,"first_flood_m":1,"nests":true,"area_km2":2.481}},{"type":"Feature","geometry":{"type":"Polygon","coordinates":[[[-4.37696,5.31735],[-4.39122,5.31735],[-4.39122,5.33161],[-4.37696,5.33161],[-4.37696,5.31735]]]},"properties":{"region":"Lagunes","district":"Abidjan","floods_1m":0,"floods_2m":1,"floods_3m":1,"first_flood_m":2,"nests":true,"area_km2":2.503}},{"type":"Feature","geometry":{"type":"Polygon","coordinates":[[[-7.54224,4.39058],[-7.55566,4.39058],[-7.55649,4.39197],[-7.55649,4.402],[-7.55532,4.40484],[-7.54224,4.40484],[-7.54224,4.39058]]]},"properties":{"region":"Bas-Sassandra","district":"Tabou","floods_1m":0,"floods_2m":0,"floods_3m":1,"first_flood_m":3,"nests":true,"area_km2":2.478}},{"type":"Feature","geometry":{"type":"Polygon","coordinates":[[[-4.23438,5.44568],[-4.24864,5.44568],[-4.24864,5.45993],[-4.23438,5.45993],[-4.23438,5.44568]]]},"properties":{"region":"Lagunes","district":"Abidjan","floods_1m":0,"floods_2m":1,"floods_3m":1,"first_flood_m":2,"nests":true,"area_km2":2.501}},{"type":"Feature","geometry":{"type":"Polygon","coordinates":[[[-4.41974,5.27458],[-4.434,5.27458],[-4.434,5.28884],[-4.41974,5.28884],[-4.41974,5.27458]]]},"properties":{"region":"Lagunes","district":"Abidjan","floods_1m":1,"floods_2m":1,"floods_3m":1,"first_flood_m":1,"nests":true,"area_km2":2.504}},{"type":"Feature","geometry":{"type":"Polygon","coordinates":[[[-3.84942,5.24606],[-3.86368,5.24606],[-3.86368,5.24695],[-3.86368,5.26032],[-3.84942,5.26032],[-3.84942,5.24695],[-3.84942,5.24606]]]},"properties":{"region":"Lagunes","district":"Abidjan","floods_1m":0,"floods_2m":1,"floods_3m":1,"first_flood_m":2,"nests":true,"area_km2":2.504}},{"type":"Feature","geometry":{"type":"Polygon","coordinates":[[[-7.27133,4.46069],[-7.27403,4.46069],[-7.27403,4.46042],[-7.27458,4.46042],[-7.27458,4.46014],[-7.27681,4.46014],[-7.27681,4.45986],[-7.27847,4.45986],[-7.27847,4.45958],[-7.28042,4.45958],[-7.28042,4.45931],[-7.28153,4.45931],[-7.28153,4.45903],[-7.28181,4.45903],[-7.28181,4.45875],[-7.28292,4.45875],[-7.28292,4.45847],[-7.28458,4.45847],[-7.28458,4.45819],[-7.28542,4.45819],[-7.28542,4.45792],[-7.28559,4.45792],[-7.28559,4.46187],[-7.27133,4.46187],[-7.27133,4.46069]]]},"properties":{"region":"Bas-Sassandra","district":"Tabou","floods_1m":1,"floods_2m":1,"floods_3m":1,"first_flood_m":1,"nests":true,"area_km2":0.396}},{"type":"Feature","geometry":{"type":"Polygon","coordinates":[[[-7.21981,4.50125],[-7.22014,4.50125],[-7.22014,4.50097],[-7.22097,4.50097],[-7.22097,4.5007],[-7.22125,4.5007],[-7.22125,4.50042],[-7.22153,4.50042],[-7.22153,4.50014],[-7.22236,4.50014],[-7.22236,4.49986],[-7.22264,4.49986],[-7.22264,4.49958],[-7.22319,4.49958],[-7.22319,4.49931],[-7.22375,4.49931],[-7.22375,4.49903],[-7.22486,4.49903],[-7.22486,4.49875],[-7.22542,4.49875],[-7.22542,4.49847],[-7.22597,4.49847],[-7.22597,4.4982],[-7.22653,4.4982],[-7.22653,4.49792],[-7.22681,4.49792],[-7.22681,4.49764],[-7.22708,4.49764],[-7.22708,4.49736],[-7.22764,4.49736],[-7.22764,4.49708],[-7.22792,4.49708],[-7.22792,4.49681],[-7.22819,4.49681],[-7.22819,4.49653],[-7.22856,4.49653],[-7.22856,4.50465],[-7.21969,4.50465],[-7.21981,4.50125]]]},"properties":{"region":"Bas-Sassandra","district":"Tabou","floods_1m":1,"floods_2m":1,"floods_3m":1,"first_flood_m":1,"nests":true,"area_km2":0.606}},{"type":"Feature","geometry":{"type":"Polygon","coordinates":[[[-3.63555,5.26032],[-3.64981,5.26032],[-3.64981,5.27458],[-3.63555,5.27458],[-3.63555,5.26032]]]},"properties":{"region":"Lagunes","district":"Abidjan","floods_1m":1,"floods_2m":1,"floods_3m":1,"first_flood_m":1,"nests":true,"area_km2":2.504}},{"type":"Feature","geometry":{"type":"Polygon","coordinates":[[[-4.93303,5.18903],[-4.94728,5.18903],[-4.94728,5.20329],[-4.93303,5.20329],[-4.93303,5.18903]]]},"properties":{"region":"Lagunes","district":"Grand-Lahou","floods_1m":1,"floods_2m":1,"floods_3m":1,"first_flood_m":1,"nests":true,"area_km2":2.502}},{"type":"Feature","geometry":{"type":"Polygon","coordinates":[[[-3.86368,5.31735],[-3.87793,5.31735],[-3.87793,5.33161],[-3.86368,5.33161],[-3.86368,5.31735]]]},"properties":{"region":"Lagunes","district":"Abidjan","floods_1m":1,"floods_2m":1,"floods_3m":1,"first_flood_m":1,"nests":true,"area_km2":2.502}},{"type":"Feature","geometry":{"type":"Polygon","coordinates":[[[-5.04709,5.18903],[-5.06135,5.18903],[-5.06135,5.20329],[-5.04709,5.20329],[-5.04709,5.18903]]]},"properties":{"region":"Lagunes","district":"Grand-Lahou","floods_1m":0,"floods_2m":0,"floods_3m":1,"first_flood_m":3,"nests":true,"area_km2":2.504}},{"type":"Feature","geometry":{"type":"Polygon","coordinates":[[[-3.66406,5.41716],[-3.67832,5.41716],[-3.67832,5.43142],[-3.66406,5.43142],[-3.66406,5.41716]]]},"properties":{"region":"Lagunes","district":"Abidjan","floods_1m":1,"floods_2m":1,"floods_3m":1,"first_flood_m":1,"nests":true,"area_km2":2.503}},{"type":"Feature","geometry":{"type":"Polygon","coordinates":[[[-3.64981,5.21755],[-3.66406,5.21755],[-3.66406,5.23181],[-3.64981,5.23181],[-3.64981,5.21755]]]},"properties":{"region":"Lagunes","district":"Abidjan","floods_1m":1,"floods_2m":1,"floods_3m":1,"first_flood_m":1,"nests":true,"area_km2":2.502}},{"type":"Feature","geometry":{"type":"Polygon","coordinates":[[[-4.64787,5.17319],[-4.64787,5.17477],[-4.64153,5.17477],[-4.64153,5.1743],[-4.64319,5.1743],[-4.64319,5.17403],[-4.64403,5.17403],[-4.64403,5.1743],[-4.64458,5.1743],[-4.64458,5.17403],[-4.64431,5.17403],[-4.64431,5.17375],[-4.64514,5.17375],[-4.64514,5.17347],[-4.64708,5.17347],[-4.64708,5.17319],[-4.64787,5.17319]]]},"properties":{"region":"Lagunes","district":"Abidjan","floods_1m":1,"floods_2m":1,"floods_3m":1,"first_flood_m":1,"nests":true,"area_km2":0.075}},{"type":"Feature","geometry":{"type":"Polygon","coordinates":[[[-4.0918,5.28884],[-4.10606,5.28884],[-4.10606,5.3031],[-4.0918,5.3031],[-4.0918,5.28884]]]},"properties":{"region":"Lagunes","district":"Abidjan","floods_1m":1,"floods_2m":1,"floods_3m":1,"first_flood_m":1,"nests":true,"area_km2":2.504}},{"type":"Feature","geometry":{"type":"Polygon","coordinates":[[[-3.56426,5.36013],[-3.57852,5.36013],[-3.57852,5.37439],[-3.56426,5.37439],[-3.56426,5.36013]]]},"properties":{"region":"Lagunes","district":"Abidjan","floods_1m":1,"floods_2m":1,"floods_3m":1,"first_flood_m":1,"nests":true,"area_km2":2.503}},{"type":"Feature","geometry":{"type":"Polygon","coordinates":[[[-4.47677,5.20329],[-4.49103,5.20329],[-4.49103,5.21755],[-4.47677,5.21755],[-4.47677,5.20329]]]},"properties":{"region":"Lagunes","district":"Abidjan","floods_1m":0,"floods_2m":0,"floods_3m":1,"first_flood_m":3,"nests":true,"area_km2":2.504}},{"type":"Feature","geometry":{"type":"Polygon","coordinates":[[[-3.62129,5.34587],[-3.63555,5.34587],[-3.63555,5.36013],[-3.62129,5.36013],[-3.62129,5.34587]]]},"properties":{"region":"Lagunes","district":"Abidjan","floods_1m":0,"floods_2m":0,"floods_3m":1,"first_flood_m":3,"nests":true,"area_km2":2.503}},{"type":"Feature","geometry":{"type":"Polygon","coordinates":[[[-3.60703,5.54548],[-3.62129,5.54548],[-3.62129,5.55974],[-3.60703,5.55974],[-3.60703,5.54548]]]},"properties":{"region":"Lagunes","district":"Abidjan","floods_1m":0,"floods_2m":0,"floods_3m":1,"first_flood_m":3,"nests":true,"area_km2":2.502}},{"type":"Feature","geometry":{"type":"Polygon","coordinates":[[[-3.87793,5.2343],[-3.87958,5.2343],[-3.87958,5.23458],[-3.88042,5.23458],[-3.88042,5.23486],[-3.88097,5.23486],[-3.88097,5.23514],[-3.8818,5.23514],[-3.8818,5.23542],[-3.88292,5.23542],[-3.88292,5.23569],[-3.88403,5.23569],[-3.88403,5.23597],[-3.88542,5.23597],[-3.88542,5.23625],[-3.88653,5.23625],[-3.88653,5.23653],[-3.88764,5.23653],[-3.88764,5.2368],[-3.88847,5.2368],[-3.88847,5.23708],[-3.89042,5.23708],[-3.89042,5.23736],[-3.89208,5.23736],[-3.89208,5.23764],[-3.89219,5.23764],[-3.89219,5.24606],[-3.87793,5.24606],[-3.87793,5.2343]]]},"properties":{"region":"Lagunes","district":"Abidjan","floods_1m":1,"floods_2m":1,"floods_3m":1,"first_flood_m":1,"nests":true,"area_km2":1.77}},{"type":"Feature","geometry":{"type":"Polygon","coordinates":[[[-3.67832,5.18514],[-3.67958,5.18514],[-3.67958,5.18542],[-3.67986,5.18542],[-3.67986,5.18569],[-3.68292,5.18569],[-3.68292,5.18597],[-3.68458,5.18597],[-3.68458,5.18625],[-3.68625,5.18625],[-3.68625,5.18653],[-3.69208,5.18653],[-3.69208,5.18681],[-3.69258,5.18681],[-3.69258,5.18903],[-3.67832,5.18903],[-3.67832,5.18514]]]},"properties":{"region":"Lagunes","district":"Abidjan","floods_1m":1,"floods_2m":1,"floods_3m":1,"first_flood_m":1,"nests":true,"area_km2":0.512}},{"type":"Feature","geometry":{"type":"Polygon","coordinates":[[[-4.77619,5.15292],[-4.77986,5.15292],[-4.77986,5.15264],[-4.78069,5.15264],[-4.78069,5.15236],[-4.78097,5.15236],[-4.78097,5.15208],[-4.78125,5.15208],[-4.78125,5.15236],[-4.78403,5.15236],[-4.78403,5.15208],[-4.78514,5.15208],[-4.78514,5.1518],[-4.78542,5.1518],[-4.78542,5.15208],[-4.78625,5.15208],[-4.78625,5.15236],[-4.78736,5.15236],[-4.78736,5.15208],[-4.78931,5.15208],[-4.78931,5.1518],[-4.79045,5.1518],[-4.79045,5.16052],[-4.77619,5.16052],[-4.77619,5.15292]]]},"properties":{"region":"Lagunes","district":"Abidjan","floods_1m":1,"floods_2m":1,"floods_3m":1,"first_flood_m":1,"nests":true,"area_km2":1.429}},{"type":"Feature","geometry":{"type":"Polygon","coordinates":[[[-3.8209,5.45993],[-3.83516,5.45993],[-3.83516,5.47419],[-3.8209,5.47419],[-3.8209,5.45993]]]},"properties":{"region":"Lagunes","district":"Abidjan","floods_1m":1,"floods_2m":1,"floods_3m":1,"first_flood_m":1,"nests":true,"area_km2":2.503}},{"type":"Feature","geometry":{"type":"Polygon","coordinates":[[[-3.52149,5.21755],[-3.53574,5.21755],[-3.53574,5.23181],[-3.52149,5.23181],[-3.52149,5.21755]]]},"properties":{"region":"Lagunes","district":"Abidjan","floods_1m":0,"floods_2m":1,"floods_3m":1,"first_flood_m":2,"nests":true,"area_km2":2.502}},{"type":"Feature","geometry":{"type":"Polygon","coordinates":[[[-3.90645,5.3031],[-3.92071,5.3031],[-3.92071,5.31735],[-3.90645,5.31735],[-3.90645,5.3031]]]},"properties":{"region":"Lagunes","district":"Abidjan","floods_1m":1,"floods_2m":1,"floods_3m":1,"first_flood_m":1,"nests":true,"area_km2":2.502}},{"type":"Feature","geometry":{"type":"Polygon","coordinates":[[[-3.7211,5.20329],[-3.73535,5.20329],[-3.73535,5.21755],[-3.7211,5.21755],[-3.7211,5.20329]]]},"properties":{"region":"Lagunes","district":"Abidjan","floods_1m":1,"floods_2m":1,"floods_3m":1,"first_flood_m":1,"nests":true,"area_km2":2.502}},{"type":"Feature","geometry":{"type":"Polygon","coordinates":[[[-3.87793,5.28884],[-3.89219,5.28884],[-3.89219,5.3031],[-3.87793,5.3031],[-3.87793,5.28884]]]},"properties":{"region":"Lagunes","district":"Abidjan","floods_1m":1,"floods_2m":1,"floods_3m":1,"first_flood_m":1,"nests":true,"area_km2":2.504}},{"type":"Feature","geometry":{"type":"Polygon","coordinates":[[[-4.46251,5.26032],[-4.47677,5.26032],[-4.47677,5.27458],[-4.46251,5.27458],[-4.46251,5.26032]]]},"properties":{"region":"Lagunes","district":"Abidjan","floods_1m":1,"floods_2m":1,"floods_3m":1,"first_flood_m":1,"nests":true,"area_km2":2.504}},{"type":"Feature","geometry":{"type":"Polygon","coordinates":[[[-3.92071,5.43142],[-3.93497,5.43142],[-3.93497,5.44568],[-3.92071,5.44568],[-3.92071,5.43142]]]},"properties":{"region":"Lagunes","district":"Abidjan","floods_1m":1,"floods_2m":1,"floods_3m":1,"first_flood_m":1,"nests":true,"area_km2":2.503}},{"type":"Feature","geometry":{"type":"Polygon","coordinates":[[[-3.77813,5.27458],[-3.79239,5.27458],[-3.79239,5.28884],[-3.77813,5.28884],[-3.77813,5.27458]]]},"properties":{"region":"Lagunes","district":"Abidjan","floods_1m":1,"floods_2m":1,"floods_3m":1,"first_flood_m":1,"nests":true,"area_km2":2.504}},{"type":"Feature","geometry":{"type":"Polygon","coordinates":[[[-4.63361,5.23181],[-4.64787,5.23181],[-4.64787,5.24606],[-4.63361,5.24606],[-4.63361,5.23181]]]},"properties":{"region":"Lagunes","district":"Abidjan","floods_1m":1,"floods_2m":1,"floods_3m":1,"first_flood_m":1,"nests":true,"area_km2":2.502}},{"type":"Feature","geometry":{"type":"Polygon","coordinates":[[[-4.54806,5.18903],[-4.56232,5.18903],[-4.56232,5.20329],[-4.54806,5.20329],[-4.54806,5.18903]]]},"properties":{"region":"Lagunes","district":"Abidjan","floods_1m":1,"floods_2m":1,"floods_3m":1,"first_flood_m":1,"nests":true,"area_km2":2.504}},{"type":"Feature","geometry":{"type":"Polygon","coordinates":[[[-4.33419,5.24606],[-4.34845,5.24606],[-4.34845,5.24695],[-4.34845,5.26032],[-4.33419,5.26032],[-4.33419,5.24695],[-4.33419,5.24606]]]},"properties":{"region":"Lagunes","district":"Abidjan","floods_1m":1,"floods_2m":1,"floods_3m":1,"first_flood_m":1,"nests":true,"area_km2":2.504}},{"type":"Feature","geometry":{"type":"Polygon","coordinates":[[[-4.59083,5.20329],[-4.60509,5.20329],[-4.60509,5.21755],[-4.59083,5.21755],[-4.59083,5.20329]]]},"properties":{"region":"Lagunes","district":"Abidjan","floods_1m":1,"floods_2m":1,"floods_3m":1,"first_flood_m":1,"nests":true,"area_km2":2.504}},{"type":"Feature","geometry":{"type":"Polygon","coordinates":[[[-3.56426,5.20329],[-3.57852,5.20329],[-3.57852,5.21755],[-3.56426,5.21755],[-3.56426,5.20329]]]},"properties":{"region":"Lagunes","district":"Abidjan","floods_1m":0,"floods_2m":0,"floods_3m":1,"first_flood_m":3,"nests":true,"area_km2":2.504}},{"type":"Feature","geometry":{"type":"Polygon","coordinates":[[[-3.70684,5.21755],[-3.7211,5.21755],[-3.7211,5.23181],[-3.70684,5.23181],[-3.70684,5.21755]]]},"properties":{"region":"Lagunes","district":"Abidjan","floods_1m":1,"floods_2m":1,"floods_3m":1,"first_flood_m":1,"nests":true,"area_km2":2.504}},{"type":"Feature","geometry":{"type":"Polygon","coordinates":[[[-3.73535,5.26032],[-3.74961,5.26032],[-3.74961,5.27458],[-3.73535,5.27458],[-3.73535,5.26032]]]},"properties":{"region":"Lagunes","district":"Abidjan","floods_1m":1,"floods_2m":1,"floods_3m":1,"first_flood_m":1,"nests":true,"area_km2":2.504}},{"type":"Feature","geometry":{"type":"Polygon","coordinates":[[[-4.37696,5.20458],[-4.37819,5.20458],[-4.37819,5.20431],[-4.37931,5.20431],[-4.37931,5.20403],[-4.38069,5.20403],[-4.38069,5.20375],[-4.3818,5.20375],[-4.3818,5.20403],[-4.38347,5.20403],[-4.38347,5.20375],[-4.38625,5.20375],[-4.38625,5.20347],[-4.38653,5.20347],[-4.38653,5.20375],[-4.38792,5.20375],[-4.38792,5.20347],[-4.39097,5.20347],[-4.39097,5.20329],[-4.39122,5.20329],[-4.39122,5.21755],[-4.37696,5.21755],[-4.37696,5.20458]]]},"properties":{"region":"Lagunes","district":"Abidjan","floods_1m":1,"floods_2m":1,"floods_3m":1,"first_flood_m":1,"nests":true,"area_km2":2.405}},{"type":"Feature","geometry":{"type":"Polygon","coordinates":[[[-3.63555,5.37439],[-3.64981,5.37439],[-3.64981,5.38864],[-3.63555,5.38864],[-3.63555,5.37439]]]},"properties":{"region":"Lagunes","district":"Abidjan","floods_1m":1,"floods_2m":1,"floods_3m":1,"first_flood_m":1,"nests":true,"area_km2":2.501}},{"type":"Feature","geometry":{"type":"Polygon","coordinates":[[[-3.70684,5.18903],[-3.71042,5.18903],[-3.71042,5.18931],[-3.71292,5.18931],[-3.71292,5.18958],[-3.71542,5.18958],[-3.71542,5.18986],[-3.71597,5.18986],[-3.71597,5.19014],[-3.7168,5.19014],[-3.7168,5.19042],[-3.71736,5.19042],[-3.71736,5.19069],[-3.71792,5.19069],[-3.71792,5.19097],[-3.72014,5.19097],[-3.72014,5.19125],[-3.7211,5.19125],[-3.7211,5.20329],[-3.70684,5.20329],[-3.70684,5.18903]]]},"properties":{"region":"Lagunes","district":"Abidjan","floods_1m":1,"floods_2m":1,"floods_3m":1,"first_flood_m":1,"nests":true,"area_km2":2.361}},{"type":"Feature","geometry":{"type":"Polygon","coordinates":[[[-3.60703,5.26032],[-3.62129,5.26032],[-3.62129,5.27458],[-3.60703,5.27458],[-3.60703,5.26032]]]},"properties":{"region":"Lagunes","district":"Abidjan","floods_1m":1,"floods_2m":1,"floods_3m":1,"first_flood_m":1,"nests":true,"area_km2":2.504}},{"type":"Feature","geometry":{"type":"Polygon","coordinates":[[[-4.69064,5.17477],[-4.7049,5.17477],[-4.7049,5.18903],[-4.69064,5.18903],[-4.69064,5.17477]]]},"properties":{"region":"Lagunes","district":"Abidjan","floods_1m":1,"floods_2m":1,"floods_3m":1,"first_flood_m":1,"nests":true,"area_km2":2.504}},{"type":"Feature","geometry":{"type":"Polygon","coordinates":[[[-3.93497,5.26032],[-3.94922,5.26032],[-3.94922,5.27458],[-3.93497,5.27458],[-3.93497,5.26032]]]},"properties":{"region":"Lagunes","district":"Abidjan","floods_1m":1,"floods_2m":1,"floods_3m":1,"first_flood_m":1,"nests":true,"area_km2":2.502}},{"type":"Feature","geometry":{"type":"Polygon","coordinates":[[[-4.64787,5.24606],[-4.66212,5.24606],[-4.66212,5.24695],[-4.66212,5.26032],[-4.64787,5.26032],[-4.64787,5.24695],[-4.64787,5.24606]]]},"properties":{"region":"Lagunes","district":"Abidjan","floods_1m":1,"floods_2m":1,"floods_3m":1,"first_flood_m":1,"nests":true,"area_km2":2.502}},{"type":"Feature","geometry":{"type":"Polygon","coordinates":[[[-4.12032,5.27458],[-4.13458,5.27458],[-4.13458,5.28884],[-4.12032,5.28884],[-4.12032,5.27458]]]},"properties":{"region":"Lagunes","district":"Abidjan","floods_1m":1,"floods_2m":1,"floods_3m":1,"first_flood_m":1,"nests":true,"area_km2":2.504}},{"type":"Feature","geometry":{"type":"Polygon","coordinates":[[[-4.03477,5.31735],[-4.04903,5.31735],[-4.04903,5.33161],[-4.03477,5.33161],[-4.03477,5.31735]]]},"properties":{"region":"Lagunes","district":"Abidjan","floods_1m":1,"floods_2m":1,"floods_3m":1,"first_flood_m":1,"nests":true,"area_km2":2.503}},{"type":"Feature","geometry":{"type":"Polygon","coordinates":[[[-4.47677,5.3031],[-4.49103,5.3031],[-4.49103,5.31735],[-4.47677,5.31735],[-4.47677,5.3031]]]},"properties":{"region":"Lagunes","district":"Abidjan","floods_1m":1,"floods_2m":1,"floods_3m":1,"first_flood_m":1,"nests":true,"area_km2":2.502}},{"type":"Feature","geometry":{"type":"Polygon","coordinates":[[[-4.40548,5.27458],[-4.41974,5.27458],[-4.41974,5.28884],[-4.40548,5.28884],[-4.40548,5.27458]]]},"properties":{"region":"Lagunes","district":"Abidjan","floods_1m":1,"floods_2m":1,"floods_3m":1,"first_flood_m":1,"nests":true,"area_km2":2.504}},{"type":"Feature","geometry":{"type":"Polygon","coordinates":[[[-3.90645,5.33161],[-3.92071,5.33161],[-3.92071,5.34587],[-3.90645,5.34587],[-3.90645,5.33161]]]},"properties":{"region":"Lagunes","district":"Abidjan","floods_1m":1,"floods_2m":1,"floods_3m":1,"first_flood_m":1,"nests":true,"area_km2":2.503}},{"type":"Feature","geometry":{"type":"Polygon","coordinates":[[[-3.83516,5.27458],[-3.84942,5.27458],[-3.84942,5.28884],[-3.83516,5.28884],[-3.83516,5.27458]]]},"properties":{"region":"Lagunes","district":"Abidjan","floods_1m":1,"floods_2m":1,"floods_3m":1,"first_flood_m":1,"nests":true,"area_km2":2.504}},{"type":"Feature","geometry":{"type":"Polygon","coordinates":[[[-4.5338,5.18847],[-4.53486,5.18847],[-4.53486,5.18819],[-4.53847,5.18819],[-4.53847,5.18792],[-4.54097,5.18792],[-4.54097,5.18764],[-4.54264,5.18764],[-4.54264,5.18792],[-4.54347,5.18792],[-4.54347,5.18764],[-4.54514,5.18764],[-4.54514,5.18736],[-4.54708,5.18736],[-4.54708,5.18708],[-4.54736,5.18708],[-4.54736,5.18681],[-4.54806,5.18681],[-4.54806,5.18903],[-4.5338,5.18903],[-4.5338,5.18847]]]},"properties":{"region":"Lagunes","district":"Abidjan","floods_1m":1,"floods_2m":1,"floods_3m":1,"first_flood_m":1,"nests":true,"area_km2":0.213}},{"type":"Feature","geometry":{"type":"Polygon","coordinates":[[[-4.56232,5.21755],[-4.57658,5.21755],[-4.57658,5.23181],[-4.56232,5.23181],[-4.56232,5.21755]]]},"properties":{"region":"Lagunes","district":"Abidjan","floods_1m":1,"floods_2m":1,"floods_3m":1,"first_flood_m":1,"nests":true,"area_km2":2.504}},{"type":"Feature","geometry":{"type":"Polygon","coordinates":[[[-3.60703,5.55974],[-3.62129,5.55974],[-3.62129,5.574],[-3.60703,5.574],[-3.60703,5.55974]]]},"properties":{"region":"Lagunes","district":"Abidjan","floods_1m":1,"floods_2m":1,"floods_3m":1,"first_flood_m":1,"nests":true,"area_km2":2.502}},{"type":"Feature","geometry":{"type":"Polygon","coordinates":[[[-3.69258,5.20329],[-3.70684,5.20329],[-3.70684,5.21755],[-3.69258,5.21755],[-3.69258,5.20329]]]},"properties":{"region":"Lagunes","district":"Abidjan","floods_1m":1,"floods_2m":1,"floods_3m":1,"first_flood_m":1,"nests":true,"area_km2":2.504}},{"type":"Feature","geometry":{"type":"MultiPolygon","coordinates":[[[[-4.52736,5.18903],[-4.52708,5.18903],[-4.52708,5.18903],[-4.52736,5.18903],[-4.52736,5.18903]]],[[[-4.5338,5.18847],[-4.5338,5.18903],[-4.52764,5.18903],[-4.52764,5.18903],[-4.52903,5.18903],[-4.52903,5.18875],[-4.53069,5.18875],[-4.53069,5.18847],[-4.53208,5.18847],[-4.53208,5.18819],[-4.53236,5.18819],[-4.53236,5.18847],[-4.53292,5.18847],[-4.53292,5.18875],[-4.53347,5.18875],[-4.53347,5.18847],[-4.5338,5.18847]]]]},"properties":{"region":"Lagunes","district":"Abidjan","floods_1m":1,"floods_2m":1,"floods_3m":1,"first_flood_m":1,"nests":true,"area_km2":0.026}},{"type":"Feature","geometry":{"type":"Polygon","coordinates":[[[-4.69064,5.27458],[-4.7049,5.27458],[-4.7049,5.28884],[-4.69064,5.28884],[-4.69064,5.27458]]]},"properties":{"region":"Lagunes","district":"Abidjan","floods_1m":1,"floods_2m":1,"floods_3m":1,"first_flood_m":1,"nests":true,"area_km2":2.504}},{"type":"Feature","geometry":{"type":"Polygon","coordinates":[[[-3.86368,5.38864],[-3.87793,5.38864],[-3.87793,5.4029],[-3.86368,5.4029],[-3.86368,5.38864]]]},"properties":{"region":"Lagunes","district":"Abidjan","floods_1m":0,"floods_2m":1,"floods_3m":1,"first_flood_m":2,"nests":true,"area_km2":2.501}},{"type":"Feature","geometry":{"type":"Polygon","coordinates":[[[-3.73535,5.3031],[-3.74961,5.3031],[-3.74961,5.31735],[-3.73535,5.31735],[-3.73535,5.3031]]]},"properties":{"region":"Lagunes","district":"Abidjan","floods_1m":1,"floods_2m":1,"floods_3m":1,"first_flood_m":1,"nests":true,"area_km2":2.502}},{"type":"Feature","geometry":{"type":"Polygon","coordinates":[[[-3.93497,5.24403],[-3.93569,5.24403],[-3.93569,5.24431],[-3.93736,5.24431],[-3.93736,5.24458],[-3.9382,5.24458],[-3.9382,5.24486],[-3.93903,5.24486],[-3.93903,5.24514],[-3.93986,5.24514],[-3.93986,5.24542],[-3.94347,5.24542],[-3.94347,5.24569],[-3.94486,5.24569],[-3.94486,5.24597],[-3.94569,5.24597],[-3.94569,5.24606],[-3.93497,5.24606],[-3.93497,5.24403]]]},"properties":{"region":"Lagunes","district":"Abidjan","floods_1m":1,"floods_2m":1,"floods_3m":1,"first_flood_m":1,"nests":true,"area_km2":0.127}},{"type":"Feature","geometry":{"type":"Polygon","coordinates":[[[-3.94922,5.33161],[-3.96348,5.33161],[-3.96348,5.34587],[-3.94922,5.34587],[-3.94922,5.33161]]]},"properties":{"region":"Lagunes","district":"Abidjan","floods_1m":0,"floods_2m":0,"floods_3m":1,"first_flood_m":3,"nests":true,"area_km2":2.503}},{"type":"Feature","geometry":{"type":"Polygon","coordinates":[[[-4.12032,5.24606],[-4.13458,5.24606],[-4.13458,5.24695],[-4.13458,5.26032],[-4.12032,5.26032],[-4.12032,5.24695],[-4.12032,5.24606]]]},"properties":{"region":"Lagunes","district":"Abidjan","floods_1m":0,"floods_2m":1,"floods_3m":1,"first_flood_m":2,"nests":true,"area_km2":2.504}},{"type":"Feature","geometry":{"type":"Polygon","coordinates":[[[-3.84942,5.4029],[-3.86368,5.4029],[-3.86368,5.41716],[-3.84942,5.41716],[-3.84942,5.4029]]]},"properties":{"region":"Lagunes","district":"Abidjan","floods_1m":1,"floods_2m":1,"floods_3m":1,"first_flood_m":1,"nests":true,"area_km2":2.503}},{"type":"Feature","geometry":{"type":"Polygon","coordinates":[[[-3.89219,5.24606],[-3.90645,5.24606],[-3.90645,5.24695],[-3.90645,5.26032],[-3.89219,5.26032],[-3.89219,5.24695],[-3.89219,5.24606]]]},"properties":{"region":"Lagunes","district":"Abidjan","floods_1m":1,"floods_2m":1,"floods_3m":1,"first_flood_m":1,"nests":true,"area_km2":2.504}},{"type":"Feature","geometry":{"type":"Polygon","coordinates":[[[-4.03477,5.27458],[-4.04903,5.27458],[-4.04903,5.28884],[-4.03477,5.28884],[-4.03477,5.27458]]]},"properties":{"region":"Lagunes","district":"Abidjan","floods_1m":1,"floods_2m":1,"floods_3m":1,"first_flood_m":1,"nests":true,"area_km2":2.504}},{"type":"Feature","geometry":{"type":"Polygon","coordinates":[[[-3.83516,5.38864],[-3.84942,5.38864],[-3.84942,5.4029],[-3.83516,5.4029],[-3.83516,5.38864]]]},"properties":{"region":"Lagunes","district":"Abidjan","floods_1m":1,"floods_2m":1,"floods_3m":1,"first_flood_m":1,"nests":true,"area_km2":2.503}},{"type":"Feature","geometry":{"type":"Polygon","coordinates":[[[-3.84942,5.22486],[-3.84986,5.22486],[-3.84986,5.22514],[-3.85069,5.22514],[-3.85069,5.22542],[-3.85125,5.22542],[-3.85125,5.2257],[-3.85208,5.2257],[-3.85208,5.22597],[-3.85264,5.22597],[-3.85264,5.22625],[-3.85319,5.22625],[-3.85319,5.22653],[-3.85375,5.22653],[-3.85375,5.22681],[-3.85403,5.22681],[-3.85403,5.22708],[-3.85458,5.22708],[-3.85461,5.22736],[-3.85514,5.22736],[-3.85514,5.22764],[-3.85736,5.22764],[-3.85736,5.22792],[-3.85764,5.22792],[-3.85764,5.2282],[-3.85875,5.2282],[-3.85875,5.22847],[-3.85958,5.22847],[-3.85958,5.22875],[-3.86042,5.22875],[-3.86042,5.22903],[-3.86125,5.22903],[-3.86125,5.2293],[-3.86208,5.2293],[-3.86208,5.22986],[-3.86236,5.22986],[-3.86236,5.23042],[-3.86368,5.23042],[-3.86368,5.23181],[-3.84942,5.23181],[-3.84942,5.22486]]]},"properties":{"region":"Lagunes","district":"Abidjan","floods_1m":1,"floods_2m":1,"floods_3m":1,"first_flood_m":1,"nests":true,"area_km2":0.733}},{"type":"Feature","geometry":{"type":"Polygon","coordinates":[[[-4.67638,5.16847],[-4.67736,5.16847],[-4.67736,5.16819],[-4.67847,5.16819],[-4.67847,5.16792],[-4.67986,5.16792],[-4.67986,5.16764],[-4.68097,5.16764],[-4.68097,5.16736],[-4.68375,5.16736],[-4.68375,5.16708],[-4.68486,5.16708],[-4.68486,5.16681],[-4.6868,5.16681],[-4.6868,5.16625],[-4.68792,5.16625],[-4.68792,5.16597],[-4.68875,5.16597],[-4.68875,5.16625],[-4.69042,5.16625],[-4.69042,5.16597],[-4.69064,5.16597],[-4.69064,5.17477],[-4.67638,5.17477],[-4.67638,5.16847]]]},"properties":{"region":"Lagunes","district":"Abidjan","floods_1m":1,"floods_2m":1,"floods_3m":1,"first_flood_m":1,"nests":true,"area_km2":1.336}},{"type":"Feature","geometry":{"type":"Polygon","coordinates":[[[-4.69064,5.23181],[-4.7049,5.23181],[-4.7049,5.24606],[-4.69064,5.24606],[-4.69064,5.23181]]]},"properties":{"region":"Lagunes","district":"Abidjan","floods_1m":1,"floods_2m":1,"floods_3m":1,"first_flood_m":1,"nests":true,"area_km2":2.502}},{"type":"Feature","geometry":{"type":"Polygon","coordinates":[[[-4.2629,5.26032],[-4.27716,5.26032],[-4.27716,5.27458],[-4.2629,5.27458],[-4.2629,5.26032]]]},"properties":{"region":"Lagunes","district":"Abidjan","floods_1m":1,"floods_2m":1,"floods_3m":1,"first_flood_m":1,"nests":true,"area_km2":2.504}},{"type":"Feature","geometry":{"type":"Polygon","coordinates":[[[-4.39122,5.28884],[-4.40548,5.28884],[-4.40548,5.3031],[-4.39122,5.3031],[-4.39122,5.28884]]]},"properties":{"region":"Lagunes","district":"Abidjan","floods_1m":1,"floods_2m":1,"floods_3m":1,"first_flood_m":1,"nests":true,"area_km2":2.504}},{"type":"Feature","geometry":{"type":"Polygon","coordinates":[[[-4.79045,5.1518],[-4.79075,5.1518],[-4.7907,5.16052],[-4.79045,5.16052],[-4.79045,5.1518]]]},"properties":{"region":"Lagunes","district":"Abidjan","floods_1m":1,"floods_2m":1,"floods_3m":1,"first_flood_m":1,"nests":true,"area_km2":0.03}},{"type":"Feature","geometry":{"type":"Polygon","coordinates":[[[-4.33419,5.34587],[-4.34845,5.34587],[-4.34845,5.36013],[-4.33419,5.36013],[-4.33419,5.34587]]]},"properties":{"region":"Lagunes","district":"Abidjan","floods_1m":0,"floods_2m":1,"floods_3m":1,"first_flood_m":2,"nests":true,"area_km2":2.503}},{"type":"Feature","geometry":{"type":"Polygon","coordinates":[[[-4.56232,5.26032],[-4.57658,5.26032],[-4.57658,5.27458],[-4.56232,5.27458],[-4.56232,5.26032]]]},"properties":{"region":"Lagunes","district":"Abidjan","floods_1m":1,"floods_2m":1,"floods_3m":1,"first_flood_m":1,"nests":true,"area_km2":2.504}},{"type":"Feature","geometry":{"type":"Polygon","coordinates":[[[-4.37696,5.27458],[-4.39122,5.27458],[-4.39122,5.28884],[-4.37696,5.28884],[-4.37696,5.27458]]]},"properties":{"region":"Lagunes","district":"Abidjan","floods_1m":1,"floods_2m":1,"floods_3m":1,"first_flood_m":1,"nests":true,"area_km2":2.504}},{"type":"Feature","geometry":{"type":"Polygon","coordinates":[[[-3.63555,5.17903],[-3.6382,5.17903],[-3.6382,5.17931],[-3.63875,5.17931],[-3.63875,5.17958],[-3.63986,5.17958],[-3.63986,5.17931],[-3.64014,5.17931],[-3.64014,5.17958],[-3.64153,5.17958],[-3.64153,5.17986],[-3.64375,5.17986],[-3.64375,5.18014],[-3.64569,5.18014],[-3.64569,5.18042],[-3.64708,5.18042],[-3.64708,5.1807],[-3.64847,5.1807],[-3.64847,5.18097],[-3.64981,5.18097],[-3.64981,5.18903],[-3.63555,5.18903],[-3.63555,5.17903]]]},"properties":{"region":"Lagunes","district":"Abidjan","floods_1m":1,"floods_2m":1,"floods_3m":1,"first_flood_m":1,"nests":true,"area_km2":1.603}},{"type":"Feature","geometry":{"type":"Polygon","coordinates":[[[-4.57658,5.18903],[-4.59083,5.18903],[-4.59083,5.20329],[-4.57658,5.20329],[-4.57658,5.18903]]]},"properties":{"region":"Lagunes","district":"Abidjan","floods_1m":1,"floods_2m":1,"floods_3m":1,"first_flood_m":1,"nests":true,"area_km2":2.502}},{"type":"Feature","geometry":{"type":"Polygon","coordinates":[[[-4.71916,5.18903],[-4.73341,5.18903],[-4.73341,5.20329],[-4.71916,5.20329],[-4.71916,5.18903]]]},"properties":{"region":"Lagunes","district":"Abidjan","floods_1m":1,"floods_2m":1,"floods_3m":1,"first_flood_m":1,"nests":true,"area_km2":2.502}},{"type":"Feature","geometry":{"type":"Polygon","coordinates":[[[-3.87793,5.27458],[-3.89219,5.27458],[-3.89219,5.28884],[-3.87793,5.28884],[-3.87793,5.27458]]]},"properties":{"region":"Lagunes","district":"Abidjan","floods_1m":1,"floods_2m":1,"floods_3m":1,"first_flood_m":1,"nests":true,"area_km2":2.504}},{"type":"Feature","geometry":{"type":"Polygon","coordinates":[[[-4.03477,5.26032],[-4.04903,5.26032],[-4.04903,5.27458],[-4.03477,5.27458],[-4.03477,5.26032]]]},"properties":{"region":"Lagunes","district":"Abidjan","floods_1m":1,"floods_2m":1,"floods_3m":1,"first_flood_m":1,"nests":true,"area_km2":2.504}},{"type":"Feature","geometry":{"type":"Polygon","coordinates":[[[-3.60703,5.20329],[-3.62129,5.20329],[-3.62129,5.21755],[-3.60703,5.21755],[-3.60703,5.20329]]]},"properties":{"region":"Lagunes","district":"Abidjan","floods_1m":1,"floods_2m":1,"floods_3m":1,"first_flood_m":1,"nests":true,"area_km2":2.504}},{"type":"Feature","geometry":{"type":"Polygon","coordinates":[[[-4.27716,5.34587],[-4.29142,5.34587],[-4.29142,5.36013],[-4.27716,5.36013],[-4.27716,5.34587]]]},"properties":{"region":"Lagunes","district":"Abidjan","floods_1m":0,"floods_2m":0,"floods_3m":1,"first_flood_m":3,"nests":true,"area_km2":2.503}},{"type":"Feature","geometry":{"type":"Polygon","coordinates":[[[-3.64981,5.18097],[-3.65181,5.18097],[-3.65181,5.18125],[-3.65292,5.18125],[-3.65292,5.18153],[-3.65403,5.18153],[-3.65403,5.18181],[-3.65625,5.18181],[-3.65625,5.18208],[-3.65931,5.18208],[-3.65931,5.18236],[-3.66042,5.18236],[-3.66042,5.18264],[-3.66208,5.18264],[-3.66208,5.18292],[-3.66346,5.18292],[-3.66403,5.18292],[-3.66403,5.1832],[-3.66406,5.1832],[-3.66406,5.18903],[-3.64981,5.18903],[-3.64981,5.18097]]]},"properties":{"region":"Lagunes","district":"Abidjan","floods_1m":1,"floods_2m":1,"floods_3m":1,"first_flood_m":1,"nests":true,"area_km2":1.237}},{"type":"Feature","geometry":{"type":"Polygon","coordinates":[[[-4.17735,5.33161],[-4.19161,5.33161],[-4.19161,5.34587],[-4.17735,5.34587],[-4.17735,5.33161]]]},"properties":{"region":"Lagunes","district":"Abidjan","floods_1m":0,"floods_2m":0,"floods_3m":1,"first_flood_m":3,"nests":true,"area_km2":2.503}},{"type":"Feature","geometry":{"type":"Polygon","coordinates":[[[-4.41974,5.20014],[-4.42292,5.20014],[-4.42292,5.19986],[-4.42319,5.19986],[-4.42319,5.20014],[-4.42347,5.20014],[-4.42347,5.19986],[-4.42681,5.19986],[-4.42681,5.19958],[-4.42986,5.19958],[-4.42986,5.19931],[-4.43153,5.19931],[-4.43153,5.19903],[-4.434,5.19903],[-4.434,5.20329],[-4.41974,5.20329],[-4.41974,5.20014]]]},"properties":{"region":"Lagunes","district":"Abidjan","floods_1m":1,"floods_2m":1,"floods_3m":1,"first_flood_m":1,"nests":true,"area_km2":0.637}},{"type":"Feature","geometry":{"type":"Polygon","coordinates":[[[-3.64981,5.23181],[-3.66406,5.23181],[-3.66406,5.24606],[-3.64981,5.24606],[-3.64981,5.23181]]]},"properties":{"region":"Lagunes","district":"Abidjan","floods_1m":1,"floods_2m":1,"floods_3m":1,"first_flood_m":1,"nests":true,"area_km2":2.5}},{"type":"Feature","geometry":{"type":"Polygon","coordinates":[[[-4.00626,5.31735],[-4.02051,5.31735],[-4.02051,5.33161],[-4.00626,5.33161],[-4.00626,5.31735]]]},"properties":{"region":"Lagunes","district":"Abidjan","floods_1m":1,"floods_2m":1,"floods_3m":1,"first_flood_m":1,"nests":true,"area_km2":2.502}},{"type":"Feature","geometry":{"type":"Polygon","coordinates":[[[-3.77813,5.26032],[-3.79239,5.26032],[-3.79239,5.27458],[-3.77813,5.27458],[-3.77813,5.26032]]]},"properties":{"region":"Lagunes","district":"Abidjan","floods_1m":1,"floods_2m":1,"floods_3m":1,"first_flood_m":1,"nests":true,"area_km2":2.504}},{"type":"Feature","geometry":{"type":"Polygon","coordinates":[[[-4.29142,5.27458],[-4.30567,5.27458],[-4.30567,5.28884],[-4.29142,5.28884],[-4.29142,5.27458]]]},"properties":{"region":"Lagunes","district":"Abidjan","floods_1m":1,"floods_2m":1,"floods_3m":1,"first_flood_m":1,"nests":true,"area_km2":2.502}},{"type":"Feature","geometry":{"type":"Polygon","coordinates":[[[-4.79045,5.23181],[-4.8047,5.23181],[-4.8047,5.24606],[-4.79045,5.24606],[-4.79045,5.23181]]]},"properties":{"region":"Lagunes","district":"Abidjan","floods_1m":0,"floods_2m":0,"floods_3m":1,"first_flood_m":3,"nests":true,"area_km2":2.5}},{"type":"Feature","geometry":{"type":"Polygon","coordinates":[[[-4.14884,5.2293],[-4.15125,5.2293],[-4.15125,5.22903],[-4.15236,5.22903],[-4.15236,5.22875],[-4.15736,5.22875],[-4.15736,5.22847],[-4.15903,5.22847],[-4.15903,5.2282],[-4.15958,5.2282],[-4.15958,5.22792],[-4.16125,5.22792],[-4.16125,5.2282],[-4.16181,5.2282],[-4.16181,5.22792],[-4.16208,5.22792],[-4.16208,5.22764],[-4.16236,5.22764],[-4.16236,5.22792],[-4.16309,5.22792],[-4.16309,5.23181],[-4.14884,5.23181],[-4.14884,5.2293]]]},"properties":{"region":"Lagunes","district":"Abidjan","floods_1m":1,"floods_2m":1,"floods_3m":1,"first_flood_m":1,"nests":true,"area_km2":0.561}},{"type":"Feature","geometry":{"type":"Polygon","coordinates":[[[-4.23438,5.28884],[-4.24864,5.28884],[-4.24864,5.3031],[-4.23438,5.3031],[-4.23438,5.28884]]]},"properties":{"region":"Lagunes","district":"Abidjan","floods_1m":1,"floods_2m":1,"floods_3m":1,"first_flood_m":1,"nests":true,"area_km2":2.504}},{"type":"Feature","geometry":{"type":"Polygon","coordinates":[[[-4.24864,5.41716],[-4.2629,5.41716],[-4.2629,5.43142],[-4.24864,5.43142],[-4.24864,5.41716]]]},"properties":{"region":"Lagunes","district":"Abidjan","floods_1m":1,"floods_2m":1,"floods_3m":1,"first_flood_m":1,"nests":true,"area_km2":2.503}},{"type":"Feature","geometry":{"type":"Polygon","coordinates":[[[-4.41974,5.24606],[-4.434,5.24606],[-4.434,5.24695],[-4.434,5.26032],[-4.41974,5.26032],[-4.41974,5.24695],[-4.41974,5.24606]]]},"properties":{"region":"Lagunes","district":"Abidjan","floods_1m":1,"floods_2m":1,"floods_3m":1,"first_flood_m":1,"nests":true,"area_km2":2.504}},{"type":"Feature","geometry":{"type":"Polygon","coordinates":[[[-3.52149,5.20329],[-3.53574,5.20329],[-3.53574,5.21755],[-3.52149,5.21755],[-3.52149,5.20329]]]},"properties":{"region":"Lagunes","district":"Abidjan","floods_1m":0,"floods_2m":1,"floods_3m":1,"first_flood_m":2,"nests":true,"area_km2":2.502}},{"type":"Feature","geometry":{"type":"Polygon","coordinates":[[[-3.92071,5.24606],[-3.93497,5.24606],[-3.93497,5.26032],[-3.92071,5.26032],[-3.92071,5.24695],[-3.92071,5.24606]]]},"properties":{"region":"Lagunes","district":"Abidjan","floods_1m":1,"floods_2m":1,"floods_3m":1,"first_flood_m":1,"nests":true,"area_km2":2.504}},{"type":"Feature","geometry":{"type":"Polygon","coordinates":[[[-4.20587,5.22236],[-4.20625,5.22236],[-4.20625,5.22208],[-4.20931,5.22208],[-4.20931,5.22181],[-4.20986,5.22181],[-4.20986,5.22153],[-4.21014,5.22153],[-4.21014,5.22125],[-4.21042,5.22125],[-4.21042,5.22153],[-4.21069,5.22153],[-4.21069,5.22125],[-4.21097,5.22125],[-4.21097,5.22153],[-4.21181,5.22153],[-4.21181,5.22125],[-4.21347,5.22125],[-4.21347,5.22097],[-4.21542,5.22097],[-4.21542,5.22069],[-4.21655,5.22069],[-4.21792,5.22069],[-4.21792,5.22042],[-4.21875,5.22042],[-4.21875,5.22014],[-4.21958,5.22014],[-4.21958,5.21986],[-4.22013,5.21986],[-4.22013,5.23181],[-4.20587,5.23181],[-4.20587,5.22236]]]},"properties":{"region":"Lagunes","district":"Abidjan","floods_1m":1,"floods_2m":1,"floods_3m":1,"first_flood_m":1,"nests":true,"area_km2":1.862}},{"type":"Feature","geometry":{"type":"Polygon","coordinates":[[[-4.17735,5.31735],[-4.19161,5.31735],[-4.19161,5.33161],[-4.17735,5.33161],[-4.17735,5.31735]]]},"properties":{"region":"Lagunes","district":"Abidjan","floods_1m":0,"floods_2m":0,"floods_3m":1,"first_flood_m":3,"nests":true,"area_km2":2.503}},{"type":"Feature","geometry":{"type":"Polygon","coordinates":[[[-4.56232,5.27458],[-4.57658,5.27458],[-4.57658,5.28884],[-4.56232,5.28884],[-4.56232,5.27458]]]},"properties":{"region":"Lagunes","district":"Abidjan","floods_1m":1,"floods_2m":1,"floods_3m":1,"first_flood_m":1,"nests":true,"area_km2":2.504}},{"type":"Feature","geometry":{"type":"Polygon","coordinates":[[[-4.31993,5.21755],[-4.33419,5.21755],[-4.33419,5.23181],[-4.31993,5.23181],[-4.31993,5.21755]]]},"properties":{"region":"Lagunes","district":"Abidjan","floods_1m":0,"floods_2m":1,"floods_3m":1,"first_flood_m":2,"nests":true,"area_km2":2.504}},{"type":"Feature","geometry":{"type":"Polygon","coordinates":[[[-4.31993,5.24606],[-4.33419,5.24606],[-4.33419,5.24695],[-4.33419,5.26032],[-4.31993,5.26032],[-4.31993,5.24695],[-4.31993,5.24606]]]},"properties":{"region":"Lagunes","district":"Abidjan","floods_1m":1,"floods_2m":1,"floods_3m":1,"first_flood_m":1,"nests":true,"area_km2":2.504}},{"type":"Feature","geometry":{"type":"Polygon","coordinates":[[[-3.55,5.23181],[-3.56426,5.23181],[-3.56426,5.24606],[-3.55,5.24606],[-3.55,5.23181]]]},"properties":{"region":"Lagunes","district":"Abidjan","floods_1m":1,"floods_2m":1,"floods_3m":1,"first_flood_m":1,"nests":true,"area_km2":2.502}},{"type":"Feature","geometry":{"type":"Polygon","coordinates":[[[-4.16309,5.31735],[-4.17735,5.31735],[-4.17735,5.33161],[-4.16309,5.33161],[-4.16309,5.31735]]]},"properties":{"region":"Lagunes","district":"Abidjan","floods_1m":1,"floods_2m":1,"floods_3m":1,"first_flood_m":1,"nests":true,"area_km2":2.503}},{"type":"Feature","geometry":{"type":"Polygon","coordinates":[[[-3.73535,5.33161],[-3.74961,5.33161],[-3.74961,5.34587],[-3.73535,5.34587],[-3.73535,5.33161]]]},"properties":{"region":"Lagunes","district":"Abidjan","floods_1m":1,"floods_2m":1,"floods_3m":1,"first_flood_m":1,"nests":true,"area_km2":2.503}},{"type":"Feature","geometry":{"type":"Polygon","coordinates":[[[-3.96348,5.28884],[-3.97774,5.28884],[-3.97774,5.3031],[-3.96348,5.3031],[-3.96348,5.28884]]]},"properties":{"region":"Lagunes","district":"Abidjan","floods_1m":1,"floods_2m":1,"floods_3m":1,"first_flood_m":1,"nests":true,"area_km2":2.504}},{"type":"Feature","geometry":{"type":"Polygon","coordinates":[[[-3.55,5.18903],[-3.56426,5.18903],[-3.56426,5.20329],[-3.55,5.20329],[-3.55,5.18903]]]},"properties":{"region":"Lagunes","district":"Abidjan","floods_1m":1,"floods_2m":1,"floods_3m":1,"first_flood_m":1,"nests":true,"area_km2":2.504}},{"type":"Feature","geometry":{"type":"Polygon","coordinates":[[[-3.96348,5.26032],[-3.97774,5.26032],[-3.97774,5.27458],[-3.96348,5.27458],[-3.96348,5.26032]]]},"properties":{"region":"Lagunes","district":"Abidjan","floods_1m":1,"floods_2m":1,"floods_3m":1,"first_flood_m":1,"nests":true,"area_km2":2.504}},{"type":"Feature","geometry":{"type":"Polygon","coordinates":[[[-3.76387,5.26032],[-3.77813,5.26032],[-3.77813,5.27458],[-3.76387,5.27458],[-3.76387,5.26032]]]},"properties":{"region":"Lagunes","district":"Abidjan","floods_1m":1,"floods_2m":1,"floods_3m":1,"first_flood_m":1,"nests":true,"area_km2":2.504}},{"type":"Feature","geometry":{"type":"Polygon","coordinates":[[[-4.44825,5.28884],[-4.46251,5.28884],[-4.46251,5.3031],[-4.44825,5.3031],[-4.44825,5.28884]]]},"properties":{"region":"Lagunes","district":"Abidjan","floods_1m":1,"floods_2m":1,"floods_3m":1,"first_flood_m":1,"nests":true,"area_km2":2.504}},{"type":"Feature","geometry":{"type":"Polygon","coordinates":[[[-4.31993,5.26032],[-4.33419,5.26032],[-4.33419,5.27458],[-4.31993,5.27458],[-4.31993,5.26032]]]},"properties":{"region":"Lagunes","district":"Abidjan","floods_1m":1,"floods_2m":1,"floods_3m":1,"first_flood_m":1,"nests":true,"area_km2":2.504}},{"type":"Feature","geometry":{"type":"Polygon","coordinates":[[[-4.30567,5.3031],[-4.31993,5.3031],[-4.31993,5.31735],[-4.30567,5.31735],[-4.30567,5.3031]]]},"properties":{"region":"Lagunes","district":"Abidjan","floods_1m":1,"floods_2m":1,"floods_3m":1,"first_flood_m":1,"nests":true,"area_km2":2.502}},{"type":"Feature","geometry":{"type":"Polygon","coordinates":[[[-3.77813,5.28884],[-3.79239,5.28884],[-3.79239,5.3031],[-3.77813,5.3031],[-3.77813,5.28884]]]},"properties":{"region":"Lagunes","district":"Abidjan","floods_1m":1,"floods_2m":1,"floods_3m":1,"first_flood_m":1,"nests":true,"area_km2":2.504}},{"type":"Feature","geometry":{"type":"Polygon","coordinates":[[[-4.44825,5.27458],[-4.46251,5.27458],[-4.46251,5.28884],[-4.44825,5.28884],[-4.44825,5.27458]]]},"properties":{"region":"Lagunes","district":"Abidjan","floods_1m":1,"floods_2m":1,"floods_3m":1,"first_flood_m":1,"nests":true,"area_km2":2.504}},{"type":"Feature","geometry":{"type":"Polygon","coordinates":[[[-4.27716,5.27458],[-4.29142,5.27458],[-4.29142,5.28884],[-4.27716,5.28884],[-4.27716,5.27458]]]},"properties":{"region":"Lagunes","district":"Abidjan","floods_1m":1,"floods_2m":1,"floods_3m":1,"first_flood_m":1,"nests":true,"area_km2":2.504}},{"type":"Feature","geometry":{"type":"Polygon","coordinates":[[[-4.74767,5.23181],[-4.76193,5.23181],[-4.76193,5.24606],[-4.74767,5.24606],[-4.74767,5.23181]]]},"properties":{"region":"Lagunes","district":"Abidjan","floods_1m":1,"floods_2m":1,"floods_3m":1,"first_flood_m":1,"nests":true,"area_km2":2.502}},{"type":"Feature","geometry":{"type":"Polygon","coordinates":[[[-3.64981,5.48845],[-3.66406,5.48845],[-3.66406,5.50271],[-3.64981,5.50271],[-3.64981,5.48845]]]},"properties":{"region":"Lagunes","district":"Abidjan","floods_1m":1,"floods_2m":1,"floods_3m":1,"first_flood_m":1,"nests":true,"area_km2":2.501}},{"type":"Feature","geometry":{"type":"Polygon","coordinates":[[[-3.77813,5.24606],[-3.79239,5.24606],[-3.79239,5.24695],[-3.79239,5.26032],[-3.77813,5.26032],[-3.77813,5.24695],[-3.77813,5.24606]]]},"properties":{"region":"Lagunes","district":"Abidjan","floods_1m":0,"floods_2m":0,"floods_3m":1,"first_flood_m":3,"nests":true,"area_km2":2.504}},{"type":"Feature","geometry":{"type":"Polygon","coordinates":[[[-4.00626,5.26032],[-4.02051,5.26032],[-4.02051,5.27458],[-4.00626,5.27458],[-4.00626,5.26032]]]},"properties":{"region":"Lagunes","district":"Abidjan","floods_1m":1,"floods_2m":1,"floods_3m":1,"first_flood_m":1,"nests":true,"area_km2":2.502}},{"type":"Feature","geometry":{"type":"Polygon","coordinates":[[[-3.67832,5.18903],[-3.69258,5.18903],[-3.69258,5.20329],[-3.67832,5.20329],[-3.67832,5.18903]]]},"properties":{"region":"Lagunes","district":"Abidjan","floods_1m":1,"floods_2m":1,"floods_3m":1,"first_flood_m":1,"nests":true,"area_km2":2.504}},{"type":"Feature","geometry":{"type":"Polygon","coordinates":[[[-4.67638,5.21755],[-4.69064,5.21755],[-4.69064,5.23181],[-4.67638,5.23181],[-4.67638,5.21755]]]},"properties":{"region":"Lagunes","district":"Abidjan","floods_1m":1,"floods_2m":1,"floods_3m":1,"first_flood_m":1,"nests":true,"area_km2":2.504}},{"type":"Feature","geometry":{"type":"Polygon","coordinates":[[[-3.87793,5.33161],[-3.89219,5.33161],[-3.89219,5.34587],[-3.87793,5.34587],[-3.87793,5.33161]]]},"properties":{"region":"Lagunes","district":"Abidjan","floods_1m":0,"floods_2m":1,"floods_3m":1,"first_flood_m":2,"nests":true,"area_km2":2.503}},{"type":"Feature","geometry":{"type":"Polygon","coordinates":[[[-3.50723,5.18903],[-3.52149,5.18903],[-3.52149,5.20329],[-3.50723,5.20329],[-3.50723,5.18903]]]},"properties":{"region":"Lagunes","district":"Abidjan","floods_1m":1,"floods_2m":1,"floods_3m":1,"first_flood_m":1,"nests":true,"area_km2":2.504}},{"type":"Feature","geometry":{"type":"Polygon","coordinates":[[[-3.66406,5.43142],[-3.67832,5.43142],[-3.67832,5.44568],[-3.66406,5.44568],[-3.66406,5.43142]]]},"properties":{"region":"Lagunes","district":"Abidjan","floods_1m":1,"floods_2m":1,"floods_3m":1,"first_flood_m":1,"nests":true,"area_km2":2.503}},{"type":"Feature","geometry":{"type":"Polygon","coordinates":[[[-4.69064,5.20329],[-4.7049,5.20329],[-4.7049,5.21755],[-4.69064,5.21755],[-4.69064,5.20329]]]},"properties":{"region":"Lagunes","district":"Abidjan","floods_1m":1,"floods_2m":1,"floods_3m":1,"first_flood_m":1,"nests":true,"area_km2":2.504}},{"type":"Feature","geometry":{"type":"Polygon","coordinates":[[[-4.73341,5.16052],[-4.74767,5.16052],[-4.74767,5.17477],[-4.73341,5.17477],[-4.73341,5.16052]]]},"properties":{"region":"Lagunes","district":"Abidjan","floods_1m":1,"floods_2m":1,"floods_3m":1,"first_flood_m":1,"nests":true,"area_km2":2.502}},{"type":"Feature","geometry":{"type":"Polygon","coordinates":[[[-3.93497,5.44568],[-3.94922,5.44568],[-3.94922,5.45993],[-3.93497,5.45993],[-3.93497,5.44568]]]},"properties":{"region":"Lagunes","district":"Abidjan","floods_1m":0,"floods_2m":0,"floods_3m":1,"first_flood_m":3,"nests":true,"area_km2":2.499}},{"type":"Feature","geometry":{"type":"Polygon","coordinates":[[[-4.27716,5.24606],[-4.29142,5.24606],[-4.29142,5.24695],[-4.29142,5.26032],[-4.27716,5.26032],[-4.27716,5.24695],[-4.27716,5.24606]]]},"properties":{"region":"Lagunes","district":"Abidjan","floods_1m":1,"floods_2m":1,"floods_3m":1,"first_flood_m":1,"nests":true,"area_km2":2.504}},{"type":"Feature","geometry":{"type":"Polygon","coordinates":[[[-4.33419,5.33161],[-4.34845,5.33161],[-4.34845,5.34587],[-4.33419,5.34587],[-4.33419,5.33161]]]},"properties":{"region":"Lagunes","district":"Abidjan","floods_1m":1,"floods_2m":1,"floods_3m":1,"first_flood_m":1,"nests":true,"area_km2":2.503}},{"type":"Feature","geometry":{"type":"Polygon","coordinates":[[[-4.73341,5.15847],[-4.73341,5.16052],[-4.71958,5.16052],[-4.71958,5.16042],[-4.72236,5.16042],[-4.72236,5.16014],[-4.72319,5.16014],[-4.72319,5.15986],[-4.72375,5.15986],[-4.72375,5.16014],[-4.72542,5.16014],[-4.72542,5.15986],[-4.72625,5.15986],[-4.72625,5.15958],[-4.72736,5.15958],[-4.72736,5.15931],[-4.72931,5.15931],[-4.72931,5.15903],[-4.73014,5.15903],[-4.73014,5.15875],[-4.73125,5.15875],[-4.73125,5.15847],[-4.7318,5.15847],[-4.73181,5.15819],[-4.73236,5.15819],[-4.73236,5.15847],[-4.73341,5.15847]]]},"properties":{"region":"Lagunes","district":"Abidjan","floods_1m":1,"floods_2m":1,"floods_3m":1,"first_flood_m":1,"nests":true,"area_km2":0.164}},{"type":"Feature","geometry":{"type":"Polygon","coordinates":[[[-4.02051,5.31735],[-4.03477,5.31735],[-4.03477,5.31735],[-4.03477,5.33161],[-4.03477,5.33161],[-4.02051,5.33161],[-4.02051,5.31735]]]},"properties":{"region":"Lagunes","district":"Abidjan","floods_1m":1,"floods_2m":1,"floods_3m":1,"first_flood_m":1,"nests":true,"area_km2":2.503}},{"type":"Feature","geometry":{"type":"Polygon","coordinates":[[[-3.76387,5.34587],[-3.77813,5.34587],[-3.77813,5.36013],[-3.76387,5.36013],[-3.76387,5.34587]]]},"properties":{"region":"Lagunes","district":"Abidjan","floods_1m":1,"floods_2m":1,"floods_3m":1,"first_flood_m":1,"nests":true,"area_km2":2.503}},{"type":"Feature","geometry":{"type":"Polygon","coordinates":[[[-3.63555,5.28884],[-3.64981,5.28884],[-3.64981,5.3031],[-3.63555,5.3031],[-3.63555,5.28884]]]},"properties":{"region":"Lagunes","district":"Abidjan","floods_1m":0,"floods_2m":1,"floods_3m":1,"first_flood_m":2,"nests":true,"area_km2":2.504}},{"type":"Feature","geometry":{"type":"Polygon","coordinates":[[[-3.84942,5.27458],[-3.86368,5.27458],[-3.86368,5.28884],[-3.84942,5.28884],[-3.84942,5.27458]]]},"properties":{"region":"Lagunes","district":"Abidjan","floods_1m":1,"floods_2m":1,"floods_3m":1,"first_flood_m":1,"nests":true,"area_km2":2.504}},{"type":"Feature","geometry":{"type":"Polygon","coordinates":[[[-4.30567,5.37439],[-4.31993,5.37439],[-4.31993,5.38864],[-4.30567,5.38864],[-4.30567,5.37439]]]},"properties":{"region":"Lagunes","district":"Abidjan","floods_1m":1,"floods_2m":1,"floods_3m":1,"first_flood_m":1,"nests":true,"area_km2":2.501}},{"type":"Feature","geometry":{"type":"Polygon","coordinates":[[[-4.71916,5.26032],[-4.73341,5.26032],[-4.73341,5.27458],[-4.71916,5.27458],[-4.71916,5.26032]]]},"properties":{"region":"Lagunes","district":"Abidjan","floods_1m":1,"floods_2m":1,"floods_3m":1,"first_flood_m":1,"nests":true,"area_km2":2.502}},{"type":"Feature","geometry":{"type":"Polygon","coordinates":[[[-4.07755,5.24606],[-4.0918,5.24606],[-4.0918,5.24695],[-4.0918,5.26032],[-4.07755,5.26032],[-4.07755,5.24695],[-4.07755,5.24606]]]},"properties":{"region":"Lagunes","district":"Abidjan","floods_1m":0,"floods_2m":1,"floods_3m":1,"first_flood_m":2,"nests":true,"area_km2":2.502}},{"type":"Feature","geometry":{"type":"Polygon","coordinates":[[[-3.90645,5.41716],[-3.92071,5.41716],[-3.92071,5.43142],[-3.90645,5.43142],[-3.90645,5.41716]]]},"properties":{"region":"Lagunes","district":"Abidjan","floods_1m":1,"floods_2m":1,"floods_3m":1,"first_flood_m":1,"nests":true,"area_km2":2.503}},{"type":"Feature","geometry":{"type":"Polygon","coordinates":[[[-3.83516,5.28884],[-3.84942,5.28884],[-3.84942,5.3031],[-3.83516,5.3031],[-3.83516,5.28884]]]},"properties":{"region":"Lagunes","district":"Abidjan","floods_1m":1,"floods_2m":1,"floods_3m":1,"first_flood_m":1,"nests":true,"area_km2":2.504}},{"type":"Feature","geometry":{"type":"Polygon","coordinates":[[[-3.97774,5.33161],[-3.992,5.33161],[-3.992,5.34587],[-3.97774,5.34587],[-3.97774,5.33161]]]},"properties":{"region":"Lagunes","district":"Abidjan","floods_1m":1,"floods_2m":1,"floods_3m":1,"first_flood_m":1,"nests":true,"area_km2":2.503}},{"type":"Feature","geometry":{"type":"Polygon","coordinates":[[[-3.84942,5.3031],[-3.86368,5.3031],[-3.86368,5.31735],[-3.84942,5.31735],[-3.84942,5.3031]]]},"properties":{"region":"Lagunes","district":"Abidjan","floods_1m":1,"floods_2m":1,"floods_3m":1,"first_flood_m":1,"nests":true,"area_km2":2.502}},{"type":"Feature","geometry":{"type":"Polygon","coordinates":[[[-4.13458,5.23153],[-4.13542,5.23153],[-4.13542,5.23125],[-4.13681,5.23125],[-4.13681,5.23097],[-4.14042,5.23097],[-4.14042,5.23069],[-4.14125,5.23069],[-4.14125,5.23042],[-4.14208,5.23042],[-4.14208,5.23069],[-4.14292,5.23069],[-4.14292,5.23042],[-4.1432,5.23042],[-4.1432,5.23014],[-4.14347,5.23014],[-4.14347,5.23042],[-4.14403,5.23042],[-4.14403,5.23014],[-4.14597,5.23014],[-4.14597,5.22986],[-4.14736,5.22986],[-4.14736,5.22958],[-4.14764,5.22958],[-4.14764,5.2293],[-4.14884,5.2293],[-4.14884,5.23181],[-4.13458,5.23181],[-4.13458,5.23153]]]},"properties":{"region":"Lagunes","district":"Abidjan","floods_1m":1,"floods_2m":1,"floods_3m":1,"first_flood_m":1,"nests":true,"area_km2":0.225}},{"type":"Feature","geometry":{"type":"Polygon","coordinates":[[[-3.59277,5.27458],[-3.60703,5.27458],[-3.60703,5.28884],[-3.59277,5.28884],[-3.59277,5.27458]]]},"properties":{"region":"Lagunes","district":"Abidjan","floods_1m":0,"floods_2m":1,"floods_3m":1,"first_flood_m":2,"nests":true,"area_km2":2.504}},{"type":"Feature","geometry":{"type":"Polygon","coordinates":[[[-4.56232,5.23181],[-4.57658,5.23181],[-4.57658,5.24606],[-4.56232,5.24606],[-4.56232,5.23181]]]},"properties":{"region":"Lagunes","district":"Abidjan","floods_1m":1,"floods_2m":1,"floods_3m":1,"first_flood_m":1,"nests":true,"area_km2":2.502}},{"type":"Feature","geometry":{"type":"Polygon","coordinates":[[[-4.66212,5.17477],[-4.67638,5.17477],[-4.67638,5.18903],[-4.66212,5.18903],[-4.66212,5.17477]]]},"properties":{"region":"Lagunes","district":"Abidjan","floods_1m":0,"floods_2m":0,"floods_3m":1,"first_flood_m":3,"nests":true,"area_km2":2.504}},{"type":"Feature","geometry":{"type":"Polygon","coordinates":[[[-3.59277,5.21755],[-3.60703,5.21755],[-3.60703,5.23181],[-3.59277,5.23181],[-3.59277,5.21755]]]},"properties":{"region":"Lagunes","district":"Abidjan","floods_1m":1,"floods_2m":1,"floods_3m":1,"first_flood_m":1,"nests":true,"area_km2":2.504}},{"type":"Feature","geometry":{"type":"Polygon","coordinates":[[[-4.40548,5.23181],[-4.41974,5.23181],[-4.41974,5.24606],[-4.40548,5.24606],[-4.40548,5.23181]]]},"properties":{"region":"Lagunes","district":"Abidjan","floods_1m":1,"floods_2m":1,"floods_3m":1,"first_flood_m":1,"nests":true,"area_km2":2.502}},{"type":"Feature","geometry":{"type":"Polygon","coordinates":[[[-3.67832,5.21755],[-3.69258,5.21755],[-3.69258,5.23181],[-3.67832,5.23181],[-3.67832,5.21755]]]},"properties":{"region":"Lagunes","district":"Abidjan","floods_1m":1,"floods_2m":1,"floods_3m":1,"first_flood_m":1,"nests":true,"area_km2":2.504}},{"type":"Feature","geometry":{"type":"Polygon","coordinates":[[[-4.49103,5.20329],[-4.50529,5.20329],[-4.50529,5.21755],[-4.49103,5.21755],[-4.49103,5.20329]]]},"properties":{"region":"Lagunes","district":"Abidjan","floods_1m":0,"floods_2m":1,"floods_3m":1,"first_flood_m":2,"nests":true,"area_km2":2.504}},{"type":"Feature","geometry":{"type":"Polygon","coordinates":[[[-3.76387,5.24606],[-3.77813,5.24606],[-3.77813,5.24695],[-3.77813,5.26032],[-3.76387,5.26032],[-3.76387,5.24695],[-3.76387,5.24606]]]},"properties":{"region":"Lagunes","district":"Abidjan","floods_1m":1,"floods_2m":1,"floods_3m":1,"first_flood_m":1,"nests":true,"area_km2":2.504}},{"type":"Feature","geometry":{"type":"Polygon","coordinates":[[[-4.07755,5.28884],[-4.0918,5.28884],[-4.0918,5.3031],[-4.07755,5.3031],[-4.07755,5.28884]]]},"properties":{"region":"Lagunes","district":"Abidjan","floods_1m":1,"floods_2m":1,"floods_3m":1,"first_flood_m":1,"nests":true,"area_km2":2.502}},{"type":"Feature","geometry":{"type":"Polygon","coordinates":[[[-3.79239,5.37439],[-3.80664,5.37439],[-3.80664,5.38864],[-3.79239,5.38864],[-3.79239,5.37439]]]},"properties":{"region":"Lagunes","district":"Abidjan","floods_1m":1,"floods_2m":1,"floods_3m":1,"first_flood_m":1,"nests":true,"area_km2":2.5}},{"type":"Feature","geometry":{"type":"Polygon","coordinates":[[[-3.69258,5.3031],[-3.70684,5.3031],[-3.70684,5.31735],[-3.69258,5.31735],[-3.69258,5.3031]]]},"properties":{"region":"Lagunes","district":"Abidjan","floods_1m":0,"floods_2m":1,"floods_3m":1,"first_flood_m":2,"nests":true,"area_km2":2.502}},{"type":"Feature","geometry":{"type":"Polygon","coordinates":[[[-3.56426,5.18903],[-3.57852,5.18903],[-3.57852,5.20329],[-3.56426,5.20329],[-3.56426,5.18903]]]},"properties":{"region":"Lagunes","district":"Abidjan","floods_1m":1,"floods_2m":1,"floods_3m":1,"first_flood_m":1,"nests":true,"area_km2":2.504}},{"type":"Feature","geometry":{"type":"Polygon","coordinates":[[[-4.66212,5.33161],[-4.67638,5.33161],[-4.67638,5.34587],[-4.66212,5.34587],[-4.66212,5.33161]]]},"properties":{"region":"Lagunes","district":"Abidjan","floods_1m":0,"floods_2m":0,"floods_3m":1,"first_flood_m":3,"nests":true,"area_km2":2.503}},{"type":"Feature","geometry":{"type":"Polygon","coordinates":[[[-3.76387,5.28884],[-3.77813,5.28884],[-3.77813,5.3031],[-3.76387,5.3031],[-3.76387,5.28884]]]},"properties":{"region":"Lagunes","district":"Abidjan","floods_1m":0,"floods_2m":1,"floods_3m":1,"first_flood_m":2,"nests":true,"area_km2":2.504}},{"type":"Feature","geometry":{"type":"Polygon","coordinates":[[[-4.77619,5.17477],[-4.79045,5.17477],[-4.79045,5.18903],[-4.77619,5.18903],[-4.77619,5.17477]]]},"properties":{"region":"Lagunes","district":"Abidjan","floods_1m":1,"floods_2m":1,"floods_3m":1,"first_flood_m":1,"nests":true,"area_km2":2.504}},{"type":"Feature","geometry":{"type":"Polygon","coordinates":[[[-3.79239,5.36013],[-3.80664,5.36013],[-3.80664,5.37439],[-3.79239,5.37439],[-3.79239,5.36013]]]},"properties":{"region":"Lagunes","district":"Abidjan","floods_1m":1,"floods_2m":1,"floods_3m":1,"first_flood_m":1,"nests":true,"area_km2":2.501}},{"type":"Feature","geometry":{"type":"Polygon","coordinates":[[[-4.44825,5.23181],[-4.46251,5.23181],[-4.46251,5.24606],[-4.44825,5.24606],[-4.44825,5.23181]]]},"properties":{"region":"Lagunes","district":"Abidjan","floods_1m":1,"floods_2m":1,"floods_3m":1,"first_flood_m":1,"nests":true,"area_km2":2.502}},{"type":"Feature","geometry":{"type":"Polygon","coordinates":[[[-3.83516,5.4029],[-3.84942,5.4029],[-3.84942,5.41716],[-3.83516,5.41716],[-3.83516,5.4029]]]},"properties":{"region":"Lagunes","district":"Abidjan","floods_1m":1,"floods_2m":1,"floods_3m":1,"first_flood_m":1,"nests":true,"area_km2":2.503}},{"type":"Feature","geometry":{"type":"Polygon","coordinates":[[[-4.73341,5.20329],[-4.74767,5.20329],[-4.74767,5.21755],[-4.73341,5.21755],[-4.73341,5.20329]]]},"properties":{"region":"Lagunes","district":"Abidjan","floods_1m":1,"floods_2m":1,"floods_3m":1,"first_flood_m":1,"nests":true,"area_km2":2.504}},{"type":"Feature","geometry":{"type":"Polygon","coordinates":[[[-4.49103,5.26032],[-4.50529,5.26032],[-4.50529,5.27458],[-4.49103,5.27458],[-4.49103,5.26032]]]},"properties":{"region":"Lagunes","district":"Abidjan","floods_1m":1,"floods_2m":1,"floods_3m":1,"first_flood_m":1,"nests":true,"area_km2":2.504}},{"type":"Feature","geometry":{"type":"Polygon","coordinates":[[[-3.84942,5.38864],[-3.86368,5.38864],[-3.86368,5.4029],[-3.84942,5.4029],[-3.84942,5.38864]]]},"properties":{"region":"Lagunes","district":"Abidjan","floods_1m":1,"floods_2m":1,"floods_3m":1,"first_flood_m":1,"nests":true,"area_km2":2.503}},{"type":"Feature","geometry":{"type":"Polygon","coordinates":[[[-4.74767,5.21755],[-4.76193,5.21755],[-4.76193,5.23181],[-4.74767,5.23181],[-4.74767,5.21755]]]},"properties":{"region":"Lagunes","district":"Abidjan","floods_1m":1,"floods_2m":1,"floods_3m":1,"first_flood_m":1,"nests":true,"area_km2":2.504}},{"type":"Feature","geometry":{"type":"Polygon","coordinates":[[[-4.57658,5.20329],[-4.59083,5.20329],[-4.59083,5.21755],[-4.57658,5.21755],[-4.57658,5.20329]]]},"properties":{"region":"Lagunes","district":"Abidjan","floods_1m":1,"floods_2m":1,"floods_3m":1,"first_flood_m":1,"nests":true,"area_km2":2.502}},{"type":"Feature","geometry":{"type":"Polygon","coordinates":[[[-4.2629,5.21597],[-4.26375,5.21597],[-4.26375,5.21542],[-4.26764,5.21542],[-4.26764,5.21514],[-4.27181,5.21514],[-4.27181,5.21486],[-4.27319,5.21486],[-4.27319,5.21458],[-4.27653,5.21458],[-4.27653,5.21431],[-4.27716,5.21431],[-4.27716,5.21755],[-4.2629,5.21755],[-4.2629,5.21597]]]},"properties":{"region":"Lagunes","district":"Abidjan","floods_1m":1,"floods_2m":1,"floods_3m":1,"first_flood_m":1,"nests":true,"area_km2":0.435}},{"type":"Feature","geometry":{"type":"Polygon","coordinates":[[[-3.74961,5.3031],[-3.76387,5.3031],[-3.76387,5.31735],[-3.74961,5.31735],[-3.74961,5.3031]]]},"properties":{"region":"Lagunes","district":"Abidjan","floods_1m":1,"floods_2m":1,"floods_3m":1,"first_flood_m":1,"nests":true,"area_km2":2.502}},{"type":"Feature","geometry":{"type":"Polygon","coordinates":[[[-4.30567,5.28884],[-4.31993,5.28884],[-4.31993,5.3031],[-4.30567,5.3031],[-4.30567,5.28884]]]},"properties":{"region":"Lagunes","district":"Abidjan","floods_1m":1,"floods_2m":1,"floods_3m":1,"first_flood_m":1,"nests":true,"area_km2":2.504}},{"type":"Feature","geometry":{"type":"Polygon","coordinates":[[[-4.00626,5.27458],[-4.02051,5.27458],[-4.02051,5.28884],[-4.00626,5.28884],[-4.00626,5.27458]]]},"properties":{"region":"Lagunes","district":"Abidjan","floods_1m":1,"floods_2m":1,"floods_3m":1,"first_flood_m":1,"nests":true,"area_km2":2.502}},{"type":"Feature","geometry":{"type":"Polygon","coordinates":[[[-3.77813,5.36013],[-3.79239,5.36013],[-3.79239,5.37439],[-3.77813,5.37439],[-3.77813,5.36013]]]},"properties":{"region":"Lagunes","district":"Abidjan","floods_1m":1,"floods_2m":1,"floods_3m":1,"first_flood_m":1,"nests":true,"area_km2":2.503}},{"type":"Feature","geometry":{"type":"Polygon","coordinates":[[[-3.62129,5.23181],[-3.63555,5.23181],[-3.63555,5.24606],[-3.62129,5.24606],[-3.62129,5.23181]]]},"properties":{"region":"Lagunes","district":"Abidjan","floods_1m":1,"floods_2m":1,"floods_3m":1,"first_flood_m":1,"nests":true,"area_km2":2.502}},{"type":"Feature","geometry":{"type":"Polygon","coordinates":[[[-3.992,5.31735],[-4.00626,5.31735],[-4.00626,5.33161],[-3.992,5.33161],[-3.992,5.31735]]]},"properties":{"region":"Lagunes","district":"Abidjan","floods_1m":1,"floods_2m":1,"floods_3m":1,"first_flood_m":1,"nests":true,"area_km2":2.503}},{"type":"Feature","geometry":{"type":"Polygon","coordinates":[[[-3.7211,5.19125],[-3.72236,5.19125],[-3.72236,5.19153],[-3.72458,5.19153],[-3.72458,5.19181],[-3.72569,5.19181],[-3.72569,5.19208],[-3.72708,5.19208],[-3.72708,5.19236],[-3.72819,5.19236],[-3.72819,5.19264],[-3.72931,5.19264],[-3.72931,5.19292],[-3.73153,5.19292],[-3.73153,5.19319],[-3.73264,5.19319],[-3.73264,5.19347],[-3.73347,5.19347],[-3.73347,5.19375],[-3.73431,5.19375],[-3.73431,5.19403],[-3.73535,5.19403],[-3.73535,5.20329],[-3.7211,5.20329],[-3.7211,5.19125]]]},"properties":{"region":"Lagunes","district":"Abidjan","floods_1m":1,"floods_2m":1,"floods_3m":1,"first_flood_m":1,"nests":true,"area_km2":1.892}},{"type":"Feature","geometry":{"type":"Polygon","coordinates":[[[-3.55,5.24606],[-3.56426,5.24606],[-3.56426,5.24695],[-3.56426,5.26032],[-3.55,5.26032],[-3.55,5.24695],[-3.55,5.24606]]]},"properties":{"region":"Lagunes","district":"Abidjan","floods_1m":0,"floods_2m":1,"floods_3m":1,"first_flood_m":2,"nests":true,"area_km2":2.504}},{"type":"Feature","geometry":{"type":"Polygon","coordinates":[[[-3.97774,5.31735],[-3.992,5.31735],[-3.992,5.33161],[-3.97774,5.33161],[-3.97774,5.31735]]]},"properties":{"region":"Lagunes","district":"Abidjan","floods_1m":1,"floods_2m":1,"floods_3m":1,"first_flood_m":1,"nests":true,"area_km2":2.503}},{"type":"Feature","geometry":{"type":"Polygon","coordinates":[[[-4.54806,5.26032],[-4.56232,5.26032],[-4.56232,5.27458],[-4.54806,5.27458],[-4.54806,5.26032]]]},"properties":{"region":"Lagunes","district":"Abidjan","floods_1m":1,"floods_2m":1,"floods_3m":1,"first_flood_m":1,"nests":true,"area_km2":2.504}},{"type":"Feature","geometry":{"type":"Polygon","coordinates":[[[-4.23438,5.3031],[-4.24864,5.3031],[-4.24864,5.31735],[-4.23438,5.31735],[-4.23438,5.3031]]]},"properties":{"region":"Lagunes","district":"Abidjan","floods_1m":0,"floods_2m":1,"floods_3m":1,"first_flood_m":2,"nests":true,"area_km2":2.502}},{"type":"Feature","geometry":{"type":"Polygon","coordinates":[[[-4.434,5.21755],[-4.44825,5.21755],[-4.44825,5.23181],[-4.434,5.23181],[-4.434,5.21755]]]},"properties":{"region":"Lagunes","district":"Abidjan","floods_1m":1,"floods_2m":1,"floods_3m":1,"first_flood_m":1,"nests":true,"area_km2":2.502}},{"type":"Feature","geometry":{"type":"Polygon","coordinates":[[[-4.03477,5.36013],[-4.04903,5.36013],[-4.04903,5.37439],[-4.03477,5.37439],[-4.03477,5.36013]]]},"properties":{"region":"Lagunes","district":"Abidjan","floods_1m":0,"floods_2m":1,"floods_3m":1,"first_flood_m":2,"nests":true,"area_km2":2.503}},{"type":"Feature","geometry":{"type":"Polygon","coordinates":[[[-3.73535,5.37439],[-3.74961,5.37439],[-3.74961,5.38864],[-3.73535,5.38864],[-3.73535,5.37439]]]},"properties":{"region":"Lagunes","district":"Abidjan","floods_1m":0,"floods_2m":0,"floods_3m":1,"first_flood_m":3,"nests":true,"area_km2":2.501}},{"type":"Feature","geometry":{"type":"Polygon","coordinates":[[[-4.17735,5.22597],[-4.17958,5.22597],[-4.17958,5.2257],[-4.18042,5.2257],[-4.18042,5.22542],[-4.18153,5.22542],[-4.18153,5.22514],[-4.18458,5.22514],[-4.18458,5.22486],[-4.18764,5.22486],[-4.18764,5.22458],[-4.18903,5.22458],[-4.18903,5.22431],[-4.19014,5.22431],[-4.19014,5.22403],[-4.19042,5.22403],[-4.19042,5.22431],[-4.19161,5.22431],[-4.19161,5.23181],[-4.17735,5.23181],[-4.17735,5.22597]]]},"properties":{"region":"Lagunes","district":"Abidjan","floods_1m":1,"floods_2m":1,"floods_3m":1,"first_flood_m":1,"nests":true,"area_km2":1.186}},{"type":"Feature","geometry":{"type":"Polygon","coordinates":[[[-4.41974,5.28884],[-4.434,5.28884],[-4.434,5.3031],[-4.41974,5.3031],[-4.41974,5.28884]]]},"properties":{"region":"Lagunes","district":"Abidjan","floods_1m":1,"floods_2m":1,"floods_3m":1,"first_flood_m":1,"nests":true,"area_km2":2.504}},{"type":"Feature","geometry":{"type":"Polygon","coordinates":[[[-4.24864,5.31735],[-4.2629,5.31735],[-4.2629,5.33161],[-4.24864,5.33161],[-4.24864,5.31735]]]},"properties":{"region":"Lagunes","district":"Abidjan","floods_1m":0,"floods_2m":0,"floods_3m":1,"first_flood_m":3,"nests":true,"area_km2":2.503}},{"type":"Feature","geometry":{"type":"Polygon","coordinates":[[[-4.24864,5.21736],[-4.24958,5.21736],[-4.24958,5.21708],[-4.25153,5.21708],[-4.25153,5.21681],[-4.25347,5.21681],[-4.25347,5.21653],[-4.25764,5.21653],[-4.25764,5.21625],[-4.26153,5.21625],[-4.26153,5.21597],[-4.2629,5.21597],[-4.2629,5.21755],[-4.24864,5.21755],[-4.24864,5.21736]]]},"properties":{"region":"Lagunes","district":"Abidjan","floods_1m":1,"floods_2m":1,"floods_3m":1,"first_flood_m":1,"nests":true,"area_km2":0.172}},{"type":"Feature","geometry":{"type":"Polygon","coordinates":[[[-3.62129,5.20329],[-3.63555,5.20329],[-3.63555,5.21755],[-3.62129,5.21755],[-3.62129,5.20329]]]},"properties":{"region":"Lagunes","district":"Abidjan","floods_1m":1,"floods_2m":1,"floods_3m":1,"first_flood_m":1,"nests":true,"area_km2":2.504}},{"type":"Feature","geometry":{"type":"Polygon","coordinates":[[[-4.59083,5.26032],[-4.60509,5.26032],[-4.60509,5.27458],[-4.59083,5.27458],[-4.59083,5.26032]]]},"properties":{"region":"Lagunes","district":"Abidjan","floods_1m":1,"floods_2m":1,"floods_3m":1,"first_flood_m":1,"nests":true,"area_km2":2.504}},{"type":"Feature","geometry":{"type":"Polygon","coordinates":[[[-3.86368,5.23181],[-3.86958,5.23181],[-3.86958,5.23208],[-3.87042,5.23208],[-3.87042,5.23236],[-3.87153,5.23236],[-3.87153,5.23264],[-3.87264,5.23264],[-3.87264,5.23292],[-3.87347,5.23292],[-3.87347,5.23319],[-3.87458,5.23319],[-3.87458,5.23347],[-3.87542,5.23347],[-3.87542,5.23375],[-3.87653,5.23375],[-3.87653,5.23403],[-3.87736,5.23403],[-3.87736,5.2343],[-3.87793,5.2343],[-3.87793,5.24606],[-3.86368,5.24606],[-3.86368,5.23181]]]},"properties":{"region":"Lagunes","district":"Abidjan","floods_1m":1,"floods_2m":1,"floods_3m":1,"first_flood_m":1,"nests":true,"area_km2":2.365}},{"type":"Feature","geometry":{"type":"Polygon","coordinates":[[[-4.20587,5.3031],[-4.22013,5.3031],[-4.22013,5.31735],[-4.20587,5.31735],[-4.20587,5.3031]]]},"properties":{"region":"Lagunes","district":"Abidjan","floods_1m":1,"floods_2m":1,"floods_3m":1,"first_flood_m":1,"nests":true,"area_km2":2.502}},{"type":"Feature","geometry":{"type":"Polygon","coordinates":[[[-4.64787,5.33161],[-4.66212,5.33161],[-4.66212,5.34587],[-4.64787,5.34587],[-4.64787,5.33161]]]},"properties":{"region":"Lagunes","district":"Abidjan","floods_1m":1,"floods_2m":1,"floods_3m":1,"first_flood_m":1,"nests":true,"area_km2":2.502}},{"type":"Feature","geometry":{"type":"Polygon","coordinates":[[[-4.74767,5.17477],[-4.76193,5.17477],[-4.76193,5.18903],[-4.74767,5.18903],[-4.74767,5.17477]]]},"properties":{"region":"Lagunes","district":"Abidjan","floods_1m":1,"floods_2m":1,"floods_3m":1,"first_flood_m":1,"nests":true,"area_km2":2.504}},{"type":"Feature","geometry":{"type":"Polygon","coordinates":[[[-3.50723,5.18874],[-3.50984,5.18749],[-3.51599,5.18495],[-3.51946,5.1834],[-3.52149,5.18236],[-3.52149,5.18903],[-3.50723,5.18903],[-3.50723,5.18874]]]},"properties":{"region":"Lagunes","district":"Abidjan","floods_1m":1,"floods_2m":1,"floods_3m":1,"first_flood_m":1,"nests":true,"area_km2":0.603}},{"type":"Feature","geometry":{"type":"Polygon","coordinates":[[[-4.27716,5.26032],[-4.29142,5.26032],[-4.29142,5.27458],[-4.27716,5.27458],[-4.27716,5.26032]]]},"properties":{"region":"Lagunes","district":"Abidjan","floods_1m":1,"floods_2m":1,"floods_3m":1,"first_flood_m":1,"nests":true,"area_km2":2.504}},{"type":"Feature","geometry":{"type":"Polygon","coordinates":[[[-4.7049,5.17477],[-4.71916,5.17477],[-4.71916,5.18903],[-4.7049,5.18903],[-4.7049,5.17477]]]},"properties":{"region":"Lagunes","district":"Abidjan","floods_1m":1,"floods_2m":1,"floods_3m":1,"first_flood_m":1,"nests":true,"area_km2":2.504}},{"type":"Feature","geometry":{"type":"Polygon","coordinates":[[[-3.57852,5.34587],[-3.59277,5.34587],[-3.59277,5.36013],[-3.57852,5.36013],[-3.57852,5.34587]]]},"properties":{"region":"Lagunes","district":"Abidjan","floods_1m":1,"floods_2m":1,"floods_3m":1,"first_flood_m":1,"nests":true,"area_km2":2.502}},{"type":"Feature","geometry":{"type":"Polygon","coordinates":[[[-4.41974,5.23181],[-4.434,5.23181],[-4.434,5.24606],[-4.41974,5.24606],[-4.41974,5.23181]]]},"properties":{"region":"Lagunes","district":"Abidjan","floods_1m":1,"floods_2m":1,"floods_3m":1,"first_flood_m":1,"nests":true,"area_km2":2.502}},{"type":"Feature","geometry":{"type":"Polygon","coordinates":[[[-3.73535,5.28884],[-3.74961,5.28884],[-3.74961,5.3031],[-3.73535,5.3031],[-3.73535,5.28884]]]},"properties":{"region":"Lagunes","district":"Abidjan","floods_1m":1,"floods_2m":1,"floods_3m":1,"first_flood_m":1,"nests":true,"area_km2":2.504}},{"type":"Feature","geometry":{"type":"Polygon","coordinates":[[[-4.7049,5.26032],[-4.71916,5.26032],[-4.71916,5.27458],[-4.7049,5.27458],[-4.7049,5.26032]]]},"properties":{"region":"Lagunes","district":"Abidjan","floods_1m":1,"floods_2m":1,"floods_3m":1,"first_flood_m":1,"nests":true,"area_km2":2.504}},{"type":"Feature","geometry":{"type":"Polygon","coordinates":[[[-3.63555,5.20329],[-3.64981,5.20329],[-3.64981,5.21755],[-3.63555,5.21755],[-3.63555,5.20329]]]},"properties":{"region":"Lagunes","district":"Abidjan","floods_1m":0,"floods_2m":1,"floods_3m":1,"first_flood_m":2,"nests":true,"area_km2":2.504}},{"type":"Feature","geometry":{"type":"Polygon","coordinates":[[[-3.76387,5.36013],[-3.77813,5.36013],[-3.77813,5.37439],[-3.76387,5.37439],[-3.76387,5.36013]]]},"properties":{"region":"Lagunes","district":"Abidjan","floods_1m":1,"floods_2m":1,"floods_3m":1,"first_flood_m":1,"nests":true,"area_km2":2.503}},{"type":"Feature","geometry":{"type":"Polygon","coordinates":[[[-4.69064,5.16597],[-4.69097,5.16597],[-4.69097,5.16569],[-4.69347,5.16569],[-4.69347,5.16542],[-4.69514,5.16542],[-4.69514,5.16514],[-4.69653,5.16514],[-4.69653,5.16486],[-4.69708,5.16486],[-4.69708,5.16458],[-4.69819,5.16458],[-4.69819,5.16431],[-4.69903,5.16431],[-4.69903,5.16403],[-4.69958,5.16403],[-4.69958,5.16431],[-4.70042,5.16431],[-4.70042,5.16403],[-4.70069,5.16403],[-4.70069,5.16375],[-4.70097,5.16375],[-4.70097,5.16347],[-4.70292,5.16347],[-4.70292,5.16319],[-4.7049,5.16319],[-4.7049,5.17477],[-4.69064,5.17477],[-4.69064,5.16597]]]},"properties":{"region":"Lagunes","district":"Abidjan","floods_1m":1,"floods_2m":1,"floods_3m":1,"first_flood_m":1,"nests":true,"area_km2":1.795}},{"type":"Feature","geometry":{"type":"Polygon","coordinates":[[[-3.8209,5.36013],[-3.83516,5.36013],[-3.83516,5.37439],[-3.8209,5.37439],[-3.8209,5.36013]]]},"properties":{"region":"Lagunes","district":"Abidjan","floods_1m":1,"floods_2m":1,"floods_3m":1,"first_flood_m":1,"nests":true,"area_km2":2.503}},{"type":"Feature","geometry":{"type":"Polygon","coordinates":[[[-4.51954,5.19014],[-4.51958,5.19014],[-4.51958,5.18986],[-4.5207,5.18986],[-4.5207,5.18958],[-4.52403,5.18958],[-4.52403,5.18986],[-4.52458,5.18986],[-4.52458,5.18958],[-4.5268,5.18958],[-4.5268,5.18931],[-4.52708,5.18931],[-4.52708,5.18903],[-4.52736,5.18903],[-4.52736,5.18931],[-4.52764,5.18931],[-4.52764,5.18903],[-4.5338,5.18903],[-4.5338,5.20329],[-4.51954,5.20329],[-4.51954,5.19014]]]},"properties":{"region":"Lagunes","district":"Abidjan","floods_1m":1,"floods_2m":1,"floods_3m":1,"first_flood_m":1,"nests":true,"area_km2":2.447}},{"type":"Feature","geometry":{"type":"Polygon","coordinates":[[[-4.39122,5.3031],[-4.40548,5.3031],[-4.40548,5.31735],[-4.39122,5.31735],[-4.39122,5.3031]]]},"properties":{"region":"Lagunes","district":"Abidjan","floods_1m":1,"floods_2m":1,"floods_3m":1,"first_flood_m":1,"nests":true,"area_km2":2.502}},{"type":"Feature","geometry":{"type":"Polygon","coordinates":[[[-4.7049,5.23181],[-4.71916,5.23181],[-4.71916,5.24606],[-4.7049,5.24606],[-4.7049,5.23181]]]},"properties":{"region":"Lagunes","district":"Abidjan","floods_1m":1,"floods_2m":1,"floods_3m":1,"first_flood_m":1,"nests":true,"area_km2":2.502}},{"type":"Feature","geometry":{"type":"Polygon","coordinates":[[[-3.89219,5.41716],[-3.90645,5.41716],[-3.90645,5.43142],[-3.89219,5.43142],[-3.89219,5.41716]]]},"properties":{"region":"Lagunes","district":"Abidjan","floods_1m":1,"floods_2m":1,"floods_3m":1,"first_flood_m":1,"nests":true,"area_km2":2.503}},{"type":"Feature","geometry":{"type":"Polygon","coordinates":[[[-4.63361,5.17569],[-4.63597,5.17569],[-4.63597,5.17597],[-4.63625,5.17597],[-4.63625,5.17569],[-4.63681,5.17569],[-4.63681,5.17542],[-4.63903,5.17542],[-4.63903,5.17514],[-4.63958,5.17514],[-4.63958,5.17486],[-4.64153,5.17486],[-4.64153,5.17477],[-4.64787,5.17477],[-4.64787,5.18903],[-4.63361,5.18903],[-4.63361,5.17569]]]},"properties":{"region":"Lagunes","district":"Abidjan","floods_1m":1,"floods_2m":1,"floods_3m":1,"first_flood_m":1,"nests":true,"area_km2":2.444}},{"type":"Feature","geometry":{"type":"Polygon","coordinates":[[[-4.24864,5.26032],[-4.2629,5.26032],[-4.2629,5.27458],[-4.24864,5.27458],[-4.24864,5.26032]]]},"properties":{"region":"Lagunes","district":"Abidjan","floods_1m":1,"floods_2m":1,"floods_3m":1,"first_flood_m":1,"nests":true,"area_km2":2.504}},{"type":"Feature","geometry":{"type":"Polygon","coordinates":[[[-3.67832,5.23181],[-3.69258,5.23181],[-3.69258,5.24606],[-3.67832,5.24606],[-3.67832,5.23181]]]},"properties":{"region":"Lagunes","district":"Abidjan","floods_1m":1,"floods_2m":1,"floods_3m":1,"first_flood_m":1,"nests":true,"area_km2":2.502}},{"type":"Feature","geometry":{"type":"Polygon","coordinates":[[[-3.67832,5.34587],[-3.69258,5.34587],[-3.69258,5.36013],[-3.67832,5.36013],[-3.67832,5.34587]]]},"properties":{"region":"Lagunes","district":"Abidjan","floods_1m":1,"floods_2m":1,"floods_3m":1,"first_flood_m":1,"nests":true,"area_km2":2.503}},{"type":"Feature","geometry":{"type":"Polygon","coordinates":[[[-3.84942,5.37439],[-3.86368,5.37439],[-3.86368,5.38864],[-3.84942,5.38864],[-3.84942,5.37439]]]},"properties":{"region":"Lagunes","district":"Abidjan","floods_1m":1,"floods_2m":1,"floods_3m":1,"first_flood_m":1,"nests":true,"area_km2":2.501}},{"type":"Feature","geometry":{"type":"Polygon","coordinates":[[[-3.76387,5.33161],[-3.77813,5.33161],[-3.77813,5.34587],[-3.76387,5.34587],[-3.76387,5.33161]]]},"properties":{"region":"Lagunes","district":"Abidjan","floods_1m":1,"floods_2m":1,"floods_3m":1,"first_flood_m":1,"nests":true,"area_km2":2.503}},{"type":"Feature","geometry":{"type":"Polygon","coordinates":[[[-3.7211,5.24606],[-3.73535,5.24606],[-3.73535,5.24695],[-3.73535,5.26032],[-3.7211,5.26032],[-3.7211,5.24695],[-3.7211,5.24606]]]},"properties":{"region":"Lagunes","district":"Abidjan","floods_1m":1,"floods_2m":1,"floods_3m":1,"first_flood_m":1,"nests":true,"area_km2":2.502}},{"type":"Feature","geometry":{"type":"Polygon","coordinates":[[[-4.33419,5.31735],[-4.34845,5.31735],[-4.34845,5.33161],[-4.33419,5.33161],[-4.33419,5.31735]]]},"properties":{"region":"Lagunes","district":"Abidjan","floods_1m":1,"floods_2m":1,"floods_3m":1,"first_flood_m":1,"nests":true,"area_km2":2.503}},{"type":"Feature","geometry":{"type":"Polygon","coordinates":[[[-4.03477,5.33161],[-4.04903,5.33161],[-4.04903,5.34587],[-4.03477,5.34587],[-4.03477,5.33161]]]},"properties":{"region":"Lagunes","district":"Abidjan","floods_1m":1,"floods_2m":1,"floods_3m":1,"first_flood_m":1,"nests":true,"area_km2":2.503}},{"type":"Feature","geometry":{"type":"Polygon","coordinates":[[[-4.19161,5.28884],[-4.20587,5.28884],[-4.20587,5.3031],[-4.19161,5.3031],[-4.19161,5.28884]]]},"properties":{"region":"Lagunes","district":"Abidjan","floods_1m":1,"floods_2m":1,"floods_3m":1,"first_flood_m":1,"nests":true,"area_km2":2.504}},{"type":"Feature","geometry":{"type":"Polygon","coordinates":[[[-4.36271,5.3031],[-4.37696,5.3031],[-4.37696,5.31735],[-4.36271,5.31735],[-4.36271,5.3031]]]},"properties":{"region":"Lagunes","district":"Abidjan","floods_1m":1,"floods_2m":1,"floods_3m":1,"first_flood_m":1,"nests":true,"area_km2":2.5}},{"type":"Feature","geometry":{"type":"Polygon","coordinates":[[[-4.34845,5.26032],[-4.36271,5.26032],[-4.36271,5.27458],[-4.34845,5.27458],[-4.34845,5.26032]]]},"properties":{"region":"Lagunes","district":"Abidjan","floods_1m":1,"floods_2m":1,"floods_3m":1,"first_flood_m":1,"nests":true,"area_km2":2.504}},{"type":"Feature","geometry":{"type":"Polygon","coordinates":[[[-3.62129,5.31735],[-3.63555,5.31735],[-3.63555,5.33161],[-3.62129,5.33161],[-3.62129,5.31735]]]},"properties":{"region":"Lagunes","district":"Abidjan","floods_1m":1,"floods_2m":1,"floods_3m":1,"first_flood_m":1,"nests":true,"area_km2":2.503}},{"type":"Feature","geometry":{"type":"Polygon","coordinates":[[[-4.47677,5.27458],[-4.49103,5.27458],[-4.49103,5.28884],[-4.47677,5.28884],[-4.47677,5.27458]]]},"properties":{"region":"Lagunes","district":"Abidjan","floods_1m":1,"floods_2m":1,"floods_3m":1,"first_flood_m":1,"nests":true,"area_km2":2.504}},{"type":"Feature","geometry":{"type":"Polygon","coordinates":[[[-4.56232,5.18486],[-4.56681,5.18486],[-4.56681,5.18458],[-4.56847,5.18458],[-4.56847,5.18431],[-4.56903,5.18431],[-4.56903,5.18458],[-4.57014,5.18458],[-4.57014,5.18431],[-4.57125,5.18431],[-4.57125,5.18403],[-4.57208,5.18403],[-4.57208,5.18375],[-4.57403,5.18375],[-4.57403,5.18403],[-4.57431,5.18403],[-4.57431,5.18375],[-4.57458,5.18375],[-4.57458,5.18403],[-4.57486,5.18403],[-4.57486,5.18347],[-4.57625,5.18347],[-4.57625,5.1832],[-4.57658,5.1832],[-4.57658,5.18903],[-4.56232,5.18903],[-4.56232,5.18486]]]},"properties":{"region":"Lagunes","district":"Abidjan","floods_1m":1,"floods_2m":1,"floods_3m":1,"first_flood_m":1,"nests":true,"area_km2":0.828}},{"type":"Feature","geometry":{"type":"Polygon","coordinates":[[[-4.17735,5.24606],[-4.19161,5.24606],[-4.19161,5.24695],[-4.19161,5.26032],[-4.17735,5.26032],[-4.17735,5.24695],[-4.17735,5.24606]]]},"properties":{"region":"Lagunes","district":"Abidjan","floods_1m":0,"floods_2m":0,"floods_3m":1,"first_flood_m":3,"nests":true,"area_km2":2.504}},{"type":"Feature","geometry":{"type":"Polygon","coordinates":[[[-3.55,5.21755],[-3.56426,5.21755],[-3.56426,5.23181],[-3.55,5.23181],[-3.55,5.21755]]]},"properties":{"region":"Lagunes","district":"Abidjan","floods_1m":0,"floods_2m":1,"floods_3m":1,"first_flood_m":2,"nests":true,"area_km2":2.504}},{"type":"Feature","geometry":{"type":"Polygon","coordinates":[[[-4.14884,5.23181],[-4.16309,5.23181],[-4.16309,5.24606],[-4.14884,5.24606],[-4.14884,5.23181]]]},"properties":{"region":"Lagunes","district":"Abidjan","floods_1m":0,"floods_2m":0,"floods_3m":1,"first_flood_m":3,"nests":true,"area_km2":2.5}},{"type":"Feature","geometry":{"type":"Polygon","coordinates":[[[-4.2629,5.4029],[-4.27716,5.4029],[-4.27716,5.41716],[-4.2629,5.41716],[-4.2629,5.4029]]]},"properties":{"region":"Lagunes","district":"Abidjan","floods_1m":0,"floods_2m":1,"floods_3m":1,"first_flood_m":2,"nests":true,"area_km2":2.503}},{"type":"Feature","geometry":{"type":"Polygon","coordinates":[[[-4.37696,5.3031],[-4.39122,5.3031],[-4.39122,5.31735],[-4.37696,5.31735],[-4.37696,5.3031]]]},"properties":{"region":"Lagunes","district":"Abidjan","floods_1m":1,"floods_2m":1,"floods_3m":1,"first_flood_m":1,"nests":true,"area_km2":2.502}},{"type":"Feature","geometry":{"type":"Polygon","coordinates":[[[-3.67832,5.20329],[-3.69258,5.20329],[-3.69258,5.21755],[-3.67832,5.21755],[-3.67832,5.20329]]]},"properties":{"region":"Lagunes","district":"Abidjan","floods_1m":1,"floods_2m":1,"floods_3m":1,"first_flood_m":1,"nests":true,"area_km2":2.504}},{"type":"Feature","geometry":{"type":"Polygon","coordinates":[[[-4.73341,5.15847],[-4.73347,5.15847],[-4.73347,5.15819],[-4.73514,5.15819],[-4.73514,5.15792],[-4.73597,5.15792],[-4.73597,5.15764],[-4.73764,5.15764],[-4.73764,5.15736],[-4.73875,5.15736],[-4.73875,5.15708],[-4.74069,5.15708],[-4.74069,5.15681],[-4.74514,5.15681],[-4.74514,5.15653],[-4.74542,5.15653],[-4.74542,5.15625],[-4.74625,5.15625],[-4.74625,5.15597],[-4.74708,5.15597],[-4.74708,5.1557],[-4.74767,5.1557],[-4.74767,5.16052],[-4.73341,5.16052],[-4.73341,5.15847]]]},"properties":{"region":"Lagunes","district":"Abidjan","floods_1m":1,"floods_2m":1,"floods_3m":1,"first_flood_m":1,"nests":true,"area_km2":0.603}},{"type":"Feature","geometry":{"type":"Polygon","coordinates":[[[-4.30567,5.34587],[-4.31993,5.34587],[-4.31993,5.36013],[-4.30567,5.36013],[-4.30567,5.34587]]]},"properties":{"region":"Lagunes","district":"Abidjan","floods_1m":1,"floods_2m":1,"floods_3m":1,"first_flood_m":1,"nests":true,"area_km2":2.503}},{"type":"Feature","geometry":{"type":"Polygon","coordinates":[[[-4.12032,5.23347],[-4.12042,5.23347],[-4.12042,5.23319],[-4.12292,5.23319],[-4.12292,5.23292],[-4.12403,5.23292],[-4.12403,5.23264],[-4.12542,5.23264],[-4.12542,5.23236],[-4.12736,5.23236],[-4.12736,5.23208],[-4.12819,5.23208],[-4.12819,5.23181],[-4.13458,5.23181],[-4.13458,5.24606],[-4.12032,5.24606],[-4.12032,5.23347]]]},"properties":{"region":"Lagunes","district":"Abidjan","floods_1m":1,"floods_2m":1,"floods_3m":1,"first_flood_m":1,"nests":true,"area_km2":2.412}},{"type":"Feature","geometry":{"type":"Polygon","coordinates":[[[-4.61935,5.18903],[-4.63361,5.18903],[-4.63361,5.20329],[-4.61935,5.20329],[-4.61935,5.18903]]]},"properties":{"region":"Lagunes","district":"Abidjan","floods_1m":0,"floods_2m":0,"floods_3m":1,"first_flood_m":3,"nests":true,"area_km2":2.504}},{"type":"Feature","geometry":{"type":"Polygon","coordinates":[[[-5.34651,5.24606],[-5.36077,5.24606],[-5.36077,5.24695],[-5.36077,5.26032],[-5.34651,5.26032],[-5.34651,5.24695],[-5.34651,5.24606]]]},"properties":{"region":"Sud-Bandama","district":"Divo","floods_1m":0,"floods_2m":0,"floods_3m":1,"first_flood_m":3,"nests":true,"area_km2":2.504}},{"type":"Feature","geometry":{"type":"Polygon","coordinates":[[[-5.66018,5.06486],[-5.6607,5.06486],[-5.6607,5.06458],[-5.66097,5.06458],[-5.66097,5.06486],[-5.66153,5.06486],[-5.66153,5.06458],[-5.66486,5.06458],[-5.66486,5.06431],[-5.66542,5.06431],[-5.66542,5.06403],[-5.66597,5.06403],[-5.66597,5.06375],[-5.66653,5.06375],[-5.66653,5.06403],[-5.66958,5.06403],[-5.66958,5.06375],[-5.67042,5.06375],[-5.67042,5.06347],[-5.67181,5.06347],[-5.67181,5.0632],[-5.67236,5.0632],[-5.67236,5.06347],[-5.67375,5.06347],[-5.67375,5.0632],[-5.67444,5.0632],[-5.67444,5.07497],[-5.66018,5.07497],[-5.66018,5.06486]]]},"properties":{"region":"Sud-Bandama","district":"Divo","floods_1m":1,"floods_2m":1,"floods_3m":1,"first_flood_m":1,"nests":true,"area_km2":1.921}},{"type":"Feature","geometry":{"type":"Polygon","coordinates":[[[-5.47483,5.09347],[-5.47736,5.09347],[-5.47736,5.09319],[-5.47986,5.09319],[-5.47986,5.09292],[-5.48236,5.09292],[-5.48236,5.09264],[-5.4843,5.09264],[-5.4843,5.09236],[-5.48625,5.09236],[-5.48625,5.09292],[-5.48597,5.09292],[-5.48597,5.09347],[-5.48569,5.09347],[-5.48569,5.09403],[-5.48542,5.09403],[-5.48542,5.09431],[-5.48514,5.09431],[-5.48514,5.09486],[-5.48486,5.09486],[-5.48486,5.09625],[-5.48514,5.09625],[-5.48514,5.09653],[-5.48542,5.09653],[-5.48542,5.09708],[-5.48569,5.09708],[-5.48569,5.09764],[-5.48597,5.09764],[-5.48597,5.09847],[-5.48625,5.09847],[-5.48625,5.09875],[-5.48708,5.09875],[-5.48708,5.0982],[-5.4868,5.0982],[-5.4868,5.09792],[-5.48653,5.09792],[-5.48653,5.09708],[-5.48625,5.09708],[-5.48625,5.09653],[-5.48597,5.09653],[-5.48597,5.09597],[-5.48569,5.09597],[-5.48569,5.09542],[-5.48597,5.09542],[-5.48597,5.09486],[-5.48625,5.09486],[-5.48625,5.09458],[-5.48736,5.09458],[-5.48736,5.09431],[-5.48819,5.09431],[-5.48819,5.09375],[-5.48736,5.09375],[-5.48736,5.09347],[-5.48764,5.09347],[-5.48764,5.09319],[-5.48792,5.09319],[-5.48792,5.09292],[-5.48819,5.09292],[-5.48819,5.09236],[-5.48847,5.09236],[-5.48847,5.09208],[-5.48819,5.09208],[-5.48819,5.0918],[-5.48909,5.0918],[-5.48909,5.10348],[-5.47483,5.10348],[-5.47483,5.09347]]]},"properties":{"region":"Sud-Bandama","district":"Divo","floods_1m":1,"floods_2m":1,"floods_3m":1,"first_flood_m":1,"nests":true,"area_km2":1.771}},{"type":"Feature","geometry":{"type":"Polygon","coordinates":[[[-5.30373,5.23181],[-5.31799,5.23181],[-5.31799,5.24606],[-5.30373,5.24606],[-5.30373,5.23181]]]},"properties":{"region":"Sud-Bandama","district":"Divo","floods_1m":0,"floods_2m":1,"floods_3m":1,"first_flood_m":2,"nests":true,"area_km2":2.502}},{"type":"Feature","geometry":{"type":"Polygon","coordinates":[[[-5.77425,5.06071],[-5.77792,5.06071],[-5.77792,5.06125],[-5.77764,5.06125],[-5.77764,5.06181],[-5.77792,5.06181],[-5.77792,5.06264],[-5.77736,5.06264],[-5.77736,5.06458],[-5.77708,5.06458],[-5.77708,5.06653],[-5.77681,5.06653],[-5.77681,5.0668],[-5.77653,5.0668],[-5.77653,5.06708],[-5.77625,5.06708],[-5.77625,5.06736],[-5.77597,5.06736],[-5.77597,5.06764],[-5.77569,5.06764],[-5.77569,5.06792],[-5.77681,5.06792],[-5.77681,5.06819],[-5.77736,5.06819],[-5.77736,5.06847],[-5.77764,5.06847],[-5.77764,5.06875],[-5.77792,5.06875],[-5.77792,5.06903],[-5.77764,5.06903],[-5.77764,5.07125],[-5.77986,5.07125],[-5.77986,5.07097],[-5.78014,5.07097],[-5.78014,5.06819],[-5.77986,5.06819],[-5.77986,5.06347],[-5.78014,5.06347],[-5.78014,5.06292],[-5.78042,5.06292],[-5.78042,5.06236],[-5.78097,5.06236],[-5.78097,5.06208],[-5.78125,5.06208],[-5.78125,5.06181],[-5.78208,5.06181],[-5.78208,5.06153],[-5.78264,5.06153],[-5.78264,5.06181],[-5.7832,5.06181],[-5.7832,5.06208],[-5.78347,5.06208],[-5.78347,5.06264],[-5.78375,5.06264],[-5.78375,5.06292],[-5.78403,5.06292],[-5.78403,5.0632],[-5.78431,5.0632],[-5.78431,5.06403],[-5.78458,5.06403],[-5.78458,5.06431],[-5.78486,5.06431],[-5.78486,5.06458],[-5.78514,5.06458],[-5.78514,5.06514],[-5.78542,5.06514],[-5.78542,5.06542],[-5.7857,5.06542],[-5.7857,5.06597],[-5.78597,5.06597],[-5.78597,5.06625],[-5.78625,5.06625],[-5.78625,5.06653],[-5.78653,5.06653],[-5.78653,5.0668],[-5.78792,5.0668],[-5.78792,5.06653],[-5.78764,5.06653],[-5.78764,5.06625],[-5.78736,5.06625],[-5.78736,5.06569],[-5.78708,5.06569],[-5.78708,5.06542],[-5.78681,5.06542],[-5.78681,5.06514],[-5.78653,5.06514],[-5.78653,5.06486],[-5.78625,5.06486],[-5.78625,5.06458],[-5.78597,5.06458],[-5.78597,5.06375],[-5.7857,5.06375],[-5.7857,5.06347],[-5.78542,5.06347],[-5.78542,5.0632],[-5.78514,5.0632],[-5.78514,5.06292],[-5.78486,5.06292],[-5.78486,5.06264],[-5.78458,5.06264],[-5.78458,5.06208],[-5.78431,5.06208],[-5.78431,5.06181],[-5.78403,5.06181],[-5.78403,5.06153],[-5.78375,5.06153],[-5.78375,5.06071],[-5.7885,5.06071],[-5.7885,5.07497],[-5.77425,5.07497],[-5.77425,5.06071]]]},"properties":{"region":"Sud-Bandama","district":"Divo","floods_1m":1,"floods_2m":1,"floods_3m":1,"first_flood_m":1,"nests":true,"area_km2":2.017}},{"type":"Feature","geometry":{"type":"Polygon","coordinates":[[[-5.13264,5.20329],[-5.1469,5.20329],[-5.1469,5.21755],[-5.13264,5.21755],[-5.13264,5.20329]]]},"properties":{"region":"Sud-Bandama","district":"Divo","floods_1m":0,"floods_2m":0,"floods_3m":1,"first_flood_m":3,"nests":true,"area_km2":2.504}},{"type":"Feature","geometry":{"type":"Polygon","coordinates":[[[-5.40354,5.18903],[-5.40818,5.18903],[-5.4178,5.19454],[-5.4178,5.20329],[-5.40354,5.20329],[-5.40354,5.18903]]]},"properties":{"region":"Sud-Bandama","district":"Divo","floods_1m":0,"floods_2m":1,"floods_3m":1,"first_flood_m":2,"nests":true,"area_km2":2.178}},{"type":"Feature","geometry":{"type":"Polygon","coordinates":[[[-5.0692,5.28884],[-5.07561,5.28884],[-5.07561,5.3031],[-5.06905,5.3031],[-5.06919,5.28964],[-5.0692,5.28884]]]},"properties":{"region":"Sud-Bandama","district":"Divo","floods_1m":1,"floods_2m":1,"floods_3m":1,"first_flood_m":1,"nests":true,"area_km2":1.139}},{"type":"Feature","geometry":{"type":"Polygon","coordinates":[[[-5.08986,5.21755],[-5.10412,5.21755],[-5.10412,5.23181],[-5.08986,5.23181],[-5.08986,5.21755]]]},"properties":{"region":"Sud-Bandama","district":"Divo","floods_1m":1,"floods_2m":1,"floods_3m":1,"first_flood_m":1,"nests":true,"area_km2":2.504}},{"type":"Feature","geometry":{"type":"Polygon","coordinates":[[[-5.33225,5.14958],[-5.33546,5.14742],[-5.34651,5.15374],[-5.34651,5.16052],[-5.33225,5.16052],[-5.33225,5.14958]]]},"properties":{"region":"Sud-Bandama","district":"Divo","floods_1m":0,"floods_2m":0,"floods_3m":1,"first_flood_m":3,"nests":true,"area_km2":1.828}},{"type":"Feature","geometry":{"type":"MultiPolygon","coordinates":[[[[-5.79292,5.04645],[-5.79208,5.04645],[-5.79208,5.04625],[-5.79292,5.04625],[-5.79292,5.04645]]],[[[-5.80276,5.04458],[-5.80276,5.04645],[-5.79375,5.04645],[-5.79375,5.04625],[-5.79458,5.04625],[-5.79458,5.04597],[-5.79625,5.04597],[-5.79625,5.04569],[-5.79792,5.04569],[-5.79792,5.04542],[-5.79903,5.04542],[-5.79903,5.04514],[-5.79958,5.04514],[-5.79958,5.04542],[-5.79986,5.04542],[-5.79986,5.04514],[-5.80097,5.04514],[-5.80097,5.04486],[-5.80236,5.04486],[-5.80236,5.04458],[-5.80276,5.04458]]]]},"properties":{"region":"Sud-Bandama","district":"Divo","floods_1m":1,"floods_2m":1,"floods_3m":1,"first_flood_m":1,"nests":true,"area_km2":0.11}},{"type":"Feature","geometry":{"type":"Polygon","coordinates":[[[-5.50334,5.08986],[-5.50486,5.08986],[-5.50486,5.08958],[-5.50792,5.08958],[-5.50792,5.0893],[-5.51097,5.0893],[-5.51097,5.08923],[-5.5176,5.08923],[-5.5176,5.10348],[-5.50334,5.10348],[-5.50334,5.08986]]]},"properties":{"region":"Sud-Bandama","district":"Divo","floods_1m":1,"floods_2m":1,"floods_3m":1,"first_flood_m":1,"nests":true,"area_km2":2.475}},{"type":"Feature","geometry":{"type":"Polygon","coordinates":[[[-5.5176,5.08923],[-5.53186,5.08923],[-5.53186,5.10348],[-5.5176,5.10348],[-5.5176,5.08923]]]},"properties":{"region":"Sud-Bandama","district":"Divo","floods_1m":0,"floods_2m":0,"floods_3m":1,"first_flood_m":3,"nests":true,"area_km2":2.503}},{"type":"Feature","geometry":{"type":"Polygon","coordinates":[[[-5.84554,5.03625],[-5.84708,5.03625],[-5.84708,5.03597],[-5.84847,5.03597],[-5.84847,5.0357],[-5.84875,5.0357],[-5.84875,5.03542],[-5.84903,5.03542],[-5.84903,5.0357],[-5.85014,5.0357],[-5.85014,5.03514],[-5.85069,5.03514],[-5.85069,5.03486],[-5.85181,5.03486],[-5.85181,5.03458],[-5.85208,5.03458],[-5.85208,5.03486],[-5.85236,5.03486],[-5.85236,5.03458],[-5.85319,5.03458],[-5.85319,5.03431],[-5.85458,5.03431],[-5.85458,5.03403],[-5.85514,5.03403],[-5.85514,5.03375],[-5.85548,5.03375],[-5.85597,5.03375],[-5.85654,5.03355],[-5.85692,5.03347],[-5.85755,5.04645],[-5.84554,5.04645],[-5.84554,5.03625]]]},"properties":{"region":"Sud-Bandama","district":"Divo","floods_1m":1,"floods_2m":1,"floods_3m":1,"first_flood_m":1,"nests":true,"area_km2":1.656}},{"type":"Feature","geometry":{"type":"Polygon","coordinates":[[[-5.54612,5.14626],[-5.56038,5.14626],[-5.56038,5.16052],[-5.54612,5.16052],[-5.54612,5.14626]]]},"properties":{"region":"Sud-Bandama","district":"Divo","floods_1m":0,"floods_2m":0,"floods_3m":1,"first_flood_m":3,"nests":true,"area_km2":2.504}},{"type":"Feature","geometry":{"type":"Polygon","coordinates":[[[-5.06905,5.3031],[-5.07561,5.3031],[-5.07561,5.31735],[-5.06891,5.31735],[-5.06905,5.3031]]]},"properties":{"region":"Sud-Bandama","district":"Divo","floods_1m":0,"floods_2m":0,"floods_3m":1,"first_flood_m":3,"nests":true,"area_km2":1.163}},{"type":"Feature","geometry":{"type":"Polygon","coordinates":[[[-5.38928,5.21755],[-5.40354,5.21755],[-5.40354,5.23181],[-5.38928,5.23181],[-5.38928,5.21755]]]},"properties":{"region":"Sud-Bandama","district":"Divo","floods_1m":0,"floods_2m":1,"floods_3m":1,"first_flood_m":2,"nests":true,"area_km2":2.504}},{"type":"Feature","geometry":{"type":"Polygon","coordinates":[[[-5.61741,5.07236],[-5.61741,5.07497],[-5.61181,5.07497],[-5.61181,5.07486],[-5.61319,5.07486],[-5.61319,5.07458],[-5.61375,5.07458],[-5.61375,5.07431],[-5.61431,5.07431],[-5.61431,5.07403],[-5.61458,5.07403],[-5.61458,5.07375],[-5.61514,5.07375],[-5.61514,5.07347],[-5.61542,5.07347],[-5.61542,5.07319],[-5.61606,5.07319],[-5.61708,5.07319],[-5.61708,5.07291],[-5.61708,5.07264],[-5.61736,5.07264],[-5.61736,5.07236],[-5.61741,5.07236]]]},"properties":{"region":"Sud-Bandama","district":"Divo","floods_1m":1,"floods_2m":1,"floods_3m":1,"first_flood_m":1,"nests":true,"area_km2":0.072}},{"type":"Feature","geometry":{"type":"Polygon","coordinates":[[[-5.11838,5.17445],[-5.11935,5.17477],[-5.11838,5.17477],[-5.11838,5.17445]]]},"properties":{"region":"Sud-Bandama","district":"Divo","floods_1m":0,"floods_2m":0,"floods_3m":1,"first_flood_m":3,"nests":true,"area_km2":0.002}},{"type":"Feature","geometry":{"type":"Polygon","coordinates":[[[-5.13264,5.17927],[-5.1469,5.18408],[-5.1469,5.18903],[-5.13264,5.18903],[-5.13264,5.17927]]]},"properties":{"region":"Sud-Bandama","district":"Divo","floods_1m":1,"floods_2m":1,"floods_3m":1,"first_flood_m":1,"nests":true,"area_km2":1.291}},{"type":"Feature","geometry":{"type":"MultiPolygon","coordinates":[[[[-5.58889,5.09708],[-5.58903,5.09708],[-5.58903,5.09681],[-5.58931,5.09681],[-5.58931,5.09708],[-5.58986,5.09708],[-5.58986,5.09736],[-5.59014,5.09736],[-5.59014,5.0982],[-5.59042,5.0982],[-5.59042,5.09847],[-5.59069,5.09847],[-5.59069,5.09903],[-5.59097,5.09903],[-5.59097,5.09958],[-5.59125,5.09958],[-5.59125,5.10014],[-5.59181,5.10014],[-5.59181,5.10097],[-5.59236,5.10097],[-5.59236,5.10208],[-5.59208,5.10208],[-5.59208,5.10236],[-5.59236,5.10236],[-5.59236,5.10264],[-5.59208,5.10264],[-5.59208,5.10319],[-5.59181,5.10319],[-5.59181,5.10348],[-5.58889,5.10348],[-5.58889,5.09708]]],[[[-5.59875,5.10347],[-5.59875,5.10319],[-5.59847,5.10319],[-5.59847,5.10292],[-5.5982,5.10292],[-5.5982,5.10264],[-5.59764,5.10264],[-5.59764,5.10236],[-5.59681,5.10236],[-5.59681,5.10181],[-5.59653,5.10181],[-5.59653,5.10125],[-5.59597,5.10125],[-5.59597,5.1007],[-5.5957,5.1007],[-5.5957,5.10042],[-5.59542,5.10042],[-5.59542,5.10014],[-5.59514,5.10014],[-5.59514,5.09792],[-5.59542,5.09792],[-5.59542,5.09764],[-5.5957,5.09764],[-5.5957,5.09736],[-5.59681,5.09736],[-5.59681,5.09764],[-5.59792,5.09764],[-5.59792,5.09792],[-5.5982,5.09792],[-5.5982,5.0982],[-5.59847,5.0982],[-5.59847,5.09847],[-5.59875,5.09847],[-5.59875,5.09875],[-5.59903,5.09875],[-5.59903,5.09847],[-5.59931,5.09847],[-5.59931,5.09875],[-5.59986,5.09875],[-5.59986,5.09931],[-5.60014,5.09931],[-5.60014,5.09958],[-5.60042,5.09958],[-5.60042,5.10014],[-5.6007,5.10014],[-5.6007,5.10236],[-5.60042,5.10236],[-5.60042,5.10292],[-5.60014,5.10292],[-5.60014,5.10319],[-5.59986,5.10319],[-5.59986,5.10347],[-5.59875,5.10347]]],[[[-5.60315,5.09319],[-5.60315,5.09847],[-5.60236,5.09847],[-5.60236,5.0982],[-5.60181,5.0982],[-5.60181,5.09792],[-5.60153,5.09792],[-5.60153,5.09764],[-5.60125,5.09764],[-5.60125,5.09736],[-5.60097,5.09736],[-5.60097,5.09708],[-5.6007,5.09708],[-5.6007,5.09653],[-5.60042,5.09653],[-5.60042,5.09625],[-5.59986,5.09625],[-5.59986,5.0957],[-5.59931,5.0957],[-5.59931,5.09458],[-5.59958,5.09458],[-5.59958,5.09431],[-5.59986,5.09431],[-5.59986,5.09403],[-5.60042,5.09403],[-5.60042,5.09375],[-5.60097,5.09375],[-5.60097,5.09319],[-5.60315,5.09319]]],[[[-5.59681,5.08923],[-5.60208,5.08923],[-5.60208,5.0893],[-5.60181,5.0893],[-5.60181,5.08958],[-5.60153,5.08958],[-5.60153,5.08986],[-5.59903,5.08986],[-5.59903,5.09014],[-5.59847,5.09014],[-5.59847,5.09042],[-5.59792,5.09042],[-5.59792,5.09014],[-5.59736,5.09014],[-5.59736,5.08958],[-5.59708,5.08958],[-5.59708,5.0893],[-5.59681,5.0893],[-5.59681,5.08923]]],[[[-5.60236,5.08923],[-5.60264,5.08923],[-5.60264,5.0893],[-5.60236,5.0893],[-5.60236,5.08923]]]]},"properties":{"region":"Sud-Bandama","district":"Divo","floods_1m":1,"floods_2m":1,"floods_3m":1,"first_flood_m":1,"nests":true,"area_km2":0.699}},{"type":"Feature","geometry":{"type":"Polygon","coordinates":[[[-5.56038,5.10348],[-5.57463,5.10348],[-5.57463,5.11774],[-5.56038,5.11774],[-5.56038,5.10348]]]},"properties":{"region":"Sud-Bandama","district":"Divo","floods_1m":1,"floods_2m":1,"floods_3m":1,"first_flood_m":1,"nests":true,"area_km2":2.503}},{"type":"Feature","geometry":{"type":"Polygon","coordinates":[[[-5.48909,5.11774],[-5.50334,5.11774],[-5.50334,5.132],[-5.48909,5.132],[-5.48909,5.11774]]]},"properties":{"region":"Sud-Bandama","district":"Divo","floods_1m":0,"floods_2m":0,"floods_3m":1,"first_flood_m":3,"nests":true,"area_km2":2.502}},{"type":"Feature","geometry":{"type":"Polygon","coordinates":[[[-5.5176,5.08847],[-5.5176,5.08923],[-5.51097,5.08923],[-5.51097,5.08903],[-5.51403,5.08903],[-5.51403,5.08875],[-5.51708,5.08875],[-5.51708,5.08847],[-5.5176,5.08847]]]},"properties":{"region":"Sud-Bandama","district":"Divo","floods_1m":1,"floods_2m":1,"floods_3m":1,"first_flood_m":1,"nests":true,"area_km2":0.03}},{"type":"Feature","geometry":{"type":"Polygon","coordinates":[[[-5.17541,5.21755],[-5.18967,5.21755],[-5.18967,5.23181],[-5.17541,5.23181],[-5.17541,5.21755]]]},"properties":{"region":"Sud-Bandama","district":"Divo","floods_1m":0,"floods_2m":0,"floods_3m":1,"first_flood_m":3,"nests":true,"area_km2":2.504}},{"type":"Feature","geometry":{"type":"MultiPolygon","coordinates":[[[[-5.70296,5.05931],[-5.70347,5.05931],[-5.70347,5.05903],[-5.70375,5.05903],[-5.70375,5.05931],[-5.70431,5.05931],[-5.70431,5.05903],[-5.70458,5.05903],[-5.70458,5.05931],[-5.70514,5.05931],[-5.70514,5.05903],[-5.70708,5.05903],[-5.70708,5.05875],[-5.70792,5.05875],[-5.70792,5.05847],[-5.71264,5.05847],[-5.71264,5.05875],[-5.71236,5.05875],[-5.71236,5.06069],[-5.71208,5.06069],[-5.71208,5.06071],[-5.70296,5.06071],[-5.70296,5.05931]]],[[[-5.71721,5.05764],[-5.71721,5.06071],[-5.71292,5.06071],[-5.71292,5.05986],[-5.71319,5.05986],[-5.71319,5.05875],[-5.71347,5.05875],[-5.71347,5.05847],[-5.71375,5.05847],[-5.71375,5.05819],[-5.71403,5.05819],[-5.71403,5.05792],[-5.71653,5.05792],[-5.71653,5.05764],[-5.71721,5.05764]]]]},"properties":{"region":"Sud-Bandama","district":"Divo","floods_1m":1,"floods_2m":1,"floods_3m":1,"first_flood_m":1,"nests":true,"area_km2":0.361}},{"type":"Feature","geometry":{"type":"Polygon","coordinates":[[[-5.31799,5.17477],[-5.33225,5.17477],[-5.33225,5.18903],[-5.31799,5.18903],[-5.31799,5.17477]]]},"properties":{"region":"Sud-Bandama","district":"Divo","floods_1m":0,"floods_2m":0,"floods_3m":1,"first_flood_m":3,"nests":true,"area_km2":2.504}},{"type":"Feature","geometry":{"type":"Polygon","coordinates":[[[-5.40354,5.20329],[-5.4178,5.20329],[-5.4178,5.21755],[-5.40354,5.21755],[-5.40354,5.20329]]]},"properties":{"region":"Sud-Bandama","district":"Divo","floods_1m":0,"floods_2m":0,"floods_3m":1,"first_flood_m":3,"nests":true,"area_km2":2.504}},{"type":"Feature","geometry":{"type":"Polygon","coordinates":[[[-5.67444,5.0632],[-5.67514,5.0632],[-5.67514,5.06292],[-5.67681,5.06292],[-5.67681,5.06264],[-5.67931,5.06264],[-5.67931,5.06236],[-5.68014,5.06236],[-5.68014,5.06264],[-5.68097,5.06264],[-5.68097,5.06236],[-5.68208,5.06236],[-5.68208,5.06208],[-5.68292,5.06208],[-5.68292,5.06181],[-5.68431,5.06181],[-5.68431,5.06153],[-5.68458,5.06153],[-5.68458,5.06181],[-5.68514,5.06181],[-5.68514,5.06153],[-5.68708,5.06153],[-5.68708,5.06125],[-5.68736,5.06125],[-5.68736,5.06153],[-5.68792,5.06153],[-5.68792,5.06125],[-5.6887,5.06125],[-5.6887,5.07497],[-5.67444,5.07497],[-5.67444,5.0632]]]},"properties":{"region":"Sud-Bandama","district":"Divo","floods_1m":1,"floods_2m":1,"floods_3m":1,"first_flood_m":1,"nests":true,"area_km2":2.243}},{"type":"Feature","geometry":{"type":"Polygon","coordinates":[[[-5.2467,5.3031],[-5.26096,5.3031],[-5.26096,5.31735],[-5.2467,5.31735],[-5.2467,5.3031]]]},"properties":{"region":"Sud-Bandama","district":"Divo","floods_1m":0,"floods_2m":1,"floods_3m":1,"first_flood_m":2,"nests":true,"area_km2":2.502}},{"type":"Feature","geometry":{"type":"Polygon","coordinates":[[[-5.21819,5.26032],[-5.23244,5.26032],[-5.23244,5.27458],[-5.21819,5.27458],[-5.21819,5.26032]]]},"properties":{"region":"Sud-Bandama","district":"Divo","floods_1m":0,"floods_2m":1,"floods_3m":1,"first_flood_m":2,"nests":true,"area_km2":2.502}},{"type":"Feature","geometry":{"type":"Polygon","coordinates":[[[-5.28948,5.18903],[-5.30373,5.18903],[-5.30373,5.20329],[-5.28948,5.20329],[-5.28948,5.18903]]]},"properties":{"region":"Sud-Bandama","district":"Divo","floods_1m":0,"floods_2m":1,"floods_3m":1,"first_flood_m":2,"nests":true,"area_km2":2.502}},{"type":"Feature","geometry":{"type":"Polygon","coordinates":[[[-5.61741,5.08819],[-5.61792,5.08819],[-5.61792,5.08764],[-5.61741,5.08764],[-5.61741,5.07497],[-5.63167,5.07497],[-5.63167,5.08923],[-5.61741,5.08923],[-5.61741,5.08819]]]},"properties":{"region":"Sud-Bandama","district":"Divo","floods_1m":0,"floods_2m":1,"floods_3m":1,"first_flood_m":2,"nests":true,"area_km2":2.501}},{"type":"Feature","geometry":{"type":"Polygon","coordinates":[[[-5.50334,5.11774],[-5.5176,5.11774],[-5.5176,5.132],[-5.50334,5.132],[-5.50334,5.11774]]]},"properties":{"region":"Sud-Bandama","district":"Divo","floods_1m":0,"floods_2m":0,"floods_3m":1,"first_flood_m":3,"nests":true,"area_km2":2.504}},{"type":"Feature","geometry":{"type":"Polygon","coordinates":[[[-5.23244,5.3031],[-5.2467,5.3031],[-5.2467,5.31735],[-5.23244,5.31735],[-5.23244,5.3031]]]},"properties":{"region":"Sud-Bandama","district":"Divo","floods_1m":0,"floods_2m":1,"floods_3m":1,"first_flood_m":2,"nests":true,"area_km2":2.502}},{"type":"Feature","geometry":{"type":"Polygon","coordinates":[[[-5.61741,5.07236],[-5.61819,5.07236],[-5.61819,5.07208],[-5.61875,5.07208],[-5.61875,5.0718],[-5.61931,5.0718],[-5.61931,5.07208],[-5.62006,5.07208],[-5.62125,5.07208],[-5.62125,5.0718],[-5.62181,5.0718],[-5.62181,5.07153],[-5.62236,5.07153],[-5.62236,5.07125],[-5.62264,5.07125],[-5.62264,5.07097],[-5.62292,5.07097],[-5.62292,5.07069],[-5.62403,5.07069],[-5.62403,5.07042],[-5.62458,5.07042],[-5.62458,5.07014],[-5.62653,5.07014],[-5.62653,5.06986],[-5.6268,5.06986],[-5.6268,5.06958],[-5.62736,5.06958],[-5.62736,5.0693],[-5.62819,5.0693],[-5.62819,5.06903],[-5.62875,5.06903],[-5.62875,5.06875],[-5.63153,5.06875],[-5.63153,5.06847],[-5.63167,5.06847],[-5.63167,5.07497],[-5.61741,5.07497],[-5.61741,5.07236]]]},"properties":{"region":"Sud-Bandama","district":"Divo","floods_1m":1,"floods_2m":1,"floods_3m":1,"first_flood_m":1,"nests":true,"area_km2":0.79}},{"type":"Feature","geometry":{"type":"Polygon","coordinates":[[[-5.08986,5.18903],[-5.10412,5.18903],[-5.10412,5.20329],[-5.08986,5.20329],[-5.08986,5.18903]]]},"properties":{"region":"Sud-Bandama","district":"Divo","floods_1m":0,"floods_2m":0,"floods_3m":1,"first_flood_m":3,"nests":true,"area_km2":2.504}},{"type":"Feature","geometry":{"type":"Polygon","coordinates":[[[-5.54612,5.08923],[-5.56038,5.08923],[-5.56038,5.10348],[-5.54612,5.10348],[-5.54612,5.08923]]]},"properties":{"region":"Sud-Bandama","district":"Divo","floods_1m":1,"floods_2m":1,"floods_3m":1,"first_flood_m":1,"nests":true,"area_km2":2.503}},{"type":"Feature","geometry":{"type":"Polygon","coordinates":[[[-5.70296,5.06071],[-5.71208,5.06071],[-5.71208,5.06181],[-5.71236,5.06181],[-5.71236,5.06208],[-5.71264,5.06208],[-5.71264,5.06181],[-5.71292,5.06181],[-5.71292,5.06071],[-5.71721,5.06071],[-5.71721,5.07497],[-5.70296,5.07497],[-5.70296,5.06071]]]},"properties":{"region":"Sud-Bandama","district":"Divo","floods_1m":1,"floods_2m":1,"floods_3m":1,"first_flood_m":1,"nests":true,"area_km2":2.49}},{"type":"Feature","geometry":{"type":"Polygon","coordinates":[[[-5.20393,5.28884],[-5.21819,5.28884],[-5.21819,5.3031],[-5.20393,5.3031],[-5.20393,5.28884]]]},"properties":{"region":"Sud-Bandama","district":"Divo","floods_1m":0,"floods_2m":1,"floods_3m":1,"first_flood_m":2,"nests":true,"area_km2":2.504}},{"type":"Feature","geometry":{"type":"MultiPolygon","coordinates":[[[[-5.57463,5.09681],[-5.57486,5.09681],[-5.57486,5.09653],[-5.57514,5.09653],[-5.57514,5.09625],[-5.57597,5.09625],[-5.57597,5.09597],[-5.57764,5.09597],[-5.57764,5.0957],[-5.57847,5.0957],[-5.57847,5.09542],[-5.57931,5.09542],[-5.57931,5.0957],[-5.57986,5.0957],[-5.57986,5.09542],[-5.5807,5.09542],[-5.5807,5.09514],[-5.58153,5.09514],[-5.58153,5.09542],[-5.58236,5.09542],[-5.58236,5.09514],[-5.58292,5.09514],[-5.58292,5.09486],[-5.58375,5.09486],[-5.58375,5.09458],[-5.58403,5.09458],[-5.58403,5.09486],[-5.58431,5.09486],[-5.58431,5.09514],[-5.58458,5.09514],[-5.58458,5.09486],[-5.58514,5.09486],[-5.58514,5.09514],[-5.58597,5.09514],[-5.58597,5.09597],[-5.58625,5.09597],[-5.58625,5.09653],[-5.58653,5.09653],[-5.58653,5.09764],[-5.58681,5.09764],[-5.58681,5.0982],[-5.58764,5.0982],[-5.58764,5.09792],[-5.58792,5.09792],[-5.58792,5.09764],[-5.58847,5.09764],[-5.58847,5.09736],[-5.58875,5.09736],[-5.58875,5.09708],[-5.58889,5.09708],[-5.58889,5.10348],[-5.57463,5.10348],[-5.57463,5.09681]]],[[[-5.57463,5.0893],[-5.57463,5.08923],[-5.57931,5.08923],[-5.57931,5.0893],[-5.57903,5.0893],[-5.57903,5.08986],[-5.57875,5.08986],[-5.57875,5.09014],[-5.5782,5.09014],[-5.5782,5.08986],[-5.57764,5.08986],[-5.57764,5.0893],[-5.57681,5.0893],[-5.57681,5.08986],[-5.57514,5.08986],[-5.57514,5.0893],[-5.57463,5.0893]]]]},"properties":{"region":"Sud-Bandama","district":"Divo","floods_1m":1,"floods_2m":1,"floods_3m":1,"first_flood_m":1,"nests":true,"area_km2":1.358}},{"type":"Feature","geometry":{"type":"Polygon","coordinates":[[[-5.20393,5.27458],[-5.21819,5.27458],[-5.21819,5.28884],[-5.20393,5.28884],[-5.20393,5.27458]]]},"properties":{"region":"Sud-Bandama","district":"Divo","floods_1m":0,"floods_2m":0,"floods_3m":1,"first_flood_m":3,"nests":true,"area_km2":2.504}},{"type":"Feature","geometry":{"type":"Polygon","coordinates":[[[-5.10412,5.20329],[-5.11838,5.20329],[-5.11838,5.21755],[-5.10412,5.21755],[-5.10412,5.20329]]]},"properties":{"region":"Sud-Bandama","district":"Divo","floods_1m":0,"floods_2m":0,"floods_3m":1,"first_flood_m":3,"nests":true,"area_km2":2.504}},{"type":"Feature","geometry":{"type":"Polygon","coordinates":[[[-5.33225,5.20329],[-5.34651,5.20329],[-5.34651,5.21755],[-5.33225,5.21755],[-5.33225,5.20329]]]},"properties":{"region":"Sud-Bandama","district":"Divo","floods_1m":0,"floods_2m":0,"floods_3m":1,"first_flood_m":3,"nests":true,"area_km2":2.504}},{"type":"Feature","geometry":{"type":"Polygon","coordinates":[[[-5.10412,5.21755],[-5.11838,5.21755],[-5.11838,5.23181],[-5.10412,5.23181],[-5.10412,5.21755]]]},"properties":{"region":"Sud-Bandama","district":"Divo","floods_1m":0,"floods_2m":1,"floods_3m":1,"first_flood_m":2,"nests":true,"area_km2":2.504}},{"type":"Feature","geometry":{"type":"Polygon","coordinates":[[[-5.27522,5.20329],[-5.28948,5.20329],[-5.28948,5.21755],[-5.27522,5.21755],[-5.27522,5.20329]]]},"properties":{"region":"Sud-Bandama","district":"Divo","floods_1m":0,"floods_2m":0,"floods_3m":1,"first_flood_m":3,"nests":true,"area_km2":2.504}},{"type":"Feature","geometry":{"type":"Polygon","coordinates":[[[-5.54612,5.08458],[-5.54653,5.08458],[-5.54653,5.08431],[-5.54903,5.08431],[-5.54903,5.08403],[-5.55097,5.08403],[-5.55097,5.08431],[-5.55125,5.08431],[-5.55125,5.08458],[-5.55153,5.08458],[-5.55153,5.08486],[-5.55181,5.08486],[-5.55181,5.08514],[-5.55264,5.08514],[-5.55264,5.08542],[-5.55708,5.08542],[-5.55708,5.08597],[-5.55764,5.08597],[-5.55764,5.08625],[-5.55819,5.08625],[-5.55819,5.08597],[-5.55792,5.08597],[-5.55792,5.08569],[-5.55819,5.08569],[-5.55819,5.08542],[-5.55875,5.08542],[-5.55875,5.08514],[-5.56038,5.08514],[-5.56038,5.08923],[-5.54612,5.08923],[-5.54612,5.08458]]]},"properties":{"region":"Sud-Bandama","district":"Divo","floods_1m":1,"floods_2m":1,"floods_3m":1,"first_flood_m":1,"nests":true,"area_km2":0.749}},{"type":"Feature","geometry":{"type":"Polygon","coordinates":[[[-5.83128,5.03958],[-5.83153,5.03958],[-5.83153,5.03986],[-5.83181,5.03986],[-5.83181,5.03958],[-5.83208,5.03958],[-5.83208,5.03931],[-5.83375,5.03931],[-5.83375,5.03903],[-5.83458,5.03903],[-5.83458,5.03875],[-5.83569,5.03875],[-5.83569,5.03847],[-5.83625,5.03847],[-5.83625,5.0382],[-5.83708,5.0382],[-5.83708,5.03875],[-5.83875,5.03875],[-5.83875,5.03986],[-5.83903,5.03986],[-5.83903,5.0407],[-5.83958,5.0407],[-5.83958,5.03986],[-5.83986,5.03986],[-5.83986,5.03931],[-5.84014,5.03931],[-5.84014,5.03847],[-5.83986,5.03847],[-5.83986,5.03792],[-5.84069,5.03792],[-5.84069,5.03764],[-5.84097,5.03764],[-5.84097,5.03736],[-5.84153,5.03736],[-5.84153,5.03708],[-5.84236,5.03708],[-5.84236,5.03681],[-5.84264,5.03681],[-5.84264,5.03708],[-5.84375,5.03708],[-5.84375,5.03681],[-5.84458,5.03681],[-5.84458,5.03653],[-5.84486,5.03653],[-5.84486,5.03625],[-5.84554,5.03625],[-5.84554,5.04645],[-5.83128,5.04645],[-5.83128,5.03958]]]},"properties":{"region":"Sud-Bandama","district":"Divo","floods_1m":1,"floods_2m":1,"floods_3m":1,"first_flood_m":1,"nests":true,"area_km2":1.43}},{"type":"Feature","geometry":{"type":"Polygon","coordinates":[[[-5.28948,5.27458],[-5.30373,5.27458],[-5.30373,5.28884],[-5.28948,5.28884],[-5.28948,5.27458]]]},"properties":{"region":"Sud-Bandama","district":"Divo","floods_1m":0,"floods_2m":1,"floods_3m":1,"first_flood_m":2,"nests":true,"area_km2":2.502}},{"type":"Feature","geometry":{"type":"MultiPolygon","coordinates":[[[[-5.77425,5.04958],[-5.77597,5.04958],[-5.77597,5.04931],[-5.77958,5.04931],[-5.77958,5.04903],[-5.78042,5.04903],[-5.78042,5.04958],[-5.78014,5.04958],[-5.78014,5.04986],[-5.77986,5.04986],[-5.77986,5.05014],[-5.77958,5.05014],[-5.77958,5.05153],[-5.77986,5.05153],[-5.77986,5.05181],[-5.78014,5.05181],[-5.78014,5.05375],[-5.78042,5.05375],[-5.78042,5.05431],[-5.78069,5.05431],[-5.78069,5.05458],[-5.78097,5.05458],[-5.78097,5.05542],[-5.78125,5.05542],[-5.78125,5.05597],[-5.78097,5.05597],[-5.78097,5.05653],[-5.78069,5.05653],[-5.78069,5.05764],[-5.78014,5.05764],[-5.78014,5.05847],[-5.77986,5.05847],[-5.77986,5.05903],[-5.77958,5.05903],[-5.77958,5.05958],[-5.77931,5.05958],[-5.77931,5.05986],[-5.77875,5.05986],[-5.77875,5.06014],[-5.77847,5.06014],[-5.77847,5.06042],[-5.77819,5.06042],[-5.77819,5.06069],[-5.77792,5.06069],[-5.77792,5.06071],[-5.77425,5.06071],[-5.77425,5.04958]]],[[[-5.7885,5.06014],[-5.7885,5.06071],[-5.78375,5.06071],[-5.78375,5.05819],[-5.78347,5.05819],[-5.78347,5.05764],[-5.78375,5.05764],[-5.78375,5.05708],[-5.78403,5.05708],[-5.78403,5.05681],[-5.78431,5.05681],[-5.78431,5.05653],[-5.78542,5.05653],[-5.78542,5.05681],[-5.78625,5.05681],[-5.78625,5.05736],[-5.78681,5.05736],[-5.78681,5.05764],[-5.78708,5.05764],[-5.78708,5.05792],[-5.78736,5.05792],[-5.78736,5.05819],[-5.78764,5.05819],[-5.78764,5.05875],[-5.78792,5.05875],[-5.78792,5.05931],[-5.7882,5.05931],[-5.7882,5.05986],[-5.78847,5.05986],[-5.78847,5.06014],[-5.7885,5.06014]]],[[[-5.7885,5.04708],[-5.7885,5.05625],[-5.78847,5.05625],[-5.78847,5.05597],[-5.7882,5.05597],[-5.7882,5.05569],[-5.78792,5.05569],[-5.78792,5.05542],[-5.78764,5.05542],[-5.78764,5.05514],[-5.78708,5.05514],[-5.78708,5.05458],[-5.78653,5.05458],[-5.78653,5.05431],[-5.78625,5.05431],[-5.78625,5.05403],[-5.78597,5.05403],[-5.78597,5.05319],[-5.7857,5.05319],[-5.7857,5.05292],[-5.78542,5.05292],[-5.78542,5.05264],[-5.78514,5.05264],[-5.78514,5.05236],[-5.78486,5.05236],[-5.78486,5.04958],[-5.78458,5.04958],[-5.78458,5.04931],[-5.78431,5.04931],[-5.78431,5.04903],[-5.78403,5.04903],[-5.78403,5.04847],[-5.78431,5.04847],[-5.78431,5.04819],[-5.78458,5.04819],[-5.78458,5.04792],[-5.78542,5.04792],[-5.78542,5.04764],[-5.78653,5.04764],[-5.78653,5.04736],[-5.78681,5.04736],[-5.78681,5.04764],[-5.78708,5.04764],[-5.78708,5.04736],[-5.78847,5.04736],[-5.78847,5.04708],[-5.7885,5.04708]]]]},"properties":{"region":"Sud-Bandama","district":"Divo","floods_1m":1,"floods_2m":1,"floods_3m":1,"first_flood_m":1,"nests":true,"area_km2":1.326}},{"type":"Feature","geometry":{"type":"Polygon","coordinates":[[[-5.06926,5.27458],[-5.07561,5.27458],[-5.07561,5.28884],[-5.0692,5.28884],[-5.06926,5.27458]]]},"properties":{"region":"Sud-Bandama","district":"Divo","floods_1m":0,"floods_2m":1,"floods_3m":1,"first_flood_m":2,"nests":true,"area_km2":1.12}},{"type":"Feature","geometry":{"type":"Polygon","coordinates":[[[-5.26096,5.19773],[-5.26096,5.20329],[-5.25272,5.20329],[-5.26096,5.19773]]]},"properties":{"region":"Sud-Bandama","district":"Divo","floods_1m":0,"floods_2m":0,"floods_3m":1,"first_flood_m":3,"nests":true,"area_km2":0.282}},{"type":"Feature","geometry":{"type":"Polygon","coordinates":[[[-5.31799,5.16052],[-5.33225,5.16052],[-5.33225,5.17477],[-5.31799,5.17477],[-5.31799,5.16052]]]},"properties":{"region":"Sud-Bandama","district":"Divo","floods_1m":0,"floods_2m":0,"floods_3m":1,"first_flood_m":3,"nests":true,"area_km2":2.502}},{"type":"Feature","geometry":{"type":"Polygon","coordinates":[[[-5.40354,5.18638],[-5.40818,5.18903],[-5.40354,5.18903],[-5.40354,5.18638]]]},"properties":{"region":"Sud-Bandama","district":"Divo","floods_1m":1,"floods_2m":1,"floods_3m":1,"first_flood_m":1,"nests":true,"area_km2":0.076}},{"type":"Feature","geometry":{"type":"Polygon","coordinates":[[[-3.63555,5.27458],[-3.64981,5.27458],[-3.64981,5.28884],[-3.63555,5.28884],[-3.63555,5.27458]]]},"properties":{"region":"Lagunes","district":"Abidjan","floods_1m":0,"floods_2m":1,"floods_3m":1,"first_flood_m":2,"nests":true,"area_km2":2.504}},{"type":"Feature","geometry":{"type":"Polygon","coordinates":[[[-4.23438,5.41716],[-4.24864,5.41716],[-4.24864,5.43142],[-4.23438,5.43142],[-4.23438,5.41716]]]},"properties":{"region":"Lagunes","district":"Abidjan","floods_1m":0,"floods_2m":1,"floods_3m":1,"first_flood_m":2,"nests":true,"area_km2":2.503}},{"type":"Feature","geometry":{"type":"Polygon","coordinates":[[[-4.93303,5.23181],[-4.94728,5.23181],[-4.94728,5.24606],[-4.93303,5.24606],[-4.93303,5.23181]]]},"properties":{"region":"Lagunes","district":"Grand-Lahou","floods_1m":0,"floods_2m":0,"floods_3m":1,"first_flood_m":3,"nests":true,"area_km2":2.5}},{"type":"Feature","geometry":{"type":"Polygon","coordinates":[[[-4.76193,5.17477],[-4.77619,5.17477],[-4.77619,5.18903],[-4.76193,5.18903],[-4.76193,5.17477]]]},"properties":{"region":"Lagunes","district":"Abidjan","floods_1m":1,"floods_2m":1,"floods_3m":1,"first_flood_m":1,"nests":true,"area_km2":2.504}},{"type":"Feature","geometry":{"type":"Polygon","coordinates":[[[-4.00626,5.28884],[-4.02051,5.28884],[-4.02051,5.3031],[-4.00626,5.3031],[-4.00626,5.28884]]]},"properties":{"region":"Lagunes","district":"Abidjan","floods_1m":1,"floods_2m":1,"floods_3m":1,"first_flood_m":1,"nests":true,"area_km2":2.502}},{"type":"Feature","geometry":{"type":"Polygon","coordinates":[[[-4.69064,5.26032],[-4.7049,5.26032],[-4.7049,5.27458],[-4.69064,5.27458],[-4.69064,5.26032]]]},"properties":{"region":"Lagunes","district":"Abidjan","floods_1m":1,"floods_2m":1,"floods_3m":1,"first_flood_m":1,"nests":true,"area_km2":2.504}},{"type":"Feature","geometry":{"type":"Polygon","coordinates":[[[-5.28948,5.17477],[-5.29495,5.17477],[-5.28948,5.17847],[-5.28948,5.17477]]]},"properties":{"region":"Lagunes","district":"Grand-Lahou","floods_1m":0,"floods_2m":0,"floods_3m":1,"first_flood_m":3,"nests":true,"area_km2":0.125}},{"type":"Feature","geometry":{"type":"Polygon","coordinates":[[[-3.74961,5.33161],[-3.76387,5.33161],[-3.76387,5.34587],[-3.74961,5.34587],[-3.74961,5.33161]]]},"properties":{"region":"Lagunes","district":"Abidjan","floods_1m":1,"floods_2m":1,"floods_3m":1,"first_flood_m":1,"nests":true,"area_km2":2.503}},{"type":"Feature","geometry":{"type":"Polygon","coordinates":[[[-4.07755,5.23931],[-4.07847,5.23931],[-4.07847,5.23958],[-4.07903,5.23958],[-4.07903,5.23931],[-4.07958,5.23931],[-4.07958,5.23903],[-4.07986,5.23903],[-4.07986,5.23875],[-4.08347,5.23875],[-4.08347,5.23847],[-4.08458,5.23847],[-4.08458,5.23819],[-4.08542,5.23819],[-4.08542,5.23792],[-4.08625,5.23792],[-4.08625,5.23764],[-4.09153,5.23764],[-4.09153,5.23736],[-4.0918,5.23736],[-4.0918,5.24606],[-4.07755,5.24606],[-4.07755,5.23931]]]},"properties":{"region":"Lagunes","district":"Abidjan","floods_1m":1,"floods_2m":1,"floods_3m":1,"first_flood_m":1,"nests":true,"area_km2":1.361}},{"type":"Feature","geometry":{"type":"Polygon","coordinates":[[[-5.01857,5.20329],[-5.03283,5.20329],[-5.03283,5.21755],[-5.01857,5.21755],[-5.01857,5.20329]]]},"properties":{"region":"Lagunes","district":"Grand-Lahou","floods_1m":0,"floods_2m":0,"floods_3m":1,"first_flood_m":3,"nests":true,"area_km2":2.504}},{"type":"Feature","geometry":{"type":"Polygon","coordinates":[[[-4.33419,5.36013],[-4.34845,5.36013],[-4.34845,5.37439],[-4.33419,5.37439],[-4.33419,5.36013]]]},"properties":{"region":"Lagunes","district":"Abidjan","floods_1m":0,"floods_2m":0,"floods_3m":1,"first_flood_m":3,"nests":true,"area_km2":2.503}},{"type":"Feature","geometry":{"type":"Polygon","coordinates":[[[-4.60509,5.24606],[-4.61935,5.24606],[-4.61935,5.24695],[-4.61935,5.26032],[-4.60509,5.26032],[-4.60509,5.24695],[-4.60509,5.24606]]]},"properties":{"region":"Lagunes","district":"Abidjan","floods_1m":1,"floods_2m":1,"floods_3m":1,"first_flood_m":1,"nests":true,"area_km2":2.504}},{"type":"Feature","geometry":{"type":"Polygon","coordinates":[[[-3.49297,5.19554],[-3.49297,5.20329],[-3.48559,5.20329],[-3.48609,5.20251],[-3.48617,5.19997],[-3.48784,5.19799],[-3.49297,5.19554]]]},"properties":{"region":"Lagunes","district":"Abidjan","floods_1m":0,"floods_2m":1,"floods_3m":1,"first_flood_m":2,"nests":true,"area_km2":0.505}},{"type":"Feature","geometry":{"type":"Polygon","coordinates":[[[-4.56232,5.3031],[-4.57658,5.3031],[-4.57658,5.31735],[-4.56232,5.31735],[-4.56232,5.3031]]]},"properties":{"region":"Lagunes","district":"Abidjan","floods_1m":1,"floods_2m":1,"floods_3m":1,"first_flood_m":1,"nests":true,"area_km2":2.502}},{"type":"Feature","geometry":{"type":"Polygon","coordinates":[[[-4.22013,5.27458],[-4.23438,5.27458],[-4.23438,5.28884],[-4.22013,5.28884],[-4.22013,5.27458]]]},"properties":{"region":"Lagunes","district":"Abidjan","floods_1m":1,"floods_2m":1,"floods_3m":1,"first_flood_m":1,"nests":true,"area_km2":2.502}},{"type":"Feature","geometry":{"type":"Polygon","coordinates":[[[-3.73535,5.34587],[-3.74961,5.34587],[-3.74961,5.36013],[-3.73535,5.36013],[-3.73535,5.34587]]]},"properties":{"region":"Lagunes","district":"Abidjan","floods_1m":0,"floods_2m":1,"floods_3m":1,"first_flood_m":2,"nests":true,"area_km2":2.503}},{"type":"Feature","geometry":{"type":"Polygon","coordinates":[[[-4.31993,5.37439],[-4.33419,5.37439],[-4.33419,5.38864],[-4.31993,5.38864],[-4.31993,5.37439]]]},"properties":{"region":"Lagunes","district":"Abidjan","floods_1m":0,"floods_2m":1,"floods_3m":1,"first_flood_m":2,"nests":true,"area_km2":2.501}},{"type":"Feature","geometry":{"type":"Polygon","coordinates":[[[-4.04903,5.24606],[-4.06329,5.24606],[-4.06329,5.24695],[-4.06329,5.26032],[-4.04903,5.26032],[-4.04903,5.24695],[-4.04903,5.24606]]]},"properties":{"region":"Lagunes","district":"Abidjan","floods_1m":0,"floods_2m":1,"floods_3m":1,"first_flood_m":2,"nests":true,"area_km2":2.504}},{"type":"Feature","geometry":{"type":"Polygon","coordinates":[[[-4.63361,5.21755],[-4.64787,5.21755],[-4.64787,5.23181],[-4.63361,5.23181],[-4.63361,5.21755]]]},"properties":{"region":"Lagunes","district":"Abidjan","floods_1m":1,"floods_2m":1,"floods_3m":1,"first_flood_m":1,"nests":true,"area_km2":2.504}},{"type":"Feature","geometry":{"type":"Polygon","coordinates":[[[-5.26096,5.18903],[-5.27383,5.18903],[-5.26096,5.19773],[-5.26096,5.18903]]]},"properties":{"region":"Lagunes","district":"Grand-Lahou","floods_1m":0,"floods_2m":0,"floods_3m":1,"first_flood_m":3,"nests":true,"area_km2":0.689}},{"type":"Feature","geometry":{"type":"Polygon","coordinates":[[[-4.434,5.19903],[-4.43514,5.19903],[-4.43514,5.19875],[-4.43597,5.19875],[-4.43597,5.19903],[-4.43708,5.19903],[-4.43708,5.19875],[-4.43736,5.19875],[-4.43736,5.19847],[-4.43764,5.19847],[-4.43764,5.19875],[-4.43792,5.19875],[-4.43792,5.19847],[-4.44069,5.19847],[-4.44069,5.19819],[-4.44319,5.19819],[-4.44319,5.19847],[-4.44375,5.19847],[-4.44375,5.19819],[-4.4443,5.19819],[-4.4443,5.19792],[-4.44486,5.19792],[-4.44486,5.19764],[-4.44764,5.19764],[-4.44764,5.19736],[-4.44825,5.19736],[-4.44825,5.20329],[-4.434,5.20329],[-4.434,5.19903]]]},"properties":{"region":"Lagunes","district":"Abidjan","floods_1m":1,"floods_2m":1,"floods_3m":1,"first_flood_m":1,"nests":true,"area_km2":0.876}},{"type":"Feature","geometry":{"type":"Polygon","coordinates":[[[-3.76387,5.19903],[-3.76403,5.19903],[-3.76403,5.19931],[-3.76514,5.19931],[-3.76514,5.19958],[-3.76708,5.19958],[-3.76708,5.19986],[-3.76903,5.19986],[-3.76903,5.20014],[-3.77069,5.20014],[-3.77069,5.20042],[-3.77181,5.20042],[-3.77181,5.2007],[-3.77292,5.2007],[-3.77292,5.20097],[-3.77458,5.20097],[-3.77458,5.20125],[-3.77625,5.20125],[-3.77625,5.20153],[-3.77736,5.20153],[-3.77736,5.20181],[-3.77813,5.20181],[-3.77813,5.20329],[-3.76387,5.20329],[-3.76387,5.19903]]]},"properties":{"region":"Lagunes","district":"Abidjan","floods_1m":1,"floods_2m":1,"floods_3m":1,"first_flood_m":1,"nests":true,"area_km2":0.501}},{"type":"Feature","geometry":{"type":"Polygon","coordinates":[[[-4.89025,5.20329],[-4.90451,5.20329],[-4.90451,5.21755],[-4.89025,5.21755],[-4.89025,5.20329]]]},"properties":{"region":"Lagunes","district":"Grand-Lahou","floods_1m":0,"floods_2m":1,"floods_3m":1,"first_flood_m":2,"nests":true,"area_km2":2.504}},{"type":"Feature","geometry":{"type":"Polygon","coordinates":[[[-3.59277,5.574],[-3.60703,5.574],[-3.60703,5.58826],[-3.59277,5.58826],[-3.59277,5.574]]]},"properties":{"region":"Lagunes","district":"Abidjan","floods_1m":0,"floods_2m":1,"floods_3m":1,"first_flood_m":2,"nests":true,"area_km2":2.502}},{"type":"Feature","geometry":{"type":"Polygon","coordinates":[[[-4.96154,5.14626],[-4.9758,5.14626],[-4.9758,5.16052],[-4.96154,5.16052],[-4.96154,5.14626]]]},"properties":{"region":"Lagunes","district":"Grand-Lahou","floods_1m":0,"floods_2m":1,"floods_3m":1,"first_flood_m":2,"nests":true,"area_km2":2.504}},{"type":"Feature","geometry":{"type":"Polygon","coordinates":[[[-4.8047,5.15042],[-4.80542,5.15042],[-4.80542,5.15014],[-4.80792,5.15014],[-4.80792,5.14986],[-4.81236,5.14986],[-4.81236,5.14958],[-4.8132,5.14958],[-4.8132,5.1493],[-4.81514,5.1493],[-4.81514,5.14903],[-4.81542,5.14903],[-4.81542,5.1493],[-4.81597,5.1493],[-4.81597,5.14903],[-4.81625,5.14903],[-4.81625,5.1493],[-4.81896,5.1493],[-4.81896,5.16052],[-4.8047,5.16052],[-4.8047,5.15042]]]},"properties":{"region":"Lagunes","district":"Grand-Lahou","floods_1m":1,"floods_2m":1,"floods_3m":1,"first_flood_m":1,"nests":true,"area_km2":1.903}},{"type":"Feature","geometry":{"type":"Polygon","coordinates":[[[-4.29142,5.41716],[-4.30567,5.41716],[-4.30567,5.43142],[-4.29142,5.43142],[-4.29142,5.41716]]]},"properties":{"region":"Lagunes","district":"Abidjan","floods_1m":0,"floods_2m":0,"floods_3m":1,"first_flood_m":3,"nests":true,"area_km2":2.501}},{"type":"Feature","geometry":{"type":"Polygon","coordinates":[[[-5.36077,5.11774],[-5.37502,5.11774],[-5.37502,5.132],[-5.36077,5.132],[-5.36077,5.11774]]]},"properties":{"region":"Lagunes","district":"Grand-Lahou","floods_1m":0,"floods_2m":0,"floods_3m":1,"first_flood_m":3,"nests":true,"area_km2":2.502}},{"type":"Feature","geometry":{"type":"Polygon","coordinates":[[[-4.0918,5.23736],[-4.09375,5.23736],[-4.09375,5.23708],[-4.0957,5.23708],[-4.0957,5.2368],[-4.09597,5.2368],[-4.09597,5.23653],[-4.09875,5.23653],[-4.09875,5.23625],[-4.1007,5.23625],[-4.1007,5.23597],[-4.10542,5.23597],[-4.10542,5.23569],[-4.10606,5.23569],[-4.10606,5.24606],[-4.0918,5.24606],[-4.0918,5.23736]]]},"properties":{"region":"Lagunes","district":"Abidjan","floods_1m":1,"floods_2m":1,"floods_3m":1,"first_flood_m":1,"nests":true,"area_km2":1.685}},{"type":"Feature","geometry":{"type":"Polygon","coordinates":[[[-5.01857,5.16052],[-5.03283,5.16052],[-5.03283,5.17477],[-5.01857,5.17477],[-5.01857,5.16052]]]},"properties":{"region":"Lagunes","district":"Grand-Lahou","floods_1m":1,"floods_2m":1,"floods_3m":1,"first_flood_m":1,"nests":true,"area_km2":2.502}},{"type":"Feature","geometry":{"type":"Polygon","coordinates":[[[-4.07755,5.27458],[-4.0918,5.27458],[-4.0918,5.28884],[-4.07755,5.28884],[-4.07755,5.27458]]]},"properties":{"region":"Lagunes","district":"Abidjan","floods_1m":1,"floods_2m":1,"floods_3m":1,"first_flood_m":1,"nests":true,"area_km2":2.502}},{"type":"Feature","geometry":{"type":"Polygon","coordinates":[[[-4.73341,5.18903],[-4.74767,5.18903],[-4.74767,5.20329],[-4.73341,5.20329],[-4.73341,5.18903]]]},"properties":{"region":"Lagunes","district":"Abidjan","floods_1m":1,"floods_2m":1,"floods_3m":1,"first_flood_m":1,"nests":true,"area_km2":2.504}},{"type":"Feature","geometry":{"type":"Polygon","coordinates":[[[-3.92071,5.27458],[-3.93497,5.27458],[-3.93497,5.28884],[-3.92071,5.28884],[-3.92071,5.27458]]]},"properties":{"region":"Lagunes","district":"Abidjan","floods_1m":1,"floods_2m":1,"floods_3m":1,"first_flood_m":1,"nests":true,"area_km2":2.504}},{"type":"Feature","geometry":{"type":"Polygon","coordinates":[[[-4.13458,5.3031],[-4.14884,5.3031],[-4.14884,5.31735],[-4.13458,5.31735],[-4.13458,5.3031]]]},"properties":{"region":"Lagunes","district":"Abidjan","floods_1m":1,"floods_2m":1,"floods_3m":1,"first_flood_m":1,"nests":true,"area_km2":2.502}},{"type":"Feature","geometry":{"type":"Polygon","coordinates":[[[-4.67638,5.3031],[-4.69064,5.3031],[-4.69064,5.31735],[-4.67638,5.31735],[-4.67638,5.3031]]]},"properties":{"region":"Lagunes","district":"Abidjan","floods_1m":1,"floods_2m":1,"floods_3m":1,"first_flood_m":1,"nests":true,"area_km2":2.502}},{"type":"Feature","geometry":{"type":"Polygon","coordinates":[[[-5.17541,5.16052],[-5.18967,5.16052],[-5.18967,5.17477],[-5.17541,5.17477],[-5.17541,5.16052]]]},"properties":{"region":"Lagunes","district":"Grand-Lahou","floods_1m":0,"floods_2m":1,"floods_3m":1,"first_flood_m":2,"nests":true,"area_km2":2.502}},{"type":"Feature","geometry":{"type":"Polygon","coordinates":[[[-4.39122,5.24606],[-4.40548,5.24606],[-4.40548,5.24695],[-4.40548,5.26032],[-4.39122,5.26032],[-4.39122,5.24695],[-4.39122,5.24606]]]},"properties":{"region":"Lagunes","district":"Abidjan","floods_1m":1,"floods_2m":1,"floods_3m":1,"first_flood_m":1,"nests":true,"area_km2":2.504}},{"type":"Feature","geometry":{"type":"Polygon","coordinates":[[[-4.76193,5.18903],[-4.77619,5.18903],[-4.77619,5.20329],[-4.76193,5.20329],[-4.76193,5.18903]]]},"properties":{"region":"Lagunes","district":"Abidjan","floods_1m":1,"floods_2m":1,"floods_3m":1,"first_flood_m":1,"nests":true,"area_km2":2.504}},{"type":"Feature","geometry":{"type":"Polygon","coordinates":[[[-4.39122,5.26032],[-4.40548,5.26032],[-4.40548,5.27458],[-4.39122,5.27458],[-4.39122,5.26032]]]},"properties":{"region":"Lagunes","district":"Abidjan","floods_1m":1,"floods_2m":1,"floods_3m":1,"first_flood_m":1,"nests":true,"area_km2":2.504}},{"type":"Feature","geometry":{"type":"Polygon","coordinates":[[[-4.24864,5.3031],[-4.2629,5.3031],[-4.2629,5.31735],[-4.24864,5.31735],[-4.24864,5.3031]]]},"properties":{"region":"Lagunes","district":"Abidjan","floods_1m":1,"floods_2m":1,"floods_3m":1,"first_flood_m":1,"nests":true,"area_km2":2.502}},{"type":"Feature","geometry":{"type":"Polygon","coordinates":[[[-4.61935,5.17764],[-4.62014,5.17764],[-4.62014,5.17736],[-4.62236,5.17736],[-4.62236,5.17708],[-4.62375,5.17708],[-4.62375,5.17681],[-4.62514,5.17681],[-4.62514,5.17708],[-4.62542,5.17708],[-4.62542,5.17681],[-4.62681,5.17681],[-4.62681,5.17653],[-4.63042,5.17653],[-4.63042,5.17625],[-4.63069,5.17625],[-4.63069,5.17597],[-4.63153,5.17597],[-4.63153,5.17569],[-4.63361,5.17569],[-4.63361,5.18903],[-4.61935,5.18903],[-4.61935,5.17764]]]},"properties":{"region":"Lagunes","district":"Abidjan","floods_1m":1,"floods_2m":1,"floods_3m":1,"first_flood_m":1,"nests":true,"area_km2":2.169}},{"type":"Feature","geometry":{"type":"Polygon","coordinates":[[[-5.4178,5.10014],[-5.41875,5.10014],[-5.41875,5.09986],[-5.41986,5.09986],[-5.41986,5.09958],[-5.42014,5.09958],[-5.42014,5.09986],[-5.42069,5.09986],[-5.42069,5.09958],[-5.42347,5.09958],[-5.42347,5.09931],[-5.42597,5.09931],[-5.42597,5.09903],[-5.42847,5.09903],[-5.42847,5.09875],[-5.43097,5.09875],[-5.43097,5.09847],[-5.43205,5.09847],[-5.43205,5.10348],[-5.4178,5.10348],[-5.4178,5.10014]]]},"properties":{"region":"Lagunes","district":"Grand-Lahou","floods_1m":1,"floods_2m":1,"floods_3m":1,"first_flood_m":1,"nests":true,"area_km2":0.738}},{"type":"Feature","geometry":{"type":"Polygon","coordinates":[[[-4.29142,5.31735],[-4.30567,5.31735],[-4.30567,5.33161],[-4.29142,5.33161],[-4.29142,5.31735]]]},"properties":{"region":"Lagunes","district":"Abidjan","floods_1m":1,"floods_2m":1,"floods_3m":1,"first_flood_m":1,"nests":true,"area_km2":2.502}},{"type":"Feature","geometry":{"type":"Polygon","coordinates":[[[-4.87599,5.16052],[-4.8858,5.16052],[-4.89025,5.16052],[-4.89025,5.17477],[-4.8858,5.17477],[-4.87599,5.17477],[-4.87599,5.16052]]]},"properties":{"region":"Lagunes","district":"Grand-Lahou","floods_1m":1,"floods_2m":1,"floods_3m":1,"first_flood_m":1,"nests":true,"area_km2":2.502}},{"type":"Feature","geometry":{"type":"Polygon","coordinates":[[[-3.94922,5.3031],[-3.96348,5.3031],[-3.96348,5.31735],[-3.94922,5.31735],[-3.94922,5.3031]]]},"properties":{"region":"Lagunes","district":"Abidjan","floods_1m":1,"floods_2m":1,"floods_3m":1,"first_flood_m":1,"nests":true,"area_km2":2.502}},{"type":"Feature","geometry":{"type":"Polygon","coordinates":[[[-4.67638,5.28884],[-4.69064,5.28884],[-4.69064,5.3031],[-4.67638,5.3031],[-4.67638,5.28884]]]},"properties":{"region":"Lagunes","district":"Abidjan","floods_1m":1,"floods_2m":1,"floods_3m":1,"first_flood_m":1,"nests":true,"area_km2":2.504}},{"type":"Feature","geometry":{"type":"Polygon","coordinates":[[[-5.2467,5.132],[-5.26096,5.132],[-5.26096,5.14626],[-5.2467,5.14626],[-5.2467,5.132]]]},"properties":{"region":"Lagunes","district":"Grand-Lahou","floods_1m":0,"floods_2m":0,"floods_3m":1,"first_flood_m":3,"nests":true,"area_km2":2.504}},{"type":"Feature","geometry":{"type":"Polygon","coordinates":[[[-4.79045,5.17477],[-4.8045,5.17477],[-4.8047,5.17498],[-4.8047,5.18903],[-4.79045,5.18903],[-4.79045,5.17477]]]},"properties":{"region":"Lagunes","district":"Abidjan","floods_1m":1,"floods_2m":1,"floods_3m":1,"first_flood_m":1,"nests":true,"area_km2":2.502}},{"type":"Feature","geometry":{"type":"Polygon","coordinates":[[[-3.63555,5.36013],[-3.64981,5.36013],[-3.64981,5.37439],[-3.63555,5.37439],[-3.63555,5.36013]]]},"properties":{"region":"Lagunes","district":"Abidjan","floods_1m":1,"floods_2m":1,"floods_3m":1,"first_flood_m":1,"nests":true,"area_km2":2.503}},{"type":"Feature","geometry":{"type":"Polygon","coordinates":[[[-5.37502,5.132],[-5.38928,5.132],[-5.38928,5.14626],[-5.37502,5.14626],[-5.37502,5.132]]]},"properties":{"region":"Lagunes","district":"Grand-Lahou","floods_1m":0,"floods_2m":0,"floods_3m":1,"first_flood_m":3,"nests":true,"area_km2":2.504}},{"type":"Feature","geometry":{"type":"Polygon","coordinates":[[[-4.30567,5.36013],[-4.31993,5.36013],[-4.31993,5.37439],[-4.30567,5.37439],[-4.30567,5.36013]]]},"properties":{"region":"Lagunes","district":"Abidjan","floods_1m":1,"floods_2m":1,"floods_3m":1,"first_flood_m":1,"nests":true,"area_km2":2.503}},{"type":"Feature","geometry":{"type":"Polygon","coordinates":[[[-3.76387,5.23181],[-3.77813,5.23181],[-3.77813,5.24606],[-3.76387,5.24606],[-3.76387,5.23181]]]},"properties":{"region":"Lagunes","district":"Abidjan","floods_1m":0,"floods_2m":1,"floods_3m":1,"first_flood_m":2,"nests":true,"area_km2":2.502}},{"type":"Feature","geometry":{"type":"Polygon","coordinates":[[[-3.93497,5.33161],[-3.94922,5.33161],[-3.94922,5.34587],[-3.93497,5.34587],[-3.93497,5.33161]]]},"properties":{"region":"Lagunes","district":"Abidjan","floods_1m":1,"floods_2m":1,"floods_3m":1,"first_flood_m":1,"nests":true,"area_km2":2.502}},{"type":"Feature","geometry":{"type":"Polygon","coordinates":[[[-4.86174,5.18903],[-4.87599,5.18903],[-4.87599,5.20329],[-4.86174,5.20329],[-4.86174,5.18903]]]},"properties":{"region":"Lagunes","district":"Grand-Lahou","floods_1m":1,"floods_2m":1,"floods_3m":1,"first_flood_m":1,"nests":true,"area_km2":2.502}},{"type":"Feature","geometry":{"type":"Polygon","coordinates":[[[-4.93303,5.17477],[-4.94728,5.17477],[-4.94728,5.18903],[-4.93303,5.18903],[-4.93303,5.17477]]]},"properties":{"region":"Lagunes","district":"Grand-Lahou","floods_1m":1,"floods_2m":1,"floods_3m":1,"first_flood_m":1,"nests":true,"area_km2":2.502}},{"type":"Feature","geometry":{"type":"Polygon","coordinates":[[[-4.54806,5.3031],[-4.56232,5.3031],[-4.56232,5.31735],[-4.54806,5.31735],[-4.54806,5.3031]]]},"properties":{"region":"Lagunes","district":"Abidjan","floods_1m":1,"floods_2m":1,"floods_3m":1,"first_flood_m":1,"nests":true,"area_km2":2.502}},{"type":"Feature","geometry":{"type":"Polygon","coordinates":[[[-5.23244,5.132],[-5.2467,5.132],[-5.2467,5.14626],[-5.23244,5.14626],[-5.23244,5.132]]]},"properties":{"region":"Lagunes","district":"Grand-Lahou","floods_1m":0,"floods_2m":0,"floods_3m":1,"first_flood_m":3,"nests":true,"area_km2":2.504}},{"type":"Feature","geometry":{"type":"Polygon","coordinates":[[[-4.77619,5.18903],[-4.79045,5.18903],[-4.79045,5.20329],[-4.77619,5.20329],[-4.77619,5.18903]]]},"properties":{"region":"Lagunes","district":"Abidjan","floods_1m":1,"floods_2m":1,"floods_3m":1,"first_flood_m":1,"nests":true,"area_km2":2.504}},{"type":"Feature","geometry":{"type":"Polygon","coordinates":[[[-4.89025,5.14626],[-4.90451,5.14626],[-4.90451,5.16052],[-4.89025,5.16052],[-4.89025,5.14626]]]},"properties":{"region":"Lagunes","district":"Grand-Lahou","floods_1m":0,"floods_2m":1,"floods_3m":1,"first_flood_m":2,"nests":true,"area_km2":2.504}},{"type":"Feature","geometry":{"type":"Polygon","coordinates":[[[-3.53574,5.23181],[-3.55,5.23181],[-3.55,5.24606],[-3.53574,5.24606],[-3.53574,5.23181]]]},"properties":{"region":"Lagunes","district":"Abidjan","floods_1m":1,"floods_2m":1,"floods_3m":1,"first_flood_m":1,"nests":true,"area_km2":2.502}},{"type":"Feature","geometry":{"type":"Polygon","coordinates":[[[-4.39122,5.27458],[-4.40548,5.27458],[-4.40548,5.28884],[-4.39122,5.28884],[-4.39122,5.27458]]]},"properties":{"region":"Lagunes","district":"Abidjan","floods_1m":1,"floods_2m":1,"floods_3m":1,"first_flood_m":1,"nests":true,"area_km2":2.504}},{"type":"Feature","geometry":{"type":"Polygon","coordinates":[[[-4.90451,5.20329],[-4.91877,5.20329],[-4.91877,5.21755],[-4.90451,5.21755],[-4.90451,5.20329]]]},"properties":{"region":"Lagunes","district":"Grand-Lahou","floods_1m":0,"floods_2m":0,"floods_3m":1,"first_flood_m":3,"nests":true,"area_km2":2.504}},{"type":"Feature","geometry":{"type":"Polygon","coordinates":[[[-3.55,5.37439],[-3.56426,5.37439],[-3.56426,5.38864],[-3.55,5.38864],[-3.55,5.37439]]]},"properties":{"region":"Lagunes","district":"Abidjan","floods_1m":1,"floods_2m":1,"floods_3m":1,"first_flood_m":1,"nests":true,"area_km2":2.501}},{"type":"Feature","geometry":{"type":"Polygon","coordinates":[[[-4.84748,5.20329],[-4.86174,5.20329],[-4.86174,5.21755],[-4.84748,5.21755],[-4.84748,5.20329]]]},"properties":{"region":"Lagunes","district":"Grand-Lahou","floods_1m":1,"floods_2m":1,"floods_3m":1,"first_flood_m":1,"nests":true,"area_km2":2.504}},{"type":"Feature","geometry":{"type":"Polygon","coordinates":[[[-4.86174,5.17477],[-4.87599,5.17477],[-4.87599,5.18903],[-4.86174,5.18903],[-4.86174,5.17477]]]},"properties":{"region":"Lagunes","district":"Grand-Lahou","floods_1m":1,"floods_2m":1,"floods_3m":1,"first_flood_m":1,"nests":true,"area_km2":2.502}},{"type":"Feature","geometry":{"type":"Polygon","coordinates":[[[-4.57658,5.23181],[-4.59083,5.23181],[-4.59083,5.24606],[-4.57658,5.24606],[-4.57658,5.23181]]]},"properties":{"region":"Lagunes","district":"Abidjan","floods_1m":1,"floods_2m":1,"floods_3m":1,"first_flood_m":1,"nests":true,"area_km2":2.5}},{"type":"Feature","geometry":{"type":"Polygon","coordinates":[[[-5.43205,5.10348],[-5.44631,5.10348],[-5.44631,5.11774],[-5.43205,5.11774],[-5.43205,5.10348]]]},"properties":{"region":"Lagunes","district":"Grand-Lahou","floods_1m":0,"floods_2m":0,"floods_3m":1,"first_flood_m":3,"nests":true,"area_km2":2.504}},{"type":"Feature","geometry":{"type":"Polygon","coordinates":[[[-4.2629,5.41716],[-4.27716,5.41716],[-4.27716,5.43142],[-4.2629,5.43142],[-4.2629,5.41716]]]},"properties":{"region":"Lagunes","district":"Abidjan","floods_1m":1,"floods_2m":1,"floods_3m":1,"first_flood_m":1,"nests":true,"area_km2":2.503}},{"type":"Feature","geometry":{"type":"Polygon","coordinates":[[[-3.87793,5.3031],[-3.89219,5.3031],[-3.89219,5.31735],[-3.87793,5.31735],[-3.87793,5.3031]]]},"properties":{"region":"Lagunes","district":"Abidjan","floods_1m":1,"floods_2m":1,"floods_3m":1,"first_flood_m":1,"nests":true,"area_km2":2.502}},{"type":"Feature","geometry":{"type":"Polygon","coordinates":[[[-3.94922,5.26032],[-3.96348,5.26032],[-3.96348,5.27458],[-3.94922,5.27458],[-3.94922,5.26032]]]},"properties":{"region":"Lagunes","district":"Abidjan","floods_1m":1,"floods_2m":1,"floods_3m":1,"first_flood_m":1,"nests":true,"area_km2":2.504}},{"type":"Feature","geometry":{"type":"Polygon","coordinates":[[[-5.11935,5.17477],[-5.13264,5.17477],[-5.13264,5.17927],[-5.11935,5.17477]]]},"properties":{"region":"Lagunes","district":"Grand-Lahou","floods_1m":0,"floods_2m":0,"floods_3m":1,"first_flood_m":3,"nests":true,"area_km2":0.368}},{"type":"Feature","geometry":{"type":"Polygon","coordinates":[[[-5.28948,5.11458],[-5.28986,5.11458],[-5.28986,5.11431],[-5.29236,5.11431],[-5.29236,5.11403],[-5.29486,5.11403],[-5.29486,5.11375],[-5.29736,5.11375],[-5.29736,5.11347],[-5.29986,5.11347],[-5.29986,5.11319],[-5.30236,5.11319],[-5.30236,5.11292],[-5.30373,5.11292],[-5.30373,5.11774],[-5.28948,5.11774],[-5.28948,5.11458]]]},"properties":{"region":"Lagunes","district":"Grand-Lahou","floods_1m":1,"floods_2m":1,"floods_3m":1,"first_flood_m":1,"nests":true,"area_km2":0.71}},{"type":"Feature","geometry":{"type":"Polygon","coordinates":[[[-4.46251,5.20329],[-4.47677,5.20329],[-4.47677,5.21755],[-4.46251,5.21755],[-4.46251,5.20329]]]},"properties":{"region":"Lagunes","district":"Abidjan","floods_1m":0,"floods_2m":0,"floods_3m":1,"first_flood_m":3,"nests":true,"area_km2":2.504}},{"type":"Feature","geometry":{"type":"Polygon","coordinates":[[[-3.97774,5.3031],[-3.992,5.3031],[-3.992,5.31735],[-3.97774,5.31735],[-3.97774,5.3031]]]},"properties":{"region":"Lagunes","district":"Abidjan","floods_1m":1,"floods_2m":1,"floods_3m":1,"first_flood_m":1,"nests":true,"area_km2":2.502}},{"type":"Feature","geometry":{"type":"Polygon","coordinates":[[[-3.79239,5.28884],[-3.80664,5.28884],[-3.80664,5.3031],[-3.79239,5.3031],[-3.79239,5.28884]]]},"properties":{"region":"Lagunes","district":"Abidjan","floods_1m":1,"floods_2m":1,"floods_3m":1,"first_flood_m":1,"nests":true,"area_km2":2.502}},{"type":"Feature","geometry":{"type":"Polygon","coordinates":[[[-4.02051,5.26032],[-4.03477,5.26032],[-4.03477,5.26032],[-4.03477,5.27458],[-4.03477,5.27458],[-4.02051,5.27458],[-4.02051,5.26032]]]},"properties":{"region":"Lagunes","district":"Abidjan","floods_1m":1,"floods_2m":1,"floods_3m":1,"first_flood_m":1,"nests":true,"area_km2":2.504}},{"type":"Feature","geometry":{"type":"Polygon","coordinates":[[[-5.34651,5.10792],[-5.34708,5.10792],[-5.34708,5.10764],[-5.34931,5.10764],[-5.34931,5.10736],[-5.35181,5.10736],[-5.35181,5.10708],[-5.35403,5.10708],[-5.35403,5.10681],[-5.35653,5.10681],[-5.35653,5.10653],[-5.35903,5.10653],[-5.35903,5.10625],[-5.36077,5.10625],[-5.36077,5.11774],[-5.34651,5.11774],[-5.34651,5.10792]]]},"properties":{"region":"Lagunes","district":"Grand-Lahou","floods_1m":1,"floods_2m":1,"floods_3m":1,"first_flood_m":1,"nests":true,"area_km2":1.885}},{"type":"Feature","geometry":{"type":"Polygon","coordinates":[[[-5.37502,5.17006],[-5.37502,5.16052],[-5.38928,5.16052],[-5.38928,5.17477],[-5.38326,5.17477],[-5.37502,5.17006]]]},"properties":{"region":"Lagunes","district":"Grand-Lahou","floods_1m":0,"floods_2m":0,"floods_3m":1,"first_flood_m":3,"nests":true,"area_km2":2.263}},{"type":"Feature","geometry":{"type":"Polygon","coordinates":[[[-3.8209,5.26032],[-3.83516,5.26032],[-3.83516,5.27458],[-3.8209,5.27458],[-3.8209,5.26032]]]},"properties":{"region":"Lagunes","district":"Abidjan","floods_1m":1,"floods_2m":1,"floods_3m":1,"first_flood_m":1,"nests":true,"area_km2":2.504}},{"type":"Feature","geometry":{"type":"Polygon","coordinates":[[[-5.21819,5.17477],[-5.23244,5.17477],[-5.23244,5.18903],[-5.21819,5.18903],[-5.21819,5.17477]]]},"properties":{"region":"Lagunes","district":"Grand-Lahou","floods_1m":0,"floods_2m":0,"floods_3m":1,"first_flood_m":3,"nests":true,"area_km2":2.502}},{"type":"Feature","geometry":{"type":"Polygon","coordinates":[[[-4.76193,5.23181],[-4.77619,5.23181],[-4.77619,5.24606],[-4.76193,5.24606],[-4.76193,5.23181]]]},"properties":{"region":"Lagunes","district":"Abidjan","floods_1m":1,"floods_2m":1,"floods_3m":1,"first_flood_m":1,"nests":true,"area_km2":2.502}},{"type":"Feature","geometry":{"type":"Polygon","coordinates":[[[-4.5338,5.27458],[-4.54806,5.27458],[-4.54806,5.28884],[-4.5338,5.28884],[-4.5338,5.27458]]]},"properties":{"region":"Lagunes","district":"Abidjan","floods_1m":1,"floods_2m":1,"floods_3m":1,"first_flood_m":1,"nests":true,"area_km2":2.504}},{"type":"Feature","geometry":{"type":"Polygon","coordinates":[[[-5.30373,5.11774],[-5.31799,5.11774],[-5.31799,5.132],[-5.30373,5.132],[-5.30373,5.11774]]]},"properties":{"region":"Lagunes","district":"Grand-Lahou","floods_1m":0,"floods_2m":0,"floods_3m":1,"first_flood_m":3,"nests":true,"area_km2":2.504}},{"type":"Feature","geometry":{"type":"Polygon","coordinates":[[[-4.46251,5.23181],[-4.47677,5.23181],[-4.47677,5.24606],[-4.46251,5.24606],[-4.46251,5.23181]]]},"properties":{"region":"Lagunes","district":"Abidjan","floods_1m":1,"floods_2m":1,"floods_3m":1,"first_flood_m":1,"nests":true,"area_km2":2.502}},{"type":"Feature","geometry":{"type":"Polygon","coordinates":[[[-3.66406,5.33161],[-3.67832,5.33161],[-3.67832,5.34587],[-3.66406,5.34587],[-3.66406,5.33161]]]},"properties":{"region":"Lagunes","district":"Abidjan","floods_1m":1,"floods_2m":1,"floods_3m":1,"first_flood_m":1,"nests":true,"area_km2":2.503}},{"type":"Feature","geometry":{"type":"Polygon","coordinates":[[[-4.94728,5.18903],[-4.96154,5.18903],[-4.96154,5.20329],[-4.94728,5.20329],[-4.94728,5.18903]]]},"properties":{"region":"Lagunes","district":"Grand-Lahou","floods_1m":0,"floods_2m":0,"floods_3m":1,"first_flood_m":3,"nests":true,"area_km2":2.504}},{"type":"Feature","geometry":{"type":"Polygon","coordinates":[[[-4.67638,5.23181],[-4.69064,5.23181],[-4.69064,5.24606],[-4.67638,5.24606],[-4.67638,5.23181]]]},"properties":{"region":"Lagunes","district":"Abidjan","floods_1m":1,"floods_2m":1,"floods_3m":1,"first_flood_m":1,"nests":true,"area_km2":2.502}},{"type":"Feature","geometry":{"type":"Polygon","coordinates":[[[-5.2467,5.20329],[-5.25272,5.20329],[-5.24765,5.20671],[-5.2467,5.20699],[-5.2467,5.20329]]]},"properties":{"region":"Lagunes","district":"Grand-Lahou","floods_1m":0,"floods_2m":0,"floods_3m":1,"first_flood_m":3,"nests":true,"area_km2":0.148}},{"type":"Feature","geometry":{"type":"Polygon","coordinates":[[[-4.56232,5.18903],[-4.57658,5.18903],[-4.57658,5.20329],[-4.56232,5.20329],[-4.56232,5.18903]]]},"properties":{"region":"Lagunes","district":"Abidjan","floods_1m":1,"floods_2m":1,"floods_3m":1,"first_flood_m":1,"nests":true,"area_km2":2.504}},{"type":"Feature","geometry":{"type":"Polygon","coordinates":[[[-3.64981,5.3031],[-3.66406,5.3031],[-3.66406,5.31735],[-3.64981,5.31735],[-3.64981,5.3031]]]},"properties":{"region":"Lagunes","district":"Abidjan","floods_1m":0,"floods_2m":0,"floods_3m":1,"first_flood_m":3,"nests":true,"area_km2":2.5}},{"type":"Feature","geometry":{"type":"Polygon","coordinates":[[[-4.34845,5.27458],[-4.36271,5.27458],[-4.36271,5.28884],[-4.34845,5.28884],[-4.34845,5.27458]]]},"properties":{"region":"Lagunes","district":"Abidjan","floods_1m":1,"floods_2m":1,"floods_3m":1,"first_flood_m":1,"nests":true,"area_km2":2.504}},{"type":"Feature","geometry":{"type":"Polygon","coordinates":[[[-4.03477,5.24403],[-4.0357,5.24403],[-4.0357,5.24431],[-4.03597,5.24431],[-4.03597,5.24458],[-4.03653,5.24458],[-4.03653,5.24431],[-4.03681,5.24431],[-4.03681,5.24403],[-4.0382,5.24403],[-4.0382,5.24375],[-4.03931,5.24375],[-4.03931,5.24347],[-4.04236,5.24347],[-4.04236,5.24319],[-4.04569,5.24319],[-4.04569,5.24264],[-4.04681,5.24264],[-4.04681,5.24292],[-4.04736,5.24292],[-4.04736,5.24264],[-4.04903,5.24264],[-4.04903,5.24606],[-4.03477,5.24606],[-4.03477,5.24403]]]},"properties":{"region":"Lagunes","district":"Abidjan","floods_1m":1,"floods_2m":1,"floods_3m":1,"first_flood_m":1,"nests":true,"area_km2":0.465}},{"type":"Feature","geometry":{"type":"Polygon","coordinates":[[[-4.46251,5.21755],[-4.47677,5.21755],[-4.47677,5.23181],[-4.46251,5.23181],[-4.46251,5.21755]]]},"properties":{"region":"Lagunes","district":"Abidjan","floods_1m":1,"floods_2m":1,"floods_3m":1,"first_flood_m":1,"nests":true,"area_km2":2.504}},{"type":"Feature","geometry":{"type":"Polygon","coordinates":[[[-5.06135,5.20329],[-5.0696,5.20329],[-5.06953,5.21755],[-5.06135,5.21755],[-5.06135,5.20329]]]},"properties":{"region":"Lagunes","district":"Grand-Lahou","floods_1m":0,"floods_2m":0,"floods_3m":1,"first_flood_m":3,"nests":true,"area_km2":1.442}},{"type":"Feature","geometry":{"type":"Polygon","coordinates":[[[-4.29142,5.3031],[-4.30567,5.3031],[-4.30567,5.31735],[-4.29142,5.31735],[-4.29142,5.3031]]]},"properties":{"region":"Lagunes","district":"Abidjan","floods_1m":1,"floods_2m":1,"floods_3m":1,"first_flood_m":1,"nests":true,"area_km2":2.5}},{"type":"Feature","geometry":{"type":"Polygon","coordinates":[[[-4.99006,5.17477],[-5.00432,5.17477],[-5.00432,5.18903],[-4.99006,5.18903],[-4.99006,5.17477]]]},"properties":{"region":"Lagunes","district":"Grand-Lahou","floods_1m":1,"floods_2m":1,"floods_3m":1,"first_flood_m":1,"nests":true,"area_km2":2.504}},{"type":"Feature","geometry":{"type":"Polygon","coordinates":[[[-5.07561,5.18903],[-5.08022,5.18903],[-5.07561,5.19177],[-5.07561,5.18903]]]},"properties":{"region":"Lagunes","district":"Grand-Lahou","floods_1m":0,"floods_2m":0,"floods_3m":1,"first_flood_m":3,"nests":true,"area_km2":0.078}},{"type":"Feature","geometry":{"type":"Polygon","coordinates":[[[-3.57852,5.33161],[-3.59277,5.33161],[-3.59277,5.34587],[-3.57852,5.34587],[-3.57852,5.33161]]]},"properties":{"region":"Lagunes","district":"Abidjan","floods_1m":1,"floods_2m":1,"floods_3m":1,"first_flood_m":1,"nests":true,"area_km2":2.502}},{"type":"Feature","geometry":{"type":"Polygon","coordinates":[[[-3.83516,5.24606],[-3.84942,5.24606],[-3.84942,5.24695],[-3.84942,5.26032],[-3.83516,5.26032],[-3.83516,5.24695],[-3.83516,5.24606]]]},"properties":{"region":"Lagunes","district":"Abidjan","floods_1m":0,"floods_2m":0,"floods_3m":1,"first_flood_m":3,"nests":true,"area_km2":2.504}},{"type":"Feature","geometry":{"type":"Polygon","coordinates":[[[-3.92071,5.33161],[-3.93497,5.33161],[-3.93497,5.34587],[-3.92071,5.34587],[-3.92071,5.33161]]]},"properties":{"region":"Lagunes","district":"Abidjan","floods_1m":1,"floods_2m":1,"floods_3m":1,"first_flood_m":1,"nests":true,"area_km2":2.503}},{"type":"Feature","geometry":{"type":"Polygon","coordinates":[[[-5.26096,5.11736],[-5.26125,5.11736],[-5.26125,5.11708],[-5.26378,5.11708],[-5.26431,5.11708],[-5.26431,5.1168],[-5.26708,5.1168],[-5.26708,5.11653],[-5.27014,5.11653],[-5.27014,5.11625],[-5.27319,5.11625],[-5.27319,5.11597],[-5.27522,5.11597],[-5.27522,5.11774],[-5.26096,5.11774],[-5.26096,5.11736]]]},"properties":{"region":"Lagunes","district":"Grand-Lahou","floods_1m":1,"floods_2m":1,"floods_3m":1,"first_flood_m":1,"nests":true,"area_km2":0.204}},{"type":"Feature","geometry":{"type":"Polygon","coordinates":[[[-5.33225,5.10958],[-5.3332,5.10958],[-5.3332,5.10931],[-5.33542,5.10931],[-5.33542,5.10903],[-5.33764,5.10903],[-5.33764,5.10875],[-5.33986,5.10875],[-5.33986,5.10847],[-5.34236,5.10847],[-5.34236,5.10819],[-5.34458,5.10819],[-5.34458,5.10792],[-5.34651,5.10792],[-5.34651,5.11774],[-5.33225,5.11774],[-5.33225,5.10958]]]},"properties":{"region":"Lagunes","district":"Grand-Lahou","floods_1m":1,"floods_2m":1,"floods_3m":1,"first_flood_m":1,"nests":true,"area_km2":1.59}},{"type":"Feature","geometry":{"type":"Polygon","coordinates":[[[-4.71916,5.17477],[-4.73341,5.17477],[-4.73341,5.18903],[-4.71916,5.18903],[-4.71916,5.17477]]]},"properties":{"region":"Lagunes","district":"Abidjan","floods_1m":1,"floods_2m":1,"floods_3m":1,"first_flood_m":1,"nests":true,"area_km2":2.502}},{"type":"Feature","geometry":{"type":"Polygon","coordinates":[[[-4.66212,5.23181],[-4.67638,5.23181],[-4.67638,5.24606],[-4.66212,5.24606],[-4.66212,5.23181]]]},"properties":{"region":"Lagunes","district":"Abidjan","floods_1m":1,"floods_2m":1,"floods_3m":1,"first_flood_m":1,"nests":true,"area_km2":2.502}},{"type":"Feature","geometry":{"type":"Polygon","coordinates":[[[-3.56426,5.24606],[-3.57852,5.24606],[-3.57852,5.24695],[-3.57852,5.26032],[-3.56426,5.26032],[-3.56426,5.24695],[-3.56426,5.24606]]]},"properties":{"region":"Lagunes","district":"Abidjan","floods_1m":1,"floods_2m":1,"floods_3m":1,"first_flood_m":1,"nests":true,"area_km2":2.504}},{"type":"Feature","geometry":{"type":"Polygon","coordinates":[[[-4.5338,5.18903],[-4.54806,5.18903],[-4.54806,5.20329],[-4.5338,5.20329],[-4.5338,5.18903]]]},"properties":{"region":"Lagunes","district":"Abidjan","floods_1m":0,"floods_2m":1,"floods_3m":1,"first_flood_m":2,"nests":true,"area_km2":2.504}},{"type":"Feature","geometry":{"type":"Polygon","coordinates":[[[-4.27716,5.4029],[-4.29142,5.4029],[-4.29142,5.41716],[-4.27716,5.41716],[-4.27716,5.4029]]]},"properties":{"region":"Lagunes","district":"Abidjan","floods_1m":1,"floods_2m":1,"floods_3m":1,"first_flood_m":1,"nests":true,"area_km2":2.503}},{"type":"Feature","geometry":{"type":"Polygon","coordinates":[[[-5.27522,5.17477],[-5.28948,5.17477],[-5.28948,5.17847],[-5.27522,5.1881],[-5.27522,5.17477]]]},"properties":{"region":"Lagunes","district":"Grand-Lahou","floods_1m":0,"floods_2m":0,"floods_3m":1,"first_flood_m":3,"nests":true,"area_km2":1.495}},{"type":"Feature","geometry":{"type":"Polygon","coordinates":[[[-4.36271,5.24606],[-4.37696,5.24606],[-4.37696,5.24695],[-4.37696,5.26032],[-4.36271,5.26032],[-4.36271,5.24695],[-4.36271,5.24606]]]},"properties":{"region":"Lagunes","district":"Abidjan","floods_1m":1,"floods_2m":1,"floods_3m":1,"first_flood_m":1,"nests":true,"area_km2":2.502}},{"type":"Feature","geometry":{"type":"Polygon","coordinates":[[[-4.94728,5.14042],[-4.94847,5.14042],[-4.94847,5.14014],[-4.95264,5.14014],[-4.95264,5.13986],[-4.95542,5.13986],[-4.95542,5.13958],[-4.96153,5.13958],[-4.96153,5.13931],[-4.96154,5.13931],[-4.96154,5.14626],[-4.94728,5.14626],[-4.94728,5.14042]]]},"properties":{"region":"Lagunes","district":"Grand-Lahou","floods_1m":1,"floods_2m":1,"floods_3m":1,"first_flood_m":1,"nests":true,"area_km2":1.122}},{"type":"Feature","geometry":{"type":"Polygon","coordinates":[[[-4.31993,5.31735],[-4.33419,5.31735],[-4.33419,5.33161],[-4.31993,5.33161],[-4.31993,5.31735]]]},"properties":{"region":"Lagunes","district":"Abidjan","floods_1m":1,"floods_2m":1,"floods_3m":1,"first_flood_m":1,"nests":true,"area_km2":2.503}},{"type":"Feature","geometry":{"type":"Polygon","coordinates":[[[-3.92071,5.28884],[-3.93497,5.28884],[-3.93497,5.3031],[-3.92071,5.3031],[-3.92071,5.28884]]]},"properties":{"region":"Lagunes","district":"Abidjan","floods_1m":1,"floods_2m":1,"floods_3m":1,"first_flood_m":1,"nests":true,"area_km2":2.504}},{"type":"Feature","geometry":{"type":"Polygon","coordinates":[[[-4.34845,5.28884],[-4.36271,5.28884],[-4.36271,5.3031],[-4.34845,5.3031],[-4.34845,5.28884]]]},"properties":{"region":"Lagunes","district":"Abidjan","floods_1m":1,"floods_2m":1,"floods_3m":1,"first_flood_m":1,"nests":true,"area_km2":2.504}},{"type":"Feature","geometry":{"type":"Polygon","coordinates":[[[-3.69258,5.18903],[-3.70684,5.18903],[-3.70684,5.20329],[-3.69258,5.20329],[-3.69258,5.18903]]]},"properties":{"region":"Lagunes","district":"Abidjan","floods_1m":1,"floods_2m":1,"floods_3m":1,"first_flood_m":1,"nests":true,"area_km2":2.504}},{"type":"Feature","geometry":{"type":"Polygon","coordinates":[[[-5.03283,5.17477],[-5.04709,5.17477],[-5.04709,5.18903],[-5.03283,5.18903],[-5.03283,5.17477]]]},"properties":{"region":"Lagunes","district":"Grand-Lahou","floods_1m":0,"floods_2m":0,"floods_3m":1,"first_flood_m":3,"nests":true,"area_km2":2.504}},{"type":"Feature","geometry":{"type":"Polygon","coordinates":[[[-5.31799,5.11774],[-5.33225,5.11774],[-5.33225,5.132],[-5.31799,5.132],[-5.31799,5.11774]]]},"properties":{"region":"Lagunes","district":"Grand-Lahou","floods_1m":0,"floods_2m":0,"floods_3m":1,"first_flood_m":3,"nests":true,"area_km2":2.504}},{"type":"Feature","geometry":{"type":"Polygon","coordinates":[[[-5.34651,5.11774],[-5.36077,5.11774],[-5.36077,5.132],[-5.34651,5.132],[-5.34651,5.11774]]]},"properties":{"region":"Lagunes","district":"Grand-Lahou","floods_1m":0,"floods_2m":0,"floods_3m":1,"first_flood_m":3,"nests":true,"area_km2":2.504}},{"type":"Feature","geometry":{"type":"Polygon","coordinates":[[[-3.70684,5.20329],[-3.7211,5.20329],[-3.7211,5.21755],[-3.70684,5.21755],[-3.70684,5.20329]]]},"properties":{"region":"Lagunes","district":"Abidjan","floods_1m":1,"floods_2m":1,"floods_3m":1,"first_flood_m":1,"nests":true,"area_km2":2.504}},{"type":"Feature","geometry":{"type":"Polygon","coordinates":[[[-5.03283,5.20329],[-5.04709,5.20329],[-5.04709,5.21755],[-5.03283,5.21755],[-5.03283,5.20329]]]},"properties":{"region":"Lagunes","district":"Grand-Lahou","floods_1m":0,"floods_2m":0,"floods_3m":1,"first_flood_m":3,"nests":true,"area_km2":2.504}},{"type":"Feature","geometry":{"type":"Polygon","coordinates":[[[-4.19161,5.22431],[-4.19181,5.22431],[-4.19181,5.22403],[-4.19347,5.22403],[-4.19347,5.22375],[-4.1943,5.22375],[-4.1943,5.22347],[-4.19486,5.22347],[-4.19486,5.22403],[-4.19569,5.22403],[-4.19569,5.22375],[-4.19819,5.22375],[-4.19819,5.22347],[-4.19931,5.22347],[-4.19931,5.2232],[-4.20042,5.2232],[-4.20042,5.22292],[-4.2007,5.22292],[-4.2007,5.2232],[-4.20097,5.2232],[-4.20097,5.22292],[-4.20347,5.22292],[-4.20347,5.22264],[-4.20542,5.22264],[-4.20542,5.22236],[-4.20587,5.22236],[-4.20587,5.23181],[-4.19161,5.23181],[-4.19161,5.22431]]]},"properties":{"region":"Lagunes","district":"Abidjan","floods_1m":1,"floods_2m":1,"floods_3m":1,"first_flood_m":1,"nests":true,"area_km2":1.483}},{"type":"Feature","geometry":{"type":"Polygon","coordinates":[[[-5.38928,5.10319],[-5.38928,5.10348],[-5.38403,5.10348],[-5.38403,5.10347],[-5.38653,5.10347],[-5.38653,5.10319],[-5.38928,5.10319]]]},"properties":{"region":"Lagunes","district":"Grand-Lahou","floods_1m":0,"floods_2m":0,"floods_3m":1,"first_flood_m":3,"nests":true,"area_km2":0.01}},{"type":"Feature","geometry":{"type":"Polygon","coordinates":[[[-5.26096,5.132],[-5.27522,5.132],[-5.27522,5.14626],[-5.26096,5.14626],[-5.26096,5.132]]]},"properties":{"region":"Lagunes","district":"Grand-Lahou","floods_1m":0,"floods_2m":0,"floods_3m":1,"first_flood_m":3,"nests":true,"area_km2":2.504}},{"type":"Feature","geometry":{"type":"Polygon","coordinates":[[[-5.27522,5.132],[-5.28948,5.132],[-5.28948,5.14626],[-5.27522,5.14626],[-5.27522,5.132]]]},"properties":{"region":"Lagunes","district":"Grand-Lahou","floods_1m":0,"floods_2m":0,"floods_3m":1,"first_flood_m":3,"nests":true,"area_km2":2.504}},{"type":"Feature","geometry":{"type":"Polygon","coordinates":[[[-4.02051,5.28884],[-4.03477,5.28884],[-4.03477,5.28884],[-4.03477,5.3031],[-4.03477,5.3031],[-4.02051,5.3031],[-4.02051,5.28884]]]},"properties":{"region":"Lagunes","district":"Abidjan","floods_1m":1,"floods_2m":1,"floods_3m":1,"first_flood_m":1,"nests":true,"area_km2":2.504}},{"type":"Feature","geometry":{"type":"Polygon","coordinates":[[[-4.81896,5.16052],[-4.83322,5.16052],[-4.83322,5.17477],[-4.81896,5.17477],[-4.81896,5.16052]]]},"properties":{"region":"Lagunes","district":"Grand-Lahou","floods_1m":1,"floods_2m":1,"floods_3m":1,"first_flood_m":1,"nests":true,"area_km2":2.502}},{"type":"Feature","geometry":{"type":"Polygon","coordinates":[[[-5.31799,5.132],[-5.33225,5.132],[-5.33225,5.14626],[-5.31799,5.14626],[-5.31799,5.132]]]},"properties":{"region":"Lagunes","district":"Grand-Lahou","floods_1m":0,"floods_2m":0,"floods_3m":1,"first_flood_m":3,"nests":true,"area_km2":2.504}},{"type":"Feature","geometry":{"type":"Polygon","coordinates":[[[-4.87599,5.17477],[-4.8858,5.17477],[-4.89025,5.17477],[-4.89025,5.18903],[-4.8858,5.18903],[-4.87599,5.18903],[-4.87599,5.17477]]]},"properties":{"region":"Lagunes","district":"Grand-Lahou","floods_1m":1,"floods_2m":1,"floods_3m":1,"first_flood_m":1,"nests":true,"area_km2":2.504}},{"type":"Feature","geometry":{"type":"Polygon","coordinates":[[[-4.9758,5.13875],[-4.97847,5.13875],[-4.97847,5.13847],[-4.97958,5.13847],[-4.97958,5.13819],[-4.98042,5.13819],[-4.98042,5.13792],[-4.99006,5.13792],[-4.99006,5.14626],[-4.9758,5.14626],[-4.9758,5.13875]]]},"properties":{"region":"Lagunes","district":"Grand-Lahou","floods_1m":1,"floods_2m":1,"floods_3m":1,"first_flood_m":1,"nests":true,"area_km2":1.427}},{"type":"Feature","geometry":{"type":"Polygon","coordinates":[[[-3.55,5.36013],[-3.56426,5.36013],[-3.56426,5.37439],[-3.55,5.37439],[-3.55,5.36013]]]},"properties":{"region":"Lagunes","district":"Abidjan","floods_1m":1,"floods_2m":1,"floods_3m":1,"first_flood_m":1,"nests":true,"area_km2":2.503}},{"type":"Feature","geometry":{"type":"Polygon","coordinates":[[[-3.64981,5.26032],[-3.66406,5.26032],[-3.66406,5.27458],[-3.64981,5.27458],[-3.64981,5.26032]]]},"properties":{"region":"Lagunes","district":"Abidjan","floods_1m":1,"floods_2m":1,"floods_3m":1,"first_flood_m":1,"nests":true,"area_km2":2.502}},{"type":"Feature","geometry":{"type":"Polygon","coordinates":[[[-4.2629,5.3031],[-4.27716,5.3031],[-4.27716,5.31735],[-4.2629,5.31735],[-4.2629,5.3031]]]},"properties":{"region":"Lagunes","district":"Abidjan","floods_1m":1,"floods_2m":1,"floods_3m":1,"first_flood_m":1,"nests":true,"area_km2":2.502}},{"type":"Feature","geometry":{"type":"Polygon","coordinates":[[[-3.93497,5.27458],[-3.94922,5.27458],[-3.94922,5.28884],[-3.93497,5.28884],[-3.93497,5.27458]]]},"properties":{"region":"Lagunes","district":"Abidjan","floods_1m":1,"floods_2m":1,"floods_3m":1,"first_flood_m":1,"nests":true,"area_km2":2.502}},{"type":"Feature","geometry":{"type":"Polygon","coordinates":[[[-5.54612,5.10348],[-5.56038,5.10348],[-5.56038,5.11774],[-5.54612,5.11774],[-5.54612,5.10348]]]},"properties":{"region":"Sud-Bandama","district":"Divo","floods_1m":0,"floods_2m":1,"floods_3m":1,"first_flood_m":2,"nests":true,"area_km2":2.504}},{"type":"Feature","geometry":{"type":"Polygon","coordinates":[[[-5.18967,5.132],[-5.20393,5.132],[-5.20393,5.14626],[-5.18967,5.14626],[-5.18967,5.132]]]},"properties":{"region":"Lagunes","district":"Grand-Lahou","floods_1m":0,"floods_2m":0,"floods_3m":1,"first_flood_m":3,"nests":true,"area_km2":2.504}},{"type":"Feature","geometry":{"type":"Polygon","coordinates":[[[-4.81896,5.1493],[-4.82042,5.1493],[-4.82042,5.14903],[-4.82125,5.14903],[-4.82125,5.14875],[-4.82208,5.14875],[-4.82208,5.14847],[-4.82264,5.14847],[-4.82264,5.14875],[-4.82347,5.14875],[-4.82347,5.14847],[-4.82458,5.14847],[-4.82458,5.14819],[-4.82986,5.14819],[-4.82986,5.14792],[-4.83125,5.14792],[-4.83125,5.14764],[-4.83153,5.14764],[-4.83153,5.14792],[-4.83181,5.14792],[-4.83181,5.14764],[-4.83236,5.14764],[-4.83236,5.14736],[-4.83322,5.14736],[-4.83322,5.16052],[-4.81896,5.16052],[-4.81896,5.1493]]]},"properties":{"region":"Lagunes","district":"Grand-Lahou","floods_1m":1,"floods_2m":1,"floods_3m":1,"first_flood_m":1,"nests":true,"area_km2":2.139}},{"type":"Feature","geometry":{"type":"Polygon","coordinates":[[[-4.93303,5.20329],[-4.94728,5.20329],[-4.94728,5.21755],[-4.93303,5.21755],[-4.93303,5.20329]]]},"properties":{"region":"Lagunes","district":"Grand-Lahou","floods_1m":0,"floods_2m":0,"floods_3m":1,"first_flood_m":3,"nests":true,"area_km2":2.502}},{"type":"Feature","geometry":{"type":"Polygon","coordinates":[[[-4.90451,5.1432],[-4.90847,5.1432],[-4.90847,5.14292],[-4.90931,5.14292],[-4.90931,5.14264],[-4.91097,5.14264],[-4.91097,5.14236],[-4.91125,5.14236],[-4.91125,5.14264],[-4.91264,5.14264],[-4.91264,5.14236],[-4.91458,5.14236],[-4.91458,5.14208],[-4.91708,5.14208],[-4.91708,5.14181],[-4.91875,5.14181],[-4.91875,5.14208],[-4.91877,5.14208],[-4.91877,5.14626],[-4.90451,5.14626],[-4.90451,5.1432]]]},"properties":{"region":"Lagunes","district":"Grand-Lahou","floods_1m":1,"floods_2m":1,"floods_3m":1,"first_flood_m":1,"nests":true,"area_km2":0.648}},{"type":"Feature","geometry":{"type":"Polygon","coordinates":[[[-5.23244,5.20909],[-5.23244,5.20329],[-5.2467,5.20329],[-5.2467,5.20699],[-5.24654,5.20703],[-5.24303,5.21253],[-5.23244,5.20909]]]},"properties":{"region":"Lagunes","district":"Grand-Lahou","floods_1m":0,"floods_2m":0,"floods_3m":1,"first_flood_m":3,"nests":true,"area_km2":1.268}},{"type":"Feature","geometry":{"type":"Polygon","coordinates":[[[-5.00432,5.20329],[-5.01857,5.20329],[-5.01857,5.21755],[-5.00432,5.21755],[-5.00432,5.20329]]]},"properties":{"region":"Lagunes","district":"Grand-Lahou","floods_1m":0,"floods_2m":0,"floods_3m":1,"first_flood_m":3,"nests":true,"area_km2":2.502}},{"type":"Feature","geometry":{"type":"Polygon","coordinates":[[[-5.58889,5.10348],[-5.59181,5.10348],[-5.59181,5.10486],[-5.59153,5.10486],[-5.59153,5.10625],[-5.59125,5.10625],[-5.59125,5.10736],[-5.59097,5.10736],[-5.59097,5.10792],[-5.59125,5.10792],[-5.59125,5.10847],[-5.59097,5.10847],[-5.59097,5.10931],[-5.59125,5.10931],[-5.59125,5.10958],[-5.59097,5.10958],[-5.59097,5.11014],[-5.59069,5.11014],[-5.59069,5.11125],[-5.59153,5.11125],[-5.59153,5.11264],[-5.59208,5.11264],[-5.59208,5.11236],[-5.59236,5.11236],[-5.59236,5.11153],[-5.59264,5.11153],[-5.59264,5.11069],[-5.59208,5.11069],[-5.59208,5.10931],[-5.59264,5.10931],[-5.59264,5.10903],[-5.59236,5.10903],[-5.59236,5.10764],[-5.59264,5.10764],[-5.59264,5.10681],[-5.59292,5.10681],[-5.59292,5.10625],[-5.59319,5.10625],[-5.59319,5.10597],[-5.59347,5.10597],[-5.59347,5.10514],[-5.59375,5.10514],[-5.59375,5.10486],[-5.59431,5.10486],[-5.59431,5.10458],[-5.59458,5.10458],[-5.59458,5.10431],[-5.59514,5.10431],[-5.59514,5.10403],[-5.59653,5.10403],[-5.59653,5.10431],[-5.59708,5.10431],[-5.59708,5.10486],[-5.59736,5.10486],[-5.59736,5.10514],[-5.59708,5.10514],[-5.59708,5.10597],[-5.59736,5.10597],[-5.59736,5.10625],[-5.59792,5.10625],[-5.59792,5.10708],[-5.59847,5.10708],[-5.59847,5.10764],[-5.59875,5.10764],[-5.59875,5.10847],[-5.59903,5.10847],[-5.59903,5.10875],[-5.59931,5.10875],[-5.59931,5.10986],[-5.59958,5.10986],[-5.59958,5.11014],[-5.59986,5.11014],[-5.59986,5.11042],[-5.59903,5.11042],[-5.59903,5.11069],[-5.59875,5.11069],[-5.59875,5.11153],[-5.59903,5.11153],[-5.59903,5.11181],[-5.59986,5.11181],[-5.59986,5.11153],[-5.60097,5.11153],[-5.60097,5.11125],[-5.60153,5.11125],[-5.60153,5.11042],[-5.60181,5.11042],[-5.60181,5.10986],[-5.60153,5.10986],[-5.60153,5.10736],[-5.60097,5.10736],[-5.60097,5.10569],[-5.60125,5.10569],[-5.60125,5.10542],[-5.60181,5.10542],[-5.60181,5.10514],[-5.60208,5.10514],[-5.60208,5.10486],[-5.60264,5.10486],[-5.60264,5.10458],[-5.60315,5.10458],[-5.60315,5.11774],[-5.58889,5.11774],[-5.58889,5.10348]]]},"properties":{"region":"Sud-Bandama","district":"Divo","floods_1m":1,"floods_2m":1,"floods_3m":1,"first_flood_m":1,"nests":true,"area_km2":1.958}},{"type":"Feature","geometry":{"type":"Polygon","coordinates":[[[-4.7049,5.16319],[-4.70597,5.16319],[-4.70597,5.16292],[-4.70875,5.16292],[-4.70875,5.16264],[-4.71014,5.16264],[-4.71014,5.16236],[-4.71125,5.16236],[-4.71125,5.16208],[-4.71208,5.16208],[-4.71208,5.16181],[-4.71236,5.16181],[-4.71236,5.16153],[-4.71292,5.16153],[-4.71292,5.16181],[-4.71542,5.16181],[-4.71542,5.16153],[-4.71569,5.16153],[-4.71569,5.16125],[-4.71708,5.16125],[-4.71708,5.16097],[-4.71819,5.16097],[-4.71819,5.16069],[-4.71916,5.16069],[-4.71916,5.17477],[-4.7049,5.17477],[-4.7049,5.16319]]]},"properties":{"region":"Lagunes","district":"Abidjan","floods_1m":1,"floods_2m":1,"floods_3m":1,"first_flood_m":1,"nests":true,"area_km2":2.232}},{"type":"Feature","geometry":{"type":"Polygon","coordinates":[[[-5.28948,5.14626],[-5.30373,5.14626],[-5.30373,5.16052],[-5.28948,5.16052],[-5.28948,5.14626]]]},"properties":{"region":"Lagunes","district":"Grand-Lahou","floods_1m":0,"floods_2m":0,"floods_3m":1,"first_flood_m":3,"nests":true,"area_km2":2.502}},{"type":"Feature","geometry":{"type":"Polygon","coordinates":[[[-4.37696,5.24606],[-4.39122,5.24606],[-4.39122,5.24695],[-4.39122,5.26032],[-4.37696,5.26032],[-4.37696,5.24695],[-4.37696,5.24606]]]},"properties":{"region":"Lagunes","district":"Abidjan","floods_1m":1,"floods_2m":1,"floods_3m":1,"first_flood_m":1,"nests":true,"area_km2":2.504}},{"type":"Feature","geometry":{"type":"Polygon","coordinates":[[[-4.12032,5.31735],[-4.13458,5.31735],[-4.13458,5.33161],[-4.12032,5.33161],[-4.12032,5.31735]]]},"properties":{"region":"Lagunes","district":"Abidjan","floods_1m":1,"floods_2m":1,"floods_3m":1,"first_flood_m":1,"nests":true,"area_km2":2.503}},{"type":"Feature","geometry":{"type":"Polygon","coordinates":[[[-4.31993,5.38864],[-4.33419,5.38864],[-4.33419,5.4029],[-4.31993,5.4029],[-4.31993,5.38864]]]},"properties":{"region":"Lagunes","district":"Abidjan","floods_1m":0,"floods_2m":1,"floods_3m":1,"first_flood_m":2,"nests":true,"area_km2":2.503}},{"type":"Feature","geometry":{"type":"Polygon","coordinates":[[[-3.63555,5.24606],[-3.64981,5.24606],[-3.64981,5.24695],[-3.64981,5.26032],[-3.63555,5.26032],[-3.63555,5.24695],[-3.63555,5.24606]]]},"properties":{"region":"Lagunes","district":"Abidjan","floods_1m":1,"floods_2m":1,"floods_3m":1,"first_flood_m":1,"nests":true,"area_km2":2.504}},{"type":"Feature","geometry":{"type":"Polygon","coordinates":[[[-4.96154,5.27458],[-4.9758,5.27458],[-4.9758,5.28884],[-4.96154,5.28884],[-4.96154,5.27458]]]},"properties":{"region":"Lagunes","district":"Grand-Lahou","floods_1m":1,"floods_2m":1,"floods_3m":1,"first_flood_m":1,"nests":true,"area_km2":2.504}},{"type":"Feature","geometry":{"type":"Polygon","coordinates":[[[-3.93497,5.28884],[-3.94922,5.28884],[-3.94922,5.3031],[-3.93497,5.3031],[-3.93497,5.28884]]]},"properties":{"region":"Lagunes","district":"Abidjan","floods_1m":1,"floods_2m":1,"floods_3m":1,"first_flood_m":1,"nests":true,"area_km2":2.502}},{"type":"Feature","geometry":{"type":"Polygon","coordinates":[[[-4.96154,5.28884],[-4.9758,5.28884],[-4.9758,5.3031],[-4.96154,5.3031],[-4.96154,5.28884]]]},"properties":{"region":"Lagunes","district":"Grand-Lahou","floods_1m":1,"floods_2m":1,"floods_3m":1,"first_flood_m":1,"nests":true,"area_km2":2.504}},{"type":"Feature","geometry":{"type":"Polygon","coordinates":[[[-4.00626,5.24606],[-4.02051,5.24606],[-4.02051,5.26032],[-4.00626,5.26032],[-4.00626,5.24695],[-4.00626,5.24606]]]},"properties":{"region":"Lagunes","district":"Abidjan","floods_1m":1,"floods_2m":1,"floods_3m":1,"first_flood_m":1,"nests":true,"area_km2":2.502}},{"type":"Feature","geometry":{"type":"Polygon","coordinates":[[[-4.8047,5.16052],[-4.81896,5.16052],[-4.81896,5.17477],[-4.8047,5.17477],[-4.8047,5.16052]]]},"properties":{"region":"Lagunes","district":"Grand-Lahou","floods_1m":1,"floods_2m":1,"floods_3m":1,"first_flood_m":1,"nests":true,"area_km2":2.502}},{"type":"Feature","geometry":{"type":"Polygon","coordinates":[[[-5.21819,5.132],[-5.23244,5.132],[-5.23244,5.14626],[-5.21819,5.14626],[-5.21819,5.132]]]},"properties":{"region":"Lagunes","district":"Grand-Lahou","floods_1m":0,"floods_2m":1,"floods_3m":1,"first_flood_m":2,"nests":true,"area_km2":2.502}},{"type":"Feature","geometry":{"type":"Polygon","coordinates":[[[-5.01857,5.18903],[-5.03283,5.18903],[-5.03283,5.20329],[-5.01857,5.20329],[-5.01857,5.18903]]]},"properties":{"region":"Lagunes","district":"Grand-Lahou","floods_1m":0,"floods_2m":0,"floods_3m":1,"first_flood_m":3,"nests":true,"area_km2":2.504}},{"type":"Feature","geometry":{"type":"Polygon","coordinates":[[[-5.08986,5.132],[-5.10412,5.132],[-5.10412,5.14626],[-5.08986,5.14626],[-5.08986,5.132]]]},"properties":{"region":"Lagunes","district":"Grand-Lahou","floods_1m":0,"floods_2m":0,"floods_3m":1,"first_flood_m":3,"nests":true,"area_km2":2.504}},{"type":"Feature","geometry":{"type":"Polygon","coordinates":[[[-4.34845,5.20764],[-4.34958,5.20764],[-4.34958,5.20736],[-4.35014,5.20736],[-4.35014,5.20708],[-4.35097,5.20708],[-4.35097,5.20681],[-4.35125,5.20681],[-4.35125,5.20708],[-4.35153,5.20708],[-4.35153,5.20681],[-4.35319,5.20681],[-4.35319,5.20653],[-4.35458,5.20653],[-4.35458,5.20681],[-4.35486,5.20681],[-4.35486,5.20653],[-4.35542,5.20653],[-4.35542,5.20681],[-4.35653,5.20681],[-4.35653,5.20653],[-4.35764,5.20653],[-4.35764,5.20625],[-4.3618,5.20625],[-4.3618,5.20597],[-4.36271,5.20597],[-4.36271,5.21755],[-4.34845,5.21755],[-4.34845,5.20764]]]},"properties":{"region":"Lagunes","district":"Abidjan","floods_1m":1,"floods_2m":1,"floods_3m":1,"first_flood_m":1,"nests":true,"area_km2":1.915}},{"type":"Feature","geometry":{"type":"Polygon","coordinates":[[[-5.36077,5.132],[-5.37502,5.132],[-5.37502,5.14626],[-5.36077,5.14626],[-5.36077,5.132]]]},"properties":{"region":"Lagunes","district":"Grand-Lahou","floods_1m":0,"floods_2m":0,"floods_3m":1,"first_flood_m":3,"nests":true,"area_km2":2.502}},{"type":"Feature","geometry":{"type":"Polygon","coordinates":[[[-4.47677,5.23181],[-4.49103,5.23181],[-4.49103,5.24606],[-4.47677,5.24606],[-4.47677,5.23181]]]},"properties":{"region":"Lagunes","district":"Abidjan","floods_1m":1,"floods_2m":1,"floods_3m":1,"first_flood_m":1,"nests":true,"area_km2":2.502}},{"type":"Feature","geometry":{"type":"Polygon","coordinates":[[[-3.8209,5.4029],[-3.83516,5.4029],[-3.83516,5.41716],[-3.8209,5.41716],[-3.8209,5.4029]]]},"properties":{"region":"Lagunes","district":"Abidjan","floods_1m":1,"floods_2m":1,"floods_3m":1,"first_flood_m":1,"nests":true,"area_km2":2.503}},{"type":"Feature","geometry":{"type":"Polygon","coordinates":[[[-3.77813,5.34587],[-3.79239,5.34587],[-3.79239,5.36013],[-3.77813,5.36013],[-3.77813,5.34587]]]},"properties":{"region":"Lagunes","district":"Abidjan","floods_1m":1,"floods_2m":1,"floods_3m":1,"first_flood_m":1,"nests":true,"area_km2":2.503}},{"type":"Feature","geometry":{"type":"Polygon","coordinates":[[[-5.07561,5.13208],[-5.07569,5.13208],[-5.07569,5.132],[-5.08986,5.132],[-5.08986,5.14626],[-5.07561,5.14626],[-5.07561,5.13208]]]},"properties":{"region":"Lagunes","district":"Grand-Lahou","floods_1m":0,"floods_2m":0,"floods_3m":1,"first_flood_m":3,"nests":true,"area_km2":2.502}},{"type":"Feature","geometry":{"type":"Polygon","coordinates":[[[-5.26096,5.21755],[-5.27522,5.21755],[-5.27522,5.23181],[-5.26096,5.23181],[-5.26096,5.21755]]]},"properties":{"region":"Sud-Bandama","district":"Divo","floods_1m":0,"floods_2m":0,"floods_3m":1,"first_flood_m":3,"nests":true,"area_km2":2.504}},{"type":"Feature","geometry":{"type":"Polygon","coordinates":[[[-4.91877,5.20329],[-4.93303,5.20329],[-4.93303,5.21755],[-4.91877,5.21755],[-4.91877,5.20329]]]},"properties":{"region":"Lagunes","district":"Grand-Lahou","floods_1m":0,"floods_2m":1,"floods_3m":1,"first_flood_m":2,"nests":true,"area_km2":2.504}},{"type":"Feature","geometry":{"type":"Polygon","coordinates":[[[-4.30567,5.27458],[-4.31993,5.27458],[-4.31993,5.28884],[-4.30567,5.28884],[-4.30567,5.27458]]]},"properties":{"region":"Lagunes","district":"Abidjan","floods_1m":1,"floods_2m":1,"floods_3m":1,"first_flood_m":1,"nests":true,"area_km2":2.504}},{"type":"Feature","geometry":{"type":"Polygon","coordinates":[[[-4.61935,5.24606],[-4.63361,5.24606],[-4.63361,5.24695],[-4.63361,5.26032],[-4.61935,5.26032],[-4.61935,5.24695],[-4.61935,5.24606]]]},"properties":{"region":"Lagunes","district":"Abidjan","floods_1m":1,"floods_2m":1,"floods_3m":1,"first_flood_m":1,"nests":true,"area_km2":2.504}},{"type":"Feature","geometry":{"type":"Polygon","coordinates":[[[-5.33225,5.11774],[-5.34651,5.11774],[-5.34651,5.132],[-5.33225,5.132],[-5.33225,5.11774]]]},"properties":{"region":"Lagunes","district":"Grand-Lahou","floods_1m":0,"floods_2m":0,"floods_3m":1,"first_flood_m":3,"nests":true,"area_km2":2.504}},{"type":"Feature","geometry":{"type":"Polygon","coordinates":[[[-5.5176,5.08847],[-5.5182,5.08847],[-5.5182,5.08819],[-5.51931,5.08819],[-5.51931,5.08792],[-5.52042,5.08792],[-5.52042,5.08764],[-5.52298,5.08764],[-5.52347,5.08764],[-5.52347,5.08736],[-5.52458,5.08736],[-5.52458,5.08708],[-5.52514,5.08708],[-5.52514,5.08728],[-5.52514,5.08736],[-5.52486,5.08736],[-5.52486,5.08764],[-5.52458,5.08764],[-5.52458,5.08792],[-5.52569,5.08792],[-5.52569,5.08764],[-5.52792,5.08764],[-5.52792,5.08736],[-5.53014,5.08736],[-5.53014,5.08708],[-5.53042,5.08708],[-5.53042,5.08653],[-5.53153,5.08653],[-5.53153,5.08625],[-5.53186,5.08625],[-5.53186,5.08923],[-5.5176,5.08923],[-5.5176,5.08847]]]},"properties":{"region":"Sud-Bandama","district":"Divo","floods_1m":1,"floods_2m":1,"floods_3m":1,"first_flood_m":1,"nests":true,"area_km2":0.295}},{"type":"Feature","geometry":{"type":"Polygon","coordinates":[[[-5.2467,5.14626],[-5.26096,5.14626],[-5.26096,5.16052],[-5.2467,5.16052],[-5.2467,5.14626]]]},"properties":{"region":"Lagunes","district":"Grand-Lahou","floods_1m":0,"floods_2m":1,"floods_3m":1,"first_flood_m":2,"nests":true,"area_km2":2.504}},{"type":"Feature","geometry":{"type":"Polygon","coordinates":[[[-3.83516,5.43142],[-3.84942,5.43142],[-3.84942,5.44568],[-3.83516,5.44568],[-3.83516,5.43142]]]},"properties":{"region":"Lagunes","district":"Abidjan","floods_1m":1,"floods_2m":1,"floods_3m":1,"first_flood_m":1,"nests":true,"area_km2":2.503}},{"type":"Feature","geometry":{"type":"Polygon","coordinates":[[[-3.93497,5.3031],[-3.94922,5.3031],[-3.94922,5.31735],[-3.93497,5.31735],[-3.93497,5.3031]]]},"properties":{"region":"Lagunes","district":"Abidjan","floods_1m":1,"floods_2m":1,"floods_3m":1,"first_flood_m":1,"nests":true,"area_km2":2.5}},{"type":"Feature","geometry":{"type":"Polygon","coordinates":[[[-5.20371,5.20329],[-5.20393,5.20329],[-5.20393,5.20336],[-5.20371,5.20329]]]},"properties":{"region":"Lagunes","district":"Grand-Lahou","floods_1m":0,"floods_2m":0,"floods_3m":1,"first_flood_m":3,"nests":true,"area_km2":0.0}},{"type":"Feature","geometry":{"type":"Polygon","coordinates":[[[-4.10606,5.23569],[-4.10764,5.23569],[-4.10764,5.23542],[-4.10903,5.23542],[-4.10903,5.23514],[-4.10986,5.23514],[-4.10986,5.23486],[-4.11125,5.23486],[-4.11125,5.23458],[-4.11173,5.23458],[-4.11292,5.23458],[-4.11292,5.2343],[-4.11542,5.2343],[-4.11542,5.23403],[-4.11681,5.23403],[-4.11681,5.23375],[-4.1182,5.23375],[-4.1182,5.23347],[-4.12032,5.23347],[-4.12032,5.24606],[-4.10606,5.24606],[-4.10606,5.23569]]]},"properties":{"region":"Lagunes","district":"Abidjan","floods_1m":1,"floods_2m":1,"floods_3m":1,"first_flood_m":1,"nests":true,"area_km2":2.03}},{"type":"Feature","geometry":{"type":"Polygon","coordinates":[[[-5.30373,5.11292],[-5.30486,5.11292],[-5.30486,5.11264],[-5.30736,5.11264],[-5.30736,5.11236],[-5.30986,5.11236],[-5.30986,5.11208],[-5.31236,5.11208],[-5.31236,5.11181],[-5.31486,5.11181],[-5.31486,5.11153],[-5.31736,5.11153],[-5.31736,5.11125],[-5.31799,5.11125],[-5.31799,5.11774],[-5.30373,5.11774],[-5.30373,5.11292]]]},"properties":{"region":"Lagunes","district":"Grand-Lahou","floods_1m":1,"floods_2m":1,"floods_3m":1,"first_flood_m":1,"nests":true,"area_km2":0.988}},{"type":"Feature","geometry":{"type":"MultiPolygon","coordinates":[[[[-5.75999,5.06181],[-5.76125,5.06181],[-5.76125,5.06153],[-5.76153,5.06153],[-5.76153,5.06097],[-5.76181,5.06097],[-5.76181,5.06071],[-5.77425,5.06071],[-5.77425,5.07497],[-5.75999,5.07497],[-5.75999,5.06181]]],[[[-5.75999,5.06071],[-5.76014,5.06071],[-5.76014,5.06097],[-5.75999,5.06097],[-5.75999,5.06071]]]]},"properties":{"region":"Sud-Bandama","district":"Divo","floods_1m":1,"floods_2m":1,"floods_3m":1,"first_flood_m":1,"nests":true,"area_km2":2.484}},{"type":"Feature","geometry":{"type":"Polygon","coordinates":[[[-5.00432,5.16052],[-5.01857,5.16052],[-5.01857,5.17477],[-5.00432,5.17477],[-5.00432,5.16052]]]},"properties":{"region":"Lagunes","district":"Grand-Lahou","floods_1m":1,"floods_2m":1,"floods_3m":1,"first_flood_m":1,"nests":true,"area_km2":2.501}},{"type":"Feature","geometry":{"type":"Polygon","coordinates":[[[-4.27716,5.41716],[-4.29142,5.41716],[-4.29142,5.43142],[-4.27716,5.43142],[-4.27716,5.41716]]]},"properties":{"region":"Lagunes","district":"Abidjan","floods_1m":1,"floods_2m":1,"floods_3m":1,"first_flood_m":1,"nests":true,"area_km2":2.503}},{"type":"Feature","geometry":{"type":"Polygon","coordinates":[[[-5.38928,5.10348],[-5.40354,5.10348],[-5.40354,5.11774],[-5.38928,5.11774],[-5.38928,5.10348]]]},"properties":{"region":"Lagunes","district":"Grand-Lahou","floods_1m":1,"floods_2m":1,"floods_3m":1,"first_flood_m":1,"nests":true,"area_km2":2.504}},{"type":"Feature","geometry":{"type":"Polygon","coordinates":[[[-3.62129,5.18903],[-3.63555,5.18903],[-3.63555,5.20329],[-3.62129,5.20329],[-3.62129,5.18903]]]},"properties":{"region":"Lagunes","district":"Abidjan","floods_1m":1,"floods_2m":1,"floods_3m":1,"first_flood_m":1,"nests":true,"area_km2":2.504}},{"type":"Feature","geometry":{"type":"Polygon","coordinates":[[[-5.20393,5.14626],[-5.21819,5.14626],[-5.21819,5.16052],[-5.20393,5.16052],[-5.20393,5.14626]]]},"properties":{"region":"Lagunes","district":"Grand-Lahou","floods_1m":0,"floods_2m":1,"floods_3m":1,"first_flood_m":2,"nests":true,"area_km2":2.504}},{"type":"Feature","geometry":{"type":"Polygon","coordinates":[[[-3.79239,5.23181],[-3.80664,5.23181],[-3.80664,5.24606],[-3.79239,5.24606],[-3.79239,5.23181]]]},"properties":{"region":"Lagunes","district":"Abidjan","floods_1m":1,"floods_2m":1,"floods_3m":1,"first_flood_m":1,"nests":true,"area_km2":2.5}},{"type":"Feature","geometry":{"type":"Polygon","coordinates":[[[-5.33225,5.17477],[-5.34651,5.17477],[-5.34651,5.18903],[-5.33225,5.18903],[-5.33225,5.17477]]]},"properties":{"region":"Sud-Bandama","district":"Divo","floods_1m":0,"floods_2m":0,"floods_3m":1,"first_flood_m":3,"nests":true,"area_km2":2.504}},{"type":"Feature","geometry":{"type":"Polygon","coordinates":[[[-5.27522,5.11597],[-5.27597,5.11597],[-5.27597,5.11569],[-5.27903,5.11569],[-5.27903,5.11542],[-5.28181,5.11542],[-5.28181,5.11514],[-5.28486,5.11514],[-5.28486,5.11486],[-5.28736,5.11486],[-5.28736,5.11458],[-5.28948,5.11458],[-5.28948,5.11774],[-5.27522,5.11774],[-5.27522,5.11597]]]},"properties":{"region":"Lagunes","district":"Grand-Lahou","floods_1m":1,"floods_2m":1,"floods_3m":1,"first_flood_m":1,"nests":true,"area_km2":0.442}},{"type":"Feature","geometry":{"type":"Polygon","coordinates":[[[-5.07561,5.17477],[-5.08986,5.17477],[-5.08986,5.18331],[-5.08022,5.18903],[-5.07561,5.18903],[-5.07561,5.17477]]]},"properties":{"region":"Lagunes","district":"Grand-Lahou","floods_1m":0,"floods_2m":0,"floods_3m":1,"first_flood_m":3,"nests":true,"area_km2":2.163}},{"type":"Feature","geometry":{"type":"Polygon","coordinates":[[[-4.60509,5.20329],[-4.61935,5.20329],[-4.61935,5.21755],[-4.60509,5.21755],[-4.60509,5.20329]]]},"properties":{"region":"Lagunes","district":"Abidjan","floods_1m":1,"floods_2m":1,"floods_3m":1,"first_flood_m":1,"nests":true,"area_km2":2.504}},{"type":"Feature","geometry":{"type":"Polygon","coordinates":[[[-5.36077,5.1619],[-5.36077,5.16052],[-5.37502,5.16052],[-5.37502,5.17006],[-5.36077,5.1619]]]},"properties":{"region":"Lagunes","district":"Grand-Lahou","floods_1m":0,"floods_2m":0,"floods_3m":1,"first_flood_m":3,"nests":true,"area_km2":0.958}},{"type":"Feature","geometry":{"type":"Polygon","coordinates":[[[-5.31799,5.14626],[-5.33225,5.14626],[-5.33225,5.14958],[-5.31799,5.15921],[-5.31799,5.14626]]]},"properties":{"region":"Lagunes","district":"Grand-Lahou","floods_1m":0,"floods_2m":0,"floods_3m":1,"first_flood_m":3,"nests":true,"area_km2":1.429}},{"type":"Feature","geometry":{"type":"Polygon","coordinates":[[[-5.11838,5.12903],[-5.11847,5.12903],[-5.11847,5.12875],[-5.11903,5.12875],[-5.11903,5.12903],[-5.12181,5.12903],[-5.12181,5.12875],[-5.12292,5.12875],[-5.12292,5.12847],[-5.12319,5.12847],[-5.12319,5.12875],[-5.12347,5.12875],[-5.12347,5.12847],[-5.12653,5.12847],[-5.12653,5.12875],[-5.12681,5.12875],[-5.12681,5.12847],[-5.12764,5.12847],[-5.12764,5.12819],[-5.12875,5.12819],[-5.12875,5.12847],[-5.12931,5.12847],[-5.12931,5.12819],[-5.13014,5.12819],[-5.13014,5.12847],[-5.13042,5.12847],[-5.13042,5.12819],[-5.13264,5.12819],[-5.13264,5.132],[-5.11838,5.132],[-5.11838,5.12903]]]},"properties":{"region":"Lagunes","district":"Grand-Lahou","floods_1m":1,"floods_2m":1,"floods_3m":1,"first_flood_m":1,"nests":true,"area_km2":0.607}},{"type":"Feature","geometry":{"type":"Polygon","coordinates":[[[-3.80664,5.26032],[-3.8209,5.26032],[-3.8209,5.27458],[-3.80664,5.27458],[-3.80664,5.26032]]]},"properties":{"region":"Lagunes","district":"Abidjan","floods_1m":1,"floods_2m":1,"floods_3m":1,"first_flood_m":1,"nests":true,"area_km2":2.504}},{"type":"Feature","geometry":{"type":"Polygon","coordinates":[[[-3.8209,5.28884],[-3.83516,5.28884],[-3.83516,5.3031],[-3.8209,5.3031],[-3.8209,5.28884]]]},"properties":{"region":"Lagunes","district":"Abidjan","floods_1m":1,"floods_2m":1,"floods_3m":1,"first_flood_m":1,"nests":true,"area_km2":2.504}},{"type":"Feature","geometry":{"type":"Polygon","coordinates":[[[-4.87599,5.20329],[-4.8858,5.20329],[-4.89025,5.20329],[-4.89025,5.21755],[-4.8858,5.21755],[-4.87599,5.21755],[-4.87599,5.20329]]]},"properties":{"region":"Lagunes","district":"Grand-Lahou","floods_1m":0,"floods_2m":1,"floods_3m":1,"first_flood_m":2,"nests":true,"area_km2":2.504}},{"type":"Feature","geometry":{"type":"Polygon","coordinates":[[[-5.20393,5.132],[-5.21819,5.132],[-5.21819,5.14626],[-5.20393,5.14626],[-5.20393,5.132]]]},"properties":{"region":"Lagunes","district":"Grand-Lahou","floods_1m":0,"floods_2m":0,"floods_3m":1,"first_flood_m":3,"nests":true,"area_km2":2.504}},{"type":"Feature","geometry":{"type":"Polygon","coordinates":[[[-3.39316,5.19134],[-3.40742,5.19723],[-3.40742,5.20329],[-3.39316,5.20329],[-3.39316,5.19134]]]},"properties":{"region":"Lagunes","district":"Abidjan","floods_1m":0,"floods_2m":1,"floods_3m":1,"first_flood_m":2,"nests":true,"area_km2":1.581}},{"type":"Feature","geometry":{"type":"Polygon","coordinates":[[[-3.60703,5.3031],[-3.62129,5.3031],[-3.62129,5.31735],[-3.60703,5.31735],[-3.60703,5.3031]]]},"properties":{"region":"Lagunes","district":"Abidjan","floods_1m":0,"floods_2m":1,"floods_3m":1,"first_flood_m":2,"nests":true,"area_km2":2.502}},{"type":"Feature","geometry":{"type":"Polygon","coordinates":[[[-4.31993,5.34587],[-4.33419,5.34587],[-4.33419,5.36013],[-4.31993,5.36013],[-4.31993,5.34587]]]},"properties":{"region":"Lagunes","district":"Abidjan","floods_1m":0,"floods_2m":1,"floods_3m":1,"first_flood_m":2,"nests":true,"area_km2":2.503}},{"type":"Feature","geometry":{"type":"Polygon","coordinates":[[[-4.20587,5.28884],[-4.22013,5.28884],[-4.22013,5.3031],[-4.20587,5.3031],[-4.20587,5.28884]]]},"properties":{"region":"Lagunes","district":"Abidjan","floods_1m":1,"floods_2m":1,"floods_3m":1,"first_flood_m":1,"nests":true,"area_km2":2.504}},{"type":"Feature","geometry":{"type":"Polygon","coordinates":[[[-4.47677,5.26032],[-4.49103,5.26032],[-4.49103,5.27458],[-4.47677,5.27458],[-4.47677,5.26032]]]},"properties":{"region":"Lagunes","district":"Abidjan","floods_1m":1,"floods_2m":1,"floods_3m":1,"first_flood_m":1,"nests":true,"area_km2":2.504}},{"type":"Feature","geometry":{"type":"Polygon","coordinates":[[[-3.80664,5.3031],[-3.8209,5.3031],[-3.8209,5.31735],[-3.80664,5.31735],[-3.80664,5.3031]]]},"properties":{"region":"Lagunes","district":"Abidjan","floods_1m":1,"floods_2m":1,"floods_3m":1,"first_flood_m":1,"nests":true,"area_km2":2.502}},{"type":"Feature","geometry":{"type":"Polygon","coordinates":[[[-5.28948,5.16052],[-5.30373,5.16052],[-5.30373,5.16884],[-5.29495,5.17477],[-5.28948,5.17477],[-5.28948,5.16052]]]},"properties":{"region":"Lagunes","district":"Grand-Lahou","floods_1m":0,"floods_2m":0,"floods_3m":1,"first_flood_m":3,"nests":true,"area_km2":2.18}},{"type":"Feature","geometry":{"type":"Polygon","coordinates":[[[-3.73535,5.27458],[-3.74961,5.27458],[-3.74961,5.28884],[-3.73535,5.28884],[-3.73535,5.27458]]]},"properties":{"region":"Lagunes","district":"Abidjan","floods_1m":1,"floods_2m":1,"floods_3m":1,"first_flood_m":1,"nests":true,"area_km2":2.504}},{"type":"Feature","geometry":{"type":"Polygon","coordinates":[[[-4.36271,5.28884],[-4.37696,5.28884],[-4.37696,5.3031],[-4.36271,5.3031],[-4.36271,5.28884]]]},"properties":{"region":"Lagunes","district":"Abidjan","floods_1m":1,"floods_2m":1,"floods_3m":1,"first_flood_m":1,"nests":true,"area_km2":2.502}},{"type":"Feature","geometry":{"type":"Polygon","coordinates":[[[-4.22013,5.47419],[-4.23438,5.47419],[-4.23438,5.48845],[-4.22013,5.48845],[-4.22013,5.47419]]]},"properties":{"region":"Lagunes","district":"Abidjan","floods_1m":1,"floods_2m":1,"floods_3m":1,"first_flood_m":1,"nests":true,"area_km2":2.501}},{"type":"Feature","geometry":{"type":"Polygon","coordinates":[[[-4.5338,5.20329],[-4.54806,5.20329],[-4.54806,5.21755],[-4.5338,5.21755],[-4.5338,5.20329]]]},"properties":{"region":"Lagunes","district":"Abidjan","floods_1m":1,"floods_2m":1,"floods_3m":1,"first_flood_m":1,"nests":true,"area_km2":2.504}},{"type":"Feature","geometry":{"type":"Polygon","coordinates":[[[-5.40354,5.16052],[-5.4178,5.16052],[-5.4178,5.17477],[-5.40354,5.17477],[-5.40354,5.16052]]]},"properties":{"region":"Lagunes","district":"Grand-Lahou","floods_1m":1,"floods_2m":1,"floods_3m":1,"first_flood_m":1,"nests":true,"area_km2":2.502}},{"type":"Feature","geometry":{"type":"Polygon","coordinates":[[[-5.16115,5.12597],[-5.16181,5.12597],[-5.16181,5.1257],[-5.16208,5.1257],[-5.16208,5.12597],[-5.16264,5.12597],[-5.16264,5.12625],[-5.16375,5.12625],[-5.16375,5.12597],[-5.16458,5.12597],[-5.16458,5.1257],[-5.16819,5.1257],[-5.16819,5.12597],[-5.16847,5.12597],[-5.16847,5.1257],[-5.1693,5.1257],[-5.1693,5.12542],[-5.17042,5.12542],[-5.17042,5.1257],[-5.1718,5.1257],[-5.1718,5.12542],[-5.17458,5.12542],[-5.17458,5.12514],[-5.17541,5.12514],[-5.17541,5.132],[-5.16115,5.132],[-5.16115,5.12597]]]},"properties":{"region":"Lagunes","district":"Grand-Lahou","floods_1m":1,"floods_2m":1,"floods_3m":1,"first_flood_m":1,"nests":true,"area_km2":1.11}},{"type":"Feature","geometry":{"type":"Polygon","coordinates":[[[-3.59277,5.31735],[-3.60703,5.31735],[-3.60703,5.33161],[-3.59277,5.33161],[-3.59277,5.31735]]]},"properties":{"region":"Lagunes","district":"Abidjan","floods_1m":0,"floods_2m":1,"floods_3m":1,"first_flood_m":2,"nests":true,"area_km2":2.503}},{"type":"Feature","geometry":{"type":"Polygon","coordinates":[[[-4.83322,5.17477],[-4.84748,5.17477],[-4.84748,5.18903],[-4.83322,5.18903],[-4.83322,5.17477]]]},"properties":{"region":"Lagunes","district":"Grand-Lahou","floods_1m":1,"floods_2m":1,"floods_3m":1,"first_flood_m":1,"nests":true,"area_km2":2.504}},{"type":"Feature","geometry":{"type":"Polygon","coordinates":[[[-4.51954,5.20329],[-4.5338,5.20329],[-4.5338,5.21755],[-4.51954,5.21755],[-4.51954,5.20329]]]},"properties":{"region":"Lagunes","district":"Abidjan","floods_1m":1,"floods_2m":1,"floods_3m":1,"first_flood_m":1,"nests":true,"area_km2":2.504}},{"type":"Feature","geometry":{"type":"Polygon","coordinates":[[[-5.26096,5.16052],[-5.27522,5.16052],[-5.27522,5.17477],[-5.26096,5.17477],[-5.26096,5.16052]]]},"properties":{"region":"Lagunes","district":"Grand-Lahou","floods_1m":0,"floods_2m":0,"floods_3m":1,"first_flood_m":3,"nests":true,"area_km2":2.502}},{"type":"Feature","geometry":{"type":"Polygon","coordinates":[[[-4.84748,5.18903],[-4.86174,5.18903],[-4.86174,5.20329],[-4.84748,5.20329],[-4.84748,5.18903]]]},"properties":{"region":"Lagunes","district":"Grand-Lahou","floods_1m":1,"floods_2m":1,"floods_3m":1,"first_flood_m":1,"nests":true,"area_km2":2.504}},{"type":"Feature","geometry":{"type":"Polygon","coordinates":[[[-4.30567,5.21181],[-4.30597,5.21181],[-4.30597,5.21153],[-4.30736,5.21153],[-4.30736,5.21125],[-4.3082,5.21125],[-4.3082,5.21153],[-4.30986,5.21153],[-4.30986,5.21125],[-4.31153,5.21125],[-4.31153,5.21097],[-4.31347,5.21097],[-4.31347,5.21069],[-4.31403,5.21069],[-4.31403,5.21097],[-4.31514,5.21097],[-4.31514,5.21069],[-4.31653,5.21069],[-4.31653,5.21042],[-4.31875,5.21042],[-4.31875,5.21014],[-4.31993,5.21014],[-4.31993,5.21755],[-4.30567,5.21755],[-4.30567,5.21181]]]},"properties":{"region":"Lagunes","district":"Abidjan","floods_1m":1,"floods_2m":1,"floods_3m":1,"first_flood_m":1,"nests":true,"area_km2":1.156}},{"type":"Feature","geometry":{"type":"Polygon","coordinates":[[[-4.2629,5.24606],[-4.27716,5.24606],[-4.27716,5.24695],[-4.27716,5.26032],[-4.2629,5.26032],[-4.2629,5.24695],[-4.2629,5.24606]]]},"properties":{"region":"Lagunes","district":"Abidjan","floods_1m":1,"floods_2m":1,"floods_3m":1,"first_flood_m":1,"nests":true,"area_km2":2.504}},{"type":"Feature","geometry":{"type":"Polygon","coordinates":[[[-4.27716,5.31735],[-4.29142,5.31735],[-4.29142,5.33161],[-4.27716,5.33161],[-4.27716,5.31735]]]},"properties":{"region":"Lagunes","district":"Abidjan","floods_1m":1,"floods_2m":1,"floods_3m":1,"first_flood_m":1,"nests":true,"area_km2":2.503}},{"type":"Feature","geometry":{"type":"Polygon","coordinates":[[[-4.76193,5.41716],[-4.77619,5.41716],[-4.77619,5.43142],[-4.76193,5.43142],[-4.76193,5.41716]]]},"properties":{"region":"Lagunes","district":"Grand-Lahou","floods_1m":0,"floods_2m":0,"floods_3m":1,"first_flood_m":3,"nests":true,"area_km2":2.503}},{"type":"Feature","geometry":{"type":"Polygon","coordinates":[[[-4.434,5.24606],[-4.44825,5.24606],[-4.44825,5.24695],[-4.44825,5.26032],[-4.434,5.26032],[-4.434,5.24695],[-4.434,5.24606]]]},"properties":{"region":"Lagunes","district":"Abidjan","floods_1m":1,"floods_2m":1,"floods_3m":1,"first_flood_m":1,"nests":true,"area_km2":2.502}},{"type":"Feature","geometry":{"type":"Polygon","coordinates":[[[-4.8047,5.17498],[-4.8064,5.17669],[-4.80716,5.18903],[-4.8047,5.18903],[-4.8047,5.17498]]]},"properties":{"region":"Lagunes","district":"Abidjan","floods_1m":1,"floods_2m":1,"floods_3m":1,"first_flood_m":1,"nests":true,"area_km2":0.334}},{"type":"Feature","geometry":{"type":"Polygon","coordinates":[[[-3.8209,5.23181],[-3.83516,5.23181],[-3.83516,5.24606],[-3.8209,5.24606],[-3.8209,5.23181]]]},"properties":{"region":"Lagunes","district":"Abidjan","floods_1m":0,"floods_2m":1,"floods_3m":1,"first_flood_m":2,"nests":true,"area_km2":2.502}},{"type":"Feature","geometry":{"type":"Polygon","coordinates":[[[-4.29142,5.28884],[-4.30567,5.28884],[-4.30567,5.3031],[-4.29142,5.3031],[-4.29142,5.28884]]]},"properties":{"region":"Lagunes","district":"Abidjan","floods_1m":1,"floods_2m":1,"floods_3m":1,"first_flood_m":1,"nests":true,"area_km2":2.502}},{"type":"Feature","geometry":{"type":"Polygon","coordinates":[[[-3.69258,5.18681],[-3.69403,5.18681],[-3.69403,5.18708],[-3.69597,5.18708],[-3.69597,5.18736],[-3.69792,5.18736],[-3.69792,5.18764],[-3.69958,5.18764],[-3.69958,5.18792],[-3.70208,5.18792],[-3.70208,5.18819],[-3.70458,5.18819],[-3.70458,5.18847],[-3.70569,5.18847],[-3.70569,5.18875],[-3.70684,5.18875],[-3.70684,5.18903],[-3.69258,5.18903],[-3.69258,5.18681]]]},"properties":{"region":"Lagunes","district":"Abidjan","floods_1m":1,"floods_2m":1,"floods_3m":1,"first_flood_m":1,"nests":true,"area_km2":0.226}},{"type":"Feature","geometry":{"type":"Polygon","coordinates":[[[-4.83322,5.20329],[-4.84748,5.20329],[-4.84748,5.21755],[-4.83322,5.21755],[-4.83322,5.20329]]]},"properties":{"region":"Lagunes","district":"Grand-Lahou","floods_1m":1,"floods_2m":1,"floods_3m":1,"first_flood_m":1,"nests":true,"area_km2":2.504}},{"type":"Feature","geometry":{"type":"Polygon","coordinates":[[[-4.69064,5.18903],[-4.7049,5.18903],[-4.7049,5.20329],[-4.69064,5.20329],[-4.69064,5.18903]]]},"properties":{"region":"Lagunes","district":"Abidjan","floods_1m":1,"floods_2m":1,"floods_3m":1,"first_flood_m":1,"nests":true,"area_km2":2.504}},{"type":"Feature","geometry":{"type":"Polygon","coordinates":[[[-3.56426,5.23181],[-3.57852,5.23181],[-3.57852,5.24606],[-3.56426,5.24606],[-3.56426,5.23181]]]},"properties":{"region":"Lagunes","district":"Abidjan","floods_1m":1,"floods_2m":1,"floods_3m":1,"first_flood_m":1,"nests":true,"area_km2":2.502}},{"type":"Feature","geometry":{"type":"Polygon","coordinates":[[[-4.60509,5.17986],[-4.60792,5.17986],[-4.60792,5.17958],[-4.60847,5.17958],[-4.60847,5.17931],[-4.60903,5.17931],[-4.60903,5.17903],[-4.61097,5.17903],[-4.61097,5.17931],[-4.61153,5.17931],[-4.61153,5.17875],[-4.61208,5.17875],[-4.61208,5.17847],[-4.61292,5.17847],[-4.61292,5.17819],[-4.61569,5.17819],[-4.61569,5.17792],[-4.61736,5.17792],[-4.61736,5.17764],[-4.61935,5.17764],[-4.61935,5.18903],[-4.60509,5.18903],[-4.60509,5.17986]]]},"properties":{"region":"Lagunes","district":"Abidjan","floods_1m":1,"floods_2m":1,"floods_3m":1,"first_flood_m":1,"nests":true,"area_km2":1.813}},{"type":"Feature","geometry":{"type":"Polygon","coordinates":[[[-5.10412,5.132],[-5.11838,5.132],[-5.11838,5.14626],[-5.10412,5.14626],[-5.10412,5.132]]]},"properties":{"region":"Lagunes","district":"Grand-Lahou","floods_1m":0,"floods_2m":0,"floods_3m":1,"first_flood_m":3,"nests":true,"area_km2":2.504}},{"type":"Feature","geometry":{"type":"Polygon","coordinates":[[[-5.20393,5.20336],[-5.20393,5.20329],[-5.21819,5.20329],[-5.21819,5.20447],[-5.21697,5.20408],[-5.21127,5.20584],[-5.20393,5.20336]]]},"properties":{"region":"Lagunes","district":"Grand-Lahou","floods_1m":1,"floods_2m":1,"floods_3m":1,"first_flood_m":1,"nests":true,"area_km2":0.25}},{"type":"Feature","geometry":{"type":"Polygon","coordinates":[[[-4.94728,5.28884],[-4.96154,5.28884],[-4.96154,5.3031],[-4.94728,5.3031],[-4.94728,5.28884]]]},"properties":{"region":"Lagunes","district":"Grand-Lahou","floods_1m":0,"floods_2m":1,"floods_3m":1,"first_flood_m":2,"nests":true,"area_km2":2.504}},{"type":"Feature","geometry":{"type":"Polygon","coordinates":[[[-4.56232,5.28884],[-4.57658,5.28884],[-4.57658,5.3031],[-4.56232,5.3031],[-4.56232,5.28884]]]},"properties":{"region":"Lagunes","district":"Abidjan","floods_1m":1,"floods_2m":1,"floods_3m":1,"first_flood_m":1,"nests":true,"area_km2":2.504}},{"type":"Feature","geometry":{"type":"Polygon","coordinates":[[[-4.80716,5.18903],[-4.81896,5.18903],[-4.81896,5.20329],[-4.80804,5.20329],[-4.80716,5.18903]]]},"properties":{"region":"Lagunes","district":"Grand-Lahou","floods_1m":1,"floods_2m":1,"floods_3m":1,"first_flood_m":1,"nests":true,"area_km2":1.995}},{"type":"Feature","geometry":{"type":"Polygon","coordinates":[[[-5.23244,5.20909],[-5.24303,5.21253],[-5.24654,5.20703],[-5.2467,5.20699],[-5.2467,5.21755],[-5.23244,5.21755],[-5.23244,5.20909]]]},"properties":{"region":"Sud-Bandama","district":"Divo","floods_1m":0,"floods_2m":1,"floods_3m":1,"first_flood_m":2,"nests":true,"area_km2":1.235}},{"type":"Feature","geometry":{"type":"Polygon","coordinates":[[[-4.04903,5.26032],[-4.06329,5.26032],[-4.06329,5.27458],[-4.04903,5.27458],[-4.04903,5.26032]]]},"properties":{"region":"Lagunes","district":"Abidjan","floods_1m":1,"floods_2m":1,"floods_3m":1,"first_flood_m":1,"nests":true,"area_km2":2.504}},{"type":"Feature","geometry":{"type":"Polygon","coordinates":[[[-4.74767,5.16052],[-4.76193,5.16052],[-4.76193,5.17477],[-4.74767,5.17477],[-4.74767,5.16052]]]},"properties":{"region":"Lagunes","district":"Abidjan","floods_1m":1,"floods_2m":1,"floods_3m":1,"first_flood_m":1,"nests":true,"area_km2":2.502}},{"type":"Feature","geometry":{"type":"Polygon","coordinates":[[[-4.89025,5.17477],[-4.90451,5.17477],[-4.90451,5.18903],[-4.89025,5.18903],[-4.89025,5.17477]]]},"properties":{"region":"Lagunes","district":"Grand-Lahou","floods_1m":1,"floods_2m":1,"floods_3m":1,"first_flood_m":1,"nests":true,"area_km2":2.504}},{"type":"Feature","geometry":{"type":"Polygon","coordinates":[[[-5.01857,5.17477],[-5.03283,5.17477],[-5.03283,5.18903],[-5.01857,5.18903],[-5.01857,5.17477]]]},"properties":{"region":"Lagunes","district":"Grand-Lahou","floods_1m":0,"floods_2m":0,"floods_3m":1,"first_flood_m":3,"nests":true,"area_km2":2.504}},{"type":"Feature","geometry":{"type":"Polygon","coordinates":[[[-4.9758,5.14626],[-4.99006,5.14626],[-4.99006,5.16052],[-4.9758,5.16052],[-4.9758,5.14626]]]},"properties":{"region":"Lagunes","district":"Grand-Lahou","floods_1m":0,"floods_2m":0,"floods_3m":1,"first_flood_m":3,"nests":true,"area_km2":2.504}},{"type":"Feature","geometry":{"type":"Polygon","coordinates":[[[-5.18967,5.19854],[-5.18967,5.18903],[-5.20393,5.18903],[-5.20393,5.20329],[-5.20371,5.20329],[-5.18967,5.19854]]]},"properties":{"region":"Lagunes","district":"Grand-Lahou","floods_1m":0,"floods_2m":0,"floods_3m":1,"first_flood_m":3,"nests":true,"area_km2":2.093}},{"type":"Feature","geometry":{"type":"Polygon","coordinates":[[[-4.16309,5.28884],[-4.17735,5.28884],[-4.17735,5.3031],[-4.16309,5.3031],[-4.16309,5.28884]]]},"properties":{"region":"Lagunes","district":"Abidjan","floods_1m":1,"floods_2m":1,"floods_3m":1,"first_flood_m":1,"nests":true,"area_km2":2.504}},{"type":"Feature","geometry":{"type":"Polygon","coordinates":[[[-5.63167,5.10348],[-5.64592,5.10348],[-5.64592,5.11774],[-5.63167,5.11774],[-5.63167,5.10348]]]},"properties":{"region":"Sud-Bandama","district":"Divo","floods_1m":0,"floods_2m":0,"floods_3m":1,"first_flood_m":3,"nests":true,"area_km2":2.503}},{"type":"Feature","geometry":{"type":"Polygon","coordinates":[[[-4.7049,5.24606],[-4.71916,5.24606],[-4.71916,5.24695],[-4.71916,5.26032],[-4.7049,5.26032],[-4.7049,5.24695],[-4.7049,5.24606]]]},"properties":{"region":"Lagunes","district":"Abidjan","floods_1m":1,"floods_2m":1,"floods_3m":1,"first_flood_m":1,"nests":true,"area_km2":2.504}},{"type":"Feature","geometry":{"type":"Polygon","coordinates":[[[-4.86174,5.14626],[-4.87599,5.14626],[-4.87599,5.16052],[-4.86174,5.16052],[-4.86174,5.14626]]]},"properties":{"region":"Lagunes","district":"Grand-Lahou","floods_1m":0,"floods_2m":1,"floods_3m":1,"first_flood_m":2,"nests":true,"area_km2":2.502}},{"type":"Feature","geometry":{"type":"Polygon","coordinates":[[[-4.66212,5.24606],[-4.67638,5.24606],[-4.67638,5.24695],[-4.67638,5.26032],[-4.66212,5.26032],[-4.66212,5.24695],[-4.66212,5.24606]]]},"properties":{"region":"Lagunes","district":"Abidjan","floods_1m":1,"floods_2m":1,"floods_3m":1,"first_flood_m":1,"nests":true,"area_km2":2.504}},{"type":"Feature","geometry":{"type":"Polygon","coordinates":[[[-4.36271,5.20597],[-4.36403,5.20597],[-4.36403,5.2057],[-4.3682,5.2057],[-4.3682,5.20542],[-4.36903,5.20542],[-4.36903,5.2057],[-4.36931,5.2057],[-4.36931,5.20542],[-4.36958,5.20542],[-4.36958,5.20514],[-4.37125,5.20514],[-4.37125,5.20486],[-4.37653,5.20486],[-4.37653,5.20458],[-4.37696,5.20458],[-4.37696,5.21755],[-4.36271,5.21755],[-4.36271,5.20597]]]},"properties":{"region":"Lagunes","district":"Abidjan","floods_1m":1,"floods_2m":1,"floods_3m":1,"first_flood_m":1,"nests":true,"area_km2":2.151}},{"type":"Feature","geometry":{"type":"Polygon","coordinates":[[[-5.30373,5.14626],[-5.31799,5.14626],[-5.31799,5.15921],[-5.31606,5.16052],[-5.30373,5.16052],[-5.30373,5.14626]]]},"properties":{"region":"Lagunes","district":"Grand-Lahou","floods_1m":0,"floods_2m":0,"floods_3m":1,"first_flood_m":3,"nests":true,"area_km2":2.489}},{"type":"Feature","geometry":{"type":"Polygon","coordinates":[[[-3.64981,5.50271],[-3.66406,5.50271],[-3.66406,5.51697],[-3.64981,5.51697],[-3.64981,5.50271]]]},"properties":{"region":"Lagunes","district":"Abidjan","floods_1m":0,"floods_2m":1,"floods_3m":1,"first_flood_m":2,"nests":true,"area_km2":2.501}},{"type":"Feature","geometry":{"type":"Polygon","coordinates":[[[-4.47677,5.24606],[-4.49103,5.24606],[-4.49103,5.24695],[-4.49103,5.26032],[-4.47677,5.26032],[-4.47677,5.24695],[-4.47677,5.24606]]]},"properties":{"region":"Lagunes","district":"Abidjan","floods_1m":1,"floods_2m":1,"floods_3m":1,"first_flood_m":1,"nests":true,"area_km2":2.504}},{"type":"Feature","geometry":{"type":"Polygon","coordinates":[[[-3.87793,5.34587],[-3.89219,5.34587],[-3.89219,5.36013],[-3.87793,5.36013],[-3.87793,5.34587]]]},"properties":{"region":"Lagunes","district":"Abidjan","floods_1m":1,"floods_2m":1,"floods_3m":1,"first_flood_m":1,"nests":true,"area_km2":2.503}},{"type":"Feature","geometry":{"type":"Polygon","coordinates":[[[-5.21819,5.18903],[-5.23244,5.18903],[-5.23244,5.20329],[-5.21819,5.20329],[-5.21819,5.18903]]]},"properties":{"region":"Lagunes","district":"Grand-Lahou","floods_1m":0,"floods_2m":0,"floods_3m":1,"first_flood_m":3,"nests":true,"area_km2":2.502}},{"type":"Feature","geometry":{"type":"Polygon","coordinates":[[[-3.53574,5.17501],[-3.53621,5.17477],[-3.55,5.17477],[-3.55,5.18903],[-3.53574,5.18903],[-3.53574,5.17501]]]},"properties":{"region":"Lagunes","district":"Abidjan","floods_1m":1,"floods_2m":1,"floods_3m":1,"first_flood_m":1,"nests":true,"area_km2":2.503}},{"type":"Feature","geometry":{"type":"Polygon","coordinates":[[[-3.74961,5.19625],[-3.74986,5.19625],[-3.74986,5.19653],[-3.75125,5.19653],[-3.75125,5.1968],[-3.75264,5.1968],[-3.75264,5.19708],[-3.75403,5.19708],[-3.75403,5.19736],[-3.75569,5.19736],[-3.75569,5.19764],[-3.75708,5.19764],[-3.75708,5.19792],[-3.75875,5.19792],[-3.75875,5.19819],[-3.76014,5.19819],[-3.76014,5.19847],[-3.76153,5.19847],[-3.76153,5.19875],[-3.76264,5.19875],[-3.76264,5.19903],[-3.76387,5.19903],[-3.76387,5.20329],[-3.74961,5.20329],[-3.74961,5.19625]]]},"properties":{"region":"Lagunes","district":"Abidjan","floods_1m":1,"floods_2m":1,"floods_3m":1,"first_flood_m":1,"nests":true,"area_km2":0.979}},{"type":"Feature","geometry":{"type":"Polygon","coordinates":[[[-5.2467,5.11847],[-5.24958,5.11847],[-5.24958,5.1183],[-5.24958,5.1182],[-5.25076,5.1182],[-5.25236,5.1182],[-5.25236,5.11806],[-5.25236,5.11792],[-5.25402,5.11792],[-5.25542,5.11792],[-5.25542,5.1178],[-5.25542,5.11774],[-5.26096,5.11774],[-5.26096,5.132],[-5.2467,5.132],[-5.2467,5.11847]]]},"properties":{"region":"Lagunes","district":"Grand-Lahou","floods_1m":1,"floods_2m":1,"floods_3m":1,"first_flood_m":1,"nests":true,"area_km2":2.456}},{"type":"Feature","geometry":{"type":"Polygon","coordinates":[[[-4.0918,5.3031],[-4.10606,5.3031],[-4.10606,5.31735],[-4.0918,5.31735],[-4.0918,5.3031]]]},"properties":{"region":"Lagunes","district":"Abidjan","floods_1m":1,"floods_2m":1,"floods_3m":1,"first_flood_m":1,"nests":true,"area_km2":2.502}},{"type":"Feature","geometry":{"type":"Polygon","coordinates":[[[-5.20393,5.17477],[-5.21819,5.17477],[-5.21819,5.18903],[-5.20393,5.18903],[-5.20393,5.17477]]]},"properties":{"region":"Lagunes","district":"Grand-Lahou","floods_1m":0,"floods_2m":0,"floods_3m":1,"first_flood_m":3,"nests":true,"area_km2":2.504}},{"type":"Feature","geometry":{"type":"Polygon","coordinates":[[[-4.91877,5.18903],[-4.93303,5.18903],[-4.93303,5.20329],[-4.91877,5.20329],[-4.91877,5.18903]]]},"properties":{"region":"Lagunes","district":"Grand-Lahou","floods_1m":0,"floods_2m":1,"floods_3m":1,"first_flood_m":2,"nests":true,"area_km2":2.504}},{"type":"Feature","geometry":{"type":"Polygon","coordinates":[[[-4.77619,5.21755],[-4.79045,5.21755],[-4.79045,5.23181],[-4.77619,5.23181],[-4.77619,5.21755]]]},"properties":{"region":"Lagunes","district":"Abidjan","floods_1m":1,"floods_2m":1,"floods_3m":1,"first_flood_m":1,"nests":true,"area_km2":2.504}},{"type":"Feature","geometry":{"type":"Polygon","coordinates":[[[-5.63167,5.06847],[-5.6318,5.06847],[-5.6318,5.06819],[-5.63431,5.06819],[-5.63431,5.06792],[-5.63708,5.06792],[-5.63708,5.06764],[-5.63736,5.06764],[-5.63736,5.06792],[-5.63764,5.06792],[-5.63764,5.06764],[-5.63847,5.06764],[-5.63847,5.06736],[-5.63903,5.06736],[-5.63903,5.06764],[-5.63958,5.06764],[-5.63958,5.06736],[-5.64208,5.06736],[-5.64208,5.06708],[-5.64292,5.06708],[-5.64292,5.0668],[-5.64319,5.0668],[-5.64319,5.06708],[-5.64431,5.06708],[-5.64431,5.0668],[-5.64486,5.0668],[-5.64486,5.06708],[-5.64542,5.06708],[-5.64542,5.0668],[-5.64592,5.0668],[-5.64592,5.07497],[-5.63167,5.07497],[-5.63167,5.06847]]]},"properties":{"region":"Sud-Bandama","district":"Divo","floods_1m":1,"floods_2m":1,"floods_3m":1,"first_flood_m":1,"nests":true,"area_km2":1.299}},{"type":"Feature","geometry":{"type":"Polygon","coordinates":[[[-5.01857,5.21755],[-5.03283,5.21755],[-5.03283,5.23181],[-5.01857,5.23181],[-5.01857,5.21755]]]},"properties":{"region":"Lagunes","district":"Grand-Lahou","floods_1m":0,"floods_2m":0,"floods_3m":1,"first_flood_m":3,"nests":true,"area_km2":2.504}},{"type":"Feature","geometry":{"type":"Polygon","coordinates":[[[-4.81896,5.18903],[-4.83322,5.18903],[-4.83322,5.20329],[-4.81896,5.20329],[-4.81896,5.18903]]]},"properties":{"region":"Lagunes","district":"Grand-Lahou","floods_1m":1,"floods_2m":1,"floods_3m":1,"first_flood_m":1,"nests":true,"area_km2":2.504}},{"type":"Feature","geometry":{"type":"Polygon","coordinates":[[[-5.21819,5.14626],[-5.23244,5.14626],[-5.23244,5.16052],[-5.21819,5.16052],[-5.21819,5.14626]]]},"properties":{"region":"Lagunes","district":"Grand-Lahou","floods_1m":0,"floods_2m":1,"floods_3m":1,"first_flood_m":2,"nests":true,"area_km2":2.502}},{"type":"Feature","geometry":{"type":"Polygon","coordinates":[[[-5.74573,5.05375],[-5.74653,5.05375],[-5.74653,5.05347],[-5.74875,5.05347],[-5.74875,5.05319],[-5.75014,5.05319],[-5.75014,5.05292],[-5.75097,5.05292],[-5.75097,5.05264],[-5.7518,5.05264],[-5.75181,5.05292],[-5.75208,5.05292],[-5.75208,5.05347],[-5.75181,5.05347],[-5.7518,5.05958],[-5.75153,5.05958],[-5.75153,5.06042],[-5.75208,5.06042],[-5.75208,5.06014],[-5.75264,5.06014],[-5.75264,5.05958],[-5.75292,5.05958],[-5.75292,5.05903],[-5.75319,5.05903],[-5.75319,5.05847],[-5.75347,5.05847],[-5.75347,5.05736],[-5.75375,5.05736],[-5.75375,5.05403],[-5.75403,5.05403],[-5.75403,5.05292],[-5.7543,5.05292],[-5.7543,5.05236],[-5.75458,5.05236],[-5.75458,5.05208],[-5.75625,5.05208],[-5.75625,5.05236],[-5.75653,5.05236],[-5.75653,5.05208],[-5.7568,5.05208],[-5.7568,5.05236],[-5.75847,5.05236],[-5.75847,5.05208],[-5.75875,5.05208],[-5.75875,5.05181],[-5.75903,5.05181],[-5.75903,5.05236],[-5.7593,5.05236],[-5.7593,5.05292],[-5.75903,5.05292],[-5.75903,5.05347],[-5.75875,5.05347],[-5.75875,5.05403],[-5.75903,5.05403],[-5.75903,5.05458],[-5.7593,5.05458],[-5.7593,5.05514],[-5.75958,5.05514],[-5.75958,5.05569],[-5.75986,5.05569],[-5.75986,5.05597],[-5.75999,5.05597],[-5.75999,5.06071],[-5.74573,5.06071],[-5.74573,5.05375]]]},"properties":{"region":"Sud-Bandama","district":"Divo","floods_1m":1,"floods_2m":1,"floods_3m":1,"first_flood_m":1,"nests":true,"area_km2":1.2}},{"type":"Feature","geometry":{"type":"Polygon","coordinates":[[[-5.31799,5.18903],[-5.33225,5.18903],[-5.33225,5.20329],[-5.31799,5.20329],[-5.31799,5.18903]]]},"properties":{"region":"Sud-Bandama","district":"Divo","floods_1m":0,"floods_2m":0,"floods_3m":1,"first_flood_m":3,"nests":true,"area_km2":2.504}},{"type":"Feature","geometry":{"type":"Polygon","coordinates":[[[-4.96154,5.23181],[-4.9758,5.23181],[-4.9758,5.24606],[-4.96154,5.24606],[-4.96154,5.23181]]]},"properties":{"region":"Lagunes","district":"Grand-Lahou","floods_1m":0,"floods_2m":0,"floods_3m":1,"first_flood_m":3,"nests":true,"area_km2":2.502}},{"type":"Feature","geometry":{"type":"Polygon","coordinates":[[[-3.60703,5.23181],[-3.62129,5.23181],[-3.62129,5.24606],[-3.60703,5.24606],[-3.60703,5.23181]]]},"properties":{"region":"Lagunes","district":"Abidjan","floods_1m":1,"floods_2m":1,"floods_3m":1,"first_flood_m":1,"nests":true,"area_km2":2.502}},{"type":"Feature","geometry":{"type":"Polygon","coordinates":[[[-4.64787,5.21755],[-4.66212,5.21755],[-4.66212,5.23181],[-4.64787,5.23181],[-4.64787,5.21755]]]},"properties":{"region":"Lagunes","district":"Abidjan","floods_1m":1,"floods_2m":1,"floods_3m":1,"first_flood_m":1,"nests":true,"area_km2":2.502}},{"type":"Feature","geometry":{"type":"Polygon","coordinates":[[[-5.26096,5.11774],[-5.27522,5.11774],[-5.27522,5.132],[-5.26096,5.132],[-5.26096,5.11774]]]},"properties":{"region":"Lagunes","district":"Grand-Lahou","floods_1m":0,"floods_2m":0,"floods_3m":1,"first_flood_m":3,"nests":true,"area_km2":2.504}},{"type":"Feature","geometry":{"type":"Polygon","coordinates":[[[-4.67638,5.17477],[-4.69064,5.17477],[-4.69064,5.18903],[-4.67638,5.18903],[-4.67638,5.17477]]]},"properties":{"region":"Lagunes","district":"Abidjan","floods_1m":0,"floods_2m":0,"floods_3m":1,"first_flood_m":3,"nests":true,"area_km2":2.504}},{"type":"Feature","geometry":{"type":"MultiPolygon","coordinates":[[[[-5.61741,5.08819],[-5.61741,5.08923],[-5.61542,5.08923],[-5.61542,5.08903],[-5.61569,5.08903],[-5.61569,5.08847],[-5.61625,5.08847],[-5.61625,5.08819],[-5.61741,5.08819]]],[[[-5.60315,5.07681],[-5.60403,5.07681],[-5.60403,5.07653],[-5.6043,5.07653],[-5.6043,5.07625],[-5.60486,5.07625],[-5.60486,5.07597],[-5.60653,5.07597],[-5.60653,5.0757],[-5.60903,5.0757],[-5.60903,5.07542],[-5.61014,5.07542],[-5.61014,5.07514],[-5.61181,5.07514],[-5.61181,5.07497],[-5.61741,5.07497],[-5.61741,5.08764],[-5.61708,5.08764],[-5.61708,5.08681],[-5.61514,5.08681],[-5.61514,5.08736],[-5.61403,5.08736],[-5.61403,5.08764],[-5.61375,5.08764],[-5.61375,5.08736],[-5.61347,5.08736],[-5.61347,5.08764],[-5.61292,5.08764],[-5.61292,5.08792],[-5.61208,5.08792],[-5.61208,5.08819],[-5.61181,5.08819],[-5.61181,5.08792],[-5.61097,5.08792],[-5.61097,5.08819],[-5.60986,5.08819],[-5.60986,5.08792],[-5.60931,5.08792],[-5.60931,5.08847],[-5.60736,5.08847],[-5.60736,5.08819],[-5.60458,5.08819],[-5.60458,5.08847],[-5.60375,5.08847],[-5.60375,5.08875],[-5.60319,5.08875],[-5.60319,5.08903],[-5.60315,5.08903],[-5.60315,5.07681]]]]},"properties":{"region":"Sud-Bandama","district":"Divo","floods_1m":1,"floods_2m":1,"floods_3m":1,"first_flood_m":1,"nests":true,"area_km2":2.207}},{"type":"Feature","geometry":{"type":"Polygon","coordinates":[[[-5.27522,5.21755],[-5.28948,5.21755],[-5.28948,5.23181],[-5.27522,5.23181],[-5.27522,5.21755]]]},"properties":{"region":"Sud-Bandama","district":"Divo","floods_1m":0,"floods_2m":0,"floods_3m":1,"first_flood_m":3,"nests":true,"area_km2":2.504}},{"type":"Feature","geometry":{"type":"Polygon","coordinates":[[[-5.48909,5.0918],[-5.49014,5.0918],[-5.49014,5.09153],[-5.49208,5.09153],[-5.49208,5.09125],[-5.49403,5.09125],[-5.49403,5.09097],[-5.49597,5.09097],[-5.49597,5.09069],[-5.49792,5.09069],[-5.49792,5.09042],[-5.49986,5.09042],[-5.49986,5.09014],[-5.50181,5.09014],[-5.50181,5.08986],[-5.50334,5.08986],[-5.50334,5.10348],[-5.48909,5.10348],[-5.48909,5.0918]]]},"properties":{"region":"Sud-Bandama","district":"Divo","floods_1m":1,"floods_2m":1,"floods_3m":1,"first_flood_m":1,"nests":true,"area_km2":2.225}},{"type":"Feature","geometry":{"type":"Polygon","coordinates":[[[-4.22013,5.3031],[-4.23438,5.3031],[-4.23438,5.31735],[-4.22013,5.31735],[-4.22013,5.3031]]]},"properties":{"region":"Lagunes","district":"Abidjan","floods_1m":1,"floods_2m":1,"floods_3m":1,"first_flood_m":1,"nests":true,"area_km2":2.5}},{"type":"Feature","geometry":{"type":"Polygon","coordinates":[[[-5.61741,5.09847],[-5.61764,5.09847],[-5.61764,5.10097],[-5.61792,5.10097],[-5.61792,5.10153],[-5.61819,5.10153],[-5.61819,5.10181],[-5.61847,5.10181],[-5.61847,5.10208],[-5.61958,5.10208],[-5.61958,5.10181],[-5.61986,5.10181],[-5.61986,5.10042],[-5.61958,5.10042],[-5.61958,5.09986],[-5.61931,5.09986],[-5.61931,5.09958],[-5.61903,5.09958],[-5.61903,5.09875],[-5.61875,5.09875],[-5.61875,5.0982],[-5.61903,5.0982],[-5.61903,5.0957],[-5.61875,5.0957],[-5.61875,5.09542],[-5.61819,5.09542],[-5.61819,5.09514],[-5.61792,5.09514],[-5.61792,5.09458],[-5.61764,5.09458],[-5.61764,5.09375],[-5.61741,5.09375],[-5.61741,5.08923],[-5.63167,5.08923],[-5.63167,5.10348],[-5.61741,5.10348],[-5.61741,5.09847]]]},"properties":{"region":"Sud-Bandama","district":"Divo","floods_1m":1,"floods_2m":1,"floods_3m":1,"first_flood_m":1,"nests":true,"area_km2":2.36}},{"type":"Feature","geometry":{"type":"Polygon","coordinates":[[[-3.87793,5.41716],[-3.89219,5.41716],[-3.89219,5.43142],[-3.87793,5.43142],[-3.87793,5.41716]]]},"properties":{"region":"Lagunes","district":"Abidjan","floods_1m":1,"floods_2m":1,"floods_3m":1,"first_flood_m":1,"nests":true,"area_km2":2.503}},{"type":"Feature","geometry":{"type":"Polygon","coordinates":[[[-5.33225,5.18903],[-5.34651,5.18903],[-5.34651,5.20329],[-5.33225,5.20329],[-5.33225,5.18903]]]},"properties":{"region":"Sud-Bandama","district":"Divo","floods_1m":0,"floods_2m":0,"floods_3m":1,"first_flood_m":3,"nests":true,"area_km2":2.504}},{"type":"Feature","geometry":{"type":"Polygon","coordinates":[[[-3.89219,5.27458],[-3.90645,5.27458],[-3.90645,5.28884],[-3.89219,5.28884],[-3.89219,5.27458]]]},"properties":{"region":"Lagunes","district":"Abidjan","floods_1m":1,"floods_2m":1,"floods_3m":1,"first_flood_m":1,"nests":true,"area_km2":2.504}},{"type":"Feature","geometry":{"type":"Polygon","coordinates":[[[-4.16309,5.24606],[-4.17735,5.24606],[-4.17735,5.24695],[-4.17735,5.26032],[-4.16309,5.26032],[-4.16309,5.24695],[-4.16309,5.24606]]]},"properties":{"region":"Lagunes","district":"Abidjan","floods_1m":0,"floods_2m":0,"floods_3m":1,"first_flood_m":3,"nests":true,"area_km2":2.504}},{"type":"Feature","geometry":{"type":"Polygon","coordinates":[[[-4.71916,5.27458],[-4.73341,5.27458],[-4.73341,5.28884],[-4.71916,5.28884],[-4.71916,5.27458]]]},"properties":{"region":"Lagunes","district":"Abidjan","floods_1m":1,"floods_2m":1,"floods_3m":1,"first_flood_m":1,"nests":true,"area_km2":2.502}},{"type":"Feature","geometry":{"type":"Polygon","coordinates":[[[-5.06135,5.28884],[-5.0692,5.28884],[-5.06919,5.28964],[-5.06905,5.3031],[-5.06135,5.3031],[-5.06135,5.28884]]]},"properties":{"region":"Lagunes","district":"Grand-Lahou","floods_1m":0,"floods_2m":0,"floods_3m":1,"first_flood_m":3,"nests":true,"area_km2":1.365}},{"type":"Feature","geometry":{"type":"Polygon","coordinates":[[[-4.49103,5.23181],[-4.50529,5.23181],[-4.50529,5.24606],[-4.49103,5.24606],[-4.49103,5.23181]]]},"properties":{"region":"Lagunes","district":"Abidjan","floods_1m":1,"floods_2m":1,"floods_3m":1,"first_flood_m":1,"nests":true,"area_km2":2.502}},{"type":"Feature","geometry":{"type":"Polygon","coordinates":[[[-5.33225,5.21755],[-5.34651,5.21755],[-5.34651,5.23181],[-5.33225,5.23181],[-5.33225,5.21755]]]},"properties":{"region":"Sud-Bandama","district":"Divo","floods_1m":0,"floods_2m":0,"floods_3m":1,"first_flood_m":3,"nests":true,"area_km2":2.504}},{"type":"Feature","geometry":{"type":"Polygon","coordinates":[[[-4.49103,5.19292],[-4.49208,5.19292],[-4.49208,5.19264],[-4.4932,5.19264],[-4.4932,5.19292],[-4.49347,5.19292],[-4.49347,5.19264],[-4.49514,5.19264],[-4.49514,5.19236],[-4.49681,5.19236],[-4.49681,5.19208],[-4.50069,5.19208],[-4.50069,5.19181],[-4.50208,5.19181],[-4.50208,5.19153],[-4.50236,5.19153],[-4.50236,5.19181],[-4.50264,5.19181],[-4.50264,5.19153],[-4.50529,5.19153],[-4.50529,5.20329],[-4.49103,5.20329],[-4.49103,5.19292]]]},"properties":{"region":"Lagunes","district":"Abidjan","floods_1m":1,"floods_2m":1,"floods_3m":1,"first_flood_m":1,"nests":true,"area_km2":1.955}},{"type":"Feature","geometry":{"type":"Polygon","coordinates":[[[-5.33225,5.14958],[-5.33225,5.14626],[-5.34651,5.14626],[-5.34651,5.15374],[-5.33546,5.14742],[-5.33225,5.14958]]]},"properties":{"region":"Lagunes","district":"Grand-Lahou","floods_1m":0,"floods_2m":0,"floods_3m":1,"first_flood_m":3,"nests":true,"area_km2":0.676}},{"type":"Feature","geometry":{"type":"Polygon","coordinates":[[[-4.96154,5.18903],[-4.9758,5.18903],[-4.9758,5.20329],[-4.96154,5.20329],[-4.96154,5.18903]]]},"properties":{"region":"Lagunes","district":"Grand-Lahou","floods_1m":0,"floods_2m":1,"floods_3m":1,"first_flood_m":2,"nests":true,"area_km2":2.504}},{"type":"Feature","geometry":{"type":"Polygon","coordinates":[[[-3.66406,5.24606],[-3.67832,5.24606],[-3.67832,5.24695],[-3.67832,5.26032],[-3.66406,5.26032],[-3.66406,5.24695],[-3.66406,5.24606]]]},"properties":{"region":"Lagunes","district":"Abidjan","floods_1m":1,"floods_2m":1,"floods_3m":1,"first_flood_m":1,"nests":true,"area_km2":2.504}},{"type":"Feature","geometry":{"type":"Polygon","coordinates":[[[-5.17541,5.12514],[-5.17542,5.12514],[-5.17542,5.12542],[-5.17625,5.12542],[-5.17625,5.12486],[-5.17819,5.12486],[-5.17819,5.12458],[-5.17986,5.12458],[-5.17986,5.12486],[-5.18042,5.12486],[-5.18042,5.12458],[-5.18097,5.12458],[-5.18097,5.1243],[-5.18292,5.1243],[-5.18292,5.12458],[-5.18542,5.12458],[-5.18542,5.1243],[-5.18597,5.1243],[-5.18597,5.12403],[-5.18903,5.12403],[-5.18903,5.1243],[-5.18967,5.1243],[-5.18967,5.132],[-5.17541,5.132],[-5.17541,5.12514]]]},"properties":{"region":"Lagunes","district":"Grand-Lahou","floods_1m":1,"floods_2m":1,"floods_3m":1,"first_flood_m":1,"nests":true,"area_km2":1.317}},{"type":"Feature","geometry":{"type":"Polygon","coordinates":[[[-5.28948,5.11774],[-5.30373,5.11774],[-5.30373,5.132],[-5.28948,5.132],[-5.28948,5.11774]]]},"properties":{"region":"Lagunes","district":"Grand-Lahou","floods_1m":0,"floods_2m":0,"floods_3m":1,"first_flood_m":3,"nests":true,"area_km2":2.502}},{"type":"Feature","geometry":{"type":"Polygon","coordinates":[[[-5.06135,5.17477],[-5.07561,5.17477],[-5.07561,5.18903],[-5.06135,5.18903],[-5.06135,5.17477]]]},"properties":{"region":"Lagunes","district":"Grand-Lahou","floods_1m":0,"floods_2m":0,"floods_3m":1,"first_flood_m":3,"nests":true,"area_km2":2.504}},{"type":"Feature","geometry":{"type":"Polygon","coordinates":[[[-3.90645,5.34587],[-3.92071,5.34587],[-3.92071,5.36013],[-3.90645,5.36013],[-3.90645,5.34587]]]},"properties":{"region":"Lagunes","district":"Abidjan","floods_1m":1,"floods_2m":1,"floods_3m":1,"first_flood_m":1,"nests":true,"area_km2":2.503}},{"type":"Feature","geometry":{"type":"Polygon","coordinates":[[[-5.00432,5.21755],[-5.01857,5.21755],[-5.01857,5.23181],[-5.00432,5.23181],[-5.00432,5.21755]]]},"properties":{"region":"Lagunes","district":"Grand-Lahou","floods_1m":0,"floods_2m":0,"floods_3m":1,"first_flood_m":3,"nests":true,"area_km2":2.502}},{"type":"Feature","geometry":{"type":"Polygon","coordinates":[[[-3.96348,5.27458],[-3.97774,5.27458],[-3.97774,5.28884],[-3.96348,5.28884],[-3.96348,5.27458]]]},"properties":{"region":"Lagunes","district":"Abidjan","floods_1m":1,"floods_2m":1,"floods_3m":1,"first_flood_m":1,"nests":true,"area_km2":2.504}},{"type":"Feature","geometry":{"type":"Polygon","coordinates":[[[-5.23244,5.17477],[-5.2467,5.17477],[-5.2467,5.18903],[-5.23244,5.18903],[-5.23244,5.17477]]]},"properties":{"region":"Lagunes","district":"Grand-Lahou","floods_1m":0,"floods_2m":0,"floods_3m":1,"first_flood_m":3,"nests":true,"area_km2":2.504}},{"type":"Feature","geometry":{"type":"Polygon","coordinates":[[[-4.16309,5.27458],[-4.17735,5.27458],[-4.17735,5.28884],[-4.16309,5.28884],[-4.16309,5.27458]]]},"properties":{"region":"Lagunes","district":"Abidjan","floods_1m":0,"floods_2m":1,"floods_3m":1,"first_flood_m":2,"nests":true,"area_km2":2.504}},{"type":"Feature","geometry":{"type":"Polygon","coordinates":[[[-4.81896,5.17477],[-4.83322,5.17477],[-4.83322,5.18903],[-4.81896,5.18903],[-4.81896,5.17477]]]},"properties":{"region":"Lagunes","district":"Grand-Lahou","floods_1m":1,"floods_2m":1,"floods_3m":1,"first_flood_m":1,"nests":true,"area_km2":2.504}},{"type":"Feature","geometry":{"type":"Polygon","coordinates":[[[-3.92071,5.41716],[-3.93497,5.41716],[-3.93497,5.43142],[-3.92071,5.43142],[-3.92071,5.41716]]]},"properties":{"region":"Lagunes","district":"Abidjan","floods_1m":1,"floods_2m":1,"floods_3m":1,"first_flood_m":1,"nests":true,"area_km2":2.503}},{"type":"Feature","geometry":{"type":"Polygon","coordinates":[[[-4.27716,5.33161],[-4.29142,5.33161],[-4.29142,5.34587],[-4.27716,5.34587],[-4.27716,5.33161]]]},"properties":{"region":"Lagunes","district":"Abidjan","floods_1m":1,"floods_2m":1,"floods_3m":1,"first_flood_m":1,"nests":true,"area_km2":2.503}},{"type":"Feature","geometry":{"type":"Polygon","coordinates":[[[-4.04903,5.24264],[-4.05014,5.24264],[-4.05014,5.24236],[-4.05375,5.24236],[-4.05375,5.24208],[-4.05625,5.24208],[-4.05625,5.24181],[-4.05903,5.24181],[-4.05903,5.24153],[-4.06042,5.24153],[-4.06042,5.24125],[-4.0607,5.24125],[-4.0607,5.24097],[-4.06181,5.24097],[-4.06181,5.24125],[-4.0632,5.24125],[-4.0632,5.24097],[-4.06329,5.24097],[-4.06329,5.24606],[-4.04903,5.24606],[-4.04903,5.24264]]]},"properties":{"region":"Lagunes","district":"Abidjan","floods_1m":1,"floods_2m":1,"floods_3m":1,"first_flood_m":1,"nests":true,"area_km2":0.731}},{"type":"Feature","geometry":{"type":"Polygon","coordinates":[[[-4.67638,5.26032],[-4.69064,5.26032],[-4.69064,5.27458],[-4.67638,5.27458],[-4.67638,5.26032]]]},"properties":{"region":"Lagunes","district":"Abidjan","floods_1m":1,"floods_2m":1,"floods_3m":1,"first_flood_m":1,"nests":true,"area_km2":2.504}},{"type":"Feature","geometry":{"type":"Polygon","coordinates":[[[-4.87599,5.14514],[-4.87847,5.14514],[-4.87847,5.14486],[-4.87903,5.14486],[-4.87903,5.14458],[-4.8793,5.14458],[-4.8793,5.14486],[-4.87958,5.14486],[-4.87958,5.14458],[-4.87986,5.14458],[-4.87986,5.14486],[-4.88069,5.14486],[-4.88069,5.14458],[-4.88264,5.14458],[-4.88264,5.14431],[-4.8858,5.14431],[-4.88819,5.14431],[-4.88819,5.14403],[-4.88931,5.14403],[-4.88931,5.14431],[-4.89025,5.14431],[-4.89025,5.14626],[-4.8858,5.14626],[-4.87599,5.14626],[-4.87599,5.14514]]]},"properties":{"region":"Lagunes","district":"Grand-Lahou","floods_1m":1,"floods_2m":1,"floods_3m":1,"first_flood_m":1,"nests":true,"area_km2":0.301}},{"type":"Feature","geometry":{"type":"Polygon","coordinates":[[[-5.11838,5.17445],[-5.11838,5.16052],[-5.13264,5.16052],[-5.13264,5.17477],[-5.11935,5.17477],[-5.11838,5.17445]]]},"properties":{"region":"Lagunes","district":"Grand-Lahou","floods_1m":0,"floods_2m":0,"floods_3m":1,"first_flood_m":3,"nests":true,"area_km2":2.5}},{"type":"Feature","geometry":{"type":"Polygon","coordinates":[[[-4.76193,5.16052],[-4.77619,5.16052],[-4.77619,5.17477],[-4.76193,5.17477],[-4.76193,5.16052]]]},"properties":{"region":"Lagunes","district":"Abidjan","floods_1m":1,"floods_2m":1,"floods_3m":1,"first_flood_m":1,"nests":true,"area_km2":2.502}},{"type":"Feature","geometry":{"type":"Polygon","coordinates":[[[-5.36077,5.10625],[-5.36125,5.10625],[-5.36125,5.10597],[-5.36375,5.10597],[-5.36375,5.10569],[-5.36597,5.10569],[-5.36597,5.10542],[-5.36847,5.10542],[-5.36847,5.10514],[-5.37097,5.10514],[-5.37097,5.10486],[-5.37375,5.10486],[-5.37375,5.10458],[-5.37502,5.10458],[-5.37502,5.11774],[-5.36077,5.11774],[-5.36077,5.10625]]]},"properties":{"region":"Lagunes","district":"Grand-Lahou","floods_1m":1,"floods_2m":1,"floods_3m":1,"first_flood_m":1,"nests":true,"area_km2":2.174}},{"type":"Feature","geometry":{"type":"Polygon","coordinates":[[[-4.27716,5.21431],[-4.27792,5.21431],[-4.27792,5.21403],[-4.2832,5.21403],[-4.2832,5.21375],[-4.28653,5.21375],[-4.28653,5.21347],[-4.28708,5.21347],[-4.28708,5.21319],[-4.28764,5.21319],[-4.28764,5.21292],[-4.29069,5.21292],[-4.29069,5.21264],[-4.29142,5.21264],[-4.29142,5.21755],[-4.27716,5.21755],[-4.27716,5.21431]]]},"properties":{"region":"Lagunes","district":"Abidjan","floods_1m":1,"floods_2m":1,"floods_3m":1,"first_flood_m":1,"nests":true,"area_km2":0.691}},{"type":"Feature","geometry":{"type":"Polygon","coordinates":[[[-4.02051,5.3031],[-4.03477,5.3031],[-4.03477,5.3031],[-4.03477,5.31735],[-4.03477,5.31735],[-4.02051,5.31735],[-4.02051,5.3031]]]},"properties":{"region":"Lagunes","district":"Abidjan","floods_1m":1,"floods_2m":1,"floods_3m":1,"first_flood_m":1,"nests":true,"area_km2":2.502}},{"type":"Feature","geometry":{"type":"Polygon","coordinates":[[[-5.38928,5.132],[-5.40354,5.132],[-5.40354,5.14626],[-5.38928,5.14626],[-5.38928,5.132]]]},"properties":{"region":"Lagunes","district":"Grand-Lahou","floods_1m":1,"floods_2m":1,"floods_3m":1,"first_flood_m":1,"nests":true,"area_km2":2.504}},{"type":"Feature","geometry":{"type":"Polygon","coordinates":[[[-4.79045,5.18903],[-4.8047,5.18903],[-4.8047,5.20329],[-4.79045,5.20329],[-4.79045,5.18903]]]},"properties":{"region":"Lagunes","district":"Abidjan","floods_1m":1,"floods_2m":1,"floods_3m":1,"first_flood_m":1,"nests":true,"area_km2":2.502}},{"type":"Feature","geometry":{"type":"Polygon","coordinates":[[[-4.74767,5.20329],[-4.76193,5.20329],[-4.76193,5.21755],[-4.74767,5.21755],[-4.74767,5.20329]]]},"properties":{"region":"Lagunes","district":"Abidjan","floods_1m":1,"floods_2m":1,"floods_3m":1,"first_flood_m":1,"nests":true,"area_km2":2.504}},{"type":"Feature","geometry":{"type":"Polygon","coordinates":[[[-4.9758,5.16052],[-4.99006,5.16052],[-4.99006,5.17477],[-4.9758,5.17477],[-4.9758,5.16052]]]},"properties":{"region":"Lagunes","district":"Grand-Lahou","floods_1m":1,"floods_2m":1,"floods_3m":1,"first_flood_m":1,"nests":true,"area_km2":2.502}},{"type":"Feature","geometry":{"type":"Polygon","coordinates":[[[-4.7049,5.21755],[-4.71916,5.21755],[-4.71916,5.23181],[-4.7049,5.23181],[-4.7049,5.21755]]]},"properties":{"region":"Lagunes","district":"Abidjan","floods_1m":1,"floods_2m":1,"floods_3m":1,"first_flood_m":1,"nests":true,"area_km2":2.504}},{"type":"Feature","geometry":{"type":"Polygon","coordinates":[[[-5.13264,5.17927],[-5.13264,5.17477],[-5.1469,5.17477],[-5.1469,5.18408],[-5.13264,5.17927]]]},"properties":{"region":"Lagunes","district":"Grand-Lahou","floods_1m":1,"floods_2m":1,"floods_3m":1,"first_flood_m":1,"nests":true,"area_km2":1.212}},{"type":"Feature","geometry":{"type":"Polygon","coordinates":[[[-4.99006,5.14626],[-5.00432,5.14626],[-5.00432,5.16052],[-4.99006,5.16052],[-4.99006,5.14626]]]},"properties":{"region":"Lagunes","district":"Grand-Lahou","floods_1m":1,"floods_2m":1,"floods_3m":1,"first_flood_m":1,"nests":true,"area_km2":2.504}},{"type":"Feature","geometry":{"type":"Polygon","coordinates":[[[-4.59083,5.23181],[-4.60509,5.23181],[-4.60509,5.24606],[-4.59083,5.24606],[-4.59083,5.23181]]]},"properties":{"region":"Lagunes","district":"Abidjan","floods_1m":1,"floods_2m":1,"floods_3m":1,"first_flood_m":1,"nests":true,"area_km2":2.502}},{"type":"Feature","geometry":{"type":"Polygon","coordinates":[[[-3.86368,5.41716],[-3.87793,5.41716],[-3.87793,5.43142],[-3.86368,5.43142],[-3.86368,5.41716]]]},"properties":{"region":"Lagunes","district":"Abidjan","floods_1m":1,"floods_2m":1,"floods_3m":1,"first_flood_m":1,"nests":true,"area_km2":2.501}},{"type":"Feature","geometry":{"type":"Polygon","coordinates":[[[-4.73341,5.27458],[-4.74767,5.27458],[-4.74767,5.28884],[-4.73341,5.28884],[-4.73341,5.27458]]]},"properties":{"region":"Lagunes","district":"Abidjan","floods_1m":1,"floods_2m":1,"floods_3m":1,"first_flood_m":1,"nests":true,"area_km2":2.504}},{"type":"Feature","geometry":{"type":"Polygon","coordinates":[[[-3.7211,5.27458],[-3.73535,5.27458],[-3.73535,5.28884],[-3.7211,5.28884],[-3.7211,5.27458]]]},"properties":{"region":"Lagunes","district":"Abidjan","floods_1m":1,"floods_2m":1,"floods_3m":1,"first_flood_m":1,"nests":true,"area_km2":2.502}},{"type":"Feature","geometry":{"type":"Polygon","coordinates":[[[-3.8209,5.21319],[-3.82153,5.21319],[-3.82153,5.21347],[-3.82236,5.21347],[-3.82236,5.21375],[-3.82292,5.21375],[-3.82292,5.21403],[-3.82347,5.21403],[-3.82347,5.21431],[-3.82403,5.21431],[-3.82403,5.21458],[-3.82458,5.21458],[-3.82458,5.21486],[-3.82514,5.21486],[-3.82514,5.21514],[-3.8257,5.21514],[-3.8257,5.21542],[-3.82653,5.21542],[-3.82653,5.21569],[-3.82708,5.21569],[-3.82708,5.21597],[-3.82764,5.21597],[-3.82764,5.21625],[-3.82819,5.21625],[-3.82819,5.21653],[-3.82903,5.21653],[-3.82903,5.21681],[-3.82958,5.21681],[-3.82958,5.21708],[-3.83042,5.21708],[-3.83042,5.21736],[-3.83097,5.21736],[-3.83097,5.21755],[-3.8209,5.21755],[-3.8209,5.21319]]]},"properties":{"region":"Lagunes","district":"Abidjan","floods_1m":1,"floods_2m":1,"floods_3m":1,"first_flood_m":1,"nests":true,"area_km2":0.279}},{"type":"Feature","geometry":{"type":"Polygon","coordinates":[[[-5.20393,5.3031],[-5.21819,5.3031],[-5.21819,5.31735],[-5.20393,5.31735],[-5.20393,5.3031]]]},"properties":{"region":"Sud-Bandama","district":"Divo","floods_1m":1,"floods_2m":1,"floods_3m":1,"first_flood_m":1,"nests":true,"area_km2":2.502}},{"type":"Feature","geometry":{"type":"Polygon","coordinates":[[[-5.33225,5.132],[-5.34651,5.132],[-5.34651,5.14626],[-5.33225,5.14626],[-5.33225,5.132]]]},"properties":{"region":"Lagunes","district":"Grand-Lahou","floods_1m":0,"floods_2m":0,"floods_3m":1,"first_flood_m":3,"nests":true,"area_km2":2.504}},{"type":"Feature","geometry":{"type":"Polygon","coordinates":[[[-4.434,5.26032],[-4.44825,5.26032],[-4.44825,5.27458],[-4.434,5.27458],[-4.434,5.26032]]]},"properties":{"region":"Lagunes","district":"Abidjan","floods_1m":1,"floods_2m":1,"floods_3m":1,"first_flood_m":1,"nests":true,"area_km2":2.502}},{"type":"Feature","geometry":{"type":"Polygon","coordinates":[[[-5.54612,5.132],[-5.56038,5.132],[-5.56038,5.14626],[-5.54612,5.14626],[-5.54612,5.132]]]},"properties":{"region":"Sud-Bandama","district":"Divo","floods_1m":1,"floods_2m":1,"floods_3m":1,"first_flood_m":1,"nests":true,"area_km2":2.504}},{"type":"Feature","geometry":{"type":"Polygon","coordinates":[[[-4.40548,5.3031],[-4.41974,5.3031],[-4.41974,5.31735],[-4.40548,5.31735],[-4.40548,5.3031]]]},"properties":{"region":"Lagunes","district":"Abidjan","floods_1m":1,"floods_2m":1,"floods_3m":1,"first_flood_m":1,"nests":true,"area_km2":2.502}},{"type":"Feature","geometry":{"type":"Polygon","coordinates":[[[-5.13264,5.12819],[-5.13458,5.12819],[-5.13458,5.12847],[-5.13486,5.12847],[-5.13486,5.12819],[-5.13514,5.12819],[-5.13514,5.12792],[-5.13653,5.12792],[-5.13653,5.12819],[-5.13764,5.12819],[-5.13764,5.12792],[-5.13931,5.12792],[-5.13931,5.12764],[-5.13986,5.12764],[-5.13986,5.12792],[-5.1407,5.12792],[-5.1407,5.12764],[-5.14347,5.12764],[-5.14347,5.12736],[-5.14458,5.12736],[-5.14458,5.12764],[-5.14514,5.12764],[-5.14514,5.12736],[-5.14569,5.12736],[-5.14569,5.12708],[-5.14597,5.12708],[-5.14597,5.1268],[-5.1469,5.1268],[-5.1469,5.132],[-5.13264,5.132],[-5.13264,5.12819]]]},"properties":{"region":"Lagunes","district":"Grand-Lahou","floods_1m":1,"floods_2m":1,"floods_3m":1,"first_flood_m":1,"nests":true,"area_km2":0.744}},{"type":"Feature","geometry":{"type":"Polygon","coordinates":[[[-5.17541,5.132],[-5.18967,5.132],[-5.18967,5.14626],[-5.17541,5.14626],[-5.17541,5.132]]]},"properties":{"region":"Lagunes","district":"Grand-Lahou","floods_1m":0,"floods_2m":0,"floods_3m":1,"first_flood_m":3,"nests":true,"area_km2":2.504}},{"type":"Feature","geometry":{"type":"Polygon","coordinates":[[[-4.59083,5.18181],[-4.59125,5.18181],[-4.59125,5.18153],[-4.59208,5.18153],[-4.59208,5.18125],[-4.59264,5.18125],[-4.59264,5.18153],[-4.59292,5.18153],[-4.59292,5.18125],[-4.59347,5.18125],[-4.59347,5.18097],[-4.59542,5.18097],[-4.59542,5.1807],[-4.59653,5.1807],[-4.59653,5.18042],[-4.59736,5.18042],[-4.59736,5.18014],[-4.60292,5.18014],[-4.60292,5.17986],[-4.60509,5.17986],[-4.60509,5.18903],[-4.59083,5.18903],[-4.59083,5.18181]]]},"properties":{"region":"Lagunes","district":"Abidjan","floods_1m":1,"floods_2m":1,"floods_3m":1,"first_flood_m":1,"nests":true,"area_km2":1.495}},{"type":"Feature","geometry":{"type":"Polygon","coordinates":[[[-4.96154,5.24606],[-4.9758,5.24606],[-4.9758,5.24695],[-4.9758,5.26032],[-4.96154,5.26032],[-4.96154,5.24695],[-4.96154,5.24606]]]},"properties":{"region":"Lagunes","district":"Grand-Lahou","floods_1m":0,"floods_2m":0,"floods_3m":1,"first_flood_m":3,"nests":true,"area_km2":2.504}},{"type":"Feature","geometry":{"type":"Polygon","coordinates":[[[-3.89219,5.28884],[-3.90645,5.28884],[-3.90645,5.3031],[-3.89219,5.3031],[-3.89219,5.28884]]]},"properties":{"region":"Lagunes","district":"Abidjan","floods_1m":1,"floods_2m":1,"floods_3m":1,"first_flood_m":1,"nests":true,"area_km2":2.504}},{"type":"Feature","geometry":{"type":"Polygon","coordinates":[[[-4.94728,5.24606],[-4.96154,5.24606],[-4.96154,5.24695],[-4.96154,5.26032],[-4.94728,5.26032],[-4.94728,5.24695],[-4.94728,5.24606]]]},"properties":{"region":"Lagunes","district":"Grand-Lahou","floods_1m":0,"floods_2m":0,"floods_3m":1,"first_flood_m":3,"nests":true,"area_km2":2.504}},{"type":"Feature","geometry":{"type":"Polygon","coordinates":[[[-3.73535,5.23181],[-3.74961,5.23181],[-3.74961,5.24606],[-3.73535,5.24606],[-3.73535,5.23181]]]},"properties":{"region":"Lagunes","district":"Abidjan","floods_1m":1,"floods_2m":1,"floods_3m":1,"first_flood_m":1,"nests":true,"area_km2":2.502}},{"type":"Feature","geometry":{"type":"Polygon","coordinates":[[[-5.13264,5.132],[-5.1469,5.132],[-5.1469,5.14626],[-5.13264,5.14626],[-5.13264,5.132]]]},"properties":{"region":"Lagunes","district":"Grand-Lahou","floods_1m":0,"floods_2m":0,"floods_3m":1,"first_flood_m":3,"nests":true,"area_km2":2.504}},{"type":"Feature","geometry":{"type":"Polygon","coordinates":[[[-3.64981,5.24606],[-3.66406,5.24606],[-3.66406,5.24695],[-3.66406,5.26032],[-3.64981,5.26032],[-3.64981,5.24695],[-3.64981,5.24606]]]},"properties":{"region":"Lagunes","district":"Abidjan","floods_1m":1,"floods_2m":1,"floods_3m":1,"first_flood_m":1,"nests":true,"area_km2":2.502}},{"type":"Feature","geometry":{"type":"Polygon","coordinates":[[[-4.79045,5.45993],[-4.8047,5.45993],[-4.8047,5.47419],[-4.79045,5.47419],[-4.79045,5.45993]]]},"properties":{"region":"Lagunes","district":"Grand-Lahou","floods_1m":0,"floods_2m":1,"floods_3m":1,"first_flood_m":2,"nests":true,"area_km2":2.501}},{"type":"Feature","geometry":{"type":"Polygon","coordinates":[[[-5.50334,5.10348],[-5.5176,5.10348],[-5.5176,5.11774],[-5.50334,5.11774],[-5.50334,5.10348]]]},"properties":{"region":"Sud-Bandama","district":"Divo","floods_1m":0,"floods_2m":0,"floods_3m":1,"first_flood_m":3,"nests":true,"area_km2":2.504}},{"type":"Feature","geometry":{"type":"Polygon","coordinates":[[[-5.18967,5.1243],[-5.19069,5.1243],[-5.19069,5.12403],[-5.19125,5.12403],[-5.19125,5.12375],[-5.19153,5.12375],[-5.19153,5.12403],[-5.19319,5.12403],[-5.19319,5.12347],[-5.19569,5.12347],[-5.19569,5.1232],[-5.19597,5.1232],[-5.19597,5.12347],[-5.19681,5.12347],[-5.19681,5.12375],[-5.19764,5.12375],[-5.19764,5.12347],[-5.19875,5.12347],[-5.19875,5.1232],[-5.20042,5.1232],[-5.20042,5.12292],[-5.20181,5.12292],[-5.20181,5.1232],[-5.20292,5.1232],[-5.20292,5.12292],[-5.20393,5.12292],[-5.20393,5.132],[-5.18967,5.132],[-5.18967,5.1243]]]},"properties":{"region":"Lagunes","district":"Grand-Lahou","floods_1m":1,"floods_2m":1,"floods_3m":1,"first_flood_m":1,"nests":true,"area_km2":1.495}},{"type":"Feature","geometry":{"type":"Polygon","coordinates":[[[-3.80664,5.34587],[-3.8209,5.34587],[-3.8209,5.36013],[-3.80664,5.36013],[-3.80664,5.34587]]]},"properties":{"region":"Lagunes","district":"Abidjan","floods_1m":0,"floods_2m":0,"floods_3m":1,"first_flood_m":3,"nests":true,"area_km2":2.503}},{"type":"Feature","geometry":{"type":"Polygon","coordinates":[[[-5.00432,5.17477],[-5.01857,5.17477],[-5.01857,5.18903],[-5.00432,5.18903],[-5.00432,5.17477]]]},"properties":{"region":"Lagunes","district":"Grand-Lahou","floods_1m":0,"floods_2m":0,"floods_3m":1,"first_flood_m":3,"nests":true,"area_km2":2.502}},{"type":"Feature","geometry":{"type":"Polygon","coordinates":[[[-3.90645,5.26032],[-3.92071,5.26032],[-3.92071,5.27458],[-3.90645,5.27458],[-3.90645,5.26032]]]},"properties":{"region":"Lagunes","district":"Abidjan","floods_1m":1,"floods_2m":1,"floods_3m":1,"first_flood_m":1,"nests":true,"area_km2":2.504}},{"type":"Feature","geometry":{"type":"Polygon","coordinates":[[[-5.31799,5.11125],[-5.31958,5.11125],[-5.31958,5.11097],[-5.32181,5.11097],[-5.32181,5.11069],[-5.32403,5.11069],[-5.32403,5.11042],[-5.32625,5.11042],[-5.32625,5.11014],[-5.32847,5.11014],[-5.32847,5.10986],[-5.33097,5.10986],[-5.33097,5.10958],[-5.33225,5.10958],[-5.33225,5.11774],[-5.31799,5.11774],[-5.31799,5.11125]]]},"properties":{"region":"Lagunes","district":"Grand-Lahou","floods_1m":1,"floods_2m":1,"floods_3m":1,"first_flood_m":1,"nests":true,"area_km2":1.285}},{"type":"Feature","geometry":{"type":"Polygon","coordinates":[[[-4.56232,5.20329],[-4.57658,5.20329],[-4.57658,5.21755],[-4.56232,5.21755],[-4.56232,5.20329]]]},"properties":{"region":"Lagunes","district":"Abidjan","floods_1m":1,"floods_2m":1,"floods_3m":1,"first_flood_m":1,"nests":true,"area_km2":2.504}},{"type":"Feature","geometry":{"type":"Polygon","coordinates":[[[-4.87599,5.21755],[-4.8858,5.21755],[-4.89025,5.21755],[-4.89025,5.23181],[-4.8858,5.23181],[-4.87599,5.23181],[-4.87599,5.21755]]]},"properties":{"region":"Lagunes","district":"Grand-Lahou","floods_1m":0,"floods_2m":1,"floods_3m":1,"first_flood_m":2,"nests":true,"area_km2":2.504}},{"type":"Feature","geometry":{"type":"Polygon","coordinates":[[[-4.8045,5.17477],[-4.8047,5.17477],[-4.8047,5.17498],[-4.8045,5.17477]]]},"properties":{"region":"Lagunes","district":"Grand-Lahou","floods_1m":1,"floods_2m":1,"floods_3m":1,"first_flood_m":1,"nests":true,"area_km2":0.0}},{"type":"Feature","geometry":{"type":"Polygon","coordinates":[[[-5.18967,5.17477],[-5.20393,5.17477],[-5.20393,5.18903],[-5.18967,5.18903],[-5.18967,5.17477]]]},"properties":{"region":"Lagunes","district":"Grand-Lahou","floods_1m":0,"floods_2m":0,"floods_3m":1,"first_flood_m":3,"nests":true,"area_km2":2.504}},{"type":"Feature","geometry":{"type":"Polygon","coordinates":[[[-4.37696,5.26032],[-4.39122,5.26032],[-4.39122,5.27458],[-4.37696,5.27458],[-4.37696,5.26032]]]},"properties":{"region":"Lagunes","district":"Abidjan","floods_1m":1,"floods_2m":1,"floods_3m":1,"first_flood_m":1,"nests":true,"area_km2":2.504}},{"type":"Feature","geometry":{"type":"Polygon","coordinates":[[[-5.38928,5.11774],[-5.40354,5.11774],[-5.40354,5.132],[-5.38928,5.132],[-5.38928,5.11774]]]},"properties":{"region":"Lagunes","district":"Grand-Lahou","floods_1m":0,"floods_2m":1,"floods_3m":1,"first_flood_m":2,"nests":true,"area_km2":2.504}},{"type":"Feature","geometry":{"type":"Polygon","coordinates":[[[-4.59083,5.24606],[-4.60509,5.24606],[-4.60509,5.24695],[-4.60509,5.26032],[-4.59083,5.26032],[-4.59083,5.24695],[-4.59083,5.24606]]]},"properties":{"region":"Lagunes","district":"Abidjan","floods_1m":1,"floods_2m":1,"floods_3m":1,"first_flood_m":1,"nests":true,"area_km2":2.504}},{"type":"Feature","geometry":{"type":"Polygon","coordinates":[[[-4.94728,5.27458],[-4.96154,5.27458],[-4.96154,5.28884],[-4.94728,5.28884],[-4.94728,5.27458]]]},"properties":{"region":"Lagunes","district":"Grand-Lahou","floods_1m":0,"floods_2m":0,"floods_3m":1,"first_flood_m":3,"nests":true,"area_km2":2.504}},{"type":"Feature","geometry":{"type":"Polygon","coordinates":[[[-4.79045,5.44568],[-4.8047,5.44568],[-4.8047,5.45993],[-4.79045,5.45993],[-4.79045,5.44568]]]},"properties":{"region":"Lagunes","district":"Grand-Lahou","floods_1m":0,"floods_2m":0,"floods_3m":1,"first_flood_m":3,"nests":true,"area_km2":2.499}},{"type":"Feature","geometry":{"type":"Polygon","coordinates":[[[-4.51954,5.24606],[-4.5338,5.24606],[-4.5338,5.24695],[-4.5338,5.26032],[-4.51954,5.26032],[-4.51954,5.24695],[-4.51954,5.24606]]]},"properties":{"region":"Lagunes","district":"Abidjan","floods_1m":1,"floods_2m":1,"floods_3m":1,"first_flood_m":1,"nests":true,"area_km2":2.504}},{"type":"Feature","geometry":{"type":"Polygon","coordinates":[[[-5.2467,5.16052],[-5.26096,5.16052],[-5.26096,5.17477],[-5.2467,5.17477],[-5.2467,5.16052]]]},"properties":{"region":"Lagunes","district":"Grand-Lahou","floods_1m":0,"floods_2m":0,"floods_3m":1,"first_flood_m":3,"nests":true,"area_km2":2.502}},{"type":"Feature","geometry":{"type":"Polygon","coordinates":[[[-4.0918,5.24606],[-4.10606,5.24606],[-4.10606,5.24695],[-4.10606,5.26032],[-4.0918,5.26032],[-4.0918,5.24695],[-4.0918,5.24606]]]},"properties":{"region":"Lagunes","district":"Abidjan","floods_1m":0,"floods_2m":1,"floods_3m":1,"first_flood_m":2,"nests":true,"area_km2":2.504}},{"type":"Feature","geometry":{"type":"Polygon","coordinates":[[[-3.8209,5.31735],[-3.83516,5.31735],[-3.83516,5.33161],[-3.8209,5.33161],[-3.8209,5.31735]]]},"properties":{"region":"Lagunes","district":"Abidjan","floods_1m":0,"floods_2m":1,"floods_3m":1,"first_flood_m":2,"nests":true,"area_km2":2.503}},{"type":"Feature","geometry":{"type":"Polygon","coordinates":[[[-4.12032,5.26032],[-4.13458,5.26032],[-4.13458,5.27458],[-4.12032,5.27458],[-4.12032,5.26032]]]},"properties":{"region":"Lagunes","district":"Abidjan","floods_1m":1,"floods_2m":1,"floods_3m":1,"first_flood_m":1,"nests":true,"area_km2":2.504}},{"type":"Feature","geometry":{"type":"Polygon","coordinates":[[[-5.18967,5.14626],[-5.20393,5.14626],[-5.20393,5.16052],[-5.18967,5.16052],[-5.18967,5.14626]]]},"properties":{"region":"Lagunes","district":"Grand-Lahou","floods_1m":1,"floods_2m":1,"floods_3m":1,"first_flood_m":1,"nests":true,"area_km2":2.504}},{"type":"Feature","geometry":{"type":"Polygon","coordinates":[[[-4.14884,5.31735],[-4.16309,5.31735],[-4.16309,5.33161],[-4.14884,5.33161],[-4.14884,5.31735]]]},"properties":{"region":"Lagunes","district":"Abidjan","floods_1m":1,"floods_2m":1,"floods_3m":1,"first_flood_m":1,"nests":true,"area_km2":2.502}},{"type":"Feature","geometry":{"type":"Polygon","coordinates":[[[-4.90451,5.17477],[-4.91877,5.17477],[-4.91877,5.18903],[-4.90451,5.18903],[-4.90451,5.17477]]]},"properties":{"region":"Lagunes","district":"Grand-Lahou","floods_1m":0,"floods_2m":1,"floods_3m":1,"first_flood_m":2,"nests":true,"area_km2":2.504}},{"type":"Feature","geometry":{"type":"Polygon","coordinates":[[[-3.63555,5.31735],[-3.64981,5.31735],[-3.64981,5.33161],[-3.63555,5.33161],[-3.63555,5.31735]]]},"properties":{"region":"Lagunes","district":"Abidjan","floods_1m":1,"floods_2m":1,"floods_3m":1,"first_flood_m":1,"nests":true,"area_km2":2.503}},{"type":"Feature","geometry":{"type":"Polygon","coordinates":[[[-4.99006,5.16052],[-5.00432,5.16052],[-5.00432,5.17477],[-4.99006,5.17477],[-4.99006,5.16052]]]},"properties":{"region":"Lagunes","district":"Grand-Lahou","floods_1m":1,"floods_2m":1,"floods_3m":1,"first_flood_m":1,"nests":true,"area_km2":2.502}},{"type":"Feature","geometry":{"type":"Polygon","coordinates":[[[-4.00626,5.24597],[-4.00653,5.24597],[-4.00653,5.24431],[-4.0068,5.24431],[-4.0068,5.24403],[-4.00736,5.24403],[-4.00736,5.24431],[-4.00792,5.24431],[-4.00792,5.24458],[-4.00986,5.24458],[-4.00986,5.24486],[-4.01125,5.24486],[-4.01125,5.24458],[-4.01292,5.24458],[-4.01292,5.24431],[-4.0132,5.24431],[-4.0132,5.24458],[-4.01375,5.24458],[-4.01375,5.24431],[-4.01403,5.24431],[-4.01403,5.24458],[-4.01486,5.24458],[-4.01486,5.24431],[-4.01625,5.24431],[-4.01625,5.24458],[-4.01708,5.24458],[-4.01708,5.24431],[-4.01847,5.24431],[-4.01847,5.24403],[-4.01986,5.24403],[-4.01986,5.24431],[-4.02051,5.24431],[-4.02051,5.24606],[-4.00626,5.24606],[-4.00626,5.24597]]]},"properties":{"region":"Lagunes","district":"Abidjan","floods_1m":1,"floods_2m":1,"floods_3m":1,"first_flood_m":1,"nests":true,"area_km2":0.279}},{"type":"Feature","geometry":{"type":"Polygon","coordinates":[[[-4.99006,5.13792],[-4.99097,5.13792],[-4.99097,5.13764],[-4.99569,5.13764],[-4.99569,5.13736],[-4.99736,5.13736],[-4.99736,5.13708],[-4.99931,5.13708],[-4.99931,5.13736],[-4.99986,5.13736],[-5.00014,5.13736],[-5.0007,5.13736],[-5.0007,5.13708],[-5.00097,5.13708],[-5.00097,5.13681],[-5.00125,5.13681],[-5.00125,5.13653],[-5.00153,5.13653],[-5.00153,5.13625],[-5.00181,5.13625],[-5.00181,5.13597],[-5.00432,5.13597],[-5.00432,5.14626],[-4.99006,5.14626],[-4.99006,5.13792]]]},"properties":{"region":"Lagunes","district":"Grand-Lahou","floods_1m":1,"floods_2m":1,"floods_3m":1,"first_flood_m":1,"nests":true,"area_km2":1.6}},{"type":"Feature","geometry":{"type":"Polygon","coordinates":[[[-5.18967,5.20329],[-5.20371,5.20329],[-5.20393,5.20336],[-5.20393,5.21755],[-5.18967,5.21755],[-5.18967,5.20329]]]},"properties":{"region":"Sud-Bandama","district":"Divo","floods_1m":0,"floods_2m":0,"floods_3m":1,"first_flood_m":3,"nests":true,"area_km2":2.504}},{"type":"Feature","geometry":{"type":"Polygon","coordinates":[[[-4.5338,5.24606],[-4.54806,5.24606],[-4.54806,5.24695],[-4.54806,5.26032],[-4.5338,5.26032],[-4.5338,5.24695],[-4.5338,5.24606]]]},"properties":{"region":"Lagunes","district":"Abidjan","floods_1m":1,"floods_2m":1,"floods_3m":1,"first_flood_m":1,"nests":true,"area_km2":2.504}},{"type":"Feature","geometry":{"type":"Polygon","coordinates":[[[-4.86174,5.16052],[-4.87599,5.16052],[-4.87599,5.17477],[-4.86174,5.17477],[-4.86174,5.16052]]]},"properties":{"region":"Lagunes","district":"Grand-Lahou","floods_1m":0,"floods_2m":1,"floods_3m":1,"first_flood_m":2,"nests":true,"area_km2":2.501}},{"type":"Feature","geometry":{"type":"Polygon","coordinates":[[[-5.34651,5.132],[-5.36077,5.132],[-5.36077,5.14626],[-5.34651,5.14626],[-5.34651,5.132]]]},"properties":{"region":"Lagunes","district":"Grand-Lahou","floods_1m":0,"floods_2m":0,"floods_3m":1,"first_flood_m":3,"nests":true,"area_km2":2.504}},{"type":"Feature","geometry":{"type":"Polygon","coordinates":[[[-5.2467,5.17477],[-5.26096,5.17477],[-5.26096,5.18903],[-5.2467,5.18903],[-5.2467,5.17477]]]},"properties":{"region":"Lagunes","district":"Grand-Lahou","floods_1m":0,"floods_2m":0,"floods_3m":1,"first_flood_m":3,"nests":true,"area_km2":2.504}},{"type":"Feature","geometry":{"type":"Polygon","coordinates":[[[-3.86368,5.33161],[-3.87793,5.33161],[-3.87793,5.34587],[-3.86368,5.34587],[-3.86368,5.33161]]]},"properties":{"region":"Lagunes","district":"Abidjan","floods_1m":1,"floods_2m":1,"floods_3m":1,"first_flood_m":1,"nests":true,"area_km2":2.502}},{"type":"Feature","geometry":{"type":"Polygon","coordinates":[[[-5.57463,5.10348],[-5.58889,5.10348],[-5.58889,5.11774],[-5.57463,5.11774],[-5.57463,5.10348]]]},"properties":{"region":"Sud-Bandama","district":"Divo","floods_1m":1,"floods_2m":1,"floods_3m":1,"first_flood_m":1,"nests":true,"area_km2":2.504}},{"type":"Feature","geometry":{"type":"Polygon","coordinates":[[[-4.39122,5.23181],[-4.40548,5.23181],[-4.40548,5.24606],[-4.39122,5.24606],[-4.39122,5.23181]]]},"properties":{"region":"Lagunes","district":"Abidjan","floods_1m":1,"floods_2m":1,"floods_3m":1,"first_flood_m":1,"nests":true,"area_km2":2.502}},{"type":"Feature","geometry":{"type":"Polygon","coordinates":[[[-5.40354,5.14626],[-5.4178,5.14626],[-5.4178,5.16052],[-5.40354,5.16052],[-5.40354,5.14626]]]},"properties":{"region":"Lagunes","district":"Grand-Lahou","floods_1m":1,"floods_2m":1,"floods_3m":1,"first_flood_m":1,"nests":true,"area_km2":2.504}},{"type":"Feature","geometry":{"type":"Polygon","coordinates":[[[-4.47677,5.28884],[-4.49103,5.28884],[-4.49103,5.3031],[-4.47677,5.3031],[-4.47677,5.28884]]]},"properties":{"region":"Lagunes","district":"Abidjan","floods_1m":1,"floods_2m":1,"floods_3m":1,"first_flood_m":1,"nests":true,"area_km2":2.504}},{"type":"Feature","geometry":{"type":"Polygon","coordinates":[[[-3.83516,5.3031],[-3.84942,5.3031],[-3.84942,5.31735],[-3.83516,5.31735],[-3.83516,5.3031]]]},"properties":{"region":"Lagunes","district":"Abidjan","floods_1m":1,"floods_2m":1,"floods_3m":1,"first_flood_m":1,"nests":true,"area_km2":2.502}},{"type":"Feature","geometry":{"type":"Polygon","coordinates":[[[-3.76387,5.21755],[-3.77813,5.21755],[-3.77813,5.23181],[-3.76387,5.23181],[-3.76387,5.21755]]]},"properties":{"region":"Lagunes","district":"Abidjan","floods_1m":0,"floods_2m":1,"floods_3m":1,"first_flood_m":2,"nests":true,"area_km2":2.504}},{"type":"Feature","geometry":{"type":"Polygon","coordinates":[[[-4.90451,5.16052],[-4.91877,5.16052],[-4.91877,5.17477],[-4.90451,5.17477],[-4.90451,5.16052]]]},"properties":{"region":"Lagunes","district":"Grand-Lahou","floods_1m":0,"floods_2m":1,"floods_3m":1,"first_flood_m":2,"nests":true,"area_km2":2.502}},{"type":"Feature","geometry":{"type":"Polygon","coordinates":[[[-3.67832,5.26032],[-3.69258,5.26032],[-3.69258,5.27458],[-3.67832,5.27458],[-3.67832,5.26032]]]},"properties":{"region":"Lagunes","district":"Abidjan","floods_1m":1,"floods_2m":1,"floods_3m":1,"first_flood_m":1,"nests":true,"area_km2":2.504}},{"type":"Feature","geometry":{"type":"Polygon","coordinates":[[[-4.13458,5.26032],[-4.14884,5.26032],[-4.14884,5.27458],[-4.13458,5.27458],[-4.13458,5.26032]]]},"properties":{"region":"Lagunes","district":"Abidjan","floods_1m":0,"floods_2m":1,"floods_3m":1,"first_flood_m":2,"nests":true,"area_km2":2.504}},{"type":"Feature","geometry":{"type":"Polygon","coordinates":[[[-3.63555,5.33161],[-3.64981,5.33161],[-3.64981,5.34587],[-3.63555,5.34587],[-3.63555,5.33161]]]},"properties":{"region":"Lagunes","district":"Abidjan","floods_1m":1,"floods_2m":1,"floods_3m":1,"first_flood_m":1,"nests":true,"area_km2":2.503}},{"type":"Feature","geometry":{"type":"Polygon","coordinates":[[[-5.01857,5.13542],[-5.01903,5.13542],[-5.01903,5.13514],[-5.02153,5.13514],[-5.02153,5.13486],[-5.02431,5.13486],[-5.02431,5.13458],[-5.02986,5.13458],[-5.02986,5.13431],[-5.03283,5.13431],[-5.03283,5.14626],[-5.01857,5.14626],[-5.01857,5.13542]]]},"properties":{"region":"Lagunes","district":"Grand-Lahou","floods_1m":1,"floods_2m":1,"floods_3m":1,"first_flood_m":1,"nests":true,"area_km2":2.029}},{"type":"Feature","geometry":{"type":"Polygon","coordinates":[[[-4.24864,5.43142],[-4.2629,5.43142],[-4.2629,5.44568],[-4.24864,5.44568],[-4.24864,5.43142]]]},"properties":{"region":"Lagunes","district":"Abidjan","floods_1m":1,"floods_2m":1,"floods_3m":1,"first_flood_m":1,"nests":true,"area_km2":2.503}},{"type":"Feature","geometry":{"type":"Polygon","coordinates":[[[-3.77813,5.20181],[-3.77819,5.20181],[-3.77819,5.20208],[-3.77931,5.20208],[-3.77931,5.20236],[-3.78014,5.20236],[-3.78014,5.20264],[-3.78125,5.20264],[-3.78125,5.20292],[-3.78208,5.20292],[-3.78208,5.2032],[-3.78319,5.2032],[-3.78319,5.20329],[-3.77813,5.20329],[-3.77813,5.20181]]]},"properties":{"region":"Lagunes","district":"Abidjan","floods_1m":1,"floods_2m":1,"floods_3m":1,"first_flood_m":1,"nests":true,"area_km2":0.041}},{"type":"Feature","geometry":{"type":"Polygon","coordinates":[[[-3.56426,5.21755],[-3.57852,5.21755],[-3.57852,5.23181],[-3.56426,5.23181],[-3.56426,5.21755]]]},"properties":{"region":"Lagunes","district":"Abidjan","floods_1m":0,"floods_2m":1,"floods_3m":1,"first_flood_m":2,"nests":true,"area_km2":2.504}},{"type":"Feature","geometry":{"type":"Polygon","coordinates":[[[-3.80664,5.37439],[-3.8209,5.37439],[-3.8209,5.38864],[-3.80664,5.38864],[-3.80664,5.37439]]]},"properties":{"region":"Lagunes","district":"Abidjan","floods_1m":1,"floods_2m":1,"floods_3m":1,"first_flood_m":1,"nests":true,"area_km2":2.501}},{"type":"Feature","geometry":{"type":"Polygon","coordinates":[[[-4.8047,5.17498],[-4.8047,5.17477],[-4.81896,5.17477],[-4.81896,5.18903],[-4.80716,5.18903],[-4.8064,5.17669],[-4.8047,5.17498]]]},"properties":{"region":"Lagunes","district":"Grand-Lahou","floods_1m":1,"floods_2m":1,"floods_3m":1,"first_flood_m":1,"nests":true,"area_km2":2.17}},{"type":"Feature","geometry":{"type":"Polygon","coordinates":[[[-4.50529,5.19153],[-4.50542,5.19153],[-4.50542,5.19125],[-4.50792,5.19125],[-4.50792,5.19097],[-4.50847,5.19097],[-4.50847,5.19069],[-4.51042,5.19069],[-4.51042,5.19042],[-4.51292,5.19042],[-4.51292,5.19014],[-4.51403,5.19014],[-4.51403,5.19069],[-4.51431,5.19069],[-4.51431,5.19042],[-4.51542,5.19042],[-4.51542,5.19014],[-4.51597,5.19014],[-4.51597,5.19042],[-4.51653,5.19042],[-4.51653,5.19014],[-4.51847,5.19014],[-4.51847,5.18986],[-4.51903,5.18986],[-4.51903,5.19014],[-4.51954,5.19014],[-4.51954,5.20329],[-4.50529,5.20329],[-4.50529,5.19153]]]},"properties":{"region":"Lagunes","district":"Abidjan","floods_1m":1,"floods_2m":1,"floods_3m":1,"first_flood_m":1,"nests":true,"area_km2":2.238}},{"type":"Feature","geometry":{"type":"Polygon","coordinates":[[[-3.90645,5.31735],[-3.92071,5.31735],[-3.92071,5.33161],[-3.90645,5.33161],[-3.90645,5.31735]]]},"properties":{"region":"Lagunes","district":"Abidjan","floods_1m":1,"floods_2m":1,"floods_3m":1,"first_flood_m":1,"nests":true,"area_km2":2.503}},{"type":"Feature","geometry":{"type":"Polygon","coordinates":[[[-3.94922,5.24681],[-3.94958,5.24681],[-3.94958,5.24708],[-3.95125,5.24708],[-3.95125,5.24736],[-3.95347,5.24736],[-3.95347,5.24764],[-3.9543,5.24764],[-3.9543,5.24792],[-3.95514,5.24792],[-3.95514,5.24819],[-3.95597,5.24819],[-3.95597,5.24847],[-3.95653,5.24847],[-3.95653,5.24875],[-3.9568,5.24875],[-3.9568,5.24903],[-3.95736,5.24903],[-3.95736,5.24931],[-3.95792,5.24931],[-3.95792,5.24958],[-3.95847,5.24958],[-3.95847,5.24986],[-3.95931,5.24986],[-3.95931,5.25014],[-3.96014,5.25014],[-3.96014,5.25042],[-3.9607,5.25042],[-3.9607,5.2507],[-3.96153,5.2507],[-3.96153,5.25097],[-3.96208,5.25097],[-3.96208,5.25125],[-3.96264,5.25125],[-3.96264,5.25153],[-3.9632,5.25153],[-3.9632,5.25181],[-3.96348,5.25181],[-3.96348,5.26032],[-3.94922,5.26032],[-3.94922,5.24695],[-3.94922,5.24681]]]},"properties":{"region":"Lagunes","district":"Abidjan","floods_1m":1,"floods_2m":1,"floods_3m":1,"first_flood_m":1,"nests":true,"area_km2":2.009}},{"type":"Feature","geometry":{"type":"Polygon","coordinates":[[[-3.8209,5.44568],[-3.83516,5.44568],[-3.83516,5.45993],[-3.8209,5.45993],[-3.8209,5.44568]]]},"properties":{"region":"Lagunes","district":"Abidjan","floods_1m":0,"floods_2m":1,"floods_3m":1,"first_flood_m":2,"nests":true,"area_km2":2.501}},{"type":"Feature","geometry":{"type":"Polygon","coordinates":[[[-5.20393,5.18903],[-5.21819,5.18903],[-5.21819,5.20329],[-5.20393,5.20329],[-5.20393,5.18903]]]},"properties":{"region":"Lagunes","district":"Grand-Lahou","floods_1m":0,"floods_2m":0,"floods_3m":1,"first_flood_m":3,"nests":true,"area_km2":2.504}},{"type":"Feature","geometry":{"type":"Polygon","coordinates":[[[-5.08986,5.18331],[-5.08986,5.18903],[-5.08022,5.18903],[-5.08986,5.18331]]]},"properties":{"region":"Sud-Bandama","district":"Divo","floods_1m":0,"floods_2m":0,"floods_3m":1,"first_flood_m":3,"nests":true,"area_km2":0.339}},{"type":"Feature","geometry":{"type":"Polygon","coordinates":[[[-4.93303,5.21755],[-4.94728,5.21755],[-4.94728,5.23181],[-4.93303,5.23181],[-4.93303,5.21755]]]},"properties":{"region":"Lagunes","district":"Grand-Lahou","floods_1m":1,"floods_2m":1,"floods_3m":1,"first_flood_m":1,"nests":true,"area_km2":2.502}},{"type":"Feature","geometry":{"type":"Polygon","coordinates":[[[-5.38928,5.16052],[-5.40354,5.16052],[-5.40354,5.17477],[-5.38928,5.17477],[-5.38928,5.16052]]]},"properties":{"region":"Lagunes","district":"Grand-Lahou","floods_1m":1,"floods_2m":1,"floods_3m":1,"first_flood_m":1,"nests":true,"area_km2":2.502}},{"type":"Feature","geometry":{"type":"Polygon","coordinates":[[[-5.2467,5.18903],[-5.26096,5.18903],[-5.26096,5.19773],[-5.25272,5.20329],[-5.2467,5.20329],[-5.2467,5.18903]]]},"properties":{"region":"Lagunes","district":"Grand-Lahou","floods_1m":0,"floods_2m":0,"floods_3m":1,"first_flood_m":3,"nests":true,"area_km2":2.222}},{"type":"Feature","geometry":{"type":"Polygon","coordinates":[[[-5.36077,5.14626],[-5.37502,5.14626],[-5.37502,5.16052],[-5.36077,5.16052],[-5.36077,5.14626]]]},"properties":{"region":"Lagunes","district":"Grand-Lahou","floods_1m":0,"floods_2m":0,"floods_3m":1,"first_flood_m":3,"nests":true,"area_km2":2.502}},{"type":"Feature","geometry":{"type":"Polygon","coordinates":[[[-4.89025,5.16052],[-4.90451,5.16052],[-4.90451,5.17477],[-4.89025,5.17477],[-4.89025,5.16052]]]},"properties":{"region":"Lagunes","district":"Grand-Lahou","floods_1m":0,"floods_2m":1,"floods_3m":1,"first_flood_m":2,"nests":true,"area_km2":2.502}},{"type":"Feature","geometry":{"type":"Polygon","coordinates":[[[-5.40354,5.18638],[-5.40354,5.17477],[-5.4178,5.17477],[-5.4178,5.18903],[-5.40818,5.18903],[-5.40354,5.18638]]]},"properties":{"region":"Lagunes","district":"Grand-Lahou","floods_1m":1,"floods_2m":1,"floods_3m":1,"first_flood_m":1,"nests":true,"area_km2":2.428}},{"type":"Feature","geometry":{"type":"Polygon","coordinates":[[[-4.96154,5.13931],[-4.96708,5.13931],[-4.96708,5.13903],[-4.9757,5.13903],[-4.9757,5.13875],[-4.9758,5.13875],[-4.9758,5.14626],[-4.96154,5.14626],[-4.96154,5.13931]]]},"properties":{"region":"Lagunes","district":"Grand-Lahou","floods_1m":1,"floods_2m":1,"floods_3m":1,"first_flood_m":1,"nests":true,"area_km2":1.251}},{"type":"Feature","geometry":{"type":"Polygon","coordinates":[[[-4.79045,5.16052],[-4.7907,5.16052],[-4.7907,5.16085],[-4.8045,5.17477],[-4.79045,5.17477],[-4.79045,5.16052]]]},"properties":{"region":"Lagunes","district":"Abidjan","floods_1m":1,"floods_2m":1,"floods_3m":1,"first_flood_m":1,"nests":true,"area_km2":1.227}},{"type":"Feature","geometry":{"type":"Polygon","coordinates":[[[-4.91877,5.14208],[-4.92319,5.14208],[-4.92319,5.14181],[-4.92486,5.14181],[-4.92486,5.14153],[-4.92653,5.14153],[-4.92653,5.14125],[-4.92986,5.14125],[-4.92986,5.14097],[-4.93303,5.14097],[-4.93303,5.14626],[-4.91877,5.14626],[-4.91877,5.14208]]]},"properties":{"region":"Lagunes","district":"Grand-Lahou","floods_1m":1,"floods_2m":1,"floods_3m":1,"first_flood_m":1,"nests":true,"area_km2":0.828}},{"type":"Feature","geometry":{"type":"MultiPolygon","coordinates":[[[[-5.56038,5.08923],[-5.5693,5.08923],[-5.5693,5.0893],[-5.56903,5.0893],[-5.56903,5.08986],[-5.56986,5.08986],[-5.56986,5.08958],[-5.57042,5.08958],[-5.57042,5.0893],[-5.57069,5.0893],[-5.57069,5.08923],[-5.57181,5.08923],[-5.57181,5.0893],[-5.57208,5.0893],[-5.57208,5.08958],[-5.57236,5.08958],[-5.57236,5.08986],[-5.57264,5.08986],[-5.57264,5.09014],[-5.57292,5.09014],[-5.57292,5.09069],[-5.57319,5.09069],[-5.57319,5.09097],[-5.57347,5.09097],[-5.57347,5.09125],[-5.57319,5.09125],[-5.57319,5.09236],[-5.57347,5.09236],[-5.57347,5.09431],[-5.57319,5.09431],[-5.57319,5.09597],[-5.57264,5.09597],[-5.57264,5.09736],[-5.57236,5.09736],[-5.57236,5.09764],[-5.57264,5.09764],[-5.57264,5.0982],[-5.57319,5.0982],[-5.57319,5.09792],[-5.57347,5.09792],[-5.57347,5.09736],[-5.57375,5.09736],[-5.57375,5.09681],[-5.57463,5.09681],[-5.57463,5.10348],[-5.56038,5.10348],[-5.56038,5.08923]]],[[[-5.57292,5.08923],[-5.57463,5.08923],[-5.57463,5.0893],[-5.57292,5.0893],[-5.57292,5.08923]]]]},"properties":{"region":"Sud-Bandama","district":"Divo","floods_1m":1,"floods_2m":1,"floods_3m":1,"first_flood_m":1,"nests":true,"area_km2":2.333}},{"type":"Feature","geometry":{"type":"Polygon","coordinates":[[[-5.31799,5.15921],[-5.33225,5.14958],[-5.33225,5.16052],[-5.31799,5.16052],[-5.31799,5.15921]]]},"properties":{"region":"Sud-Bandama","district":"Divo","floods_1m":0,"floods_2m":0,"floods_3m":1,"first_flood_m":3,"nests":true,"area_km2":1.076}},{"type":"Feature","geometry":{"type":"Polygon","coordinates":[[[-3.70684,5.27458],[-3.7211,5.27458],[-3.7211,5.28884],[-3.70684,5.28884],[-3.70684,5.27458]]]},"properties":{"region":"Lagunes","district":"Abidjan","floods_1m":1,"floods_2m":1,"floods_3m":1,"first_flood_m":1,"nests":true,"area_km2":2.504}},{"type":"Feature","geometry":{"type":"Polygon","coordinates":[[[-4.67638,5.24606],[-4.69064,5.24606],[-4.69064,5.24695],[-4.69064,5.26032],[-4.67638,5.26032],[-4.67638,5.24695],[-4.67638,5.24606]]]},"properties":{"region":"Lagunes","district":"Abidjan","floods_1m":1,"floods_2m":1,"floods_3m":1,"first_flood_m":1,"nests":true,"area_km2":2.504}},{"type":"Feature","geometry":{"type":"Polygon","coordinates":[[[-5.20393,5.16052],[-5.21819,5.16052],[-5.21819,5.17477],[-5.20393,5.17477],[-5.20393,5.16052]]]},"properties":{"region":"Lagunes","district":"Grand-Lahou","floods_1m":0,"floods_2m":0,"floods_3m":1,"first_flood_m":3,"nests":true,"area_km2":2.502}},{"type":"Feature","geometry":{"type":"Polygon","coordinates":[[[-4.87599,5.18903],[-4.8858,5.18903],[-4.89025,5.18903],[-4.89025,5.20329],[-4.8858,5.20329],[-4.87599,5.20329],[-4.87599,5.18903]]]},"properties":{"region":"Lagunes","district":"Grand-Lahou","floods_1m":1,"floods_2m":1,"floods_3m":1,"first_flood_m":1,"nests":true,"area_km2":2.504}},{"type":"Feature","geometry":{"type":"Polygon","coordinates":[[[-3.86368,5.26032],[-3.87793,5.26032],[-3.87793,5.27458],[-3.86368,5.27458],[-3.86368,5.26032]]]},"properties":{"region":"Lagunes","district":"Abidjan","floods_1m":0,"floods_2m":0,"floods_3m":1,"first_flood_m":3,"nests":true,"area_km2":2.502}},{"type":"Feature","geometry":{"type":"Polygon","coordinates":[[[-5.08986,5.16052],[-5.10412,5.16052],[-5.10412,5.17477],[-5.08986,5.17477],[-5.08986,5.16052]]]},"properties":{"region":"Lagunes","district":"Grand-Lahou","floods_1m":0,"floods_2m":0,"floods_3m":1,"first_flood_m":3,"nests":true,"area_km2":2.502}},{"type":"Feature","geometry":{"type":"Polygon","coordinates":[[[-5.18967,5.21755],[-5.20393,5.21755],[-5.20393,5.23181],[-5.18967,5.23181],[-5.18967,5.21755]]]},"properties":{"region":"Sud-Bandama","district":"Divo","floods_1m":0,"floods_2m":0,"floods_3m":1,"first_flood_m":3,"nests":true,"area_km2":2.504}},{"type":"Feature","geometry":{"type":"Polygon","coordinates":[[[-5.21819,5.12153],[-5.21847,5.12153],[-5.21847,5.12125],[-5.22125,5.12125],[-5.22125,5.12097],[-5.22403,5.12097],[-5.22403,5.1207],[-5.22681,5.1207],[-5.22681,5.12042],[-5.22958,5.12042],[-5.22958,5.12014],[-5.23244,5.12014],[-5.23244,5.132],[-5.21819,5.132],[-5.21819,5.12153]]]},"properties":{"region":"Lagunes","district":"Grand-Lahou","floods_1m":1,"floods_2m":1,"floods_3m":1,"first_flood_m":1,"nests":true,"area_km2":1.981}},{"type":"Feature","geometry":{"type":"Polygon","coordinates":[[[-4.8047,5.20329],[-4.80804,5.20329],[-4.80893,5.21755],[-4.8047,5.21755],[-4.8047,5.20329]]]},"properties":{"region":"Lagunes","district":"Abidjan","floods_1m":1,"floods_2m":1,"floods_3m":1,"first_flood_m":1,"nests":true,"area_km2":0.665}},{"type":"Feature","geometry":{"type":"MultiPolygon","coordinates":[[[[-5.56038,5.08514],[-5.56042,5.08514],[-5.56042,5.08542],[-5.56181,5.08542],[-5.56181,5.08625],[-5.56264,5.08625],[-5.56264,5.08597],[-5.56347,5.08597],[-5.56347,5.08625],[-5.56375,5.08625],[-5.56375,5.08653],[-5.5643,5.08653],[-5.5643,5.08736],[-5.56403,5.08736],[-5.56403,5.08792],[-5.5643,5.08792],[-5.56431,5.08819],[-5.56458,5.08819],[-5.56458,5.08792],[-5.56514,5.08792],[-5.56514,5.08819],[-5.56542,5.08819],[-5.56542,5.08847],[-5.56569,5.08847],[-5.56569,5.08819],[-5.56597,5.08819],[-5.56597,5.08792],[-5.56542,5.08792],[-5.56542,5.08764],[-5.56569,5.08764],[-5.56569,5.08736],[-5.56597,5.08736],[-5.56597,5.08708],[-5.56625,5.08708],[-5.56625,5.08597],[-5.56653,5.08597],[-5.56653,5.08569],[-5.56847,5.08569],[-5.56847,5.08514],[-5.56819,5.08514],[-5.56819,5.08458],[-5.56847,5.08458],[-5.56847,5.08431],[-5.56958,5.08431],[-5.56958,5.08458],[-5.56986,5.08458],[-5.56986,5.08486],[-5.57069,5.08486],[-5.57069,5.08431],[-5.57042,5.08431],[-5.57042,5.08347],[-5.57069,5.08347],[-5.57069,5.08319],[-5.57097,5.08319],[-5.57097,5.08292],[-5.57153,5.08292],[-5.57153,5.08319],[-5.57181,5.08319],[-5.57181,5.08347],[-5.57208,5.08347],[-5.57208,5.08375],[-5.57236,5.08375],[-5.57236,5.08431],[-5.57264,5.08431],[-5.57264,5.08514],[-5.57236,5.08514],[-5.57236,5.08542],[-5.57264,5.08542],[-5.57264,5.08625],[-5.57236,5.08625],[-5.57236,5.08681],[-5.57208,5.08681],[-5.57208,5.08708],[-5.57069,5.08708],[-5.57069,5.08653],[-5.57042,5.08653],[-5.57042,5.08681],[-5.57014,5.08681],[-5.57014,5.08708],[-5.56986,5.08708],[-5.56986,5.08736],[-5.56958,5.08736],[-5.56958,5.08875],[-5.5693,5.08875],[-5.5693,5.08923],[-5.56038,5.08923],[-5.56038,5.08514]]],[[[-5.57181,5.08923],[-5.57069,5.08923],[-5.57069,5.08903],[-5.57181,5.08903],[-5.57181,5.08923]]],[[[-5.57463,5.08403],[-5.57463,5.08923],[-5.57292,5.08923],[-5.57292,5.08903],[-5.57264,5.08903],[-5.57264,5.08736],[-5.57292,5.08736],[-5.57292,5.08653],[-5.57319,5.08653],[-5.57319,5.08597],[-5.57347,5.08597],[-5.57347,5.08514],[-5.57375,5.08514],[-5.57375,5.08486],[-5.57403,5.08486],[-5.57403,5.08458],[-5.57431,5.08458],[-5.57431,5.08431],[-5.57458,5.08431],[-5.57458,5.08403],[-5.57463,5.08403]]]]},"properties":{"region":"Sud-Bandama","district":"Divo","floods_1m":1,"floods_2m":1,"floods_3m":1,"first_flood_m":1,"nests":true,"area_km2":0.563}},{"type":"Feature","geometry":{"type":"Polygon","coordinates":[[[-4.64787,5.36013],[-4.66212,5.36013],[-4.66212,5.37439],[-4.64787,5.37439],[-4.64787,5.36013]]]},"properties":{"region":"Lagunes","district":"Abidjan","floods_1m":0,"floods_2m":0,"floods_3m":1,"first_flood_m":3,"nests":true,"area_km2":2.501}},{"type":"Feature","geometry":{"type":"Polygon","coordinates":[[[-4.81896,5.21755],[-4.83322,5.21755],[-4.83322,5.23181],[-4.81896,5.23181],[-4.81896,5.21755]]]},"properties":{"region":"Lagunes","district":"Grand-Lahou","floods_1m":0,"floods_2m":0,"floods_3m":1,"first_flood_m":3,"nests":true,"area_km2":2.504}},{"type":"Feature","geometry":{"type":"Polygon","coordinates":[[[-5.23244,5.18903],[-5.2467,5.18903],[-5.2467,5.20329],[-5.23244,5.20329],[-5.23244,5.18903]]]},"properties":{"region":"Lagunes","district":"Grand-Lahou","floods_1m":0,"floods_2m":0,"floods_3m":1,"first_flood_m":3,"nests":true,"area_km2":2.504}},{"type":"Feature","geometry":{"type":"Polygon","coordinates":[[[-4.73341,5.21755],[-4.74767,5.21755],[-4.74767,5.23181],[-4.73341,5.23181],[-4.73341,5.21755]]]},"properties":{"region":"Lagunes","district":"Abidjan","floods_1m":1,"floods_2m":1,"floods_3m":1,"first_flood_m":1,"nests":true,"area_km2":2.504}},{"type":"Feature","geometry":{"type":"Polygon","coordinates":[[[-3.69258,5.24606],[-3.70684,5.24606],[-3.70684,5.24695],[-3.70684,5.26032],[-3.69258,5.26032],[-3.69258,5.24695],[-3.69258,5.24606]]]},"properties":{"region":"Lagunes","district":"Abidjan","floods_1m":1,"floods_2m":1,"floods_3m":1,"first_flood_m":1,"nests":true,"area_km2":2.504}},{"type":"Feature","geometry":{"type":"Polygon","coordinates":[[[-4.86174,5.1457],[-4.86181,5.1457],[-4.86181,5.14542],[-4.86292,5.14542],[-4.86292,5.1457],[-4.86625,5.1457],[-4.86625,5.14542],[-4.86653,5.14542],[-4.86653,5.1457],[-4.86708,5.1457],[-4.86708,5.14542],[-4.87014,5.14542],[-4.87014,5.14514],[-4.87347,5.14514],[-4.87347,5.14486],[-4.8757,5.14486],[-4.8757,5.14514],[-4.87599,5.14514],[-4.87599,5.14626],[-4.86174,5.14626],[-4.86174,5.1457]]]},"properties":{"region":"Lagunes","district":"Grand-Lahou","floods_1m":1,"floods_2m":1,"floods_3m":1,"first_flood_m":1,"nests":true,"area_km2":0.162}},{"type":"Feature","geometry":{"type":"Polygon","coordinates":[[[-5.38928,5.17822],[-5.38928,5.17477],[-5.40354,5.17477],[-5.40354,5.18638],[-5.38928,5.17822]]]},"properties":{"region":"Lagunes","district":"Grand-Lahou","floods_1m":1,"floods_2m":1,"floods_3m":1,"first_flood_m":1,"nests":true,"area_km2":1.322}},{"type":"Feature","geometry":{"type":"Polygon","coordinates":[[[-4.83322,5.18903],[-4.84748,5.18903],[-4.84748,5.20329],[-4.83322,5.20329],[-4.83322,5.18903]]]},"properties":{"region":"Lagunes","district":"Grand-Lahou","floods_1m":1,"floods_2m":1,"floods_3m":1,"first_flood_m":1,"nests":true,"area_km2":2.504}},{"type":"Feature","geometry":{"type":"Polygon","coordinates":[[[-4.31993,5.36013],[-4.33419,5.36013],[-4.33419,5.37439],[-4.31993,5.37439],[-4.31993,5.36013]]]},"properties":{"region":"Lagunes","district":"Abidjan","floods_1m":0,"floods_2m":1,"floods_3m":1,"first_flood_m":2,"nests":true,"area_km2":2.503}},{"type":"Feature","geometry":{"type":"Polygon","coordinates":[[[-4.91877,5.17477],[-4.93303,5.17477],[-4.93303,5.18903],[-4.91877,5.18903],[-4.91877,5.17477]]]},"properties":{"region":"Lagunes","district":"Grand-Lahou","floods_1m":0,"floods_2m":1,"floods_3m":1,"first_flood_m":2,"nests":true,"area_km2":2.504}},{"type":"Feature","geometry":{"type":"Polygon","coordinates":[[[-3.70684,5.28884],[-3.7211,5.28884],[-3.7211,5.3031],[-3.70684,5.3031],[-3.70684,5.28884]]]},"properties":{"region":"Lagunes","district":"Abidjan","floods_1m":1,"floods_2m":1,"floods_3m":1,"first_flood_m":1,"nests":true,"area_km2":2.504}},{"type":"Feature","geometry":{"type":"Polygon","coordinates":[[[-4.86174,5.20329],[-4.87599,5.20329],[-4.87599,5.21755],[-4.86174,5.21755],[-4.86174,5.20329]]]},"properties":{"region":"Lagunes","district":"Grand-Lahou","floods_1m":0,"floods_2m":1,"floods_3m":1,"first_flood_m":2,"nests":true,"area_km2":2.502}},{"type":"Feature","geometry":{"type":"Polygon","coordinates":[[[-4.94728,5.26032],[-4.96154,5.26032],[-4.96154,5.27458],[-4.94728,5.27458],[-4.94728,5.26032]]]},"properties":{"region":"Lagunes","district":"Grand-Lahou","floods_1m":0,"floods_2m":0,"floods_3m":1,"first_flood_m":3,"nests":true,"area_km2":2.504}},{"type":"Feature","geometry":{"type":"Polygon","coordinates":[[[-5.03283,5.18903],[-5.04709,5.18903],[-5.04709,5.20329],[-5.03283,5.20329],[-5.03283,5.18903]]]},"properties":{"region":"Lagunes","district":"Grand-Lahou","floods_1m":0,"floods_2m":0,"floods_3m":1,"first_flood_m":3,"nests":true,"area_km2":2.504}},{"type":"Feature","geometry":{"type":"Polygon","coordinates":[[[-5.38928,5.10319],[-5.38931,5.10319],[-5.38931,5.10292],[-5.39208,5.10292],[-5.39208,5.10264],[-5.39458,5.10264],[-5.39458,5.10236],[-5.39736,5.10236],[-5.39736,5.10208],[-5.40014,5.10208],[-5.40014,5.10181],[-5.40292,5.10181],[-5.40292,5.10153],[-5.40354,5.10153],[-5.40354,5.10348],[-5.38928,5.10348],[-5.38928,5.10319]]]},"properties":{"region":"Lagunes","district":"Grand-Lahou","floods_1m":1,"floods_2m":1,"floods_3m":1,"first_flood_m":1,"nests":true,"area_km2":0.203}},{"type":"Feature","geometry":{"type":"Polygon","coordinates":[[[-4.33419,5.20875],[-4.3343,5.20875],[-4.3343,5.20847],[-4.33486,5.20847],[-4.33486,5.20875],[-4.33514,5.20875],[-4.33514,5.20847],[-4.33542,5.20847],[-4.33542,5.20875],[-4.33569,5.20875],[-4.33569,5.20847],[-4.33708,5.20847],[-4.33708,5.20819],[-4.34042,5.20819],[-4.34042,5.20792],[-4.34097,5.20792],[-4.34097,5.20764],[-4.34125,5.20764],[-4.34125,5.20792],[-4.34208,5.20792],[-4.34208,5.20764],[-4.34236,5.20764],[-4.34236,5.20792],[-4.34514,5.20792],[-4.34514,5.20764],[-4.34681,5.20764],[-4.34681,5.20792],[-4.34736,5.20792],[-4.34736,5.20764],[-4.34845,5.20764],[-4.34845,5.21755],[-4.33419,5.21755],[-4.33419,5.20875]]]},"properties":{"region":"Lagunes","district":"Abidjan","floods_1m":1,"floods_2m":1,"floods_3m":1,"first_flood_m":1,"nests":true,"area_km2":1.669}},{"type":"Feature","geometry":{"type":"Polygon","coordinates":[[[-5.6887,5.06125],[-5.68958,5.06125],[-5.68958,5.06097],[-5.69097,5.06097],[-5.69097,5.06071],[-5.70296,5.06071],[-5.70296,5.07497],[-5.6887,5.07497],[-5.6887,5.06125]]]},"properties":{"region":"Sud-Bandama","district":"Divo","floods_1m":1,"floods_2m":1,"floods_3m":1,"first_flood_m":1,"nests":true,"area_km2":2.494}},{"type":"Feature","geometry":{"type":"Polygon","coordinates":[[[-4.89025,5.14431],[-4.89069,5.14431],[-4.89069,5.14403],[-4.89708,5.14403],[-4.89708,5.14375],[-4.90042,5.14375],[-4.90042,5.14347],[-4.90125,5.14347],[-4.90125,5.1432],[-4.90451,5.1432],[-4.90451,5.14626],[-4.89025,5.14626],[-4.89025,5.14431]]]},"properties":{"region":"Lagunes","district":"Grand-Lahou","floods_1m":1,"floods_2m":1,"floods_3m":1,"first_flood_m":1,"nests":true,"area_km2":0.441}},{"type":"Feature","geometry":{"type":"Polygon","coordinates":[[[-3.84942,5.31735],[-3.86368,5.31735],[-3.86368,5.33161],[-3.84942,5.33161],[-3.84942,5.31735]]]},"properties":{"region":"Lagunes","district":"Abidjan","floods_1m":1,"floods_2m":1,"floods_3m":1,"first_flood_m":1,"nests":true,"area_km2":2.503}},{"type":"Feature","geometry":{"type":"Polygon","coordinates":[[[-3.89219,5.43142],[-3.90645,5.43142],[-3.90645,5.44568],[-3.89219,5.44568],[-3.89219,5.43142]]]},"properties":{"region":"Lagunes","district":"Abidjan","floods_1m":1,"floods_2m":1,"floods_3m":1,"first_flood_m":1,"nests":true,"area_km2":2.503}},{"type":"Feature","geometry":{"type":"Polygon","coordinates":[[[-5.04709,5.20329],[-5.06135,5.20329],[-5.06135,5.21755],[-5.04709,5.21755],[-5.04709,5.20329]]]},"properties":{"region":"Lagunes","district":"Grand-Lahou","floods_1m":0,"floods_2m":0,"floods_3m":1,"first_flood_m":3,"nests":true,"area_km2":2.504}},{"type":"Feature","geometry":{"type":"Polygon","coordinates":[[[-4.96154,5.17477],[-4.9758,5.17477],[-4.9758,5.18903],[-4.96154,5.18903],[-4.96154,5.17477]]]},"properties":{"region":"Lagunes","district":"Grand-Lahou","floods_1m":0,"floods_2m":1,"floods_3m":1,"first_flood_m":2,"nests":true,"area_km2":2.504}},{"type":"Feature","geometry":{"type":"Polygon","coordinates":[[[-5.28948,5.23181],[-5.30373,5.23181],[-5.30373,5.24606],[-5.28948,5.24606],[-5.28948,5.23181]]]},"properties":{"region":"Sud-Bandama","district":"Divo","floods_1m":0,"floods_2m":0,"floods_3m":1,"first_flood_m":3,"nests":true,"area_km2":2.5}},{"type":"Feature","geometry":{"type":"Polygon","coordinates":[[[-3.53574,5.37439],[-3.55,5.37439],[-3.55,5.38864],[-3.53574,5.38864],[-3.53574,5.37439]]]},"properties":{"region":"Lagunes","district":"Abidjan","floods_1m":1,"floods_2m":1,"floods_3m":1,"first_flood_m":1,"nests":true,"area_km2":2.501}},{"type":"Feature","geometry":{"type":"Polygon","coordinates":[[[-4.9758,5.18903],[-4.99006,5.18903],[-4.99006,5.20329],[-4.9758,5.20329],[-4.9758,5.18903]]]},"properties":{"region":"Lagunes","district":"Grand-Lahou","floods_1m":0,"floods_2m":1,"floods_3m":1,"first_flood_m":2,"nests":true,"area_km2":2.504}},{"type":"Feature","geometry":{"type":"Polygon","coordinates":[[[-4.31993,5.27458],[-4.33419,5.27458],[-4.33419,5.28884],[-4.31993,5.28884],[-4.31993,5.27458]]]},"properties":{"region":"Lagunes","district":"Abidjan","floods_1m":1,"floods_2m":1,"floods_3m":1,"first_flood_m":1,"nests":true,"area_km2":2.504}},{"type":"Feature","geometry":{"type":"Polygon","coordinates":[[[-3.64981,5.20329],[-3.66406,5.20329],[-3.66406,5.21755],[-3.64981,5.21755],[-3.64981,5.20329]]]},"properties":{"region":"Lagunes","district":"Abidjan","floods_1m":1,"floods_2m":1,"floods_3m":1,"first_flood_m":1,"nests":true,"area_km2":2.502}},{"type":"Feature","geometry":{"type":"Polygon","coordinates":[[[-4.90451,5.18903],[-4.91877,5.18903],[-4.91877,5.20329],[-4.90451,5.20329],[-4.90451,5.18903]]]},"properties":{"region":"Lagunes","district":"Grand-Lahou","floods_1m":0,"floods_2m":0,"floods_3m":1,"first_flood_m":3,"nests":true,"area_km2":2.504}},{"type":"Feature","geometry":{"type":"Polygon","coordinates":[[[-3.67832,5.33161],[-3.69258,5.33161],[-3.69258,5.34587],[-3.67832,5.34587],[-3.67832,5.33161]]]},"properties":{"region":"Lagunes","district":"Abidjan","floods_1m":1,"floods_2m":1,"floods_3m":1,"first_flood_m":1,"nests":true,"area_km2":2.503}},{"type":"Feature","geometry":{"type":"Polygon","coordinates":[[[-4.7907,5.16052],[-4.8047,5.16052],[-4.8047,5.17477],[-4.8045,5.17477],[-4.7907,5.16085],[-4.7907,5.16052]]]},"properties":{"region":"Lagunes","district":"Grand-Lahou","floods_1m":1,"floods_2m":1,"floods_3m":1,"first_flood_m":1,"nests":true,"area_km2":1.274}},{"type":"Feature","geometry":{"type":"Polygon","coordinates":[[[-5.80276,5.06069],[-5.80292,5.06069],[-5.80292,5.06042],[-5.80319,5.06042],[-5.80319,5.06014],[-5.80347,5.06014],[-5.80347,5.05986],[-5.80403,5.05986],[-5.80403,5.05958],[-5.80486,5.05958],[-5.80486,5.05931],[-5.80625,5.05931],[-5.80625,5.05903],[-5.80653,5.05903],[-5.80653,5.05875],[-5.80681,5.05875],[-5.80681,5.05847],[-5.80514,5.05847],[-5.80514,5.05875],[-5.80431,5.05875],[-5.80431,5.05903],[-5.80319,5.05903],[-5.80319,5.05931],[-5.80276,5.05931],[-5.80276,5.04645],[-5.81702,5.04645],[-5.81702,5.06071],[-5.80276,5.06071],[-5.80276,5.06069]]]},"properties":{"region":"Sud-Bandama","district":"Divo","floods_1m":1,"floods_2m":1,"floods_3m":1,"first_flood_m":1,"nests":true,"area_km2":2.465}},{"type":"Feature","geometry":{"type":"Polygon","coordinates":[[[-4.80804,5.20329],[-4.81896,5.20329],[-4.81896,5.21755],[-4.80893,5.21755],[-4.80804,5.20329]]]},"properties":{"region":"Lagunes","district":"Grand-Lahou","floods_1m":1,"floods_2m":1,"floods_3m":1,"first_flood_m":1,"nests":true,"area_km2":1.839}},{"type":"Feature","geometry":{"type":"Polygon","coordinates":[[[-4.23438,5.21875],[-4.23569,5.21875],[-4.23569,5.21847],[-4.23875,5.21847],[-4.23875,5.21819],[-4.24181,5.21819],[-4.24181,5.21792],[-4.24431,5.21792],[-4.24431,5.21764],[-4.24653,5.21764],[-4.24653,5.21755],[-4.24864,5.21755],[-4.24864,5.23181],[-4.23438,5.23181],[-4.23438,5.21875]]]},"properties":{"region":"Lagunes","district":"Abidjan","floods_1m":1,"floods_2m":1,"floods_3m":1,"first_flood_m":1,"nests":true,"area_km2":2.412}},{"type":"Feature","geometry":{"type":"Polygon","coordinates":[[[-5.08986,5.13097],[-5.09042,5.13097],[-5.09042,5.13069],[-5.09403,5.13069],[-5.09403,5.13042],[-5.09569,5.13042],[-5.09569,5.13069],[-5.09681,5.13069],[-5.09681,5.13042],[-5.09708,5.13042],[-5.09708,5.13069],[-5.09736,5.13069],[-5.09736,5.13042],[-5.09875,5.13042],[-5.09875,5.13014],[-5.09931,5.13014],[-5.09931,5.13042],[-5.09958,5.13042],[-5.09958,5.13014],[-5.10153,5.13014],[-5.10153,5.13042],[-5.10319,5.13042],[-5.10319,5.13014],[-5.10375,5.13014],[-5.10375,5.12986],[-5.10412,5.12986],[-5.10412,5.132],[-5.08986,5.132],[-5.08986,5.13097]]]},"properties":{"region":"Lagunes","district":"Grand-Lahou","floods_1m":1,"floods_2m":1,"floods_3m":1,"first_flood_m":1,"nests":true,"area_km2":0.27}},{"type":"Feature","geometry":{"type":"Polygon","coordinates":[[[-4.93303,5.14097],[-4.93347,5.14097],[-4.93347,5.14125],[-4.93431,5.14125],[-4.93431,5.14153],[-4.93569,5.14153],[-4.93569,5.14125],[-4.93653,5.14125],[-4.93653,5.14097],[-4.93847,5.14097],[-4.93847,5.14069],[-4.94153,5.14069],[-4.94153,5.14042],[-4.94728,5.14042],[-4.94728,5.14626],[-4.93303,5.14626],[-4.93303,5.14097]]]},"properties":{"region":"Lagunes","district":"Grand-Lahou","floods_1m":1,"floods_2m":1,"floods_3m":1,"first_flood_m":1,"nests":true,"area_km2":0.962}},{"type":"Feature","geometry":{"type":"Polygon","coordinates":[[[-5.23244,5.12014],[-5.23264,5.12014],[-5.23264,5.11986],[-5.23542,5.11986],[-5.23542,5.11958],[-5.23819,5.11958],[-5.23819,5.11931],[-5.24097,5.11931],[-5.24097,5.11903],[-5.24375,5.11903],[-5.24375,5.11875],[-5.24653,5.11875],[-5.24653,5.11847],[-5.2467,5.11847],[-5.2467,5.132],[-5.23244,5.132],[-5.23244,5.12014]]]},"properties":{"region":"Lagunes","district":"Grand-Lahou","floods_1m":1,"floods_2m":1,"floods_3m":1,"first_flood_m":1,"nests":true,"area_km2":2.229}},{"type":"Feature","geometry":{"type":"Polygon","coordinates":[[[-5.30373,5.20329],[-5.31799,5.20329],[-5.31799,5.21755],[-5.30373,5.21755],[-5.30373,5.20329]]]},"properties":{"region":"Sud-Bandama","district":"Divo","floods_1m":0,"floods_2m":0,"floods_3m":1,"first_flood_m":3,"nests":true,"area_km2":2.504}},{"type":"Feature","geometry":{"type":"Polygon","coordinates":[[[-5.30373,5.17477],[-5.31799,5.17477],[-5.31799,5.18903],[-5.30373,5.18903],[-5.30373,5.17477]]]},"properties":{"region":"Sud-Bandama","district":"Divo","floods_1m":1,"floods_2m":1,"floods_3m":1,"first_flood_m":1,"nests":true,"area_km2":2.504}},{"type":"Feature","geometry":{"type":"Polygon","coordinates":[[[-3.74961,5.27458],[-3.76387,5.27458],[-3.76387,5.28884],[-3.74961,5.28884],[-3.74961,5.27458]]]},"properties":{"region":"Lagunes","district":"Abidjan","floods_1m":1,"floods_2m":1,"floods_3m":1,"first_flood_m":1,"nests":true,"area_km2":2.504}},{"type":"Feature","geometry":{"type":"Polygon","coordinates":[[[-5.30373,5.16884],[-5.30373,5.17477],[-5.29495,5.17477],[-5.30373,5.16884]]]},"properties":{"region":"Sud-Bandama","district":"Divo","floods_1m":0,"floods_2m":0,"floods_3m":1,"first_flood_m":3,"nests":true,"area_km2":0.321}},{"type":"Feature","geometry":{"type":"Polygon","coordinates":[[[-3.76387,5.27458],[-3.77813,5.27458],[-3.77813,5.28884],[-3.76387,5.28884],[-3.76387,5.27458]]]},"properties":{"region":"Lagunes","district":"Abidjan","floods_1m":1,"floods_2m":1,"floods_3m":1,"first_flood_m":1,"nests":true,"area_km2":2.504}},{"type":"Feature","geometry":{"type":"Polygon","coordinates":[[[-4.22013,5.28884],[-4.23438,5.28884],[-4.23438,5.3031],[-4.22013,5.3031],[-4.22013,5.28884]]]},"properties":{"region":"Lagunes","district":"Abidjan","floods_1m":1,"floods_2m":1,"floods_3m":1,"first_flood_m":1,"nests":true,"area_km2":2.502}},{"type":"Feature","geometry":{"type":"Polygon","coordinates":[[[-5.06135,5.18903],[-5.07561,5.18903],[-5.07561,5.19177],[-5.06964,5.19532],[-5.0696,5.20329],[-5.06135,5.20329],[-5.06135,5.18903]]]},"properties":{"region":"Lagunes","district":"Grand-Lahou","floods_1m":0,"floods_2m":0,"floods_3m":1,"first_flood_m":3,"nests":true,"area_km2":1.786}},{"type":"Feature","geometry":{"type":"Polygon","coordinates":[[[-5.44631,5.09681],[-5.44847,5.09681],[-5.44847,5.09653],[-5.45097,5.09653],[-5.45097,5.09625],[-5.4532,5.09625],[-5.45337,5.10348],[-5.44631,5.10348],[-5.44631,5.09681]]]},"properties":{"region":"Lagunes","district":"Grand-Lahou","floods_1m":1,"floods_2m":1,"floods_3m":1,"first_flood_m":1,"nests":true,"area_km2":0.598}},{"type":"Feature","geometry":{"type":"Polygon","coordinates":[[[-4.73341,5.23181],[-4.74767,5.23181],[-4.74767,5.24606],[-4.73341,5.24606],[-4.73341,5.23181]]]},"properties":{"region":"Lagunes","district":"Abidjan","floods_1m":1,"floods_2m":1,"floods_3m":1,"first_flood_m":1,"nests":true,"area_km2":2.502}},{"type":"Feature","geometry":{"type":"Polygon","coordinates":[[[-4.99006,5.20329],[-5.00432,5.20329],[-5.00432,5.21755],[-4.99006,5.21755],[-4.99006,5.20329]]]},"properties":{"region":"Lagunes","district":"Grand-Lahou","floods_1m":0,"floods_2m":0,"floods_3m":1,"first_flood_m":3,"nests":true,"area_km2":2.504}},{"type":"Feature","geometry":{"type":"Polygon","coordinates":[[[-3.8209,5.47419],[-3.83516,5.47419],[-3.83516,5.48845],[-3.8209,5.48845],[-3.8209,5.47419]]]},"properties":{"region":"Lagunes","district":"Abidjan","floods_1m":0,"floods_2m":1,"floods_3m":1,"first_flood_m":2,"nests":true,"area_km2":2.503}},{"type":"Feature","geometry":{"type":"Polygon","coordinates":[[[-4.96154,5.16052],[-4.9758,5.16052],[-4.9758,5.17477],[-4.96154,5.17477],[-4.96154,5.16052]]]},"properties":{"region":"Lagunes","district":"Grand-Lahou","floods_1m":1,"floods_2m":1,"floods_3m":1,"first_flood_m":1,"nests":true,"area_km2":2.502}},{"type":"Feature","geometry":{"type":"Polygon","coordinates":[[[-3.87793,5.24606],[-3.89219,5.24606],[-3.89219,5.24695],[-3.89219,5.26032],[-3.87793,5.26032],[-3.87793,5.24695],[-3.87793,5.24606]]]},"properties":{"region":"Lagunes","district":"Abidjan","floods_1m":1,"floods_2m":1,"floods_3m":1,"first_flood_m":1,"nests":true,"area_km2":2.504}},{"type":"Feature","geometry":{"type":"Polygon","coordinates":[[[-5.1469,5.1268],[-5.14792,5.1268],[-5.14792,5.12708],[-5.14958,5.12708],[-5.14958,5.1268],[-5.15014,5.1268],[-5.15014,5.12653],[-5.15042,5.12653],[-5.15042,5.1268],[-5.15069,5.1268],[-5.15069,5.12653],[-5.15125,5.12653],[-5.15125,5.1268],[-5.15264,5.1268],[-5.15264,5.12653],[-5.15375,5.12653],[-5.15375,5.1268],[-5.15458,5.1268],[-5.15458,5.12653],[-5.15569,5.12653],[-5.15569,5.12625],[-5.15708,5.12625],[-5.15708,5.12653],[-5.15764,5.12653],[-5.15764,5.12625],[-5.15875,5.12625],[-5.15875,5.12597],[-5.15958,5.12597],[-5.15958,5.12625],[-5.15986,5.12625],[-5.15986,5.12597],[-5.16014,5.12597],[-5.16014,5.12625],[-5.16069,5.12625],[-5.16069,5.12597],[-5.16115,5.12597],[-5.16115,5.132],[-5.1469,5.132],[-5.1469,5.1268]]]},"properties":{"region":"Lagunes","district":"Grand-Lahou","floods_1m":1,"floods_2m":1,"floods_3m":1,"first_flood_m":1,"nests":true,"area_km2":0.957}},{"type":"Feature","geometry":{"type":"Polygon","coordinates":[[[-5.10412,5.12986],[-5.10486,5.12986],[-5.10486,5.12958],[-5.10569,5.12958],[-5.10569,5.12986],[-5.10847,5.12986],[-5.10847,5.12958],[-5.11292,5.12958],[-5.11292,5.12931],[-5.11375,5.12931],[-5.11375,5.12903],[-5.11431,5.12903],[-5.11431,5.12931],[-5.11653,5.12931],[-5.11653,5.12903],[-5.11681,5.12903],[-5.11681,5.12931],[-5.11792,5.12931],[-5.11792,5.12903],[-5.11838,5.12903],[-5.11838,5.132],[-5.10412,5.132],[-5.10412,5.12986]]]},"properties":{"region":"Lagunes","district":"Grand-Lahou","floods_1m":1,"floods_2m":1,"floods_3m":1,"first_flood_m":1,"nests":true,"area_km2":0.435}},{"type":"Feature","geometry":{"type":"Polygon","coordinates":[[[-5.10412,5.17477],[-5.10424,5.17477],[-5.10412,5.17485],[-5.10412,5.17477]]]},"properties":{"region":"Lagunes","district":"Grand-Lahou","floods_1m":0,"floods_2m":0,"floods_3m":1,"first_flood_m":3,"nests":true,"area_km2":0.0}},{"type":"Feature","geometry":{"type":"Polygon","coordinates":[[[-4.99006,5.18903],[-5.00432,5.18903],[-5.00432,5.20329],[-4.99006,5.20329],[-4.99006,5.18903]]]},"properties":{"region":"Lagunes","district":"Grand-Lahou","floods_1m":0,"floods_2m":1,"floods_3m":1,"first_flood_m":2,"nests":true,"area_km2":2.504}},{"type":"Feature","geometry":{"type":"Polygon","coordinates":[[[-5.00432,5.14626],[-5.01857,5.14626],[-5.01857,5.16052],[-5.00432,5.16052],[-5.00432,5.14626]]]},"properties":{"region":"Lagunes","district":"Grand-Lahou","floods_1m":1,"floods_2m":1,"floods_3m":1,"first_flood_m":1,"nests":true,"area_km2":2.502}},{"type":"Feature","geometry":{"type":"Polygon","coordinates":[[[-4.31993,5.33161],[-4.33419,5.33161],[-4.33419,5.34587],[-4.31993,5.34587],[-4.31993,5.33161]]]},"properties":{"region":"Lagunes","district":"Abidjan","floods_1m":1,"floods_2m":1,"floods_3m":1,"first_flood_m":1,"nests":true,"area_km2":2.503}},{"type":"Feature","geometry":{"type":"Polygon","coordinates":[[[-5.54612,5.11774],[-5.56038,5.11774],[-5.56038,5.132],[-5.54612,5.132],[-5.54612,5.11774]]]},"properties":{"region":"Sud-Bandama","district":"Divo","floods_1m":1,"floods_2m":1,"floods_3m":1,"first_flood_m":1,"nests":true,"area_km2":2.504}},{"type":"Feature","geometry":{"type":"Polygon","coordinates":[[[-3.59277,5.17477],[-3.60703,5.17477],[-3.60703,5.18903],[-3.59277,5.18903],[-3.59277,5.17477]]]},"properties":{"region":"Lagunes","district":"Abidjan","floods_1m":0,"floods_2m":1,"floods_3m":1,"first_flood_m":2,"nests":true,"area_km2":2.504}},{"type":"Feature","geometry":{"type":"Polygon","coordinates":[[[-5.00432,5.13597],[-5.00514,5.13597],[-5.00514,5.13569],[-5.01292,5.13569],[-5.01292,5.13542],[-5.01857,5.13542],[-5.01857,5.14626],[-5.00432,5.14626],[-5.00432,5.13597]]]},"properties":{"region":"Lagunes","district":"Grand-Lahou","floods_1m":1,"floods_2m":1,"floods_3m":1,"first_flood_m":1,"nests":true,"area_km2":1.871}},{"type":"Feature","geometry":{"type":"Polygon","coordinates":[[[-5.26096,5.11736],[-5.26096,5.11774],[-5.25542,5.11774],[-5.25542,5.11764],[-5.25727,5.11764],[-5.25819,5.11764],[-5.25819,5.11736],[-5.26053,5.11736],[-5.26096,5.11736]]]},"properties":{"region":"Lagunes","district":"Grand-Lahou","floods_1m":0,"floods_2m":0,"floods_3m":1,"first_flood_m":3,"nests":true,"area_km2":0.016}},{"type":"Feature","geometry":{"type":"Polygon","coordinates":[[[-5.07375,5.132],[-5.07292,5.132],[-5.07292,5.13181],[-5.07375,5.13181],[-5.07375,5.132]]]},"properties":{"region":"Lagunes","district":"Grand-Lahou","floods_1m":0,"floods_2m":1,"floods_3m":1,"first_flood_m":2,"nests":true,"area_km2":0.002}},{"type":"Feature","geometry":{"type":"Polygon","coordinates":[[[-4.60509,5.21755],[-4.61935,5.21755],[-4.61935,5.23181],[-4.60509,5.23181],[-4.60509,5.21755]]]},"properties":{"region":"Lagunes","district":"Abidjan","floods_1m":1,"floods_2m":1,"floods_3m":1,"first_flood_m":1,"nests":true,"area_km2":2.504}},{"type":"Feature","geometry":{"type":"Polygon","coordinates":[[[-5.04709,5.13375],[-5.04764,5.13375],[-5.04764,5.13347],[-5.04847,5.13347],[-5.04847,5.13319],[-5.04903,5.13319],[-5.04903,5.13292],[-5.04931,5.13292],[-5.04931,5.13319],[-5.05014,5.13319],[-5.05014,5.13347],[-5.05042,5.13347],[-5.05042,5.13319],[-5.05069,5.13319],[-5.05069,5.13292],[-5.05125,5.13292],[-5.05125,5.13319],[-5.05208,5.13319],[-5.05208,5.13347],[-5.05292,5.13347],[-5.05292,5.13319],[-5.05431,5.13319],[-5.05431,5.13347],[-5.05514,5.13347],[-5.05514,5.13319],[-5.05597,5.13319],[-5.05597,5.13292],[-5.0582,5.13292],[-5.0582,5.13264],[-5.05847,5.13264],[-5.05847,5.13292],[-5.05875,5.13292],[-5.05875,5.13264],[-5.06042,5.13264],[-5.06042,5.13236],[-5.06097,5.13236],[-5.06097,5.13264],[-5.06135,5.13264],[-5.06135,5.14626],[-5.04709,5.14626],[-5.04709,5.13375]]]},"properties":{"region":"Lagunes","district":"Grand-Lahou","floods_1m":1,"floods_2m":1,"floods_3m":1,"first_flood_m":1,"nests":true,"area_km2":2.314}},{"type":"Feature","geometry":{"type":"Polygon","coordinates":[[[-5.28948,5.132],[-5.30373,5.132],[-5.30373,5.14626],[-5.28948,5.14626],[-5.28948,5.132]]]},"properties":{"region":"Lagunes","district":"Grand-Lahou","floods_1m":0,"floods_2m":1,"floods_3m":1,"first_flood_m":2,"nests":true,"area_km2":2.502}},{"type":"Feature","geometry":{"type":"Polygon","coordinates":[[[-4.60509,5.27458],[-4.61935,5.27458],[-4.61935,5.28884],[-4.60509,5.28884],[-4.60509,5.27458]]]},"properties":{"region":"Lagunes","district":"Abidjan","floods_1m":1,"floods_2m":1,"floods_3m":1,"first_flood_m":1,"nests":true,"area_km2":2.504}},{"type":"Feature","geometry":{"type":"Polygon","coordinates":[[[-5.27522,5.16052],[-5.28948,5.16052],[-5.28948,5.17477],[-5.27522,5.17477],[-5.27522,5.16052]]]},"properties":{"region":"Lagunes","district":"Grand-Lahou","floods_1m":0,"floods_2m":1,"floods_3m":1,"first_flood_m":2,"nests":true,"area_km2":2.502}},{"type":"Feature","geometry":{"type":"Polygon","coordinates":[[[-5.27522,5.14626],[-5.28948,5.14626],[-5.28948,5.16052],[-5.27522,5.16052],[-5.27522,5.14626]]]},"properties":{"region":"Lagunes","district":"Grand-Lahou","floods_1m":0,"floods_2m":1,"floods_3m":1,"first_flood_m":2,"nests":true,"area_km2":2.504}},{"type":"Feature","geometry":{"type":"Polygon","coordinates":[[[-4.9758,5.20329],[-4.99006,5.20329],[-4.99006,5.21755],[-4.9758,5.21755],[-4.9758,5.20329]]]},"properties":{"region":"Lagunes","district":"Grand-Lahou","floods_1m":0,"floods_2m":0,"floods_3m":1,"first_flood_m":3,"nests":true,"area_km2":2.504}},{"type":"Feature","geometry":{"type":"Polygon","coordinates":[[[-4.81896,5.20329],[-4.83322,5.20329],[-4.83322,5.21755],[-4.81896,5.21755],[-4.81896,5.20329]]]},"properties":{"region":"Lagunes","district":"Grand-Lahou","floods_1m":1,"floods_2m":1,"floods_3m":1,"first_flood_m":1,"nests":true,"area_km2":2.504}},{"type":"Feature","geometry":{"type":"Polygon","coordinates":[[[-4.94728,5.20329],[-4.96154,5.20329],[-4.96154,5.21755],[-4.94728,5.21755],[-4.94728,5.20329]]]},"properties":{"region":"Lagunes","district":"Grand-Lahou","floods_1m":0,"floods_2m":0,"floods_3m":1,"first_flood_m":3,"nests":true,"area_km2":2.504}},{"type":"Feature","geometry":{"type":"Polygon","coordinates":[[[-4.03477,5.34587],[-4.04903,5.34587],[-4.04903,5.36013],[-4.03477,5.36013],[-4.03477,5.34587]]]},"properties":{"region":"Lagunes","district":"Abidjan","floods_1m":1,"floods_2m":1,"floods_3m":1,"first_flood_m":1,"nests":true,"area_km2":2.503}},{"type":"Feature","geometry":{"type":"Polygon","coordinates":[[[-5.1469,5.18903],[-5.16115,5.18903],[-5.16115,5.20329],[-5.1469,5.20329],[-5.1469,5.18903]]]},"properties":{"region":"Sud-Bandama","district":"Divo","floods_1m":0,"floods_2m":0,"floods_3m":1,"first_flood_m":3,"nests":true,"area_km2":2.502}},{"type":"Feature","geometry":{"type":"Polygon","coordinates":[[[-4.2629,5.31735],[-4.27716,5.31735],[-4.27716,5.33161],[-4.2629,5.33161],[-4.2629,5.31735]]]},"properties":{"region":"Lagunes","district":"Abidjan","floods_1m":1,"floods_2m":1,"floods_3m":1,"first_flood_m":1,"nests":true,"area_km2":2.503}},{"type":"Feature","geometry":{"type":"Polygon","coordinates":[[[-3.97774,5.28884],[-3.992,5.28884],[-3.992,5.3031],[-3.97774,5.3031],[-3.97774,5.28884]]]},"properties":{"region":"Lagunes","district":"Abidjan","floods_1m":1,"floods_2m":1,"floods_3m":1,"first_flood_m":1,"nests":true,"area_km2":2.504}},{"type":"Feature","geometry":{"type":"Polygon","coordinates":[[[-4.2629,5.33161],[-4.27716,5.33161],[-4.27716,5.34587],[-4.2629,5.34587],[-4.2629,5.33161]]]},"properties":{"region":"Lagunes","district":"Abidjan","floods_1m":1,"floods_2m":1,"floods_3m":1,"first_flood_m":1,"nests":true,"area_km2":2.503}},{"type":"Feature","geometry":{"type":"Polygon","coordinates":[[[-4.00626,5.33161],[-4.02051,5.33161],[-4.02051,5.34587],[-4.00626,5.34587],[-4.00626,5.33161]]]},"properties":{"region":"Lagunes","district":"Abidjan","floods_1m":1,"floods_2m":1,"floods_3m":1,"first_flood_m":1,"nests":true,"area_km2":2.502}},{"type":"Feature","geometry":{"type":"Polygon","coordinates":[[[-4.24864,5.27458],[-4.2629,5.27458],[-4.2629,5.28884],[-4.24864,5.28884],[-4.24864,5.27458]]]},"properties":{"region":"Lagunes","district":"Abidjan","floods_1m":1,"floods_2m":1,"floods_3m":1,"first_flood_m":1,"nests":true,"area_km2":2.504}},{"type":"Feature","geometry":{"type":"Polygon","coordinates":[[[-5.08986,5.20329],[-5.10412,5.20329],[-5.10412,5.21755],[-5.08986,5.21755],[-5.08986,5.20329]]]},"properties":{"region":"Sud-Bandama","district":"Divo","floods_1m":1,"floods_2m":1,"floods_3m":1,"first_flood_m":1,"nests":true,"area_km2":2.504}},{"type":"Feature","geometry":{"type":"Polygon","coordinates":[[[-5.08986,5.13097],[-5.08986,5.132],[-5.07569,5.132],[-5.07569,5.13181],[-5.07736,5.13181],[-5.07736,5.13153],[-5.07764,5.13153],[-5.07764,5.13181],[-5.07792,5.13181],[-5.07792,5.13153],[-5.07847,5.13153],[-5.07847,5.13181],[-5.07958,5.13181],[-5.07958,5.13153],[-5.07986,5.13153],[-5.07986,5.13181],[-5.08375,5.13181],[-5.08375,5.13153],[-5.08486,5.13153],[-5.08486,5.13125],[-5.08514,5.13125],[-5.08514,5.13153],[-5.08792,5.13153],[-5.08792,5.13125],[-5.08875,5.13125],[-5.08875,5.13097],[-5.08986,5.13097]]]},"properties":{"region":"Lagunes","district":"Grand-Lahou","floods_1m":1,"floods_2m":1,"floods_3m":1,"first_flood_m":1,"nests":true,"area_km2":0.07}},{"type":"Feature","geometry":{"type":"Polygon","coordinates":[[[-3.60703,5.33161],[-3.62129,5.33161],[-3.62129,5.34587],[-3.60703,5.34587],[-3.60703,5.33161]]]},"properties":{"region":"Lagunes","district":"Abidjan","floods_1m":0,"floods_2m":1,"floods_3m":1,"first_flood_m":2,"nests":true,"area_km2":2.503}},{"type":"Feature","geometry":{"type":"Polygon","coordinates":[[[-5.48909,5.10348],[-5.50334,5.10348],[-5.50334,5.11774],[-5.48909,5.11774],[-5.48909,5.10348]]]},"properties":{"region":"Sud-Bandama","district":"Divo","floods_1m":1,"floods_2m":1,"floods_3m":1,"first_flood_m":1,"nests":true,"area_km2":2.503}},{"type":"Feature","geometry":{"type":"Polygon","coordinates":[[[-5.38928,5.14626],[-5.40354,5.14626],[-5.40354,5.16052],[-5.38928,5.16052],[-5.38928,5.14626]]]},"properties":{"region":"Lagunes","district":"Grand-Lahou","floods_1m":0,"floods_2m":0,"floods_3m":1,"first_flood_m":3,"nests":true,"area_km2":2.504}},{"type":"Feature","geometry":{"type":"Polygon","coordinates":[[[-3.8209,5.37439],[-3.83516,5.37439],[-3.83516,5.38864],[-3.8209,5.38864],[-3.8209,5.37439]]]},"properties":{"region":"Lagunes","district":"Abidjan","floods_1m":1,"floods_2m":1,"floods_3m":1,"first_flood_m":1,"nests":true,"area_km2":2.501}},{"type":"Feature","geometry":{"type":"Polygon","coordinates":[[[-4.29142,5.37439],[-4.30567,5.37439],[-4.30567,5.38864],[-4.29142,5.38864],[-4.29142,5.37439]]]},"properties":{"region":"Lagunes","district":"Abidjan","floods_1m":1,"floods_2m":1,"floods_3m":1,"first_flood_m":1,"nests":true,"area_km2":2.5}},{"type":"Feature","geometry":{"type":"Polygon","coordinates":[[[-4.94728,5.17477],[-4.96154,5.17477],[-4.96154,5.18903],[-4.94728,5.18903],[-4.94728,5.17477]]]},"properties":{"region":"Lagunes","district":"Grand-Lahou","floods_1m":0,"floods_2m":0,"floods_3m":1,"first_flood_m":3,"nests":true,"area_km2":2.504}},{"type":"Feature","geometry":{"type":"Polygon","coordinates":[[[-5.40354,5.10153],[-5.40569,5.10153],[-5.40569,5.10125],[-5.4082,5.10125],[-5.4082,5.10097],[-5.41097,5.10097],[-5.41097,5.1007],[-5.41375,5.1007],[-5.41375,5.10042],[-5.41625,5.10042],[-5.41625,5.10014],[-5.41708,5.10014],[-5.41708,5.09986],[-5.41736,5.09986],[-5.41736,5.10014],[-5.4178,5.10014],[-5.4178,5.10348],[-5.40354,5.10348],[-5.40354,5.10153]]]},"properties":{"region":"Lagunes","district":"Grand-Lahou","floods_1m":1,"floods_2m":1,"floods_3m":1,"first_flood_m":1,"nests":true,"area_km2":0.46}},{"type":"Feature","geometry":{"type":"Polygon","coordinates":[[[-4.89025,5.18903],[-4.90451,5.18903],[-4.90451,5.20329],[-4.89025,5.20329],[-4.89025,5.18903]]]},"properties":{"region":"Lagunes","district":"Grand-Lahou","floods_1m":1,"floods_2m":1,"floods_3m":1,"first_flood_m":1,"nests":true,"area_km2":2.504}},{"type":"Feature","geometry":{"type":"Polygon","coordinates":[[[-3.7211,5.28884],[-3.73535,5.28884],[-3.73535,5.3031],[-3.7211,5.3031],[-3.7211,5.28884]]]},"properties":{"region":"Lagunes","district":"Abidjan","floods_1m":1,"floods_2m":1,"floods_3m":1,"first_flood_m":1,"nests":true,"area_km2":2.502}},{"type":"Feature","geometry":{"type":"Polygon","coordinates":[[[-4.77619,5.20329],[-4.79045,5.20329],[-4.79045,5.21755],[-4.77619,5.21755],[-4.77619,5.20329]]]},"properties":{"region":"Lagunes","district":"Abidjan","floods_1m":1,"floods_2m":1,"floods_3m":1,"first_flood_m":1,"nests":true,"area_km2":2.504}},{"type":"Feature","geometry":{"type":"Polygon","coordinates":[[[-5.38928,5.18903],[-5.40354,5.18903],[-5.40354,5.20329],[-5.38928,5.20329],[-5.38928,5.18903]]]},"properties":{"region":"Sud-Bandama","district":"Divo","floods_1m":0,"floods_2m":1,"floods_3m":1,"first_flood_m":2,"nests":true,"area_km2":2.504}},{"type":"Feature","geometry":{"type":"Polygon","coordinates":[[[-4.94728,5.14626],[-4.96154,5.14626],[-4.96154,5.16052],[-4.94728,5.16052],[-4.94728,5.14626]]]},"properties":{"region":"Lagunes","district":"Grand-Lahou","floods_1m":0,"floods_2m":0,"floods_3m":1,"first_flood_m":3,"nests":true,"area_km2":2.504}},{"type":"Feature","geometry":{"type":"Polygon","coordinates":[[[-4.29142,5.24606],[-4.30567,5.24606],[-4.30567,5.24695],[-4.30567,5.26032],[-4.29142,5.26032],[-4.29142,5.24695],[-4.29142,5.24606]]]},"properties":{"region":"Lagunes","district":"Abidjan","floods_1m":1,"floods_2m":1,"floods_3m":1,"first_flood_m":1,"nests":true,"area_km2":2.502}},{"type":"Feature","geometry":{"type":"Polygon","coordinates":[[[-4.84748,5.17477],[-4.86174,5.17477],[-4.86174,5.18903],[-4.84748,5.18903],[-4.84748,5.17477]]]},"properties":{"region":"Lagunes","district":"Grand-Lahou","floods_1m":1,"floods_2m":1,"floods_3m":1,"first_flood_m":1,"nests":true,"area_km2":2.504}},{"type":"Feature","geometry":{"type":"Polygon","coordinates":[[[-5.21819,5.20447],[-5.21819,5.20329],[-5.23244,5.20329],[-5.23244,5.20909],[-5.21819,5.20447]]]},"properties":{"region":"Lagunes","district":"Grand-Lahou","floods_1m":0,"floods_2m":0,"floods_3m":1,"first_flood_m":3,"nests":true,"area_km2":0.612}},{"type":"Feature","geometry":{"type":"Polygon","coordinates":[[[-3.90645,5.44568],[-3.92071,5.44568],[-3.92071,5.45993],[-3.90645,5.45993],[-3.90645,5.44568]]]},"properties":{"region":"Lagunes","district":"Abidjan","floods_1m":1,"floods_2m":1,"floods_3m":1,"first_flood_m":1,"nests":true,"area_km2":2.501}},{"type":"Feature","geometry":{"type":"Polygon","coordinates":[[[-5.06135,5.13264],[-5.0632,5.13264],[-5.0632,5.13236],[-5.06792,5.13236],[-5.06792,5.13208],[-5.06819,5.13208],[-5.06819,5.13236],[-5.06875,5.13236],[-5.06875,5.13208],[-5.06986,5.13208],[-5.06986,5.13236],[-5.07236,5.13236],[-5.07236,5.13208],[-5.07292,5.13208],[-5.07292,5.132],[-5.07375,5.132],[-5.07375,5.13208],[-5.07561,5.13208],[-5.07561,5.14626],[-5.06135,5.14626],[-5.06135,5.13264]]]},"properties":{"region":"Lagunes","district":"Grand-Lahou","floods_1m":1,"floods_2m":1,"floods_3m":1,"first_flood_m":1,"nests":true,"area_km2":2.451}},{"type":"Feature","geometry":{"type":"Polygon","coordinates":[[[-4.44825,5.19736],[-4.44903,5.19736],[-4.44903,5.19708],[-4.45181,5.19708],[-4.45181,5.1968],[-4.45236,5.1968],[-4.45236,5.19708],[-4.45292,5.19708],[-4.45292,5.1968],[-4.45403,5.1968],[-4.45403,5.19625],[-4.46014,5.19625],[-4.46014,5.19597],[-4.46251,5.19597],[-4.46251,5.20329],[-4.44825,5.20329],[-4.44825,5.19736]]]},"properties":{"region":"Lagunes","district":"Abidjan","floods_1m":1,"floods_2m":1,"floods_3m":1,"first_flood_m":1,"nests":true,"area_km2":1.188}},{"type":"Feature","geometry":{"type":"Polygon","coordinates":[[[-4.54806,5.27458],[-4.56232,5.27458],[-4.56232,5.28884],[-4.54806,5.28884],[-4.54806,5.27458]]]},"properties":{"region":"Lagunes","district":"Abidjan","floods_1m":1,"floods_2m":1,"floods_3m":1,"first_flood_m":1,"nests":true,"area_km2":2.504}},{"type":"Feature","geometry":{"type":"Polygon","coordinates":[[[-4.84748,5.16052],[-4.86174,5.16052],[-4.86174,5.17477],[-4.84748,5.17477],[-4.84748,5.16052]]]},"properties":{"region":"Lagunes","district":"Grand-Lahou","floods_1m":1,"floods_2m":1,"floods_3m":1,"first_flood_m":1,"nests":true,"area_km2":2.502}},{"type":"Feature","geometry":{"type":"Polygon","coordinates":[[[-5.27522,5.11774],[-5.28948,5.11774],[-5.28948,5.132],[-5.27522,5.132],[-5.27522,5.11774]]]},"properties":{"region":"Lagunes","district":"Grand-Lahou","floods_1m":0,"floods_2m":0,"floods_3m":1,"first_flood_m":3,"nests":true,"area_km2":2.504}},{"type":"Feature","geometry":{"type":"Polygon","coordinates":[[[-5.20393,5.20336],[-5.21127,5.20584],[-5.21697,5.20408],[-5.21819,5.20447],[-5.21819,5.21755],[-5.20393,5.21755],[-5.20393,5.20336]]]},"properties":{"region":"Sud-Bandama","district":"Divo","floods_1m":1,"floods_2m":1,"floods_3m":1,"first_flood_m":1,"nests":true,"area_km2":2.253}},{"type":"Feature","geometry":{"type":"Polygon","coordinates":[[[-4.7049,5.18903],[-4.71916,5.18903],[-4.71916,5.20329],[-4.7049,5.20329],[-4.7049,5.18903]]]},"properties":{"region":"Lagunes","district":"Abidjan","floods_1m":0,"floods_2m":1,"floods_3m":1,"first_flood_m":2,"nests":true,"area_km2":2.504}},{"type":"Feature","geometry":{"type":"Polygon","coordinates":[[[-5.16115,5.132],[-5.17541,5.132],[-5.17541,5.14626],[-5.16115,5.14626],[-5.16115,5.132]]]},"properties":{"region":"Lagunes","district":"Grand-Lahou","floods_1m":0,"floods_2m":0,"floods_3m":1,"first_flood_m":3,"nests":true,"area_km2":2.504}},{"type":"Feature","geometry":{"type":"Polygon","coordinates":[[[-4.91877,5.16052],[-4.93303,5.16052],[-4.93303,5.17477],[-4.91877,5.17477],[-4.91877,5.16052]]]},"properties":{"region":"Lagunes","district":"Grand-Lahou","floods_1m":1,"floods_2m":1,"floods_3m":1,"first_flood_m":1,"nests":true,"area_km2":2.502}},{"type":"Feature","geometry":{"type":"Polygon","coordinates":[[[-3.60703,5.17477],[-3.6093,5.17477],[-3.6093,5.17486],[-3.61042,5.17486],[-3.61042,5.17514],[-3.61319,5.17514],[-3.61319,5.17542],[-3.61375,5.17542],[-3.61375,5.17569],[-3.61431,5.17569],[-3.61431,5.17597],[-3.61819,5.17597],[-3.61819,5.17625],[-3.61958,5.17625],[-3.61958,5.17597],[-3.62042,5.17597],[-3.62042,5.17625],[-3.62129,5.17625],[-3.62129,5.18903],[-3.60703,5.18903],[-3.60703,5.17477]]]},"properties":{"region":"Lagunes","district":"Abidjan","floods_1m":1,"floods_2m":1,"floods_3m":1,"first_flood_m":1,"nests":true,"area_km2":2.368}},{"type":"Feature","geometry":{"type":"Polygon","coordinates":[[[-4.71916,5.20329],[-4.73341,5.20329],[-4.73341,5.21755],[-4.71916,5.21755],[-4.71916,5.20329]]]},"properties":{"region":"Lagunes","district":"Abidjan","floods_1m":1,"floods_2m":1,"floods_3m":1,"first_flood_m":1,"nests":true,"area_km2":2.502}},{"type":"Feature","geometry":{"type":"Polygon","coordinates":[[[-5.1469,5.132],[-5.16115,5.132],[-5.16115,5.14626],[-5.1469,5.14626],[-5.1469,5.132]]]},"properties":{"region":"Lagunes","district":"Grand-Lahou","floods_1m":0,"floods_2m":0,"floods_3m":1,"first_flood_m":3,"nests":true,"area_km2":2.502}},{"type":"Feature","geometry":{"type":"Polygon","coordinates":[[[-4.94728,5.21755],[-4.96154,5.21755],[-4.96154,5.23181],[-4.94728,5.23181],[-4.94728,5.21755]]]},"properties":{"region":"Lagunes","district":"Grand-Lahou","floods_1m":0,"floods_2m":0,"floods_3m":1,"first_flood_m":3,"nests":true,"area_km2":2.504}},{"type":"Feature","geometry":{"type":"Polygon","coordinates":[[[-4.93303,5.16052],[-4.94728,5.16052],[-4.94728,5.17477],[-4.93303,5.17477],[-4.93303,5.16052]]]},"properties":{"region":"Lagunes","district":"Grand-Lahou","floods_1m":0,"floods_2m":1,"floods_3m":1,"first_flood_m":2,"nests":true,"area_km2":2.501}},{"type":"Feature","geometry":{"type":"Polygon","coordinates":[[[-5.30373,5.132],[-5.31799,5.132],[-5.31799,5.14626],[-5.30373,5.14626],[-5.30373,5.132]]]},"properties":{"region":"Lagunes","district":"Grand-Lahou","floods_1m":0,"floods_2m":0,"floods_3m":1,"first_flood_m":3,"nests":true,"area_km2":2.504}},{"type":"Feature","geometry":{"type":"Polygon","coordinates":[[[-5.00432,5.18903],[-5.01857,5.18903],[-5.01857,5.20329],[-5.00432,5.20329],[-5.00432,5.18903]]]},"properties":{"region":"Lagunes","district":"Grand-Lahou","floods_1m":0,"floods_2m":0,"floods_3m":1,"first_flood_m":3,"nests":true,"area_km2":2.502}},{"type":"Feature","geometry":{"type":"Polygon","coordinates":[[[-4.2629,5.28884],[-4.27716,5.28884],[-4.27716,5.3031],[-4.2629,5.3031],[-4.2629,5.28884]]]},"properties":{"region":"Lagunes","district":"Abidjan","floods_1m":1,"floods_2m":1,"floods_3m":1,"first_flood_m":1,"nests":true,"area_km2":2.504}},{"type":"Feature","geometry":{"type":"Polygon","coordinates":[[[-5.03283,5.13431],[-5.03625,5.13431],[-5.03625,5.13403],[-5.03653,5.13403],[-5.03653,5.13431],[-5.03681,5.13431],[-5.03681,5.13403],[-5.03708,5.13403],[-5.03708,5.13431],[-5.03764,5.13431],[-5.03764,5.13403],[-5.03792,5.13403],[-5.03792,5.13431],[-5.04125,5.13431],[-5.04125,5.13403],[-5.04264,5.13403],[-5.04264,5.13375],[-5.04319,5.13375],[-5.04319,5.13403],[-5.04431,5.13403],[-5.04431,5.13375],[-5.04709,5.13375],[-5.04709,5.14626],[-5.03283,5.14626],[-5.03283,5.13431]]]},"properties":{"region":"Lagunes","district":"Grand-Lahou","floods_1m":1,"floods_2m":1,"floods_3m":1,"first_flood_m":1,"nests":true,"area_km2":2.133}},{"type":"Feature","geometry":{"type":"Polygon","coordinates":[[[-4.00626,5.3031],[-4.02051,5.3031],[-4.02051,5.31735],[-4.00626,5.31735],[-4.00626,5.3031]]]},"properties":{"region":"Lagunes","district":"Abidjan","floods_1m":1,"floods_2m":1,"floods_3m":1,"first_flood_m":1,"nests":true,"area_km2":2.5}},{"type":"Feature","geometry":{"type":"MultiPolygon","coordinates":[[[[-5.7885,5.06071],[-5.78875,5.06071],[-5.78875,5.06097],[-5.78903,5.06097],[-5.78903,5.06125],[-5.78931,5.06125],[-5.78931,5.06153],[-5.78958,5.06153],[-5.78958,5.06181],[-5.78986,5.06181],[-5.78986,5.06208],[-5.79014,5.06208],[-5.79014,5.06236],[-5.79097,5.06236],[-5.79097,5.06292],[-5.79153,5.06292],[-5.79153,5.06347],[-5.7918,5.06347],[-5.7918,5.06403],[-5.79208,5.06403],[-5.79208,5.06458],[-5.79236,5.06458],[-5.79236,5.06486],[-5.79319,5.06486],[-5.79319,5.06458],[-5.7943,5.06458],[-5.7943,5.06514],[-5.79458,5.06514],[-5.79458,5.06542],[-5.79486,5.06542],[-5.79486,5.06569],[-5.79542,5.06569],[-5.79542,5.06542],[-5.79569,5.06542],[-5.79569,5.06514],[-5.79625,5.06514],[-5.79625,5.06486],[-5.79736,5.06486],[-5.79736,5.06514],[-5.79764,5.06514],[-5.79764,5.06542],[-5.79819,5.06542],[-5.79819,5.06569],[-5.79847,5.06569],[-5.79847,5.06625],[-5.79875,5.06625],[-5.79875,5.06653],[-5.79903,5.06653],[-5.79903,5.0668],[-5.79931,5.0668],[-5.79931,5.06792],[-5.79958,5.06792],[-5.79958,5.06986],[-5.80042,5.06986],[-5.80042,5.07014],[-5.80069,5.07014],[-5.80069,5.07042],[-5.80097,5.07042],[-5.80097,5.07069],[-5.80181,5.07069],[-5.80181,5.07042],[-5.80208,5.07042],[-5.80208,5.07014],[-5.80236,5.07014],[-5.80236,5.06958],[-5.80208,5.06958],[-5.80208,5.0693],[-5.80125,5.0693],[-5.80125,5.06903],[-5.80097,5.06903],[-5.80097,5.06875],[-5.80069,5.06875],[-5.80069,5.06736],[-5.80042,5.06736],[-5.80042,5.0668],[-5.80014,5.0668],[-5.80014,5.06653],[-5.79986,5.06653],[-5.79986,5.06625],[-5.79958,5.06625],[-5.79958,5.06597],[-5.79931,5.06597],[-5.79931,5.06569],[-5.79903,5.06569],[-5.79903,5.06431],[-5.79931,5.06431],[-5.79931,5.06403],[-5.79986,5.06403],[-5.79986,5.06375],[-5.80042,5.06375],[-5.80042,5.06347],[-5.80097,5.06347],[-5.80097,5.0632],[-5.80264,5.0632],[-5.80264,5.06347],[-5.80276,5.06347],[-5.80276,5.07497],[-5.7885,5.07497],[-5.7885,5.06071]]],[[[-5.79153,5.06071],[-5.80125,5.06071],[-5.80125,5.06153],[-5.80097,5.06153],[-5.80097,5.06181],[-5.80069,5.06181],[-5.80069,5.06208],[-5.80014,5.06208],[-5.80014,5.06236],[-5.79931,5.06236],[-5.79931,5.06264],[-5.79903,5.06264],[-5.79903,5.06292],[-5.79875,5.06292],[-5.79875,5.0632],[-5.79847,5.0632],[-5.79847,5.06347],[-5.79736,5.06347],[-5.79736,5.06375],[-5.79597,5.06375],[-5.79597,5.06347],[-5.79542,5.06347],[-5.79542,5.0632],[-5.79458,5.0632],[-5.79458,5.06292],[-5.79403,5.06292],[-5.79403,5.06264],[-5.79347,5.06264],[-5.79347,5.06236],[-5.79292,5.06236],[-5.79292,5.06208],[-5.79264,5.06208],[-5.79264,5.06181],[-5.79236,5.06181],[-5.79236,5.06153],[-5.79208,5.06153],[-5.79208,5.06125],[-5.7918,5.06125],[-5.7918,5.06097],[-5.79153,5.06097],[-5.79153,5.06071]]],[[[-5.80264,5.06071],[-5.80276,5.06071],[-5.80276,5.06264],[-5.80264,5.06264],[-5.80264,5.06236],[-5.80236,5.06236],[-5.80236,5.06208],[-5.80208,5.06208],[-5.80208,5.06125],[-5.80236,5.06125],[-5.80236,5.06097],[-5.80264,5.06097],[-5.80264,5.06071]]]]},"properties":{"region":"Sud-Bandama","district":"Divo","floods_1m":1,"floods_2m":1,"floods_3m":1,"first_flood_m":1,"nests":true,"area_km2":2.1}},{"type":"Feature","geometry":{"type":"Polygon","coordinates":[[[-5.21819,5.16052],[-5.23244,5.16052],[-5.23244,5.17477],[-5.21819,5.17477],[-5.21819,5.16052]]]},"properties":{"region":"Lagunes","district":"Grand-Lahou","floods_1m":0,"floods_2m":0,"floods_3m":1,"first_flood_m":3,"nests":true,"area_km2":2.501}},{"type":"Feature","geometry":{"type":"Polygon","coordinates":[[[-4.84748,5.1468],[-4.85153,5.1468],[-4.85153,5.14653],[-4.85542,5.14653],[-4.85542,5.14626],[-4.86174,5.14626],[-4.86174,5.16052],[-4.84748,5.16052],[-4.84748,5.1468]]]},"properties":{"region":"Lagunes","district":"Grand-Lahou","floods_1m":1,"floods_2m":1,"floods_3m":1,"first_flood_m":1,"nests":true,"area_km2":2.464}},{"type":"Feature","geometry":{"type":"Polygon","coordinates":[[[-4.16309,5.23181],[-4.17735,5.23181],[-4.17735,5.24606],[-4.16309,5.24606],[-4.16309,5.23181]]]},"properties":{"region":"Lagunes","district":"Abidjan","floods_1m":0,"floods_2m":0,"floods_3m":1,"first_flood_m":3,"nests":true,"area_km2":2.502}},{"type":"Feature","geometry":{"type":"Polygon","coordinates":[[[-4.87599,5.14626],[-4.8858,5.14626],[-4.89025,5.14626],[-4.89025,5.16052],[-4.8858,5.16052],[-4.87599,5.16052],[-4.87599,5.14626]]]},"properties":{"region":"Lagunes","district":"Grand-Lahou","floods_1m":0,"floods_2m":1,"floods_3m":1,"first_flood_m":2,"nests":true,"area_km2":2.504}},{"type":"Feature","geometry":{"type":"Polygon","coordinates":[[[-5.43205,5.09847],[-5.43322,5.09847],[-5.43347,5.09847],[-5.43347,5.0982],[-5.43512,5.0982],[-5.4357,5.0982],[-5.4357,5.09792],[-5.43702,5.09792],[-5.4382,5.09792],[-5.4382,5.09775],[-5.4382,5.09764],[-5.43892,5.09764],[-5.44069,5.09764],[-5.44069,5.09736],[-5.44082,5.09736],[-5.44319,5.09736],[-5.44319,5.09708],[-5.44597,5.09708],[-5.44597,5.09681],[-5.44631,5.09681],[-5.44631,5.10348],[-5.43205,5.10348],[-5.43205,5.09847]]]},"properties":{"region":"Lagunes","district":"Grand-Lahou","floods_1m":1,"floods_2m":1,"floods_3m":1,"first_flood_m":1,"nests":true,"area_km2":1.018}},{"type":"Feature","geometry":{"type":"Polygon","coordinates":[[[-5.11838,5.132],[-5.13264,5.132],[-5.13264,5.14626],[-5.11838,5.14626],[-5.11838,5.132]]]},"properties":{"region":"Lagunes","district":"Grand-Lahou","floods_1m":0,"floods_2m":0,"floods_3m":1,"first_flood_m":3,"nests":true,"area_km2":2.504}},{"type":"Feature","geometry":{"type":"Polygon","coordinates":[[[-3.76387,5.20329],[-3.77813,5.20329],[-3.77813,5.21755],[-3.76387,5.21755],[-3.76387,5.20329]]]},"properties":{"region":"Lagunes","district":"Abidjan","floods_1m":1,"floods_2m":1,"floods_3m":1,"first_flood_m":1,"nests":true,"area_km2":2.504}},{"type":"Feature","geometry":{"type":"Polygon","coordinates":[[[-4.07755,5.26032],[-4.0918,5.26032],[-4.0918,5.27458],[-4.07755,5.27458],[-4.07755,5.26032]]]},"properties":{"region":"Lagunes","district":"Abidjan","floods_1m":1,"floods_2m":1,"floods_3m":1,"first_flood_m":1,"nests":true,"area_km2":2.502}},{"type":"Feature","geometry":{"type":"Polygon","coordinates":[[[-4.80893,5.21755],[-4.81896,5.21755],[-4.81896,5.23181],[-4.80981,5.23181],[-4.80893,5.21755]]]},"properties":{"region":"Lagunes","district":"Grand-Lahou","floods_1m":0,"floods_2m":0,"floods_3m":1,"first_flood_m":3,"nests":true,"area_km2":1.684}},{"type":"Feature","geometry":{"type":"Polygon","coordinates":[[[-4.9758,5.17477],[-4.99006,5.17477],[-4.99006,5.18903],[-4.9758,5.18903],[-4.9758,5.17477]]]},"properties":{"region":"Lagunes","district":"Grand-Lahou","floods_1m":1,"floods_2m":1,"floods_3m":1,"first_flood_m":1,"nests":true,"area_km2":2.504}},{"type":"Feature","geometry":{"type":"Polygon","coordinates":[[[-5.08986,5.17477],[-5.10412,5.17477],[-5.10412,5.17485],[-5.08986,5.18331],[-5.08986,5.17477]]]},"properties":{"region":"Lagunes","district":"Grand-Lahou","floods_1m":0,"floods_2m":0,"floods_3m":1,"first_flood_m":3,"nests":true,"area_km2":0.757}},{"type":"Feature","geometry":{"type":"Polygon","coordinates":[[[-4.79075,5.1518],[-4.79097,5.1518],[-4.79097,5.15153],[-4.79486,5.15153],[-4.79486,5.15125],[-4.7968,5.15125],[-4.7968,5.15097],[-4.80014,5.15097],[-4.80014,5.15069],[-4.80347,5.15069],[-4.80347,5.15042],[-4.8047,5.15042],[-4.8047,5.16052],[-4.7907,5.16052],[-4.79075,5.1518]]]},"properties":{"region":"Lagunes","district":"Grand-Lahou","floods_1m":1,"floods_2m":1,"floods_3m":1,"first_flood_m":1,"nests":true,"area_km2":1.627}},{"type":"Feature","geometry":{"type":"Polygon","coordinates":[[[-5.30373,5.16052],[-5.31606,5.16052],[-5.30373,5.16884],[-5.30373,5.16052]]]},"properties":{"region":"Lagunes","district":"Grand-Lahou","floods_1m":0,"floods_2m":0,"floods_3m":1,"first_flood_m":3,"nests":true,"area_km2":0.632}},{"type":"Feature","geometry":{"type":"Polygon","coordinates":[[[-5.18967,5.16052],[-5.20393,5.16052],[-5.20393,5.17477],[-5.18967,5.17477],[-5.18967,5.16052]]]},"properties":{"region":"Lagunes","district":"Grand-Lahou","floods_1m":1,"floods_2m":1,"floods_3m":1,"first_flood_m":1,"nests":true,"area_km2":2.502}},{"type":"Feature","geometry":{"type":"Polygon","coordinates":[[[-5.26096,5.17477],[-5.27522,5.17477],[-5.27522,5.1881],[-5.27383,5.18903],[-5.26096,5.18903],[-5.26096,5.17477]]]},"properties":{"region":"Lagunes","district":"Grand-Lahou","floods_1m":0,"floods_2m":0,"floods_3m":1,"first_flood_m":3,"nests":true,"area_km2":2.496}},{"type":"Feature","geometry":{"type":"Polygon","coordinates":[[[-4.83322,5.16052],[-4.84748,5.16052],[-4.84748,5.17477],[-4.83322,5.17477],[-4.83322,5.16052]]]},"properties":{"region":"Lagunes","district":"Grand-Lahou","floods_1m":1,"floods_2m":1,"floods_3m":1,"first_flood_m":1,"nests":true,"area_km2":2.502}},{"type":"Feature","geometry":{"type":"Polygon","coordinates":[[[-3.79239,5.20514],[-3.7932,5.20514],[-3.7932,5.20542],[-3.79403,5.20542],[-3.79403,5.2057],[-3.79514,5.2057],[-3.79514,5.20597],[-3.79653,5.20597],[-3.79653,5.20625],[-3.79764,5.20625],[-3.79764,5.20653],[-3.79875,5.20653],[-3.79875,5.20681],[-3.80014,5.20681],[-3.80014,5.20708],[-3.80153,5.20708],[-3.80153,5.20736],[-3.80264,5.20736],[-3.80264,5.20764],[-3.80403,5.20764],[-3.80403,5.20792],[-3.80514,5.20792],[-3.80514,5.20819],[-3.80597,5.20819],[-3.80597,5.20847],[-3.80664,5.20847],[-3.80664,5.21755],[-3.79239,5.21755],[-3.79239,5.20514]]]},"properties":{"region":"Lagunes","district":"Abidjan","floods_1m":1,"floods_2m":1,"floods_3m":1,"first_flood_m":1,"nests":true,"area_km2":1.887}},{"type":"Feature","geometry":{"type":"Polygon","coordinates":[[[-5.23244,5.14626],[-5.2467,5.14626],[-5.2467,5.16052],[-5.23244,5.16052],[-5.23244,5.14626]]]},"properties":{"region":"Lagunes","district":"Grand-Lahou","floods_1m":0,"floods_2m":1,"floods_3m":1,"first_flood_m":2,"nests":true,"area_km2":2.504}},{"type":"Feature","geometry":{"type":"Polygon","coordinates":[[[-5.70296,5.05931],[-5.70296,5.06071],[-5.69097,5.06071],[-5.69097,5.06069],[-5.69292,5.06069],[-5.69292,5.06042],[-5.69375,5.06042],[-5.69375,5.06014],[-5.69569,5.06014],[-5.69569,5.05986],[-5.69653,5.05986],[-5.69653,5.05958],[-5.7018,5.05958],[-5.7018,5.05931],[-5.70296,5.05931]]]},"properties":{"region":"Sud-Bandama","district":"Divo","floods_1m":1,"floods_2m":1,"floods_3m":1,"first_flood_m":1,"nests":true,"area_km2":0.119}},{"type":"Feature","geometry":{"type":"Polygon","coordinates":[[[-4.81896,5.43142],[-4.83322,5.43142],[-4.83322,5.44568],[-4.81896,5.44568],[-4.81896,5.43142]]]},"properties":{"region":"Lagunes","district":"Grand-Lahou","floods_1m":1,"floods_2m":1,"floods_3m":1,"first_flood_m":1,"nests":true,"area_km2":2.503}},{"type":"Feature","geometry":{"type":"Polygon","coordinates":[[[-3.53574,5.38864],[-3.55,5.38864],[-3.55,5.4029],[-3.53574,5.4029],[-3.53574,5.38864]]]},"properties":{"region":"Lagunes","district":"Abidjan","floods_1m":1,"floods_2m":1,"floods_3m":1,"first_flood_m":1,"nests":true,"area_km2":2.503}},{"type":"Feature","geometry":{"type":"Polygon","coordinates":[[[-4.46251,5.19597],[-4.46403,5.19597],[-4.46403,5.19569],[-4.46625,5.19569],[-4.46625,5.19542],[-4.46875,5.19542],[-4.46875,5.19514],[-4.4732,5.19514],[-4.4732,5.19486],[-4.47375,5.19486],[-4.47375,5.19458],[-4.47403,5.19458],[-4.47403,5.19486],[-4.47431,5.19486],[-4.47431,5.19458],[-4.47677,5.19458],[-4.47677,5.20329],[-4.46251,5.20329],[-4.46251,5.19597]]]},"properties":{"region":"Lagunes","district":"Abidjan","floods_1m":1,"floods_2m":1,"floods_3m":1,"first_flood_m":1,"nests":true,"area_km2":1.414}},{"type":"Feature","geometry":{"type":"Polygon","coordinates":[[[-4.83322,5.14736],[-4.83403,5.14736],[-4.83403,5.14764],[-4.83486,5.14764],[-4.83486,5.14792],[-4.83597,5.14792],[-4.83597,5.14764],[-4.84014,5.14764],[-4.84014,5.14736],[-4.84264,5.14736],[-4.84264,5.1468],[-4.84347,5.1468],[-4.84347,5.14708],[-4.84375,5.14708],[-4.84375,5.1468],[-4.84403,5.1468],[-4.84403,5.14708],[-4.84542,5.14708],[-4.84542,5.1468],[-4.84748,5.1468],[-4.84748,5.16052],[-4.83322,5.16052],[-4.83322,5.14736]]]},"properties":{"region":"Lagunes","district":"Grand-Lahou","floods_1m":1,"floods_2m":1,"floods_3m":1,"first_flood_m":1,"nests":true,"area_km2":2.314}},{"type":"Feature","geometry":{"type":"Polygon","coordinates":[[[-5.18967,5.19854],[-5.20371,5.20329],[-5.18967,5.20329],[-5.18967,5.19854]]]},"properties":{"region":"Sud-Bandama","district":"Divo","floods_1m":0,"floods_2m":0,"floods_3m":1,"first_flood_m":3,"nests":true,"area_km2":0.411}},{"type":"Feature","geometry":{"type":"Polygon","coordinates":[[[-4.94728,5.16052],[-4.96154,5.16052],[-4.96154,5.17477],[-4.94728,5.17477],[-4.94728,5.16052]]]},"properties":{"region":"Lagunes","district":"Grand-Lahou","floods_1m":0,"floods_2m":0,"floods_3m":1,"first_flood_m":3,"nests":true,"area_km2":2.502}},{"type":"Feature","geometry":{"type":"Polygon","coordinates":[[[-4.34845,5.3031],[-4.36271,5.3031],[-4.36271,5.31735],[-4.34845,5.31735],[-4.34845,5.3031]]]},"properties":{"region":"Lagunes","district":"Abidjan","floods_1m":1,"floods_2m":1,"floods_3m":1,"first_flood_m":1,"nests":true,"area_km2":2.502}},{"type":"Feature","geometry":{"type":"Polygon","coordinates":[[[-4.89025,5.21755],[-4.90451,5.21755],[-4.90451,5.23181],[-4.89025,5.23181],[-4.89025,5.21755]]]},"properties":{"region":"Lagunes","district":"Grand-Lahou","floods_1m":0,"floods_2m":1,"floods_3m":1,"first_flood_m":2,"nests":true,"area_km2":2.504}},{"type":"Feature","geometry":{"type":"Polygon","coordinates":[[[-4.33419,5.27458],[-4.34845,5.27458],[-4.34845,5.28884],[-4.33419,5.28884],[-4.33419,5.27458]]]},"properties":{"region":"Lagunes","district":"Abidjan","floods_1m":1,"floods_2m":1,"floods_3m":1,"first_flood_m":1,"nests":true,"area_km2":2.504}},{"type":"Feature","geometry":{"type":"Polygon","coordinates":[[[-5.16115,5.16052],[-5.17541,5.16052],[-5.17541,5.17477],[-5.16115,5.17477],[-5.16115,5.16052]]]},"properties":{"region":"Lagunes","district":"Grand-Lahou","floods_1m":0,"floods_2m":1,"floods_3m":1,"first_flood_m":2,"nests":true,"area_km2":2.502}},{"type":"Feature","geometry":{"type":"Polygon","coordinates":[[[-5.16115,5.1889],[-5.16115,5.17477],[-5.17541,5.17477],[-5.17541,5.18903],[-5.16153,5.18903],[-5.16115,5.1889]]]},"properties":{"region":"Lagunes","district":"Grand-Lahou","floods_1m":0,"floods_2m":0,"floods_3m":1,"first_flood_m":3,"nests":true,"area_km2":2.504}},{"type":"Feature","geometry":{"type":"Polygon","coordinates":[[[-3.59277,5.23181],[-3.60703,5.23181],[-3.60703,5.24606],[-3.59277,5.24606],[-3.59277,5.23181]]]},"properties":{"region":"Lagunes","district":"Abidjan","floods_1m":1,"floods_2m":1,"floods_3m":1,"first_flood_m":1,"nests":true,"area_km2":2.502}},{"type":"Feature","geometry":{"type":"Polygon","coordinates":[[[-3.66406,5.23181],[-3.67832,5.23181],[-3.67832,5.24606],[-3.66406,5.24606],[-3.66406,5.23181]]]},"properties":{"region":"Lagunes","district":"Abidjan","floods_1m":1,"floods_2m":1,"floods_3m":1,"first_flood_m":1,"nests":true,"area_km2":2.502}},{"type":"Feature","geometry":{"type":"Polygon","coordinates":[[[-5.10412,5.16052],[-5.11838,5.16052],[-5.11838,5.17445],[-5.10972,5.17152],[-5.10424,5.17477],[-5.10412,5.17477],[-5.10412,5.16052]]]},"properties":{"region":"Lagunes","district":"Grand-Lahou","floods_1m":0,"floods_2m":0,"floods_3m":1,"first_flood_m":3,"nests":true,"area_km2":2.202}},{"type":"Feature","geometry":{"type":"Polygon","coordinates":[[[-5.23244,5.16052],[-5.2467,5.16052],[-5.2467,5.17477],[-5.23244,5.17477],[-5.23244,5.16052]]]},"properties":{"region":"Lagunes","district":"Grand-Lahou","floods_1m":0,"floods_2m":0,"floods_3m":1,"first_flood_m":3,"nests":true,"area_km2":2.502}},{"type":"Feature","geometry":{"type":"Polygon","coordinates":[[[-4.57658,5.26032],[-4.59083,5.26032],[-4.59083,5.27458],[-4.57658,5.27458],[-4.57658,5.26032]]]},"properties":{"region":"Lagunes","district":"Abidjan","floods_1m":1,"floods_2m":1,"floods_3m":1,"first_flood_m":1,"nests":true,"area_km2":2.502}},{"type":"Feature","geometry":{"type":"Polygon","coordinates":[[[-3.59277,5.20329],[-3.60703,5.20329],[-3.60703,5.21755],[-3.59277,5.21755],[-3.59277,5.20329]]]},"properties":{"region":"Lagunes","district":"Abidjan","floods_1m":0,"floods_2m":1,"floods_3m":1,"first_flood_m":2,"nests":true,"area_km2":2.504}},{"type":"Feature","geometry":{"type":"Polygon","coordinates":[[[-4.94728,5.23181],[-4.96154,5.23181],[-4.96154,5.24606],[-4.94728,5.24606],[-4.94728,5.23181]]]},"properties":{"region":"Lagunes","district":"Grand-Lahou","floods_1m":0,"floods_2m":0,"floods_3m":1,"first_flood_m":3,"nests":true,"area_km2":2.502}},{"type":"Feature","geometry":{"type":"Polygon","coordinates":[[[-4.30567,5.24606],[-4.31993,5.24606],[-4.31993,5.24695],[-4.31993,5.26032],[-4.30567,5.26032],[-4.30567,5.24695],[-4.30567,5.24606]]]},"properties":{"region":"Lagunes","district":"Abidjan","floods_1m":1,"floods_2m":1,"floods_3m":1,"first_flood_m":1,"nests":true,"area_km2":2.504}},{"type":"Feature","geometry":{"type":"Polygon","coordinates":[[[-4.16309,5.22792],[-4.16486,5.22792],[-4.16486,5.22764],[-4.16514,5.22764],[-4.16514,5.22792],[-4.16569,5.22792],[-4.16569,5.22764],[-4.16708,5.22764],[-4.16708,5.22736],[-4.16903,5.22736],[-4.16903,5.22708],[-4.17153,5.22708],[-4.17153,5.22681],[-4.17375,5.22681],[-4.17375,5.22653],[-4.17597,5.22653],[-4.17597,5.22625],[-4.17681,5.22625],[-4.17681,5.22597],[-4.17735,5.22597],[-4.17735,5.23181],[-4.16309,5.23181],[-4.16309,5.22792]]]},"properties":{"region":"Lagunes","district":"Abidjan","floods_1m":1,"floods_2m":1,"floods_3m":1,"first_flood_m":1,"nests":true,"area_km2":0.827}},{"type":"Feature","geometry":{"type":"Polygon","coordinates":[[[-4.77619,5.44568],[-4.79045,5.44568],[-4.79045,5.45993],[-4.77619,5.45993],[-4.77619,5.44568]]]},"properties":{"region":"Lagunes","district":"Grand-Lahou","floods_1m":0,"floods_2m":0,"floods_3m":1,"first_flood_m":3,"nests":true,"area_km2":2.501}},{"type":"Feature","geometry":{"type":"Polygon","coordinates":[[[-3.7211,5.21755],[-3.73535,5.21755],[-3.73535,5.23181],[-3.7211,5.23181],[-3.7211,5.21755]]]},"properties":{"region":"Lagunes","district":"Abidjan","floods_1m":1,"floods_2m":1,"floods_3m":1,"first_flood_m":1,"nests":true,"area_km2":2.502}},{"type":"Feature","geometry":{"type":"Polygon","coordinates":[[[-5.37502,5.14626],[-5.38928,5.14626],[-5.38928,5.16052],[-5.37502,5.16052],[-5.37502,5.14626]]]},"properties":{"region":"Lagunes","district":"Grand-Lahou","floods_1m":0,"floods_2m":0,"floods_3m":1,"first_flood_m":3,"nests":true,"area_km2":2.504}},{"type":"Feature","geometry":{"type":"Polygon","coordinates":[[[-5.20393,5.12292],[-5.20458,5.12292],[-5.20458,5.1232],[-5.20569,5.1232],[-5.20569,5.12292],[-5.20625,5.12292],[-5.20625,5.12264],[-5.20653,5.12264],[-5.20653,5.12236],[-5.20708,5.12236],[-5.20708,5.12264],[-5.20736,5.12264],[-5.20736,5.12236],[-5.20764,5.12236],[-5.20764,5.12264],[-5.21042,5.12264],[-5.21042,5.12236],[-5.21292,5.12236],[-5.21292,5.12181],[-5.21569,5.12181],[-5.21569,5.12153],[-5.21819,5.12153],[-5.21819,5.132],[-5.20393,5.132],[-5.20393,5.12292]]]},"properties":{"region":"Lagunes","district":"Grand-Lahou","floods_1m":1,"floods_2m":1,"floods_3m":1,"first_flood_m":1,"nests":true,"area_km2":1.706}},{"type":"Feature","geometry":{"type":"Polygon","coordinates":[[[-4.06329,5.28884],[-4.07755,5.28884],[-4.07755,5.3031],[-4.06329,5.3031],[-4.06329,5.28884]]]},"properties":{"region":"Lagunes","district":"Abidjan","floods_1m":1,"floods_2m":1,"floods_3m":1,"first_flood_m":1,"nests":true,"area_km2":2.504}},{"type":"Feature","geometry":{"type":"Polygon","coordinates":[[[-5.03283,5.21755],[-5.04709,5.21755],[-5.04709,5.23181],[-5.03283,5.23181],[-5.03283,5.21755]]]},"properties":{"region":"Lagunes","district":"Grand-Lahou","floods_1m":0,"floods_2m":0,"floods_3m":1,"first_flood_m":3,"nests":true,"area_km2":2.504}},{"type":"Feature","geometry":{"type":"Polygon","coordinates":[[[-5.37502,5.10458],[-5.37625,5.10458],[-5.37625,5.10431],[-5.37875,5.10431],[-5.37875,5.10403],[-5.38125,5.10403],[-5.38125,5.10375],[-5.38403,5.10375],[-5.38403,5.10348],[-5.38928,5.10348],[-5.38928,5.11774],[-5.37502,5.11774],[-5.37502,5.10458]]]},"properties":{"region":"Lagunes","district":"Grand-Lahou","floods_1m":1,"floods_2m":1,"floods_3m":1,"first_flood_m":1,"nests":true,"area_km2":2.436}},{"type":"Feature","geometry":{"type":"Polygon","coordinates":[[[-5.31799,5.15921],[-5.31799,5.16052],[-5.31606,5.16052],[-5.31799,5.15921]]]},"properties":{"region":"Sud-Bandama","district":"Divo","floods_1m":0,"floods_2m":0,"floods_3m":1,"first_flood_m":3,"nests":true,"area_km2":0.016}},{"type":"Feature","geometry":{"type":"MultiPolygon","coordinates":[[[[-5.75999,5.05597],[-5.76014,5.05597],[-5.76014,5.05681],[-5.76042,5.05681],[-5.76042,5.05819],[-5.76069,5.05819],[-5.76069,5.05875],[-5.76042,5.05875],[-5.76042,5.05986],[-5.76014,5.05986],[-5.76014,5.06071],[-5.75999,5.06071],[-5.75999,5.05597]]],[[[-5.77425,5.04958],[-5.77425,5.06071],[-5.76181,5.06071],[-5.76181,5.06069],[-5.76208,5.06069],[-5.76208,5.05958],[-5.76236,5.05958],[-5.76236,5.05375],[-5.76208,5.05375],[-5.76208,5.05181],[-5.76181,5.05181],[-5.76181,5.05153],[-5.76292,5.05153],[-5.76292,5.05125],[-5.7632,5.05125],[-5.7632,5.05153],[-5.76375,5.05153],[-5.76375,5.05125],[-5.76542,5.05125],[-5.76542,5.05097],[-5.7657,5.05097],[-5.7657,5.05125],[-5.76597,5.05125],[-5.76597,5.05097],[-5.7682,5.05097],[-5.7682,5.05069],[-5.76875,5.05069],[-5.76875,5.05042],[-5.76931,5.05042],[-5.76931,5.05014],[-5.77014,5.05014],[-5.77014,5.04986],[-5.77042,5.04986],[-5.77042,5.05014],[-5.77097,5.05014],[-5.77097,5.05042],[-5.77153,5.05042],[-5.77153,5.05014],[-5.77236,5.05014],[-5.77236,5.04986],[-5.77375,5.04986],[-5.77375,5.04958],[-5.77425,5.04958]]]]},"properties":{"region":"Sud-Bandama","district":"Divo","floods_1m":1,"floods_2m":1,"floods_3m":1,"first_flood_m":1,"nests":true,"area_km2":1.508}},{"type":"Feature","geometry":{"type":"Polygon","coordinates":[[[-5.28948,5.17847],[-5.29495,5.17477],[-5.30373,5.17477],[-5.30373,5.18903],[-5.28948,5.18903],[-5.28948,5.17847]]]},"properties":{"region":"Sud-Bandama","district":"Divo","floods_1m":1,"floods_2m":1,"floods_3m":1,"first_flood_m":1,"nests":true,"area_km2":2.378}},{"type":"Feature","geometry":{"type":"Polygon","coordinates":[[[-5.21819,5.27458],[-5.23244,5.27458],[-5.23244,5.28884],[-5.21819,5.28884],[-5.21819,5.27458]]]},"properties":{"region":"Sud-Bandama","district":"Divo","floods_1m":0,"floods_2m":1,"floods_3m":1,"first_flood_m":2,"nests":true,"area_km2":2.502}},{"type":"Feature","geometry":{"type":"Polygon","coordinates":[[[-5.26096,5.19773],[-5.27383,5.18903],[-5.27522,5.18903],[-5.27522,5.20329],[-5.26096,5.20329],[-5.26096,5.19773]]]},"properties":{"region":"Sud-Bandama","district":"Divo","floods_1m":0,"floods_2m":0,"floods_3m":1,"first_flood_m":3,"nests":true,"area_km2":1.815}},{"type":"Feature","geometry":{"type":"Polygon","coordinates":[[[-5.80276,5.04458],[-5.80458,5.04458],[-5.80458,5.0443],[-5.80514,5.0443],[-5.80514,5.04403],[-5.80542,5.04403],[-5.80542,5.0443],[-5.80569,5.0443],[-5.80569,5.04403],[-5.80681,5.04403],[-5.80681,5.04375],[-5.80792,5.04375],[-5.80792,5.04347],[-5.80986,5.04347],[-5.80986,5.04319],[-5.8118,5.04319],[-5.8118,5.04292],[-5.81347,5.04292],[-5.81347,5.04264],[-5.81514,5.04264],[-5.81514,5.04236],[-5.81597,5.04236],[-5.81597,5.04208],[-5.81702,5.04208],[-5.81702,5.04645],[-5.80276,5.04645],[-5.80276,5.04458]]]},"properties":{"region":"Sud-Bandama","district":"Divo","floods_1m":1,"floods_2m":1,"floods_3m":1,"first_flood_m":1,"nests":true,"area_km2":0.541}},{"type":"Feature","geometry":{"type":"Polygon","coordinates":[[[-5.31799,5.23181],[-5.33225,5.23181],[-5.33225,5.24606],[-5.31799,5.24606],[-5.31799,5.23181]]]},"properties":{"region":"Sud-Bandama","district":"Divo","floods_1m":0,"floods_2m":1,"floods_3m":1,"first_flood_m":2,"nests":true,"area_km2":2.502}},{"type":"Feature","geometry":{"type":"Polygon","coordinates":[[[-5.63167,5.07497],[-5.64592,5.07497],[-5.64592,5.08923],[-5.63167,5.08923],[-5.63167,5.07497]]]},"properties":{"region":"Sud-Bandama","district":"Divo","floods_1m":0,"floods_2m":0,"floods_3m":1,"first_flood_m":3,"nests":true,"area_km2":2.503}},{"type":"Feature","geometry":{"type":"Polygon","coordinates":[[[-5.61741,5.10348],[-5.63167,5.10348],[-5.63167,5.11774],[-5.61741,5.11774],[-5.61741,5.10348]]]},"properties":{"region":"Sud-Bandama","district":"Divo","floods_1m":1,"floods_2m":1,"floods_3m":1,"first_flood_m":1,"nests":true,"area_km2":2.504}},{"type":"Feature","geometry":{"type":"Polygon","coordinates":[[[-5.64592,5.0668],[-5.64653,5.0668],[-5.64653,5.06653],[-5.65097,5.06653],[-5.65097,5.06625],[-5.65125,5.06625],[-5.65125,5.06597],[-5.6543,5.06597],[-5.6543,5.06569],[-5.65486,5.06569],[-5.65486,5.06542],[-5.65542,5.06542],[-5.65542,5.06514],[-5.65653,5.06514],[-5.65653,5.06486],[-5.65958,5.06486],[-5.65958,5.06514],[-5.66014,5.06514],[-5.66014,5.06486],[-5.66018,5.06486],[-5.66018,5.07497],[-5.64592,5.07497],[-5.64592,5.0668]]]},"properties":{"region":"Sud-Bandama","district":"Divo","floods_1m":1,"floods_2m":1,"floods_3m":1,"first_flood_m":1,"nests":true,"area_km2":1.608}},{"type":"Feature","geometry":{"type":"Polygon","coordinates":[[[-5.31799,5.21755],[-5.33225,5.21755],[-5.33225,5.23181],[-5.31799,5.23181],[-5.31799,5.21755]]]},"properties":{"region":"Sud-Bandama","district":"Divo","floods_1m":0,"floods_2m":0,"floods_3m":1,"first_flood_m":3,"nests":true,"area_km2":2.504}},{"type":"Feature","geometry":{"type":"Polygon","coordinates":[[[-5.30373,5.21755],[-5.31799,5.21755],[-5.31799,5.23181],[-5.30373,5.23181],[-5.30373,5.21755]]]},"properties":{"region":"Sud-Bandama","district":"Divo","floods_1m":0,"floods_2m":0,"floods_3m":1,"first_flood_m":3,"nests":true,"area_km2":2.504}},{"type":"Feature","geometry":{"type":"Polygon","coordinates":[[[-5.58889,5.08875],[-5.58889,5.07875],[-5.59014,5.07875],[-5.59014,5.07847],[-5.59347,5.07847],[-5.59347,5.07875],[-5.59403,5.07875],[-5.59403,5.07847],[-5.59542,5.07847],[-5.59542,5.07819],[-5.59625,5.07819],[-5.59625,5.07792],[-5.59792,5.07792],[-5.59792,5.07764],[-5.59958,5.07764],[-5.59958,5.07736],[-5.60097,5.07736],[-5.60097,5.07708],[-5.60264,5.07708],[-5.60264,5.07681],[-5.60315,5.07681],[-5.60315,5.08903],[-5.60264,5.08903],[-5.60264,5.08923],[-5.60236,5.08923],[-5.60236,5.08903],[-5.60208,5.08903],[-5.60208,5.08923],[-5.59681,5.08923],[-5.59681,5.08903],[-5.59625,5.08903],[-5.59625,5.08875],[-5.5957,5.08875],[-5.5957,5.08792],[-5.59542,5.08792],[-5.59542,5.08764],[-5.59486,5.08764],[-5.59486,5.08792],[-5.59458,5.08792],[-5.59458,5.08847],[-5.59375,5.08847],[-5.59375,5.08819],[-5.59264,5.08819],[-5.59264,5.08847],[-5.58958,5.08847],[-5.58958,5.08875],[-5.58889,5.08875]]]},"properties":{"region":"Sud-Bandama","district":"Divo","floods_1m":1,"floods_2m":1,"floods_3m":1,"first_flood_m":1,"nests":true,"area_km2":1.891}},{"type":"Feature","geometry":{"type":"Polygon","coordinates":[[[-5.11838,5.17477],[-5.11935,5.17477],[-5.13264,5.17927],[-5.13264,5.18903],[-5.11838,5.18903],[-5.11838,5.17477]]]},"properties":{"region":"Sud-Bandama","district":"Divo","floods_1m":0,"floods_2m":0,"floods_3m":1,"first_flood_m":3,"nests":true,"area_km2":2.136}},{"type":"Feature","geometry":{"type":"Polygon","coordinates":[[[-5.21819,5.21755],[-5.23244,5.21755],[-5.23244,5.23181],[-5.21819,5.23181],[-5.21819,5.21755]]]},"properties":{"region":"Sud-Bandama","district":"Divo","floods_1m":0,"floods_2m":0,"floods_3m":1,"first_flood_m":3,"nests":true,"area_km2":2.502}},{"type":"Feature","geometry":{"type":"Polygon","coordinates":[[[-5.07561,5.27458],[-5.08986,5.27458],[-5.08986,5.28884],[-5.07561,5.28884],[-5.07561,5.27458]]]},"properties":{"region":"Sud-Bandama","district":"Divo","floods_1m":0,"floods_2m":0,"floods_3m":1,"first_flood_m":3,"nests":true,"area_km2":2.502}},{"type":"Feature","geometry":{"type":"Polygon","coordinates":[[[-5.34651,5.16052],[-5.35834,5.16052],[-5.36077,5.1619],[-5.36077,5.17477],[-5.34651,5.17477],[-5.34651,5.16052]]]},"properties":{"region":"Sud-Bandama","district":"Divo","floods_1m":0,"floods_2m":0,"floods_3m":1,"first_flood_m":3,"nests":true,"area_km2":2.482}},{"type":"Feature","geometry":{"type":"Polygon","coordinates":[[[-5.2467,5.20699],[-5.24765,5.20671],[-5.25272,5.20329],[-5.26096,5.20329],[-5.26096,5.21755],[-5.2467,5.21755],[-5.2467,5.20699]]]},"properties":{"region":"Sud-Bandama","district":"Divo","floods_1m":0,"floods_2m":1,"floods_3m":1,"first_flood_m":2,"nests":true,"area_km2":2.355}},{"type":"Feature","geometry":{"type":"Polygon","coordinates":[[[-5.26096,5.20329],[-5.27522,5.20329],[-5.27522,5.21755],[-5.26096,5.21755],[-5.26096,5.20329]]]},"properties":{"region":"Sud-Bandama","district":"Divo","floods_1m":0,"floods_2m":0,"floods_3m":1,"first_flood_m":3,"nests":true,"area_km2":2.504}},{"type":"Feature","geometry":{"type":"Polygon","coordinates":[[[-5.07561,5.19177],[-5.08022,5.18903],[-5.08986,5.18903],[-5.08986,5.20329],[-5.07561,5.20329],[-5.07561,5.19177]]]},"properties":{"region":"Sud-Bandama","district":"Divo","floods_1m":0,"floods_2m":0,"floods_3m":1,"first_flood_m":3,"nests":true,"area_km2":2.424}},{"type":"Feature","geometry":{"type":"Polygon","coordinates":[[[-5.28948,5.21755],[-5.30373,5.21755],[-5.30373,5.23181],[-5.28948,5.23181],[-5.28948,5.21755]]]},"properties":{"region":"Sud-Bandama","district":"Divo","floods_1m":0,"floods_2m":0,"floods_3m":1,"first_flood_m":3,"nests":true,"area_km2":2.502}},{"type":"Feature","geometry":{"type":"Polygon","coordinates":[[[-5.27522,5.1881],[-5.28948,5.17847],[-5.28948,5.18903],[-5.27522,5.18903],[-5.27522,5.1881]]]},"properties":{"region":"Sud-Bandama","district":"Divo","floods_1m":0,"floods_2m":0,"floods_3m":1,"first_flood_m":3,"nests":true,"area_km2":1.009}},{"type":"Feature","geometry":{"type":"Polygon","coordinates":[[[-5.33225,5.16052],[-5.34651,5.16052],[-5.34651,5.17477],[-5.33225,5.17477],[-5.33225,5.16052]]]},"properties":{"region":"Sud-Bandama","district":"Divo","floods_1m":0,"floods_2m":0,"floods_3m":1,"first_flood_m":3,"nests":true,"area_km2":2.502}},{"type":"Feature","geometry":{"type":"Polygon","coordinates":[[[-5.1469,5.20329],[-5.16115,5.20329],[-5.16115,5.21755],[-5.1469,5.21755],[-5.1469,5.20329]]]},"properties":{"region":"Sud-Bandama","district":"Divo","floods_1m":0,"floods_2m":0,"floods_3m":1,"first_flood_m":3,"nests":true,"area_km2":2.502}},{"type":"Feature","geometry":{"type":"Polygon","coordinates":[[[-5.33225,5.24606],[-5.34651,5.24606],[-5.34651,5.24695],[-5.34651,5.26032],[-5.33225,5.26032],[-5.33225,5.24695],[-5.33225,5.24606]]]},"properties":{"region":"Sud-Bandama","district":"Divo","floods_1m":1,"floods_2m":1,"floods_3m":1,"first_flood_m":1,"nests":true,"area_km2":2.504}},{"type":"Feature","geometry":{"type":"Polygon","coordinates":[[[-3.22207,5.16052],[-3.23633,5.16052],[-3.23633,5.17477],[-3.22207,5.17477],[-3.22207,5.16052]]]},"properties":{"region":"Sud-Comoé","district":"Aboisso","floods_1m":1,"floods_2m":1,"floods_3m":1,"first_flood_m":1,"nests":true,"area_km2":2.502}},{"type":"Feature","geometry":{"type":"Polygon","coordinates":[[[-2.87988,5.11867],[-2.88242,5.11774],[-2.88459,5.11774],[-2.88841,5.11937],[-2.88925,5.11774],[-2.89413,5.11774],[-2.89413,5.132],[-2.87988,5.132],[-2.87988,5.11867]]]},"properties":{"region":"Sud-Comoé","district":"Aboisso","floods_1m":1,"floods_2m":1,"floods_3m":1,"first_flood_m":1,"nests":true,"area_km2":2.441}},{"type":"Feature","geometry":{"type":"Polygon","coordinates":[[[-3.06523,5.132],[-3.07949,5.132],[-3.07949,5.14626],[-3.06523,5.14626],[-3.06523,5.132]]]},"properties":{"region":"Sud-Comoé","district":"Aboisso","floods_1m":1,"floods_2m":1,"floods_3m":1,"first_flood_m":1,"nests":true,"area_km2":2.504}},{"type":"Feature","geometry":{"type":"Polygon","coordinates":[[[-3.19355,5.10903],[-3.19431,5.10903],[-3.19431,5.10931],[-3.19653,5.10931],[-3.19653,5.10958],[-3.19716,5.10958],[-3.19764,5.10958],[-3.19764,5.10986],[-3.19875,5.10986],[-3.19875,5.11014],[-3.20014,5.11014],[-3.20014,5.11042],[-3.20153,5.11042],[-3.20153,5.11069],[-3.20264,5.11069],[-3.20264,5.11097],[-3.20597,5.11097],[-3.20597,5.11125],[-3.20736,5.11125],[-3.20736,5.11153],[-3.20781,5.11153],[-3.20781,5.11774],[-3.19355,5.11774],[-3.19355,5.10903]]]},"properties":{"region":"Sud-Comoé","district":"Aboisso","floods_1m":1,"floods_2m":1,"floods_3m":1,"first_flood_m":1,"nests":true,"area_km2":1.306}},{"type":"Feature","geometry":{"type":"Polygon","coordinates":[[[-3.47871,5.16097],[-3.48014,5.16097],[-3.48014,5.16125],[-3.48208,5.16125],[-3.48208,5.16153],[-3.48403,5.16153],[-3.48403,5.16181],[-3.48597,5.16181],[-3.48597,5.16208],[-3.48819,5.16208],[-3.48819,5.16236],[-3.49069,5.16236],[-3.49069,5.16264],[-3.49292,5.16264],[-3.49292,5.16292],[-3.49297,5.16292],[-3.49297,5.17477],[-3.47871,5.17477],[-3.47871,5.16097]]]},"properties":{"region":"Sud-Comoé","district":"Aboisso","floods_1m":1,"floods_2m":1,"floods_3m":1,"first_flood_m":1,"nests":true,"area_km2":2.263}},{"type":"Feature","geometry":{"type":"Polygon","coordinates":[[[-3.17929,5.132],[-3.18375,5.132],[-3.19355,5.132],[-3.19355,5.14626],[-3.18375,5.14626],[-3.17929,5.14626],[-3.17929,5.132]]]},"properties":{"region":"Sud-Comoé","district":"Aboisso","floods_1m":1,"floods_2m":1,"floods_3m":1,"first_flood_m":1,"nests":true,"area_km2":2.504}},{"type":"Feature","geometry":{"type":"Polygon","coordinates":[[[-3.16504,5.14626],[-3.17929,5.14626],[-3.17929,5.16052],[-3.16504,5.16052],[-3.16504,5.14626]]]},"properties":{"region":"Sud-Comoé","district":"Aboisso","floods_1m":1,"floods_2m":1,"floods_3m":1,"first_flood_m":1,"nests":true,"area_km2":2.502}},{"type":"Feature","geometry":{"type":"Polygon","coordinates":[[[-3.15078,5.16052],[-3.16504,5.16052],[-3.16504,5.17477],[-3.15078,5.17477],[-3.15078,5.16052]]]},"properties":{"region":"Sud-Comoé","district":"Aboisso","floods_1m":1,"floods_2m":1,"floods_3m":1,"first_flood_m":1,"nests":true,"area_km2":2.502}},{"type":"Feature","geometry":{"type":"Polygon","coordinates":[[[-3.22207,5.34587],[-3.23633,5.34587],[-3.23633,5.36013],[-3.22207,5.36013],[-3.22207,5.34587]]]},"properties":{"region":"Sud-Comoé","district":"Aboisso","floods_1m":1,"floods_2m":1,"floods_3m":1,"first_flood_m":1,"nests":true,"area_km2":2.503}},{"type":"Feature","geometry":{"type":"Polygon","coordinates":[[[-3.19355,5.23181],[-3.20781,5.23181],[-3.20781,5.24606],[-3.19355,5.24606],[-3.19355,5.23181]]]},"properties":{"region":"Sud-Comoé","district":"Aboisso","floods_1m":1,"floods_2m":1,"floods_3m":1,"first_flood_m":1,"nests":true,"area_km2":2.502}},{"type":"Feature","geometry":{"type":"Polygon","coordinates":[[[-3.06523,5.14626],[-3.07949,5.14626],[-3.07949,5.16052],[-3.06523,5.16052],[-3.06523,5.14626]]]},"properties":{"region":"Sud-Comoé","district":"Aboisso","floods_1m":1,"floods_2m":1,"floods_3m":1,"first_flood_m":1,"nests":true,"area_km2":2.504}},{"type":"Feature","geometry":{"type":"Polygon","coordinates":[[[-3.16504,5.26032],[-3.17929,5.26032],[-3.17929,5.27458],[-3.16504,5.27458],[-3.16504,5.26032]]]},"properties":{"region":"Sud-Comoé","district":"Aboisso","floods_1m":1,"floods_2m":1,"floods_3m":1,"first_flood_m":1,"nests":true,"area_km2":2.502}},{"type":"Feature","geometry":{"type":"Polygon","coordinates":[[[-3.23633,5.16052],[-3.25058,5.16052],[-3.25058,5.17477],[-3.23633,5.17477],[-3.23633,5.16052]]]},"properties":{"region":"Sud-Comoé","district":"Aboisso","floods_1m":1,"floods_2m":1,"floods_3m":1,"first_flood_m":1,"nests":true,"area_km2":2.501}},{"type":"Feature","geometry":{"type":"Polygon","coordinates":[[[-2.99394,5.11774],[-3.0082,5.11774],[-3.0082,5.132],[-2.99394,5.132],[-2.99394,5.11774]]]},"properties":{"region":"Sud-Comoé","district":"Aboisso","floods_1m":1,"floods_2m":1,"floods_3m":1,"first_flood_m":1,"nests":true,"area_km2":2.504}},{"type":"Feature","geometry":{"type":"Polygon","coordinates":[[[-3.40742,5.16052],[-3.42168,5.16052],[-3.42168,5.17477],[-3.40742,5.17477],[-3.40742,5.16052]]]},"properties":{"region":"Sud-Comoé","district":"Aboisso","floods_1m":1,"floods_2m":1,"floods_3m":1,"first_flood_m":1,"nests":true,"area_km2":2.502}},{"type":"Feature","geometry":{"type":"Polygon","coordinates":[[[-3.15078,5.31735],[-3.16504,5.31735],[-3.16504,5.33161],[-3.15078,5.33161],[-3.15078,5.31735]]]},"properties":{"region":"Sud-Comoé","district":"Aboisso","floods_1m":1,"floods_2m":1,"floods_3m":1,"first_flood_m":1,"nests":true,"area_km2":2.503}},{"type":"Feature","geometry":{"type":"Polygon","coordinates":[[[-2.95117,5.18903],[-2.96542,5.18903],[-2.96542,5.20329],[-2.95117,5.20329],[-2.95117,5.18903]]]},"properties":{"region":"Sud-Comoé","district":"Aboisso","floods_1m":1,"floods_2m":1,"floods_3m":1,"first_flood_m":1,"nests":true,"area_km2":2.502}},{"type":"Feature","geometry":{"type":"Polygon","coordinates":[[[-3.22207,5.36013],[-3.23633,5.36013],[-3.23633,5.37439],[-3.22207,5.37439],[-3.22207,5.36013]]]},"properties":{"region":"Sud-Comoé","district":"Aboisso","floods_1m":1,"floods_2m":1,"floods_3m":1,"first_flood_m":1,"nests":true,"area_km2":2.503}},{"type":"Feature","geometry":{"type":"Polygon","coordinates":[[[-3.16504,5.17477],[-3.17929,5.17477],[-3.17929,5.18903],[-3.16504,5.18903],[-3.16504,5.17477]]]},"properties":{"region":"Sud-Comoé","district":"Aboisso","floods_1m":1,"floods_2m":1,"floods_3m":1,"first_flood_m":1,"nests":true,"area_km2":2.502}},{"type":"Feature","geometry":{"type":"Polygon","coordinates":[[[-2.74454,5.16052],[-2.75155,5.16052],[-2.75155,5.17477],[-2.74331,5.17477],[-2.74328,5.17447],[-2.74643,5.16364],[-2.74454,5.16052]]]},"properties":{"region":"Sud-Comoé","district":"Aboisso","floods_1m":0,"floods_2m":1,"floods_3m":1,"first_flood_m":2,"nests":true,"area_km2":1.156}},{"type":"Feature","geometry":{"type":"Polygon","coordinates":[[[-3.26484,5.27458],[-3.2791,5.27458],[-3.2791,5.28884],[-3.26484,5.28884],[-3.26484,5.27458]]]},"properties":{"region":"Sud-Comoé","district":"Aboisso","floods_1m":1,"floods_2m":1,"floods_3m":1,"first_flood_m":1,"nests":true,"area_km2":2.504}},{"type":"Feature","geometry":{"type":"Polygon","coordinates":[[[-3.19355,5.3031],[-3.20781,5.3031],[-3.20781,5.31735],[-3.19355,5.31735],[-3.19355,5.3031]]]},"properties":{"region":"Sud-Comoé","district":"Aboisso","floods_1m":1,"floods_2m":1,"floods_3m":1,"first_flood_m":1,"nests":true,"area_km2":2.502}},{"type":"Feature","geometry":{"type":"Polygon","coordinates":[[[-2.8371,5.16052],[-2.85136,5.16052],[-2.85136,5.17477],[-2.8371,5.17477],[-2.8371,5.16052]]]},"properties":{"region":"Sud-Comoé","district":"Aboisso","floods_1m":1,"floods_2m":1,"floods_3m":1,"first_flood_m":1,"nests":true,"area_km2":2.502}},{"type":"Feature","geometry":{"type":"Polygon","coordinates":[[[-3.13652,5.37439],[-3.15078,5.37439],[-3.15078,5.38864],[-3.13652,5.38864],[-3.13652,5.37439]]]},"properties":{"region":"Sud-Comoé","district":"Aboisso","floods_1m":0,"floods_2m":0,"floods_3m":1,"first_flood_m":3,"nests":true,"area_km2":2.501}},{"type":"Feature","geometry":{"type":"Polygon","coordinates":[[[-2.93691,5.17477],[-2.95117,5.17477],[-2.95117,5.18903],[-2.93691,5.18903],[-2.93691,5.17477]]]},"properties":{"region":"Sud-Comoé","district":"Aboisso","floods_1m":1,"floods_2m":1,"floods_3m":1,"first_flood_m":1,"nests":true,"area_km2":2.504}},{"type":"Feature","geometry":{"type":"Polygon","coordinates":[[[-2.97968,5.11774],[-2.99394,5.11774],[-2.99394,5.132],[-2.97968,5.132],[-2.97968,5.11774]]]},"properties":{"region":"Sud-Comoé","district":"Aboisso","floods_1m":1,"floods_2m":1,"floods_3m":1,"first_flood_m":1,"nests":true,"area_km2":2.504}},{"type":"Feature","geometry":{"type":"Polygon","coordinates":[[[-3.29336,5.12792],[-3.29347,5.12792],[-3.29347,5.12819],[-3.29514,5.12819],[-3.29514,5.12847],[-3.29681,5.12847],[-3.29681,5.12875],[-3.29708,5.12875],[-3.29708,5.12903],[-3.29736,5.12903],[-3.29736,5.12958],[-3.29764,5.12958],[-3.29764,5.12986],[-3.30347,5.12986],[-3.30347,5.13014],[-3.30458,5.13014],[-3.30458,5.13042],[-3.30597,5.13042],[-3.30597,5.13069],[-3.30708,5.13069],[-3.30708,5.13097],[-3.30762,5.13097],[-3.30762,5.132],[-3.29336,5.132],[-3.29336,5.12792]]]},"properties":{"region":"Sud-Comoé","district":"Aboisso","floods_1m":1,"floods_2m":1,"floods_3m":1,"first_flood_m":1,"nests":true,"area_km2":0.417}},{"type":"Feature","geometry":{"type":"Polygon","coordinates":[[[-2.90839,5.132],[-2.92265,5.132],[-2.92265,5.14626],[-2.90839,5.14626],[-2.90839,5.132]]]},"properties":{"region":"Sud-Comoé","district":"Aboisso","floods_1m":1,"floods_2m":1,"floods_3m":1,"first_flood_m":1,"nests":true,"area_km2":2.504}},{"type":"Feature","geometry":{"type":"Polygon","coordinates":[[[-3.20781,5.21755],[-3.22207,5.21755],[-3.22207,5.23181],[-3.20781,5.23181],[-3.20781,5.21755]]]},"properties":{"region":"Sud-Comoé","district":"Aboisso","floods_1m":1,"floods_2m":1,"floods_3m":1,"first_flood_m":1,"nests":true,"area_km2":2.504}},{"type":"Feature","geometry":{"type":"Polygon","coordinates":[[[-2.78007,5.11774],[-2.79433,5.11774],[-2.79433,5.132],[-2.78007,5.132],[-2.78007,5.11774]]]},"properties":{"region":"Sud-Comoé","district":"Aboisso","floods_1m":0,"floods_2m":0,"floods_3m":1,"first_flood_m":3,"nests":true,"area_km2":2.504}},{"type":"Feature","geometry":{"type":"Polygon","coordinates":[[[-3.20781,5.14626],[-3.22207,5.14626],[-3.22207,5.16052],[-3.20781,5.16052],[-3.20781,5.14626]]]},"properties":{"region":"Sud-Comoé","district":"Aboisso","floods_1m":1,"floods_2m":1,"floods_3m":1,"first_flood_m":1,"nests":true,"area_km2":2.504}},{"type":"Feature","geometry":{"type":"Polygon","coordinates":[[[-3.03671,5.11774],[-3.05097,5.11774],[-3.05097,5.132],[-3.03671,5.132],[-3.03671,5.11774]]]},"properties":{"region":"Sud-Comoé","district":"Aboisso","floods_1m":1,"floods_2m":1,"floods_3m":1,"first_flood_m":1,"nests":true,"area_km2":2.504}},{"type":"Feature","geometry":{"type":"Polygon","coordinates":[[[-3.02246,5.132],[-3.03671,5.132],[-3.03671,5.14626],[-3.02246,5.14626],[-3.02246,5.132]]]},"properties":{"region":"Sud-Comoé","district":"Aboisso","floods_1m":1,"floods_2m":1,"floods_3m":1,"first_flood_m":1,"nests":true,"area_km2":2.502}},{"type":"Feature","geometry":{"type":"Polygon","coordinates":[[[-3.23633,5.11774],[-3.23903,5.11774],[-3.23903,5.11792],[-3.24014,5.11792],[-3.24014,5.1182],[-3.24208,5.1182],[-3.24208,5.11847],[-3.24375,5.11847],[-3.24375,5.11875],[-3.24569,5.11875],[-3.24569,5.11903],[-3.24681,5.11903],[-3.24681,5.11931],[-3.24792,5.11931],[-3.24792,5.11958],[-3.24931,5.11958],[-3.24931,5.11986],[-3.25042,5.11986],[-3.25042,5.12014],[-3.25058,5.12014],[-3.25058,5.132],[-3.23633,5.132],[-3.23633,5.11774]]]},"properties":{"region":"Sud-Comoé","district":"Aboisso","floods_1m":1,"floods_2m":1,"floods_3m":1,"first_flood_m":1,"nests":true,"area_km2":2.345}},{"type":"Feature","geometry":{"type":"Polygon","coordinates":[[[-2.92983,5.08923],[-2.93586,5.08923],[-2.93691,5.08939],[-2.93691,5.10348],[-2.93067,5.10348],[-2.93024,5.10247],[-2.92856,5.09051],[-2.92983,5.08923]]]},"properties":{"region":"Sud-Comoé","district":"Aboisso","floods_1m":1,"floods_2m":1,"floods_3m":1,"first_flood_m":1,"nests":true,"area_km2":1.307}},{"type":"Feature","geometry":{"type":"Polygon","coordinates":[[[-3.20781,5.17477],[-3.22207,5.17477],[-3.22207,5.18903],[-3.20781,5.18903],[-3.20781,5.17477]]]},"properties":{"region":"Sud-Comoé","district":"Aboisso","floods_1m":1,"floods_2m":1,"floods_3m":1,"first_flood_m":1,"nests":true,"area_km2":2.504}},{"type":"Feature","geometry":{"type":"Polygon","coordinates":[[[-3.20781,5.132],[-3.22207,5.132],[-3.22207,5.14626],[-3.20781,5.14626],[-3.20781,5.132]]]},"properties":{"region":"Sud-Comoé","district":"Aboisso","floods_1m":1,"floods_2m":1,"floods_3m":1,"first_flood_m":1,"nests":true,"area_km2":2.504}},{"type":"Feature","geometry":{"type":"Polygon","coordinates":[[[-3.20781,5.18903],[-3.22207,5.18903],[-3.22207,5.20329],[-3.20781,5.20329],[-3.20781,5.18903]]]},"properties":{"region":"Sud-Comoé","district":"Aboisso","floods_1m":1,"floods_2m":1,"floods_3m":1,"first_flood_m":1,"nests":true,"area_km2":2.504}},{"type":"Feature","geometry":{"type":"Polygon","coordinates":[[[-3.37891,5.14626],[-3.39097,5.14626],[-3.39097,5.14653],[-3.39292,5.14653],[-3.39292,5.1468],[-3.39316,5.1468],[-3.39316,5.16052],[-3.37891,5.16052],[-3.37891,5.14626]]]},"properties":{"region":"Sud-Comoé","district":"Aboisso","floods_1m":1,"floods_2m":1,"floods_3m":1,"first_flood_m":1,"nests":true,"area_km2":2.494}},{"type":"Feature","geometry":{"type":"Polygon","coordinates":[[[-3.32187,5.20329],[-3.33613,5.20329],[-3.33613,5.21755],[-3.32187,5.21755],[-3.32187,5.20329]]]},"properties":{"region":"Sud-Comoé","district":"Aboisso","floods_1m":1,"floods_2m":1,"floods_3m":1,"first_flood_m":1,"nests":true,"area_km2":2.504}},{"type":"Feature","geometry":{"type":"Polygon","coordinates":[[[-2.90839,5.16052],[-2.92265,5.16052],[-2.92265,5.17477],[-2.90839,5.17477],[-2.90839,5.16052]]]},"properties":{"region":"Sud-Comoé","district":"Aboisso","floods_1m":1,"floods_2m":1,"floods_3m":1,"first_flood_m":1,"nests":true,"area_km2":2.502}},{"type":"Feature","geometry":{"type":"Polygon","coordinates":[[[-3.15078,5.3031],[-3.16504,5.3031],[-3.16504,5.31735],[-3.15078,5.31735],[-3.15078,5.3031]]]},"properties":{"region":"Sud-Comoé","district":"Aboisso","floods_1m":1,"floods_2m":1,"floods_3m":1,"first_flood_m":1,"nests":true,"area_km2":2.502}},{"type":"Feature","geometry":{"type":"Polygon","coordinates":[[[-3.22207,5.132],[-3.23633,5.132],[-3.23633,5.14626],[-3.22207,5.14626],[-3.22207,5.132]]]},"properties":{"region":"Sud-Comoé","district":"Aboisso","floods_1m":1,"floods_2m":1,"floods_3m":1,"first_flood_m":1,"nests":true,"area_km2":2.504}},{"type":"Feature","geometry":{"type":"Polygon","coordinates":[[[-3.15078,5.18903],[-3.16504,5.18903],[-3.16504,5.20329],[-3.15078,5.20329],[-3.15078,5.18903]]]},"properties":{"region":"Sud-Comoé","district":"Aboisso","floods_1m":1,"floods_2m":1,"floods_3m":1,"first_flood_m":1,"nests":true,"area_km2":2.504}},{"type":"Feature","geometry":{"type":"Polygon","coordinates":[[[-3.17929,5.27458],[-3.18375,5.27458],[-3.19355,5.27458],[-3.19355,5.28884],[-3.18375,5.28884],[-3.17929,5.28884],[-3.17929,5.27458]]]},"properties":{"region":"Sud-Comoé","district":"Aboisso","floods_1m":1,"floods_2m":1,"floods_3m":1,"first_flood_m":1,"nests":true,"area_km2":2.504}},{"type":"Feature","geometry":{"type":"Polygon","coordinates":[[[-3.25058,5.24606],[-3.26484,5.24606],[-3.26484,5.24695],[-3.26484,5.26032],[-3.25058,5.26032],[-3.25058,5.24695],[-3.25058,5.24606]]]},"properties":{"region":"Sud-Comoé","district":"Aboisso","floods_1m":1,"floods_2m":1,"floods_3m":1,"first_flood_m":1,"nests":true,"area_km2":2.504}},{"type":"Feature","geometry":{"type":"Polygon","coordinates":[[[-3.20781,5.27458],[-3.22207,5.27458],[-3.22207,5.28884],[-3.20781,5.28884],[-3.20781,5.27458]]]},"properties":{"region":"Sud-Comoé","district":"Aboisso","floods_1m":1,"floods_2m":1,"floods_3m":1,"first_flood_m":1,"nests":true,"area_km2":2.504}},{"type":"Feature","geometry":{"type":"Polygon","coordinates":[[[-3.19355,5.17477],[-3.20781,5.17477],[-3.20781,5.18903],[-3.19355,5.18903],[-3.19355,5.17477]]]},"properties":{"region":"Sud-Comoé","district":"Aboisso","floods_1m":1,"floods_2m":1,"floods_3m":1,"first_flood_m":1,"nests":true,"area_km2":2.504}},{"type":"Feature","geometry":{"type":"Polygon","coordinates":[[[-2.79433,5.10527],[-2.79788,5.10599],[-2.79914,5.10625],[-2.80674,5.11011],[-2.80859,5.10567],[-2.80859,5.11774],[-2.79433,5.11774],[-2.79433,5.10527]]]},"properties":{"region":"Sud-Comoé","district":"Aboisso","floods_1m":0,"floods_2m":0,"floods_3m":1,"first_flood_m":3,"nests":true,"area_km2":1.829}},{"type":"Feature","geometry":{"type":"Polygon","coordinates":[[[-2.95117,5.08147],[-2.95238,5.08001],[-2.95743,5.07929],[-2.96525,5.08223],[-2.96542,5.08224],[-2.96542,5.08923],[-2.95117,5.08923],[-2.95117,5.08147]]]},"properties":{"region":"Sud-Comoé","district":"Aboisso","floods_1m":1,"floods_2m":1,"floods_3m":1,"first_flood_m":1,"nests":true,"area_km2":1.553}},{"type":"Feature","geometry":{"type":"Polygon","coordinates":[[[-3.26484,5.28884],[-3.2791,5.28884],[-3.2791,5.3031],[-3.26484,5.3031],[-3.26484,5.28884]]]},"properties":{"region":"Sud-Comoé","district":"Aboisso","floods_1m":1,"floods_2m":1,"floods_3m":1,"first_flood_m":1,"nests":true,"area_km2":2.504}},{"type":"Feature","geometry":{"type":"Polygon","coordinates":[[[-3.43594,5.16052],[-3.4502,5.16052],[-3.4502,5.17477],[-3.43594,5.17477],[-3.43594,5.16052]]]},"properties":{"region":"Sud-Comoé","district":"Aboisso","floods_1m":1,"floods_2m":1,"floods_3m":1,"first_flood_m":1,"nests":true,"area_km2":2.502}},{"type":"Feature","geometry":{"type":"Polygon","coordinates":[[[-3.36465,5.14626],[-3.37891,5.14626],[-3.37891,5.16052],[-3.36465,5.16052],[-3.36465,5.14626]]]},"properties":{"region":"Sud-Comoé","district":"Aboisso","floods_1m":1,"floods_2m":1,"floods_3m":1,"first_flood_m":1,"nests":true,"area_km2":2.504}},{"type":"Feature","geometry":{"type":"Polygon","coordinates":[[[-2.89413,5.11774],[-2.90839,5.11774],[-2.90839,5.132],[-2.89413,5.132],[-2.89413,5.11774]]]},"properties":{"region":"Sud-Comoé","district":"Aboisso","floods_1m":0,"floods_2m":0,"floods_3m":1,"first_flood_m":3,"nests":true,"area_km2":2.504}},{"type":"Feature","geometry":{"type":"Polygon","coordinates":[[[-3.2791,5.132],[-3.29336,5.132],[-3.29336,5.14626],[-3.2791,5.14626],[-3.2791,5.132]]]},"properties":{"region":"Sud-Comoé","district":"Aboisso","floods_1m":1,"floods_2m":1,"floods_3m":1,"first_flood_m":1,"nests":true,"area_km2":2.504}},{"type":"Feature","geometry":{"type":"Polygon","coordinates":[[[-2.99394,5.132],[-3.0082,5.132],[-3.0082,5.14626],[-2.99394,5.14626],[-2.99394,5.132]]]},"properties":{"region":"Sud-Comoé","district":"Aboisso","floods_1m":0,"floods_2m":1,"floods_3m":1,"first_flood_m":2,"nests":true,"area_km2":2.504}},{"type":"Feature","geometry":{"type":"Polygon","coordinates":[[[-3.26484,5.31735],[-3.2791,5.31735],[-3.2791,5.33161],[-3.26484,5.33161],[-3.26484,5.31735]]]},"properties":{"region":"Sud-Comoé","district":"Aboisso","floods_1m":1,"floods_2m":1,"floods_3m":1,"first_flood_m":1,"nests":true,"area_km2":2.503}},{"type":"Feature","geometry":{"type":"Polygon","coordinates":[[[-2.96542,5.20329],[-2.97968,5.20329],[-2.97968,5.21755],[-2.96542,5.21755],[-2.96542,5.20329]]]},"properties":{"region":"Sud-Comoé","district":"Aboisso","floods_1m":0,"floods_2m":0,"floods_3m":1,"first_flood_m":3,"nests":true,"area_km2":2.504}},{"type":"Feature","geometry":{"type":"Polygon","coordinates":[[[-3.17929,5.33161],[-3.18375,5.33161],[-3.19355,5.33161],[-3.19355,5.34587],[-3.18375,5.34587],[-3.17929,5.34587],[-3.17929,5.33161]]]},"properties":{"region":"Sud-Comoé","district":"Aboisso","floods_1m":1,"floods_2m":1,"floods_3m":1,"first_flood_m":1,"nests":true,"area_km2":2.503}},{"type":"Feature","geometry":{"type":"Polygon","coordinates":[[[-3.2791,5.27458],[-3.29336,5.27458],[-3.29336,5.28884],[-3.2791,5.28884],[-3.2791,5.27458]]]},"properties":{"region":"Sud-Comoé","district":"Aboisso","floods_1m":1,"floods_2m":1,"floods_3m":1,"first_flood_m":1,"nests":true,"area_km2":2.504}},{"type":"Feature","geometry":{"type":"Polygon","coordinates":[[[-3.23633,5.33161],[-3.25058,5.33161],[-3.25058,5.34587],[-3.23633,5.34587],[-3.23633,5.33161]]]},"properties":{"region":"Sud-Comoé","district":"Aboisso","floods_1m":1,"floods_2m":1,"floods_3m":1,"first_flood_m":1,"nests":true,"area_km2":2.502}},{"type":"Feature","geometry":{"type":"Polygon","coordinates":[[[-2.99394,5.10348],[-3.00315,5.10348],[-3.00512,5.10524],[-3.0082,5.10714],[-3.0082,5.11774],[-2.99394,5.11774],[-2.99394,5.10348]]]},"properties":{"region":"Sud-Comoé","district":"Aboisso","floods_1m":1,"floods_2m":1,"floods_3m":1,"first_flood_m":1,"nests":true,"area_km2":2.38}},{"type":"Feature","geometry":{"type":"Polygon","coordinates":[[[-3.37891,5.14403],[-3.38014,5.14403],[-3.38014,5.14431],[-3.38181,5.14431],[-3.38181,5.14458],[-3.38319,5.14458],[-3.38319,5.14486],[-3.38431,5.14486],[-3.38431,5.14514],[-3.38458,5.14514],[-3.38458,5.1457],[-3.38681,5.1457],[-3.38681,5.14597],[-3.38875,5.14597],[-3.38875,5.14625],[-3.39097,5.14625],[-3.39097,5.14626],[-3.37891,5.14626],[-3.37891,5.14403]]]},"properties":{"region":"Sud-Comoé","district":"Aboisso","floods_1m":0,"floods_2m":1,"floods_3m":1,"first_flood_m":2,"nests":true,"area_km2":0.148}},{"type":"Feature","geometry":{"type":"Polygon","coordinates":[[[-2.86562,5.17477],[-2.87988,5.17477],[-2.87988,5.18903],[-2.86562,5.18903],[-2.86562,5.17477]]]},"properties":{"region":"Sud-Comoé","district":"Aboisso","floods_1m":1,"floods_2m":1,"floods_3m":1,"first_flood_m":1,"nests":true,"area_km2":2.504}},{"type":"Feature","geometry":{"type":"Polygon","coordinates":[[[-3.19355,5.36013],[-3.20781,5.36013],[-3.20781,5.37439],[-3.19355,5.37439],[-3.19355,5.36013]]]},"properties":{"region":"Sud-Comoé","district":"Aboisso","floods_1m":1,"floods_2m":1,"floods_3m":1,"first_flood_m":1,"nests":true,"area_km2":2.503}},{"type":"Feature","geometry":{"type":"Polygon","coordinates":[[[-3.0082,5.11774],[-3.02246,5.11774],[-3.02246,5.132],[-3.0082,5.132],[-3.0082,5.11774]]]},"properties":{"region":"Sud-Comoé","district":"Aboisso","floods_1m":1,"floods_2m":1,"floods_3m":1,"first_flood_m":1,"nests":true,"area_km2":2.504}},{"type":"Feature","geometry":{"type":"Polygon","coordinates":[[[-3.20781,5.43142],[-3.22207,5.43142],[-3.22207,5.44568],[-3.20781,5.44568],[-3.20781,5.43142]]]},"properties":{"region":"Sud-Comoé","district":"Aboisso","floods_1m":0,"floods_2m":0,"floods_3m":1,"first_flood_m":3,"nests":true,"area_km2":2.503}},{"type":"Feature","geometry":{"type":"Polygon","coordinates":[[[-2.86562,5.132],[-2.87988,5.132],[-2.87988,5.14626],[-2.86562,5.14626],[-2.86562,5.132]]]},"properties":{"region":"Sud-Comoé","district":"Aboisso","floods_1m":1,"floods_2m":1,"floods_3m":1,"first_flood_m":1,"nests":true,"area_km2":2.504}},{"type":"Feature","geometry":{"type":"Polygon","coordinates":[[[-3.25058,5.37439],[-3.26484,5.37439],[-3.26484,5.38864],[-3.25058,5.38864],[-3.25058,5.37439]]]},"properties":{"region":"Sud-Comoé","district":"Aboisso","floods_1m":1,"floods_2m":1,"floods_3m":1,"first_flood_m":1,"nests":true,"area_km2":2.501}},{"type":"Feature","geometry":{"type":"Polygon","coordinates":[[[-3.0082,5.132],[-3.02246,5.132],[-3.02246,5.14626],[-3.0082,5.14626],[-3.0082,5.132]]]},"properties":{"region":"Sud-Comoé","district":"Aboisso","floods_1m":1,"floods_2m":1,"floods_3m":1,"first_flood_m":1,"nests":true,"area_km2":2.504}},{"type":"Feature","geometry":{"type":"Polygon","coordinates":[[[-3.19355,5.44568],[-3.20781,5.44568],[-3.20781,5.45993],[-3.19355,5.45993],[-3.19355,5.44568]]]},"properties":{"region":"Sud-Comoé","district":"Aboisso","floods_1m":0,"floods_2m":0,"floods_3m":1,"first_flood_m":3,"nests":true,"area_km2":2.501}},{"type":"Feature","geometry":{"type":"Polygon","coordinates":[[[-5.74573,5.06071],[-5.75999,5.06071],[-5.75999,5.06097],[-5.75986,5.06097],[-5.75986,5.06125],[-5.75958,5.06125],[-5.75958,5.06153],[-5.75986,5.06153],[-5.75986,5.06181],[-5.75999,5.06181],[-5.75999,5.07497],[-5.74573,5.07497],[-5.74573,5.06071]]]},"properties":{"region":"Sud-Bandama","district":"Divo","floods_1m":1,"floods_2m":1,"floods_3m":1,"first_flood_m":1,"nests":true,"area_km2":2.502}},{"type":"Feature","geometry":{"type":"Polygon","coordinates":[[[-5.33225,5.23181],[-5.34651,5.23181],[-5.34651,5.24606],[-5.33225,5.24606],[-5.33225,5.23181]]]},"properties":{"region":"Sud-Bandama","district":"Divo","floods_1m":1,"floods_2m":1,"floods_3m":1,"first_flood_m":1,"nests":true,"area_km2":2.502}},{"type":"Feature","geometry":{"type":"Polygon","coordinates":[[[-5.17541,5.20329],[-5.18967,5.20329],[-5.18967,5.21755],[-5.17541,5.21755],[-5.17541,5.20329]]]},"properties":{"region":"Sud-Bandama","district":"Divo","floods_1m":0,"floods_2m":0,"floods_3m":1,"first_flood_m":3,"nests":true,"area_km2":2.504}},{"type":"Feature","geometry":{"type":"Polygon","coordinates":[[[-5.81702,5.04208],[-5.81819,5.04208],[-5.81819,5.0418],[-5.82042,5.0418],[-5.82042,5.04153],[-5.82097,5.04153],[-5.82097,5.04125],[-5.82153,5.04125],[-5.82153,5.04153],[-5.82236,5.04153],[-5.82236,5.04125],[-5.82319,5.04125],[-5.82319,5.04097],[-5.82403,5.04097],[-5.82403,5.0407],[-5.82542,5.0407],[-5.82542,5.04042],[-5.82569,5.04042],[-5.82569,5.0407],[-5.82597,5.0407],[-5.82597,5.04042],[-5.82625,5.04042],[-5.82625,5.0407],[-5.82653,5.0407],[-5.82653,5.04042],[-5.82764,5.04042],[-5.82764,5.04014],[-5.82958,5.04014],[-5.82958,5.03986],[-5.83069,5.03986],[-5.83069,5.03958],[-5.83128,5.03958],[-5.83128,5.04645],[-5.81702,5.04645],[-5.81702,5.04208]]]},"properties":{"region":"Sud-Bandama","district":"Divo","floods_1m":1,"floods_2m":1,"floods_3m":1,"first_flood_m":1,"nests":true,"area_km2":0.972}},{"type":"Feature","geometry":{"type":"Polygon","coordinates":[[[-5.38928,5.17822],[-5.40354,5.18638],[-5.40354,5.18903],[-5.38928,5.18903],[-5.38928,5.17822]]]},"properties":{"region":"Sud-Bandama","district":"Divo","floods_1m":1,"floods_2m":1,"floods_3m":1,"first_flood_m":1,"nests":true,"area_km2":1.182}},{"type":"Feature","geometry":{"type":"Polygon","coordinates":[[[-5.57463,5.11774],[-5.58889,5.11774],[-5.58889,5.132],[-5.57463,5.132],[-5.57463,5.11774]]]},"properties":{"region":"Sud-Bandama","district":"Divo","floods_1m":0,"floods_2m":1,"floods_3m":1,"first_flood_m":2,"nests":true,"area_km2":2.504}},{"type":"Feature","geometry":{"type":"Polygon","coordinates":[[[-5.27522,5.18903],[-5.28948,5.18903],[-5.28948,5.20329],[-5.27522,5.20329],[-5.27522,5.18903]]]},"properties":{"region":"Sud-Bandama","district":"Divo","floods_1m":0,"floods_2m":0,"floods_3m":1,"first_flood_m":3,"nests":true,"area_km2":2.504}},{"type":"Feature","geometry":{"type":"Polygon","coordinates":[[[-5.2467,5.28884],[-5.26096,5.28884],[-5.26096,5.3031],[-5.2467,5.3031],[-5.2467,5.28884]]]},"properties":{"region":"Sud-Bandama","district":"Divo","floods_1m":0,"floods_2m":1,"floods_3m":1,"first_flood_m":2,"nests":true,"area_km2":2.504}},{"type":"Feature","geometry":{"type":"MultiPolygon","coordinates":[[[[-5.73147,5.05542],[-5.73292,5.05542],[-5.73292,5.05514],[-5.73347,5.05514],[-5.73347,5.05542],[-5.7343,5.05542],[-5.7343,5.05569],[-5.73458,5.05569],[-5.73458,5.05681],[-5.7343,5.05681],[-5.7343,5.05736],[-5.73403,5.05736],[-5.73403,5.05792],[-5.73375,5.05792],[-5.73375,5.05875],[-5.73347,5.05875],[-5.73347,5.06069],[-5.73375,5.06069],[-5.73375,5.06071],[-5.73147,5.06071],[-5.73147,5.05542]]],[[[-5.74573,5.05375],[-5.74573,5.06071],[-5.73682,5.06071],[-5.7343,5.06071],[-5.7343,5.06042],[-5.73458,5.06042],[-5.73458,5.05986],[-5.73486,5.05986],[-5.73486,5.05958],[-5.73514,5.05958],[-5.73514,5.05931],[-5.73542,5.05931],[-5.73542,5.05875],[-5.73569,5.05875],[-5.73569,5.05708],[-5.73597,5.05708],[-5.73597,5.05569],[-5.73625,5.05569],[-5.73625,5.05514],[-5.7368,5.05514],[-5.7368,5.05486],[-5.73682,5.05486],[-5.74014,5.05486],[-5.74014,5.05458],[-5.74125,5.05458],[-5.74125,5.05431],[-5.74375,5.05431],[-5.74375,5.05403],[-5.74458,5.05403],[-5.74458,5.05375],[-5.74573,5.05375]]]]},"properties":{"region":"Sud-Bandama","district":"Divo","floods_1m":1,"floods_2m":1,"floods_3m":1,"first_flood_m":1,"nests":true,"area_km2":0.938}},{"type":"Feature","geometry":{"type":"Polygon","coordinates":[[[-5.56038,5.11774],[-5.57463,5.11774],[-5.57463,5.132],[-5.56038,5.132],[-5.56038,5.11774]]]},"properties":{"region":"Sud-Bandama","district":"Divo","floods_1m":0,"floods_2m":0,"floods_3m":1,"first_flood_m":3,"nests":true,"area_km2":2.502}},{"type":"Feature","geometry":{"type":"MultiPolygon","coordinates":[[[[-5.60903,5.10348],[-5.60347,5.10348],[-5.60347,5.10292],[-5.60375,5.10292],[-5.60375,5.10208],[-5.60403,5.10208],[-5.60403,5.10181],[-5.60458,5.10181],[-5.60458,5.10153],[-5.60681,5.10153],[-5.60681,5.10208],[-5.60708,5.10208],[-5.60708,5.10236],[-5.60764,5.10236],[-5.60764,5.10264],[-5.60819,5.10264],[-5.60819,5.10292],[-5.60847,5.10292],[-5.60847,5.10319],[-5.60903,5.10319],[-5.60903,5.10348]]],[[[-5.60315,5.09847],[-5.60315,5.09319],[-5.60347,5.09319],[-5.60347,5.09292],[-5.60486,5.09292],[-5.60486,5.09319],[-5.60597,5.09319],[-5.60597,5.09292],[-5.60653,5.09292],[-5.60653,5.09236],[-5.60736,5.09236],[-5.60736,5.09208],[-5.60792,5.09208],[-5.60792,5.09236],[-5.60847,5.09236],[-5.60847,5.0918],[-5.60875,5.0918],[-5.60875,5.09153],[-5.60931,5.09153],[-5.60931,5.09125],[-5.61014,5.09125],[-5.61014,5.09097],[-5.61181,5.09097],[-5.61181,5.09125],[-5.61236,5.09125],[-5.61236,5.0918],[-5.61264,5.0918],[-5.61264,5.09208],[-5.61319,5.09208],[-5.61319,5.09236],[-5.61347,5.09236],[-5.61347,5.09292],[-5.61403,5.09292],[-5.61403,5.09347],[-5.61431,5.09347],[-5.61431,5.09375],[-5.61458,5.09375],[-5.61458,5.09403],[-5.61514,5.09403],[-5.61514,5.09431],[-5.61569,5.09431],[-5.61569,5.09458],[-5.61625,5.09458],[-5.61625,5.09514],[-5.61653,5.09514],[-5.61653,5.09542],[-5.61681,5.09542],[-5.61681,5.0957],[-5.61708,5.0957],[-5.61708,5.09736],[-5.61736,5.09736],[-5.61736,5.09847],[-5.61741,5.09847],[-5.61741,5.10348],[-5.61181,5.10348],[-5.61181,5.10347],[-5.61125,5.10347],[-5.61125,5.10292],[-5.61097,5.10292],[-5.61097,5.10264],[-5.61069,5.10264],[-5.61069,5.10236],[-5.61042,5.10236],[-5.61042,5.10208],[-5.61014,5.10208],[-5.61014,5.10181],[-5.60986,5.10181],[-5.60986,5.10153],[-5.60931,5.10153],[-5.60931,5.10125],[-5.60903,5.10125],[-5.60903,5.10097],[-5.60847,5.10097],[-5.60847,5.10042],[-5.60792,5.10042],[-5.60792,5.10014],[-5.60764,5.10014],[-5.60764,5.09986],[-5.60708,5.09986],[-5.60708,5.09958],[-5.60653,5.09958],[-5.60653,5.09931],[-5.60625,5.09931],[-5.60625,5.09903],[-5.60542,5.09903],[-5.60542,5.09875],[-5.6043,5.09875],[-5.6043,5.09847],[-5.60315,5.09847]]],[[[-5.61542,5.08923],[-5.61741,5.08923],[-5.61741,5.09375],[-5.61736,5.09375],[-5.61736,5.09347],[-5.61681,5.09347],[-5.61681,5.09319],[-5.61653,5.09319],[-5.61653,5.09264],[-5.61625,5.09264],[-5.61625,5.09153],[-5.61597,5.09153],[-5.61597,5.09097],[-5.61569,5.09097],[-5.61569,5.09042],[-5.61542,5.09042],[-5.61542,5.08923]]]]},"properties":{"region":"Sud-Bandama","district":"Divo","floods_1m":1,"floods_2m":1,"floods_3m":1,"first_flood_m":1,"nests":true,"area_km2":1.712}},{"type":"Feature","geometry":{"type":"Polygon","coordinates":[[[-5.31799,5.20329],[-5.33225,5.20329],[-5.33225,5.21755],[-5.31799,5.21755],[-5.31799,5.20329]]]},"properties":{"region":"Sud-Bandama","district":"Divo","floods_1m":0,"floods_2m":0,"floods_3m":1,"first_flood_m":3,"nests":true,"area_km2":2.504}},{"type":"Feature","geometry":{"type":"Polygon","coordinates":[[[-5.07561,5.19177],[-5.07561,5.20329],[-5.0696,5.20329],[-5.06964,5.19532],[-5.07561,5.19177]]]},"properties":{"region":"Sud-Bandama","district":"Divo","floods_1m":0,"floods_2m":0,"floods_3m":1,"first_flood_m":3,"nests":true,"area_km2":0.718}},{"type":"Feature","geometry":{"type":"Polygon","coordinates":[[[-5.4532,5.09625],[-5.45375,5.09625],[-5.45375,5.09597],[-5.45625,5.09597],[-5.45625,5.0957],[-5.45903,5.0957],[-5.45903,5.09542],[-5.46057,5.09542],[-5.46057,5.10348],[-5.45337,5.10348],[-5.4532,5.09625]]]},"properties":{"region":"Sud-Bandama","district":"Divo","floods_1m":1,"floods_2m":1,"floods_3m":1,"first_flood_m":1,"nests":true,"area_km2":0.692}},{"type":"Feature","geometry":{"type":"Polygon","coordinates":[[[-5.10412,5.17485],[-5.10424,5.17477],[-5.11838,5.17477],[-5.11838,5.18903],[-5.10412,5.18903],[-5.10412,5.17485]]]},"properties":{"region":"Sud-Bandama","district":"Divo","floods_1m":0,"floods_2m":0,"floods_3m":1,"first_flood_m":3,"nests":true,"area_km2":2.504}},{"type":"Feature","geometry":{"type":"Polygon","coordinates":[[[-5.16115,5.20329],[-5.17541,5.20329],[-5.17541,5.21755],[-5.16115,5.21755],[-5.16115,5.20329]]]},"properties":{"region":"Sud-Bandama","district":"Divo","floods_1m":0,"floods_2m":0,"floods_3m":1,"first_flood_m":3,"nests":true,"area_km2":2.504}},{"type":"Feature","geometry":{"type":"Polygon","coordinates":[[[-5.63167,5.08923],[-5.64592,5.08923],[-5.64592,5.10348],[-5.63167,5.10348],[-5.63167,5.08923]]]},"properties":{"region":"Sud-Bandama","district":"Divo","floods_1m":0,"floods_2m":0,"floods_3m":1,"first_flood_m":3,"nests":true,"area_km2":2.501}},{"type":"Feature","geometry":{"type":"Polygon","coordinates":[[[-5.57463,5.08403],[-5.57486,5.08403],[-5.57486,5.08375],[-5.57514,5.08375],[-5.57514,5.08347],[-5.5757,5.08347],[-5.5757,5.08319],[-5.57625,5.08319],[-5.57625,5.08292],[-5.57653,5.08292],[-5.57653,5.08264],[-5.57875,5.08264],[-5.57875,5.08236],[-5.58458,5.08236],[-5.58458,5.08208],[-5.58486,5.08208],[-5.58486,5.08181],[-5.58542,5.08181],[-5.58542,5.08153],[-5.58569,5.08153],[-5.58569,5.08125],[-5.58597,5.08125],[-5.58597,5.08097],[-5.58625,5.08097],[-5.58625,5.08069],[-5.58653,5.08069],[-5.58653,5.08042],[-5.58681,5.08042],[-5.58681,5.08014],[-5.58708,5.08014],[-5.58708,5.07986],[-5.58681,5.07986],[-5.58681,5.07958],[-5.58708,5.07958],[-5.58708,5.07903],[-5.58819,5.07903],[-5.58819,5.07875],[-5.58889,5.07875],[-5.58889,5.08875],[-5.58208,5.08875],[-5.58208,5.08903],[-5.57931,5.08903],[-5.57931,5.08923],[-5.57463,5.08923],[-5.57463,5.08403]]]},"properties":{"region":"Sud-Bandama","district":"Divo","floods_1m":1,"floods_2m":1,"floods_3m":1,"first_flood_m":1,"nests":true,"area_km2":1.241}},{"type":"Feature","geometry":{"type":"Polygon","coordinates":[[[-5.60315,5.10458],[-5.60319,5.10458],[-5.60319,5.10403],[-5.60347,5.10403],[-5.60347,5.10348],[-5.60903,5.10348],[-5.60903,5.10375],[-5.60931,5.10375],[-5.60931,5.10486],[-5.60958,5.10486],[-5.60958,5.10569],[-5.60986,5.10569],[-5.60986,5.10625],[-5.61014,5.10625],[-5.61014,5.10653],[-5.61069,5.10653],[-5.61069,5.10819],[-5.61042,5.10819],[-5.61042,5.11014],[-5.61069,5.11014],[-5.61069,5.11069],[-5.61042,5.11069],[-5.61042,5.11097],[-5.61069,5.11097],[-5.61069,5.11264],[-5.61042,5.11264],[-5.61042,5.11347],[-5.61014,5.11347],[-5.61014,5.11375],[-5.60958,5.11375],[-5.60958,5.11431],[-5.60931,5.11431],[-5.60931,5.11486],[-5.60986,5.11486],[-5.60986,5.11458],[-5.61042,5.11458],[-5.61042,5.11431],[-5.61181,5.11431],[-5.61181,5.11403],[-5.61319,5.11403],[-5.61319,5.11375],[-5.61347,5.11375],[-5.61347,5.11347],[-5.61375,5.11347],[-5.61375,5.11375],[-5.61403,5.11375],[-5.61403,5.11403],[-5.61486,5.11403],[-5.61486,5.11347],[-5.61458,5.11347],[-5.61458,5.11319],[-5.61431,5.11319],[-5.61431,5.11292],[-5.61403,5.11292],[-5.61403,5.11264],[-5.61375,5.11264],[-5.61375,5.11208],[-5.61347,5.11208],[-5.61347,5.11153],[-5.61319,5.11153],[-5.61319,5.11125],[-5.61292,5.11125],[-5.61292,5.11069],[-5.61264,5.11069],[-5.61264,5.11014],[-5.61292,5.11014],[-5.61292,5.10847],[-5.61319,5.10847],[-5.61319,5.10819],[-5.61292,5.10819],[-5.61292,5.10681],[-5.61264,5.10681],[-5.61264,5.10597],[-5.61236,5.10597],[-5.61236,5.10486],[-5.61208,5.10486],[-5.61208,5.10431],[-5.61181,5.10431],[-5.61181,5.10348],[-5.61741,5.10348],[-5.61741,5.11774],[-5.60315,5.11774],[-5.60315,5.10458]]]},"properties":{"region":"Sud-Bandama","district":"Divo","floods_1m":1,"floods_2m":1,"floods_3m":1,"first_flood_m":1,"nests":true,"area_km2":2.134}},{"type":"Feature","geometry":{"type":"Polygon","coordinates":[[[-5.46057,5.09542],[-5.46153,5.09542],[-5.46153,5.09514],[-5.46347,5.09514],[-5.46347,5.09486],[-5.46569,5.09486],[-5.46569,5.09458],[-5.46764,5.09458],[-5.46764,5.09431],[-5.46958,5.09431],[-5.46958,5.09403],[-5.47153,5.09403],[-5.47153,5.09375],[-5.47375,5.09375],[-5.47375,5.09347],[-5.47483,5.09347],[-5.47483,5.10348],[-5.46057,5.10348],[-5.46057,5.09542]]]},"properties":{"region":"Sud-Bandama","district":"Divo","floods_1m":1,"floods_2m":1,"floods_3m":1,"first_flood_m":1,"nests":true,"area_km2":1.589}},{"type":"Feature","geometry":{"type":"Polygon","coordinates":[[[-5.23244,5.21755],[-5.2467,5.21755],[-5.2467,5.23181],[-5.23244,5.23181],[-5.23244,5.21755]]]},"properties":{"region":"Sud-Bandama","district":"Divo","floods_1m":0,"floods_2m":0,"floods_3m":1,"first_flood_m":3,"nests":true,"area_km2":2.504}},{"type":"Feature","geometry":{"type":"Polygon","coordinates":[[[-5.73147,5.06071],[-5.73375,5.06071],[-5.73375,5.06097],[-5.7343,5.06097],[-5.7343,5.06071],[-5.73682,5.06071],[-5.74573,5.06071],[-5.74573,5.07497],[-5.73682,5.07497],[-5.73147,5.07497],[-5.73147,5.06071]]]},"properties":{"region":"Sud-Bandama","district":"Divo","floods_1m":1,"floods_2m":1,"floods_3m":1,"first_flood_m":1,"nests":true,"area_km2":2.503}},{"type":"Feature","geometry":{"type":"Polygon","coordinates":[[[-5.80276,5.06347],[-5.80292,5.06347],[-5.80292,5.06375],[-5.80319,5.06375],[-5.80319,5.06403],[-5.80347,5.06403],[-5.80347,5.06431],[-5.80375,5.06431],[-5.80375,5.0632],[-5.80319,5.0632],[-5.80319,5.06292],[-5.80292,5.06292],[-5.80292,5.06264],[-5.80276,5.06264],[-5.80276,5.06071],[-5.81702,5.06071],[-5.81702,5.07497],[-5.80276,5.07497],[-5.80276,5.06347]]]},"properties":{"region":"Sud-Bandama","district":"Divo","floods_1m":1,"floods_2m":1,"floods_3m":1,"first_flood_m":1,"nests":true,"area_km2":2.493}},{"type":"Feature","geometry":{"type":"Polygon","coordinates":[[[-5.21819,5.20447],[-5.23244,5.20909],[-5.23244,5.21755],[-5.21819,5.21755],[-5.21819,5.20447]]]},"properties":{"region":"Sud-Bandama","district":"Divo","floods_1m":0,"floods_2m":1,"floods_3m":1,"first_flood_m":2,"nests":true,"area_km2":1.89}},{"type":"Feature","geometry":{"type":"Polygon","coordinates":[[[-5.30373,5.18903],[-5.31799,5.18903],[-5.31799,5.20329],[-5.30373,5.20329],[-5.30373,5.18903]]]},"properties":{"region":"Sud-Bandama","district":"Divo","floods_1m":0,"floods_2m":0,"floods_3m":1,"first_flood_m":3,"nests":true,"area_km2":2.504}},{"type":"Feature","geometry":{"type":"Polygon","coordinates":[[[-5.53186,5.10348],[-5.54612,5.10348],[-5.54612,5.11774],[-5.53186,5.11774],[-5.53186,5.10348]]]},"properties":{"region":"Sud-Bandama","district":"Divo","floods_1m":0,"floods_2m":0,"floods_3m":1,"first_flood_m":3,"nests":true,"area_km2":2.504}},{"type":"Feature","geometry":{"type":"Polygon","coordinates":[[[-5.71721,5.05764],[-5.71931,5.05764],[-5.71931,5.05736],[-5.72042,5.05736],[-5.72042,5.05708],[-5.72375,5.05708],[-5.72375,5.05681],[-5.72514,5.05681],[-5.72514,5.05653],[-5.72625,5.05653],[-5.72625,5.05625],[-5.72958,5.05625],[-5.72958,5.05597],[-5.73042,5.05597],[-5.73042,5.05569],[-5.73125,5.05569],[-5.73125,5.05542],[-5.73147,5.05542],[-5.73147,5.06071],[-5.71721,5.06071],[-5.71721,5.05764]]]},"properties":{"region":"Sud-Bandama","district":"Divo","floods_1m":1,"floods_2m":1,"floods_3m":1,"first_flood_m":1,"nests":true,"area_km2":0.696}},{"type":"Feature","geometry":{"type":"Polygon","coordinates":[[[-5.11838,5.18903],[-5.13264,5.18903],[-5.13264,5.20329],[-5.11838,5.20329],[-5.11838,5.18903]]]},"properties":{"region":"Sud-Bandama","district":"Divo","floods_1m":0,"floods_2m":0,"floods_3m":1,"first_flood_m":3,"nests":true,"area_km2":2.504}},{"type":"Feature","geometry":{"type":"Polygon","coordinates":[[[-5.53186,5.08625],[-5.53208,5.08625],[-5.53208,5.08653],[-5.53292,5.08653],[-5.53292,5.08625],[-5.53375,5.08625],[-5.53375,5.08597],[-5.53486,5.08597],[-5.53486,5.08625],[-5.53569,5.08625],[-5.53569,5.08597],[-5.53625,5.08597],[-5.53625,5.08569],[-5.53903,5.08569],[-5.53903,5.08542],[-5.53931,5.08542],[-5.53931,5.08569],[-5.53958,5.08569],[-5.53958,5.08542],[-5.5418,5.08542],[-5.5418,5.08514],[-5.54208,5.08514],[-5.54208,5.08486],[-5.54292,5.08486],[-5.54292,5.08458],[-5.54612,5.08458],[-5.54612,5.08923],[-5.53186,5.08923],[-5.53186,5.08625]]]},"properties":{"region":"Sud-Bandama","district":"Divo","floods_1m":1,"floods_2m":1,"floods_3m":1,"first_flood_m":1,"nests":true,"area_km2":0.657}},{"type":"Feature","geometry":{"type":"Polygon","coordinates":[[[-5.20393,5.31735],[-5.21819,5.31735],[-5.21819,5.33161],[-5.20393,5.33161],[-5.20393,5.31735]]]},"properties":{"region":"Sud-Bandama","district":"Divo","floods_1m":0,"floods_2m":1,"floods_3m":1,"first_flood_m":2,"nests":true,"area_km2":2.503}},{"type":"Feature","geometry":{"type":"Polygon","coordinates":[[[-5.08986,5.18331],[-5.10412,5.17485],[-5.10412,5.18903],[-5.08986,5.18903],[-5.08986,5.18331]]]},"properties":{"region":"Sud-Bandama","district":"Divo","floods_1m":0,"floods_2m":1,"floods_3m":1,"first_flood_m":2,"nests":true,"area_km2":1.747}},{"type":"Feature","geometry":{"type":"Polygon","coordinates":[[[-5.16115,5.18903],[-5.16153,5.18903],[-5.17541,5.19372],[-5.17541,5.20329],[-5.16115,5.20329],[-5.16115,5.18903]]]},"properties":{"region":"Sud-Bandama","district":"Divo","floods_1m":0,"floods_2m":0,"floods_3m":1,"first_flood_m":3,"nests":true,"area_km2":2.103}},{"type":"Feature","geometry":{"type":"Polygon","coordinates":[[[-5.30373,5.16884],[-5.31606,5.16052],[-5.31799,5.16052],[-5.31799,5.17477],[-5.30373,5.17477],[-5.30373,5.16884]]]},"properties":{"region":"Sud-Bandama","district":"Divo","floods_1m":0,"floods_2m":0,"floods_3m":1,"first_flood_m":3,"nests":true,"area_km2":1.871}},{"type":"Feature","geometry":{"type":"Polygon","coordinates":[[[-5.53186,5.08923],[-5.54612,5.08923],[-5.54612,5.10348],[-5.53186,5.10348],[-5.53186,5.08923]]]},"properties":{"region":"Sud-Bandama","district":"Divo","floods_1m":0,"floods_2m":0,"floods_3m":1,"first_flood_m":3,"nests":true,"area_km2":2.503}},{"type":"Feature","geometry":{"type":"Polygon","coordinates":[[[-5.28948,5.20329],[-5.30373,5.20329],[-5.30373,5.21755],[-5.28948,5.21755],[-5.28948,5.20329]]]},"properties":{"region":"Sud-Bandama","district":"Divo","floods_1m":0,"floods_2m":0,"floods_3m":1,"first_flood_m":3,"nests":true,"area_km2":2.502}},{"type":"Feature","geometry":{"type":"Polygon","coordinates":[[[-5.27522,5.1881],[-5.27522,5.18903],[-5.27383,5.18903],[-5.27522,5.1881]]]},"properties":{"region":"Sud-Bandama","district":"Divo","floods_1m":0,"floods_2m":0,"floods_3m":1,"first_flood_m":3,"nests":true,"area_km2":0.008}},{"type":"Feature","geometry":{"type":"Polygon","coordinates":[[[-5.23244,5.28884],[-5.2467,5.28884],[-5.2467,5.3031],[-5.23244,5.3031],[-5.23244,5.28884]]]},"properties":{"region":"Sud-Bandama","district":"Divo","floods_1m":0,"floods_2m":1,"floods_3m":1,"first_flood_m":2,"nests":true,"area_km2":2.504}},{"type":"Feature","geometry":{"type":"MultiPolygon","coordinates":[[[[-5.7885,5.06014],[-5.78875,5.06014],[-5.78875,5.06071],[-5.7885,5.06071],[-5.7885,5.06014]]],[[[-5.7885,5.05625],[-5.7885,5.04708],[-5.79014,5.04708],[-5.79014,5.0468],[-5.7907,5.0468],[-5.7907,5.04653],[-5.79208,5.04653],[-5.79208,5.04645],[-5.79292,5.04645],[-5.79292,5.04653],[-5.79375,5.04653],[-5.79375,5.04645],[-5.80276,5.04645],[-5.80276,5.05931],[-5.80236,5.05931],[-5.80236,5.05958],[-5.80181,5.05958],[-5.80181,5.05986],[-5.80153,5.05986],[-5.80153,5.06042],[-5.80125,5.06042],[-5.80125,5.06071],[-5.79153,5.06071],[-5.79153,5.06069],[-5.79125,5.06069],[-5.79125,5.06014],[-5.7907,5.06014],[-5.7907,5.05986],[-5.79014,5.05986],[-5.79014,5.05931],[-5.78986,5.05931],[-5.78986,5.05764],[-5.79014,5.05764],[-5.79014,5.05736],[-5.78986,5.05736],[-5.78986,5.05681],[-5.78931,5.05681],[-5.78931,5.05653],[-5.78903,5.05653],[-5.78903,5.05625],[-5.7885,5.05625]]],[[[-5.80276,5.06069],[-5.80276,5.06071],[-5.80264,5.06071],[-5.80264,5.06069],[-5.80276,5.06069]]]]},"properties":{"region":"Sud-Bandama","district":"Divo","floods_1m":1,"floods_2m":1,"floods_3m":1,"first_flood_m":1,"nests":true,"area_km2":2.385}},{"type":"Feature","geometry":{"type":"Polygon","coordinates":[[[-5.40354,5.21755],[-5.4178,5.21755],[-5.4178,5.23181],[-5.40354,5.23181],[-5.40354,5.21755]]]},"properties":{"region":"Sud-Bandama","district":"Divo","floods_1m":0,"floods_2m":1,"floods_3m":1,"first_flood_m":2,"nests":true,"area_km2":2.504}},{"type":"Feature","geometry":{"type":"Polygon","coordinates":[[[-5.13264,5.18903],[-5.1469,5.18903],[-5.1469,5.20329],[-5.13264,5.20329],[-5.13264,5.18903]]]},"properties":{"region":"Sud-Bandama","district":"Divo","floods_1m":0,"floods_2m":0,"floods_3m":1,"first_flood_m":3,"nests":true,"area_km2":2.504}},{"type":"Feature","geometry":{"type":"Polygon","coordinates":[[[-5.11838,5.17445],[-5.11838,5.17477],[-5.10424,5.17477],[-5.10972,5.17152],[-5.11838,5.17445]]]},"properties":{"region":"Sud-Bandama","district":"Divo","floods_1m":0,"floods_2m":0,"floods_3m":1,"first_flood_m":3,"nests":true,"area_km2":0.3}},{"type":"Feature","geometry":{"type":"Polygon","coordinates":[[[-5.10412,5.18903],[-5.11838,5.18903],[-5.11838,5.20329],[-5.10412,5.20329],[-5.10412,5.18903]]]},"properties":{"region":"Sud-Bandama","district":"Divo","floods_1m":0,"floods_2m":0,"floods_3m":1,"first_flood_m":3,"nests":true,"area_km2":2.504}},{"type":"Feature","geometry":{"type":"Polygon","coordinates":[[[-3.36465,5.16052],[-3.37891,5.16052],[-3.37891,5.17477],[-3.36465,5.17477],[-3.36465,5.16052]]]},"properties":{"region":"Sud-Comoé","district":"Aboisso","floods_1m":1,"floods_2m":1,"floods_3m":1,"first_flood_m":1,"nests":true,"area_km2":2.502}},{"type":"Feature","geometry":{"type":"Polygon","coordinates":[[[-3.16504,5.10292],[-3.16597,5.10292],[-3.16597,5.10319],[-3.16708,5.10319],[-3.16708,5.10347],[-3.16819,5.10347],[-3.16819,5.10348],[-3.16504,5.10348],[-3.16504,5.10292]]]},"properties":{"region":"Sud-Comoé","district":"Aboisso","floods_1m":1,"floods_2m":1,"floods_3m":1,"first_flood_m":1,"nests":true,"area_km2":0.011}},{"type":"Feature","geometry":{"type":"Polygon","coordinates":[[[-3.23633,5.14626],[-3.25058,5.14626],[-3.25058,5.16052],[-3.23633,5.16052],[-3.23633,5.14626]]]},"properties":{"region":"Sud-Comoé","district":"Aboisso","floods_1m":1,"floods_2m":1,"floods_3m":1,"first_flood_m":1,"nests":true,"area_km2":2.502}},{"type":"Feature","geometry":{"type":"Polygon","coordinates":[[[-3.09375,5.11774],[-3.108,5.11774],[-3.108,5.132],[-3.09375,5.132],[-3.09375,5.11774]]]},"properties":{"region":"Sud-Comoé","district":"Aboisso","floods_1m":1,"floods_2m":1,"floods_3m":1,"first_flood_m":1,"nests":true,"area_km2":2.502}},{"type":"Feature","geometry":{"type":"Polygon","coordinates":[[[-3.05097,5.11471],[-3.05396,5.11476],[-3.05328,5.10665],[-3.06523,5.11298],[-3.06523,5.11774],[-3.05097,5.11774],[-3.05097,5.11471]]]},"properties":{"region":"Sud-Comoé","district":"Aboisso","floods_1m":1,"floods_2m":1,"floods_3m":1,"first_flood_m":1,"nests":true,"area_km2":1.218}},{"type":"Feature","geometry":{"type":"Polygon","coordinates":[[[-3.26484,5.34587],[-3.2791,5.34587],[-3.2791,5.36013],[-3.26484,5.36013],[-3.26484,5.34587]]]},"properties":{"region":"Sud-Comoé","district":"Aboisso","floods_1m":0,"floods_2m":0,"floods_3m":1,"first_flood_m":3,"nests":true,"area_km2":2.503}},{"type":"Feature","geometry":{"type":"Polygon","coordinates":[[[-3.16504,5.18903],[-3.17929,5.18903],[-3.17929,5.20329],[-3.16504,5.20329],[-3.16504,5.18903]]]},"properties":{"region":"Sud-Comoé","district":"Aboisso","floods_1m":1,"floods_2m":1,"floods_3m":1,"first_flood_m":1,"nests":true,"area_km2":2.502}},{"type":"Feature","geometry":{"type":"Polygon","coordinates":[[[-3.32187,5.16052],[-3.33613,5.16052],[-3.33613,5.17477],[-3.32187,5.17477],[-3.32187,5.16052]]]},"properties":{"region":"Sud-Comoé","district":"Aboisso","floods_1m":1,"floods_2m":1,"floods_3m":1,"first_flood_m":1,"nests":true,"area_km2":2.502}},{"type":"Feature","geometry":{"type":"Polygon","coordinates":[[[-2.93691,5.132],[-2.95117,5.132],[-2.95117,5.14626],[-2.93691,5.14626],[-2.93691,5.132]]]},"properties":{"region":"Sud-Comoé","district":"Aboisso","floods_1m":1,"floods_2m":1,"floods_3m":1,"first_flood_m":1,"nests":true,"area_km2":2.504}},{"type":"Feature","geometry":{"type":"Polygon","coordinates":[[[-2.95117,5.11774],[-2.96542,5.11774],[-2.96542,5.132],[-2.95117,5.132],[-2.95117,5.11774]]]},"properties":{"region":"Sud-Comoé","district":"Aboisso","floods_1m":1,"floods_2m":1,"floods_3m":1,"first_flood_m":1,"nests":true,"area_km2":2.502}},{"type":"Feature","geometry":{"type":"Polygon","coordinates":[[[-3.30762,5.16052],[-3.32187,5.16052],[-3.32187,5.17477],[-3.30762,5.17477],[-3.30762,5.16052]]]},"properties":{"region":"Sud-Comoé","district":"Aboisso","floods_1m":1,"floods_2m":1,"floods_3m":1,"first_flood_m":1,"nests":true,"area_km2":2.501}},{"type":"Feature","geometry":{"type":"Polygon","coordinates":[[[-3.23633,5.132],[-3.25058,5.132],[-3.25058,5.14626],[-3.23633,5.14626],[-3.23633,5.132]]]},"properties":{"region":"Sud-Comoé","district":"Aboisso","floods_1m":1,"floods_2m":1,"floods_3m":1,"first_flood_m":1,"nests":true,"area_km2":2.502}},{"type":"Feature","geometry":{"type":"Polygon","coordinates":[[[-3.37891,5.17477],[-3.39316,5.17477],[-3.39316,5.18903],[-3.38758,5.18903],[-3.38051,5.18611],[-3.37956,5.18903],[-3.37891,5.18903],[-3.37891,5.17477]]]},"properties":{"region":"Sud-Comoé","district":"Aboisso","floods_1m":1,"floods_2m":1,"floods_3m":1,"first_flood_m":1,"nests":true,"area_km2":2.358}},{"type":"Feature","geometry":{"type":"Polygon","coordinates":[[[-3.22207,5.21755],[-3.23633,5.21755],[-3.23633,5.23181],[-3.22207,5.23181],[-3.22207,5.21755]]]},"properties":{"region":"Sud-Comoé","district":"Aboisso","floods_1m":1,"floods_2m":1,"floods_3m":1,"first_flood_m":1,"nests":true,"area_km2":2.504}},{"type":"Feature","geometry":{"type":"Polygon","coordinates":[[[-3.23633,5.28884],[-3.25058,5.28884],[-3.25058,5.3031],[-3.23633,5.3031],[-3.23633,5.28884]]]},"properties":{"region":"Sud-Comoé","district":"Aboisso","floods_1m":1,"floods_2m":1,"floods_3m":1,"first_flood_m":1,"nests":true,"area_km2":2.502}},{"type":"Feature","geometry":{"type":"Polygon","coordinates":[[[-3.25058,5.26032],[-3.26484,5.26032],[-3.26484,5.27458],[-3.25058,5.27458],[-3.25058,5.26032]]]},"properties":{"region":"Sud-Comoé","district":"Aboisso","floods_1m":1,"floods_2m":1,"floods_3m":1,"first_flood_m":1,"nests":true,"area_km2":2.504}},{"type":"Feature","geometry":{"type":"Polygon","coordinates":[[[-3.4502,5.16052],[-3.46445,5.16052],[-3.46445,5.17477],[-3.4502,5.17477],[-3.4502,5.16052]]]},"properties":{"region":"Sud-Comoé","district":"Aboisso","floods_1m":1,"floods_2m":1,"floods_3m":1,"first_flood_m":1,"nests":true,"area_km2":2.501}},{"type":"Feature","geometry":{"type":"Polygon","coordinates":[[[-2.97968,5.08923],[-2.98717,5.08923],[-2.99319,5.09459],[-2.99394,5.09527],[-2.99394,5.10348],[-2.97968,5.10348],[-2.97968,5.08923]]]},"properties":{"region":"Sud-Comoé","district":"Aboisso","floods_1m":1,"floods_2m":1,"floods_3m":1,"first_flood_m":1,"nests":true,"area_km2":2.251}},{"type":"Feature","geometry":{"type":"Polygon","coordinates":[[[-3.17929,5.34587],[-3.18375,5.34587],[-3.19355,5.34587],[-3.19355,5.36013],[-3.18375,5.36013],[-3.17929,5.36013],[-3.17929,5.34587]]]},"properties":{"region":"Sud-Comoé","district":"Aboisso","floods_1m":1,"floods_2m":1,"floods_3m":1,"first_flood_m":1,"nests":true,"area_km2":2.503}},{"type":"Feature","geometry":{"type":"Polygon","coordinates":[[[-3.29336,5.18903],[-3.30762,5.18903],[-3.30762,5.20329],[-3.29336,5.20329],[-3.29336,5.18903]]]},"properties":{"region":"Sud-Comoé","district":"Aboisso","floods_1m":1,"floods_2m":1,"floods_3m":1,"first_flood_m":1,"nests":true,"area_km2":2.504}},{"type":"Feature","geometry":{"type":"Polygon","coordinates":[[[-3.43594,5.17477],[-3.4502,5.17477],[-3.4502,5.18903],[-3.43594,5.18903],[-3.43594,5.17477]]]},"properties":{"region":"Sud-Comoé","district":"Aboisso","floods_1m":1,"floods_2m":1,"floods_3m":1,"first_flood_m":1,"nests":true,"area_km2":2.504}},{"type":"Feature","geometry":{"type":"Polygon","coordinates":[[[-3.16504,5.33161],[-3.17929,5.33161],[-3.17929,5.34587],[-3.16504,5.34587],[-3.16504,5.33161]]]},"properties":{"region":"Sud-Comoé","district":"Aboisso","floods_1m":1,"floods_2m":1,"floods_3m":1,"first_flood_m":1,"nests":true,"area_km2":2.502}},{"type":"Feature","geometry":{"type":"Polygon","coordinates":[[[-3.20781,5.20329],[-3.22207,5.20329],[-3.22207,5.21755],[-3.20781,5.21755],[-3.20781,5.20329]]]},"properties":{"region":"Sud-Comoé","district":"Aboisso","floods_1m":1,"floods_2m":1,"floods_3m":1,"first_flood_m":1,"nests":true,"area_km2":2.504}},{"type":"Feature","geometry":{"type":"Polygon","coordinates":[[[-3.07949,5.132],[-3.09375,5.132],[-3.09375,5.14626],[-3.07949,5.14626],[-3.07949,5.132]]]},"properties":{"region":"Sud-Comoé","district":"Aboisso","floods_1m":1,"floods_2m":1,"floods_3m":1,"first_flood_m":1,"nests":true,"area_km2":2.504}},{"type":"Feature","geometry":{"type":"Polygon","coordinates":[[[-2.95117,5.08147],[-2.95117,5.08923],[-2.94471,5.08923],[-2.95117,5.08147]]]},"properties":{"region":"Sud-Comoé","district":"Aboisso","floods_1m":1,"floods_2m":1,"floods_3m":1,"first_flood_m":1,"nests":true,"area_km2":0.309}},{"type":"Feature","geometry":{"type":"Polygon","coordinates":[[[-3.52149,5.17477],[-3.53574,5.17477],[-3.53574,5.17501],[-3.52149,5.18236],[-3.52149,5.17477]]]},"properties":{"region":"Sud-Comoé","district":"Aboisso","floods_1m":0,"floods_2m":0,"floods_3m":1,"first_flood_m":3,"nests":true,"area_km2":0.687}},{"type":"Feature","geometry":{"type":"Polygon","coordinates":[[[-3.29336,5.132],[-3.30762,5.132],[-3.30762,5.14626],[-3.29336,5.14626],[-3.29336,5.132]]]},"properties":{"region":"Sud-Comoé","district":"Aboisso","floods_1m":1,"floods_2m":1,"floods_3m":1,"first_flood_m":1,"nests":true,"area_km2":2.504}},{"type":"Feature","geometry":{"type":"Polygon","coordinates":[[[-3.50723,5.16486],[-3.50931,5.16486],[-3.50931,5.16514],[-3.51069,5.16514],[-3.51069,5.16542],[-3.51181,5.16542],[-3.51181,5.16569],[-3.51514,5.16569],[-3.51514,5.16597],[-3.51653,5.16597],[-3.51653,5.16625],[-3.51792,5.16625],[-3.51792,5.16653],[-3.52149,5.16653],[-3.52149,5.17477],[-3.50723,5.17477],[-3.50723,5.16486]]]},"properties":{"region":"Sud-Comoé","district":"Aboisso","floods_1m":1,"floods_2m":1,"floods_3m":1,"first_flood_m":1,"nests":true,"area_km2":1.577}},{"type":"Feature","geometry":{"type":"Polygon","coordinates":[[[-2.85136,5.132],[-2.86562,5.132],[-2.86562,5.14626],[-2.85136,5.14626],[-2.85136,5.132]]]},"properties":{"region":"Sud-Comoé","district":"Aboisso","floods_1m":1,"floods_2m":1,"floods_3m":1,"first_flood_m":1,"nests":true,"area_km2":2.504}},{"type":"Feature","geometry":{"type":"Polygon","coordinates":[[[-2.90839,5.14626],[-2.92265,5.14626],[-2.92265,5.16052],[-2.90839,5.16052],[-2.90839,5.14626]]]},"properties":{"region":"Sud-Comoé","district":"Aboisso","floods_1m":1,"floods_2m":1,"floods_3m":1,"first_flood_m":1,"nests":true,"area_km2":2.504}},{"type":"Feature","geometry":{"type":"Polygon","coordinates":[[[-2.82284,5.11774],[-2.8371,5.11774],[-2.8371,5.132],[-2.82284,5.132],[-2.82284,5.11774]]]},"properties":{"region":"Sud-Comoé","district":"Aboisso","floods_1m":0,"floods_2m":1,"floods_3m":1,"first_flood_m":2,"nests":true,"area_km2":2.504}},{"type":"Feature","geometry":{"type":"Polygon","coordinates":[[[-2.86562,5.11774],[-2.8686,5.11774],[-2.87004,5.11852],[-2.87785,5.11941],[-2.87988,5.11867],[-2.87988,5.132],[-2.86562,5.132],[-2.86562,5.11774]]]},"properties":{"region":"Sud-Comoé","district":"Aboisso","floods_1m":0,"floods_2m":0,"floods_3m":1,"first_flood_m":3,"nests":true,"area_km2":2.347}},{"type":"Feature","geometry":{"type":"Polygon","coordinates":[[[-3.47871,5.18903],[-3.49297,5.18903],[-3.49297,5.19554],[-3.48784,5.19799],[-3.48617,5.19997],[-3.48609,5.20251],[-3.48559,5.20329],[-3.47871,5.20329],[-3.47871,5.18903]]]},"properties":{"region":"Sud-Comoé","district":"Aboisso","floods_1m":0,"floods_2m":0,"floods_3m":1,"first_flood_m":3,"nests":true,"area_km2":1.999}},{"type":"Feature","geometry":{"type":"Polygon","coordinates":[[[-3.26484,5.33161],[-3.2791,5.33161],[-3.2791,5.34587],[-3.26484,5.34587],[-3.26484,5.33161]]]},"properties":{"region":"Sud-Comoé","district":"Aboisso","floods_1m":1,"floods_2m":1,"floods_3m":1,"first_flood_m":1,"nests":true,"area_km2":2.503}},{"type":"Feature","geometry":{"type":"Polygon","coordinates":[[[-3.15078,5.10348],[-3.16504,5.10348],[-3.16504,5.11774],[-3.15078,5.11774],[-3.15078,5.10348]]]},"properties":{"region":"Sud-Comoé","district":"Aboisso","floods_1m":1,"floods_2m":1,"floods_3m":1,"first_flood_m":1,"nests":true,"area_km2":2.504}},{"type":"Feature","geometry":{"type":"Polygon","coordinates":[[[-2.89413,5.14626],[-2.90839,5.14626],[-2.90839,5.16052],[-2.89413,5.16052],[-2.89413,5.14626]]]},"properties":{"region":"Sud-Comoé","district":"Aboisso","floods_1m":1,"floods_2m":1,"floods_3m":1,"first_flood_m":1,"nests":true,"area_km2":2.504}},{"type":"Feature","geometry":{"type":"Polygon","coordinates":[[[-3.13652,5.09708],[-3.13764,5.09708],[-3.13764,5.09736],[-3.13875,5.09736],[-3.13875,5.09764],[-3.14014,5.09764],[-3.14014,5.09792],[-3.14125,5.09792],[-3.14125,5.0982],[-3.14264,5.0982],[-3.14264,5.09847],[-3.14375,5.09847],[-3.14375,5.09875],[-3.14514,5.09875],[-3.14514,5.09903],[-3.14653,5.09903],[-3.14653,5.09931],[-3.14792,5.09931],[-3.14792,5.09958],[-3.14931,5.09958],[-3.14931,5.09986],[-3.15042,5.09986],[-3.15042,5.10014],[-3.15078,5.10014],[-3.15078,5.10348],[-3.13652,5.10348],[-3.13652,5.09708]]]},"properties":{"region":"Sud-Comoé","district":"Aboisso","floods_1m":1,"floods_2m":1,"floods_3m":1,"first_flood_m":1,"nests":true,"area_km2":0.866}},{"type":"Feature","geometry":{"type":"Polygon","coordinates":[[[-3.05097,5.11774],[-3.06523,5.11774],[-3.06523,5.132],[-3.05097,5.132],[-3.05097,5.11774]]]},"properties":{"region":"Sud-Comoé","district":"Aboisso","floods_1m":1,"floods_2m":1,"floods_3m":1,"first_flood_m":1,"nests":true,"area_km2":2.504}},{"type":"Feature","geometry":{"type":"Polygon","coordinates":[[[-3.07949,5.11774],[-3.09375,5.11774],[-3.09375,5.132],[-3.07949,5.132],[-3.07949,5.11774]]]},"properties":{"region":"Sud-Comoé","district":"Aboisso","floods_1m":1,"floods_2m":1,"floods_3m":1,"first_flood_m":1,"nests":true,"area_km2":2.504}},{"type":"Feature","geometry":{"type":"Polygon","coordinates":[[[-3.22207,5.31735],[-3.23633,5.31735],[-3.23633,5.33161],[-3.22207,5.33161],[-3.22207,5.31735]]]},"properties":{"region":"Sud-Comoé","district":"Aboisso","floods_1m":1,"floods_2m":1,"floods_3m":1,"first_flood_m":1,"nests":true,"area_km2":2.503}},{"type":"Feature","geometry":{"type":"Polygon","coordinates":[[[-3.12226,5.11774],[-3.13652,5.11774],[-3.13652,5.132],[-3.12226,5.132],[-3.12226,5.11774]]]},"properties":{"region":"Sud-Comoé","district":"Aboisso","floods_1m":1,"floods_2m":1,"floods_3m":1,"first_flood_m":1,"nests":true,"area_km2":2.504}},{"type":"Feature","geometry":{"type":"Polygon","coordinates":[[[-3.25058,5.38864],[-3.26484,5.38864],[-3.26484,5.4029],[-3.25058,5.4029],[-3.25058,5.38864]]]},"properties":{"region":"Sud-Comoé","district":"Aboisso","floods_1m":0,"floods_2m":1,"floods_3m":1,"first_flood_m":2,"nests":true,"area_km2":2.503}},{"type":"Feature","geometry":{"type":"Polygon","coordinates":[[[-3.25058,5.14626],[-3.26484,5.14626],[-3.26484,5.16052],[-3.25058,5.16052],[-3.25058,5.14626]]]},"properties":{"region":"Sud-Comoé","district":"Aboisso","floods_1m":1,"floods_2m":1,"floods_3m":1,"first_flood_m":1,"nests":true,"area_km2":2.504}},{"type":"Feature","geometry":{"type":"Polygon","coordinates":[[[-3.20781,5.33161],[-3.22207,5.33161],[-3.22207,5.34587],[-3.20781,5.34587],[-3.20781,5.33161]]]},"properties":{"region":"Sud-Comoé","district":"Aboisso","floods_1m":1,"floods_2m":1,"floods_3m":1,"first_flood_m":1,"nests":true,"area_km2":2.503}},{"type":"Feature","geometry":{"type":"Polygon","coordinates":[[[-3.25058,5.28884],[-3.26484,5.28884],[-3.26484,5.3031],[-3.25058,5.3031],[-3.25058,5.28884]]]},"properties":{"region":"Sud-Comoé","district":"Aboisso","floods_1m":1,"floods_2m":1,"floods_3m":1,"first_flood_m":1,"nests":true,"area_km2":2.504}},{"type":"Feature","geometry":{"type":"Polygon","coordinates":[[[-3.33613,5.13653],[-3.33708,5.13653],[-3.33708,5.13681],[-3.33875,5.13681],[-3.33875,5.13708],[-3.3418,5.13708],[-3.3418,5.13736],[-3.34264,5.13736],[-3.34264,5.13764],[-3.34375,5.13764],[-3.34375,5.13792],[-3.34458,5.13792],[-3.34458,5.13819],[-3.34542,5.13819],[-3.34542,5.13847],[-3.34819,5.13847],[-3.34819,5.13875],[-3.35014,5.13875],[-3.35014,5.13903],[-3.35039,5.13903],[-3.35039,5.14626],[-3.33613,5.14626],[-3.33613,5.13653]]]},"properties":{"region":"Sud-Comoé","district":"Aboisso","floods_1m":1,"floods_2m":1,"floods_3m":1,"first_flood_m":1,"nests":true,"area_km2":1.5}},{"type":"Feature","geometry":{"type":"Polygon","coordinates":[[[-3.17929,5.14626],[-3.18375,5.14626],[-3.19355,5.14626],[-3.19355,5.16052],[-3.18375,5.16052],[-3.17929,5.16052],[-3.17929,5.14626]]]},"properties":{"region":"Sud-Comoé","district":"Aboisso","floods_1m":1,"floods_2m":1,"floods_3m":1,"first_flood_m":1,"nests":true,"area_km2":2.504}},{"type":"Feature","geometry":{"type":"Polygon","coordinates":[[[-3.23633,5.20329],[-3.25058,5.20329],[-3.25058,5.21755],[-3.23633,5.21755],[-3.23633,5.20329]]]},"properties":{"region":"Sud-Comoé","district":"Aboisso","floods_1m":1,"floods_2m":1,"floods_3m":1,"first_flood_m":1,"nests":true,"area_km2":2.502}},{"type":"Feature","geometry":{"type":"Polygon","coordinates":[[[-3.05097,5.16052],[-3.06523,5.16052],[-3.06523,5.17477],[-3.05097,5.17477],[-3.05097,5.16052]]]},"properties":{"region":"Sud-Comoé","district":"Aboisso","floods_1m":1,"floods_2m":1,"floods_3m":1,"first_flood_m":1,"nests":true,"area_km2":2.502}},{"type":"Feature","geometry":{"type":"Polygon","coordinates":[[[-3.23633,5.17477],[-3.25058,5.17477],[-3.25058,5.18903],[-3.23633,5.18903],[-3.23633,5.17477]]]},"properties":{"region":"Sud-Comoé","district":"Aboisso","floods_1m":1,"floods_2m":1,"floods_3m":1,"first_flood_m":1,"nests":true,"area_km2":2.502}},{"type":"Feature","geometry":{"type":"Polygon","coordinates":[[[-3.30762,5.14626],[-3.32187,5.14626],[-3.32187,5.16052],[-3.30762,5.16052],[-3.30762,5.14626]]]},"properties":{"region":"Sud-Comoé","district":"Aboisso","floods_1m":1,"floods_2m":1,"floods_3m":1,"first_flood_m":1,"nests":true,"area_km2":2.502}},{"type":"Feature","geometry":{"type":"Polygon","coordinates":[[[-3.23633,5.24606],[-3.25058,5.24606],[-3.25058,5.24695],[-3.25058,5.26032],[-3.23633,5.26032],[-3.23633,5.24695],[-3.23633,5.24606]]]},"properties":{"region":"Sud-Comoé","district":"Aboisso","floods_1m":1,"floods_2m":1,"floods_3m":1,"first_flood_m":1,"nests":true,"area_km2":2.502}},{"type":"Feature","geometry":{"type":"Polygon","coordinates":[[[-3.22207,5.3031],[-3.23633,5.3031],[-3.23633,5.31735],[-3.22207,5.31735],[-3.22207,5.3031]]]},"properties":{"region":"Sud-Comoé","district":"Aboisso","floods_1m":1,"floods_2m":1,"floods_3m":1,"first_flood_m":1,"nests":true,"area_km2":2.502}},{"type":"Feature","geometry":{"type":"Polygon","coordinates":[[[-2.89413,5.11409],[-2.9054,5.11608],[-2.90677,5.11586],[-2.90839,5.11561],[-2.90839,5.11774],[-2.89413,5.11774],[-2.89413,5.11409]]]},"properties":{"region":"Sud-Comoé","district":"Aboisso","floods_1m":1,"floods_2m":1,"floods_3m":1,"first_flood_m":1,"nests":true,"area_km2":0.438}},{"type":"Feature","geometry":{"type":"Polygon","coordinates":[[[-3.2791,5.17477],[-3.29336,5.17477],[-3.29336,5.18903],[-3.2791,5.18903],[-3.2791,5.17477]]]},"properties":{"region":"Sud-Comoé","district":"Aboisso","floods_1m":1,"floods_2m":1,"floods_3m":1,"first_flood_m":1,"nests":true,"area_km2":2.504}},{"type":"Feature","geometry":{"type":"Polygon","coordinates":[[[-3.11073,5.09208],[-3.11208,5.09208],[-3.11208,5.09236],[-3.11347,5.09236],[-3.11347,5.09264],[-3.11486,5.09264],[-3.11486,5.09292],[-3.11597,5.09292],[-3.11597,5.09319],[-3.1182,5.09319],[-3.1182,5.09347],[-3.12014,5.09347],[-3.12014,5.09375],[-3.12208,5.09375],[-3.12208,5.09403],[-3.12226,5.09403],[-3.12226,5.10348],[-3.11117,5.10348],[-3.11074,5.09445],[-3.1109,5.09449],[-3.11073,5.09208]]]},"properties":{"region":"Sud-Comoé","district":"Aboisso","floods_1m":1,"floods_2m":1,"floods_3m":1,"first_flood_m":1,"nests":true,"area_km2":1.457}},{"type":"Feature","geometry":{"type":"Polygon","coordinates":[[[-3.25058,5.17477],[-3.26484,5.17477],[-3.26484,5.18903],[-3.25058,5.18903],[-3.25058,5.17477]]]},"properties":{"region":"Sud-Comoé","district":"Aboisso","floods_1m":1,"floods_2m":1,"floods_3m":1,"first_flood_m":1,"nests":true,"area_km2":2.504}},{"type":"Feature","geometry":{"type":"Polygon","coordinates":[[[-3.19355,5.11774],[-3.20781,5.11774],[-3.20781,5.132],[-3.19355,5.132],[-3.19355,5.11774]]]},"properties":{"region":"Sud-Comoé","district":"Aboisso","floods_1m":1,"floods_2m":1,"floods_3m":1,"first_flood_m":1,"nests":true,"area_km2":2.504}},{"type":"Feature","geometry":{"type":"Polygon","coordinates":[[[-3.2791,5.26032],[-3.29336,5.26032],[-3.29336,5.27458],[-3.2791,5.27458],[-3.2791,5.26032]]]},"properties":{"region":"Sud-Comoé","district":"Aboisso","floods_1m":1,"floods_2m":1,"floods_3m":1,"first_flood_m":1,"nests":true,"area_km2":2.504}},{"type":"Feature","geometry":{"type":"Polygon","coordinates":[[[-3.33613,5.18903],[-3.35039,5.18903],[-3.35039,5.20329],[-3.33613,5.20329],[-3.33613,5.18903]]]},"properties":{"region":"Sud-Comoé","district":"Aboisso","floods_1m":1,"floods_2m":1,"floods_3m":1,"first_flood_m":1,"nests":true,"area_km2":2.504}},{"type":"Feature","geometry":{"type":"Polygon","coordinates":[[[-3.25058,5.16052],[-3.26484,5.16052],[-3.26484,5.17477],[-3.25058,5.17477],[-3.25058,5.16052]]]},"properties":{"region":"Sud-Comoé","district":"Aboisso","floods_1m":1,"floods_2m":1,"floods_3m":1,"first_flood_m":1,"nests":true,"area_km2":2.502}},{"type":"Feature","geometry":{"type":"Polygon","coordinates":[[[-2.75155,5.11424],[-2.75155,5.11774],[-2.7406,5.11774],[-2.74064,5.11579],[-2.74223,5.11394],[-2.75155,5.11424]]]},"properties":{"region":"Sud-Comoé","district":"Aboisso","floods_1m":0,"floods_2m":0,"floods_3m":1,"first_flood_m":3,"nests":true,"area_km2":0.476}},{"type":"Feature","geometry":{"type":"Polygon","coordinates":[[[-3.42168,5.16052],[-3.43594,5.16052],[-3.43594,5.17477],[-3.42168,5.17477],[-3.42168,5.16052]]]},"properties":{"region":"Sud-Comoé","district":"Aboisso","floods_1m":1,"floods_2m":1,"floods_3m":1,"first_flood_m":1,"nests":true,"area_km2":2.502}},{"type":"Feature","geometry":{"type":"Polygon","coordinates":[[[-3.13652,5.34587],[-3.15078,5.34587],[-3.15078,5.36013],[-3.13652,5.36013],[-3.13652,5.34587]]]},"properties":{"region":"Sud-Comoé","district":"Aboisso","floods_1m":1,"floods_2m":1,"floods_3m":1,"first_flood_m":1,"nests":true,"area_km2":2.503}},{"type":"Feature","geometry":{"type":"Polygon","coordinates":[[[-3.19355,5.33161],[-3.20781,5.33161],[-3.20781,5.34587],[-3.19355,5.34587],[-3.19355,5.33161]]]},"properties":{"region":"Sud-Comoé","district":"Aboisso","floods_1m":1,"floods_2m":1,"floods_3m":1,"first_flood_m":1,"nests":true,"area_km2":2.503}},{"type":"Feature","geometry":{"type":"Polygon","coordinates":[[[-3.12226,5.31735],[-3.13652,5.31735],[-3.13652,5.33161],[-3.12226,5.33161],[-3.12226,5.31735]]]},"properties":{"region":"Sud-Comoé","district":"Aboisso","floods_1m":1,"floods_2m":1,"floods_3m":1,"first_flood_m":1,"nests":true,"area_km2":2.503}},{"type":"Feature","geometry":{"type":"Polygon","coordinates":[[[-3.23633,5.36013],[-3.25058,5.36013],[-3.25058,5.37439],[-3.23633,5.37439],[-3.23633,5.36013]]]},"properties":{"region":"Sud-Comoé","district":"Aboisso","floods_1m":1,"floods_2m":1,"floods_3m":1,"first_flood_m":1,"nests":true,"area_km2":2.501}},{"type":"Feature","geometry":{"type":"Polygon","coordinates":[[[-3.35039,5.14626],[-3.36465,5.14626],[-3.36465,5.16052],[-3.35039,5.16052],[-3.35039,5.14626]]]},"properties":{"region":"Sud-Comoé","district":"Aboisso","floods_1m":1,"floods_2m":1,"floods_3m":1,"first_flood_m":1,"nests":true,"area_km2":2.504}},{"type":"Feature","geometry":{"type":"Polygon","coordinates":[[[-3.29336,5.27458],[-3.30762,5.27458],[-3.30762,5.28884],[-3.29336,5.28884],[-3.29336,5.27458]]]},"properties":{"region":"Sud-Comoé","district":"Aboisso","floods_1m":1,"floods_2m":1,"floods_3m":1,"first_flood_m":1,"nests":true,"area_km2":2.504}},{"type":"Feature","geometry":{"type":"Polygon","coordinates":[[[-3.46445,5.17477],[-3.47871,5.17477],[-3.47871,5.18903],[-3.46445,5.18903],[-3.46445,5.17477]]]},"properties":{"region":"Sud-Comoé","district":"Aboisso","floods_1m":1,"floods_2m":1,"floods_3m":1,"first_flood_m":1,"nests":true,"area_km2":2.504}},{"type":"Feature","geometry":{"type":"Polygon","coordinates":[[[-3.26484,5.16052],[-3.2791,5.16052],[-3.2791,5.17477],[-3.26484,5.17477],[-3.26484,5.16052]]]},"properties":{"region":"Sud-Comoé","district":"Aboisso","floods_1m":1,"floods_2m":1,"floods_3m":1,"first_flood_m":1,"nests":true,"area_km2":2.502}},{"type":"Feature","geometry":{"type":"Polygon","coordinates":[[[-3.29336,5.16052],[-3.30762,5.16052],[-3.30762,5.17477],[-3.29336,5.17477],[-3.29336,5.16052]]]},"properties":{"region":"Sud-Comoé","district":"Aboisso","floods_1m":1,"floods_2m":1,"floods_3m":1,"first_flood_m":1,"nests":true,"area_km2":2.502}},{"type":"Feature","geometry":{"type":"Polygon","coordinates":[[[-3.26484,5.132],[-3.2791,5.132],[-3.2791,5.14626],[-3.26484,5.14626],[-3.26484,5.132]]]},"properties":{"region":"Sud-Comoé","district":"Aboisso","floods_1m":1,"floods_2m":1,"floods_3m":1,"first_flood_m":1,"nests":true,"area_km2":2.504}},{"type":"Feature","geometry":{"type":"Polygon","coordinates":[[[-3.19355,5.34587],[-3.20781,5.34587],[-3.20781,5.36013],[-3.19355,5.36013],[-3.19355,5.34587]]]},"properties":{"region":"Sud-Comoé","district":"Aboisso","floods_1m":1,"floods_2m":1,"floods_3m":1,"first_flood_m":1,"nests":true,"area_km2":2.503}},{"type":"Feature","geometry":{"type":"Polygon","coordinates":[[[-3.16504,5.132],[-3.17929,5.132],[-3.17929,5.14626],[-3.16504,5.14626],[-3.16504,5.132]]]},"properties":{"region":"Sud-Comoé","district":"Aboisso","floods_1m":1,"floods_2m":1,"floods_3m":1,"first_flood_m":1,"nests":true,"area_km2":2.502}},{"type":"Feature","geometry":{"type":"Polygon","coordinates":[[[-3.42168,5.15153],[-3.42264,5.15153],[-3.42264,5.1518],[-3.4243,5.1518],[-3.4243,5.15208],[-3.4257,5.15208],[-3.4257,5.15236],[-3.42736,5.15236],[-3.42736,5.15264],[-3.42875,5.15264],[-3.42875,5.15292],[-3.43042,5.15292],[-3.43042,5.15319],[-3.43236,5.15319],[-3.43236,5.15347],[-3.43431,5.15347],[-3.43431,5.15375],[-3.43594,5.15375],[-3.43594,5.16052],[-3.42168,5.16052],[-3.42168,5.15153]]]},"properties":{"region":"Sud-Comoé","district":"Aboisso","floods_1m":1,"floods_2m":1,"floods_3m":1,"first_flood_m":1,"nests":true,"area_km2":1.368}},{"type":"Feature","geometry":{"type":"Polygon","coordinates":[[[-3.12226,5.33161],[-3.13652,5.33161],[-3.13652,5.34587],[-3.12226,5.34587],[-3.12226,5.33161]]]},"properties":{"region":"Sud-Comoé","district":"Aboisso","floods_1m":1,"floods_2m":1,"floods_3m":1,"first_flood_m":1,"nests":true,"area_km2":2.503}},{"type":"Feature","geometry":{"type":"Polygon","coordinates":[[[-2.75155,5.11424],[-2.75441,5.11433],[-2.75623,5.11179],[-2.75762,5.10348],[-2.7635,5.10348],[-2.76581,5.10584],[-2.76581,5.11774],[-2.75155,5.11774],[-2.75155,5.11424]]]},"properties":{"region":"Sud-Comoé","district":"Aboisso","floods_1m":0,"floods_2m":0,"floods_3m":1,"first_flood_m":3,"nests":true,"area_km2":1.804}},{"type":"Feature","geometry":{"type":"Polygon","coordinates":[[[-3.19355,5.132],[-3.20781,5.132],[-3.20781,5.14626],[-3.19355,5.14626],[-3.19355,5.132]]]},"properties":{"region":"Sud-Comoé","district":"Aboisso","floods_1m":1,"floods_2m":1,"floods_3m":1,"first_flood_m":1,"nests":true,"area_km2":2.504}},{"type":"Feature","geometry":{"type":"Polygon","coordinates":[[[-3.02246,5.11774],[-3.03671,5.11774],[-3.03671,5.132],[-3.02246,5.132],[-3.02246,5.11774]]]},"properties":{"region":"Sud-Comoé","district":"Aboisso","floods_1m":1,"floods_2m":1,"floods_3m":1,"first_flood_m":1,"nests":true,"area_km2":2.502}},{"type":"Feature","geometry":{"type":"Polygon","coordinates":[[[-3.17929,5.18903],[-3.18375,5.18903],[-3.19355,5.18903],[-3.19355,5.20329],[-3.18375,5.20329],[-3.17929,5.20329],[-3.17929,5.18903]]]},"properties":{"region":"Sud-Comoé","district":"Aboisso","floods_1m":1,"floods_2m":1,"floods_3m":1,"first_flood_m":1,"nests":true,"area_km2":2.504}},{"type":"Feature","geometry":{"type":"Polygon","coordinates":[[[-2.99394,5.09527],[-3.00315,5.10348],[-2.99394,5.10348],[-2.99394,5.09527]]]},"properties":{"region":"Sud-Comoé","district":"Aboisso","floods_1m":1,"floods_2m":1,"floods_3m":1,"first_flood_m":1,"nests":true,"area_km2":0.466}},{"type":"Feature","geometry":{"type":"Polygon","coordinates":[[[-3.2791,5.24606],[-3.29336,5.24606],[-3.29336,5.24695],[-3.29336,5.26032],[-3.2791,5.26032],[-3.2791,5.24695],[-3.2791,5.24606]]]},"properties":{"region":"Sud-Comoé","district":"Aboisso","floods_1m":1,"floods_2m":1,"floods_3m":1,"first_flood_m":1,"nests":true,"area_km2":2.504}},{"type":"Feature","geometry":{"type":"Polygon","coordinates":[[[-3.16504,5.31735],[-3.17929,5.31735],[-3.17929,5.33161],[-3.16504,5.33161],[-3.16504,5.31735]]]},"properties":{"region":"Sud-Comoé","district":"Aboisso","floods_1m":1,"floods_2m":1,"floods_3m":1,"first_flood_m":1,"nests":true,"area_km2":2.502}},{"type":"Feature","geometry":{"type":"Polygon","coordinates":[[[-3.22207,5.26032],[-3.23633,5.26032],[-3.23633,5.27458],[-3.22207,5.27458],[-3.22207,5.26032]]]},"properties":{"region":"Sud-Comoé","district":"Aboisso","floods_1m":1,"floods_2m":1,"floods_3m":1,"first_flood_m":1,"nests":true,"area_km2":2.504}},{"type":"Feature","geometry":{"type":"Polygon","coordinates":[[[-3.12226,5.10348],[-3.13652,5.10348],[-3.13652,5.11774],[-3.12226,5.11774],[-3.12226,5.10348]]]},"properties":{"region":"Sud-Comoé","district":"Aboisso","floods_1m":1,"floods_2m":1,"floods_3m":1,"first_flood_m":1,"nests":true,"area_km2":2.504}},{"type":"Feature","geometry":{"type":"Polygon","coordinates":[[[-3.12226,5.34587],[-3.13652,5.34587],[-3.13652,5.36013],[-3.12226,5.36013],[-3.12226,5.34587]]]},"properties":{"region":"Sud-Comoé","district":"Aboisso","floods_1m":1,"floods_2m":1,"floods_3m":1,"first_flood_m":1,"nests":true,"area_km2":2.503}},{"type":"Feature","geometry":{"type":"Polygon","coordinates":[[[-3.40742,5.14903],[-3.40875,5.14903],[-3.40875,5.1493],[-3.41042,5.1493],[-3.41042,5.14958],[-3.41208,5.14958],[-3.41208,5.14986],[-3.41347,5.14986],[-3.41347,5.15014],[-3.41514,5.15014],[-3.41514,5.15042],[-3.41653,5.15042],[-3.41653,5.15069],[-3.4182,5.15069],[-3.4182,5.15097],[-3.41931,5.15097],[-3.41931,5.15125],[-3.42014,5.15125],[-3.42014,5.15153],[-3.42168,5.15153],[-3.42168,5.16052],[-3.40742,5.16052],[-3.40742,5.14903]]]},"properties":{"region":"Sud-Comoé","district":"Aboisso","floods_1m":1,"floods_2m":1,"floods_3m":1,"first_flood_m":1,"nests":true,"area_km2":1.809}},{"type":"Feature","geometry":{"type":"Polygon","coordinates":[[[-3.13652,5.10348],[-3.15078,5.10348],[-3.15078,5.11774],[-3.13652,5.11774],[-3.13652,5.10348]]]},"properties":{"region":"Sud-Comoé","district":"Aboisso","floods_1m":1,"floods_2m":1,"floods_3m":1,"first_flood_m":1,"nests":true,"area_km2":2.504}},{"type":"Feature","geometry":{"type":"Polygon","coordinates":[[[-2.87988,5.132],[-2.89413,5.132],[-2.89413,5.14626],[-2.87988,5.14626],[-2.87988,5.132]]]},"properties":{"region":"Sud-Comoé","district":"Aboisso","floods_1m":1,"floods_2m":1,"floods_3m":1,"first_flood_m":1,"nests":true,"area_km2":2.502}},{"type":"Feature","geometry":{"type":"Polygon","coordinates":[[[-3.30762,5.17477],[-3.32187,5.17477],[-3.32187,5.18903],[-3.30762,5.18903],[-3.30762,5.17477]]]},"properties":{"region":"Sud-Comoé","district":"Aboisso","floods_1m":1,"floods_2m":1,"floods_3m":1,"first_flood_m":1,"nests":true,"area_km2":2.502}},{"type":"Feature","geometry":{"type":"Polygon","coordinates":[[[-3.23633,5.18903],[-3.25058,5.18903],[-3.25058,5.20329],[-3.23633,5.20329],[-3.23633,5.18903]]]},"properties":{"region":"Sud-Comoé","district":"Aboisso","floods_1m":1,"floods_2m":1,"floods_3m":1,"first_flood_m":1,"nests":true,"area_km2":2.502}},{"type":"Feature","geometry":{"type":"Polygon","coordinates":[[[-3.49297,5.17477],[-3.50723,5.17477],[-3.50723,5.18874],[-3.50661,5.18903],[-3.49297,5.18903],[-3.49297,5.17477]]]},"properties":{"region":"Sud-Comoé","district":"Aboisso","floods_1m":1,"floods_2m":1,"floods_3m":1,"first_flood_m":1,"nests":true,"area_km2":2.503}},{"type":"Feature","geometry":{"type":"Polygon","coordinates":[[[-3.23633,5.37439],[-3.25058,5.37439],[-3.25058,5.38864],[-3.23633,5.38864],[-3.23633,5.37439]]]},"properties":{"region":"Sud-Comoé","district":"Aboisso","floods_1m":1,"floods_2m":1,"floods_3m":1,"first_flood_m":1,"nests":true,"area_km2":2.5}},{"type":"Feature","geometry":{"type":"Polygon","coordinates":[[[-3.12226,5.132],[-3.13652,5.132],[-3.13652,5.14626],[-3.12226,5.14626],[-3.12226,5.132]]]},"properties":{"region":"Sud-Comoé","district":"Aboisso","floods_1m":1,"floods_2m":1,"floods_3m":1,"first_flood_m":1,"nests":true,"area_km2":2.504}},{"type":"Feature","geometry":{"type":"Polygon","coordinates":[[[-3.108,5.14626],[-3.12226,5.14626],[-3.12226,5.16052],[-3.108,5.16052],[-3.108,5.14626]]]},"properties":{"region":"Sud-Comoé","district":"Aboisso","floods_1m":1,"floods_2m":1,"floods_3m":1,"first_flood_m":1,"nests":true,"area_km2":2.504}},{"type":"Feature","geometry":{"type":"Polygon","coordinates":[[[-3.13652,5.11774],[-3.15078,5.11774],[-3.15078,5.132],[-3.13652,5.132],[-3.13652,5.11774]]]},"properties":{"region":"Sud-Comoé","district":"Aboisso","floods_1m":1,"floods_2m":1,"floods_3m":1,"first_flood_m":1,"nests":true,"area_km2":2.504}},{"type":"Feature","geometry":{"type":"Polygon","coordinates":[[[-2.79433,5.18903],[-2.80859,5.18903],[-2.80859,5.20329],[-2.79433,5.20329],[-2.79433,5.18903]]]},"properties":{"region":"Sud-Comoé","district":"Aboisso","floods_1m":0,"floods_2m":0,"floods_3m":1,"first_flood_m":3,"nests":true,"area_km2":2.504}},{"type":"Feature","geometry":{"type":"Polygon","coordinates":[[[-3.29336,5.17477],[-3.30762,5.17477],[-3.30762,5.18903],[-3.29336,5.18903],[-3.29336,5.17477]]]},"properties":{"region":"Sud-Comoé","district":"Aboisso","floods_1m":1,"floods_2m":1,"floods_3m":1,"first_flood_m":1,"nests":true,"area_km2":2.504}},{"type":"Feature","geometry":{"type":"Polygon","coordinates":[[[-3.06523,5.11298],[-3.06952,5.11525],[-3.07365,5.11078],[-3.07429,5.10663],[-3.07651,5.10503],[-3.07949,5.1059],[-3.07949,5.11774],[-3.06523,5.11774],[-3.06523,5.11298]]]},"properties":{"region":"Sud-Comoé","district":"Aboisso","floods_1m":1,"floods_2m":1,"floods_3m":1,"first_flood_m":1,"nests":true,"area_km2":1.279}},{"type":"Feature","geometry":{"type":"Polygon","coordinates":[[[-3.16504,5.34587],[-3.17929,5.34587],[-3.17929,5.36013],[-3.16504,5.36013],[-3.16504,5.34587]]]},"properties":{"region":"Sud-Comoé","district":"Aboisso","floods_1m":1,"floods_2m":1,"floods_3m":1,"first_flood_m":1,"nests":true,"area_km2":2.502}},{"type":"Feature","geometry":{"type":"Polygon","coordinates":[[[-2.85136,5.11774],[-2.86562,5.11774],[-2.86562,5.132],[-2.85136,5.132],[-2.85136,5.11774]]]},"properties":{"region":"Sud-Comoé","district":"Aboisso","floods_1m":1,"floods_2m":1,"floods_3m":1,"first_flood_m":1,"nests":true,"area_km2":2.504}},{"type":"Feature","geometry":{"type":"Polygon","coordinates":[[[-2.96542,5.08923],[-2.97968,5.08923],[-2.97968,5.10348],[-2.96542,5.10348],[-2.96542,5.08923]]]},"properties":{"region":"Sud-Comoé","district":"Aboisso","floods_1m":1,"floods_2m":1,"floods_3m":1,"first_flood_m":1,"nests":true,"area_km2":2.503}},{"type":"Feature","geometry":{"type":"Polygon","coordinates":[[[-2.90839,5.17477],[-2.92265,5.17477],[-2.92265,5.18903],[-2.90839,5.18903],[-2.90839,5.17477]]]},"properties":{"region":"Sud-Comoé","district":"Aboisso","floods_1m":1,"floods_2m":1,"floods_3m":1,"first_flood_m":1,"nests":true,"area_km2":2.504}},{"type":"Feature","geometry":{"type":"Polygon","coordinates":[[[-3.2791,5.12708],[-3.2793,5.12708],[-3.2793,5.12736],[-3.27958,5.12736],[-3.27958,5.12764],[-3.27986,5.12764],[-3.27986,5.12819],[-3.28014,5.12819],[-3.28014,5.12847],[-3.28042,5.12847],[-3.28042,5.12875],[-3.28069,5.12875],[-3.28069,5.12903],[-3.28597,5.12903],[-3.28597,5.12847],[-3.28625,5.12847],[-3.28625,5.12819],[-3.28653,5.12819],[-3.28653,5.12764],[-3.2868,5.12764],[-3.2868,5.12708],[-3.28847,5.12708],[-3.28847,5.12736],[-3.28986,5.12736],[-3.28986,5.12764],[-3.29153,5.12764],[-3.29153,5.12792],[-3.29336,5.12792],[-3.29336,5.132],[-3.2791,5.132],[-3.2791,5.12708]]]},"properties":{"region":"Sud-Comoé","district":"Aboisso","floods_1m":1,"floods_2m":1,"floods_3m":1,"first_flood_m":1,"nests":true,"area_km2":0.674}},{"type":"Feature","geometry":{"type":"Polygon","coordinates":[[[-3.29336,5.23181],[-3.30762,5.23181],[-3.30762,5.24606],[-3.29336,5.24606],[-3.29336,5.23181]]]},"properties":{"region":"Sud-Comoé","district":"Aboisso","floods_1m":0,"floods_2m":1,"floods_3m":1,"first_flood_m":2,"nests":true,"area_km2":2.502}},{"type":"Feature","geometry":{"type":"Polygon","coordinates":[[[-3.26484,5.26032],[-3.2791,5.26032],[-3.2791,5.27458],[-3.26484,5.27458],[-3.26484,5.26032]]]},"properties":{"region":"Sud-Comoé","district":"Aboisso","floods_1m":1,"floods_2m":1,"floods_3m":1,"first_flood_m":1,"nests":true,"area_km2":2.504}},{"type":"Feature","geometry":{"type":"Polygon","coordinates":[[[-3.29336,5.14626],[-3.30762,5.14626],[-3.30762,5.16052],[-3.29336,5.16052],[-3.29336,5.14626]]]},"properties":{"region":"Sud-Comoé","district":"Aboisso","floods_1m":1,"floods_2m":1,"floods_3m":1,"first_flood_m":1,"nests":true,"area_km2":2.504}},{"type":"Feature","geometry":{"type":"Polygon","coordinates":[[[-3.47871,5.17477],[-3.49297,5.17477],[-3.49297,5.18903],[-3.47871,5.18903],[-3.47871,5.17477]]]},"properties":{"region":"Sud-Comoé","district":"Aboisso","floods_1m":1,"floods_2m":1,"floods_3m":1,"first_flood_m":1,"nests":true,"area_km2":2.504}},{"type":"Feature","geometry":{"type":"Polygon","coordinates":[[[-3.108,5.11774],[-3.12226,5.11774],[-3.12226,5.132],[-3.108,5.132],[-3.108,5.11774]]]},"properties":{"region":"Sud-Comoé","district":"Aboisso","floods_1m":1,"floods_2m":1,"floods_3m":1,"first_flood_m":1,"nests":true,"area_km2":2.504}},{"type":"Feature","geometry":{"type":"Polygon","coordinates":[[[-3.32187,5.17477],[-3.33613,5.17477],[-3.33613,5.18903],[-3.32187,5.18903],[-3.32187,5.17477]]]},"properties":{"region":"Sud-Comoé","district":"Aboisso","floods_1m":1,"floods_2m":1,"floods_3m":1,"first_flood_m":1,"nests":true,"area_km2":2.504}},{"type":"Feature","geometry":{"type":"Polygon","coordinates":[[[-3.19355,5.28884],[-3.20781,5.28884],[-3.20781,5.3031],[-3.19355,5.3031],[-3.19355,5.28884]]]},"properties":{"region":"Sud-Comoé","district":"Aboisso","floods_1m":1,"floods_2m":1,"floods_3m":1,"first_flood_m":1,"nests":true,"area_km2":2.504}},{"type":"Feature","geometry":{"type":"Polygon","coordinates":[[[-3.30762,5.18903],[-3.32187,5.18903],[-3.32187,5.20329],[-3.30762,5.20329],[-3.30762,5.18903]]]},"properties":{"region":"Sud-Comoé","district":"Aboisso","floods_1m":1,"floods_2m":1,"floods_3m":1,"first_flood_m":1,"nests":true,"area_km2":2.502}},{"type":"Feature","geometry":{"type":"Polygon","coordinates":[[[-3.35039,5.13903],[-3.35181,5.13903],[-3.35181,5.13931],[-3.35375,5.13931],[-3.35375,5.13958],[-3.35514,5.13958],[-3.35514,5.13986],[-3.35625,5.13986],[-3.35625,5.14014],[-3.35764,5.14014],[-3.35764,5.14042],[-3.36097,5.14042],[-3.36097,5.14069],[-3.36236,5.14069],[-3.36236,5.14097],[-3.36347,5.14097],[-3.36347,5.14125],[-3.36465,5.14125],[-3.36465,5.14626],[-3.35039,5.14626],[-3.35039,5.13903]]]},"properties":{"region":"Sud-Comoé","district":"Aboisso","floods_1m":1,"floods_2m":1,"floods_3m":1,"first_flood_m":1,"nests":true,"area_km2":1.079}},{"type":"Feature","geometry":{"type":"Polygon","coordinates":[[[-3.22207,5.43142],[-3.23633,5.43142],[-3.23633,5.44568],[-3.22207,5.44568],[-3.22207,5.43142]]]},"properties":{"region":"Sud-Comoé","district":"Aboisso","floods_1m":0,"floods_2m":0,"floods_3m":1,"first_flood_m":3,"nests":true,"area_km2":2.503}},{"type":"Feature","geometry":{"type":"Polygon","coordinates":[[[-3.25058,5.31735],[-3.26484,5.31735],[-3.26484,5.33161],[-3.25058,5.33161],[-3.25058,5.31735]]]},"properties":{"region":"Sud-Comoé","district":"Aboisso","floods_1m":1,"floods_2m":1,"floods_3m":1,"first_flood_m":1,"nests":true,"area_km2":2.503}},{"type":"Feature","geometry":{"type":"Polygon","coordinates":[[[-3.22207,5.28884],[-3.23633,5.28884],[-3.23633,5.3031],[-3.22207,5.3031],[-3.22207,5.28884]]]},"properties":{"region":"Sud-Comoé","district":"Aboisso","floods_1m":1,"floods_2m":1,"floods_3m":1,"first_flood_m":1,"nests":true,"area_km2":2.504}},{"type":"Feature","geometry":{"type":"Polygon","coordinates":[[[-3.20781,5.24606],[-3.22207,5.24606],[-3.22207,5.24695],[-3.22207,5.26032],[-3.20781,5.26032],[-3.20781,5.24695],[-3.20781,5.24606]]]},"properties":{"region":"Sud-Comoé","district":"Aboisso","floods_1m":1,"floods_2m":1,"floods_3m":1,"first_flood_m":1,"nests":true,"area_km2":2.504}},{"type":"Feature","geometry":{"type":"Polygon","coordinates":[[[-2.95117,5.20329],[-2.96542,5.20329],[-2.96542,5.21755],[-2.95117,5.21755],[-2.95117,5.20329]]]},"properties":{"region":"Sud-Comoé","district":"Aboisso","floods_1m":0,"floods_2m":0,"floods_3m":1,"first_flood_m":3,"nests":true,"area_km2":2.502}},{"type":"Feature","geometry":{"type":"Polygon","coordinates":[[[-3.26484,5.12264],[-3.26764,5.12264],[-3.26764,5.12292],[-3.26875,5.12292],[-3.26875,5.1232],[-3.27125,5.1232],[-3.27125,5.12347],[-3.27153,5.12347],[-3.27153,5.12375],[-3.27181,5.12375],[-3.27181,5.12403],[-3.27653,5.12403],[-3.27653,5.1243],[-3.27681,5.1243],[-3.27681,5.12458],[-3.27708,5.12458],[-3.27708,5.12486],[-3.27736,5.12486],[-3.27736,5.12514],[-3.27764,5.12514],[-3.27764,5.12542],[-3.27792,5.12542],[-3.27792,5.12597],[-3.27819,5.12597],[-3.27819,5.12625],[-3.27847,5.12625],[-3.27847,5.12653],[-3.27875,5.12653],[-3.27875,5.1268],[-3.27903,5.1268],[-3.27903,5.12708],[-3.2791,5.12708],[-3.2791,5.132],[-3.26484,5.132],[-3.26484,5.12264]]]},"properties":{"region":"Sud-Comoé","district":"Aboisso","floods_1m":1,"floods_2m":1,"floods_3m":1,"first_flood_m":1,"nests":true,"area_km2":1.442}},{"type":"Feature","geometry":{"type":"Polygon","coordinates":[[[-3.23633,5.27458],[-3.25058,5.27458],[-3.25058,5.28884],[-3.23633,5.28884],[-3.23633,5.27458]]]},"properties":{"region":"Sud-Comoé","district":"Aboisso","floods_1m":1,"floods_2m":1,"floods_3m":1,"first_flood_m":1,"nests":true,"area_km2":2.502}},{"type":"Feature","geometry":{"type":"Polygon","coordinates":[[[-2.92265,5.14626],[-2.93691,5.14626],[-2.93691,5.16052],[-2.92265,5.16052],[-2.92265,5.14626]]]},"properties":{"region":"Sud-Comoé","district":"Aboisso","floods_1m":1,"floods_2m":1,"floods_3m":1,"first_flood_m":1,"nests":true,"area_km2":2.504}},{"type":"Feature","geometry":{"type":"Polygon","coordinates":[[[-3.16504,5.3031],[-3.17929,5.3031],[-3.17929,5.31735],[-3.16504,5.31735],[-3.16504,5.3031]]]},"properties":{"region":"Sud-Comoé","district":"Aboisso","floods_1m":1,"floods_2m":1,"floods_3m":1,"first_flood_m":1,"nests":true,"area_km2":2.5}},{"type":"Feature","geometry":{"type":"Polygon","coordinates":[[[-2.87988,5.14626],[-2.89413,5.14626],[-2.89413,5.16052],[-2.87988,5.16052],[-2.87988,5.14626]]]},"properties":{"region":"Sud-Comoé","district":"Aboisso","floods_1m":1,"floods_2m":1,"floods_3m":1,"first_flood_m":1,"nests":true,"area_km2":2.502}},{"type":"Feature","geometry":{"type":"Polygon","coordinates":[[[-3.15078,5.132],[-3.16504,5.132],[-3.16504,5.14626],[-3.15078,5.14626],[-3.15078,5.132]]]},"properties":{"region":"Sud-Comoé","district":"Aboisso","floods_1m":1,"floods_2m":1,"floods_3m":1,"first_flood_m":1,"nests":true,"area_km2":2.504}},{"type":"Feature","geometry":{"type":"Polygon","coordinates":[[[-3.16504,5.36013],[-3.17929,5.36013],[-3.17929,5.37439],[-3.16504,5.37439],[-3.16504,5.36013]]]},"properties":{"region":"Sud-Comoé","district":"Aboisso","floods_1m":1,"floods_2m":1,"floods_3m":1,"first_flood_m":1,"nests":true,"area_km2":2.501}},{"type":"Feature","geometry":{"type":"Polygon","coordinates":[[[-3.20781,5.16052],[-3.22207,5.16052],[-3.22207,5.17477],[-3.20781,5.17477],[-3.20781,5.16052]]]},"properties":{"region":"Sud-Comoé","district":"Aboisso","floods_1m":1,"floods_2m":1,"floods_3m":1,"first_flood_m":1,"nests":true,"area_km2":2.502}},{"type":"Feature","geometry":{"type":"Polygon","coordinates":[[[-3.52149,5.16653],[-3.5232,5.16653],[-3.5232,5.16681],[-3.52542,5.16681],[-3.52542,5.16708],[-3.52736,5.16708],[-3.52736,5.16736],[-3.5293,5.16736],[-3.5293,5.16764],[-3.53431,5.16764],[-3.53431,5.16792],[-3.53574,5.16792],[-3.53574,5.17477],[-3.52149,5.17477],[-3.52149,5.16653]]]},"properties":{"region":"Sud-Comoé","district":"Aboisso","floods_1m":1,"floods_2m":1,"floods_3m":1,"first_flood_m":1,"nests":true,"area_km2":1.312}},{"type":"Feature","geometry":{"type":"Polygon","coordinates":[[[-3.29336,5.24606],[-3.30762,5.24606],[-3.30762,5.24695],[-3.30762,5.26032],[-3.29336,5.26032],[-3.29336,5.24695],[-3.29336,5.24606]]]},"properties":{"region":"Sud-Comoé","district":"Aboisso","floods_1m":1,"floods_2m":1,"floods_3m":1,"first_flood_m":1,"nests":true,"area_km2":2.504}},{"type":"Feature","geometry":{"type":"Polygon","coordinates":[[[-3.20781,5.11774],[-3.22207,5.11774],[-3.22207,5.132],[-3.20781,5.132],[-3.20781,5.11774]]]},"properties":{"region":"Sud-Comoé","district":"Aboisso","floods_1m":1,"floods_2m":1,"floods_3m":1,"first_flood_m":1,"nests":true,"area_km2":2.504}},{"type":"Feature","geometry":{"type":"Polygon","coordinates":[[[-3.2791,5.16052],[-3.29336,5.16052],[-3.29336,5.17477],[-3.2791,5.17477],[-3.2791,5.16052]]]},"properties":{"region":"Sud-Comoé","district":"Aboisso","floods_1m":1,"floods_2m":1,"floods_3m":1,"first_flood_m":1,"nests":true,"area_km2":2.502}},{"type":"Feature","geometry":{"type":"Polygon","coordinates":[[[-3.33613,5.17477],[-3.35039,5.17477],[-3.35039,5.18903],[-3.33613,5.18903],[-3.33613,5.17477]]]},"properties":{"region":"Sud-Comoé","district":"Aboisso","floods_1m":1,"floods_2m":1,"floods_3m":1,"first_flood_m":1,"nests":true,"area_km2":2.504}},{"type":"Feature","geometry":{"type":"Polygon","coordinates":[[[-3.20781,5.36013],[-3.22207,5.36013],[-3.22207,5.37439],[-3.20781,5.37439],[-3.20781,5.36013]]]},"properties":{"region":"Sud-Comoé","district":"Aboisso","floods_1m":0,"floods_2m":1,"floods_3m":1,"first_flood_m":2,"nests":true,"area_km2":2.503}},{"type":"Feature","geometry":{"type":"Polygon","coordinates":[[[-3.20781,5.31735],[-3.22207,5.31735],[-3.22207,5.33161],[-3.20781,5.33161],[-3.20781,5.31735]]]},"properties":{"region":"Sud-Comoé","district":"Aboisso","floods_1m":1,"floods_2m":1,"floods_3m":1,"first_flood_m":1,"nests":true,"area_km2":2.503}},{"type":"Feature","geometry":{"type":"Polygon","coordinates":[[[-3.26484,5.20329],[-3.2791,5.20329],[-3.2791,5.21755],[-3.26484,5.21755],[-3.26484,5.20329]]]},"properties":{"region":"Sud-Comoé","district":"Aboisso","floods_1m":1,"floods_2m":1,"floods_3m":1,"first_flood_m":1,"nests":true,"area_km2":2.504}},{"type":"Feature","geometry":{"type":"Polygon","coordinates":[[[-3.42168,5.17477],[-3.43594,5.17477],[-3.43594,5.18903],[-3.42168,5.18903],[-3.42168,5.17477]]]},"properties":{"region":"Sud-Comoé","district":"Aboisso","floods_1m":0,"floods_2m":1,"floods_3m":1,"first_flood_m":2,"nests":true,"area_km2":2.504}},{"type":"Feature","geometry":{"type":"Polygon","coordinates":[[[-3.22207,5.37439],[-3.23633,5.37439],[-3.23633,5.38864],[-3.22207,5.38864],[-3.22207,5.37439]]]},"properties":{"region":"Sud-Comoé","district":"Aboisso","floods_1m":0,"floods_2m":0,"floods_3m":1,"first_flood_m":3,"nests":true,"area_km2":2.501}},{"type":"Feature","geometry":{"type":"Polygon","coordinates":[[[-2.95117,5.08923],[-2.96542,5.08923],[-2.96542,5.10348],[-2.95117,5.10348],[-2.95117,5.08923]]]},"properties":{"region":"Sud-Comoé","district":"Aboisso","floods_1m":1,"floods_2m":1,"floods_3m":1,"first_flood_m":1,"nests":true,"area_km2":2.501}},{"type":"Feature","geometry":{"type":"Polygon","coordinates":[[[-3.17929,5.28884],[-3.18375,5.28884],[-3.19355,5.28884],[-3.19355,5.3031],[-3.18375,5.3031],[-3.17929,5.3031],[-3.17929,5.28884]]]},"properties":{"region":"Sud-Comoé","district":"Aboisso","floods_1m":1,"floods_2m":1,"floods_3m":1,"first_flood_m":1,"nests":true,"area_km2":2.504}},{"type":"Feature","geometry":{"type":"Polygon","coordinates":[[[-2.89413,5.16052],[-2.90839,5.16052],[-2.90839,5.17477],[-2.89413,5.17477],[-2.89413,5.16052]]]},"properties":{"region":"Sud-Comoé","district":"Aboisso","floods_1m":1,"floods_2m":1,"floods_3m":1,"first_flood_m":1,"nests":true,"area_km2":2.502}},{"type":"Feature","geometry":{"type":"Polygon","coordinates":[[[-3.35039,5.17477],[-3.36465,5.17477],[-3.36465,5.18903],[-3.35039,5.18903],[-3.35039,5.17477]]]},"properties":{"region":"Sud-Comoé","district":"Aboisso","floods_1m":1,"floods_2m":1,"floods_3m":1,"first_flood_m":1,"nests":true,"area_km2":2.504}},{"type":"Feature","geometry":{"type":"Polygon","coordinates":[[[-2.96542,5.08224],[-2.97949,5.08238],[-2.97968,5.08255],[-2.97968,5.08923],[-2.96542,5.08923],[-2.96542,5.08224]]]},"properties":{"region":"Sud-Comoé","district":"Aboisso","floods_1m":1,"floods_2m":1,"floods_3m":1,"first_flood_m":1,"nests":true,"area_km2":1.215}},{"type":"Feature","geometry":{"type":"Polygon","coordinates":[[[-2.73084,5.132],[-2.73165,5.132],[-2.73522,5.13217],[-2.73534,5.132],[-2.7373,5.132],[-2.7373,5.14626],[-2.73145,5.14626],[-2.72768,5.13774],[-2.72881,5.1352],[-2.73084,5.132]]]},"properties":{"region":"Sud-Comoé","district":"Aboisso","floods_1m":1,"floods_2m":1,"floods_3m":1,"first_flood_m":1,"nests":true,"area_km2":1.385}},{"type":"Feature","geometry":{"type":"Polygon","coordinates":[[[-3.19355,5.16052],[-3.20781,5.16052],[-3.20781,5.17477],[-3.19355,5.17477],[-3.19355,5.16052]]]},"properties":{"region":"Sud-Comoé","district":"Aboisso","floods_1m":1,"floods_2m":1,"floods_3m":1,"first_flood_m":1,"nests":true,"area_km2":2.502}},{"type":"Feature","geometry":{"type":"Polygon","coordinates":[[[-2.95117,5.10348],[-2.96542,5.10348],[-2.96542,5.11774],[-2.95117,5.11774],[-2.95117,5.10348]]]},"properties":{"region":"Sud-Comoé","district":"Aboisso","floods_1m":1,"floods_2m":1,"floods_3m":1,"first_flood_m":1,"nests":true,"area_km2":2.503}},{"type":"Feature","geometry":{"type":"Polygon","coordinates":[[[-3.2791,5.3031],[-3.29336,5.3031],[-3.29336,5.31735],[-3.2791,5.31735],[-3.2791,5.3031]]]},"properties":{"region":"Sud-Comoé","district":"Aboisso","floods_1m":0,"floods_2m":0,"floods_3m":1,"first_flood_m":3,"nests":true,"area_km2":2.502}},{"type":"Feature","geometry":{"type":"Polygon","coordinates":[[[-3.20781,5.3031],[-3.22207,5.3031],[-3.22207,5.31735],[-3.20781,5.31735],[-3.20781,5.3031]]]},"properties":{"region":"Sud-Comoé","district":"Aboisso","floods_1m":1,"floods_2m":1,"floods_3m":1,"first_flood_m":1,"nests":true,"area_km2":2.502}},{"type":"Feature","geometry":{"type":"Polygon","coordinates":[[[-2.92265,5.11228],[-2.93155,5.10552],[-2.93067,5.10348],[-2.93691,5.10348],[-2.93691,5.11774],[-2.92265,5.11774],[-2.92265,5.11228]]]},"properties":{"region":"Sud-Comoé","district":"Aboisso","floods_1m":1,"floods_2m":1,"floods_3m":1,"first_flood_m":1,"nests":true,"area_km2":1.921}},{"type":"Feature","geometry":{"type":"Polygon","coordinates":[[[-3.37891,5.16052],[-3.39316,5.16052],[-3.39316,5.17477],[-3.37891,5.17477],[-3.37891,5.16052]]]},"properties":{"region":"Sud-Comoé","district":"Aboisso","floods_1m":1,"floods_2m":1,"floods_3m":1,"first_flood_m":1,"nests":true,"area_km2":2.501}},{"type":"Feature","geometry":{"type":"Polygon","coordinates":[[[-3.05097,5.132],[-3.06523,5.132],[-3.06523,5.14626],[-3.05097,5.14626],[-3.05097,5.132]]]},"properties":{"region":"Sud-Comoé","district":"Aboisso","floods_1m":1,"floods_2m":1,"floods_3m":1,"first_flood_m":1,"nests":true,"area_km2":2.504}},{"type":"Feature","geometry":{"type":"Polygon","coordinates":[[[-3.108,5.132],[-3.12226,5.132],[-3.12226,5.14626],[-3.108,5.14626],[-3.108,5.132]]]},"properties":{"region":"Sud-Comoé","district":"Aboisso","floods_1m":1,"floods_2m":1,"floods_3m":1,"first_flood_m":1,"nests":true,"area_km2":2.504}},{"type":"Feature","geometry":{"type":"Polygon","coordinates":[[[-3.22207,5.17477],[-3.23633,5.17477],[-3.23633,5.18903],[-3.22207,5.18903],[-3.22207,5.17477]]]},"properties":{"region":"Sud-Comoé","district":"Aboisso","floods_1m":1,"floods_2m":1,"floods_3m":1,"first_flood_m":1,"nests":true,"area_km2":2.504}},{"type":"Feature","geometry":{"type":"Polygon","coordinates":[[[-3.02246,5.11234],[-3.0256,5.11248],[-3.03436,5.11772],[-3.03671,5.11515],[-3.03671,5.11774],[-3.02246,5.11774],[-3.02246,5.11234]]]},"properties":{"region":"Sud-Comoé","district":"Aboisso","floods_1m":1,"floods_2m":1,"floods_3m":1,"first_flood_m":1,"nests":true,"area_km2":0.529}},{"type":"Feature","geometry":{"type":"Polygon","coordinates":[[[-3.26484,5.21755],[-3.2791,5.21755],[-3.2791,5.23181],[-3.26484,5.23181],[-3.26484,5.21755]]]},"properties":{"region":"Sud-Comoé","district":"Aboisso","floods_1m":1,"floods_2m":1,"floods_3m":1,"first_flood_m":1,"nests":true,"area_km2":2.504}},{"type":"Feature","geometry":{"type":"Polygon","coordinates":[[[-3.22207,5.20329],[-3.23633,5.20329],[-3.23633,5.21755],[-3.22207,5.21755],[-3.22207,5.20329]]]},"properties":{"region":"Sud-Comoé","district":"Aboisso","floods_1m":1,"floods_2m":1,"floods_3m":1,"first_flood_m":1,"nests":true,"area_km2":2.504}},{"type":"Feature","geometry":{"type":"Polygon","coordinates":[[[-2.93691,5.10348],[-2.95117,5.10348],[-2.95117,5.11774],[-2.93691,5.11774],[-2.93691,5.10348]]]},"properties":{"region":"Sud-Comoé","district":"Aboisso","floods_1m":1,"floods_2m":1,"floods_3m":1,"first_flood_m":1,"nests":true,"area_km2":2.504}},{"type":"Feature","geometry":{"type":"Polygon","coordinates":[[[-2.87988,5.17477],[-2.89413,5.17477],[-2.89413,5.18903],[-2.87988,5.18903],[-2.87988,5.17477]]]},"properties":{"region":"Sud-Comoé","district":"Aboisso","floods_1m":1,"floods_2m":1,"floods_3m":1,"first_flood_m":1,"nests":true,"area_km2":2.502}},{"type":"Feature","geometry":{"type":"Polygon","coordinates":[[[-3.25058,5.33161],[-3.26484,5.33161],[-3.26484,5.34587],[-3.25058,5.34587],[-3.25058,5.33161]]]},"properties":{"region":"Sud-Comoé","district":"Aboisso","floods_1m":1,"floods_2m":1,"floods_3m":1,"first_flood_m":1,"nests":true,"area_km2":2.503}},{"type":"Feature","geometry":{"type":"Polygon","coordinates":[[[-3.39316,5.1468],[-3.39875,5.1468],[-3.39875,5.14708],[-3.39958,5.14708],[-3.39958,5.14736],[-3.40042,5.14736],[-3.40042,5.14764],[-3.40153,5.14764],[-3.40153,5.14792],[-3.40236,5.14792],[-3.40236,5.14819],[-3.40319,5.14819],[-3.40319,5.14847],[-3.40514,5.14847],[-3.40514,5.14875],[-3.40681,5.14875],[-3.40681,5.14903],[-3.40742,5.14903],[-3.40742,5.16052],[-3.39316,5.16052],[-3.39316,5.1468]]]},"properties":{"region":"Sud-Comoé","district":"Aboisso","floods_1m":1,"floods_2m":1,"floods_3m":1,"first_flood_m":1,"nests":true,"area_km2":2.267}},{"type":"Feature","geometry":{"type":"Polygon","coordinates":[[[-3.26484,5.17477],[-3.2791,5.17477],[-3.2791,5.18903],[-3.26484,5.18903],[-3.26484,5.17477]]]},"properties":{"region":"Sud-Comoé","district":"Aboisso","floods_1m":1,"floods_2m":1,"floods_3m":1,"first_flood_m":1,"nests":true,"area_km2":2.504}},{"type":"Feature","geometry":{"type":"Polygon","coordinates":[[[-3.33613,5.14626],[-3.35039,5.14626],[-3.35039,5.16052],[-3.33613,5.16052],[-3.33613,5.14626]]]},"properties":{"region":"Sud-Comoé","district":"Aboisso","floods_1m":1,"floods_2m":1,"floods_3m":1,"first_flood_m":1,"nests":true,"area_km2":2.504}},{"type":"Feature","geometry":{"type":"Polygon","coordinates":[[[-3.19355,5.14626],[-3.20781,5.14626],[-3.20781,5.16052],[-3.19355,5.16052],[-3.19355,5.14626]]]},"properties":{"region":"Sud-Comoé","district":"Aboisso","floods_1m":1,"floods_2m":1,"floods_3m":1,"first_flood_m":1,"nests":true,"area_km2":2.504}},{"type":"Feature","geometry":{"type":"Polygon","coordinates":[[[-3.22207,5.11431],[-3.22264,5.11431],[-3.22264,5.11458],[-3.22347,5.11458],[-3.22347,5.11486],[-3.22458,5.11486],[-3.22458,5.11514],[-3.22597,5.11514],[-3.22597,5.11542],[-3.22736,5.11542],[-3.22736,5.11569],[-3.22847,5.11569],[-3.22847,5.11597],[-3.22986,5.11597],[-3.22986,5.11625],[-3.23153,5.11625],[-3.23153,5.11653],[-3.23375,5.11653],[-3.23375,5.1168],[-3.23514,5.1168],[-3.23514,5.11708],[-3.23633,5.11708],[-3.23633,5.11774],[-3.22207,5.11774],[-3.22207,5.11431]]]},"properties":{"region":"Sud-Comoé","district":"Aboisso","floods_1m":1,"floods_2m":1,"floods_3m":1,"first_flood_m":1,"nests":true,"area_km2":0.328}},{"type":"Feature","geometry":{"type":"Polygon","coordinates":[[[-3.26484,5.3031],[-3.2791,5.3031],[-3.2791,5.31735],[-3.26484,5.31735],[-3.26484,5.3031]]]},"properties":{"region":"Sud-Comoé","district":"Aboisso","floods_1m":0,"floods_2m":1,"floods_3m":1,"first_flood_m":2,"nests":true,"area_km2":2.502}},{"type":"Feature","geometry":{"type":"Polygon","coordinates":[[[-2.7373,5.15225],[-2.7373,5.14626],[-2.75155,5.14626],[-2.75155,5.16052],[-2.74454,5.16052],[-2.74435,5.1602],[-2.73814,5.15862],[-2.74086,5.15354],[-2.73833,5.15194],[-2.7373,5.15225]]]},"properties":{"region":"Sud-Comoé","district":"Aboisso","floods_1m":0,"floods_2m":1,"floods_3m":1,"first_flood_m":2,"nests":true,"area_km2":2.217}},{"type":"Feature","geometry":{"type":"Polygon","coordinates":[[[-3.36465,5.14125],[-3.36486,5.14125],[-3.36486,5.14153],[-3.36625,5.14153],[-3.36625,5.14181],[-3.36736,5.14181],[-3.36736,5.14208],[-3.36847,5.14208],[-3.36847,5.14236],[-3.3693,5.14236],[-3.3693,5.14264],[-3.37042,5.14264],[-3.37042,5.14292],[-3.37375,5.14292],[-3.37375,5.1432],[-3.37486,5.1432],[-3.37486,5.14347],[-3.37597,5.14347],[-3.37597,5.14375],[-3.37708,5.14375],[-3.37708,5.14403],[-3.37891,5.14403],[-3.37891,5.14626],[-3.36465,5.14626],[-3.36465,5.14125]]]},"properties":{"region":"Sud-Comoé","district":"Aboisso","floods_1m":1,"floods_2m":1,"floods_3m":1,"first_flood_m":1,"nests":true,"area_km2":0.603}},{"type":"Feature","geometry":{"type":"Polygon","coordinates":[[[-3.03671,5.11515],[-3.03733,5.11448],[-3.05097,5.11471],[-3.05097,5.11774],[-3.03671,5.11774],[-3.03671,5.11515]]]},"properties":{"region":"Sud-Comoé","district":"Aboisso","floods_1m":1,"floods_2m":1,"floods_3m":1,"first_flood_m":1,"nests":true,"area_km2":0.551}},{"type":"Feature","geometry":{"type":"Polygon","coordinates":[[[-3.25058,5.27458],[-3.26484,5.27458],[-3.26484,5.28884],[-3.25058,5.28884],[-3.25058,5.27458]]]},"properties":{"region":"Sud-Comoé","district":"Aboisso","floods_1m":1,"floods_2m":1,"floods_3m":1,"first_flood_m":1,"nests":true,"area_km2":2.504}},{"type":"Feature","geometry":{"type":"Polygon","coordinates":[[[-3.22207,5.33161],[-3.23633,5.33161],[-3.23633,5.34587],[-3.22207,5.34587],[-3.22207,5.33161]]]},"properties":{"region":"Sud-Comoé","district":"Aboisso","floods_1m":1,"floods_2m":1,"floods_3m":1,"first_flood_m":1,"nests":true,"area_km2":2.503}},{"type":"Feature","geometry":{"type":"Polygon","coordinates":[[[-2.87988,5.16052],[-2.89413,5.16052],[-2.89413,5.17477],[-2.87988,5.17477],[-2.87988,5.16052]]]},"properties":{"region":"Sud-Comoé","district":"Aboisso","floods_1m":1,"floods_2m":1,"floods_3m":1,"first_flood_m":1,"nests":true,"area_km2":2.501}},{"type":"Feature","geometry":{"type":"Polygon","coordinates":[[[-2.85136,5.14626],[-2.86562,5.14626],[-2.86562,5.16052],[-2.85136,5.16052],[-2.85136,5.14626]]]},"properties":{"region":"Sud-Comoé","district":"Aboisso","floods_1m":1,"floods_2m":1,"floods_3m":1,"first_flood_m":1,"nests":true,"area_km2":2.504}},{"type":"Feature","geometry":{"type":"Polygon","coordinates":[[[-2.93691,5.11774],[-2.95117,5.11774],[-2.95117,5.132],[-2.93691,5.132],[-2.93691,5.11774]]]},"properties":{"region":"Sud-Comoé","district":"Aboisso","floods_1m":1,"floods_2m":1,"floods_3m":1,"first_flood_m":1,"nests":true,"area_km2":2.504}},{"type":"Feature","geometry":{"type":"Polygon","coordinates":[[[-3.53574,5.16792],[-3.53903,5.16792],[-3.53903,5.16819],[-3.54403,5.16819],[-3.54403,5.16792],[-3.54458,5.16792],[-3.54458,5.16819],[-3.54597,5.16819],[-3.54597,5.16847],[-3.54736,5.16847],[-3.54736,5.16875],[-3.5479,5.16875],[-3.53621,5.17477],[-3.53574,5.17477],[-3.53574,5.16792]]]},"properties":{"region":"Sud-Comoé","district":"Aboisso","floods_1m":1,"floods_2m":1,"floods_3m":1,"first_flood_m":1,"nests":true,"area_km2":0.556}},{"type":"Feature","geometry":{"type":"Polygon","coordinates":[[[-3.20781,5.23181],[-3.22207,5.23181],[-3.22207,5.24606],[-3.20781,5.24606],[-3.20781,5.23181]]]},"properties":{"region":"Sud-Comoé","district":"Aboisso","floods_1m":1,"floods_2m":1,"floods_3m":1,"first_flood_m":1,"nests":true,"area_km2":2.502}},{"type":"Feature","geometry":{"type":"Polygon","coordinates":[[[-3.36465,5.17477],[-3.37891,5.17477],[-3.37891,5.18903],[-3.36465,5.18903],[-3.36465,5.17477]]]},"properties":{"region":"Sud-Comoé","district":"Aboisso","floods_1m":1,"floods_2m":1,"floods_3m":1,"first_flood_m":1,"nests":true,"area_km2":2.504}},{"type":"Feature","geometry":{"type":"Polygon","coordinates":[[[-3.23633,5.31735],[-3.25058,5.31735],[-3.25058,5.33161],[-3.23633,5.33161],[-3.23633,5.31735]]]},"properties":{"region":"Sud-Comoé","district":"Aboisso","floods_1m":1,"floods_2m":1,"floods_3m":1,"first_flood_m":1,"nests":true,"area_km2":2.502}},{"type":"Feature","geometry":{"type":"Polygon","coordinates":[[[-2.93691,5.08939],[-2.94372,5.09042],[-2.94471,5.08923],[-2.95117,5.08923],[-2.95117,5.10348],[-2.93691,5.10348],[-2.93691,5.08939]]]},"properties":{"region":"Sud-Comoé","district":"Aboisso","floods_1m":1,"floods_2m":1,"floods_3m":1,"first_flood_m":1,"nests":true,"area_km2":2.439}},{"type":"Feature","geometry":{"type":"Polygon","coordinates":[[[-3.17929,5.3031],[-3.18375,5.3031],[-3.19355,5.3031],[-3.19355,5.31735],[-3.18375,5.31735],[-3.17929,5.31735],[-3.17929,5.3031]]]},"properties":{"region":"Sud-Comoé","district":"Aboisso","floods_1m":1,"floods_2m":1,"floods_3m":1,"first_flood_m":1,"nests":true,"area_km2":2.502}},{"type":"Feature","geometry":{"type":"Polygon","coordinates":[[[-3.15078,5.10014],[-3.1518,5.10014],[-3.1518,5.10042],[-3.15319,5.10042],[-3.15319,5.1007],[-3.15458,5.1007],[-3.15458,5.10097],[-3.15569,5.10097],[-3.15569,5.10125],[-3.15708,5.10125],[-3.15708,5.10153],[-3.15847,5.10153],[-3.15847,5.10181],[-3.16014,5.10181],[-3.16014,5.10208],[-3.16208,5.10208],[-3.16208,5.10236],[-3.16375,5.10236],[-3.16375,5.10264],[-3.16486,5.10264],[-3.16486,5.10292],[-3.16504,5.10292],[-3.16504,5.10348],[-3.15078,5.10348],[-3.15078,5.10014]]]},"properties":{"region":"Sud-Comoé","district":"Aboisso","floods_1m":1,"floods_2m":1,"floods_3m":1,"first_flood_m":1,"nests":true,"area_km2":0.351}},{"type":"Feature","geometry":{"type":"Polygon","coordinates":[[[-3.16504,5.11774],[-3.17929,5.11774],[-3.17929,5.132],[-3.16504,5.132],[-3.16504,5.11774]]]},"properties":{"region":"Sud-Comoé","district":"Aboisso","floods_1m":1,"floods_2m":1,"floods_3m":1,"first_flood_m":1,"nests":true,"area_km2":2.502}},{"type":"Feature","geometry":{"type":"Polygon","coordinates":[[[-3.49297,5.18903],[-3.50661,5.18903],[-3.49297,5.19554],[-3.49297,5.18903]]]},"properties":{"region":"Sud-Comoé","district":"Aboisso","floods_1m":0,"floods_2m":0,"floods_3m":1,"first_flood_m":3,"nests":true,"area_km2":0.547}},{"type":"Feature","geometry":{"type":"Polygon","coordinates":[[[-3.19355,5.31735],[-3.20781,5.31735],[-3.20781,5.33161],[-3.19355,5.33161],[-3.19355,5.31735]]]},"properties":{"region":"Sud-Comoé","district":"Aboisso","floods_1m":1,"floods_2m":1,"floods_3m":1,"first_flood_m":1,"nests":true,"area_km2":2.503}},{"type":"Feature","geometry":{"type":"Polygon","coordinates":[[[-3.35039,5.16052],[-3.36465,5.16052],[-3.36465,5.17477],[-3.35039,5.17477],[-3.35039,5.16052]]]},"properties":{"region":"Sud-Comoé","district":"Aboisso","floods_1m":1,"floods_2m":1,"floods_3m":1,"first_flood_m":1,"nests":true,"area_km2":2.502}},{"type":"Feature","geometry":{"type":"Polygon","coordinates":[[[-3.13652,5.14626],[-3.15078,5.14626],[-3.15078,5.16052],[-3.13652,5.16052],[-3.13652,5.14626]]]},"properties":{"region":"Sud-Comoé","district":"Aboisso","floods_1m":1,"floods_2m":1,"floods_3m":1,"first_flood_m":1,"nests":true,"area_km2":2.504}},{"type":"Feature","geometry":{"type":"Polygon","coordinates":[[[-3.19355,5.27458],[-3.20781,5.27458],[-3.20781,5.28884],[-3.19355,5.28884],[-3.19355,5.27458]]]},"properties":{"region":"Sud-Comoé","district":"Aboisso","floods_1m":1,"floods_2m":1,"floods_3m":1,"first_flood_m":1,"nests":true,"area_km2":2.504}},{"type":"Feature","geometry":{"type":"Polygon","coordinates":[[[-3.22207,5.24606],[-3.23633,5.24606],[-3.23633,5.24695],[-3.23633,5.26032],[-3.22207,5.26032],[-3.22207,5.24695],[-3.22207,5.24606]]]},"properties":{"region":"Sud-Comoé","district":"Aboisso","floods_1m":1,"floods_2m":1,"floods_3m":1,"first_flood_m":1,"nests":true,"area_km2":2.504}},{"type":"Feature","geometry":{"type":"Polygon","coordinates":[[[-3.15078,5.36013],[-3.16504,5.36013],[-3.16504,5.37439],[-3.15078,5.37439],[-3.15078,5.36013]]]},"properties":{"region":"Sud-Comoé","district":"Aboisso","floods_1m":1,"floods_2m":1,"floods_3m":1,"first_flood_m":1,"nests":true,"area_km2":2.503}},{"type":"Feature","geometry":{"type":"Polygon","coordinates":[[[-3.39316,5.17477],[-3.40742,5.17477],[-3.40742,5.18903],[-3.39316,5.18903],[-3.39316,5.17477]]]},"properties":{"region":"Sud-Comoé","district":"Aboisso","floods_1m":1,"floods_2m":1,"floods_3m":1,"first_flood_m":1,"nests":true,"area_km2":2.504}},{"type":"Feature","geometry":{"type":"Polygon","coordinates":[[[-3.25058,5.36013],[-3.26484,5.36013],[-3.26484,5.37439],[-3.25058,5.37439],[-3.25058,5.36013]]]},"properties":{"region":"Sud-Comoé","district":"Aboisso","floods_1m":0,"floods_2m":0,"floods_3m":1,"first_flood_m":3,"nests":true,"area_km2":2.503}},{"type":"Feature","geometry":{"type":"Polygon","coordinates":[[[-2.92265,5.132],[-2.93691,5.132],[-2.93691,5.14626],[-2.92265,5.14626],[-2.92265,5.132]]]},"properties":{"region":"Sud-Comoé","district":"Aboisso","floods_1m":1,"floods_2m":1,"floods_3m":1,"first_flood_m":1,"nests":true,"area_km2":2.504}},{"type":"Feature","geometry":{"type":"Polygon","coordinates":[[[-3.20781,5.28884],[-3.22207,5.28884],[-3.22207,5.3031],[-3.20781,5.3031],[-3.20781,5.28884]]]},"properties":{"region":"Sud-Comoé","district":"Aboisso","floods_1m":1,"floods_2m":1,"floods_3m":1,"first_flood_m":1,"nests":true,"area_km2":2.504}},{"type":"Feature","geometry":{"type":"Polygon","coordinates":[[[-3.13652,5.132],[-3.15078,5.132],[-3.15078,5.14626],[-3.13652,5.14626],[-3.13652,5.132]]]},"properties":{"region":"Sud-Comoé","district":"Aboisso","floods_1m":1,"floods_2m":1,"floods_3m":1,"first_flood_m":1,"nests":true,"area_km2":2.504}},{"type":"Feature","geometry":{"type":"Polygon","coordinates":[[[-3.2791,5.33161],[-3.29336,5.33161],[-3.29336,5.34587],[-3.2791,5.34587],[-3.2791,5.33161]]]},"properties":{"region":"Sud-Comoé","district":"Aboisso","floods_1m":1,"floods_2m":1,"floods_3m":1,"first_flood_m":1,"nests":true,"area_km2":2.503}},{"type":"Feature","geometry":{"type":"Polygon","coordinates":[[[-2.85136,5.10703],[-2.85728,5.11161],[-2.86562,5.11613],[-2.86562,5.11774],[-2.85136,5.11774],[-2.85136,5.10703]]]},"properties":{"region":"Sud-Comoé","district":"Aboisso","floods_1m":1,"floods_2m":1,"floods_3m":1,"first_flood_m":1,"nests":true,"area_km2":1.011}},{"type":"Feature","geometry":{"type":"Polygon","coordinates":[[[-3.19355,5.18903],[-3.20781,5.18903],[-3.20781,5.20329],[-3.19355,5.20329],[-3.19355,5.18903]]]},"properties":{"region":"Sud-Comoé","district":"Aboisso","floods_1m":1,"floods_2m":1,"floods_3m":1,"first_flood_m":1,"nests":true,"area_km2":2.504}},{"type":"Feature","geometry":{"type":"Polygon","coordinates":[[[-3.26484,5.37439],[-3.2791,5.37439],[-3.2791,5.38864],[-3.26484,5.38864],[-3.26484,5.37439]]]},"properties":{"region":"Sud-Comoé","district":"Aboisso","floods_1m":0,"floods_2m":1,"floods_3m":1,"first_flood_m":2,"nests":true,"area_km2":2.501}},{"type":"Feature","geometry":{"type":"Polygon","coordinates":[[[-3.4502,5.15625],[-3.45292,5.15625],[-3.45292,5.15653],[-3.45458,5.15653],[-3.45458,5.15681],[-3.45569,5.15681],[-3.45569,5.15708],[-3.45708,5.15708],[-3.45708,5.15736],[-3.45819,5.15736],[-3.45819,5.15764],[-3.45931,5.15764],[-3.45931,5.15792],[-3.46264,5.15792],[-3.46264,5.15819],[-3.46445,5.15819],[-3.46445,5.16052],[-3.4502,5.16052],[-3.4502,5.15625]]]},"properties":{"region":"Sud-Comoé","district":"Aboisso","floods_1m":1,"floods_2m":1,"floods_3m":1,"first_flood_m":1,"nests":true,"area_km2":0.576}},{"type":"Feature","geometry":{"type":"Polygon","coordinates":[[[-2.8371,5.132],[-2.85136,5.132],[-2.85136,5.14626],[-2.8371,5.14626],[-2.8371,5.132]]]},"properties":{"region":"Sud-Comoé","district":"Aboisso","floods_1m":1,"floods_2m":1,"floods_3m":1,"first_flood_m":1,"nests":true,"area_km2":2.504}},{"type":"Feature","geometry":{"type":"Polygon","coordinates":[[[-3.09375,5.132],[-3.108,5.132],[-3.108,5.14626],[-3.09375,5.14626],[-3.09375,5.132]]]},"properties":{"region":"Sud-Comoé","district":"Aboisso","floods_1m":1,"floods_2m":1,"floods_3m":1,"first_flood_m":1,"nests":true,"area_km2":2.502}},{"type":"Feature","geometry":{"type":"Polygon","coordinates":[[[-3.26484,5.36013],[-3.2791,5.36013],[-3.2791,5.37439],[-3.26484,5.37439],[-3.26484,5.36013]]]},"properties":{"region":"Sud-Comoé","district":"Aboisso","floods_1m":1,"floods_2m":1,"floods_3m":1,"first_flood_m":1,"nests":true,"area_km2":2.503}},{"type":"Feature","geometry":{"type":"Polygon","coordinates":[[[-3.25058,5.34587],[-3.26484,5.34587],[-3.26484,5.36013],[-3.25058,5.36013],[-3.25058,5.34587]]]},"properties":{"region":"Sud-Comoé","district":"Aboisso","floods_1m":1,"floods_2m":1,"floods_3m":1,"first_flood_m":1,"nests":true,"area_km2":2.503}},{"type":"Feature","geometry":{"type":"Polygon","coordinates":[[[-3.33613,5.16052],[-3.35039,5.16052],[-3.35039,5.17477],[-3.33613,5.17477],[-3.33613,5.16052]]]},"properties":{"region":"Sud-Comoé","district":"Aboisso","floods_1m":1,"floods_2m":1,"floods_3m":1,"first_flood_m":1,"nests":true,"area_km2":2.502}},{"type":"Feature","geometry":{"type":"Polygon","coordinates":[[[-3.15078,5.17477],[-3.16504,5.17477],[-3.16504,5.18903],[-3.15078,5.18903],[-3.15078,5.17477]]]},"properties":{"region":"Sud-Comoé","district":"Aboisso","floods_1m":1,"floods_2m":1,"floods_3m":1,"first_flood_m":1,"nests":true,"area_km2":2.504}},{"type":"Feature","geometry":{"type":"Polygon","coordinates":[[[-3.4502,5.17477],[-3.46445,5.17477],[-3.46445,5.18903],[-3.4502,5.18903],[-3.4502,5.17477]]]},"properties":{"region":"Sud-Comoé","district":"Aboisso","floods_1m":1,"floods_2m":1,"floods_3m":1,"first_flood_m":1,"nests":true,"area_km2":2.502}},{"type":"Feature","geometry":{"type":"Polygon","coordinates":[[[-3.22207,5.23181],[-3.23633,5.23181],[-3.23633,5.24606],[-3.22207,5.24606],[-3.22207,5.23181]]]},"properties":{"region":"Sud-Comoé","district":"Aboisso","floods_1m":1,"floods_2m":1,"floods_3m":1,"first_flood_m":1,"nests":true,"area_km2":2.502}},{"type":"Feature","geometry":{"type":"Polygon","coordinates":[[[-3.25058,5.21755],[-3.26484,5.21755],[-3.26484,5.23181],[-3.25058,5.23181],[-3.25058,5.21755]]]},"properties":{"region":"Sud-Comoé","district":"Aboisso","floods_1m":1,"floods_2m":1,"floods_3m":1,"first_flood_m":1,"nests":true,"area_km2":2.504}},{"type":"Feature","geometry":{"type":"Polygon","coordinates":[[[-3.2791,5.28884],[-3.29336,5.28884],[-3.29336,5.3031],[-3.2791,5.3031],[-3.2791,5.28884]]]},"properties":{"region":"Sud-Comoé","district":"Aboisso","floods_1m":1,"floods_2m":1,"floods_3m":1,"first_flood_m":1,"nests":true,"area_km2":2.504}},{"type":"Feature","geometry":{"type":"Polygon","coordinates":[[[-3.30762,5.132],[-3.31208,5.132],[-3.31208,5.13208],[-3.31347,5.13208],[-3.31347,5.13236],[-3.31542,5.13236],[-3.31542,5.13264],[-3.31653,5.13264],[-3.31653,5.13292],[-3.31764,5.13292],[-3.31764,5.13319],[-3.3193,5.13319],[-3.3193,5.13347],[-3.32125,5.13347],[-3.32125,5.13375],[-3.32187,5.13375],[-3.32187,5.14626],[-3.30762,5.14626],[-3.30762,5.132]]]},"properties":{"region":"Sud-Comoé","district":"Aboisso","floods_1m":1,"floods_2m":1,"floods_3m":1,"first_flood_m":1,"nests":true,"area_km2":2.398}},{"type":"Feature","geometry":{"type":"Polygon","coordinates":[[[-3.12226,5.09403],[-3.12403,5.09403],[-3.12403,5.09431],[-3.12514,5.09431],[-3.12514,5.09458],[-3.12597,5.09458],[-3.12597,5.09486],[-3.12708,5.09486],[-3.12708,5.09514],[-3.12792,5.09514],[-3.12792,5.09542],[-3.12903,5.09542],[-3.12903,5.0957],[-3.13014,5.0957],[-3.13014,5.09597],[-3.13097,5.09597],[-3.13097,5.09625],[-3.13208,5.09625],[-3.13208,5.09653],[-3.13514,5.09653],[-3.13514,5.09681],[-3.13625,5.09681],[-3.13625,5.09708],[-3.13652,5.09708],[-3.13652,5.10348],[-3.12226,5.10348],[-3.12226,5.09403]]]},"properties":{"region":"Sud-Comoé","district":"Aboisso","floods_1m":1,"floods_2m":1,"floods_3m":1,"first_flood_m":1,"nests":true,"area_km2":1.393}},{"type":"Feature","geometry":{"type":"Polygon","coordinates":[[[-3.46445,5.15819],[-3.46486,5.15819],[-3.46486,5.15847],[-3.46681,5.15847],[-3.46681,5.15875],[-3.46819,5.15875],[-3.46819,5.15903],[-3.46958,5.15903],[-3.46958,5.15931],[-3.47097,5.15931],[-3.47097,5.15958],[-3.47208,5.15958],[-3.47208,5.15986],[-3.47347,5.15986],[-3.47347,5.16014],[-3.47486,5.16014],[-3.47486,5.16042],[-3.47625,5.16042],[-3.47625,5.16052],[-3.46445,5.16052],[-3.46445,5.15819]]]},"properties":{"region":"Sud-Comoé","district":"Aboisso","floods_1m":1,"floods_2m":1,"floods_3m":1,"first_flood_m":1,"nests":true,"area_km2":0.17}},{"type":"Feature","geometry":{"type":"Polygon","coordinates":[[[-3.2791,5.20329],[-3.29336,5.20329],[-3.29336,5.21755],[-3.2791,5.21755],[-3.2791,5.20329]]]},"properties":{"region":"Sud-Comoé","district":"Aboisso","floods_1m":1,"floods_2m":1,"floods_3m":1,"first_flood_m":1,"nests":true,"area_km2":2.504}},{"type":"Feature","geometry":{"type":"Polygon","coordinates":[[[-3.25058,5.132],[-3.26484,5.132],[-3.26484,5.14626],[-3.25058,5.14626],[-3.25058,5.132]]]},"properties":{"region":"Sud-Comoé","district":"Aboisso","floods_1m":1,"floods_2m":1,"floods_3m":1,"first_flood_m":1,"nests":true,"area_km2":2.504}},{"type":"Feature","geometry":{"type":"Polygon","coordinates":[[[-3.17929,5.10597],[-3.17958,5.10597],[-3.17958,5.10625],[-3.18097,5.10625],[-3.18097,5.10653],[-3.18208,5.10653],[-3.18208,5.10681],[-3.18347,5.10681],[-3.18347,5.10708],[-3.18375,5.10708],[-3.18458,5.10708],[-3.18458,5.10736],[-3.18764,5.10736],[-3.18764,5.10764],[-3.18875,5.10764],[-3.18875,5.10792],[-3.18986,5.10792],[-3.18986,5.10819],[-3.19097,5.10819],[-3.19097,5.10847],[-3.19208,5.10847],[-3.19208,5.10875],[-3.19319,5.10875],[-3.19319,5.10903],[-3.19355,5.10903],[-3.19355,5.11774],[-3.18375,5.11774],[-3.17929,5.11774],[-3.17929,5.10597]]]},"properties":{"region":"Sud-Comoé","district":"Aboisso","floods_1m":1,"floods_2m":1,"floods_3m":1,"first_flood_m":1,"nests":true,"area_km2":1.807}},{"type":"Feature","geometry":{"type":"Polygon","coordinates":[[[-2.92265,5.16052],[-2.93691,5.16052],[-2.93691,5.17477],[-2.92265,5.17477],[-2.92265,5.16052]]]},"properties":{"region":"Sud-Comoé","district":"Aboisso","floods_1m":1,"floods_2m":1,"floods_3m":1,"first_flood_m":1,"nests":true,"area_km2":2.502}},{"type":"Feature","geometry":{"type":"Polygon","coordinates":[[[-2.89413,5.17477],[-2.90839,5.17477],[-2.90839,5.18903],[-2.89413,5.18903],[-2.89413,5.17477]]]},"properties":{"region":"Sud-Comoé","district":"Aboisso","floods_1m":1,"floods_2m":1,"floods_3m":1,"first_flood_m":1,"nests":true,"area_km2":2.504}},{"type":"Feature","geometry":{"type":"Polygon","coordinates":[[[-2.8371,5.14626],[-2.85136,5.14626],[-2.85136,5.16052],[-2.8371,5.16052],[-2.8371,5.14626]]]},"properties":{"region":"Sud-Comoé","district":"Aboisso","floods_1m":1,"floods_2m":1,"floods_3m":1,"first_flood_m":1,"nests":true,"area_km2":2.504}},{"type":"Feature","geometry":{"type":"Polygon","coordinates":[[[-3.17929,5.16052],[-3.18375,5.16052],[-3.19355,5.16052],[-3.19355,5.17477],[-3.18375,5.17477],[-3.17929,5.17477],[-3.17929,5.16052]]]},"properties":{"region":"Sud-Comoé","district":"Aboisso","floods_1m":1,"floods_2m":1,"floods_3m":1,"first_flood_m":1,"nests":true,"area_km2":2.502}},{"type":"Feature","geometry":{"type":"Polygon","coordinates":[[[-2.95117,5.17477],[-2.96542,5.17477],[-2.96542,5.18903],[-2.95117,5.18903],[-2.95117,5.17477]]]},"properties":{"region":"Sud-Comoé","district":"Aboisso","floods_1m":1,"floods_2m":1,"floods_3m":1,"first_flood_m":1,"nests":true,"area_km2":2.502}},{"type":"Feature","geometry":{"type":"Polygon","coordinates":[[[-3.16504,5.16052],[-3.17929,5.16052],[-3.17929,5.17477],[-3.16504,5.17477],[-3.16504,5.16052]]]},"properties":{"region":"Sud-Comoé","district":"Aboisso","floods_1m":1,"floods_2m":1,"floods_3m":1,"first_flood_m":1,"nests":true,"area_km2":2.501}},{"type":"Feature","geometry":{"type":"Polygon","coordinates":[[[-3.25058,5.18903],[-3.26484,5.18903],[-3.26484,5.20329],[-3.25058,5.20329],[-3.25058,5.18903]]]},"properties":{"region":"Sud-Comoé","district":"Aboisso","floods_1m":1,"floods_2m":1,"floods_3m":1,"first_flood_m":1,"nests":true,"area_km2":2.504}},{"type":"Feature","geometry":{"type":"Polygon","coordinates":[[[-3.46445,5.16052],[-3.47625,5.16052],[-3.47625,5.16069],[-3.47819,5.16069],[-3.47819,5.16097],[-3.47871,5.16097],[-3.47871,5.17477],[-3.46445,5.17477],[-3.46445,5.16052]]]},"properties":{"region":"Sud-Comoé","district":"Aboisso","floods_1m":1,"floods_2m":1,"floods_3m":1,"first_flood_m":1,"nests":true,"area_km2":2.495}},{"type":"Feature","geometry":{"type":"Polygon","coordinates":[[[-3.22207,5.27458],[-3.23633,5.27458],[-3.23633,5.28884],[-3.22207,5.28884],[-3.22207,5.27458]]]},"properties":{"region":"Sud-Comoé","district":"Aboisso","floods_1m":1,"floods_2m":1,"floods_3m":1,"first_flood_m":1,"nests":true,"area_km2":2.504}},{"type":"Feature","geometry":{"type":"Polygon","coordinates":[[[-3.25058,5.12014],[-3.25264,5.12014],[-3.25264,5.12042],[-3.2543,5.12042],[-3.2543,5.1207],[-3.2557,5.1207],[-3.2557,5.12097],[-3.25875,5.12097],[-3.25875,5.12125],[-3.26014,5.12125],[-3.26014,5.12153],[-3.26153,5.12153],[-3.26153,5.12181],[-3.26292,5.12181],[-3.26292,5.12208],[-3.2632,5.12208],[-3.2632,5.12236],[-3.26347,5.12236],[-3.26347,5.12264],[-3.26484,5.12264],[-3.26484,5.132],[-3.25058,5.132],[-3.25058,5.12014]]]},"properties":{"region":"Sud-Comoé","district":"Aboisso","floods_1m":1,"floods_2m":1,"floods_3m":1,"first_flood_m":1,"nests":true,"area_km2":1.909}},{"type":"Feature","geometry":{"type":"Polygon","coordinates":[[[-2.86562,5.14626],[-2.87988,5.14626],[-2.87988,5.16052],[-2.86562,5.16052],[-2.86562,5.14626]]]},"properties":{"region":"Sud-Comoé","district":"Aboisso","floods_1m":1,"floods_2m":1,"floods_3m":1,"first_flood_m":1,"nests":true,"area_km2":2.504}},{"type":"Feature","geometry":{"type":"Polygon","coordinates":[[[-3.22207,5.11774],[-3.23633,5.11774],[-3.23633,5.132],[-3.22207,5.132],[-3.22207,5.11774]]]},"properties":{"region":"Sud-Comoé","district":"Aboisso","floods_1m":1,"floods_2m":1,"floods_3m":1,"first_flood_m":1,"nests":true,"area_km2":2.504}},{"type":"Feature","geometry":{"type":"Polygon","coordinates":[[[-3.16504,5.10348],[-3.16819,5.10348],[-3.16819,5.10375],[-3.16931,5.10375],[-3.16931,5.10403],[-3.17097,5.10403],[-3.17097,5.10431],[-3.17236,5.10431],[-3.17236,5.10458],[-3.17264,5.10458],[-3.17264,5.10514],[-3.1743,5.10514],[-3.1743,5.10486],[-3.17569,5.10486],[-3.17569,5.10514],[-3.17653,5.10514],[-3.17653,5.10542],[-3.17764,5.10542],[-3.17764,5.10569],[-3.17847,5.10569],[-3.17847,5.10597],[-3.17929,5.10597],[-3.17929,5.11774],[-3.16504,5.11774],[-3.16504,5.10348]]]},"properties":{"region":"Sud-Comoé","district":"Aboisso","floods_1m":1,"floods_2m":1,"floods_3m":1,"first_flood_m":1,"nests":true,"area_km2":2.321}},{"type":"Feature","geometry":{"type":"Polygon","coordinates":[[[-3.39316,5.16052],[-3.40742,5.16052],[-3.40742,5.17477],[-3.39316,5.17477],[-3.39316,5.16052]]]},"properties":{"region":"Sud-Comoé","district":"Aboisso","floods_1m":1,"floods_2m":1,"floods_3m":1,"first_flood_m":1,"nests":true,"area_km2":2.502}},{"type":"Feature","geometry":{"type":"Polygon","coordinates":[[[-2.89413,5.132],[-2.90839,5.132],[-2.90839,5.14626],[-2.89413,5.14626],[-2.89413,5.132]]]},"properties":{"region":"Sud-Comoé","district":"Aboisso","floods_1m":1,"floods_2m":1,"floods_3m":1,"first_flood_m":1,"nests":true,"area_km2":2.504}},{"type":"Feature","geometry":{"type":"Polygon","coordinates":[[[-2.96542,5.10348],[-2.97968,5.10348],[-2.97968,5.11774],[-2.96542,5.11774],[-2.96542,5.10348]]]},"properties":{"region":"Sud-Comoé","district":"Aboisso","floods_1m":1,"floods_2m":1,"floods_3m":1,"first_flood_m":1,"nests":true,"area_km2":2.504}},{"type":"Feature","geometry":{"type":"Polygon","coordinates":[[[-3.2791,5.21755],[-3.29336,5.21755],[-3.29336,5.23181],[-3.2791,5.23181],[-3.2791,5.21755]]]},"properties":{"region":"Sud-Comoé","district":"Aboisso","floods_1m":1,"floods_2m":1,"floods_3m":1,"first_flood_m":1,"nests":true,"area_km2":2.504}},{"type":"Feature","geometry":{"type":"Polygon","coordinates":[[[-2.7373,5.12924],[-2.74046,5.12477],[-2.7406,5.11774],[-2.75155,5.11774],[-2.75155,5.132],[-2.7373,5.132],[-2.7373,5.12924]]]},"properties":{"region":"Sud-Comoé","district":"Aboisso","floods_1m":0,"floods_2m":0,"floods_3m":1,"first_flood_m":3,"nests":true,"area_km2":2.136}},{"type":"Feature","geometry":{"type":"Polygon","coordinates":[[[-3.25058,5.20329],[-3.26484,5.20329],[-3.26484,5.21755],[-3.25058,5.21755],[-3.25058,5.20329]]]},"properties":{"region":"Sud-Comoé","district":"Aboisso","floods_1m":1,"floods_2m":1,"floods_3m":1,"first_flood_m":1,"nests":true,"area_km2":2.504}},{"type":"Feature","geometry":{"type":"Polygon","coordinates":[[[-2.95117,5.132],[-2.96542,5.132],[-2.96542,5.14626],[-2.95117,5.14626],[-2.95117,5.132]]]},"properties":{"region":"Sud-Comoé","district":"Aboisso","floods_1m":1,"floods_2m":1,"floods_3m":1,"first_flood_m":1,"nests":true,"area_km2":2.502}},{"type":"Feature","geometry":{"type":"Polygon","coordinates":[[[-3.12226,5.14626],[-3.13652,5.14626],[-3.13652,5.16052],[-3.12226,5.16052],[-3.12226,5.14626]]]},"properties":{"region":"Sud-Comoé","district":"Aboisso","floods_1m":1,"floods_2m":1,"floods_3m":1,"first_flood_m":1,"nests":true,"area_km2":2.504}},{"type":"Feature","geometry":{"type":"Polygon","coordinates":[[[-3.17929,5.26032],[-3.18375,5.26032],[-3.19355,5.26032],[-3.19355,5.27458],[-3.18375,5.27458],[-3.17929,5.27458],[-3.17929,5.26032]]]},"properties":{"region":"Sud-Comoé","district":"Aboisso","floods_1m":1,"floods_2m":1,"floods_3m":1,"first_flood_m":1,"nests":true,"area_km2":2.504}},{"type":"Feature","geometry":{"type":"Polygon","coordinates":[[[-3.20781,5.34587],[-3.22207,5.34587],[-3.22207,5.36013],[-3.20781,5.36013],[-3.20781,5.34587]]]},"properties":{"region":"Sud-Comoé","district":"Aboisso","floods_1m":1,"floods_2m":1,"floods_3m":1,"first_flood_m":1,"nests":true,"area_km2":2.503}},{"type":"Feature","geometry":{"type":"Polygon","coordinates":[[[-3.23633,5.23181],[-3.25058,5.23181],[-3.25058,5.24606],[-3.23633,5.24606],[-3.23633,5.23181]]]},"properties":{"region":"Sud-Comoé","district":"Aboisso","floods_1m":1,"floods_2m":1,"floods_3m":1,"first_flood_m":1,"nests":true,"area_km2":2.5}},{"type":"Feature","geometry":{"type":"Polygon","coordinates":[[[-3.32187,5.13375],[-3.32292,5.13375],[-3.32292,5.13403],[-3.32458,5.13403],[-3.32458,5.13431],[-3.32597,5.13431],[-3.32597,5.13458],[-3.32736,5.13458],[-3.32736,5.13486],[-3.32847,5.13486],[-3.32847,5.13514],[-3.32986,5.13514],[-3.32986,5.13542],[-3.33125,5.13542],[-3.33125,5.13569],[-3.33264,5.13569],[-3.33264,5.13597],[-3.33375,5.13597],[-3.33375,5.13625],[-3.33514,5.13625],[-3.33514,5.13653],[-3.33613,5.13653],[-3.33613,5.14626],[-3.32187,5.14626],[-3.32187,5.13375]]]},"properties":{"region":"Sud-Comoé","district":"Aboisso","floods_1m":1,"floods_2m":1,"floods_3m":1,"first_flood_m":1,"nests":true,"area_km2":1.96}},{"type":"Feature","geometry":{"type":"Polygon","coordinates":[[[-3.2791,5.18903],[-3.29336,5.18903],[-3.29336,5.20329],[-3.2791,5.20329],[-3.2791,5.18903]]]},"properties":{"region":"Sud-Comoé","district":"Aboisso","floods_1m":1,"floods_2m":1,"floods_3m":1,"first_flood_m":1,"nests":true,"area_km2":2.504}},{"type":"Feature","geometry":{"type":"Polygon","coordinates":[[[-2.90839,5.11774],[-2.92265,5.11774],[-2.92265,5.132],[-2.90839,5.132],[-2.90839,5.11774]]]},"properties":{"region":"Sud-Comoé","district":"Aboisso","floods_1m":1,"floods_2m":1,"floods_3m":1,"first_flood_m":1,"nests":true,"area_km2":2.504}},{"type":"Feature","geometry":{"type":"Polygon","coordinates":[[[-3.40742,5.17477],[-3.42168,5.17477],[-3.42168,5.18903],[-3.40742,5.18903],[-3.40742,5.17477]]]},"properties":{"region":"Sud-Comoé","district":"Aboisso","floods_1m":0,"floods_2m":1,"floods_3m":1,"first_flood_m":2,"nests":true,"area_km2":2.504}},{"type":"Feature","geometry":{"type":"Polygon","coordinates":[[[-3.17929,5.36013],[-3.18375,5.36013],[-3.19355,5.36013],[-3.19355,5.37439],[-3.18375,5.37439],[-3.17929,5.37439],[-3.17929,5.36013]]]},"properties":{"region":"Sud-Comoé","district":"Aboisso","floods_1m":1,"floods_2m":1,"floods_3m":1,"first_flood_m":1,"nests":true,"area_km2":2.503}},{"type":"Feature","geometry":{"type":"Polygon","coordinates":[[[-3.2791,5.34587],[-3.29336,5.34587],[-3.29336,5.36013],[-3.2791,5.36013],[-3.2791,5.34587]]]},"properties":{"region":"Sud-Comoé","district":"Aboisso","floods_1m":1,"floods_2m":1,"floods_3m":1,"first_flood_m":1,"nests":true,"area_km2":2.503}},{"type":"Feature","geometry":{"type":"Polygon","coordinates":[[[-3.26484,5.18903],[-3.2791,5.18903],[-3.2791,5.20329],[-3.26484,5.20329],[-3.26484,5.18903]]]},"properties":{"region":"Sud-Comoé","district":"Aboisso","floods_1m":1,"floods_2m":1,"floods_3m":1,"first_flood_m":1,"nests":true,"area_km2":2.504}},{"type":"Feature","geometry":{"type":"Polygon","coordinates":[[[-3.26484,5.14626],[-3.2791,5.14626],[-3.2791,5.16052],[-3.26484,5.16052],[-3.26484,5.14626]]]},"properties":{"region":"Sud-Comoé","district":"Aboisso","floods_1m":1,"floods_2m":1,"floods_3m":1,"first_flood_m":1,"nests":true,"area_km2":2.504}},{"type":"Feature","geometry":{"type":"Polygon","coordinates":[[[-3.2791,5.14626],[-3.29336,5.14626],[-3.29336,5.16052],[-3.2791,5.16052],[-3.2791,5.14626]]]},"properties":{"region":"Sud-Comoé","district":"Aboisso","floods_1m":1,"floods_2m":1,"floods_3m":1,"first_flood_m":1,"nests":true,"area_km2":2.504}},{"type":"Feature","geometry":{"type":"Polygon","coordinates":[[[-3.13652,5.33161],[-3.15078,5.33161],[-3.15078,5.34587],[-3.13652,5.34587],[-3.13652,5.33161]]]},"properties":{"region":"Sud-Comoé","district":"Aboisso","floods_1m":1,"floods_2m":1,"floods_3m":1,"first_flood_m":1,"nests":true,"area_km2":2.503}},{"type":"Feature","geometry":{"type":"Polygon","coordinates":[[[-3.23633,5.26032],[-3.25058,5.26032],[-3.25058,5.27458],[-3.23633,5.27458],[-3.23633,5.26032]]]},"properties":{"region":"Sud-Comoé","district":"Aboisso","floods_1m":1,"floods_2m":1,"floods_3m":1,"first_flood_m":1,"nests":true,"area_km2":2.502}},{"type":"Feature","geometry":{"type":"Polygon","coordinates":[[[-3.17929,5.11774],[-3.18375,5.11774],[-3.19355,5.11774],[-3.19355,5.132],[-3.18375,5.132],[-3.17929,5.132],[-3.17929,5.11774]]]},"properties":{"region":"Sud-Comoé","district":"Aboisso","floods_1m":1,"floods_2m":1,"floods_3m":1,"first_flood_m":1,"nests":true,"area_km2":2.504}},{"type":"Feature","geometry":{"type":"Polygon","coordinates":[[[-3.108,5.10996],[-3.11151,5.11073],[-3.11117,5.10348],[-3.12226,5.10348],[-3.12226,5.11774],[-3.108,5.11774],[-3.108,5.10996]]]},"properties":{"region":"Sud-Comoé","district":"Aboisso","floods_1m":1,"floods_2m":1,"floods_3m":1,"first_flood_m":1,"nests":true,"area_km2":2.223}},{"type":"Feature","geometry":{"type":"Polygon","coordinates":[[[-2.97968,5.10348],[-2.99394,5.10348],[-2.99394,5.11774],[-2.97968,5.11774],[-2.97968,5.10348]]]},"properties":{"region":"Sud-Comoé","district":"Aboisso","floods_1m":1,"floods_2m":1,"floods_3m":1,"first_flood_m":1,"nests":true,"area_km2":2.504}},{"type":"Feature","geometry":{"type":"Polygon","coordinates":[[[-2.96542,5.11774],[-2.97968,5.11774],[-2.97968,5.132],[-2.96542,5.132],[-2.96542,5.11774]]]},"properties":{"region":"Sud-Comoé","district":"Aboisso","floods_1m":1,"floods_2m":1,"floods_3m":1,"first_flood_m":1,"nests":true,"area_km2":2.504}},{"type":"Feature","geometry":{"type":"Polygon","coordinates":[[[-3.36465,5.18903],[-3.37891,5.18903],[-3.37891,5.19106],[-3.37495,5.20329],[-3.36465,5.20329],[-3.36465,5.18903]]]},"properties":{"region":"Sud-Comoé","district":"Aboisso","floods_1m":0,"floods_2m":1,"floods_3m":1,"first_flood_m":2,"nests":true,"area_km2":2.206}},{"type":"Feature","geometry":{"type":"Polygon","coordinates":[[[-3.32187,5.14626],[-3.33613,5.14626],[-3.33613,5.16052],[-3.32187,5.16052],[-3.32187,5.14626]]]},"properties":{"region":"Sud-Comoé","district":"Aboisso","floods_1m":1,"floods_2m":1,"floods_3m":1,"first_flood_m":1,"nests":true,"area_km2":2.504}},{"type":"Feature","geometry":{"type":"Polygon","coordinates":[[[-3.25058,5.3031],[-3.26484,5.3031],[-3.26484,5.31735],[-3.25058,5.31735],[-3.25058,5.3031]]]},"properties":{"region":"Sud-Comoé","district":"Aboisso","floods_1m":1,"floods_2m":1,"floods_3m":1,"first_flood_m":1,"nests":true,"area_km2":2.502}},{"type":"Feature","geometry":{"type":"Polygon","coordinates":[[[-3.13652,5.16052],[-3.15078,5.16052],[-3.15078,5.17477],[-3.13652,5.17477],[-3.13652,5.16052]]]},"properties":{"region":"Sud-Comoé","district":"Aboisso","floods_1m":1,"floods_2m":1,"floods_3m":1,"first_flood_m":1,"nests":true,"area_km2":2.502}},{"type":"Feature","geometry":{"type":"Polygon","coordinates":[[[-3.06523,5.11774],[-3.07949,5.11774],[-3.07949,5.132],[-3.06523,5.132],[-3.06523,5.11774]]]},"properties":{"region":"Sud-Comoé","district":"Aboisso","floods_1m":1,"floods_2m":1,"floods_3m":1,"first_flood_m":1,"nests":true,"area_km2":2.504}},{"type":"Feature","geometry":{"type":"Polygon","coordinates":[[[-3.22207,5.18903],[-3.23633,5.18903],[-3.23633,5.20329],[-3.22207,5.20329],[-3.22207,5.18903]]]},"properties":{"region":"Sud-Comoé","district":"Aboisso","floods_1m":1,"floods_2m":1,"floods_3m":1,"first_flood_m":1,"nests":true,"area_km2":2.504}},{"type":"Feature","geometry":{"type":"Polygon","coordinates":[[[-3.29336,5.20329],[-3.30762,5.20329],[-3.30762,5.21755],[-3.29336,5.21755],[-3.29336,5.20329]]]},"properties":{"region":"Sud-Comoé","district":"Aboisso","floods_1m":1,"floods_2m":1,"floods_3m":1,"first_flood_m":1,"nests":true,"area_km2":2.504}},{"type":"Feature","geometry":{"type":"Polygon","coordinates":[[[-3.30762,5.20329],[-3.32187,5.20329],[-3.32187,5.21755],[-3.30762,5.21755],[-3.30762,5.20329]]]},"properties":{"region":"Sud-Comoé","district":"Aboisso","floods_1m":1,"floods_2m":1,"floods_3m":1,"first_flood_m":1,"nests":true,"area_km2":2.502}},{"type":"Feature","geometry":{"type":"Polygon","coordinates":[[[-3.17929,5.24606],[-3.18375,5.24606],[-3.19355,5.24606],[-3.19355,5.24695],[-3.19355,5.26032],[-3.18375,5.26032],[-3.17929,5.26032],[-3.17929,5.24606]]]},"properties":{"region":"Sud-Comoé","district":"Aboisso","floods_1m":1,"floods_2m":1,"floods_3m":1,"first_flood_m":1,"nests":true,"area_km2":2.504}},{"type":"Feature","geometry":{"type":"Polygon","coordinates":[[[-3.17929,5.31735],[-3.18375,5.31735],[-3.19355,5.31735],[-3.19355,5.33161],[-3.18375,5.33161],[-3.17929,5.33161],[-3.17929,5.31735]]]},"properties":{"region":"Sud-Comoé","district":"Aboisso","floods_1m":1,"floods_2m":1,"floods_3m":1,"first_flood_m":1,"nests":true,"area_km2":2.503}},{"type":"Feature","geometry":{"type":"Polygon","coordinates":[[[-3.07949,5.1059],[-3.09375,5.11009],[-3.09375,5.11774],[-3.07949,5.11774],[-3.07949,5.1059]]]},"properties":{"region":"Sud-Comoé","district":"Aboisso","floods_1m":1,"floods_2m":1,"floods_3m":1,"first_flood_m":1,"nests":true,"area_km2":1.711}},{"type":"Feature","geometry":{"type":"Polygon","coordinates":[[[-3.26484,5.24606],[-3.2791,5.24606],[-3.2791,5.24695],[-3.2791,5.26032],[-3.26484,5.26032],[-3.26484,5.24695],[-3.26484,5.24606]]]},"properties":{"region":"Sud-Comoé","district":"Aboisso","floods_1m":1,"floods_2m":1,"floods_3m":1,"first_flood_m":1,"nests":true,"area_km2":2.504}},{"type":"Feature","geometry":{"type":"Polygon","coordinates":[[[-3.15078,5.11774],[-3.16504,5.11774],[-3.16504,5.132],[-3.15078,5.132],[-3.15078,5.11774]]]},"properties":{"region":"Sud-Comoé","district":"Aboisso","floods_1m":1,"floods_2m":1,"floods_3m":1,"first_flood_m":1,"nests":true,"area_km2":2.504}},{"type":"Feature","geometry":{"type":"Polygon","coordinates":[[[-3.30762,5.13097],[-3.30847,5.13097],[-3.30847,5.13125],[-3.30958,5.13125],[-3.30958,5.13153],[-3.31097,5.13153],[-3.31097,5.13181],[-3.31208,5.13181],[-3.31208,5.132],[-3.30762,5.132],[-3.30762,5.13097]]]},"properties":{"region":"Sud-Comoé","district":"Aboisso","floods_1m":1,"floods_2m":1,"floods_3m":1,"first_flood_m":1,"nests":true,"area_km2":0.032}},{"type":"Feature","geometry":{"type":"Polygon","coordinates":[[[-3.13652,5.36013],[-3.15078,5.36013],[-3.15078,5.37439],[-3.13652,5.37439],[-3.13652,5.36013]]]},"properties":{"region":"Sud-Comoé","district":"Aboisso","floods_1m":1,"floods_2m":1,"floods_3m":1,"first_flood_m":1,"nests":true,"area_km2":2.503}},{"type":"Feature","geometry":{"type":"Polygon","coordinates":[[[-3.23633,5.34587],[-3.25058,5.34587],[-3.25058,5.36013],[-3.23633,5.36013],[-3.23633,5.34587]]]},"properties":{"region":"Sud-Comoé","district":"Aboisso","floods_1m":1,"floods_2m":1,"floods_3m":1,"first_flood_m":1,"nests":true,"area_km2":2.502}},{"type":"Feature","geometry":{"type":"Polygon","coordinates":[[[-2.92265,5.11774],[-2.93691,5.11774],[-2.93691,5.132],[-2.92265,5.132],[-2.92265,5.11774]]]},"properties":{"region":"Sud-Comoé","district":"Aboisso","floods_1m":1,"floods_2m":1,"floods_3m":1,"first_flood_m":1,"nests":true,"area_km2":2.504}},{"type":"Feature","geometry":{"type":"Polygon","coordinates":[[[-3.16504,5.27458],[-3.17929,5.27458],[-3.17929,5.28884],[-3.16504,5.28884],[-3.16504,5.27458]]]},"properties":{"region":"Sud-Comoé","district":"Aboisso","floods_1m":1,"floods_2m":1,"floods_3m":1,"first_flood_m":1,"nests":true,"area_km2":2.502}},{"type":"Feature","geometry":{"type":"Polygon","coordinates":[[[-2.76581,5.10584],[-2.76977,5.10987],[-2.78007,5.11116],[-2.78007,5.11774],[-2.76581,5.11774],[-2.76581,5.10584]]]},"properties":{"region":"Sud-Comoé","district":"Aboisso","floods_1m":0,"floods_2m":1,"floods_3m":1,"first_flood_m":2,"nests":true,"area_km2":1.399}},{"type":"Feature","geometry":{"type":"Polygon","coordinates":[[[-3.17929,5.17477],[-3.18375,5.17477],[-3.19355,5.17477],[-3.19355,5.18903],[-3.18375,5.18903],[-3.17929,5.18903],[-3.17929,5.17477]]]},"properties":{"region":"Sud-Comoé","district":"Aboisso","floods_1m":1,"floods_2m":1,"floods_3m":1,"first_flood_m":1,"nests":true,"area_km2":2.504}},{"type":"Feature","geometry":{"type":"Polygon","coordinates":[[[-2.86562,5.16052],[-2.87988,5.16052],[-2.87988,5.17477],[-2.86562,5.17477],[-2.86562,5.16052]]]},"properties":{"region":"Sud-Comoé","district":"Aboisso","floods_1m":1,"floods_2m":1,"floods_3m":1,"first_flood_m":1,"nests":true,"area_km2":2.502}},{"type":"Feature","geometry":{"type":"Polygon","coordinates":[[[-3.19355,5.26032],[-3.20781,5.26032],[-3.20781,5.27458],[-3.19355,5.27458],[-3.19355,5.26032]]]},"properties":{"region":"Sud-Comoé","district":"Aboisso","floods_1m":1,"floods_2m":1,"floods_3m":1,"first_flood_m":1,"nests":true,"area_km2":2.504}},{"type":"Feature","geometry":{"type":"Polygon","coordinates":[[[-3.35039,5.18903],[-3.36465,5.18903],[-3.36465,5.20329],[-3.35039,5.20329],[-3.35039,5.18903]]]},"properties":{"region":"Sud-Comoé","district":"Aboisso","floods_1m":1,"floods_2m":1,"floods_3m":1,"first_flood_m":1,"nests":true,"area_km2":2.504}},{"type":"Feature","geometry":{"type":"Polygon","coordinates":[[[-2.90839,5.11561],[-2.92077,5.11371],[-2.92265,5.11228],[-2.92265,5.11774],[-2.90839,5.11774],[-2.90839,5.11561]]]},"properties":{"region":"Sud-Comoé","district":"Aboisso","floods_1m":1,"floods_2m":1,"floods_3m":1,"first_flood_m":1,"nests":true,"area_km2":0.579}},{"type":"Feature","geometry":{"type":"Polygon","coordinates":[[[-3.49297,5.16292],[-3.49514,5.16292],[-3.49514,5.16319],[-3.49736,5.16319],[-3.49736,5.16347],[-3.49958,5.16347],[-3.49958,5.16375],[-3.50069,5.16375],[-3.50069,5.16403],[-3.50153,5.16403],[-3.50153,5.16431],[-3.5043,5.16431],[-3.5043,5.16458],[-3.50486,5.16458],[-3.50486,5.16486],[-3.50723,5.16486],[-3.50723,5.17477],[-3.49297,5.17477],[-3.49297,5.16292]]]},"properties":{"region":"Sud-Comoé","district":"Aboisso","floods_1m":1,"floods_2m":1,"floods_3m":1,"first_flood_m":1,"nests":true,"area_km2":1.92}},{"type":"Feature","geometry":{"type":"Polygon","coordinates":[[[-3.20781,5.11153],[-3.20847,5.11153],[-3.20847,5.11181],[-3.20958,5.11181],[-3.20958,5.11208],[-3.21069,5.11208],[-3.2107,5.11236],[-3.21181,5.11236],[-3.21181,5.11264],[-3.21292,5.11264],[-3.21292,5.11276],[-3.21292,5.11292],[-3.2143,5.11292],[-3.21542,5.11292],[-3.21542,5.11304],[-3.21542,5.11319],[-3.21674,5.11319],[-3.21764,5.11319],[-3.21764,5.1133],[-3.21764,5.11347],[-3.21919,5.11347],[-3.21931,5.11347],[-3.21931,5.11375],[-3.22042,5.11375],[-3.22042,5.11403],[-3.22153,5.11403],[-3.22153,5.11431],[-3.22207,5.11431],[-3.22207,5.11774],[-3.20781,5.11774],[-3.20781,5.11153]]]},"properties":{"region":"Sud-Comoé","district":"Aboisso","floods_1m":1,"floods_2m":1,"floods_3m":1,"first_flood_m":1,"nests":true,"area_km2":0.842}},{"type":"Feature","geometry":{"type":"Polygon","coordinates":[[[-2.78007,5.11116],[-2.78034,5.11119],[-2.784,5.10956],[-2.7868,5.11621],[-2.79065,5.10675],[-2.79362,5.10513],[-2.79433,5.10527],[-2.79433,5.11774],[-2.78007,5.11774],[-2.78007,5.11116]]]},"properties":{"region":"Sud-Comoé","district":"Aboisso","floods_1m":1,"floods_2m":1,"floods_3m":1,"first_flood_m":1,"nests":true,"area_km2":1.359}},{"type":"Feature","geometry":{"type":"Polygon","coordinates":[[[-3.15078,5.14626],[-3.16504,5.14626],[-3.16504,5.16052],[-3.15078,5.16052],[-3.15078,5.14626]]]},"properties":{"region":"Sud-Comoé","district":"Aboisso","floods_1m":1,"floods_2m":1,"floods_3m":1,"first_flood_m":1,"nests":true,"area_km2":2.504}},{"type":"Feature","geometry":{"type":"Polygon","coordinates":[[[-2.93691,5.16052],[-2.95117,5.16052],[-2.95117,5.17477],[-2.93691,5.17477],[-2.93691,5.16052]]]},"properties":{"region":"Sud-Comoé","district":"Aboisso","floods_1m":1,"floods_2m":1,"floods_3m":1,"first_flood_m":1,"nests":true,"area_km2":2.502}},{"type":"Feature","geometry":{"type":"Polygon","coordinates":[[[-3.23633,5.3031],[-3.25058,5.3031],[-3.25058,5.31735],[-3.23633,5.31735],[-3.23633,5.3031]]]},"properties":{"region":"Sud-Comoé","district":"Aboisso","floods_1m":1,"floods_2m":1,"floods_3m":1,"first_flood_m":1,"nests":true,"area_km2":2.5}},{"type":"Feature","geometry":{"type":"Polygon","coordinates":[[[-3.19355,5.24606],[-3.20781,5.24606],[-3.20781,5.24695],[-3.20781,5.26032],[-3.19355,5.26032],[-3.19355,5.24695],[-3.19355,5.24606]]]},"properties":{"region":"Sud-Comoé","district":"Aboisso","floods_1m":1,"floods_2m":1,"floods_3m":1,"first_flood_m":1,"nests":true,"area_km2":2.504}},{"type":"Feature","geometry":{"type":"Polygon","coordinates":[[[-3.25058,5.23181],[-3.26484,5.23181],[-3.26484,5.24606],[-3.25058,5.24606],[-3.25058,5.23181]]]},"properties":{"region":"Sud-Comoé","district":"Aboisso","floods_1m":1,"floods_2m":1,"floods_3m":1,"first_flood_m":1,"nests":true,"area_km2":2.502}},{"type":"Feature","geometry":{"type":"Polygon","coordinates":[[[-3.23633,5.21755],[-3.25058,5.21755],[-3.25058,5.23181],[-3.23633,5.23181],[-3.23633,5.21755]]]},"properties":{"region":"Sud-Comoé","district":"Aboisso","floods_1m":1,"floods_2m":1,"floods_3m":1,"first_flood_m":1,"nests":true,"area_km2":2.502}},{"type":"Feature","geometry":{"type":"Polygon","coordinates":[[[-3.07949,5.14626],[-3.09375,5.14626],[-3.09375,5.16052],[-3.07949,5.16052],[-3.07949,5.14626]]]},"properties":{"region":"Sud-Comoé","district":"Aboisso","floods_1m":1,"floods_2m":1,"floods_3m":1,"first_flood_m":1,"nests":true,"area_km2":2.504}},{"type":"Feature","geometry":{"type":"Polygon","coordinates":[[[-2.85136,5.17477],[-2.86562,5.17477],[-2.86562,5.18903],[-2.85136,5.18903],[-2.85136,5.17477]]]},"properties":{"region":"Sud-Comoé","district":"Aboisso","floods_1m":1,"floods_2m":1,"floods_3m":1,"first_flood_m":1,"nests":true,"area_km2":2.504}},{"type":"Feature","geometry":{"type":"Polygon","coordinates":[[[-3.32187,5.18903],[-3.33613,5.18903],[-3.33613,5.20329],[-3.32187,5.20329],[-3.32187,5.18903]]]},"properties":{"region":"Sud-Comoé","district":"Aboisso","floods_1m":1,"floods_2m":1,"floods_3m":1,"first_flood_m":1,"nests":true,"area_km2":2.504}},{"type":"Feature","geometry":{"type":"Polygon","coordinates":[[[-3.09375,5.14626],[-3.108,5.14626],[-3.108,5.16052],[-3.09375,5.16052],[-3.09375,5.14626]]]},"properties":{"region":"Sud-Comoé","district":"Aboisso","floods_1m":1,"floods_2m":1,"floods_3m":1,"first_flood_m":1,"nests":true,"area_km2":2.502}},{"type":"Feature","geometry":{"type":"Polygon","coordinates":[[[-3.05097,5.14626],[-3.06523,5.14626],[-3.06523,5.16052],[-3.05097,5.16052],[-3.05097,5.14626]]]},"properties":{"region":"Sud-Comoé","district":"Aboisso","floods_1m":1,"floods_2m":1,"floods_3m":1,"first_flood_m":1,"nests":true,"area_km2":2.504}},{"type":"Feature","geometry":{"type":"Polygon","coordinates":[[[-3.43594,5.15375],[-3.43681,5.15375],[-3.43681,5.15403],[-3.43931,5.15403],[-3.43931,5.1543],[-3.44153,5.1543],[-3.44153,5.15458],[-3.44403,5.15458],[-3.44403,5.15486],[-3.44625,5.15486],[-3.44625,5.15514],[-3.44708,5.15514],[-3.44708,5.15542],[-3.44764,5.15542],[-3.44764,5.1557],[-3.44847,5.1557],[-3.44847,5.15597],[-3.44903,5.15597],[-3.44903,5.15625],[-3.4502,5.15625],[-3.4502,5.16052],[-3.43594,5.16052],[-3.43594,5.15375]]]},"properties":{"region":"Sud-Comoé","district":"Aboisso","floods_1m":1,"floods_2m":1,"floods_3m":1,"first_flood_m":1,"nests":true,"area_km2":1.012}},{"type":"Feature","geometry":{"type":"MultiPolygon","coordinates":[[[[-2.88459,5.11774],[-2.88242,5.11774],[-2.88358,5.11731],[-2.88459,5.11774]]],[[[-2.89413,5.11409],[-2.89413,5.11774],[-2.88925,5.11774],[-2.89138,5.1136],[-2.89413,5.11409]]]]},"properties":{"region":"Sud-Comoé","district":"Aboisso","floods_1m":1,"floods_2m":0,"floods_3m":1,"first_flood_m":1,"nests":false,"area_km2":0.192}},{"type":"Feature","geometry":{"type":"Polygon","coordinates":[[[-3.15078,5.34587],[-3.16504,5.34587],[-3.16504,5.36013],[-3.15078,5.36013],[-3.15078,5.34587]]]},"properties":{"region":"Sud-Comoé","district":"Aboisso","floods_1m":1,"floods_2m":1,"floods_3m":1,"first_flood_m":1,"nests":true,"area_km2":2.503}},{"type":"Feature","geometry":{"type":"Polygon","coordinates":[[[-3.0082,5.10714],[-3.01619,5.11207],[-3.02246,5.11234],[-3.02246,5.11774],[-3.0082,5.11774],[-3.0082,5.10714]]]},"properties":{"region":"Sud-Comoé","district":"Aboisso","floods_1m":1,"floods_2m":1,"floods_3m":1,"first_flood_m":1,"nests":true,"area_km2":1.228}},{"type":"Feature","geometry":{"type":"Polygon","coordinates":[[[-3.03671,5.132],[-3.05097,5.132],[-3.05097,5.14626],[-3.03671,5.14626],[-3.03671,5.132]]]},"properties":{"region":"Sud-Comoé","district":"Aboisso","floods_1m":1,"floods_2m":1,"floods_3m":1,"first_flood_m":1,"nests":true,"area_km2":2.504}},{"type":"Feature","geometry":{"type":"Polygon","coordinates":[[[-3.50723,5.17477],[-3.52149,5.17477],[-3.52149,5.18236],[-3.51946,5.1834],[-3.51599,5.18495],[-3.50984,5.18749],[-3.50723,5.18874],[-3.50723,5.17477]]]},"properties":{"region":"Sud-Comoé","district":"Aboisso","floods_1m":1,"floods_2m":1,"floods_3m":1,"first_flood_m":1,"nests":true,"area_km2":1.901}},{"type":"Feature","geometry":{"type":"Polygon","coordinates":[[[-3.16504,5.28884],[-3.17929,5.28884],[-3.17929,5.3031],[-3.16504,5.3031],[-3.16504,5.28884]]]},"properties":{"region":"Sud-Comoé","district":"Aboisso","floods_1m":1,"floods_2m":1,"floods_3m":1,"first_flood_m":1,"nests":true,"area_km2":2.502}},{"type":"Feature","geometry":{"type":"Polygon","coordinates":[[[-3.20781,5.26032],[-3.22207,5.26032],[-3.22207,5.27458],[-3.20781,5.27458],[-3.20781,5.26032]]]},"properties":{"region":"Sud-Comoé","district":"Aboisso","floods_1m":1,"floods_2m":1,"floods_3m":1,"first_flood_m":1,"nests":true,"area_km2":2.504}},{"type":"Feature","geometry":{"type":"Polygon","coordinates":[[[-3.15078,5.33161],[-3.16504,5.33161],[-3.16504,5.34587],[-3.15078,5.34587],[-3.15078,5.33161]]]},"properties":{"region":"Sud-Comoé","district":"Aboisso","floods_1m":1,"floods_2m":1,"floods_3m":1,"first_flood_m":1,"nests":true,"area_km2":2.503}},{"type":"Feature","geometry":{"type":"Polygon","coordinates":[[[-3.13652,5.31735],[-3.15078,5.31735],[-3.15078,5.33161],[-3.13652,5.33161],[-3.13652,5.31735]]]},"properties":{"region":"Sud-Comoé","district":"Aboisso","floods_1m":1,"floods_2m":1,"floods_3m":1,"first_flood_m":1,"nests":true,"area_km2":2.503}},{"type":"Feature","geometry":{"type":"Polygon","coordinates":[[[-2.93691,5.18903],[-2.95117,5.18903],[-2.95117,5.20329],[-2.93691,5.20329],[-2.93691,5.18903]]]},"properties":{"region":"Sud-Comoé","district":"Aboisso","floods_1m":1,"floods_2m":1,"floods_3m":1,"first_flood_m":1,"nests":true,"area_km2":2.504}},{"type":"Feature","geometry":{"type":"Polygon","coordinates":[[[-3.26484,5.23181],[-3.2791,5.23181],[-3.2791,5.24606],[-3.26484,5.24606],[-3.26484,5.23181]]]},"properties":{"region":"Sud-Comoé","district":"Aboisso","floods_1m":1,"floods_2m":1,"floods_3m":1,"first_flood_m":1,"nests":true,"area_km2":2.502}},{"type":"Feature","geometry":{"type":"Polygon","coordinates":[[[-3.2791,5.23181],[-3.29336,5.23181],[-3.29336,5.24606],[-3.2791,5.24606],[-3.2791,5.23181]]]},"properties":{"region":"Sud-Comoé","district":"Aboisso","floods_1m":1,"floods_2m":1,"floods_3m":1,"first_flood_m":1,"nests":true,"area_km2":2.502}},{"type":"Feature","geometry":{"type":"Polygon","coordinates":[[[-3.22207,5.14626],[-3.23633,5.14626],[-3.23633,5.16052],[-3.22207,5.16052],[-3.22207,5.14626]]]},"properties":{"region":"Sud-Comoé","district":"Aboisso","floods_1m":1,"floods_2m":1,"floods_3m":1,"first_flood_m":1,"nests":true,"area_km2":2.504}},{"type":"Feature","geometry":{"type":"Polygon","coordinates":[[[-3.19355,5.21755],[-3.20781,5.21755],[-3.20781,5.23181],[-3.19355,5.23181],[-3.19355,5.21755]]]},"properties":{"region":"Sud-Comoé","district":"Aboisso","floods_1m":1,"floods_2m":1,"floods_3m":1,"first_flood_m":1,"nests":true,"area_km2":2.504}},{"type":"Feature","geometry":{"type":"Polygon","coordinates":[[[-3.09375,5.11009],[-3.09815,5.11139],[-3.10292,5.10883],[-3.108,5.10996],[-3.108,5.11774],[-3.09375,5.11774],[-3.09375,5.11009]]]},"properties":{"region":"Sud-Comoé","district":"Aboisso","floods_1m":1,"floods_2m":1,"floods_3m":1,"first_flood_m":1,"nests":true,"area_km2":1.35}},{"type":"Feature","geometry":{"type":"Polygon","coordinates":[[[-3.17929,5.23181],[-3.18375,5.23181],[-3.19355,5.23181],[-3.19355,5.24606],[-3.18375,5.24606],[-3.17929,5.24606],[-3.17929,5.23181]]]},"properties":{"region":"Sud-Comoé","district":"Aboisso","floods_1m":1,"floods_2m":1,"floods_3m":1,"first_flood_m":1,"nests":true,"area_km2":2.502}},{"type":"Feature","geometry":{"type":"Polygon","coordinates":[[[-2.85136,5.16052],[-2.86562,5.16052],[-2.86562,5.17477],[-2.85136,5.17477],[-2.85136,5.16052]]]},"properties":{"region":"Sud-Comoé","district":"Aboisso","floods_1m":1,"floods_2m":1,"floods_3m":1,"first_flood_m":1,"nests":true,"area_km2":2.502}}]}