{"type":"FeatureCollection","features":[{"type":"Feature","geometry":{"type":"Polygon","coordinates":[[[-16.46773,13.25905],[-16.48199,13.25905],[-16.48199,13.27331],[-16.46773,13.27331],[-16.46773,13.25905]]]},"properties":{"region":"Western","district":"Kombo East","floods_1m":1,"floods_2m":1,"floods_3m":1,"first_flood_m":1,"nests":true,"area_km2":2.447}},{"type":"Feature","geometry":{"type":"Polygon","coordinates":[[[-16.53902,13.29013],[-16.53902,13.28757],[-16.55328,13.28757],[-16.55328,13.29559],[-16.54647,13.29191],[-16.53902,13.29013]]]},"properties":{"region":"Western","district":"Kombo East","floods_1m":1,"floods_2m":1,"floods_3m":1,"first_flood_m":1,"nests":true,"area_km2":0.816}},{"type":"Feature","geometry":{"type":"Polygon","coordinates":[[[-16.48199,13.24479],[-16.49625,13.24479],[-16.49625,13.25905],[-16.48199,13.25905],[-16.48199,13.24479]]]},"properties":{"region":"Western","district":"Kombo East","floods_1m":1,"floods_2m":1,"floods_3m":1,"first_flood_m":1,"nests":true,"area_km2":2.447}},{"type":"Feature","geometry":{"type":"MultiPolygon","coordinates":[[[[-16.60292,13.41589],[-16.60792,13.41589],[-16.60792,13.41597],[-16.60819,13.41597],[-16.60819,13.41625],[-16.60875,13.41625],[-16.60875,13.41653],[-16.60903,13.41653],[-16.60903,13.41681],[-16.60931,13.41681],[-16.60931,13.41708],[-16.60958,13.41708],[-16.60958,13.41736],[-16.60986,13.41736],[-16.60986,13.41764],[-16.61014,13.41764],[-16.61014,13.41792],[-16.61022,13.41792],[-16.61031,13.41792],[-16.61031,13.42042],[-16.61014,13.42042],[-16.61014,13.42069],[-16.60764,13.42069],[-16.60764,13.42097],[-16.60681,13.42097],[-16.60681,13.42125],[-16.60486,13.42125],[-16.60486,13.42153],[-16.60375,13.42153],[-16.60375,13.42181],[-16.60236,13.42181],[-16.60236,13.42208],[-16.6018,13.42208],[-16.6018,13.42181],[-16.60097,13.42181],[-16.60097,13.42014],[-16.60125,13.42014],[-16.60125,13.41931],[-16.60153,13.41931],[-16.60153,13.41792],[-16.6018,13.41792],[-16.6018,13.41708],[-16.60208,13.41708],[-16.60208,13.41653],[-16.60236,13.41653],[-16.60236,13.41625],[-16.60264,13.41625],[-16.60264,13.41597],[-16.60292,13.41597],[-16.60292,13.41589]]],[[[-16.60962,13.41589],[-16.61031,13.41589],[-16.61031,13.41681],[-16.60989,13.41681],[-16.60982,13.41654],[-16.60962,13.41589]]]]},"properties":{"region":"Western","district":"Kombo Saint Mary","floods_1m":1,"floods_2m":1,"floods_3m":1,"first_flood_m":1,"nests":true,"area_km2":0.544}},{"type":"Feature","geometry":{"type":"Polygon","coordinates":[[[-16.59606,13.38266],[-16.59606,13.38069],[-16.59606,13.37311],[-16.61031,13.37311],[-16.61031,13.38069],[-16.61031,13.38737],[-16.59895,13.38737],[-16.59606,13.38266]]]},"properties":{"region":"Western","district":"Kombo Saint Mary","floods_1m":1,"floods_2m":1,"floods_3m":1,"first_flood_m":1,"nests":true,"area_km2":2.362}},{"type":"Feature","geometry":{"type":"Polygon","coordinates":[[[-16.76715,13.38737],[-16.77041,13.38737],[-16.77041,13.38764],[-16.76986,13.38764],[-16.76986,13.38792],[-16.76958,13.38792],[-16.76958,13.38819],[-16.7693,13.38819],[-16.7693,13.38847],[-16.76875,13.38847],[-16.76875,13.38875],[-16.76819,13.38875],[-16.76819,13.38903],[-16.76792,13.38903],[-16.76792,13.38931],[-16.76736,13.38931],[-16.76736,13.38958],[-16.76715,13.38958],[-16.76715,13.38737]]]},"properties":{"region":"Western","district":"Kombo Saint Mary","floods_1m":1,"floods_2m":1,"floods_3m":1,"first_flood_m":1,"nests":true,"area_km2":0.047}},{"type":"Feature","geometry":{"type":"Polygon","coordinates":[[[-16.75289,13.38737],[-16.76715,13.38737],[-16.76715,13.38958],[-16.76681,13.38958],[-16.76681,13.38986],[-16.76597,13.38986],[-16.76597,13.39014],[-16.76569,13.39014],[-16.76569,13.39042],[-16.76542,13.39042],[-16.76542,13.39069],[-16.76458,13.39069],[-16.76458,13.39097],[-16.76431,13.39097],[-16.76431,13.39125],[-16.76403,13.39125],[-16.76403,13.39153],[-16.76375,13.39153],[-16.76375,13.39181],[-16.7632,13.39181],[-16.7632,13.39208],[-16.76292,13.39208],[-16.76292,13.39236],[-16.76236,13.39236],[-16.76236,13.39264],[-16.76208,13.39264],[-16.76208,13.39292],[-16.76153,13.39292],[-16.76153,13.39319],[-16.76125,13.39319],[-16.76125,13.39347],[-16.76097,13.39347],[-16.76097,13.39375],[-16.76069,13.39375],[-16.76069,13.39403],[-16.76014,13.39403],[-16.76014,13.39431],[-16.75958,13.39431],[-16.75958,13.39458],[-16.75931,13.39458],[-16.75931,13.39486],[-16.75903,13.39486],[-16.75903,13.39514],[-16.75847,13.39514],[-16.75847,13.39542],[-16.7582,13.39542],[-16.7582,13.39569],[-16.75764,13.39569],[-16.75764,13.39597],[-16.75736,13.39597],[-16.75736,13.39625],[-16.7568,13.39625],[-16.7568,13.39653],[-16.75653,13.39653],[-16.75653,13.39681],[-16.75597,13.39681],[-16.75597,13.39708],[-16.75569,13.39708],[-16.75569,13.39736],[-16.75542,13.39736],[-16.75542,13.39764],[-16.75514,13.39764],[-16.75514,13.39792],[-16.75486,13.39792],[-16.75486,13.39819],[-16.75458,13.39819],[-16.75458,13.39875],[-16.7543,13.39875],[-16.7543,13.39903],[-16.75403,13.39903],[-16.75403,13.3993],[-16.75375,13.3993],[-16.75375,13.39958],[-16.75347,13.39958],[-16.75347,13.39986],[-16.75292,13.39986],[-16.75292,13.40014],[-16.75289,13.40014],[-16.75289,13.38737]]]},"properties":{"region":"Western","district":"Kombo Saint Mary","floods_1m":1,"floods_2m":1,"floods_3m":1,"first_flood_m":1,"nests":true,"area_km2":1.193}},{"type":"Feature","geometry":{"type":"Polygon","coordinates":[[[-16.59606,13.35886],[-16.61031,13.35886],[-16.61031,13.37311],[-16.59606,13.37311],[-16.59606,13.35886]]]},"properties":{"region":"Western","district":"Kombo Saint Mary","floods_1m":0,"floods_2m":0,"floods_3m":1,"first_flood_m":3,"nests":true,"area_km2":2.443}},{"type":"Feature","geometry":{"type":"Polygon","coordinates":[[[-16.73864,13.38737],[-16.75289,13.38737],[-16.75289,13.40014],[-16.75236,13.40014],[-16.75236,13.40042],[-16.75181,13.40042],[-16.75181,13.40069],[-16.75125,13.40069],[-16.75125,13.40097],[-16.75069,13.40097],[-16.75069,13.40125],[-16.75042,13.40125],[-16.75042,13.40163],[-16.73864,13.40163],[-16.73864,13.38737]]]},"properties":{"region":"Western","district":"Kombo Saint Mary","floods_1m":1,"floods_2m":1,"floods_3m":1,"first_flood_m":1,"nests":true,"area_km2":2.415}},{"type":"Feature","geometry":{"type":"Polygon","coordinates":[[[-16.71238,13.4444],[-16.72438,13.4444],[-16.72438,13.44597],[-16.72431,13.44597],[-16.72431,13.44681],[-16.72403,13.44681],[-16.72403,13.44792],[-16.72375,13.44792],[-16.72375,13.44875],[-16.72347,13.44875],[-16.72347,13.44958],[-16.72319,13.44958],[-16.72319,13.45014],[-16.72292,13.45014],[-16.72292,13.45042],[-16.72236,13.45042],[-16.72236,13.45069],[-16.72208,13.45069],[-16.72208,13.45097],[-16.72153,13.45097],[-16.72153,13.45125],[-16.72125,13.45125],[-16.72125,13.45153],[-16.72097,13.45153],[-16.72097,13.4518],[-16.72069,13.4518],[-16.72069,13.45208],[-16.72042,13.45208],[-16.72042,13.45236],[-16.72014,13.45242],[-16.71308,13.44539],[-16.71238,13.4444]]]},"properties":{"region":"Western","district":"Kombo Saint Mary","floods_1m":1,"floods_2m":1,"floods_3m":1,"first_flood_m":1,"nests":true,"area_km2":0.688}},{"type":"Feature","geometry":{"type":"Polygon","coordinates":[[[-16.73864,13.40163],[-16.75042,13.40163],[-16.75042,13.40181],[-16.75014,13.40181],[-16.75014,13.40208],[-16.74986,13.40208],[-16.74986,13.40264],[-16.74958,13.40264],[-16.74958,13.40292],[-16.74931,13.40292],[-16.74931,13.40347],[-16.74903,13.40347],[-16.74903,13.40375],[-16.74875,13.40375],[-16.74875,13.40403],[-16.74847,13.40403],[-16.74847,13.40458],[-16.74819,13.40458],[-16.74819,13.40486],[-16.74792,13.40486],[-16.74792,13.40514],[-16.74764,13.40514],[-16.74764,13.40569],[-16.74736,13.40569],[-16.74736,13.40597],[-16.74708,13.40597],[-16.74708,13.40625],[-16.74681,13.40625],[-16.74681,13.40653],[-16.74653,13.40653],[-16.74653,13.40681],[-16.74625,13.40681],[-16.74625,13.40708],[-16.74597,13.40708],[-16.74597,13.40764],[-16.7457,13.40764],[-16.7457,13.40792],[-16.74542,13.40792],[-16.74542,13.40819],[-16.74514,13.40819],[-16.74514,13.40847],[-16.74486,13.40847],[-16.74486,13.40875],[-16.74458,13.40875],[-16.74458,13.40903],[-16.74431,13.40903],[-16.74431,13.4093],[-16.74403,13.4093],[-16.74403,13.40986],[-16.74375,13.40986],[-16.74375,13.41014],[-16.74347,13.41014],[-16.74347,13.41042],[-16.7432,13.41042],[-16.7432,13.41069],[-16.74291,13.41069],[-16.74291,13.41097],[-16.74264,13.41097],[-16.74264,13.41153],[-16.74236,13.41153],[-16.74236,13.41208],[-16.74208,13.41208],[-16.74208,13.41264],[-16.7418,13.41264],[-16.7418,13.41292],[-16.74153,13.41292],[-16.74153,13.41347],[-16.74125,13.41347],[-16.74125,13.41403],[-16.74097,13.41403],[-16.74097,13.41458],[-16.74069,13.41458],[-16.74069,13.41514],[-16.74042,13.41514],[-16.74042,13.41569],[-16.74014,13.41569],[-16.74014,13.41589],[-16.73864,13.41589],[-16.73864,13.40163]]]},"properties":{"region":"Western","district":"Kombo Saint Mary","floods_1m":1,"floods_2m":1,"floods_3m":1,"first_flood_m":1,"nests":true,"area_km2":1.081}},{"type":"Feature","geometry":{"type":"Polygon","coordinates":[[[-16.58345,13.3446],[-16.59606,13.3446],[-16.59606,13.35886],[-16.58588,13.35886],[-16.58183,13.349],[-16.58345,13.3446]]]},"properties":{"region":"Western","district":"Kombo Saint Mary","floods_1m":1,"floods_2m":1,"floods_3m":1,"first_flood_m":1,"nests":true,"area_km2":2.158}},{"type":"Feature","geometry":{"type":"Polygon","coordinates":[[[-16.72438,13.41589],[-16.73864,13.41589],[-16.73864,13.41819],[-16.73847,13.41819],[-16.73847,13.41847],[-16.73819,13.41847],[-16.73819,13.41903],[-16.73792,13.41903],[-16.73792,13.41931],[-16.73764,13.41931],[-16.73764,13.41986],[-16.73736,13.41986],[-16.73736,13.42042],[-16.73708,13.42042],[-16.73708,13.42069],[-16.7368,13.42069],[-16.7368,13.42125],[-16.73653,13.42125],[-16.73653,13.42181],[-16.73625,13.42181],[-16.73625,13.42236],[-16.73597,13.42236],[-16.73597,13.42264],[-16.73569,13.42264],[-16.73569,13.42319],[-16.73542,13.42319],[-16.73542,13.42375],[-16.73514,13.42375],[-16.73514,13.42403],[-16.73486,13.42403],[-16.73486,13.42458],[-16.73458,13.42458],[-16.73458,13.42514],[-16.73431,13.42514],[-16.73431,13.42569],[-16.73403,13.42569],[-16.73403,13.42625],[-16.73375,13.42625],[-16.73375,13.42681],[-16.73347,13.42681],[-16.73347,13.42736],[-16.73319,13.42736],[-16.73319,13.42792],[-16.73292,13.42792],[-16.73292,13.42819],[-16.73264,13.42819],[-16.73264,13.42875],[-16.73236,13.42875],[-16.73236,13.4293],[-16.73208,13.42931],[-16.73208,13.42986],[-16.73181,13.42986],[-16.73181,13.43014],[-16.73153,13.43014],[-16.73153,13.43015],[-16.72438,13.43015],[-16.72438,13.41589]]]},"properties":{"region":"Western","district":"Kombo Saint Mary","floods_1m":1,"floods_2m":1,"floods_3m":1,"first_flood_m":1,"nests":true,"area_km2":1.93}},{"type":"Feature","geometry":{"type":"Polygon","coordinates":[[[-16.62457,13.37311],[-16.63883,13.37311],[-16.63883,13.38069],[-16.63883,13.38737],[-16.62457,13.38737],[-16.62457,13.38069],[-16.62457,13.37311]]]},"properties":{"region":"Western","district":"Kombo Saint Mary","floods_1m":0,"floods_2m":1,"floods_3m":1,"first_flood_m":2,"nests":true,"area_km2":2.446}},{"type":"Feature","geometry":{"type":"Polygon","coordinates":[[[-16.73864,13.41819],[-16.73864,13.41589],[-16.74014,13.41589],[-16.74014,13.41625],[-16.73986,13.41625],[-16.73986,13.41653],[-16.73958,13.41653],[-16.73958,13.41708],[-16.73931,13.41708],[-16.73931,13.41736],[-16.73903,13.41736],[-16.73903,13.41764],[-16.73875,13.41764],[-16.73875,13.41819],[-16.73864,13.41819]]]},"properties":{"region":"Western","district":"Kombo Saint Mary","floods_1m":1,"floods_2m":1,"floods_3m":1,"first_flood_m":1,"nests":true,"area_km2":0.021}},{"type":"Feature","geometry":{"type":"MultiPolygon","coordinates":[[[[-16.61031,13.42042],[-16.61031,13.41792],[-16.6107,13.41792],[-16.6107,13.41819],[-16.61125,13.41819],[-16.61125,13.41847],[-16.61153,13.41847],[-16.61153,13.41875],[-16.61181,13.41875],[-16.61181,13.41931],[-16.61153,13.41931],[-16.61153,13.41958],[-16.61125,13.41958],[-16.61125,13.41986],[-16.61097,13.41986],[-16.61089,13.42016],[-16.6107,13.42014],[-16.6107,13.42042],[-16.61031,13.42042]]],[[[-16.61625,13.41589],[-16.62457,13.41589],[-16.62457,13.41958],[-16.62292,13.41958],[-16.62292,13.41986],[-16.62014,13.41986],[-16.62014,13.42014],[-16.6193,13.42014],[-16.6193,13.41986],[-16.61847,13.41986],[-16.61847,13.41958],[-16.61792,13.41958],[-16.61792,13.41931],[-16.61764,13.41931],[-16.61764,13.41903],[-16.61736,13.41903],[-16.61736,13.41736],[-16.61708,13.41736],[-16.61708,13.41708],[-16.61681,13.41708],[-16.61681,13.41653],[-16.61625,13.41653],[-16.61625,13.41589]]],[[[-16.61031,13.41681],[-16.61031,13.41589],[-16.61347,13.41589],[-16.61347,13.41708],[-16.61319,13.41708],[-16.61319,13.41736],[-16.61181,13.41736],[-16.61181,13.41764],[-16.61153,13.41764],[-16.61153,13.41736],[-16.6107,13.41736],[-16.6107,13.41708],[-16.61042,13.41708],[-16.61042,13.41681],[-16.61031,13.41681]]]]},"properties":{"region":"Western","district":"Kombo Saint Mary","floods_1m":1,"floods_2m":1,"floods_3m":1,"first_flood_m":1,"nests":true,"area_km2":0.432}},{"type":"Feature","geometry":{"type":"Polygon","coordinates":[[[-16.65309,13.40163],[-16.66735,13.40163],[-16.66735,13.4151],[-16.65546,13.41589],[-16.65309,13.41589],[-16.65309,13.40163]]]},"properties":{"region":"Western","district":"Kombo Saint Mary","floods_1m":1,"floods_2m":1,"floods_3m":1,"first_flood_m":1,"nests":true,"area_km2":2.389}},{"type":"Feature","geometry":{"type":"Polygon","coordinates":[[[-16.58588,13.35886],[-16.59606,13.35886],[-16.59606,13.37311],[-16.59174,13.37311],[-16.58588,13.35886]]]},"properties":{"region":"Western","district":"Kombo Saint Mary","floods_1m":1,"floods_2m":1,"floods_3m":1,"first_flood_m":1,"nests":true,"area_km2":1.243}},{"type":"Feature","geometry":{"type":"Polygon","coordinates":[[[-16.76715,13.37311],[-16.78141,13.37311],[-16.78141,13.38069],[-16.78141,13.38264],[-16.78097,13.38264],[-16.78097,13.38292],[-16.78014,13.38292],[-16.78014,13.38319],[-16.77958,13.38319],[-16.77958,13.38347],[-16.77903,13.38347],[-16.77903,13.38375],[-16.77847,13.38375],[-16.77847,13.38403],[-16.77792,13.38403],[-16.77792,13.38431],[-16.77681,13.38431],[-16.77681,13.38458],[-16.77625,13.38458],[-16.77625,13.38486],[-16.77597,13.38486],[-16.77597,13.38514],[-16.77542,13.38514],[-16.77542,13.38542],[-16.77486,13.38542],[-16.77486,13.3857],[-16.77458,13.3857],[-16.77458,13.38597],[-16.77347,13.38597],[-16.77347,13.38625],[-16.7732,13.38625],[-16.7732,13.38653],[-16.77236,13.38653],[-16.77236,13.3868],[-16.77181,13.3868],[-16.77181,13.38708],[-16.77097,13.38708],[-16.77097,13.38736],[-16.77041,13.38736],[-16.77041,13.38737],[-16.76715,13.38737],[-16.76715,13.38069],[-16.76715,13.37311]]]},"properties":{"region":"Western","district":"Kombo Saint Mary","floods_1m":1,"floods_2m":1,"floods_3m":1,"first_flood_m":1,"nests":true,"area_km2":2.137}},{"type":"Feature","geometry":{"type":"Polygon","coordinates":[[[-16.59606,13.33071],[-16.61031,13.33047],[-16.61031,13.3446],[-16.59606,13.3446],[-16.59606,13.33071]]]},"properties":{"region":"Western","district":"Kombo Saint Mary","floods_1m":1,"floods_2m":1,"floods_3m":1,"first_flood_m":1,"nests":true,"area_km2":2.402}},{"type":"Feature","geometry":{"type":"Polygon","coordinates":[[[-16.63883,13.38737],[-16.65309,13.38737],[-16.65309,13.40163],[-16.63883,13.40163],[-16.63883,13.38737]]]},"properties":{"region":"Western","district":"Kombo Saint Mary","floods_1m":1,"floods_2m":1,"floods_3m":1,"first_flood_m":1,"nests":true,"area_km2":2.446}},{"type":"Feature","geometry":{"type":"MultiPolygon","coordinates":[[[[-16.61031,13.40163],[-16.61958,13.40163],[-16.61958,13.40181],[-16.62069,13.40181],[-16.62069,13.40208],[-16.62153,13.40208],[-16.62153,13.40236],[-16.6218,13.40236],[-16.6218,13.40264],[-16.62264,13.40264],[-16.62264,13.4032],[-16.62292,13.4032],[-16.62292,13.40347],[-16.6232,13.40347],[-16.6232,13.40486],[-16.62292,13.40486],[-16.62292,13.40514],[-16.62236,13.40514],[-16.62236,13.40542],[-16.61986,13.40542],[-16.61986,13.40569],[-16.61875,13.40569],[-16.61875,13.40597],[-16.61847,13.40597],[-16.61847,13.40625],[-16.61764,13.40625],[-16.61764,13.40653],[-16.61681,13.40653],[-16.61681,13.40681],[-16.61625,13.40681],[-16.61625,13.40708],[-16.61597,13.40708],[-16.61597,13.40736],[-16.61486,13.40736],[-16.61486,13.40764],[-16.61403,13.40764],[-16.61403,13.40875],[-16.61375,13.40875],[-16.61375,13.40958],[-16.61347,13.40958],[-16.61347,13.41069],[-16.61319,13.41069],[-16.61319,13.41292],[-16.61347,13.41292],[-16.61347,13.41589],[-16.61031,13.41589],[-16.61031,13.40163]]],[[[-16.62457,13.40514],[-16.62457,13.41589],[-16.61625,13.41589],[-16.61625,13.41569],[-16.61597,13.41569],[-16.61597,13.4143],[-16.61569,13.4143],[-16.61569,13.41375],[-16.61542,13.41375],[-16.61542,13.41347],[-16.61514,13.41347],[-16.61514,13.41264],[-16.61486,13.41264],[-16.61486,13.41069],[-16.61514,13.41069],[-16.61514,13.41042],[-16.61542,13.41042],[-16.61542,13.41014],[-16.61569,13.41014],[-16.61569,13.40986],[-16.61597,13.40986],[-16.61597,13.40958],[-16.61653,13.40958],[-16.61653,13.4093],[-16.61736,13.4093],[-16.61736,13.40903],[-16.61764,13.40903],[-16.61764,13.40875],[-16.61819,13.40875],[-16.61819,13.40847],[-16.61903,13.40847],[-16.61903,13.40819],[-16.61986,13.40819],[-16.61986,13.40792],[-16.62069,13.40792],[-16.62069,13.40764],[-16.62125,13.40764],[-16.62125,13.40736],[-16.62209,13.40736],[-16.62209,13.40708],[-16.62236,13.40708],[-16.62236,13.40681],[-16.6232,13.40681],[-16.6232,13.40653],[-16.62347,13.40653],[-16.62347,13.40625],[-16.62375,13.40625],[-16.62375,13.40597],[-16.62403,13.40597],[-16.62403,13.40542],[-16.62431,13.40542],[-16.62431,13.40514],[-16.62457,13.40514]]]]},"properties":{"region":"Western","district":"Kombo Saint Mary","floods_1m":1,"floods_2m":1,"floods_3m":1,"first_flood_m":1,"nests":true,"area_km2":1.936}},{"type":"Feature","geometry":{"type":"MultiPolygon","coordinates":[[[[-16.62457,13.41958],[-16.62457,13.41589],[-16.63236,13.41589],[-16.63236,13.41625],[-16.63208,13.41625],[-16.63208,13.41736],[-16.63181,13.41736],[-16.63181,13.41958],[-16.63153,13.41958],[-16.63153,13.41975],[-16.63153,13.42347],[-16.63125,13.42347],[-16.63125,13.42486],[-16.63014,13.42486],[-16.63014,13.42431],[-16.62958,13.42431],[-16.62958,13.42375],[-16.6293,13.42375],[-16.6293,13.42347],[-16.62903,13.42347],[-16.62903,13.42319],[-16.62875,13.42319],[-16.62875,13.42292],[-16.62847,13.42292],[-16.62847,13.42264],[-16.62819,13.42264],[-16.62819,13.42208],[-16.62792,13.42208],[-16.62792,13.42181],[-16.62764,13.42181],[-16.62764,13.42153],[-16.62708,13.42153],[-16.62708,13.42125],[-16.62681,13.42125],[-16.62681,13.42097],[-16.62653,13.42097],[-16.62653,13.42069],[-16.62625,13.42069],[-16.62625,13.42043],[-16.62598,13.42046],[-16.62597,13.42014],[-16.62542,13.42014],[-16.62542,13.41986],[-16.62514,13.41986],[-16.62514,13.41958],[-16.62457,13.41958]]],[[[-16.63403,13.41589],[-16.63883,13.41589],[-16.63883,13.41846],[-16.63319,13.41945],[-16.63319,13.41875],[-16.63347,13.41875],[-16.63347,13.41736],[-16.63375,13.41736],[-16.63375,13.41625],[-16.63403,13.41625],[-16.63403,13.41589]]]]},"properties":{"region":"Western","district":"Kombo Saint Mary","floods_1m":1,"floods_2m":1,"floods_3m":1,"first_flood_m":1,"nests":true,"area_km2":0.745}},{"type":"Feature","geometry":{"type":"Polygon","coordinates":[[[-16.63883,13.41589],[-16.65309,13.41589],[-16.65309,13.41605],[-16.65209,13.41611],[-16.63883,13.41846],[-16.63883,13.41589]]]},"properties":{"region":"Western","district":"Kombo Saint Mary","floods_1m":1,"floods_2m":1,"floods_3m":1,"first_flood_m":1,"nests":true,"area_km2":0.225}},{"type":"Feature","geometry":{"type":"Polygon","coordinates":[[[-16.79567,13.36736],[-16.79567,13.36139],[-16.79578,13.36133],[-16.79791,13.36147],[-16.79791,13.36181],[-16.79764,13.36181],[-16.79764,13.36264],[-16.79736,13.36264],[-16.79736,13.36569],[-16.79625,13.36569],[-16.79625,13.36597],[-16.79597,13.36597],[-16.79597,13.36681],[-16.79569,13.36681],[-16.79569,13.36736],[-16.79567,13.36736]]]},"properties":{"region":"Western","district":"Kombo Saint Mary","floods_1m":1,"floods_2m":1,"floods_3m":1,"first_flood_m":1,"nests":true,"area_km2":0.098}},{"type":"Feature","geometry":{"type":"Polygon","coordinates":[[[-16.76715,13.35886],[-16.76732,13.35886],[-16.76781,13.3589],[-16.76887,13.35918],[-16.76954,13.35919],[-16.77055,13.35894],[-16.77072,13.35886],[-16.77187,13.35886],[-16.77199,13.35891],[-16.77234,13.35923],[-16.77277,13.35961],[-16.77374,13.35997],[-16.7748,13.35984],[-16.77559,13.35977],[-16.77624,13.35989],[-16.77644,13.36021],[-16.77646,13.36082],[-16.77645,13.36165],[-16.77753,13.36244],[-16.77823,13.36231],[-16.77862,13.36185],[-16.77904,13.36134],[-16.77949,13.36121],[-16.77981,13.36153],[-16.78051,13.36188],[-16.78141,13.36193],[-16.78141,13.37311],[-16.76715,13.37311],[-16.76715,13.35886]]]},"properties":{"region":"Western","district":"Kombo Saint Mary","floods_1m":1,"floods_2m":1,"floods_3m":1,"first_flood_m":1,"nests":true,"area_km2":2.21}},{"type":"Feature","geometry":{"type":"Polygon","coordinates":[[[-16.62457,13.40514],[-16.62458,13.40514],[-16.62458,13.40458],[-16.62486,13.40458],[-16.62486,13.40431],[-16.62514,13.40431],[-16.62514,13.40403],[-16.62542,13.40403],[-16.62542,13.40347],[-16.62569,13.40347],[-16.62569,13.40236],[-16.62597,13.40236],[-16.62597,13.40181],[-16.62625,13.40181],[-16.62625,13.40163],[-16.63883,13.40163],[-16.63883,13.41589],[-16.63403,13.41589],[-16.63403,13.41458],[-16.6343,13.41458],[-16.6343,13.41403],[-16.63458,13.41403],[-16.63458,13.41375],[-16.63541,13.41375],[-16.63541,13.41403],[-16.63569,13.41403],[-16.63569,13.4143],[-16.63653,13.4143],[-16.63653,13.41458],[-16.63736,13.41458],[-16.63736,13.41375],[-16.63708,13.41375],[-16.63708,13.41347],[-16.63681,13.41347],[-16.63681,13.4132],[-16.63625,13.4132],[-16.63625,13.41292],[-16.63597,13.41292],[-16.63597,13.41264],[-16.63486,13.41264],[-16.63486,13.41292],[-16.63458,13.41292],[-16.63458,13.4132],[-16.63375,13.4132],[-16.63375,13.41347],[-16.63319,13.41347],[-16.63319,13.41375],[-16.63292,13.41375],[-16.63292,13.41403],[-16.63264,13.41403],[-16.63264,13.41514],[-16.63236,13.41514],[-16.63236,13.41589],[-16.62457,13.41589],[-16.62457,13.40514]]]},"properties":{"region":"Western","district":"Kombo Saint Mary","floods_1m":1,"floods_2m":1,"floods_3m":1,"first_flood_m":1,"nests":true,"area_km2":2.321}},{"type":"Feature","geometry":{"type":"Polygon","coordinates":[[[-16.78141,13.38264],[-16.78141,13.38069],[-16.78141,13.37311],[-16.79458,13.37311],[-16.79458,13.37597],[-16.79431,13.37597],[-16.79431,13.37764],[-16.79403,13.37764],[-16.79403,13.37819],[-16.79375,13.37819],[-16.79375,13.37875],[-16.79347,13.37875],[-16.79347,13.37903],[-16.79319,13.37903],[-16.79319,13.3793],[-16.79264,13.3793],[-16.79264,13.37903],[-16.79208,13.37903],[-16.79208,13.3793],[-16.79153,13.3793],[-16.79153,13.37958],[-16.79097,13.37958],[-16.79097,13.37986],[-16.79042,13.37986],[-16.79042,13.38014],[-16.78819,13.38014],[-16.78819,13.38042],[-16.78764,13.38042],[-16.78764,13.3807],[-16.78597,13.3807],[-16.78597,13.38097],[-16.78514,13.38097],[-16.78514,13.38125],[-16.78375,13.38125],[-16.78375,13.38153],[-16.7832,13.38153],[-16.7832,13.38181],[-16.78264,13.38181],[-16.78264,13.38208],[-16.78209,13.38208],[-16.78209,13.38236],[-16.78153,13.38236],[-16.78153,13.38264],[-16.78141,13.38264]]]},"properties":{"region":"Western","district":"Kombo Saint Mary","floods_1m":1,"floods_2m":1,"floods_3m":1,"first_flood_m":1,"nests":true,"area_km2":1.144}},{"type":"Feature","geometry":{"type":"Polygon","coordinates":[[[-16.65309,13.41589],[-16.65546,13.41589],[-16.65309,13.41605],[-16.65309,13.41589]]]},"properties":{"region":"Western","district":"Kombo Saint Mary","floods_1m":1,"floods_2m":1,"floods_3m":1,"first_flood_m":1,"nests":true,"area_km2":0.002}},{"type":"Feature","geometry":{"type":"MultiPolygon","coordinates":[[[[-16.76715,13.35884],[-16.76732,13.35886],[-16.76715,13.35886],[-16.76715,13.35884]]],[[[-16.77187,13.35886],[-16.77072,13.35886],[-16.77093,13.35875],[-16.77143,13.35867],[-16.77187,13.35886]]]]},"properties":{"region":"Western","district":"Kombo Saint Mary","floods_1m":1,"floods_2m":1,"floods_3m":1,"first_flood_m":1,"nests":true,"area_km2":0.002}},{"type":"Feature","geometry":{"type":"MultiPolygon","coordinates":[[[[-16.60792,13.41589],[-16.60292,13.41589],[-16.60292,13.41542],[-16.6032,13.41542],[-16.6032,13.41458],[-16.60347,13.41458],[-16.60347,13.41403],[-16.60431,13.41403],[-16.60431,13.4143],[-16.60486,13.4143],[-16.60486,13.41458],[-16.60597,13.41458],[-16.60597,13.41486],[-16.60653,13.41486],[-16.60653,13.41514],[-16.60708,13.41514],[-16.60708,13.41542],[-16.60764,13.41542],[-16.60764,13.41569],[-16.60792,13.41569],[-16.60792,13.41589]]],[[[-16.60547,13.40163],[-16.61031,13.40163],[-16.61031,13.41589],[-16.60962,13.41589],[-16.60652,13.40547],[-16.60547,13.40163]]]]},"properties":{"region":"Western","district":"Kombo Saint Mary","floods_1m":1,"floods_2m":1,"floods_3m":1,"first_flood_m":1,"nests":true,"area_km2":0.548}},{"type":"Feature","geometry":{"type":"Polygon","coordinates":[[[-16.58292,13.33381],[-16.58616,13.33232],[-16.59222,13.33147],[-16.59313,13.33128],[-16.59414,13.33101],[-16.59564,13.33072],[-16.59606,13.33071],[-16.59606,13.3446],[-16.58345,13.3446],[-16.58541,13.33928],[-16.58292,13.33381]]]},"properties":{"region":"Western","district":"Kombo Saint Mary","floods_1m":1,"floods_2m":1,"floods_3m":1,"first_flood_m":1,"nests":true,"area_km2":1.824}},{"type":"Feature","geometry":{"type":"Polygon","coordinates":[[[-16.72438,13.4444],[-16.72486,13.4444],[-16.72486,13.44514],[-16.72458,13.44514],[-16.72458,13.44597],[-16.72438,13.44597],[-16.72438,13.4444]]]},"properties":{"region":"Western","district":"Kombo Saint Mary","floods_1m":1,"floods_2m":1,"floods_3m":1,"first_flood_m":1,"nests":true,"area_km2":0.006}},{"type":"Feature","geometry":{"type":"MultiPolygon","coordinates":[[[[-16.61031,13.38847],[-16.61042,13.38847],[-16.61042,13.38875],[-16.6107,13.38875],[-16.6107,13.38958],[-16.61097,13.38958],[-16.61097,13.38986],[-16.61125,13.38986],[-16.61125,13.39042],[-16.61153,13.39042],[-16.61153,13.39069],[-16.61181,13.39069],[-16.61181,13.39125],[-16.61208,13.39125],[-16.61208,13.39153],[-16.61236,13.39153],[-16.61236,13.39292],[-16.61292,13.39292],[-16.61292,13.39319],[-16.61319,13.39319],[-16.61319,13.39347],[-16.61347,13.39347],[-16.61347,13.39375],[-16.61375,13.39375],[-16.61375,13.39403],[-16.61403,13.39403],[-16.61403,13.39431],[-16.61431,13.39431],[-16.61431,13.39486],[-16.61486,13.39486],[-16.61486,13.39514],[-16.61514,13.39514],[-16.61514,13.39542],[-16.61542,13.39542],[-16.61542,13.39569],[-16.61569,13.39569],[-16.61569,13.39597],[-16.61597,13.39597],[-16.61597,13.39653],[-16.61625,13.39653],[-16.61625,13.39847],[-16.61597,13.39847],[-16.61597,13.3993],[-16.61569,13.3993],[-16.61569,13.40042],[-16.61597,13.40042],[-16.61597,13.40069],[-16.61736,13.40069],[-16.61736,13.40097],[-16.61847,13.40097],[-16.61847,13.40125],[-16.61903,13.40125],[-16.61903,13.40153],[-16.61958,13.40153],[-16.61958,13.40163],[-16.61031,13.40163],[-16.61031,13.38847]]],[[[-16.62292,13.38737],[-16.62457,13.38737],[-16.62457,13.40014],[-16.62347,13.40014],[-16.62347,13.39986],[-16.6232,13.39986],[-16.6232,13.39958],[-16.62292,13.39958],[-16.62292,13.3993],[-16.62264,13.3993],[-16.62264,13.39903],[-16.62236,13.39903],[-16.62236,13.39875],[-16.62209,13.39875],[-16.62209,13.39847],[-16.6218,13.39847],[-16.6218,13.39708],[-16.62209,13.39708],[-16.62209,13.39653],[-16.62264,13.39653],[-16.62264,13.39625],[-16.62292,13.39625],[-16.62292,13.39597],[-16.6232,13.39597],[-16.6232,13.39542],[-16.62375,13.39542],[-16.62375,13.39514],[-16.62403,13.39514],[-16.62403,13.39486],[-16.62431,13.39486],[-16.62431,13.39292],[-16.62403,13.39292],[-16.62403,13.39236],[-16.62347,13.39236],[-16.62347,13.39181],[-16.6232,13.39181],[-16.6232,13.39153],[-16.62264,13.39153],[-16.62264,13.39125],[-16.62236,13.39125],[-16.62236,13.39042],[-16.62209,13.39042],[-16.62209,13.39014],[-16.62236,13.39014],[-16.62236,13.38986],[-16.62264,13.38986],[-16.62264,13.38931],[-16.62292,13.38931],[-16.62292,13.38737]]],[[[-16.61031,13.38792],[-16.61031,13.38737],[-16.6218,13.38737],[-16.6218,13.38764],[-16.62209,13.38764],[-16.62209,13.38903],[-16.6218,13.38903],[-16.6218,13.38931],[-16.62125,13.38931],[-16.62125,13.38986],[-16.62097,13.38986],[-16.62097,13.39014],[-16.62069,13.39014],[-16.62069,13.39069],[-16.62042,13.39069],[-16.62042,13.39097],[-16.62014,13.39097],[-16.62014,13.39153],[-16.61986,13.39153],[-16.61986,13.39208],[-16.62014,13.39208],[-16.62014,13.39236],[-16.62069,13.39236],[-16.62069,13.39264],[-16.62153,13.39264],[-16.62153,13.39292],[-16.6218,13.39292],[-16.6218,13.39319],[-16.62209,13.39319],[-16.62209,13.39375],[-16.62236,13.39375],[-16.62236,13.39431],[-16.62209,13.39431],[-16.62209,13.39514],[-16.6218,13.39514],[-16.6218,13.39542],[-16.62153,13.39542],[-16.62153,13.39569],[-16.62125,13.39569],[-16.62125,13.39653],[-16.62097,13.39653],[-16.62097,13.39681],[-16.62069,13.39681],[-16.62069,13.39736],[-16.62042,13.39736],[-16.62042,13.39792],[-16.62014,13.39792],[-16.62014,13.39958],[-16.61986,13.39958],[-16.61986,13.39986],[-16.61847,13.39986],[-16.61847,13.39958],[-16.61764,13.39958],[-16.61764,13.3993],[-16.61736,13.3993],[-16.61736,13.39875],[-16.61708,13.39875],[-16.61708,13.39708],[-16.61681,13.39708],[-16.61681,13.39625],[-16.61653,13.39625],[-16.61653,13.39542],[-16.61625,13.39542],[-16.61625,13.39514],[-16.61569,13.39514],[-16.61569,13.39486],[-16.61542,13.39486],[-16.61542,13.39458],[-16.61514,13.39458],[-16.61514,13.39431],[-16.61486,13.39431],[-16.61486,13.39403],[-16.61458,13.39403],[-16.61458,13.39375],[-16.61431,13.39375],[-16.61431,13.39347],[-16.61403,13.39347],[-16.61403,13.39319],[-16.61375,13.39319],[-16.61375,13.39292],[-16.61347,13.39292],[-16.61347,13.39264],[-16.6132,13.39264],[-16.61319,13.39181],[-16.61292,13.39181],[-16.61292,13.39069],[-16.61236,13.39069],[-16.61236,13.39042],[-16.61208,13.39042],[-16.61208,13.39014],[-16.61181,13.39014],[-16.61181,13.38958],[-16.61153,13.38958],[-16.61153,13.38931],[-16.61125,13.38931],[-16.61125,13.38847],[-16.61097,13.38847],[-16.61097,13.38819],[-16.6107,13.38819],[-16.6107,13.38792],[-16.61031,13.38792]]]]},"properties":{"region":"Western","district":"Kombo Saint Mary","floods_1m":1,"floods_2m":1,"floods_3m":1,"first_flood_m":1,"nests":true,"area_km2":1.878}},{"type":"Feature","geometry":{"type":"Polygon","coordinates":[[[-16.61031,13.37311],[-16.62457,13.37311],[-16.62457,13.38069],[-16.62457,13.38737],[-16.62292,13.38737],[-16.62292,13.38736],[-16.62264,13.38736],[-16.62264,13.38708],[-16.62236,13.38708],[-16.62236,13.38653],[-16.62209,13.38653],[-16.62209,13.38597],[-16.62014,13.38597],[-16.62014,13.38625],[-16.61986,13.38625],[-16.61986,13.38653],[-16.62014,13.38653],[-16.62014,13.38708],[-16.62153,13.38708],[-16.62153,13.38736],[-16.6218,13.38736],[-16.6218,13.38737],[-16.61031,13.38737],[-16.61031,13.38069],[-16.61031,13.37311]]]},"properties":{"region":"Western","district":"Kombo Saint Mary","floods_1m":1,"floods_2m":1,"floods_3m":1,"first_flood_m":1,"nests":true,"area_km2":2.413}},{"type":"Feature","geometry":{"type":"Polygon","coordinates":[[[-16.63883,13.40163],[-16.65309,13.40163],[-16.65309,13.41589],[-16.63883,13.41589],[-16.63883,13.40163]]]},"properties":{"region":"Western","district":"Kombo Saint Mary","floods_1m":1,"floods_2m":1,"floods_3m":1,"first_flood_m":1,"nests":true,"area_km2":2.446}},{"type":"Feature","geometry":{"type":"Polygon","coordinates":[[[-16.59606,13.3446],[-16.61031,13.3446],[-16.61031,13.35886],[-16.59606,13.35886],[-16.59606,13.3446]]]},"properties":{"region":"Western","district":"Kombo Saint Mary","floods_1m":1,"floods_2m":1,"floods_3m":1,"first_flood_m":1,"nests":true,"area_km2":2.445}},{"type":"Feature","geometry":{"type":"Polygon","coordinates":[[[-16.62457,13.40014],[-16.62457,13.38737],[-16.63883,13.38737],[-16.63883,13.40163],[-16.62625,13.40163],[-16.62625,13.40125],[-16.62653,13.40125],[-16.62653,13.40069],[-16.62708,13.40069],[-16.62708,13.40042],[-16.62764,13.40042],[-16.62764,13.40069],[-16.62792,13.40069],[-16.62792,13.40097],[-16.62847,13.40097],[-16.62847,13.40125],[-16.62903,13.40125],[-16.62903,13.40042],[-16.62875,13.40042],[-16.62875,13.40014],[-16.62847,13.40014],[-16.62847,13.39958],[-16.62819,13.39958],[-16.62819,13.3993],[-16.62792,13.3993],[-16.62792,13.39903],[-16.62736,13.39903],[-16.62736,13.39875],[-16.62625,13.39875],[-16.62625,13.39903],[-16.62597,13.39903],[-16.62597,13.3993],[-16.62542,13.3993],[-16.62542,13.39958],[-16.62514,13.39958],[-16.62514,13.39986],[-16.62486,13.39986],[-16.62486,13.40014],[-16.62457,13.40014]]]},"properties":{"region":"Western","district":"Kombo Saint Mary","floods_1m":1,"floods_2m":1,"floods_3m":1,"first_flood_m":1,"nests":true,"area_km2":2.35}},{"type":"Feature","geometry":{"type":"Polygon","coordinates":[[[-16.78141,13.36193],[-16.78148,13.36193],[-16.78221,13.36191],[-16.78307,13.36183],[-16.78419,13.36171],[-16.78478,13.36108],[-16.78482,13.36034],[-16.78469,13.35938],[-16.78496,13.35905],[-16.7854,13.35896],[-16.78596,13.35909],[-16.78658,13.35887],[-16.78659,13.35886],[-16.78814,13.35886],[-16.78829,13.35898],[-16.78863,13.3595],[-16.78898,13.36014],[-16.78929,13.36109],[-16.78925,13.36167],[-16.78886,13.36201],[-16.78809,13.36243],[-16.7874,13.36305],[-16.78727,13.36385],[-16.78741,13.3644],[-16.78826,13.36487],[-16.78926,13.36509],[-16.79031,13.36519],[-16.79135,13.36504],[-16.792,13.36473],[-16.79259,13.36422],[-16.79322,13.3638],[-16.79384,13.36378],[-16.79426,13.36315],[-16.79433,13.36243],[-16.79451,13.36198],[-16.79525,13.36159],[-16.79567,13.36139],[-16.79567,13.36736],[-16.79542,13.36736],[-16.79542,13.36792],[-16.79514,13.36792],[-16.79514,13.36875],[-16.79486,13.36875],[-16.79486,13.3718],[-16.79458,13.3718],[-16.79458,13.37311],[-16.78141,13.37311],[-16.78141,13.36193]]]},"properties":{"region":"Western","district":"Kombo Saint Mary","floods_1m":1,"floods_2m":1,"floods_3m":1,"first_flood_m":1,"nests":true,"area_km2":1.808}},{"type":"Feature","geometry":{"type":"Polygon","coordinates":[[[-16.72438,13.43015],[-16.73153,13.43015],[-16.73153,13.43069],[-16.73125,13.43069],[-16.73125,13.43125],[-16.73097,13.43125],[-16.73097,13.4318],[-16.7307,13.4318],[-16.7307,13.43236],[-16.73042,13.43236],[-16.73042,13.43264],[-16.73014,13.43264],[-16.73014,13.4332],[-16.72986,13.4332],[-16.72986,13.43375],[-16.72959,13.43375],[-16.72959,13.43403],[-16.7293,13.43403],[-16.7293,13.43431],[-16.72903,13.43431],[-16.72903,13.43458],[-16.72875,13.43458],[-16.72875,13.43514],[-16.72847,13.43514],[-16.72847,13.43569],[-16.72819,13.43569],[-16.72819,13.43625],[-16.72792,13.43625],[-16.72792,13.4368],[-16.72764,13.4368],[-16.72764,13.43764],[-16.72736,13.43764],[-16.72736,13.43875],[-16.72708,13.43875],[-16.72708,13.43986],[-16.7268,13.43986],[-16.7268,13.44042],[-16.72653,13.44042],[-16.72653,13.44097],[-16.72625,13.44097],[-16.72625,13.44153],[-16.72597,13.44153],[-16.72597,13.44236],[-16.72569,13.44236],[-16.72569,13.44292],[-16.72542,13.44292],[-16.72542,13.44347],[-16.72514,13.44347],[-16.72514,13.44431],[-16.72486,13.44431],[-16.72486,13.4444],[-16.72438,13.4444],[-16.72438,13.43015]]]},"properties":{"region":"Western","district":"Kombo Saint Mary","floods_1m":1,"floods_2m":1,"floods_3m":1,"first_flood_m":1,"nests":true,"area_km2":0.621}},{"type":"Feature","geometry":{"type":"Polygon","coordinates":[[[-16.59895,13.38737],[-16.61031,13.38737],[-16.61031,13.38792],[-16.61014,13.38792],[-16.61014,13.38847],[-16.61031,13.38847],[-16.61031,13.40163],[-16.60547,13.40163],[-16.60486,13.39942],[-16.60312,13.39416],[-16.59895,13.38737]]]},"properties":{"region":"Western","district":"Kombo Saint Mary","floods_1m":1,"floods_2m":1,"floods_3m":1,"first_flood_m":1,"nests":true,"area_km2":1.293}},{"type":"Feature","geometry":{"type":"Polygon","coordinates":[[[-16.81625,13.38737],[-16.81458,13.38737],[-16.81458,13.3868],[-16.81431,13.3868],[-16.81431,13.38597],[-16.81458,13.38597],[-16.81458,13.3857],[-16.81597,13.3857],[-16.81597,13.38542],[-16.81653,13.38542],[-16.81653,13.38514],[-16.8168,13.38514],[-16.8168,13.38542],[-16.81736,13.38542],[-16.81736,13.38625],[-16.81708,13.38625],[-16.81708,13.38653],[-16.8168,13.38653],[-16.8168,13.3868],[-16.81653,13.3868],[-16.81653,13.38736],[-16.81625,13.38736],[-16.81625,13.38737]]]},"properties":{"region":"Western","district":"Kombo Saint Mary","floods_1m":1,"floods_2m":1,"floods_3m":1,"first_flood_m":1,"nests":true,"area_km2":0.056}},{"type":"Feature","geometry":{"type":"Polygon","coordinates":[[[-16.59174,13.37311],[-16.59606,13.37311],[-16.59606,13.38069],[-16.59606,13.38266],[-16.59488,13.38074],[-16.59174,13.37311]]]},"properties":{"region":"Western","district":"Kombo Saint Mary","floods_1m":1,"floods_2m":1,"floods_3m":1,"first_flood_m":1,"nests":true,"area_km2":0.266}},{"type":"Feature","geometry":{"type":"Polygon","coordinates":[[[-16.75289,13.10221],[-16.76715,13.10221],[-16.76715,13.10736],[-16.76708,13.10736],[-16.76708,13.10903],[-16.76681,13.10903],[-16.76681,13.11042],[-16.76653,13.11042],[-16.76653,13.11153],[-16.76625,13.11153],[-16.76625,13.11292],[-16.76597,13.11292],[-16.76597,13.11647],[-16.75289,13.11647],[-16.75289,13.10221]]]},"properties":{"region":"Western","district":"Kombo South","floods_1m":1,"floods_2m":1,"floods_3m":1,"first_flood_m":1,"nests":true,"area_km2":2.368}},{"type":"Feature","geometry":{"type":"Polygon","coordinates":[[[-16.72438,13.10906],[-16.72438,13.11647],[-16.72426,13.11647],[-16.72404,13.1163],[-16.72277,13.1146],[-16.72173,13.11375],[-16.72286,13.10927],[-16.72438,13.10906]]]},"properties":{"region":"Western","district":"Kombo South","floods_1m":1,"floods_2m":1,"floods_3m":1,"first_flood_m":1,"nests":true,"area_km2":0.157}},{"type":"Feature","geometry":{"type":"Polygon","coordinates":[[[-16.71012,13.13242],[-16.7104,13.13178],[-16.7105,13.13073],[-16.72438,13.13073],[-16.72438,13.14499],[-16.71012,13.14499],[-16.71012,13.13242]]]},"properties":{"region":"Western","district":"Kombo South","floods_1m":1,"floods_2m":1,"floods_3m":1,"first_flood_m":1,"nests":true,"area_km2":2.443}},{"type":"Feature","geometry":{"type":"Polygon","coordinates":[[[-16.78141,13.1735],[-16.7843,13.1735],[-16.7843,13.17375],[-16.78403,13.17375],[-16.78403,13.17597],[-16.78375,13.17597],[-16.78375,13.17819],[-16.78347,13.17819],[-16.78347,13.17875],[-16.7832,13.17875],[-16.7832,13.17958],[-16.78292,13.17958],[-16.78292,13.18776],[-16.78141,13.18776],[-16.78141,13.1735]]]},"properties":{"region":"Western","district":"Kombo South","floods_1m":1,"floods_2m":1,"floods_3m":1,"first_flood_m":1,"nests":true,"area_km2":0.322}},{"type":"Feature","geometry":{"type":"Polygon","coordinates":[[[-16.71012,13.14499],[-16.72438,13.14499],[-16.72438,13.15924],[-16.71012,13.15924],[-16.71012,13.14499]]]},"properties":{"region":"Western","district":"Kombo South","floods_1m":1,"floods_2m":1,"floods_3m":1,"first_flood_m":1,"nests":true,"area_km2":2.447}},{"type":"Feature","geometry":{"type":"Polygon","coordinates":[[[-16.78141,13.21628],[-16.78264,13.21628],[-16.78264,13.22125],[-16.78292,13.22125],[-16.78292,13.22847],[-16.7832,13.22847],[-16.7832,13.23053],[-16.78141,13.23053],[-16.78141,13.21628]]]},"properties":{"region":"Western","district":"Kombo South","floods_1m":1,"floods_2m":1,"floods_3m":1,"first_flood_m":1,"nests":true,"area_km2":0.249}},{"type":"Feature","geometry":{"type":"Polygon","coordinates":[[[-16.76715,13.20202],[-16.78141,13.20202],[-16.78141,13.21628],[-16.76715,13.21628],[-16.76715,13.20202]]]},"properties":{"region":"Western","district":"Kombo South","floods_1m":1,"floods_2m":1,"floods_3m":1,"first_flood_m":1,"nests":true,"area_km2":2.448}},{"type":"Feature","geometry":{"type":"Polygon","coordinates":[[[-16.79567,13.3446],[-16.80993,13.3446],[-16.80993,13.34569],[-16.80959,13.34569],[-16.80959,13.34597],[-16.80903,13.34597],[-16.80903,13.34625],[-16.80875,13.34625],[-16.80875,13.34653],[-16.80764,13.34653],[-16.80764,13.34569],[-16.80736,13.34569],[-16.80736,13.34542],[-16.80542,13.34542],[-16.80542,13.34569],[-16.80458,13.34569],[-16.80458,13.34597],[-16.80431,13.34597],[-16.80431,13.34625],[-16.80403,13.34625],[-16.80403,13.34653],[-16.80375,13.34653],[-16.80375,13.34681],[-16.80347,13.34681],[-16.80347,13.34736],[-16.80319,13.34736],[-16.80319,13.34764],[-16.80292,13.34764],[-16.80292,13.34792],[-16.80208,13.34792],[-16.80208,13.3482],[-16.80181,13.3482],[-16.80181,13.34875],[-16.80153,13.34875],[-16.80153,13.34931],[-16.80125,13.34931],[-16.80125,13.34986],[-16.80097,13.34986],[-16.80097,13.35042],[-16.80069,13.35042],[-16.80069,13.35097],[-16.80042,13.35097],[-16.80042,13.3518],[-16.80014,13.3518],[-16.80014,13.35292],[-16.79986,13.35292],[-16.79986,13.35375],[-16.79958,13.35375],[-16.79958,13.35431],[-16.79931,13.35431],[-16.79931,13.35486],[-16.79903,13.35486],[-16.79903,13.35542],[-16.79875,13.35542],[-16.79875,13.35886],[-16.79567,13.35886],[-16.79567,13.3446]]]},"properties":{"region":"Western","district":"Kombo South","floods_1m":1,"floods_2m":1,"floods_3m":1,"first_flood_m":1,"nests":true,"area_km2":0.969}},{"type":"Feature","geometry":{"type":"Polygon","coordinates":[[[-16.79567,13.33034],[-16.80653,13.33034],[-16.80653,13.33042],[-16.8068,13.33042],[-16.8068,13.33125],[-16.80708,13.33125],[-16.80708,13.33181],[-16.80736,13.33181],[-16.80736,13.33208],[-16.80764,13.33208],[-16.80764,13.33236],[-16.80792,13.33236],[-16.80792,13.33264],[-16.80819,13.33264],[-16.80819,13.3332],[-16.80847,13.3332],[-16.80847,13.33347],[-16.80875,13.33347],[-16.80875,13.33375],[-16.80903,13.33375],[-16.80903,13.33431],[-16.8093,13.33431],[-16.8093,13.33458],[-16.80959,13.33458],[-16.80959,13.33486],[-16.80986,13.33486],[-16.80986,13.33514],[-16.80993,13.33514],[-16.80993,13.3446],[-16.79567,13.3446],[-16.79567,13.33034]]]},"properties":{"region":"Western","district":"Kombo South","floods_1m":1,"floods_2m":1,"floods_3m":1,"first_flood_m":1,"nests":true,"area_km2":2.34}},{"type":"Feature","geometry":{"type":"Polygon","coordinates":[[[-16.76715,13.24479],[-16.78141,13.24479],[-16.78141,13.25905],[-16.76715,13.25905],[-16.76715,13.24479]]]},"properties":{"region":"Western","district":"Kombo South","floods_1m":0,"floods_2m":1,"floods_3m":1,"first_flood_m":2,"nests":true,"area_km2":2.447}},{"type":"Feature","geometry":{"type":"Polygon","coordinates":[[[-16.72438,13.10906],[-16.72488,13.10899],[-16.72643,13.11032],[-16.72699,13.11225],[-16.72766,13.11376],[-16.72855,13.11505],[-16.72958,13.11533],[-16.73158,13.11526],[-16.73231,13.11523],[-16.73337,13.11514],[-16.7339,13.1151],[-16.73517,13.11403],[-16.73601,13.11219],[-16.73676,13.11035],[-16.73713,13.10801],[-16.73727,13.10653],[-16.73703,13.10524],[-16.73614,13.1045],[-16.73506,13.10267],[-16.73429,13.10221],[-16.73864,13.10221],[-16.73864,13.11647],[-16.72438,13.11647],[-16.72438,13.10906]]]},"properties":{"region":"Western","district":"Kombo South","floods_1m":1,"floods_2m":1,"floods_3m":1,"first_flood_m":1,"nests":true,"area_km2":0.79}},{"type":"Feature","geometry":{"type":"Polygon","coordinates":[[[-16.75289,13.08795],[-16.76715,13.08795],[-16.76715,13.10221],[-16.75289,13.10221],[-16.75289,13.08795]]]},"properties":{"region":"Western","district":"Kombo South","floods_1m":0,"floods_2m":1,"floods_3m":1,"first_flood_m":2,"nests":true,"area_km2":2.449}},{"type":"Feature","geometry":{"type":"Polygon","coordinates":[[[-16.76715,13.07708],[-16.76764,13.07708],[-16.76764,13.07736],[-16.76792,13.07736],[-16.76792,13.07764],[-16.76819,13.07764],[-16.76819,13.07792],[-16.76875,13.07792],[-16.76875,13.07819],[-16.7707,13.07819],[-16.7707,13.07792],[-16.77181,13.07792],[-16.77181,13.07847],[-16.77208,13.07847],[-16.77208,13.08125],[-16.77181,13.08125],[-16.77181,13.08208],[-16.77153,13.08208],[-16.77153,13.08319],[-16.77125,13.08319],[-16.77125,13.0843],[-16.77097,13.0843],[-16.77097,13.08795],[-16.76715,13.08795],[-16.76715,13.07708]]]},"properties":{"region":"Western","district":"Kombo South","floods_1m":1,"floods_2m":1,"floods_3m":1,"first_flood_m":1,"nests":true,"area_km2":0.525}},{"type":"Feature","geometry":{"type":"Polygon","coordinates":[[[-16.68006,13.16778],[-16.6816,13.168],[-16.6816,13.1735],[-16.6802,13.1735],[-16.68006,13.16778]]]},"properties":{"region":"Western","district":"Kombo South","floods_1m":1,"floods_2m":1,"floods_3m":1,"first_flood_m":1,"nests":true,"area_km2":0.099}},{"type":"Feature","geometry":{"type":"Polygon","coordinates":[[[-16.79567,13.30182],[-16.80264,13.30182],[-16.80264,13.30625],[-16.80236,13.30625],[-16.80236,13.30792],[-16.80264,13.30792],[-16.80264,13.31403],[-16.80292,13.31403],[-16.80292,13.31608],[-16.79567,13.31608],[-16.79567,13.30182]]]},"properties":{"region":"Western","district":"Kombo South","floods_1m":1,"floods_2m":1,"floods_3m":1,"first_flood_m":1,"nests":true,"area_km2":1.197}},{"type":"Feature","geometry":{"type":"Polygon","coordinates":[[[-16.69586,13.1735],[-16.71012,13.1735],[-16.71012,13.18776],[-16.69586,13.18776],[-16.69586,13.1735]]]},"properties":{"region":"Western","district":"Kombo South","floods_1m":0,"floods_2m":1,"floods_3m":1,"first_flood_m":2,"nests":true,"area_km2":2.448}},{"type":"Feature","geometry":{"type":"Polygon","coordinates":[[[-16.76715,13.25905],[-16.78141,13.25905],[-16.78141,13.27331],[-16.76715,13.27331],[-16.76715,13.25905]]]},"properties":{"region":"Western","district":"Kombo South","floods_1m":0,"floods_2m":1,"floods_3m":1,"first_flood_m":2,"nests":true,"area_km2":2.447}},{"type":"Feature","geometry":{"type":"Polygon","coordinates":[[[-16.79567,13.27331],[-16.80431,13.27331],[-16.80431,13.27347],[-16.80486,13.27347],[-16.80486,13.27375],[-16.80514,13.27375],[-16.80514,13.27431],[-16.80542,13.27431],[-16.80542,13.27458],[-16.80569,13.27458],[-16.80569,13.27486],[-16.80597,13.27486],[-16.80597,13.27514],[-16.8068,13.27514],[-16.8068,13.27764],[-16.80653,13.27764],[-16.80653,13.2782],[-16.80625,13.2782],[-16.80625,13.28292],[-16.80653,13.28292],[-16.80653,13.28458],[-16.8068,13.28458],[-16.8068,13.28542],[-16.80653,13.28542],[-16.80653,13.28708],[-16.80625,13.28708],[-16.80625,13.28736],[-16.80653,13.28736],[-16.80653,13.28757],[-16.79567,13.28757],[-16.79567,13.27331]]]},"properties":{"region":"Western","district":"Kombo South","floods_1m":1,"floods_2m":1,"floods_3m":1,"first_flood_m":1,"nests":true,"area_km2":1.83}},{"type":"Feature","geometry":{"type":"Polygon","coordinates":[[[-16.76715,13.23053],[-16.78141,13.23053],[-16.78141,13.24479],[-16.76715,13.24479],[-16.76715,13.23053]]]},"properties":{"region":"Western","district":"Kombo South","floods_1m":0,"floods_2m":1,"floods_3m":1,"first_flood_m":2,"nests":true,"area_km2":2.447}},{"type":"Feature","geometry":{"type":"Polygon","coordinates":[[[-16.78141,13.23053],[-16.7832,13.23053],[-16.7832,13.23319],[-16.78292,13.23319],[-16.78292,13.23708],[-16.7832,13.23708],[-16.7832,13.24042],[-16.78347,13.24042],[-16.78347,13.24125],[-16.78375,13.24125],[-16.78375,13.24208],[-16.78403,13.24208],[-16.78403,13.24264],[-16.7843,13.24264],[-16.7843,13.24319],[-16.78459,13.24319],[-16.78459,13.24479],[-16.78141,13.24479],[-16.78141,13.23053]]]},"properties":{"region":"Western","district":"Kombo South","floods_1m":1,"floods_2m":1,"floods_3m":1,"first_flood_m":1,"nests":true,"area_km2":0.342}},{"type":"Feature","geometry":{"type":"Polygon","coordinates":[[[-16.75289,13.0737],[-16.75597,13.0737],[-16.75597,13.07375],[-16.75653,13.07375],[-16.75653,13.07403],[-16.75709,13.07403],[-16.75709,13.07431],[-16.75764,13.07431],[-16.75764,13.07458],[-16.7582,13.07458],[-16.7582,13.07486],[-16.75847,13.07486],[-16.75847,13.07514],[-16.75931,13.07514],[-16.75931,13.07542],[-16.75986,13.07542],[-16.75986,13.07569],[-16.76042,13.07569],[-16.76042,13.07597],[-16.76153,13.07597],[-16.76153,13.07625],[-16.76292,13.07625],[-16.76292,13.07653],[-16.76542,13.07653],[-16.76542,13.0768],[-16.76708,13.0768],[-16.76708,13.07708],[-16.76715,13.07708],[-16.76715,13.08795],[-16.75289,13.08795],[-16.75289,13.0737]]]},"properties":{"region":"Western","district":"Kombo South","floods_1m":1,"floods_2m":1,"floods_3m":1,"first_flood_m":1,"nests":true,"area_km2":2.169}},{"type":"Feature","geometry":{"type":"Polygon","coordinates":[[[-16.74792,13.06466],[-16.74792,13.0657],[-16.74819,13.0657],[-16.74819,13.06597],[-16.74847,13.06597],[-16.74847,13.06625],[-16.74875,13.06625],[-16.74875,13.06681],[-16.74903,13.06681],[-16.74907,13.06708],[-16.74931,13.06708],[-16.74931,13.06736],[-16.74958,13.06736],[-16.74958,13.06792],[-16.74986,13.06792],[-16.74986,13.06819],[-16.75014,13.06819],[-16.75014,13.06847],[-16.75042,13.06847],[-16.75042,13.06875],[-16.75069,13.06875],[-16.75069,13.06931],[-16.75097,13.06931],[-16.75097,13.06958],[-16.75125,13.06958],[-16.75125,13.06986],[-16.75153,13.06986],[-16.75153,13.07014],[-16.75181,13.07014],[-16.75181,13.07069],[-16.75208,13.07069],[-16.75208,13.07097],[-16.75264,13.07097],[-16.75264,13.07125],[-16.75289,13.07125],[-16.75289,13.0737],[-16.74306,13.0737],[-16.74327,13.07354],[-16.74384,13.07244],[-16.74478,13.0705],[-16.74571,13.06871],[-16.74667,13.06613],[-16.7468,13.06597],[-16.74792,13.06466]]]},"properties":{"region":"Western","district":"Kombo South","floods_1m":1,"floods_2m":1,"floods_3m":1,"first_flood_m":1,"nests":true,"area_km2":0.578}},{"type":"Feature","geometry":{"type":"Polygon","coordinates":[[[-16.79567,13.31608],[-16.80292,13.31608],[-16.80292,13.31792],[-16.80319,13.31792],[-16.80319,13.31958],[-16.80347,13.31958],[-16.80347,13.32042],[-16.80375,13.32042],[-16.80375,13.32125],[-16.80403,13.32125],[-16.80403,13.32264],[-16.80431,13.32264],[-16.80431,13.32347],[-16.80458,13.32347],[-16.80458,13.32403],[-16.80486,13.32403],[-16.80486,13.32486],[-16.80514,13.32486],[-16.80514,13.32597],[-16.80542,13.32597],[-16.80542,13.32681],[-16.80569,13.32681],[-16.80569,13.32819],[-16.80597,13.32819],[-16.80597,13.32903],[-16.80625,13.32903],[-16.80625,13.32986],[-16.80653,13.32986],[-16.80653,13.33034],[-16.79567,13.33034],[-16.79567,13.31608]]]},"properties":{"region":"Western","district":"Kombo South","floods_1m":1,"floods_2m":1,"floods_3m":1,"first_flood_m":1,"nests":true,"area_km2":1.512}},{"type":"Feature","geometry":{"type":"Polygon","coordinates":[[[-16.75289,13.07125],[-16.75292,13.07125],[-16.75292,13.07153],[-16.75319,13.07153],[-16.75319,13.07181],[-16.75347,13.07181],[-16.75347,13.07208],[-16.75375,13.07208],[-16.75375,13.07236],[-16.7543,13.07236],[-16.7543,13.07264],[-16.75458,13.07264],[-16.75458,13.07292],[-16.75486,13.07292],[-16.75486,13.07319],[-16.75542,13.07319],[-16.75542,13.07347],[-16.75597,13.07347],[-16.75597,13.0737],[-16.75289,13.0737],[-16.75289,13.07125]]]},"properties":{"region":"Western","district":"Kombo South","floods_1m":1,"floods_2m":1,"floods_3m":1,"first_flood_m":1,"nests":true,"area_km2":0.04}},{"type":"Feature","geometry":{"type":"Polygon","coordinates":[[[-16.79567,13.26958],[-16.79625,13.26958],[-16.79625,13.26986],[-16.79736,13.26986],[-16.79736,13.27014],[-16.79903,13.27014],[-16.79903,13.26986],[-16.79931,13.26986],[-16.79931,13.26958],[-16.80012,13.26958],[-16.80097,13.26958],[-16.80097,13.26986],[-16.80125,13.26986],[-16.80125,13.27014],[-16.80153,13.27014],[-16.80153,13.27042],[-16.80181,13.27042],[-16.80181,13.27069],[-16.80208,13.27069],[-16.80208,13.27125],[-16.80264,13.27125],[-16.80264,13.27153],[-16.80292,13.27153],[-16.80292,13.2718],[-16.80319,13.2718],[-16.80319,13.27208],[-16.80347,13.27208],[-16.80347,13.27264],[-16.80375,13.27264],[-16.80375,13.27292],[-16.80403,13.27292],[-16.80403,13.2732],[-16.80431,13.2732],[-16.80431,13.27331],[-16.79567,13.27331],[-16.79567,13.26958]]]},"properties":{"region":"Western","district":"Kombo South","floods_1m":1,"floods_2m":1,"floods_3m":1,"first_flood_m":1,"nests":true,"area_km2":0.295}},{"type":"Feature","geometry":{"type":"Polygon","coordinates":[[[-16.73864,13.08795],[-16.75289,13.08795],[-16.75289,13.10221],[-16.73864,13.10221],[-16.73864,13.08795]]]},"properties":{"region":"Western","district":"Kombo South","floods_1m":1,"floods_2m":1,"floods_3m":1,"first_flood_m":1,"nests":true,"area_km2":2.447}},{"type":"Feature","geometry":{"type":"Polygon","coordinates":[[[-16.78141,13.3446],[-16.79567,13.3446],[-16.79567,13.35886],[-16.78814,13.35886],[-16.78773,13.35851],[-16.78703,13.3585],[-16.78659,13.35886],[-16.78141,13.35886],[-16.78141,13.3446]]]},"properties":{"region":"Western","district":"Kombo South","floods_1m":0,"floods_2m":0,"floods_3m":1,"first_flood_m":3,"nests":true,"area_km2":2.441}},{"type":"Feature","geometry":{"type":"Polygon","coordinates":[[[-16.79567,13.36139],[-16.79567,13.35886],[-16.79875,13.35886],[-16.79875,13.35958],[-16.79847,13.35958],[-16.79847,13.3607],[-16.7982,13.3607],[-16.7982,13.36125],[-16.79791,13.36125],[-16.79791,13.36147],[-16.79578,13.36133],[-16.79567,13.36139]]]},"properties":{"region":"Western","district":"Kombo South","floods_1m":0,"floods_2m":1,"floods_3m":1,"first_flood_m":2,"nests":true,"area_km2":0.085}},{"type":"Feature","geometry":{"type":"Polygon","coordinates":[[[-16.6816,13.168],[-16.68414,13.16838],[-16.68865,13.16791],[-16.68982,13.16686],[-16.69086,13.16597],[-16.69071,13.16528],[-16.6905,13.16431],[-16.69035,13.16364],[-16.69012,13.16261],[-16.69008,13.16241],[-16.68973,13.16078],[-16.69085,13.16041],[-16.69198,13.16],[-16.69353,13.15985],[-16.69432,13.15986],[-16.69516,13.16048],[-16.69564,13.16083],[-16.69586,13.16101],[-16.69586,13.1735],[-16.6816,13.1735],[-16.6816,13.168]]]},"properties":{"region":"Western","district":"Kombo South","floods_1m":1,"floods_2m":1,"floods_3m":1,"first_flood_m":1,"nests":true,"area_km2":1.471}},{"type":"Feature","geometry":{"type":"Polygon","coordinates":[[[-16.76715,13.12542],[-16.76736,13.12542],[-16.76736,13.12569],[-16.76764,13.12569],[-16.76764,13.12625],[-16.76792,13.12625],[-16.76792,13.12681],[-16.76819,13.12681],[-16.76819,13.12708],[-16.76875,13.12708],[-16.76875,13.12736],[-16.7693,13.12736],[-16.7693,13.12764],[-16.77125,13.12764],[-16.77125,13.12792],[-16.77153,13.12792],[-16.77153,13.12875],[-16.77181,13.12875],[-16.77181,13.12986],[-16.77208,13.12986],[-16.77208,13.13069],[-16.77236,13.13069],[-16.77236,13.13073],[-16.76715,13.13073],[-16.76715,13.12542]]]},"properties":{"region":"Western","district":"Kombo South","floods_1m":1,"floods_2m":1,"floods_3m":1,"first_flood_m":1,"nests":true,"area_km2":0.197}},{"type":"Feature","geometry":{"type":"MultiPolygon","coordinates":[[[[-16.77187,13.35886],[-16.78141,13.35886],[-16.78141,13.36193],[-16.78051,13.36188],[-16.77981,13.36153],[-16.77949,13.36121],[-16.77904,13.36134],[-16.77862,13.36185],[-16.77823,13.36231],[-16.77753,13.36244],[-16.77645,13.36165],[-16.77646,13.36082],[-16.77644,13.36021],[-16.77624,13.35989],[-16.77559,13.35977],[-16.7748,13.35984],[-16.77374,13.35997],[-16.77277,13.35961],[-16.77234,13.35923],[-16.77199,13.35891],[-16.77187,13.35886]]],[[[-16.76732,13.35886],[-16.77072,13.35886],[-16.77055,13.35894],[-16.76954,13.35919],[-16.76887,13.35918],[-16.76781,13.3589],[-16.76732,13.35886]]]]},"properties":{"region":"Western","district":"Kombo South","floods_1m":1,"floods_2m":1,"floods_3m":1,"first_flood_m":1,"nests":true,"area_km2":0.235}},{"type":"Feature","geometry":{"type":"Polygon","coordinates":[[[-16.73864,13.07448],[-16.73864,13.08795],[-16.73214,13.08795],[-16.73208,13.08786],[-16.7308,13.08621],[-16.72968,13.08414],[-16.72911,13.08207],[-16.73028,13.0795],[-16.73084,13.07793],[-16.7322,13.07646],[-16.73365,13.07516],[-16.73516,13.0747],[-16.73732,13.07465],[-16.73864,13.07448]]]},"properties":{"region":"Western","district":"Kombo South","floods_1m":1,"floods_2m":1,"floods_3m":1,"first_flood_m":1,"nests":true,"area_km2":1.261}},{"type":"Feature","geometry":{"type":"Polygon","coordinates":[[[-16.70456,13.14499],[-16.71012,13.14499],[-16.71012,13.15924],[-16.70183,13.15924],[-16.70142,13.15851],[-16.70071,13.15737],[-16.69991,13.15631],[-16.69944,13.15571],[-16.69916,13.15438],[-16.6993,13.15355],[-16.7,13.15304],[-16.7009,13.15281],[-16.70217,13.15506],[-16.70329,13.15579],[-16.70489,13.1563],[-16.70583,13.15611],[-16.70723,13.15538],[-16.70804,13.15432],[-16.70916,13.15188],[-16.70948,13.14976],[-16.70924,13.14866],[-16.70798,13.14709],[-16.70723,13.14668],[-16.70568,13.14613],[-16.70492,13.14554],[-16.70456,13.14499]]]},"properties":{"region":"Western","district":"Kombo South","floods_1m":1,"floods_2m":1,"floods_3m":1,"first_flood_m":1,"nests":true,"area_km2":0.723}},{"type":"Feature","geometry":{"type":"Polygon","coordinates":[[[-16.79567,13.28757],[-16.80653,13.28757],[-16.80653,13.28792],[-16.80625,13.28792],[-16.80625,13.28847],[-16.80597,13.28847],[-16.80597,13.28875],[-16.80569,13.28875],[-16.80569,13.28931],[-16.80542,13.28931],[-16.80542,13.28986],[-16.80514,13.28986],[-16.80514,13.29042],[-16.80486,13.29042],[-16.80486,13.29097],[-16.80514,13.29097],[-16.80514,13.29125],[-16.80486,13.29125],[-16.80486,13.2918],[-16.80458,13.2918],[-16.80458,13.29264],[-16.80431,13.29264],[-16.80431,13.29347],[-16.80403,13.29347],[-16.80403,13.29431],[-16.80375,13.29431],[-16.80375,13.2957],[-16.80347,13.2957],[-16.80347,13.29653],[-16.80319,13.29653],[-16.80319,13.29792],[-16.80292,13.29792],[-16.80292,13.2993],[-16.80264,13.2993],[-16.80264,13.29986],[-16.80292,13.29986],[-16.80292,13.30042],[-16.80264,13.30042],[-16.80264,13.30182],[-16.79567,13.30182],[-16.79567,13.28757]]]},"properties":{"region":"Western","district":"Kombo South","floods_1m":1,"floods_2m":1,"floods_3m":1,"first_flood_m":1,"nests":true,"area_km2":1.433}},{"type":"Feature","geometry":{"type":"Polygon","coordinates":[[[-16.76715,13.10736],[-16.76715,13.10221],[-16.76792,13.10221],[-16.76792,13.10292],[-16.76764,13.10292],[-16.76764,13.10653],[-16.76736,13.10653],[-16.76736,13.10736],[-16.76715,13.10736]]]},"properties":{"region":"Western","district":"Kombo South","floods_1m":0,"floods_2m":1,"floods_3m":1,"first_flood_m":2,"nests":true,"area_km2":0.03}},{"type":"Feature","geometry":{"type":"Polygon","coordinates":[[[-16.71012,13.13242],[-16.71012,13.14499],[-16.70456,13.14499],[-16.70417,13.14439],[-16.70332,13.14324],[-16.70341,13.14209],[-16.70369,13.14062],[-16.70383,13.1396],[-16.70393,13.13878],[-16.70393,13.13763],[-16.70327,13.13685],[-16.70143,13.13524],[-16.70101,13.13446],[-16.70129,13.13363],[-16.70251,13.13294],[-16.70368,13.13238],[-16.7049,13.13271],[-16.70631,13.1345],[-16.70721,13.13463],[-16.70806,13.13449],[-16.70923,13.13422],[-16.7096,13.13362],[-16.71012,13.13242]]]},"properties":{"region":"Western","district":"Kombo South","floods_1m":1,"floods_2m":1,"floods_3m":1,"first_flood_m":1,"nests":true,"area_km2":0.958}},{"type":"Feature","geometry":{"type":"Polygon","coordinates":[[[-16.76715,13.35884],[-16.76715,13.3446],[-16.78141,13.3446],[-16.78141,13.35886],[-16.77187,13.35886],[-16.77143,13.35867],[-16.77093,13.35875],[-16.77072,13.35886],[-16.76732,13.35886],[-16.76715,13.35884]]]},"properties":{"region":"Western","district":"Kombo South","floods_1m":1,"floods_2m":1,"floods_3m":1,"first_flood_m":1,"nests":true,"area_km2":2.445}},{"type":"Feature","geometry":{"type":"Polygon","coordinates":[[[-16.69586,13.16101],[-16.69663,13.16165],[-16.69827,13.16271],[-16.70039,13.16275],[-16.70198,13.16206],[-16.70217,13.16127],[-16.70217,13.15984],[-16.70183,13.15924],[-16.71012,13.15924],[-16.71012,13.1735],[-16.69586,13.1735],[-16.69586,13.16101]]]},"properties":{"region":"Western","district":"Kombo South","floods_1m":1,"floods_2m":1,"floods_3m":1,"first_flood_m":1,"nests":true,"area_km2":2.217}},{"type":"Feature","geometry":{"type":"Polygon","coordinates":[[[-16.76715,13.08795],[-16.77097,13.08795],[-16.77097,13.08875],[-16.7707,13.08875],[-16.7707,13.09125],[-16.77041,13.09125],[-16.77041,13.09375],[-16.77014,13.09375],[-16.77014,13.09431],[-16.76986,13.09431],[-16.76986,13.09542],[-16.76958,13.09542],[-16.76958,13.09681],[-16.7693,13.09681],[-16.7693,13.09819],[-16.76903,13.09819],[-16.76903,13.10014],[-16.76875,13.10014],[-16.76875,13.10097],[-16.76847,13.10097],[-16.76847,13.10153],[-16.76819,13.10153],[-16.76819,13.10208],[-16.76792,13.10208],[-16.76792,13.10221],[-16.76715,13.10221],[-16.76715,13.08795]]]},"properties":{"region":"Western","district":"Kombo South","floods_1m":1,"floods_2m":1,"floods_3m":1,"first_flood_m":1,"nests":true,"area_km2":0.452}},{"type":"Feature","geometry":{"type":"MultiPolygon","coordinates":[[[[-16.72438,13.1218],[-16.72438,13.13073],[-16.7105,13.13073],[-16.71054,13.13035],[-16.71072,13.12865],[-16.71039,13.12759],[-16.7102,13.12598],[-16.7102,13.12493],[-16.71109,13.12345],[-16.71236,13.12271],[-16.71302,13.12216],[-16.71526,13.12151],[-16.71643,13.1212],[-16.71852,13.12065],[-16.72012,13.12033],[-16.72135,13.12097],[-16.72218,13.12123],[-16.72409,13.12183],[-16.72438,13.1218]]],[[[-16.72426,13.11647],[-16.72438,13.11647],[-16.72438,13.11657],[-16.72426,13.11647]]]]},"properties":{"region":"Western","district":"Kombo South","floods_1m":1,"floods_2m":1,"floods_3m":1,"first_flood_m":1,"nests":true,"area_km2":1.541}},{"type":"Feature","geometry":{"type":"Polygon","coordinates":[[[-16.78141,13.15924],[-16.78764,13.15924],[-16.78764,13.15958],[-16.78792,13.15958],[-16.78792,13.16153],[-16.78764,13.16153],[-16.78764,13.16347],[-16.78736,13.16347],[-16.78736,13.16403],[-16.78708,13.16403],[-16.78708,13.16458],[-16.78681,13.16458],[-16.78681,13.16514],[-16.78653,13.16514],[-16.78653,13.16625],[-16.78625,13.16625],[-16.78625,13.16708],[-16.78597,13.16708],[-16.78597,13.16792],[-16.78569,13.16792],[-16.78569,13.16875],[-16.78542,13.16875],[-16.78542,13.16958],[-16.78514,13.16958],[-16.78514,13.17042],[-16.78486,13.17042],[-16.78486,13.17125],[-16.78459,13.17125],[-16.78459,13.17236],[-16.7843,13.17236],[-16.7843,13.1735],[-16.78141,13.1735],[-16.78141,13.15924]]]},"properties":{"region":"Western","district":"Kombo South","floods_1m":1,"floods_2m":1,"floods_3m":1,"first_flood_m":1,"nests":true,"area_km2":0.838}},{"type":"Feature","geometry":{"type":"Polygon","coordinates":[[[-16.73864,13.10221],[-16.75289,13.10221],[-16.75289,13.11647],[-16.73864,13.11647],[-16.73864,13.10221]]]},"properties":{"region":"Western","district":"Kombo South","floods_1m":1,"floods_2m":1,"floods_3m":1,"first_flood_m":1,"nests":true,"area_km2":2.447}},{"type":"Feature","geometry":{"type":"Polygon","coordinates":[[[-16.78141,13.20202],[-16.78292,13.20202],[-16.78292,13.20208],[-16.78264,13.20208],[-16.78264,13.20458],[-16.78236,13.20458],[-16.78236,13.21319],[-16.78264,13.21319],[-16.78264,13.21628],[-16.78141,13.21628],[-16.78141,13.20202]]]},"properties":{"region":"Western","district":"Kombo South","floods_1m":1,"floods_2m":1,"floods_3m":1,"first_flood_m":1,"nests":true,"area_km2":0.182}},{"type":"Feature","geometry":{"type":"Polygon","coordinates":[[[-16.78141,13.24479],[-16.78459,13.24479],[-16.78459,13.24486],[-16.78486,13.24486],[-16.78486,13.2457],[-16.78514,13.2457],[-16.78514,13.24819],[-16.78542,13.24819],[-16.78542,13.24958],[-16.78569,13.24958],[-16.78569,13.25069],[-16.78597,13.25069],[-16.78597,13.25125],[-16.78625,13.25125],[-16.78625,13.25236],[-16.78653,13.25236],[-16.78653,13.25347],[-16.78681,13.25347],[-16.78681,13.25431],[-16.78708,13.25431],[-16.78708,13.25458],[-16.78736,13.25458],[-16.78736,13.25542],[-16.78764,13.25542],[-16.78764,13.25597],[-16.78792,13.25597],[-16.78792,13.25708],[-16.78819,13.25708],[-16.78819,13.25847],[-16.78847,13.25847],[-16.78847,13.25905],[-16.78141,13.25905],[-16.78141,13.24479]]]},"properties":{"region":"Western","district":"Kombo South","floods_1m":1,"floods_2m":1,"floods_3m":1,"first_flood_m":1,"nests":true,"area_km2":0.861}},{"type":"Feature","geometry":{"type":"Polygon","coordinates":[[[-16.78141,13.25905],[-16.78847,13.25905],[-16.78847,13.26042],[-16.78875,13.26042],[-16.78875,13.26125],[-16.78903,13.26125],[-16.78903,13.26181],[-16.7893,13.26181],[-16.7893,13.26236],[-16.78958,13.26236],[-16.78958,13.26319],[-16.78986,13.26319],[-16.78986,13.26403],[-16.79014,13.26403],[-16.79014,13.26458],[-16.79042,13.26458],[-16.79042,13.26486],[-16.7907,13.26486],[-16.7907,13.26514],[-16.79097,13.26514],[-16.79097,13.26569],[-16.79125,13.26569],[-16.79125,13.26625],[-16.79153,13.26625],[-16.79153,13.26653],[-16.79181,13.26653],[-16.79181,13.26681],[-16.79208,13.26681],[-16.79208,13.26764],[-16.79236,13.26764],[-16.79236,13.26792],[-16.79347,13.26792],[-16.79347,13.2682],[-16.79375,13.2682],[-16.79375,13.26847],[-16.79403,13.26847],[-16.79403,13.26875],[-16.79431,13.26875],[-16.79431,13.26903],[-16.79458,13.26903],[-16.79458,13.26931],[-16.79514,13.26931],[-16.79514,13.26958],[-16.79567,13.26958],[-16.79567,13.27331],[-16.78141,13.27331],[-16.78141,13.25905]]]},"properties":{"region":"Western","district":"Kombo South","floods_1m":1,"floods_2m":1,"floods_3m":1,"first_flood_m":1,"nests":true,"area_km2":1.818}},{"type":"Feature","geometry":{"type":"Polygon","coordinates":[[[-16.78141,13.18776],[-16.78292,13.18776],[-16.78292,13.1882],[-16.7832,13.1882],[-16.7832,13.19236],[-16.78292,13.19236],[-16.78292,13.19764],[-16.7832,13.19764],[-16.7832,13.20014],[-16.78292,13.20014],[-16.78292,13.20202],[-16.78141,13.20202],[-16.78141,13.18776]]]},"properties":{"region":"Western","district":"Kombo South","floods_1m":1,"floods_2m":1,"floods_3m":1,"first_flood_m":1,"nests":true,"area_km2":0.282}},{"type":"Feature","geometry":{"type":"Polygon","coordinates":[[[-16.76715,13.13073],[-16.77236,13.13073],[-16.77236,13.13097],[-16.77264,13.13097],[-16.77264,13.13125],[-16.77292,13.13125],[-16.77292,13.13208],[-16.7732,13.13208],[-16.7732,13.13319],[-16.77347,13.13319],[-16.77347,13.13597],[-16.77375,13.13597],[-16.77375,13.13653],[-16.77347,13.13653],[-16.77347,13.13875],[-16.7732,13.13875],[-16.7732,13.14097],[-16.77347,13.14097],[-16.77347,13.14292],[-16.77375,13.14292],[-16.77375,13.14319],[-16.77403,13.14319],[-16.77403,13.14347],[-16.77431,13.14347],[-16.77431,13.14375],[-16.77458,13.14375],[-16.77458,13.14403],[-16.77514,13.14403],[-16.77514,13.14431],[-16.77569,13.14431],[-16.77569,13.14458],[-16.77597,13.14458],[-16.77597,13.14486],[-16.77625,13.14486],[-16.77625,13.14499],[-16.76715,13.14499],[-16.76715,13.13073]]]},"properties":{"region":"Western","district":"Kombo South","floods_1m":1,"floods_2m":1,"floods_3m":1,"first_flood_m":1,"nests":true,"area_km2":1.1}},{"type":"Feature","geometry":{"type":"MultiPolygon","coordinates":[[[[-16.78814,13.35886],[-16.79567,13.35886],[-16.79567,13.36139],[-16.79525,13.36159],[-16.79451,13.36198],[-16.79433,13.36243],[-16.79426,13.36315],[-16.79384,13.36378],[-16.79322,13.3638],[-16.79259,13.36422],[-16.792,13.36473],[-16.79135,13.36504],[-16.79031,13.36519],[-16.78926,13.36509],[-16.78826,13.36487],[-16.78741,13.3644],[-16.78727,13.36385],[-16.7874,13.36305],[-16.78809,13.36243],[-16.78886,13.36201],[-16.78925,13.36167],[-16.78929,13.36109],[-16.78898,13.36014],[-16.78863,13.3595],[-16.78829,13.35898],[-16.78814,13.35886]]],[[[-16.78141,13.36193],[-16.78141,13.35886],[-16.78659,13.35886],[-16.78658,13.35887],[-16.78596,13.35909],[-16.7854,13.35896],[-16.78496,13.35905],[-16.78469,13.35938],[-16.78482,13.36034],[-16.78478,13.36108],[-16.78419,13.36171],[-16.78307,13.36183],[-16.78221,13.36191],[-16.78148,13.36193],[-16.78141,13.36193]]]]},"properties":{"region":"Western","district":"Kombo South","floods_1m":1,"floods_2m":1,"floods_3m":1,"first_flood_m":1,"nests":true,"area_km2":0.583}},{"type":"Feature","geometry":{"type":"Polygon","coordinates":[[[-16.73214,13.08795],[-16.73864,13.08795],[-16.73864,13.10221],[-16.73429,13.10221],[-16.73313,13.10152],[-16.73182,13.10019],[-16.73064,13.09932],[-16.72956,13.09872],[-16.72895,13.09978],[-16.72754,13.09804],[-16.72674,13.09712],[-16.72664,13.09629],[-16.72824,13.09523],[-16.72988,13.09412],[-16.73129,13.09394],[-16.73255,13.09334],[-16.73335,13.09279],[-16.73382,13.09246],[-16.73392,13.0909],[-16.73325,13.08952],[-16.73214,13.08795]]]},"properties":{"region":"Western","district":"Kombo South","floods_1m":1,"floods_2m":1,"floods_3m":1,"first_flood_m":1,"nests":true,"area_km2":1.305}},{"type":"Feature","geometry":{"type":"Polygon","coordinates":[[[-16.78141,13.15542],[-16.78153,13.15542],[-16.78153,13.15514],[-16.7818,13.15514],[-16.7818,13.15486],[-16.78292,13.15486],[-16.78292,13.15458],[-16.78459,13.15458],[-16.78459,13.15486],[-16.78486,13.15486],[-16.78486,13.15514],[-16.78514,13.15514],[-16.78514,13.15569],[-16.78542,13.15569],[-16.78542,13.15597],[-16.78569,13.15597],[-16.78569,13.15653],[-16.78597,13.15653],[-16.78597,13.15681],[-16.78625,13.15681],[-16.78625,13.15709],[-16.78653,13.15709],[-16.78653,13.15764],[-16.78681,13.15764],[-16.78681,13.15792],[-16.78708,13.15792],[-16.78708,13.15819],[-16.78736,13.15819],[-16.78736,13.15875],[-16.78764,13.15875],[-16.78764,13.15924],[-16.78141,13.15924],[-16.78141,13.15542]]]},"properties":{"region":"Western","district":"Kombo South","floods_1m":1,"floods_2m":1,"floods_3m":1,"first_flood_m":1,"nests":true,"area_km2":0.262}},{"type":"Feature","geometry":{"type":"Polygon","coordinates":[[[-16.73864,13.07448],[-16.73915,13.07442],[-16.7407,13.07437],[-16.74187,13.07456],[-16.74306,13.0737],[-16.75289,13.0737],[-16.75289,13.08795],[-16.73864,13.08795],[-16.73864,13.07448]]]},"properties":{"region":"Western","district":"Kombo South","floods_1m":1,"floods_2m":1,"floods_3m":1,"first_flood_m":1,"nests":true,"area_km2":2.411}},{"type":"Feature","geometry":{"type":"Polygon","coordinates":[[[-16.72438,13.13073],[-16.73864,13.13073],[-16.73864,13.14499],[-16.72438,13.14499],[-16.72438,13.13073]]]},"properties":{"region":"Western","district":"Kombo South","floods_1m":1,"floods_2m":1,"floods_3m":1,"first_flood_m":1,"nests":true,"area_km2":2.448}},{"type":"Feature","geometry":{"type":"Polygon","coordinates":[[[-16.80993,13.3446],[-16.81153,13.3446],[-16.81153,13.34486],[-16.81125,13.34486],[-16.81125,13.34514],[-16.81042,13.34514],[-16.81042,13.34542],[-16.81014,13.34542],[-16.81014,13.34569],[-16.80993,13.34569],[-16.80993,13.3446]]]},"properties":{"region":"Western","district":"Kombo South","floods_1m":1,"floods_2m":1,"floods_3m":1,"first_flood_m":1,"nests":true,"area_km2":0.012}},{"type":"Feature","geometry":{"type":"Polygon","coordinates":[[[-16.72438,13.1218],[-16.72565,13.12168],[-16.72592,13.12008],[-16.72597,13.11869],[-16.72559,13.11754],[-16.72526,13.11727],[-16.72438,13.11657],[-16.72438,13.11647],[-16.73864,13.11647],[-16.73864,13.13073],[-16.72438,13.13073],[-16.72438,13.1218]]]},"properties":{"region":"Western","district":"Kombo South","floods_1m":1,"floods_2m":1,"floods_3m":1,"first_flood_m":1,"nests":true,"area_km2":2.368}},{"type":"Feature","geometry":{"type":"Polygon","coordinates":[[[-16.80993,13.33514],[-16.81014,13.33514],[-16.81014,13.33542],[-16.81042,13.33542],[-16.81042,13.33569],[-16.8107,13.33569],[-16.8107,13.33597],[-16.81097,13.33597],[-16.81097,13.33625],[-16.81125,13.33625],[-16.81125,13.33653],[-16.81153,13.33653],[-16.81153,13.33681],[-16.81181,13.33681],[-16.81181,13.33708],[-16.81208,13.33708],[-16.81208,13.33736],[-16.81236,13.33736],[-16.81236,13.33764],[-16.81264,13.33764],[-16.81264,13.33792],[-16.81292,13.33792],[-16.81292,13.33819],[-16.81319,13.33819],[-16.81319,13.33958],[-16.81292,13.33958],[-16.81292,13.33986],[-16.81264,13.33986],[-16.81264,13.34014],[-16.81236,13.34014],[-16.81236,13.34069],[-16.81208,13.34069],[-16.81208,13.34125],[-16.81181,13.34125],[-16.81181,13.34181],[-16.81153,13.34181],[-16.81153,13.3446],[-16.80993,13.3446],[-16.80993,13.33514]]]},"properties":{"region":"Western","district":"Kombo South","floods_1m":1,"floods_2m":1,"floods_3m":1,"first_flood_m":1,"nests":true,"area_km2":0.229}},{"type":"Feature","geometry":{"type":"Polygon","coordinates":[[[-16.75289,13.11647],[-16.76597,13.11647],[-16.76597,13.11736],[-16.76625,13.11736],[-16.76625,13.11903],[-16.76653,13.11903],[-16.76653,13.12431],[-16.76681,13.12431],[-16.76681,13.12486],[-16.76708,13.12486],[-16.76708,13.12542],[-16.76715,13.12542],[-16.76715,13.13073],[-16.75289,13.13073],[-16.75289,13.11647]]]},"properties":{"region":"Western","district":"Kombo South","floods_1m":1,"floods_2m":1,"floods_3m":1,"first_flood_m":1,"nests":true,"area_km2":2.376}},{"type":"Feature","geometry":{"type":"Polygon","coordinates":[[[-16.76715,13.14499],[-16.77625,13.14499],[-16.77625,13.14819],[-16.77653,13.14819],[-16.77653,13.14875],[-16.77681,13.14875],[-16.77681,13.15014],[-16.77708,13.15014],[-16.77708,13.15069],[-16.77736,13.15069],[-16.77736,13.15125],[-16.77764,13.15125],[-16.77764,13.15153],[-16.77792,13.15153],[-16.77792,13.15181],[-16.77819,13.15181],[-16.77819,13.15236],[-16.77847,13.15236],[-16.77847,13.15264],[-16.77875,13.15264],[-16.77875,13.15319],[-16.77903,13.15319],[-16.77903,13.15347],[-16.77931,13.15347],[-16.77931,13.15375],[-16.77958,13.15375],[-16.77958,13.15403],[-16.77986,13.15403],[-16.77986,13.15431],[-16.78014,13.15431],[-16.78014,13.15458],[-16.78042,13.15458],[-16.78042,13.15486],[-16.78069,13.15486],[-16.78069,13.15514],[-16.78125,13.15514],[-16.78125,13.15542],[-16.78141,13.15542],[-16.78141,13.15924],[-16.76715,13.15924],[-16.76715,13.14499]]]},"properties":{"region":"Western","district":"Kombo South","floods_1m":1,"floods_2m":1,"floods_3m":1,"first_flood_m":1,"nests":true,"area_km2":1.972}},{"type":"Feature","geometry":{"type":"Polygon","coordinates":[[[-15.6014,13.43015],[-15.61226,13.43015],[-15.61226,13.4444],[-15.59973,13.4444],[-15.6014,13.43015]]]},"properties":{"region":"Lower River","district":"Kiang East","floods_1m":1,"floods_2m":1,"floods_3m":1,"first_flood_m":1,"nests":true,"area_km2":2.004}},{"type":"Feature","geometry":{"type":"Polygon","coordinates":[[[-15.78335,13.45866],[-15.79761,13.45866],[-15.79761,13.47292],[-15.78335,13.47292],[-15.78335,13.45866]]]},"properties":{"region":"North Bank","district":"Upper Baddibu","floods_1m":0,"floods_2m":0,"floods_3m":1,"first_flood_m":3,"nests":true,"area_km2":2.445}},{"type":"Feature","geometry":{"type":"Polygon","coordinates":[[[-15.68355,13.4444],[-15.68979,13.4444],[-15.68963,13.45866],[-15.68355,13.45866],[-15.68355,13.4444]]]},"properties":{"region":"Lower River","district":"Kiang East","floods_1m":0,"floods_2m":1,"floods_3m":1,"first_flood_m":2,"nests":true,"area_km2":1.056}},{"type":"Feature","geometry":{"type":"Polygon","coordinates":[[[-15.3271,13.44177],[-15.32786,13.44146],[-15.32915,13.44086],[-15.33265,13.43959],[-15.33494,13.43849],[-15.33642,13.43793],[-15.33849,13.437],[-15.34087,13.4359],[-15.34135,13.43568],[-15.34135,13.4444],[-15.3271,13.4444],[-15.3271,13.44177]]]},"properties":{"region":"North Bank","district":"Upper Baddibu","floods_1m":0,"floods_2m":1,"floods_3m":1,"first_flood_m":2,"nests":true,"area_km2":0.959}},{"type":"Feature","geometry":{"type":"Polygon","coordinates":[[[-15.3031,13.45866],[-15.31284,13.45866],[-15.31284,13.47292],[-15.29988,13.47292],[-15.29996,13.47252],[-15.30042,13.47054],[-15.30065,13.46958],[-15.30094,13.46842],[-15.30106,13.46725],[-15.30129,13.46503],[-15.30193,13.46308],[-15.30239,13.46087],[-15.3031,13.45866]]]},"properties":{"region":"North Bank","district":"Upper Baddibu","floods_1m":1,"floods_2m":1,"floods_3m":1,"first_flood_m":1,"nests":true,"area_km2":1.967}},{"type":"Feature","geometry":{"type":"Polygon","coordinates":[[[-15.61226,13.41589],[-15.62651,13.41589],[-15.62651,13.43015],[-15.61226,13.43015],[-15.61226,13.41589]]]},"properties":{"region":"Lower River","district":"Kiang East","floods_1m":1,"floods_2m":1,"floods_3m":1,"first_flood_m":1,"nests":true,"area_km2":2.444}},{"type":"Feature","geometry":{"type":"Polygon","coordinates":[[[-15.38413,13.48718],[-15.39839,13.48718],[-15.39839,13.50144],[-15.38413,13.50144],[-15.38413,13.48718]]]},"properties":{"region":"North Bank","district":"Upper Baddibu","floods_1m":1,"floods_2m":1,"floods_3m":1,"first_flood_m":1,"nests":true,"area_km2":2.445}},{"type":"Feature","geometry":{"type":"Polygon","coordinates":[[[-15.66929,13.41589],[-15.68355,13.41589],[-15.68355,13.43015],[-15.66929,13.43015],[-15.66929,13.41589]]]},"properties":{"region":"Lower River","district":"Kiang East","floods_1m":1,"floods_2m":1,"floods_3m":1,"first_flood_m":1,"nests":true,"area_km2":2.446}},{"type":"Feature","geometry":{"type":"Polygon","coordinates":[[[-15.51245,13.51569],[-15.52671,13.51569],[-15.52671,13.52995],[-15.51245,13.52995],[-15.51245,13.51569]]]},"properties":{"region":"North Bank","district":"Upper Baddibu","floods_1m":1,"floods_2m":1,"floods_3m":1,"first_flood_m":1,"nests":true,"area_km2":2.445}},{"type":"Feature","geometry":{"type":"Polygon","coordinates":[[[-15.65503,13.45908],[-15.65503,13.45866],[-15.66929,13.45866],[-15.66929,13.47232],[-15.65503,13.45908]]]},"properties":{"region":"Lower River","district":"Kiang East","floods_1m":1,"floods_2m":1,"floods_3m":1,"first_flood_m":1,"nests":true,"area_km2":1.207}},{"type":"Feature","geometry":{"type":"Polygon","coordinates":[[[-15.82613,13.52995],[-15.84038,13.52995],[-15.84038,13.54421],[-15.82613,13.54421],[-15.82613,13.52995]]]},"properties":{"region":"North Bank","district":"Upper Baddibu","floods_1m":1,"floods_2m":1,"floods_3m":1,"first_flood_m":1,"nests":true,"area_km2":2.443}},{"type":"Feature","geometry":{"type":"Polygon","coordinates":[[[-15.36987,13.57273],[-15.38413,13.57273],[-15.38413,13.58698],[-15.36987,13.58698],[-15.36987,13.57273]]]},"properties":{"region":"North Bank","district":"Upper Baddibu","floods_1m":1,"floods_2m":1,"floods_3m":1,"first_flood_m":1,"nests":true,"area_km2":2.442}},{"type":"Feature","geometry":{"type":"Polygon","coordinates":[[[-15.66994,13.47292],[-15.66929,13.47232],[-15.66929,13.45866],[-15.68355,13.45866],[-15.68355,13.47292],[-15.66994,13.47292]]]},"properties":{"region":"Lower River","district":"Kiang East","floods_1m":1,"floods_2m":1,"floods_3m":1,"first_flood_m":1,"nests":true,"area_km2":2.443}},{"type":"Feature","geometry":{"type":"Polygon","coordinates":[[[-15.31284,13.44864],[-15.31356,13.44791],[-15.31369,13.44778],[-15.31461,13.44693],[-15.3155,13.44639],[-15.31673,13.44545],[-15.31722,13.4453],[-15.31847,13.44463],[-15.31906,13.4444],[-15.3271,13.4444],[-15.3271,13.45866],[-15.31284,13.45866],[-15.31284,13.44864]]]},"properties":{"region":"North Bank","district":"Upper Baddibu","floods_1m":1,"floods_2m":1,"floods_3m":1,"first_flood_m":1,"nests":true,"area_km2":2.312}},{"type":"Feature","geometry":{"type":"Polygon","coordinates":[[[-15.76909,13.52995],[-15.78335,13.52995],[-15.78335,13.54421],[-15.76909,13.54421],[-15.76909,13.52995]]]},"properties":{"region":"North Bank","district":"Upper Baddibu","floods_1m":1,"floods_2m":1,"floods_3m":1,"first_flood_m":1,"nests":true,"area_km2":2.444}},{"type":"Feature","geometry":{"type":"Polygon","coordinates":[[[-15.41264,13.50144],[-15.4269,13.50144],[-15.4269,13.51569],[-15.41264,13.51569],[-15.41264,13.50144]]]},"properties":{"region":"North Bank","district":"Upper Baddibu","floods_1m":1,"floods_2m":1,"floods_3m":1,"first_flood_m":1,"nests":true,"area_km2":2.443}},{"type":"Feature","geometry":{"type":"Polygon","coordinates":[[[-15.36987,13.48718],[-15.38413,13.48718],[-15.38413,13.50144],[-15.36987,13.50144],[-15.36987,13.48718]]]},"properties":{"region":"North Bank","district":"Upper Baddibu","floods_1m":1,"floods_2m":1,"floods_3m":1,"first_flood_m":1,"nests":true,"area_km2":2.445}},{"type":"Feature","geometry":{"type":"Polygon","coordinates":[[[-15.61226,13.48141],[-15.62016,13.47564],[-15.62651,13.47604],[-15.62651,13.48718],[-15.61226,13.48718],[-15.61226,13.48141]]]},"properties":{"region":"North Bank","district":"Upper Baddibu","floods_1m":1,"floods_2m":1,"floods_3m":1,"first_flood_m":1,"nests":true,"area_km2":1.688}},{"type":"Feature","geometry":{"type":"Polygon","coordinates":[[[-15.78335,13.50144],[-15.79761,13.50144],[-15.79761,13.51569],[-15.78335,13.51569],[-15.78335,13.50144]]]},"properties":{"region":"North Bank","district":"Upper Baddibu","floods_1m":1,"floods_2m":1,"floods_3m":1,"first_flood_m":1,"nests":true,"area_km2":2.443}},{"type":"Feature","geometry":{"type":"Polygon","coordinates":[[[-15.66929,13.51569],[-15.68355,13.51569],[-15.68355,13.52995],[-15.66929,13.52995],[-15.66929,13.51569]]]},"properties":{"region":"North Bank","district":"Upper Baddibu","floods_1m":1,"floods_2m":1,"floods_3m":1,"first_flood_m":1,"nests":true,"area_km2":2.445}},{"type":"Feature","geometry":{"type":"Polygon","coordinates":[[[-15.96871,13.35886],[-15.98296,13.35886],[-15.98296,13.37311],[-15.96871,13.37311],[-15.96871,13.35886]]]},"properties":{"region":"Lower River","district":"Kiang West","floods_1m":0,"floods_2m":1,"floods_3m":1,"first_flood_m":2,"nests":true,"area_km2":2.443}},{"type":"Feature","geometry":{"type":"Polygon","coordinates":[[[-15.71206,13.51569],[-15.72632,13.51569],[-15.72632,13.52995],[-15.71206,13.52995],[-15.71206,13.51569]]]},"properties":{"region":"North Bank","district":"Upper Baddibu","floods_1m":0,"floods_2m":0,"floods_3m":1,"first_flood_m":3,"nests":true,"area_km2":2.445}},{"type":"Feature","geometry":{"type":"Polygon","coordinates":[[[-15.8689,13.40163],[-15.88316,13.40163],[-15.88316,13.41589],[-15.8689,13.41589],[-15.8689,13.40163]]]},"properties":{"region":"Lower River","district":"Kiang West","floods_1m":0,"floods_2m":1,"floods_3m":1,"first_flood_m":2,"nests":true,"area_km2":2.446}},{"type":"Feature","geometry":{"type":"Polygon","coordinates":[[[-15.46968,13.50144],[-15.48393,13.50144],[-15.48393,13.51569],[-15.46968,13.51569],[-15.46968,13.50144]]]},"properties":{"region":"North Bank","district":"Upper Baddibu","floods_1m":1,"floods_2m":1,"floods_3m":1,"first_flood_m":1,"nests":true,"area_km2":2.441}},{"type":"Feature","geometry":{"type":"Polygon","coordinates":[[[-15.55522,13.55847],[-15.56948,13.55847],[-15.56948,13.57273],[-15.55522,13.57273],[-15.55522,13.55847]]]},"properties":{"region":"North Bank","district":"Upper Baddibu","floods_1m":1,"floods_2m":1,"floods_3m":1,"first_flood_m":1,"nests":true,"area_km2":2.444}},{"type":"Feature","geometry":{"type":"Polygon","coordinates":[[[-15.92593,13.38737],[-15.94019,13.38737],[-15.94019,13.40163],[-15.92593,13.40163],[-15.92593,13.38737]]]},"properties":{"region":"Lower River","district":"Kiang West","floods_1m":0,"floods_2m":1,"floods_3m":1,"first_flood_m":2,"nests":true,"area_km2":2.446}},{"type":"Feature","geometry":{"type":"Polygon","coordinates":[[[-15.96871,13.30182],[-15.98296,13.30182],[-15.98296,13.31608],[-15.96871,13.31608],[-15.96871,13.30182]]]},"properties":{"region":"Lower River","district":"Kiang West","floods_1m":1,"floods_2m":1,"floods_3m":1,"first_flood_m":1,"nests":true,"area_km2":2.445}},{"type":"Feature","geometry":{"type":"Polygon","coordinates":[[[-16.19683,13.33034],[-16.21109,13.33034],[-16.21109,13.3446],[-16.19683,13.3446],[-16.19683,13.33034]]]},"properties":{"region":"Lower River","district":"Kiang West","floods_1m":1,"floods_2m":1,"floods_3m":1,"first_flood_m":1,"nests":true,"area_km2":2.446}},{"type":"Feature","geometry":{"type":"Polygon","coordinates":[[[-15.34135,13.51606],[-15.34135,13.51569],[-15.35561,13.51569],[-15.35561,13.52795],[-15.35425,13.52603],[-15.35163,13.5237],[-15.34904,13.52132],[-15.34665,13.51934],[-15.34389,13.51736],[-15.34206,13.51636],[-15.34135,13.51606]]]},"properties":{"region":"North Bank","district":"Upper Baddibu","floods_1m":1,"floods_2m":1,"floods_3m":1,"first_flood_m":1,"nests":true,"area_km2":0.938}},{"type":"Feature","geometry":{"type":"Polygon","coordinates":[[[-15.71206,13.50144],[-15.72632,13.50144],[-15.72632,13.51569],[-15.71206,13.51569],[-15.71206,13.50144]]]},"properties":{"region":"North Bank","district":"Upper Baddibu","floods_1m":1,"floods_2m":1,"floods_3m":1,"first_flood_m":1,"nests":true,"area_km2":2.443}},{"type":"Feature","geometry":{"type":"Polygon","coordinates":[[[-15.89742,13.27331],[-15.91167,13.27331],[-15.91167,13.28757],[-15.89742,13.28757],[-15.89742,13.27331]]]},"properties":{"region":"Lower River","district":"Kiang West","floods_1m":0,"floods_2m":1,"floods_3m":1,"first_flood_m":2,"nests":true,"area_km2":2.445}},{"type":"Feature","geometry":{"type":"Polygon","coordinates":[[[-15.36987,13.62846],[-15.36987,13.6155],[-15.38413,13.6155],[-15.38413,13.62891],[-15.38198,13.62895],[-15.37922,13.62903],[-15.37622,13.62907],[-15.37354,13.62877],[-15.36987,13.62846]]]},"properties":{"region":"North Bank","district":"Upper Baddibu","floods_1m":1,"floods_2m":1,"floods_3m":1,"first_flood_m":1,"nests":true,"area_km2":2.293}},{"type":"Feature","geometry":{"type":"Polygon","coordinates":[[[-16.12554,13.27331],[-16.12731,13.27331],[-16.1275,13.27355],[-16.12841,13.27479],[-16.12902,13.27602],[-16.12922,13.27738],[-16.12904,13.27878],[-16.12795,13.27987],[-16.12683,13.28053],[-16.12556,13.28081],[-16.12554,13.28081],[-16.12554,13.27331]]]},"properties":{"region":"Lower River","district":"Kiang West","floods_1m":1,"floods_2m":1,"floods_3m":1,"first_flood_m":1,"nests":true,"area_km2":0.263}},{"type":"Feature","geometry":{"type":"Polygon","coordinates":[[[-15.48393,13.48718],[-15.49819,13.48718],[-15.49819,13.50144],[-15.48393,13.50144],[-15.48393,13.48718]]]},"properties":{"region":"North Bank","district":"Upper Baddibu","floods_1m":0,"floods_2m":1,"floods_3m":1,"first_flood_m":2,"nests":true,"area_km2":2.445}},{"type":"Feature","geometry":{"type":"Polygon","coordinates":[[[-15.98296,13.30182],[-15.99722,13.30182],[-15.99722,13.31608],[-15.98296,13.31608],[-15.98296,13.30182]]]},"properties":{"region":"Lower River","district":"Kiang West","floods_1m":1,"floods_2m":1,"floods_3m":1,"first_flood_m":1,"nests":true,"area_km2":2.447}},{"type":"Feature","geometry":{"type":"Polygon","coordinates":[[[-15.38413,13.58698],[-15.39839,13.58698],[-15.39839,13.60124],[-15.38413,13.60124],[-15.38413,13.58698]]]},"properties":{"region":"North Bank","district":"Upper Baddibu","floods_1m":1,"floods_2m":1,"floods_3m":1,"first_flood_m":1,"nests":true,"area_km2":2.444}},{"type":"Feature","geometry":{"type":"Polygon","coordinates":[[[-15.38413,13.57273],[-15.39839,13.57273],[-15.39839,13.58698],[-15.38413,13.58698],[-15.38413,13.57273]]]},"properties":{"region":"North Bank","district":"Upper Baddibu","floods_1m":1,"floods_2m":1,"floods_3m":1,"first_flood_m":1,"nests":true,"area_km2":2.442}},{"type":"Feature","geometry":{"type":"Polygon","coordinates":[[[-15.54097,13.52995],[-15.55522,13.52995],[-15.55522,13.54421],[-15.54097,13.54421],[-15.54097,13.52995]]]},"properties":{"region":"North Bank","district":"Upper Baddibu","floods_1m":1,"floods_2m":1,"floods_3m":1,"first_flood_m":1,"nests":true,"area_km2":2.443}},{"type":"Feature","geometry":{"type":"Polygon","coordinates":[[[-15.74058,13.59129],[-15.74058,13.58698],[-15.75484,13.58698],[-15.75484,13.59132],[-15.74058,13.59129]]]},"properties":{"region":"North Bank","district":"Upper Baddibu","floods_1m":1,"floods_2m":1,"floods_3m":1,"first_flood_m":1,"nests":true,"area_km2":0.741}},{"type":"Feature","geometry":{"type":"Polygon","coordinates":[[[-15.78335,13.51569],[-15.79761,13.51569],[-15.79761,13.52995],[-15.78335,13.52995],[-15.78335,13.51569]]]},"properties":{"region":"North Bank","district":"Upper Baddibu","floods_1m":1,"floods_2m":1,"floods_3m":1,"first_flood_m":1,"nests":true,"area_km2":2.445}},{"type":"Feature","geometry":{"type":"Polygon","coordinates":[[[-15.35561,13.52795],[-15.35561,13.51569],[-15.36987,13.51569],[-15.36987,13.52995],[-15.35711,13.52995],[-15.35655,13.52928],[-15.35561,13.52795]]]},"properties":{"region":"North Bank","district":"Upper Baddibu","floods_1m":1,"floods_2m":1,"floods_3m":1,"first_flood_m":1,"nests":true,"area_km2":2.427}},{"type":"Feature","geometry":{"type":"Polygon","coordinates":[[[-15.81187,13.50144],[-15.82613,13.50144],[-15.82613,13.51569],[-15.81187,13.51569],[-15.81187,13.50144]]]},"properties":{"region":"North Bank","district":"Upper Baddibu","floods_1m":1,"floods_2m":1,"floods_3m":1,"first_flood_m":1,"nests":true,"area_km2":2.443}},{"type":"Feature","geometry":{"type":"Polygon","coordinates":[[[-15.36512,13.58698],[-15.36987,13.58698],[-15.36987,13.60124],[-15.36622,13.60124],[-15.36619,13.60107],[-15.36599,13.60034],[-15.36618,13.59984],[-15.36612,13.59837],[-15.36604,13.59769],[-15.36588,13.5963],[-15.3657,13.59372],[-15.36546,13.59147],[-15.36528,13.58906],[-15.36512,13.58698]]]},"properties":{"region":"North Bank","district":"Upper Baddibu","floods_1m":1,"floods_2m":1,"floods_3m":1,"first_flood_m":1,"nests":true,"area_km2":0.715}},{"type":"Feature","geometry":{"type":"Polygon","coordinates":[[[-15.56948,13.51569],[-15.58374,13.51569],[-15.58374,13.52995],[-15.56948,13.52995],[-15.56948,13.51569]]]},"properties":{"region":"North Bank","district":"Upper Baddibu","floods_1m":1,"floods_2m":1,"floods_3m":1,"first_flood_m":1,"nests":true,"area_km2":2.445}},{"type":"Feature","geometry":{"type":"Polygon","coordinates":[[[-15.38413,13.62891],[-15.38413,13.6155],[-15.39839,13.6155],[-15.39839,13.62976],[-15.39487,13.62976],[-15.39337,13.62877],[-15.3919,13.62868],[-15.38978,13.62904],[-15.38722,13.62915],[-15.38451,13.6289],[-15.38413,13.62891]]]},"properties":{"region":"North Bank","district":"Upper Baddibu","floods_1m":1,"floods_2m":1,"floods_3m":1,"first_flood_m":1,"nests":true,"area_km2":2.345}},{"type":"Feature","geometry":{"type":"Polygon","coordinates":[[[-15.36373,13.57273],[-15.36987,13.57273],[-15.36987,13.58698],[-15.36512,13.58698],[-15.365,13.58552],[-15.36447,13.58179],[-15.36384,13.57722],[-15.36372,13.57354],[-15.36373,13.57273]]]},"properties":{"region":"North Bank","district":"Upper Baddibu","floods_1m":1,"floods_2m":1,"floods_3m":1,"first_flood_m":1,"nests":true,"area_km2":0.958}},{"type":"Feature","geometry":{"type":"Polygon","coordinates":[[[-15.78335,13.45618],[-15.78409,13.45598],[-15.79761,13.45548],[-15.79761,13.45866],[-15.78335,13.45866],[-15.78335,13.45618]]]},"properties":{"region":"North Bank","district":"Upper Baddibu","floods_1m":0,"floods_2m":1,"floods_3m":1,"first_flood_m":2,"nests":true,"area_km2":0.499}},{"type":"Feature","geometry":{"type":"Polygon","coordinates":[[[-15.44116,13.52995],[-15.45542,13.52995],[-15.45542,13.54421],[-15.44116,13.54421],[-15.44116,13.52995]]]},"properties":{"region":"North Bank","district":"Upper Baddibu","floods_1m":1,"floods_2m":1,"floods_3m":1,"first_flood_m":1,"nests":true,"area_km2":2.444}},{"type":"Feature","geometry":{"type":"Polygon","coordinates":[[[-15.598,13.51569],[-15.61226,13.51569],[-15.61226,13.52995],[-15.598,13.52995],[-15.598,13.51569]]]},"properties":{"region":"North Bank","district":"Upper Baddibu","floods_1m":1,"floods_2m":1,"floods_3m":1,"first_flood_m":1,"nests":true,"area_km2":2.445}},{"type":"Feature","geometry":{"type":"Polygon","coordinates":[[[-15.36987,13.4444],[-15.38413,13.4444],[-15.38413,13.45866],[-15.36987,13.45866],[-15.36987,13.4444]]]},"properties":{"region":"North Bank","district":"Upper Baddibu","floods_1m":0,"floods_2m":1,"floods_3m":1,"first_flood_m":2,"nests":true,"area_km2":2.445}},{"type":"Feature","geometry":{"type":"Polygon","coordinates":[[[-15.6978,13.50144],[-15.71206,13.50144],[-15.71206,13.51569],[-15.6978,13.51569],[-15.6978,13.50144]]]},"properties":{"region":"North Bank","district":"Upper Baddibu","floods_1m":0,"floods_2m":1,"floods_3m":1,"first_flood_m":2,"nests":true,"area_km2":2.443}},{"type":"Feature","geometry":{"type":"Polygon","coordinates":[[[-15.76909,13.47292],[-15.78335,13.47292],[-15.78335,13.48718],[-15.76909,13.48718],[-15.76909,13.47292]]]},"properties":{"region":"North Bank","district":"Upper Baddibu","floods_1m":0,"floods_2m":1,"floods_3m":1,"first_flood_m":2,"nests":true,"area_km2":2.445}},{"type":"Feature","geometry":{"type":"Polygon","coordinates":[[[-15.29844,13.48718],[-15.29847,13.48691],[-15.29846,13.48484],[-15.29858,13.48346],[-15.29858,13.48718],[-15.29844,13.48718]]]},"properties":{"region":"North Bank","district":"Upper Baddibu","floods_1m":0,"floods_2m":1,"floods_3m":1,"first_flood_m":2,"nests":true,"area_km2":0.004}},{"type":"Feature","geometry":{"type":"Polygon","coordinates":[[[-15.49819,13.50144],[-15.51245,13.50144],[-15.51245,13.51569],[-15.49819,13.51569],[-15.49819,13.50144]]]},"properties":{"region":"North Bank","district":"Upper Baddibu","floods_1m":1,"floods_2m":1,"floods_3m":1,"first_flood_m":1,"nests":true,"area_km2":2.443}},{"type":"Feature","geometry":{"type":"Polygon","coordinates":[[[-15.72632,13.4811],[-15.74058,13.4732],[-15.74058,13.48718],[-15.72632,13.48718],[-15.72632,13.4811]]]},"properties":{"region":"North Bank","district":"Upper Baddibu","floods_1m":1,"floods_2m":1,"floods_3m":1,"first_flood_m":1,"nests":true,"area_km2":1.72}},{"type":"Feature","geometry":{"type":"Polygon","coordinates":[[[-15.41264,13.47292],[-15.4269,13.47292],[-15.4269,13.48718],[-15.41264,13.48718],[-15.41264,13.47292]]]},"properties":{"region":"North Bank","district":"Upper Baddibu","floods_1m":1,"floods_2m":1,"floods_3m":1,"first_flood_m":1,"nests":true,"area_km2":2.445}},{"type":"Feature","geometry":{"type":"Polygon","coordinates":[[[-15.76909,13.48718],[-15.78335,13.48718],[-15.78335,13.50144],[-15.76909,13.50144],[-15.76909,13.48718]]]},"properties":{"region":"North Bank","district":"Upper Baddibu","floods_1m":1,"floods_2m":1,"floods_3m":1,"first_flood_m":1,"nests":true,"area_km2":2.445}},{"type":"Feature","geometry":{"type":"Polygon","coordinates":[[[-15.45542,13.50144],[-15.46968,13.50144],[-15.46968,13.51569],[-15.45542,13.51569],[-15.45542,13.50144]]]},"properties":{"region":"North Bank","district":"Upper Baddibu","floods_1m":1,"floods_2m":1,"floods_3m":1,"first_flood_m":1,"nests":true,"area_km2":2.443}},{"type":"Feature","geometry":{"type":"Polygon","coordinates":[[[-15.34135,13.50144],[-15.35561,13.50144],[-15.35561,13.51569],[-15.34135,13.51569],[-15.34135,13.50144]]]},"properties":{"region":"North Bank","district":"Upper Baddibu","floods_1m":1,"floods_2m":1,"floods_3m":1,"first_flood_m":1,"nests":true,"area_km2":2.443}},{"type":"Feature","geometry":{"type":"Polygon","coordinates":[[[-15.82613,13.47377],[-15.82685,13.47454],[-15.82732,13.4752],[-15.8277,13.47601],[-15.82794,13.47658],[-15.82828,13.47773],[-15.82893,13.47946],[-15.82977,13.48168],[-15.83027,13.48283],[-15.83076,13.48447],[-15.83093,13.48513],[-15.83111,13.48617],[-15.83148,13.48718],[-15.82613,13.48718],[-15.82613,13.47377]]]},"properties":{"region":"North Bank","district":"Upper Baddibu","floods_1m":1,"floods_2m":1,"floods_3m":1,"first_flood_m":1,"nests":true,"area_km2":0.502}},{"type":"Feature","geometry":{"type":"Polygon","coordinates":[[[-15.29858,13.49788],[-15.29858,13.48718],[-15.31284,13.48718],[-15.31284,13.50144],[-15.29922,13.50144],[-15.29905,13.49971],[-15.29858,13.49788]]]},"properties":{"region":"North Bank","district":"Upper Baddibu","floods_1m":1,"floods_2m":1,"floods_3m":1,"first_flood_m":1,"nests":true,"area_km2":2.428}},{"type":"Feature","geometry":{"type":"Polygon","coordinates":[[[-15.41264,13.48718],[-15.4269,13.48718],[-15.4269,13.50144],[-15.41264,13.50144],[-15.41264,13.48718]]]},"properties":{"region":"North Bank","district":"Upper Baddibu","floods_1m":1,"floods_2m":1,"floods_3m":1,"first_flood_m":1,"nests":true,"area_km2":2.445}},{"type":"Feature","geometry":{"type":"Polygon","coordinates":[[[-15.71206,13.489],[-15.71535,13.48718],[-15.72632,13.48718],[-15.72632,13.50144],[-15.71206,13.50144],[-15.71206,13.489]]]},"properties":{"region":"North Bank","district":"Upper Baddibu","floods_1m":1,"floods_2m":1,"floods_3m":1,"first_flood_m":1,"nests":true,"area_km2":2.409}},{"type":"Feature","geometry":{"type":"Polygon","coordinates":[[[-15.65503,13.50144],[-15.65503,13.49634],[-15.65979,13.50059],[-15.66251,13.50144],[-15.65503,13.50144]]]},"properties":{"region":"North Bank","district":"Upper Baddibu","floods_1m":0,"floods_2m":1,"floods_3m":1,"first_flood_m":2,"nests":true,"area_km2":0.184}},{"type":"Feature","geometry":{"type":"Polygon","coordinates":[[[-15.64077,13.52995],[-15.65503,13.52995],[-15.65503,13.54421],[-15.64077,13.54421],[-15.64077,13.52995]]]},"properties":{"region":"North Bank","district":"Upper Baddibu","floods_1m":1,"floods_2m":1,"floods_3m":1,"first_flood_m":1,"nests":true,"area_km2":2.444}},{"type":"Feature","geometry":{"type":"Polygon","coordinates":[[[-15.79761,13.48718],[-15.81187,13.48718],[-15.81187,13.50144],[-15.79761,13.50144],[-15.79761,13.48718]]]},"properties":{"region":"North Bank","district":"Upper Baddibu","floods_1m":1,"floods_2m":1,"floods_3m":1,"first_flood_m":1,"nests":true,"area_km2":2.445}},{"type":"Feature","geometry":{"type":"Polygon","coordinates":[[[-15.48393,13.50144],[-15.49819,13.50144],[-15.49819,13.51569],[-15.48393,13.51569],[-15.48393,13.50144]]]},"properties":{"region":"North Bank","district":"Upper Baddibu","floods_1m":1,"floods_2m":1,"floods_3m":1,"first_flood_m":1,"nests":true,"area_km2":2.443}},{"type":"Feature","geometry":{"type":"Polygon","coordinates":[[[-15.49819,13.48718],[-15.50185,13.48718],[-15.50322,13.48772],[-15.50822,13.48978],[-15.51016,13.49073],[-15.51122,13.4914],[-15.51245,13.49217],[-15.51245,13.50144],[-15.49819,13.50144],[-15.49819,13.48718]]]},"properties":{"region":"North Bank","district":"Upper Baddibu","floods_1m":0,"floods_2m":1,"floods_3m":1,"first_flood_m":2,"nests":true,"area_km2":2.157}},{"type":"Feature","geometry":{"type":"Polygon","coordinates":[[[-15.39839,13.45866],[-15.41264,13.45866],[-15.41264,13.47292],[-15.39839,13.47292],[-15.39839,13.45866]]]},"properties":{"region":"North Bank","district":"Upper Baddibu","floods_1m":0,"floods_2m":1,"floods_3m":1,"first_flood_m":2,"nests":true,"area_km2":2.443}},{"type":"Feature","geometry":{"type":"Polygon","coordinates":[[[-15.79761,13.47292],[-15.81187,13.47292],[-15.81187,13.48718],[-15.79761,13.48718],[-15.79761,13.47292]]]},"properties":{"region":"North Bank","district":"Upper Baddibu","floods_1m":1,"floods_2m":1,"floods_3m":1,"first_flood_m":1,"nests":true,"area_km2":2.445}},{"type":"Feature","geometry":{"type":"Polygon","coordinates":[[[-15.51245,13.52995],[-15.52671,13.52995],[-15.52671,13.54421],[-15.51245,13.54421],[-15.51245,13.52995]]]},"properties":{"region":"North Bank","district":"Upper Baddibu","floods_1m":0,"floods_2m":1,"floods_3m":1,"first_flood_m":2,"nests":true,"area_km2":2.444}},{"type":"Feature","geometry":{"type":"Polygon","coordinates":[[[-15.51245,13.50144],[-15.52564,13.50144],[-15.52671,13.50252],[-15.52671,13.51569],[-15.51245,13.51569],[-15.51245,13.50144]]]},"properties":{"region":"North Bank","district":"Upper Baddibu","floods_1m":0,"floods_2m":1,"floods_3m":1,"first_flood_m":2,"nests":true,"area_km2":2.436}},{"type":"Feature","geometry":{"type":"Polygon","coordinates":[[[-15.74058,13.55847],[-15.75484,13.55847],[-15.75484,13.57273],[-15.74058,13.57273],[-15.74058,13.55847]]]},"properties":{"region":"North Bank","district":"Upper Baddibu","floods_1m":0,"floods_2m":0,"floods_3m":1,"first_flood_m":3,"nests":true,"area_km2":2.444}},{"type":"Feature","geometry":{"type":"Polygon","coordinates":[[[-15.29858,13.48346],[-15.29865,13.48267],[-15.29878,13.48122],[-15.29914,13.47795],[-15.2994,13.47548],[-15.29988,13.47292],[-15.31284,13.47292],[-15.31284,13.48718],[-15.29858,13.48718],[-15.29858,13.48346]]]},"properties":{"region":"North Bank","district":"Upper Baddibu","floods_1m":1,"floods_2m":1,"floods_3m":1,"first_flood_m":1,"nests":true,"area_km2":2.374}},{"type":"Feature","geometry":{"type":"Polygon","coordinates":[[[-15.79761,13.45548],[-15.81187,13.45496],[-15.81187,13.45866],[-15.79761,13.45866],[-15.79761,13.45548]]]},"properties":{"region":"North Bank","district":"Upper Baddibu","floods_1m":0,"floods_2m":1,"floods_3m":1,"first_flood_m":2,"nests":true,"area_km2":0.59}},{"type":"Feature","geometry":{"type":"Polygon","coordinates":[[[-15.81187,13.48718],[-15.82613,13.48718],[-15.82613,13.50144],[-15.81187,13.50144],[-15.81187,13.48718]]]},"properties":{"region":"North Bank","district":"Upper Baddibu","floods_1m":1,"floods_2m":1,"floods_3m":1,"first_flood_m":1,"nests":true,"area_km2":2.445}},{"type":"Feature","geometry":{"type":"Polygon","coordinates":[[[-15.68355,13.52995],[-15.6978,13.52995],[-15.6978,13.54421],[-15.68355,13.54421],[-15.68355,13.52995]]]},"properties":{"region":"North Bank","district":"Upper Baddibu","floods_1m":1,"floods_2m":1,"floods_3m":1,"first_flood_m":1,"nests":true,"area_km2":2.443}},{"type":"Feature","geometry":{"type":"Polygon","coordinates":[[[-15.36987,13.47292],[-15.38413,13.47292],[-15.38413,13.48718],[-15.36987,13.48718],[-15.36987,13.47292]]]},"properties":{"region":"North Bank","district":"Upper Baddibu","floods_1m":1,"floods_2m":1,"floods_3m":1,"first_flood_m":1,"nests":true,"area_km2":2.445}},{"type":"Feature","geometry":{"type":"Polygon","coordinates":[[[-15.54097,13.51087],[-15.55355,13.51383],[-15.55494,13.51381],[-15.55522,13.51381],[-15.55522,13.51569],[-15.54097,13.51569],[-15.54097,13.51087]]]},"properties":{"region":"North Bank","district":"Upper Baddibu","floods_1m":0,"floods_2m":1,"floods_3m":1,"first_flood_m":2,"nests":true,"area_km2":0.543}},{"type":"Feature","geometry":{"type":"Polygon","coordinates":[[[-15.79761,13.50144],[-15.81187,13.50144],[-15.81187,13.51569],[-15.79761,13.51569],[-15.79761,13.50144]]]},"properties":{"region":"North Bank","district":"Upper Baddibu","floods_1m":1,"floods_2m":1,"floods_3m":1,"first_flood_m":1,"nests":true,"area_km2":2.443}},{"type":"Feature","geometry":{"type":"Polygon","coordinates":[[[-15.44116,13.51569],[-15.45542,13.51569],[-15.45542,13.52995],[-15.44116,13.52995],[-15.44116,13.51569]]]},"properties":{"region":"North Bank","district":"Upper Baddibu","floods_1m":1,"floods_2m":1,"floods_3m":1,"first_flood_m":1,"nests":true,"area_km2":2.445}},{"type":"Feature","geometry":{"type":"Polygon","coordinates":[[[-15.36373,13.57273],[-15.36377,13.57006],[-15.36388,13.56736],[-15.36399,13.56523],[-15.36403,13.56431],[-15.36406,13.56353],[-15.36403,13.56296],[-15.36394,13.56149],[-15.36382,13.55957],[-15.36381,13.55847],[-15.36987,13.55847],[-15.36987,13.57273],[-15.36373,13.57273]]]},"properties":{"region":"North Bank","district":"Upper Baddibu","floods_1m":1,"floods_2m":1,"floods_3m":1,"first_flood_m":1,"nests":true,"area_km2":1.026}},{"type":"Feature","geometry":{"type":"Polygon","coordinates":[[[-15.39839,13.47292],[-15.41264,13.47292],[-15.41264,13.48718],[-15.39839,13.48718],[-15.39839,13.47292]]]},"properties":{"region":"North Bank","district":"Upper Baddibu","floods_1m":1,"floods_2m":1,"floods_3m":1,"first_flood_m":1,"nests":true,"area_km2":2.443}},{"type":"Feature","geometry":{"type":"Polygon","coordinates":[[[-15.38413,13.51569],[-15.39839,13.51569],[-15.39839,13.52995],[-15.38413,13.52995],[-15.38413,13.51569]]]},"properties":{"region":"North Bank","district":"Upper Baddibu","floods_1m":1,"floods_2m":1,"floods_3m":1,"first_flood_m":1,"nests":true,"area_km2":2.445}},{"type":"Feature","geometry":{"type":"Polygon","coordinates":[[[-15.78335,13.55847],[-15.79761,13.55847],[-15.79761,13.57273],[-15.78335,13.57273],[-15.78335,13.55847]]]},"properties":{"region":"North Bank","district":"Upper Baddibu","floods_1m":1,"floods_2m":1,"floods_3m":1,"first_flood_m":1,"nests":true,"area_km2":2.444}},{"type":"Feature","geometry":{"type":"Polygon","coordinates":[[[-15.36987,13.50144],[-15.38413,13.50144],[-15.38413,13.51569],[-15.36987,13.51569],[-15.36987,13.50144]]]},"properties":{"region":"North Bank","district":"Upper Baddibu","floods_1m":1,"floods_2m":1,"floods_3m":1,"first_flood_m":1,"nests":true,"area_km2":2.443}},{"type":"Feature","geometry":{"type":"Polygon","coordinates":[[[-15.56948,13.55847],[-15.58374,13.55847],[-15.58374,13.57273],[-15.56948,13.57273],[-15.56948,13.55847]]]},"properties":{"region":"North Bank","district":"Upper Baddibu","floods_1m":1,"floods_2m":1,"floods_3m":1,"first_flood_m":1,"nests":true,"area_km2":2.444}},{"type":"Feature","geometry":{"type":"Polygon","coordinates":[[[-15.81187,13.45496],[-15.81602,13.45481],[-15.82,13.45548],[-15.82029,13.45866],[-15.81187,13.45866],[-15.81187,13.45496]]]},"properties":{"region":"North Bank","district":"Upper Baddibu","floods_1m":0,"floods_2m":1,"floods_3m":1,"first_flood_m":2,"nests":true,"area_km2":0.362}},{"type":"Feature","geometry":{"type":"Polygon","coordinates":[[[-15.58374,13.51569],[-15.598,13.51569],[-15.598,13.52995],[-15.58374,13.52995],[-15.58374,13.51569]]]},"properties":{"region":"North Bank","district":"Upper Baddibu","floods_1m":0,"floods_2m":1,"floods_3m":1,"first_flood_m":2,"nests":true,"area_km2":2.445}},{"type":"Feature","geometry":{"type":"Polygon","coordinates":[[[-15.35561,13.4351],[-15.35807,13.43583],[-15.36086,13.4368],[-15.36182,13.43699],[-15.36337,13.43729],[-15.3646,13.43752],[-15.36719,13.4382],[-15.36807,13.43852],[-15.36895,13.43884],[-15.36987,13.43914],[-15.36987,13.4444],[-15.35561,13.4444],[-15.35561,13.4351]]]},"properties":{"region":"North Bank","district":"Upper Baddibu","floods_1m":1,"floods_2m":1,"floods_3m":1,"first_flood_m":1,"nests":true,"area_km2":1.249}},{"type":"Feature","geometry":{"type":"Polygon","coordinates":[[[-15.6978,13.4969],[-15.71206,13.489],[-15.71206,13.50144],[-15.6978,13.50144],[-15.6978,13.4969]]]},"properties":{"region":"North Bank","district":"Upper Baddibu","floods_1m":0,"floods_2m":1,"floods_3m":1,"first_flood_m":2,"nests":true,"area_km2":1.456}},{"type":"Feature","geometry":{"type":"Polygon","coordinates":[[[-15.52671,13.50252],[-15.52695,13.50276],[-15.52804,13.50374],[-15.52942,13.50523],[-15.53493,13.50882],[-15.53687,13.50991],[-15.54097,13.51087],[-15.54097,13.51569],[-15.52671,13.51569],[-15.52671,13.50252]]]},"properties":{"region":"North Bank","district":"Upper Baddibu","floods_1m":0,"floods_2m":1,"floods_3m":1,"first_flood_m":2,"nests":true,"area_km2":1.369}},{"type":"Feature","geometry":{"type":"Polygon","coordinates":[[[-15.6978,13.51569],[-15.71206,13.51569],[-15.71206,13.52995],[-15.6978,13.52995],[-15.6978,13.51569]]]},"properties":{"region":"North Bank","district":"Upper Baddibu","floods_1m":0,"floods_2m":0,"floods_3m":1,"first_flood_m":3,"nests":true,"area_km2":2.445}},{"type":"Feature","geometry":{"type":"Polygon","coordinates":[[[-15.78335,13.59137],[-15.78335,13.58698],[-15.79761,13.58698],[-15.79761,13.5914],[-15.79462,13.59139],[-15.78335,13.59137]]]},"properties":{"region":"North Bank","district":"Upper Baddibu","floods_1m":0,"floods_2m":0,"floods_3m":1,"first_flood_m":3,"nests":true,"area_km2":0.755}},{"type":"Feature","geometry":{"type":"Polygon","coordinates":[[[-15.38413,13.4444],[-15.38669,13.4444],[-15.38852,13.445],[-15.39132,13.44643],[-15.39582,13.44855],[-15.39839,13.44991],[-15.39839,13.45866],[-15.38413,13.45866],[-15.38413,13.4444]]]},"properties":{"region":"North Bank","district":"Upper Baddibu","floods_1m":0,"floods_2m":1,"floods_3m":1,"first_flood_m":2,"nests":true,"area_km2":2.078}},{"type":"Feature","geometry":{"type":"Polygon","coordinates":[[[-15.39839,13.52995],[-15.41264,13.52995],[-15.41264,13.54421],[-15.39839,13.54421],[-15.39839,13.52995]]]},"properties":{"region":"North Bank","district":"Upper Baddibu","floods_1m":0,"floods_2m":0,"floods_3m":1,"first_flood_m":3,"nests":true,"area_km2":2.443}},{"type":"Feature","geometry":{"type":"Polygon","coordinates":[[[-15.52671,13.52995],[-15.54097,13.52995],[-15.54097,13.54421],[-15.52671,13.54421],[-15.52671,13.52995]]]},"properties":{"region":"North Bank","district":"Upper Baddibu","floods_1m":1,"floods_2m":1,"floods_3m":1,"first_flood_m":1,"nests":true,"area_km2":2.444}},{"type":"Feature","geometry":{"type":"Polygon","coordinates":[[[-15.77424,13.45866],[-15.78335,13.45618],[-15.78335,13.45866],[-15.77424,13.45866]]]},"properties":{"region":"North Bank","district":"Upper Baddibu","floods_1m":0,"floods_2m":1,"floods_3m":1,"first_flood_m":2,"nests":true,"area_km2":0.136}},{"type":"Feature","geometry":{"type":"Polygon","coordinates":[[[-15.36987,13.54421],[-15.38413,13.54421],[-15.38413,13.55847],[-15.36987,13.55847],[-15.36987,13.54421]]]},"properties":{"region":"North Bank","district":"Upper Baddibu","floods_1m":1,"floods_2m":1,"floods_3m":1,"first_flood_m":1,"nests":true,"area_km2":2.444}},{"type":"Feature","geometry":{"type":"MultiPolygon","coordinates":[[[[-15.85464,13.54396],[-15.85473,13.54421],[-15.85464,13.54421],[-15.85464,13.54396]]],[[[-15.85464,13.52995],[-15.85484,13.52995],[-15.85502,13.53012],[-15.85575,13.53064],[-15.85616,13.53116],[-15.85628,13.53182],[-15.85615,13.533],[-15.85547,13.53411],[-15.85524,13.53512],[-15.85529,13.53604],[-15.85552,13.53702],[-15.85593,13.53771],[-15.85605,13.5382],[-15.85572,13.53958],[-15.85534,13.54012],[-15.85464,13.54061],[-15.85464,13.52995]]]]},"properties":{"region":"North Bank","district":"Upper Baddibu","floods_1m":0,"floods_2m":1,"floods_3m":1,"first_flood_m":2,"nests":true,"area_km2":0.134}},{"type":"Feature","geometry":{"type":"Polygon","coordinates":[[[-15.78335,13.52995],[-15.79761,13.52995],[-15.79761,13.54421],[-15.78335,13.54421],[-15.78335,13.52995]]]},"properties":{"region":"North Bank","district":"Upper Baddibu","floods_1m":1,"floods_2m":1,"floods_3m":1,"first_flood_m":1,"nests":true,"area_km2":2.444}},{"type":"Feature","geometry":{"type":"Polygon","coordinates":[[[-15.62651,13.50144],[-15.64077,13.50144],[-15.64077,13.51569],[-15.62651,13.51569],[-15.62651,13.50144]]]},"properties":{"region":"North Bank","district":"Upper Baddibu","floods_1m":0,"floods_2m":1,"floods_3m":1,"first_flood_m":2,"nests":true,"area_km2":2.443}},{"type":"Feature","geometry":{"type":"Polygon","coordinates":[[[-15.48393,13.51569],[-15.49819,13.51569],[-15.49819,13.52995],[-15.48393,13.52995],[-15.48393,13.51569]]]},"properties":{"region":"North Bank","district":"Upper Baddibu","floods_1m":1,"floods_2m":1,"floods_3m":1,"first_flood_m":1,"nests":true,"area_km2":2.445}},{"type":"Feature","geometry":{"type":"Polygon","coordinates":[[[-15.76909,13.57273],[-15.78335,13.57273],[-15.78335,13.58698],[-15.76909,13.58698],[-15.76909,13.57273]]]},"properties":{"region":"North Bank","district":"Upper Baddibu","floods_1m":1,"floods_2m":1,"floods_3m":1,"first_flood_m":1,"nests":true,"area_km2":2.442}},{"type":"Feature","geometry":{"type":"Polygon","coordinates":[[[-15.82613,13.51569],[-15.84038,13.51569],[-15.84038,13.52995],[-15.82613,13.52995],[-15.82613,13.51569]]]},"properties":{"region":"North Bank","district":"Upper Baddibu","floods_1m":1,"floods_2m":1,"floods_3m":1,"first_flood_m":1,"nests":true,"area_km2":2.443}},{"type":"Feature","geometry":{"type":"Polygon","coordinates":[[[-15.61226,13.48141],[-15.61226,13.48718],[-15.60799,13.48718],[-15.6118,13.48174],[-15.61226,13.48141]]]},"properties":{"region":"North Bank","district":"Upper Baddibu","floods_1m":0,"floods_2m":0,"floods_3m":1,"first_flood_m":3,"nests":true,"area_km2":0.156}},{"type":"Feature","geometry":{"type":"Polygon","coordinates":[[[-15.31284,13.51287],[-15.31284,13.50144],[-15.3271,13.50144],[-15.3271,13.51395],[-15.32638,13.5139],[-15.32471,13.5139],[-15.3242,13.51407],[-15.32373,13.51406],[-15.32283,13.514],[-15.32196,13.51398],[-15.32072,13.51397],[-15.31911,13.51386],[-15.31803,13.51366],[-15.31673,13.51372],[-15.31642,13.51354],[-15.31516,13.51309],[-15.31393,13.51297],[-15.31284,13.51287]]]},"properties":{"region":"North Bank","district":"Upper Baddibu","floods_1m":1,"floods_2m":1,"floods_3m":1,"first_flood_m":1,"nests":true,"area_km2":2.101}},{"type":"Feature","geometry":{"type":"Polygon","coordinates":[[[-15.36987,13.43914],[-15.3734,13.44027],[-15.3744,13.44058],[-15.37605,13.44093],[-15.38019,13.44245],[-15.38384,13.44348],[-15.38413,13.44357],[-15.38413,13.4444],[-15.36987,13.4444],[-15.36987,13.43914]]]},"properties":{"region":"North Bank","district":"Upper Baddibu","floods_1m":0,"floods_2m":1,"floods_3m":1,"first_flood_m":2,"nests":true,"area_km2":0.52}},{"type":"Feature","geometry":{"type":"Polygon","coordinates":[[[-15.38413,13.45866],[-15.39839,13.45866],[-15.39839,13.47292],[-15.38413,13.47292],[-15.38413,13.45866]]]},"properties":{"region":"North Bank","district":"Upper Baddibu","floods_1m":1,"floods_2m":1,"floods_3m":1,"first_flood_m":1,"nests":true,"area_km2":2.445}},{"type":"Feature","geometry":{"type":"Polygon","coordinates":[[[-15.58374,13.50144],[-15.598,13.50144],[-15.598,13.51569],[-15.58374,13.51569],[-15.58374,13.50144]]]},"properties":{"region":"North Bank","district":"Upper Baddibu","floods_1m":0,"floods_2m":1,"floods_3m":1,"first_flood_m":2,"nests":true,"area_km2":2.443}},{"type":"Feature","geometry":{"type":"Polygon","coordinates":[[[-15.3271,13.48718],[-15.34135,13.48718],[-15.34135,13.50144],[-15.3271,13.50144],[-15.3271,13.48718]]]},"properties":{"region":"North Bank","district":"Upper Baddibu","floods_1m":1,"floods_2m":1,"floods_3m":1,"first_flood_m":1,"nests":true,"area_km2":2.443}},{"type":"Feature","geometry":{"type":"Polygon","coordinates":[[[-15.6978,13.52995],[-15.71206,13.52995],[-15.71206,13.54421],[-15.6978,13.54421],[-15.6978,13.52995]]]},"properties":{"region":"North Bank","district":"Upper Baddibu","floods_1m":1,"floods_2m":1,"floods_3m":1,"first_flood_m":1,"nests":true,"area_km2":2.444}},{"type":"Feature","geometry":{"type":"Polygon","coordinates":[[[-15.76909,13.55847],[-15.78335,13.55847],[-15.78335,13.57273],[-15.76909,13.57273],[-15.76909,13.55847]]]},"properties":{"region":"North Bank","district":"Upper Baddibu","floods_1m":1,"floods_2m":1,"floods_3m":1,"first_flood_m":1,"nests":true,"area_km2":2.444}},{"type":"Feature","geometry":{"type":"Polygon","coordinates":[[[-15.6978,13.4969],[-15.6978,13.50144],[-15.68694,13.50144],[-15.6971,13.49729],[-15.6978,13.4969]]]},"properties":{"region":"North Bank","district":"Upper Baddibu","floods_1m":0,"floods_2m":0,"floods_3m":1,"first_flood_m":3,"nests":true,"area_km2":0.29}},{"type":"Feature","geometry":{"type":"Polygon","coordinates":[[[-15.3271,13.44177],[-15.3271,13.4444],[-15.31906,13.4444],[-15.32081,13.44374],[-15.32239,13.44348],[-15.32284,13.44339],[-15.3241,13.44313],[-15.32557,13.44238],[-15.3271,13.44177]]]},"properties":{"region":"North Bank","district":"Upper Baddibu","floods_1m":0,"floods_2m":1,"floods_3m":1,"first_flood_m":2,"nests":true,"area_km2":0.116}},{"type":"Feature","geometry":{"type":"Polygon","coordinates":[[[-15.75484,13.47292],[-15.76909,13.47292],[-15.76909,13.48718],[-15.75484,13.48718],[-15.75484,13.47292]]]},"properties":{"region":"North Bank","district":"Upper Baddibu","floods_1m":1,"floods_2m":1,"floods_3m":1,"first_flood_m":1,"nests":true,"area_km2":2.443}},{"type":"Feature","geometry":{"type":"Polygon","coordinates":[[[-15.75484,13.54421],[-15.76909,13.54421],[-15.76909,13.55847],[-15.75484,13.55847],[-15.75484,13.54421]]]},"properties":{"region":"North Bank","district":"Upper Baddibu","floods_1m":1,"floods_2m":1,"floods_3m":1,"first_flood_m":1,"nests":true,"area_km2":2.443}},{"type":"Feature","geometry":{"type":"Polygon","coordinates":[[[-15.54097,13.51569],[-15.55522,13.51569],[-15.55522,13.52995],[-15.54097,13.52995],[-15.54097,13.51569]]]},"properties":{"region":"North Bank","district":"Upper Baddibu","floods_1m":0,"floods_2m":1,"floods_3m":1,"first_flood_m":2,"nests":true,"area_km2":2.443}},{"type":"Feature","geometry":{"type":"Polygon","coordinates":[[[-15.81187,13.47292],[-15.82419,13.47292],[-15.82495,13.47312],[-15.82533,13.47321],[-15.82592,13.47355],[-15.82613,13.47377],[-15.82613,13.48718],[-15.81187,13.48718],[-15.81187,13.47292]]]},"properties":{"region":"North Bank","district":"Upper Baddibu","floods_1m":1,"floods_2m":1,"floods_3m":1,"first_flood_m":1,"nests":true,"area_km2":2.438}},{"type":"Feature","geometry":{"type":"Polygon","coordinates":[[[-15.84038,13.49688],[-15.84042,13.4969],[-15.84131,13.49705],[-15.84216,13.49717],[-15.8431,13.49717],[-15.84428,13.49748],[-15.84489,13.4979],[-15.8453,13.49839],[-15.84524,13.49977],[-15.845,13.50046],[-15.84468,13.50103],[-15.84429,13.50144],[-15.84038,13.50144],[-15.84038,13.49688]]]},"properties":{"region":"North Bank","district":"Upper Baddibu","floods_1m":1,"floods_2m":1,"floods_3m":1,"first_flood_m":1,"nests":true,"area_km2":0.235}},{"type":"Feature","geometry":{"type":"Polygon","coordinates":[[[-15.35561,13.48718],[-15.36987,13.48718],[-15.36987,13.50144],[-15.35561,13.50144],[-15.35561,13.48718]]]},"properties":{"region":"North Bank","district":"Upper Baddibu","floods_1m":1,"floods_2m":1,"floods_3m":1,"first_flood_m":1,"nests":true,"area_km2":2.445}},{"type":"Feature","geometry":{"type":"Polygon","coordinates":[[[-15.39839,13.6155],[-15.41264,13.6155],[-15.41264,13.62976],[-15.39839,13.62976],[-15.39839,13.6155]]]},"properties":{"region":"North Bank","district":"Upper Baddibu","floods_1m":1,"floods_2m":1,"floods_3m":1,"first_flood_m":1,"nests":true,"area_km2":2.442}},{"type":"Feature","geometry":{"type":"Polygon","coordinates":[[[-15.58374,13.52995],[-15.598,13.52995],[-15.598,13.54421],[-15.58374,13.54421],[-15.58374,13.52995]]]},"properties":{"region":"North Bank","district":"Upper Baddibu","floods_1m":1,"floods_2m":1,"floods_3m":1,"first_flood_m":1,"nests":true,"area_km2":2.444}},{"type":"Feature","geometry":{"type":"Polygon","coordinates":[[[-15.598,13.50144],[-15.61226,13.50144],[-15.61226,13.51569],[-15.598,13.51569],[-15.598,13.50144]]]},"properties":{"region":"North Bank","district":"Upper Baddibu","floods_1m":1,"floods_2m":1,"floods_3m":1,"first_flood_m":1,"nests":true,"area_km2":2.443}},{"type":"Feature","geometry":{"type":"Polygon","coordinates":[[[-15.58374,13.49773],[-15.58374,13.50144],[-15.5813,13.50144],[-15.5816,13.50087],[-15.58374,13.49773]]]},"properties":{"region":"North Bank","district":"Upper Baddibu","floods_1m":0,"floods_2m":1,"floods_3m":1,"first_flood_m":2,"nests":true,"area_km2":0.056}},{"type":"Feature","geometry":{"type":"Polygon","coordinates":[[[-15.82613,13.54421],[-15.84038,13.54421],[-15.84038,13.55847],[-15.82613,13.55847],[-15.82613,13.54421]]]},"properties":{"region":"North Bank","district":"Upper Baddibu","floods_1m":0,"floods_2m":1,"floods_3m":1,"first_flood_m":2,"nests":true,"area_km2":2.443}},{"type":"Feature","geometry":{"type":"Polygon","coordinates":[[[-15.41264,13.45866],[-15.41328,13.45866],[-15.41681,13.46052],[-15.41934,13.46216],[-15.42173,13.46422],[-15.42426,13.46646],[-15.42656,13.47009],[-15.4269,13.47054],[-15.4269,13.47292],[-15.41264,13.47292],[-15.41264,13.45866]]]},"properties":{"region":"North Bank","district":"Upper Baddibu","floods_1m":0,"floods_2m":1,"floods_3m":1,"first_flood_m":2,"nests":true,"area_km2":1.677}},{"type":"Feature","geometry":{"type":"Polygon","coordinates":[[[-15.79761,13.45866],[-15.81187,13.45866],[-15.81187,13.47292],[-15.79761,13.47292],[-15.79761,13.45866]]]},"properties":{"region":"North Bank","district":"Upper Baddibu","floods_1m":0,"floods_2m":1,"floods_3m":1,"first_flood_m":2,"nests":true,"area_km2":2.445}},{"type":"Feature","geometry":{"type":"Polygon","coordinates":[[[-15.56948,13.5141],[-15.57022,13.51402],[-15.57242,13.51347],[-15.57277,13.51329],[-15.57336,13.51298],[-15.57404,13.51232],[-15.57468,13.51151],[-15.57539,13.5107],[-15.57624,13.50984],[-15.57738,13.50829],[-15.57864,13.5061],[-15.57952,13.50475],[-15.5813,13.50144],[-15.58374,13.50144],[-15.58374,13.51569],[-15.56948,13.51569],[-15.56948,13.5141]]]},"properties":{"region":"North Bank","district":"Upper Baddibu","floods_1m":0,"floods_2m":1,"floods_3m":1,"first_flood_m":2,"nests":true,"area_km2":1.258}},{"type":"Feature","geometry":{"type":"Polygon","coordinates":[[[-15.64077,13.51569],[-15.65503,13.51569],[-15.65503,13.52995],[-15.64077,13.52995],[-15.64077,13.51569]]]},"properties":{"region":"North Bank","district":"Upper Baddibu","floods_1m":1,"floods_2m":1,"floods_3m":1,"first_flood_m":1,"nests":true,"area_km2":2.445}},{"type":"Feature","geometry":{"type":"Polygon","coordinates":[[[-15.74058,13.48718],[-15.75484,13.48718],[-15.75484,13.50144],[-15.74058,13.50144],[-15.74058,13.48718]]]},"properties":{"region":"North Bank","district":"Upper Baddibu","floods_1m":1,"floods_2m":1,"floods_3m":1,"first_flood_m":1,"nests":true,"area_km2":2.445}},{"type":"Feature","geometry":{"type":"Polygon","coordinates":[[[-15.38413,13.54421],[-15.39839,13.54421],[-15.39839,13.55847],[-15.38413,13.55847],[-15.38413,13.54421]]]},"properties":{"region":"North Bank","district":"Upper Baddibu","floods_1m":1,"floods_2m":1,"floods_3m":1,"first_flood_m":1,"nests":true,"area_km2":2.444}},{"type":"Feature","geometry":{"type":"Polygon","coordinates":[[[-15.4269,13.48718],[-15.44006,13.48718],[-15.44065,13.48778],[-15.44116,13.48839],[-15.44116,13.50144],[-15.4269,13.50144],[-15.4269,13.48718]]]},"properties":{"region":"North Bank","district":"Upper Baddibu","floods_1m":0,"floods_2m":1,"floods_3m":1,"first_flood_m":2,"nests":true,"area_km2":2.437}},{"type":"Feature","geometry":{"type":"Polygon","coordinates":[[[-15.76909,13.59135],[-15.76909,13.58698],[-15.78335,13.58698],[-15.78335,13.59137],[-15.76909,13.59135]]]},"properties":{"region":"North Bank","district":"Upper Baddibu","floods_1m":1,"floods_2m":1,"floods_3m":1,"first_flood_m":1,"nests":true,"area_km2":0.751}},{"type":"Feature","geometry":{"type":"Polygon","coordinates":[[[-15.46968,13.51569],[-15.48393,13.51569],[-15.48393,13.52995],[-15.46968,13.52995],[-15.46968,13.51569]]]},"properties":{"region":"North Bank","district":"Upper Baddibu","floods_1m":1,"floods_2m":1,"floods_3m":1,"first_flood_m":1,"nests":true,"area_km2":2.443}},{"type":"Feature","geometry":{"type":"Polygon","coordinates":[[[-15.598,13.54421],[-15.61226,13.54421],[-15.61226,13.55847],[-15.598,13.55847],[-15.598,13.54421]]]},"properties":{"region":"North Bank","district":"Upper Baddibu","floods_1m":1,"floods_2m":1,"floods_3m":1,"first_flood_m":1,"nests":true,"area_km2":2.444}},{"type":"Feature","geometry":{"type":"Polygon","coordinates":[[[-15.38413,13.44357],[-15.38669,13.4444],[-15.38413,13.4444],[-15.38413,13.44357]]]},"properties":{"region":"North Bank","district":"Upper Baddibu","floods_1m":0,"floods_2m":1,"floods_3m":1,"first_flood_m":2,"nests":true,"area_km2":0.013}},{"type":"Feature","geometry":{"type":"Polygon","coordinates":[[[-15.66929,13.5028],[-15.67885,13.50284],[-15.68355,13.50208],[-15.68355,13.51569],[-15.66929,13.51569],[-15.66929,13.5028]]]},"properties":{"region":"North Bank","district":"Upper Baddibu","floods_1m":0,"floods_2m":1,"floods_3m":1,"first_flood_m":2,"nests":true,"area_km2":2.227}},{"type":"Feature","geometry":{"type":"Polygon","coordinates":[[[-15.56948,13.52995],[-15.58374,13.52995],[-15.58374,13.54421],[-15.56948,13.54421],[-15.56948,13.52995]]]},"properties":{"region":"North Bank","district":"Upper Baddibu","floods_1m":1,"floods_2m":1,"floods_3m":1,"first_flood_m":1,"nests":true,"area_km2":2.444}},{"type":"Feature","geometry":{"type":"Polygon","coordinates":[[[-15.78335,13.48718],[-15.79761,13.48718],[-15.79761,13.50144],[-15.78335,13.50144],[-15.78335,13.48718]]]},"properties":{"region":"North Bank","district":"Upper Baddibu","floods_1m":1,"floods_2m":1,"floods_3m":1,"first_flood_m":1,"nests":true,"area_km2":2.445}},{"type":"Feature","geometry":{"type":"Polygon","coordinates":[[[-15.62651,13.51569],[-15.64077,13.51569],[-15.64077,13.52995],[-15.62651,13.52995],[-15.62651,13.51569]]]},"properties":{"region":"North Bank","district":"Upper Baddibu","floods_1m":1,"floods_2m":1,"floods_3m":1,"first_flood_m":1,"nests":true,"area_km2":2.445}},{"type":"Feature","geometry":{"type":"Polygon","coordinates":[[[-15.4269,13.51569],[-15.44116,13.51569],[-15.44116,13.52995],[-15.4269,13.52995],[-15.4269,13.51569]]]},"properties":{"region":"North Bank","district":"Upper Baddibu","floods_1m":1,"floods_2m":1,"floods_3m":1,"first_flood_m":1,"nests":true,"area_km2":2.445}},{"type":"Feature","geometry":{"type":"Polygon","coordinates":[[[-15.68355,13.50208],[-15.68659,13.50158],[-15.68694,13.50144],[-15.6978,13.50144],[-15.6978,13.51569],[-15.68355,13.51569],[-15.68355,13.50208]]]},"properties":{"region":"North Bank","district":"Upper Baddibu","floods_1m":0,"floods_2m":1,"floods_3m":1,"first_flood_m":2,"nests":true,"area_km2":2.427}},{"type":"Feature","geometry":{"type":"Polygon","coordinates":[[[-15.64077,13.48718],[-15.64478,13.48718],[-15.65503,13.49634],[-15.65503,13.50144],[-15.64077,13.50144],[-15.64077,13.48718]]]},"properties":{"region":"North Bank","district":"Upper Baddibu","floods_1m":0,"floods_2m":1,"floods_3m":1,"first_flood_m":2,"nests":true,"area_km2":1.88}},{"type":"Feature","geometry":{"type":"Polygon","coordinates":[[[-15.3271,13.51395],[-15.3271,13.50144],[-15.34135,13.50144],[-15.34135,13.51569],[-15.34048,13.51569],[-15.33947,13.51527],[-15.33811,13.51499],[-15.33723,13.51481],[-15.33694,13.51475],[-15.33473,13.51444],[-15.33262,13.51424],[-15.33,13.51418],[-15.3271,13.51395]]]},"properties":{"region":"North Bank","district":"Upper Baddibu","floods_1m":1,"floods_2m":1,"floods_3m":1,"first_flood_m":1,"nests":true,"area_km2":2.251}},{"type":"Feature","geometry":{"type":"Polygon","coordinates":[[[-15.54097,13.54421],[-15.55522,13.54421],[-15.55522,13.55847],[-15.54097,13.55847],[-15.54097,13.54421]]]},"properties":{"region":"North Bank","district":"Upper Baddibu","floods_1m":1,"floods_2m":1,"floods_3m":1,"first_flood_m":1,"nests":true,"area_km2":2.443}},{"type":"Feature","geometry":{"type":"Polygon","coordinates":[[[-15.35561,13.47292],[-15.36987,13.47292],[-15.36987,13.48718],[-15.35561,13.48718],[-15.35561,13.47292]]]},"properties":{"region":"North Bank","district":"Upper Baddibu","floods_1m":1,"floods_2m":1,"floods_3m":1,"first_flood_m":1,"nests":true,"area_km2":2.445}},{"type":"Feature","geometry":{"type":"Polygon","coordinates":[[[-15.41264,13.51569],[-15.4269,13.51569],[-15.4269,13.52995],[-15.41264,13.52995],[-15.41264,13.51569]]]},"properties":{"region":"North Bank","district":"Upper Baddibu","floods_1m":1,"floods_2m":1,"floods_3m":1,"first_flood_m":1,"nests":true,"area_km2":2.445}},{"type":"Feature","geometry":{"type":"Polygon","coordinates":[[[-15.81187,13.52995],[-15.82613,13.52995],[-15.82613,13.54421],[-15.81187,13.54421],[-15.81187,13.52995]]]},"properties":{"region":"North Bank","district":"Upper Baddibu","floods_1m":1,"floods_2m":1,"floods_3m":1,"first_flood_m":1,"nests":true,"area_km2":2.444}},{"type":"Feature","geometry":{"type":"Polygon","coordinates":[[[-15.3031,13.45866],[-15.30315,13.45849],[-15.304,13.45585],[-15.30502,13.45448],[-15.30513,13.45434],[-15.30629,13.45312],[-15.30777,13.45209],[-15.30933,13.45139],[-15.3109,13.45049],[-15.3123,13.44918],[-15.31284,13.44864],[-15.31284,13.45866],[-15.3031,13.45866]]]},"properties":{"region":"North Bank","district":"Upper Baddibu","floods_1m":1,"floods_2m":1,"floods_3m":1,"first_flood_m":1,"nests":true,"area_km2":0.728}},{"type":"Feature","geometry":{"type":"Polygon","coordinates":[[[-15.76909,13.46006],[-15.77424,13.45866],[-15.78335,13.45866],[-15.78335,13.47292],[-15.76909,13.47292],[-15.76909,13.46006]]]},"properties":{"region":"North Bank","district":"Upper Baddibu","floods_1m":0,"floods_2m":1,"floods_3m":1,"first_flood_m":2,"nests":true,"area_km2":2.402}},{"type":"Feature","geometry":{"type":"Polygon","coordinates":[[[-15.62651,13.48718],[-15.64077,13.48718],[-15.64077,13.50144],[-15.62651,13.50144],[-15.62651,13.48718]]]},"properties":{"region":"North Bank","district":"Upper Baddibu","floods_1m":0,"floods_2m":1,"floods_3m":1,"first_flood_m":2,"nests":true,"area_km2":2.445}},{"type":"Feature","geometry":{"type":"Polygon","coordinates":[[[-15.78335,13.47292],[-15.79761,13.47292],[-15.79761,13.48718],[-15.78335,13.48718],[-15.78335,13.47292]]]},"properties":{"region":"North Bank","district":"Upper Baddibu","floods_1m":1,"floods_2m":1,"floods_3m":1,"first_flood_m":1,"nests":true,"area_km2":2.445}},{"type":"Feature","geometry":{"type":"MultiPolygon","coordinates":[[[[-15.84038,13.51388],[-15.84046,13.51401],[-15.84069,13.51453],[-15.84098,13.51499],[-15.84136,13.51522],[-15.84189,13.51514],[-15.84248,13.51471],[-15.84319,13.51431],[-15.84375,13.51434],[-15.8446,13.51443],[-15.84527,13.51504],[-15.84542,13.51569],[-15.84038,13.51569],[-15.84038,13.51388]]],[[[-15.84038,13.50147],[-15.84038,13.50144],[-15.84429,13.50144],[-15.84385,13.50189],[-15.84291,13.50194],[-15.84161,13.50183],[-15.84053,13.50148],[-15.84038,13.50147]]]]},"properties":{"region":"North Bank","district":"Upper Baddibu","floods_1m":0,"floods_2m":1,"floods_3m":1,"first_flood_m":2,"nests":true,"area_km2":0.077}},{"type":"Feature","geometry":{"type":"Polygon","coordinates":[[[-15.39839,13.60124],[-15.41264,13.60124],[-15.41264,13.6155],[-15.39839,13.6155],[-15.39839,13.60124]]]},"properties":{"region":"North Bank","district":"Upper Baddibu","floods_1m":1,"floods_2m":1,"floods_3m":1,"first_flood_m":1,"nests":true,"area_km2":2.442}},{"type":"Feature","geometry":{"type":"Polygon","coordinates":[[[-15.38413,13.60124],[-15.39839,13.60124],[-15.39839,13.6155],[-15.38413,13.6155],[-15.38413,13.60124]]]},"properties":{"region":"North Bank","district":"Upper Baddibu","floods_1m":1,"floods_2m":1,"floods_3m":1,"first_flood_m":1,"nests":true,"area_km2":2.444}},{"type":"Feature","geometry":{"type":"Polygon","coordinates":[[[-15.85464,13.52977],[-15.85484,13.52995],[-15.85464,13.52995],[-15.85464,13.52977]]]},"properties":{"region":"North Bank","district":"Upper Baddibu","floods_1m":0,"floods_2m":0,"floods_3m":1,"first_flood_m":3,"nests":true,"area_km2":0.0}},{"type":"Feature","geometry":{"type":"Polygon","coordinates":[[[-15.36987,13.58698],[-15.38413,13.58698],[-15.38413,13.60124],[-15.36987,13.60124],[-15.36987,13.58698]]]},"properties":{"region":"North Bank","district":"Upper Baddibu","floods_1m":1,"floods_2m":1,"floods_3m":1,"first_flood_m":1,"nests":true,"area_km2":2.444}},{"type":"Feature","geometry":{"type":"Polygon","coordinates":[[[-15.75484,13.59132],[-15.75484,13.58698],[-15.76909,13.58698],[-15.76909,13.59135],[-15.76541,13.59134],[-15.75682,13.59132],[-15.75679,13.59132],[-15.75484,13.59132]]]},"properties":{"region":"North Bank","district":"Upper Baddibu","floods_1m":1,"floods_2m":1,"floods_3m":1,"first_flood_m":1,"nests":true,"area_km2":0.745}},{"type":"Feature","geometry":{"type":"Polygon","coordinates":[[[-15.4269,13.47054],[-15.42848,13.47261],[-15.42875,13.47292],[-15.4269,13.47292],[-15.4269,13.47054]]]},"properties":{"region":"North Bank","district":"Upper Baddibu","floods_1m":0,"floods_2m":1,"floods_3m":1,"first_flood_m":2,"nests":true,"area_km2":0.026}},{"type":"Feature","geometry":{"type":"Polygon","coordinates":[[[-15.46968,13.49173],[-15.47065,13.49129],[-15.47379,13.49013],[-15.47735,13.48875],[-15.48097,13.48731],[-15.48143,13.48718],[-15.48393,13.48718],[-15.48393,13.50144],[-15.46968,13.50144],[-15.46968,13.49173]]]},"properties":{"region":"North Bank","district":"Upper Baddibu","floods_1m":0,"floods_2m":1,"floods_3m":1,"first_flood_m":2,"nests":true,"area_km2":2.125}},{"type":"Feature","geometry":{"type":"Polygon","coordinates":[[[-15.45542,13.4954],[-15.45713,13.49532],[-15.45831,13.49523],[-15.4638,13.49388],[-15.46556,13.493],[-15.46577,13.4929],[-15.4683,13.49235],[-15.46968,13.49173],[-15.46968,13.50144],[-15.45542,13.50144],[-15.45542,13.4954]]]},"properties":{"region":"North Bank","district":"Upper Baddibu","floods_1m":0,"floods_2m":1,"floods_3m":1,"first_flood_m":2,"nests":true,"area_km2":1.282}},{"type":"Feature","geometry":{"type":"Polygon","coordinates":[[[-15.75484,13.50144],[-15.76909,13.50144],[-15.76909,13.51569],[-15.75484,13.51569],[-15.75484,13.50144]]]},"properties":{"region":"North Bank","district":"Upper Baddibu","floods_1m":1,"floods_2m":1,"floods_3m":1,"first_flood_m":1,"nests":true,"area_km2":2.441}},{"type":"Feature","geometry":{"type":"Polygon","coordinates":[[[-15.4269,13.48718],[-15.4269,13.47292],[-15.42875,13.47292],[-15.43069,13.4752],[-15.43278,13.47795],[-15.43593,13.48177],[-15.43738,13.48448],[-15.44006,13.48718],[-15.4269,13.48718]]]},"properties":{"region":"North Bank","district":"Upper Baddibu","floods_1m":0,"floods_2m":1,"floods_3m":1,"first_flood_m":2,"nests":true,"area_km2":1.281}},{"type":"Feature","geometry":{"type":"Polygon","coordinates":[[[-15.49819,13.51569],[-15.51245,13.51569],[-15.51245,13.52995],[-15.49819,13.52995],[-15.49819,13.51569]]]},"properties":{"region":"North Bank","district":"Upper Baddibu","floods_1m":1,"floods_2m":1,"floods_3m":1,"first_flood_m":1,"nests":true,"area_km2":2.445}},{"type":"Feature","geometry":{"type":"Polygon","coordinates":[[[-15.64077,13.48718],[-15.64077,13.48359],[-15.64478,13.48718],[-15.64077,13.48718]]]},"properties":{"region":"North Bank","district":"Upper Baddibu","floods_1m":0,"floods_2m":1,"floods_3m":1,"first_flood_m":2,"nests":true,"area_km2":0.087}},{"type":"Feature","geometry":{"type":"Polygon","coordinates":[[[-15.65503,13.51569],[-15.66929,13.51569],[-15.66929,13.52995],[-15.65503,13.52995],[-15.65503,13.51569]]]},"properties":{"region":"North Bank","district":"Upper Baddibu","floods_1m":1,"floods_2m":1,"floods_3m":1,"first_flood_m":1,"nests":true,"area_km2":2.445}},{"type":"Feature","geometry":{"type":"MultiPolygon","coordinates":[[[[-15.82613,13.50144],[-15.83855,13.50144],[-15.838,13.50161],[-15.83723,13.50241],[-15.83682,13.5031],[-15.83628,13.50422],[-15.83589,13.50626],[-15.83574,13.50729],[-15.83589,13.50804],[-15.83621,13.50853],[-15.83668,13.50885],[-15.83709,13.50937],[-15.83709,13.50997],[-15.83714,13.51058],[-15.83747,13.51121],[-15.83802,13.51127],[-15.83908,13.51188],[-15.83996,13.51318],[-15.84038,13.51388],[-15.84038,13.51569],[-15.82613,13.51569],[-15.82613,13.50144]]],[[[-15.84008,13.50144],[-15.84038,13.50144],[-15.84038,13.50147],[-15.84008,13.50144]]]]},"properties":{"region":"North Bank","district":"Upper Baddibu","floods_1m":1,"floods_2m":1,"floods_3m":1,"first_flood_m":1,"nests":true,"area_km2":1.964}},{"type":"Feature","geometry":{"type":"Polygon","coordinates":[[[-15.3271,13.45866],[-15.34135,13.45866],[-15.34135,13.47292],[-15.3271,13.47292],[-15.3271,13.45866]]]},"properties":{"region":"North Bank","district":"Upper Baddibu","floods_1m":1,"floods_2m":1,"floods_3m":1,"first_flood_m":1,"nests":true,"area_km2":2.443}},{"type":"Feature","geometry":{"type":"Polygon","coordinates":[[[-15.39839,13.44991],[-15.39859,13.45002],[-15.4005,13.45117],[-15.40394,13.45323],[-15.40592,13.45444],[-15.4078,13.45558],[-15.40948,13.45662],[-15.41104,13.45748],[-15.41264,13.45833],[-15.41264,13.45866],[-15.39839,13.45866],[-15.39839,13.44991]]]},"properties":{"region":"North Bank","district":"Upper Baddibu","floods_1m":0,"floods_2m":1,"floods_3m":1,"first_flood_m":2,"nests":true,"area_km2":0.767}},{"type":"Feature","geometry":{"type":"Polygon","coordinates":[[[-15.65503,13.50144],[-15.66251,13.50144],[-15.66687,13.50279],[-15.66929,13.5028],[-15.66929,13.51569],[-15.65503,13.51569],[-15.65503,13.50144]]]},"properties":{"region":"North Bank","district":"Upper Baddibu","floods_1m":0,"floods_2m":1,"floods_3m":1,"first_flood_m":2,"nests":true,"area_km2":2.368}},{"type":"Feature","geometry":{"type":"Polygon","coordinates":[[[-15.75484,13.55847],[-15.76909,13.55847],[-15.76909,13.57273],[-15.75484,13.57273],[-15.75484,13.55847]]]},"properties":{"region":"North Bank","district":"Upper Baddibu","floods_1m":1,"floods_2m":1,"floods_3m":1,"first_flood_m":1,"nests":true,"area_km2":2.442}},{"type":"Feature","geometry":{"type":"Polygon","coordinates":[[[-15.74058,13.4732],[-15.74108,13.47292],[-15.75484,13.47292],[-15.75484,13.48718],[-15.74058,13.48718],[-15.74058,13.4732]]]},"properties":{"region":"North Bank","district":"Upper Baddibu","floods_1m":1,"floods_2m":1,"floods_3m":1,"first_flood_m":1,"nests":true,"area_km2":2.444}},{"type":"Feature","geometry":{"type":"Polygon","coordinates":[[[-15.78335,13.54421],[-15.79761,13.54421],[-15.79761,13.55847],[-15.78335,13.55847],[-15.78335,13.54421]]]},"properties":{"region":"North Bank","district":"Upper Baddibu","floods_1m":1,"floods_2m":1,"floods_3m":1,"first_flood_m":1,"nests":true,"area_km2":2.444}},{"type":"Feature","geometry":{"type":"Polygon","coordinates":[[[-15.35561,13.45866],[-15.36987,13.45866],[-15.36987,13.47292],[-15.35561,13.47292],[-15.35561,13.45866]]]},"properties":{"region":"North Bank","district":"Upper Baddibu","floods_1m":1,"floods_2m":1,"floods_3m":1,"first_flood_m":1,"nests":true,"area_km2":2.445}},{"type":"Feature","geometry":{"type":"Polygon","coordinates":[[[-15.48393,13.48643],[-15.48657,13.48546],[-15.48875,13.485],[-15.48916,13.48492],[-15.49066,13.48491],[-15.49368,13.4848],[-15.49601,13.48511],[-15.49766,13.48563],[-15.49819,13.48581],[-15.49819,13.48718],[-15.48393,13.48718],[-15.48393,13.48643]]]},"properties":{"region":"North Bank","district":"Upper Baddibu","floods_1m":1,"floods_2m":1,"floods_3m":1,"first_flood_m":1,"nests":true,"area_km2":0.334}},{"type":"Feature","geometry":{"type":"Polygon","coordinates":[[[-15.75484,13.52995],[-15.76909,13.52995],[-15.76909,13.54421],[-15.75484,13.54421],[-15.75484,13.52995]]]},"properties":{"region":"North Bank","district":"Upper Baddibu","floods_1m":1,"floods_2m":1,"floods_3m":1,"first_flood_m":1,"nests":true,"area_km2":2.443}},{"type":"Feature","geometry":{"type":"Polygon","coordinates":[[[-15.72632,13.4811],[-15.72632,13.48718],[-15.71535,13.48718],[-15.72632,13.4811]]]},"properties":{"region":"North Bank","district":"Upper Baddibu","floods_1m":0,"floods_2m":1,"floods_3m":1,"first_flood_m":2,"nests":true,"area_km2":0.401}},{"type":"Feature","geometry":{"type":"Polygon","coordinates":[[[-15.55522,13.51569],[-15.56948,13.51569],[-15.56948,13.52995],[-15.55522,13.52995],[-15.55522,13.51569]]]},"properties":{"region":"North Bank","district":"Upper Baddibu","floods_1m":1,"floods_2m":1,"floods_3m":1,"first_flood_m":1,"nests":true,"area_km2":2.445}},{"type":"Feature","geometry":{"type":"Polygon","coordinates":[[[-15.84038,13.51569],[-15.84542,13.51569],[-15.84551,13.5161],[-15.84544,13.51717],[-15.84538,13.51765],[-15.84538,13.51829],[-15.84564,13.51883],[-15.84617,13.51921],[-15.84667,13.51979],[-15.84693,13.52036],[-15.84675,13.52123],[-15.84616,13.52206],[-15.8454,13.52289],[-15.84534,13.52335],[-15.84572,13.52366],[-15.84619,13.52401],[-15.84701,13.52476],[-15.84762,13.52534],[-15.84803,13.52589],[-15.84812,13.52649],[-15.84835,13.52715],[-15.849,13.52747],[-15.84967,13.52753],[-15.85076,13.52731],[-15.85156,13.52746],[-15.85198,13.52775],[-15.85223,13.52795],[-15.85258,13.52818],[-15.85299,13.52853],[-15.85359,13.52901],[-15.8544,13.52957],[-15.85464,13.52977],[-15.85464,13.52977],[-15.85464,13.52995],[-15.84038,13.52995],[-15.84038,13.51569]]]},"properties":{"region":"North Bank","district":"Upper Baddibu","floods_1m":1,"floods_2m":1,"floods_3m":1,"first_flood_m":1,"nests":true,"area_km2":1.243}},{"type":"Feature","geometry":{"type":"Polygon","coordinates":[[[-15.34135,13.43568],[-15.34216,13.4353],[-15.34407,13.43496],[-15.34581,13.43466],[-15.34728,13.43446],[-15.34922,13.43408],[-15.35157,13.43437],[-15.35375,13.43471],[-15.35545,13.43505],[-15.35561,13.4351],[-15.35561,13.4444],[-15.34135,13.4444],[-15.34135,13.43568]]]},"properties":{"region":"North Bank","district":"Upper Baddibu","floods_1m":1,"floods_2m":1,"floods_3m":1,"first_flood_m":1,"nests":true,"area_km2":1.669}},{"type":"Feature","geometry":{"type":"Polygon","coordinates":[[[-15.58374,13.54421],[-15.598,13.54421],[-15.598,13.55847],[-15.58374,13.55847],[-15.58374,13.54421]]]},"properties":{"region":"North Bank","district":"Upper Baddibu","floods_1m":1,"floods_2m":1,"floods_3m":1,"first_flood_m":1,"nests":true,"area_km2":2.444}},{"type":"Feature","geometry":{"type":"Polygon","coordinates":[[[-15.75484,13.51569],[-15.76909,13.51569],[-15.76909,13.52995],[-15.75484,13.52995],[-15.75484,13.51569]]]},"properties":{"region":"North Bank","district":"Upper Baddibu","floods_1m":1,"floods_2m":1,"floods_3m":1,"first_flood_m":1,"nests":true,"area_km2":2.443}},{"type":"Feature","geometry":{"type":"Polygon","coordinates":[[[-15.36987,13.45866],[-15.38413,13.45866],[-15.38413,13.47292],[-15.36987,13.47292],[-15.36987,13.45866]]]},"properties":{"region":"North Bank","district":"Upper Baddibu","floods_1m":1,"floods_2m":1,"floods_3m":1,"first_flood_m":1,"nests":true,"area_km2":2.445}},{"type":"Feature","geometry":{"type":"Polygon","coordinates":[[[-15.81187,13.51569],[-15.82613,13.51569],[-15.82613,13.52995],[-15.81187,13.52995],[-15.81187,13.51569]]]},"properties":{"region":"North Bank","district":"Upper Baddibu","floods_1m":1,"floods_2m":1,"floods_3m":1,"first_flood_m":1,"nests":true,"area_km2":2.445}},{"type":"Feature","geometry":{"type":"Polygon","coordinates":[[[-15.75484,13.46556],[-15.76444,13.46133],[-15.76909,13.46006],[-15.76909,13.47292],[-15.75484,13.47292],[-15.75484,13.46556]]]},"properties":{"region":"North Bank","district":"Upper Baddibu","floods_1m":0,"floods_2m":1,"floods_3m":1,"first_flood_m":2,"nests":true,"area_km2":1.777}},{"type":"Feature","geometry":{"type":"Polygon","coordinates":[[[-15.51245,13.49217],[-15.51299,13.49251],[-15.51543,13.494],[-15.51905,13.49604],[-15.52123,13.49748],[-15.52353,13.49957],[-15.52538,13.50118],[-15.52564,13.50144],[-15.51245,13.50144],[-15.51245,13.49217]]]},"properties":{"region":"North Bank","district":"Upper Baddibu","floods_1m":0,"floods_2m":1,"floods_3m":1,"first_flood_m":2,"nests":true,"area_km2":0.806}},{"type":"Feature","geometry":{"type":"Polygon","coordinates":[[[-15.64077,13.50144],[-15.65503,13.50144],[-15.65503,13.51569],[-15.64077,13.51569],[-15.64077,13.50144]]]},"properties":{"region":"North Bank","district":"Upper Baddibu","floods_1m":0,"floods_2m":1,"floods_3m":1,"first_flood_m":2,"nests":true,"area_km2":2.443}},{"type":"Feature","geometry":{"type":"Polygon","coordinates":[[[-15.34135,13.45866],[-15.35561,13.45866],[-15.35561,13.47292],[-15.34135,13.47292],[-15.34135,13.45866]]]},"properties":{"region":"North Bank","district":"Upper Baddibu","floods_1m":1,"floods_2m":1,"floods_3m":1,"first_flood_m":1,"nests":true,"area_km2":2.445}},{"type":"Feature","geometry":{"type":"Polygon","coordinates":[[[-15.35981,13.54421],[-15.35949,13.54296],[-15.35943,13.54163],[-15.35905,13.54026],[-15.35878,13.53982],[-15.35889,13.53876],[-15.35901,13.53784],[-15.35904,13.53637],[-15.35901,13.53537],[-15.35829,13.53272],[-15.35776,13.53074],[-15.35711,13.52995],[-15.36987,13.52995],[-15.36987,13.54421],[-15.35981,13.54421]]]},"properties":{"region":"North Bank","district":"Upper Baddibu","floods_1m":1,"floods_2m":1,"floods_3m":1,"first_flood_m":1,"nests":true,"area_km2":1.894}},{"type":"Feature","geometry":{"type":"Polygon","coordinates":[[[-15.56948,13.54421],[-15.58374,13.54421],[-15.58374,13.55847],[-15.56948,13.55847],[-15.56948,13.54421]]]},"properties":{"region":"North Bank","district":"Upper Baddibu","floods_1m":1,"floods_2m":1,"floods_3m":1,"first_flood_m":1,"nests":true,"area_km2":2.444}},{"type":"Feature","geometry":{"type":"Polygon","coordinates":[[[-15.38413,13.52995],[-15.39839,13.52995],[-15.39839,13.54421],[-15.38413,13.54421],[-15.38413,13.52995]]]},"properties":{"region":"North Bank","district":"Upper Baddibu","floods_1m":1,"floods_2m":1,"floods_3m":1,"first_flood_m":1,"nests":true,"area_km2":2.444}},{"type":"Feature","geometry":{"type":"Polygon","coordinates":[[[-15.65503,13.52995],[-15.66929,13.52995],[-15.66929,13.54421],[-15.65503,13.54421],[-15.65503,13.52995]]]},"properties":{"region":"North Bank","district":"Upper Baddibu","floods_1m":1,"floods_2m":1,"floods_3m":1,"first_flood_m":1,"nests":true,"area_km2":2.444}},{"type":"Feature","geometry":{"type":"Polygon","coordinates":[[[-15.76909,13.54421],[-15.78335,13.54421],[-15.78335,13.55847],[-15.76909,13.55847],[-15.76909,13.54421]]]},"properties":{"region":"North Bank","district":"Upper Baddibu","floods_1m":1,"floods_2m":1,"floods_3m":1,"first_flood_m":1,"nests":true,"area_km2":2.444}},{"type":"Feature","geometry":{"type":"Polygon","coordinates":[[[-15.72632,13.48718],[-15.74058,13.48718],[-15.74058,13.50144],[-15.72632,13.50144],[-15.72632,13.48718]]]},"properties":{"region":"North Bank","district":"Upper Baddibu","floods_1m":1,"floods_2m":1,"floods_3m":1,"first_flood_m":1,"nests":true,"area_km2":2.445}},{"type":"Feature","geometry":{"type":"Polygon","coordinates":[[[-15.36987,13.60124],[-15.38413,13.60124],[-15.38413,13.6155],[-15.36987,13.6155],[-15.36987,13.60124]]]},"properties":{"region":"North Bank","district":"Upper Baddibu","floods_1m":1,"floods_2m":1,"floods_3m":1,"first_flood_m":1,"nests":true,"area_km2":2.444}},{"type":"Feature","geometry":{"type":"Polygon","coordinates":[[[-15.4269,13.50144],[-15.44116,13.50144],[-15.44116,13.51569],[-15.4269,13.51569],[-15.4269,13.50144]]]},"properties":{"region":"North Bank","district":"Upper Baddibu","floods_1m":1,"floods_2m":1,"floods_3m":1,"first_flood_m":1,"nests":true,"area_km2":2.443}},{"type":"Feature","geometry":{"type":"Polygon","coordinates":[[[-15.79761,13.51569],[-15.81187,13.51569],[-15.81187,13.52995],[-15.79761,13.52995],[-15.79761,13.51569]]]},"properties":{"region":"North Bank","district":"Upper Baddibu","floods_1m":0,"floods_2m":1,"floods_3m":1,"first_flood_m":2,"nests":true,"area_km2":2.445}},{"type":"Feature","geometry":{"type":"Polygon","coordinates":[[[-15.3271,13.4444],[-15.34135,13.4444],[-15.34135,13.45866],[-15.3271,13.45866],[-15.3271,13.4444]]]},"properties":{"region":"North Bank","district":"Upper Baddibu","floods_1m":1,"floods_2m":1,"floods_3m":1,"first_flood_m":1,"nests":true,"area_km2":2.444}},{"type":"Feature","geometry":{"type":"Polygon","coordinates":[[[-15.75484,13.57273],[-15.76909,13.57273],[-15.76909,13.58698],[-15.75484,13.58698],[-15.75484,13.57273]]]},"properties":{"region":"North Bank","district":"Upper Baddibu","floods_1m":1,"floods_2m":1,"floods_3m":1,"first_flood_m":1,"nests":true,"area_km2":2.441}},{"type":"Feature","geometry":{"type":"Polygon","coordinates":[[[-15.4269,13.52995],[-15.44116,13.52995],[-15.44116,13.54421],[-15.4269,13.54421],[-15.4269,13.52995]]]},"properties":{"region":"North Bank","district":"Upper Baddibu","floods_1m":1,"floods_2m":1,"floods_3m":1,"first_flood_m":1,"nests":true,"area_km2":2.444}},{"type":"Feature","geometry":{"type":"Polygon","coordinates":[[[-15.38413,13.50144],[-15.39839,13.50144],[-15.39839,13.51569],[-15.38413,13.51569],[-15.38413,13.50144]]]},"properties":{"region":"North Bank","district":"Upper Baddibu","floods_1m":1,"floods_2m":1,"floods_3m":1,"first_flood_m":1,"nests":true,"area_km2":2.443}},{"type":"Feature","geometry":{"type":"Polygon","coordinates":[[[-15.66929,13.52995],[-15.68355,13.52995],[-15.68355,13.54421],[-15.66929,13.54421],[-15.66929,13.52995]]]},"properties":{"region":"North Bank","district":"Upper Baddibu","floods_1m":1,"floods_2m":1,"floods_3m":1,"first_flood_m":1,"nests":true,"area_km2":2.444}},{"type":"Feature","geometry":{"type":"Polygon","coordinates":[[[-15.3271,13.47292],[-15.34135,13.47292],[-15.34135,13.48718],[-15.3271,13.48718],[-15.3271,13.47292]]]},"properties":{"region":"North Bank","district":"Upper Baddibu","floods_1m":1,"floods_2m":1,"floods_3m":1,"first_flood_m":1,"nests":true,"area_km2":2.443}},{"type":"Feature","geometry":{"type":"Polygon","coordinates":[[[-15.55522,13.54421],[-15.56948,13.54421],[-15.56948,13.55847],[-15.55522,13.55847],[-15.55522,13.54421]]]},"properties":{"region":"North Bank","district":"Upper Baddibu","floods_1m":1,"floods_2m":1,"floods_3m":1,"first_flood_m":1,"nests":true,"area_km2":2.444}},{"type":"Feature","geometry":{"type":"Polygon","coordinates":[[[-15.45542,13.51569],[-15.46968,13.51569],[-15.46968,13.52995],[-15.45542,13.52995],[-15.45542,13.51569]]]},"properties":{"region":"North Bank","district":"Upper Baddibu","floods_1m":1,"floods_2m":1,"floods_3m":1,"first_flood_m":1,"nests":true,"area_km2":2.445}},{"type":"Feature","geometry":{"type":"Polygon","coordinates":[[[-15.36652,13.6155],[-15.36987,13.6155],[-15.36987,13.62846],[-15.36506,13.62804],[-15.36573,13.62413],[-15.36658,13.62033],[-15.36658,13.61685],[-15.36655,13.61593],[-15.36652,13.6155]]]},"properties":{"region":"North Bank","district":"Upper Baddibu","floods_1m":0,"floods_2m":1,"floods_3m":1,"first_flood_m":2,"nests":true,"area_km2":0.583}},{"type":"Feature","geometry":{"type":"Polygon","coordinates":[[[-15.31284,13.45866],[-15.3271,13.45866],[-15.3271,13.47292],[-15.31284,13.47292],[-15.31284,13.45866]]]},"properties":{"region":"North Bank","district":"Upper Baddibu","floods_1m":1,"floods_2m":1,"floods_3m":1,"first_flood_m":1,"nests":true,"area_km2":2.445}},{"type":"Feature","geometry":{"type":"Polygon","coordinates":[[[-15.58374,13.49773],[-15.5876,13.49206],[-15.598,13.50104],[-15.598,13.50144],[-15.58374,13.50144],[-15.58374,13.49773]]]},"properties":{"region":"North Bank","district":"Upper Baddibu","floods_1m":0,"floods_2m":1,"floods_3m":1,"first_flood_m":2,"nests":true,"area_km2":0.915}},{"type":"Feature","geometry":{"type":"Polygon","coordinates":[[[-15.62651,13.47604],[-15.6291,13.4762],[-15.63549,13.47887],[-15.64077,13.48359],[-15.64077,13.48718],[-15.62651,13.48718],[-15.62651,13.47604]]]},"properties":{"region":"North Bank","district":"Upper Baddibu","floods_1m":0,"floods_2m":1,"floods_3m":1,"first_flood_m":2,"nests":true,"area_km2":1.463}},{"type":"Feature","geometry":{"type":"Polygon","coordinates":[[[-15.38413,13.55847],[-15.39839,13.55847],[-15.39839,13.57273],[-15.38413,13.57273],[-15.38413,13.55847]]]},"properties":{"region":"North Bank","district":"Upper Baddibu","floods_1m":1,"floods_2m":1,"floods_3m":1,"first_flood_m":1,"nests":true,"area_km2":2.444}},{"type":"Feature","geometry":{"type":"Polygon","coordinates":[[[-15.598,13.52995],[-15.61226,13.52995],[-15.61226,13.54421],[-15.598,13.54421],[-15.598,13.52995]]]},"properties":{"region":"North Bank","district":"Upper Baddibu","floods_1m":1,"floods_2m":1,"floods_3m":1,"first_flood_m":1,"nests":true,"area_km2":2.444}},{"type":"Feature","geometry":{"type":"Polygon","coordinates":[[[-15.68355,13.51569],[-15.6978,13.51569],[-15.6978,13.52995],[-15.68355,13.52995],[-15.68355,13.51569]]]},"properties":{"region":"North Bank","district":"Upper Baddibu","floods_1m":1,"floods_2m":1,"floods_3m":1,"first_flood_m":1,"nests":true,"area_km2":2.443}},{"type":"Feature","geometry":{"type":"Polygon","coordinates":[[[-15.49819,13.48581],[-15.49972,13.48634],[-15.50185,13.48718],[-15.49819,13.48718],[-15.49819,13.48581]]]},"properties":{"region":"North Bank","district":"Upper Baddibu","floods_1m":0,"floods_2m":0,"floods_3m":1,"first_flood_m":3,"nests":true,"area_km2":0.031}},{"type":"Feature","geometry":{"type":"Polygon","coordinates":[[[-15.55522,13.51381],[-15.55572,13.5138],[-15.55793,13.51388],[-15.56046,13.51388],[-15.56305,13.51391],[-15.56652,13.51416],[-15.56875,13.51419],[-15.56948,13.5141],[-15.56948,13.51569],[-15.55522,13.51569],[-15.55522,13.51381]]]},"properties":{"region":"North Bank","district":"Upper Baddibu","floods_1m":0,"floods_2m":1,"floods_3m":1,"first_flood_m":2,"nests":true,"area_km2":0.295}},{"type":"Feature","geometry":{"type":"Polygon","coordinates":[[[-15.38413,13.47292],[-15.39839,13.47292],[-15.39839,13.48718],[-15.38413,13.48718],[-15.38413,13.47292]]]},"properties":{"region":"North Bank","district":"Upper Baddibu","floods_1m":1,"floods_2m":1,"floods_3m":1,"first_flood_m":1,"nests":true,"area_km2":2.445}},{"type":"Feature","geometry":{"type":"Polygon","coordinates":[[[-15.35981,13.54421],[-15.36987,13.54421],[-15.36987,13.55847],[-15.36381,13.55847],[-15.36381,13.55822],[-15.3636,13.55646],[-15.36354,13.55497],[-15.36224,13.55109],[-15.36197,13.54951],[-15.36129,13.5475],[-15.36038,13.54557],[-15.35982,13.54425],[-15.35981,13.54421]]]},"properties":{"region":"North Bank","district":"Upper Baddibu","floods_1m":1,"floods_2m":1,"floods_3m":1,"first_flood_m":1,"nests":true,"area_km2":1.303}},{"type":"Feature","geometry":{"type":"Polygon","coordinates":[[[-15.44116,13.50144],[-15.45542,13.50144],[-15.45542,13.51569],[-15.44116,13.51569],[-15.44116,13.50144]]]},"properties":{"region":"North Bank","district":"Upper Baddibu","floods_1m":1,"floods_2m":1,"floods_3m":1,"first_flood_m":1,"nests":true,"area_km2":2.443}},{"type":"Feature","geometry":{"type":"Polygon","coordinates":[[[-15.75484,13.48718],[-15.76909,13.48718],[-15.76909,13.50144],[-15.75484,13.50144],[-15.75484,13.48718]]]},"properties":{"region":"North Bank","district":"Upper Baddibu","floods_1m":0,"floods_2m":1,"floods_3m":1,"first_flood_m":2,"nests":true,"area_km2":2.443}},{"type":"Feature","geometry":{"type":"Polygon","coordinates":[[[-15.29922,13.50144],[-15.31284,13.50144],[-15.31284,13.51287],[-15.3112,13.51271],[-15.30861,13.51182],[-15.3068,13.51106],[-15.30507,13.50989],[-15.30227,13.50716],[-15.30062,13.50456],[-15.30037,13.504],[-15.2999,13.503],[-15.29924,13.50164],[-15.29922,13.50144]]]},"properties":{"region":"North Bank","district":"Upper Baddibu","floods_1m":1,"floods_2m":1,"floods_3m":1,"first_flood_m":1,"nests":true,"area_km2":1.32}},{"type":"Feature","geometry":{"type":"Polygon","coordinates":[[[-15.598,13.50104],[-15.59817,13.50119],[-15.60799,13.48718],[-15.61226,13.48718],[-15.61226,13.50144],[-15.598,13.50144],[-15.598,13.50104]]]},"properties":{"region":"North Bank","district":"Upper Baddibu","floods_1m":1,"floods_2m":1,"floods_3m":1,"first_flood_m":1,"nests":true,"area_km2":1.589}},{"type":"Feature","geometry":{"type":"Polygon","coordinates":[[[-15.39839,13.48718],[-15.41264,13.48718],[-15.41264,13.50144],[-15.39839,13.50144],[-15.39839,13.48718]]]},"properties":{"region":"North Bank","district":"Upper Baddibu","floods_1m":1,"floods_2m":1,"floods_3m":1,"first_flood_m":1,"nests":true,"area_km2":2.443}},{"type":"Feature","geometry":{"type":"Polygon","coordinates":[[[-15.29844,13.48718],[-15.29858,13.48718],[-15.29858,13.49788],[-15.29848,13.49749],[-15.29853,13.49606],[-15.29812,13.49223],[-15.29827,13.48889],[-15.2983,13.48859],[-15.29844,13.48718]]]},"properties":{"region":"North Bank","district":"Upper Baddibu","floods_1m":0,"floods_2m":1,"floods_3m":1,"first_flood_m":2,"nests":true,"area_km2":0.033}},{"type":"Feature","geometry":{"type":"Polygon","coordinates":[[[-15.55522,13.52995],[-15.56948,13.52995],[-15.56948,13.54421],[-15.55522,13.54421],[-15.55522,13.52995]]]},"properties":{"region":"North Bank","district":"Upper Baddibu","floods_1m":1,"floods_2m":1,"floods_3m":1,"first_flood_m":1,"nests":true,"area_km2":2.444}},{"type":"Feature","geometry":{"type":"Polygon","coordinates":[[[-15.34135,13.48718],[-15.35561,13.48718],[-15.35561,13.50144],[-15.34135,13.50144],[-15.34135,13.48718]]]},"properties":{"region":"North Bank","district":"Upper Baddibu","floods_1m":1,"floods_2m":1,"floods_3m":1,"first_flood_m":1,"nests":true,"area_km2":2.445}},{"type":"Feature","geometry":{"type":"Polygon","coordinates":[[[-16.48199,13.35886],[-16.49625,13.35886],[-16.49625,13.37311],[-16.48199,13.37311],[-16.48199,13.35886]]]},"properties":{"region":"North Bank","district":"Upper Nuimi","floods_1m":1,"floods_2m":1,"floods_3m":1,"first_flood_m":1,"nests":true,"area_km2":2.444}},{"type":"Feature","geometry":{"type":"Polygon","coordinates":[[[-16.45348,13.34774],[-16.45358,13.34782],[-16.46423,13.35223],[-16.46645,13.3526],[-16.46773,13.35281],[-16.46773,13.35886],[-16.45348,13.35886],[-16.45348,13.34774]]]},"properties":{"region":"North Bank","district":"Upper Nuimi","floods_1m":1,"floods_2m":1,"floods_3m":1,"first_flood_m":1,"nests":true,"area_km2":1.412}},{"type":"Feature","geometry":{"type":"Polygon","coordinates":[[[-16.43922,13.3446],[-16.44926,13.3446],[-16.45348,13.34774],[-16.45348,13.35886],[-16.43922,13.35886],[-16.43922,13.3446]]]},"properties":{"region":"North Bank","district":"Upper Nuimi","floods_1m":1,"floods_2m":1,"floods_3m":1,"first_flood_m":1,"nests":true,"area_km2":2.367}},{"type":"Feature","geometry":{"type":"Polygon","coordinates":[[[-16.28238,13.43015],[-16.29664,13.43015],[-16.29664,13.4444],[-16.28238,13.4444],[-16.28238,13.43015]]]},"properties":{"region":"North Bank","district":"Upper Nuimi","floods_1m":1,"floods_2m":1,"floods_3m":1,"first_flood_m":1,"nests":true,"area_km2":2.444}},{"type":"Feature","geometry":{"type":"Polygon","coordinates":[[[-16.4107,13.33034],[-16.42496,13.33034],[-16.42496,13.3446],[-16.4107,13.3446],[-16.4107,13.33034]]]},"properties":{"region":"North Bank","district":"Upper Nuimi","floods_1m":1,"floods_2m":1,"floods_3m":1,"first_flood_m":1,"nests":true,"area_km2":2.446}},{"type":"Feature","geometry":{"type":"Polygon","coordinates":[[[-16.46773,13.37311],[-16.48199,13.37311],[-16.48199,13.38069],[-16.48199,13.38737],[-16.46773,13.38737],[-16.46773,13.38069],[-16.46773,13.37311]]]},"properties":{"region":"North Bank","district":"Upper Nuimi","floods_1m":1,"floods_2m":1,"floods_3m":1,"first_flood_m":1,"nests":true,"area_km2":2.446}},{"type":"Feature","geometry":{"type":"Polygon","coordinates":[[[-16.39644,13.32897],[-16.4107,13.32706],[-16.4107,13.33034],[-16.39644,13.33034],[-16.39644,13.32897]]]},"properties":{"region":"North Bank","district":"Upper Nuimi","floods_1m":1,"floods_2m":1,"floods_3m":1,"first_flood_m":1,"nests":true,"area_km2":0.399}},{"type":"Feature","geometry":{"type":"MultiPolygon","coordinates":[[[[-16.49625,13.35886],[-16.51051,13.35886],[-16.51051,13.36181],[-16.51042,13.36181],[-16.51042,13.36208],[-16.50819,13.36208],[-16.50819,13.36236],[-16.50708,13.36236],[-16.50708,13.36319],[-16.50736,13.36319],[-16.50736,13.36431],[-16.50708,13.36431],[-16.50708,13.36458],[-16.50681,13.36458],[-16.50681,13.36486],[-16.50653,13.36486],[-16.50653,13.36514],[-16.50597,13.36514],[-16.50597,13.36542],[-16.50542,13.36542],[-16.50542,13.36569],[-16.50514,13.36569],[-16.50514,13.36597],[-16.50486,13.36597],[-16.50486,13.36625],[-16.50403,13.36625],[-16.50403,13.36653],[-16.50375,13.36653],[-16.50375,13.36681],[-16.50347,13.36681],[-16.50347,13.36708],[-16.5032,13.36708],[-16.5032,13.36736],[-16.50292,13.36736],[-16.50292,13.36792],[-16.50264,13.36792],[-16.50264,13.36819],[-16.50236,13.36819],[-16.50236,13.36847],[-16.50208,13.36847],[-16.50208,13.36875],[-16.50181,13.36875],[-16.50181,13.36903],[-16.50153,13.36903],[-16.50153,13.36931],[-16.50125,13.36931],[-16.50125,13.36958],[-16.50097,13.36958],[-16.50097,13.36986],[-16.50069,13.36986],[-16.50069,13.37042],[-16.50042,13.37042],[-16.50042,13.37069],[-16.50014,13.37069],[-16.50014,13.37097],[-16.49986,13.37097],[-16.49986,13.37125],[-16.49931,13.37125],[-16.49931,13.37153],[-16.49903,13.37153],[-16.49903,13.3718],[-16.49875,13.3718],[-16.49875,13.37208],[-16.49847,13.37208],[-16.49847,13.37236],[-16.49819,13.37236],[-16.49819,13.37264],[-16.49792,13.37264],[-16.49792,13.37311],[-16.49625,13.37311],[-16.49625,13.35886]]],[[[-16.51051,13.36319],[-16.51051,13.36431],[-16.51042,13.36431],[-16.51042,13.36458],[-16.51014,13.36458],[-16.51014,13.36486],[-16.50958,13.36486],[-16.50958,13.36514],[-16.50903,13.36514],[-16.50903,13.36542],[-16.50792,13.36542],[-16.50792,13.36458],[-16.50847,13.36458],[-16.50847,13.36431],[-16.50875,13.36431],[-16.50875,13.36403],[-16.50903,13.36403],[-16.50903,13.36375],[-16.50931,13.36375],[-16.50931,13.36319],[-16.51051,13.36319]]]]},"properties":{"region":"North Bank","district":"Upper Nuimi","floods_1m":1,"floods_2m":1,"floods_3m":1,"first_flood_m":1,"nests":true,"area_km2":1.512}},{"type":"Feature","geometry":{"type":"Polygon","coordinates":[[[-16.35367,13.3446],[-16.36793,13.3446],[-16.36793,13.35886],[-16.35367,13.35886],[-16.35367,13.3446]]]},"properties":{"region":"North Bank","district":"Upper Nuimi","floods_1m":0,"floods_2m":1,"floods_3m":1,"first_flood_m":2,"nests":true,"area_km2":2.446}},{"type":"Feature","geometry":{"type":"Polygon","coordinates":[[[-16.22535,13.41503],[-16.22535,13.4047],[-16.22604,13.4039],[-16.22988,13.40163],[-16.23961,13.40163],[-16.23961,13.41416],[-16.23821,13.41473],[-16.23724,13.41542],[-16.23658,13.41589],[-16.22696,13.41589],[-16.22562,13.41513],[-16.22535,13.41503]]]},"properties":{"region":"North Bank","district":"Upper Nuimi","floods_1m":1,"floods_2m":1,"floods_3m":1,"first_flood_m":1,"nests":true,"area_km2":2.327}},{"type":"Feature","geometry":{"type":"Polygon","coordinates":[[[-16.43922,13.40163],[-16.45348,13.40163],[-16.45348,13.41589],[-16.43922,13.41589],[-16.43922,13.40163]]]},"properties":{"region":"North Bank","district":"Upper Nuimi","floods_1m":1,"floods_2m":1,"floods_3m":1,"first_flood_m":1,"nests":true,"area_km2":2.446}},{"type":"Feature","geometry":{"type":"Polygon","coordinates":[[[-16.35367,13.33869],[-16.36793,13.33503],[-16.36793,13.3446],[-16.35367,13.3446],[-16.35367,13.33869]]]},"properties":{"region":"North Bank","district":"Upper Nuimi","floods_1m":1,"floods_2m":1,"floods_3m":1,"first_flood_m":1,"nests":true,"area_km2":1.328}},{"type":"Feature","geometry":{"type":"Polygon","coordinates":[[[-16.42496,13.41589],[-16.43922,13.41589],[-16.43922,13.43015],[-16.42496,13.43015],[-16.42496,13.41589]]]},"properties":{"region":"North Bank","district":"Upper Nuimi","floods_1m":1,"floods_2m":1,"floods_3m":1,"first_flood_m":1,"nests":true,"area_km2":2.446}},{"type":"Feature","geometry":{"type":"Polygon","coordinates":[[[-16.23961,13.45057],[-16.2402,13.44916],[-16.24112,13.4462],[-16.24149,13.4444],[-16.25387,13.4444],[-16.25387,13.45866],[-16.23961,13.45866],[-16.23961,13.45057]]]},"properties":{"region":"North Bank","district":"Upper Nuimi","floods_1m":1,"floods_2m":1,"floods_3m":1,"first_flood_m":1,"nests":true,"area_km2":2.366}},{"type":"Feature","geometry":{"type":"Polygon","coordinates":[[[-16.28238,13.35715],[-16.29664,13.35049],[-16.29664,13.35886],[-16.28238,13.35886],[-16.28238,13.35715]]]},"properties":{"region":"North Bank","district":"Upper Nuimi","floods_1m":1,"floods_2m":1,"floods_3m":1,"first_flood_m":1,"nests":true,"area_km2":0.865}},{"type":"Feature","geometry":{"type":"Polygon","coordinates":[[[-16.26812,13.41589],[-16.28238,13.41589],[-16.28238,13.43015],[-16.26812,13.43015],[-16.26812,13.41589]]]},"properties":{"region":"North Bank","district":"Upper Nuimi","floods_1m":0,"floods_2m":1,"floods_3m":1,"first_flood_m":2,"nests":true,"area_km2":2.446}},{"type":"Feature","geometry":{"type":"Polygon","coordinates":[[[-16.3109,13.35886],[-16.32516,13.35886],[-16.32516,13.37311],[-16.3109,13.37311],[-16.3109,13.35886]]]},"properties":{"region":"North Bank","district":"Upper Nuimi","floods_1m":1,"floods_2m":1,"floods_3m":1,"first_flood_m":1,"nests":true,"area_km2":2.444}},{"type":"Feature","geometry":{"type":"Polygon","coordinates":[[[-16.23183,13.50144],[-16.23961,13.50144],[-16.23961,13.51569],[-16.23508,13.51569],[-16.2346,13.5156],[-16.23405,13.51551],[-16.2337,13.51493],[-16.23395,13.51398],[-16.23467,13.51264],[-16.23446,13.51154],[-16.23399,13.51099],[-16.23332,13.51084],[-16.23234,13.51108],[-16.23151,13.51182],[-16.23061,13.51295],[-16.22984,13.51346],[-16.22898,13.51342],[-16.2282,13.5126],[-16.22761,13.51095],[-16.22698,13.50985],[-16.22658,13.5089],[-16.22619,13.50768],[-16.22602,13.5067],[-16.22616,13.50573],[-16.22661,13.50516],[-16.22784,13.50526],[-16.22873,13.50657],[-16.22972,13.50742],[-16.23084,13.50749],[-16.23227,13.50631],[-16.23228,13.50383],[-16.23201,13.50193],[-16.23183,13.50144]]]},"properties":{"region":"North Bank","district":"Upper Nuimi","floods_1m":1,"floods_2m":1,"floods_3m":1,"first_flood_m":1,"nests":true,"area_km2":1.552}},{"type":"Feature","geometry":{"type":"Polygon","coordinates":[[[-16.46773,13.35886],[-16.48199,13.35886],[-16.48199,13.37311],[-16.46773,13.37311],[-16.46773,13.35886]]]},"properties":{"region":"North Bank","district":"Upper Nuimi","floods_1m":1,"floods_2m":1,"floods_3m":1,"first_flood_m":1,"nests":true,"area_km2":2.444}},{"type":"Feature","geometry":{"type":"Polygon","coordinates":[[[-16.42496,13.40163],[-16.43922,13.40163],[-16.43922,13.41589],[-16.42496,13.41589],[-16.42496,13.40163]]]},"properties":{"region":"North Bank","district":"Upper Nuimi","floods_1m":1,"floods_2m":1,"floods_3m":1,"first_flood_m":1,"nests":true,"area_km2":2.446}},{"type":"Feature","geometry":{"type":"Polygon","coordinates":[[[-16.3109,13.43015],[-16.32516,13.43015],[-16.32516,13.4444],[-16.3109,13.4444],[-16.3109,13.43015]]]},"properties":{"region":"North Bank","district":"Upper Nuimi","floods_1m":1,"floods_2m":1,"floods_3m":1,"first_flood_m":1,"nests":true,"area_km2":2.444}},{"type":"Feature","geometry":{"type":"Polygon","coordinates":[[[-16.29664,13.37311],[-16.3109,13.37311],[-16.3109,13.38069],[-16.3109,13.38737],[-16.29664,13.38737],[-16.29664,13.38069],[-16.29664,13.37311]]]},"properties":{"region":"North Bank","district":"Upper Nuimi","floods_1m":1,"floods_2m":1,"floods_3m":1,"first_flood_m":1,"nests":true,"area_km2":2.446}},{"type":"Feature","geometry":{"type":"Polygon","coordinates":[[[-16.48199,13.37311],[-16.49625,13.37311],[-16.49625,13.37736],[-16.49625,13.37736],[-16.49625,13.37764],[-16.49597,13.37764],[-16.49597,13.37792],[-16.4957,13.37792],[-16.4957,13.37875],[-16.49542,13.37875],[-16.49542,13.37958],[-16.49514,13.37958],[-16.49514,13.38014],[-16.49486,13.38014],[-16.49486,13.38042],[-16.49458,13.38042],[-16.49458,13.3807],[-16.4943,13.3807],[-16.4943,13.38097],[-16.49403,13.38097],[-16.49403,13.38125],[-16.49375,13.38125],[-16.49375,13.38181],[-16.49347,13.38181],[-16.49347,13.38208],[-16.49319,13.38208],[-16.49319,13.38236],[-16.49264,13.38236],[-16.49264,13.38264],[-16.49236,13.38264],[-16.49236,13.38292],[-16.49181,13.38292],[-16.49181,13.38319],[-16.49153,13.38319],[-16.49153,13.38347],[-16.49125,13.38347],[-16.49125,13.38375],[-16.49097,13.38375],[-16.49097,13.38403],[-16.4907,13.38403],[-16.4907,13.38431],[-16.49042,13.38431],[-16.49042,13.38458],[-16.48986,13.38458],[-16.48986,13.38486],[-16.48959,13.38486],[-16.48959,13.38514],[-16.48903,13.38514],[-16.48903,13.38542],[-16.48875,13.38542],[-16.48875,13.3857],[-16.48847,13.3857],[-16.48847,13.38597],[-16.4882,13.38597],[-16.4882,13.38653],[-16.48792,13.38653],[-16.48792,13.3868],[-16.48764,13.3868],[-16.48764,13.38708],[-16.48736,13.38708],[-16.48736,13.38736],[-16.48708,13.38736],[-16.48708,13.38737],[-16.48199,13.38737],[-16.48199,13.38069],[-16.48199,13.37311]]]},"properties":{"region":"North Bank","district":"Upper Nuimi","floods_1m":1,"floods_2m":1,"floods_3m":1,"first_flood_m":1,"nests":true,"area_km2":1.976}},{"type":"Feature","geometry":{"type":"Polygon","coordinates":[[[-16.3109,13.3446],[-16.32516,13.3446],[-16.32516,13.35886],[-16.3109,13.35886],[-16.3109,13.3446]]]},"properties":{"region":"North Bank","district":"Upper Nuimi","floods_1m":1,"floods_2m":1,"floods_3m":1,"first_flood_m":1,"nests":true,"area_km2":2.446}},{"type":"Feature","geometry":{"type":"Polygon","coordinates":[[[-16.28238,13.38737],[-16.29664,13.38737],[-16.29664,13.40163],[-16.28238,13.40163],[-16.28238,13.38737]]]},"properties":{"region":"North Bank","district":"Upper Nuimi","floods_1m":1,"floods_2m":1,"floods_3m":1,"first_flood_m":1,"nests":true,"area_km2":2.446}},{"type":"Feature","geometry":{"type":"Polygon","coordinates":[[[-16.28238,13.35886],[-16.29664,13.35886],[-16.29664,13.37311],[-16.28238,13.37311],[-16.28238,13.35886]]]},"properties":{"region":"North Bank","district":"Upper Nuimi","floods_1m":1,"floods_2m":1,"floods_3m":1,"first_flood_m":1,"nests":true,"area_km2":2.444}},{"type":"Feature","geometry":{"type":"Polygon","coordinates":[[[-16.36793,13.33503],[-16.38219,13.33136],[-16.38219,13.3446],[-16.36793,13.3446],[-16.36793,13.33503]]]},"properties":{"region":"North Bank","district":"Upper Nuimi","floods_1m":1,"floods_2m":1,"floods_3m":1,"first_flood_m":1,"nests":true,"area_km2":1.957}},{"type":"Feature","geometry":{"type":"Polygon","coordinates":[[[-16.25387,13.38737],[-16.26812,13.38737],[-16.26812,13.40163],[-16.25387,13.40163],[-16.25387,13.38737]]]},"properties":{"region":"North Bank","district":"Upper Nuimi","floods_1m":1,"floods_2m":1,"floods_3m":1,"first_flood_m":1,"nests":true,"area_km2":2.444}},{"type":"Feature","geometry":{"type":"Polygon","coordinates":[[[-16.39644,13.33034],[-16.4107,13.33034],[-16.4107,13.3446],[-16.39644,13.3446],[-16.39644,13.33034]]]},"properties":{"region":"North Bank","district":"Upper Nuimi","floods_1m":1,"floods_2m":1,"floods_3m":1,"first_flood_m":1,"nests":true,"area_km2":2.446}},{"type":"Feature","geometry":{"type":"Polygon","coordinates":[[[-16.3109,13.37311],[-16.32516,13.37311],[-16.32516,13.38069],[-16.32516,13.38737],[-16.3109,13.38737],[-16.3109,13.38069],[-16.3109,13.37311]]]},"properties":{"region":"North Bank","district":"Upper Nuimi","floods_1m":1,"floods_2m":1,"floods_3m":1,"first_flood_m":1,"nests":true,"area_km2":2.446}},{"type":"Feature","geometry":{"type":"Polygon","coordinates":[[[-16.23961,13.42859],[-16.23961,13.42486],[-16.24014,13.42486],[-16.24132,13.42493],[-16.2422,13.42493],[-16.24335,13.42473],[-16.24444,13.42416],[-16.24538,13.42345],[-16.24609,13.42276],[-16.24669,13.42182],[-16.24716,13.42075],[-16.24752,13.41923],[-16.24791,13.41711],[-16.24715,13.41638],[-16.24674,13.41589],[-16.25387,13.41589],[-16.25387,13.43015],[-16.24057,13.43015],[-16.24004,13.42926],[-16.23961,13.42859]]]},"properties":{"region":"North Bank","district":"Upper Nuimi","floods_1m":1,"floods_2m":1,"floods_3m":1,"first_flood_m":1,"nests":true,"area_km2":1.673}},{"type":"Feature","geometry":{"type":"Polygon","coordinates":[[[-16.22362,13.48718],[-16.22535,13.48718],[-16.22535,13.50004],[-16.22516,13.50024],[-16.22433,13.50058],[-16.22345,13.50032],[-16.22248,13.49936],[-16.22175,13.49778],[-16.22149,13.49637],[-16.22138,13.49527],[-16.22135,13.4941],[-16.22127,13.49283],[-16.22148,13.49197],[-16.22181,13.49114],[-16.2224,13.49022],[-16.22296,13.48919],[-16.22338,13.48798],[-16.22362,13.48718]]]},"properties":{"region":"North Bank","district":"Upper Nuimi","floods_1m":1,"floods_2m":1,"floods_3m":1,"first_flood_m":1,"nests":true,"area_km2":0.52}},{"type":"Feature","geometry":{"type":"Polygon","coordinates":[[[-16.45348,13.41998],[-16.45348,13.41589],[-16.46773,13.41589],[-16.46773,13.42543],[-16.46644,13.42536],[-16.46545,13.42508],[-16.46408,13.42437],[-16.46354,13.42477],[-16.46347,13.42537],[-16.46332,13.42591],[-16.46296,13.42634],[-16.46281,13.42654],[-16.46207,13.42687],[-16.4606,13.42662],[-16.45996,13.42641],[-16.45824,13.42515],[-16.45785,13.42387],[-16.45819,13.4227],[-16.45906,13.42156],[-16.45925,13.42062],[-16.45905,13.41995],[-16.45824,13.41914],[-16.45718,13.41918],[-16.45562,13.41921],[-16.45429,13.41936],[-16.45348,13.41998]]]},"properties":{"region":"North Bank","district":"Upper Nuimi","floods_1m":1,"floods_2m":1,"floods_3m":1,"first_flood_m":1,"nests":true,"area_km2":1.298}},{"type":"Feature","geometry":{"type":"Polygon","coordinates":[[[-16.29664,13.43015],[-16.3109,13.43015],[-16.3109,13.4444],[-16.29664,13.4444],[-16.29664,13.43015]]]},"properties":{"region":"North Bank","district":"Upper Nuimi","floods_1m":1,"floods_2m":1,"floods_3m":1,"first_flood_m":1,"nests":true,"area_km2":2.444}},{"type":"Feature","geometry":{"type":"Polygon","coordinates":[[[-16.29664,13.35886],[-16.3109,13.35886],[-16.3109,13.37311],[-16.29664,13.37311],[-16.29664,13.35886]]]},"properties":{"region":"North Bank","district":"Upper Nuimi","floods_1m":1,"floods_2m":1,"floods_3m":1,"first_flood_m":1,"nests":true,"area_km2":2.444}},{"type":"Feature","geometry":{"type":"Polygon","coordinates":[[[-16.48199,13.35464],[-16.49625,13.35409],[-16.49625,13.35886],[-16.48199,13.35886],[-16.48199,13.35464]]]},"properties":{"region":"North Bank","district":"Upper Nuimi","floods_1m":1,"floods_2m":1,"floods_3m":1,"first_flood_m":1,"nests":true,"area_km2":0.771}},{"type":"Feature","geometry":{"type":"Polygon","coordinates":[[[-16.29664,13.41589],[-16.3109,13.41589],[-16.3109,13.43015],[-16.29664,13.43015],[-16.29664,13.41589]]]},"properties":{"region":"North Bank","district":"Upper Nuimi","floods_1m":1,"floods_2m":1,"floods_3m":1,"first_flood_m":1,"nests":true,"area_km2":2.446}},{"type":"Feature","geometry":{"type":"MultiPolygon","coordinates":[[[[-16.51051,13.36431],[-16.51051,13.36319],[-16.51069,13.36319],[-16.51069,13.36347],[-16.51097,13.36347],[-16.51097,13.36403],[-16.51069,13.36403],[-16.51069,13.36431],[-16.51051,13.36431]]],[[[-16.51051,13.36181],[-16.51051,13.35886],[-16.51653,13.35886],[-16.51588,13.36125],[-16.51542,13.36125],[-16.51542,13.36153],[-16.51292,13.36153],[-16.51292,13.36181],[-16.51051,13.36181]]]]},"properties":{"region":"North Bank","district":"Upper Nuimi","floods_1m":1,"floods_2m":1,"floods_3m":1,"first_flood_m":1,"nests":true,"area_km2":0.193}},{"type":"Feature","geometry":{"type":"Polygon","coordinates":[[[-16.29664,13.35049],[-16.30116,13.34837],[-16.30464,13.3446],[-16.3109,13.3446],[-16.3109,13.35886],[-16.29664,13.35886],[-16.29664,13.35049]]]},"properties":{"region":"North Bank","district":"Upper Nuimi","floods_1m":1,"floods_2m":1,"floods_3m":1,"first_flood_m":1,"nests":true,"area_km2":2.105}},{"type":"Feature","geometry":{"type":"Polygon","coordinates":[[[-16.46773,13.38737],[-16.48199,13.38737],[-16.48199,13.39625],[-16.48181,13.39625],[-16.48181,13.39681],[-16.48153,13.39681],[-16.48153,13.39708],[-16.48125,13.39708],[-16.48125,13.39819],[-16.48097,13.39819],[-16.48097,13.39875],[-16.48069,13.39875],[-16.48069,13.39958],[-16.48042,13.39958],[-16.48042,13.40125],[-16.48014,13.40125],[-16.48014,13.40163],[-16.46773,13.40163],[-16.46773,13.38737]]]},"properties":{"region":"North Bank","district":"Upper Nuimi","floods_1m":1,"floods_2m":1,"floods_3m":1,"first_flood_m":1,"nests":true,"area_km2":2.373}},{"type":"Feature","geometry":{"type":"Polygon","coordinates":[[[-16.49625,13.35409],[-16.51051,13.35355],[-16.51051,13.35886],[-16.49625,13.35886],[-16.49625,13.35409]]]},"properties":{"region":"North Bank","district":"Upper Nuimi","floods_1m":1,"floods_2m":1,"floods_3m":1,"first_flood_m":1,"nests":true,"area_km2":0.865}},{"type":"Feature","geometry":{"type":"Polygon","coordinates":[[[-16.48199,13.39625],[-16.48199,13.38737],[-16.48708,13.38737],[-16.48708,13.38764],[-16.4868,13.38764],[-16.4868,13.38792],[-16.48653,13.38792],[-16.48653,13.38819],[-16.48625,13.38819],[-16.48625,13.38875],[-16.48569,13.38875],[-16.48569,13.38958],[-16.48542,13.38958],[-16.48542,13.38986],[-16.48514,13.38986],[-16.48514,13.39042],[-16.48486,13.39042],[-16.48486,13.39069],[-16.48458,13.39069],[-16.48458,13.39097],[-16.48403,13.39097],[-16.48403,13.39125],[-16.48375,13.39125],[-16.48375,13.39181],[-16.48347,13.39181],[-16.48347,13.39236],[-16.48319,13.39236],[-16.48319,13.39292],[-16.48292,13.39292],[-16.48292,13.39347],[-16.48264,13.39347],[-16.48264,13.39431],[-16.48236,13.39431],[-16.48236,13.39542],[-16.48208,13.39542],[-16.48208,13.39625],[-16.48199,13.39625]]]},"properties":{"region":"North Bank","district":"Upper Nuimi","floods_1m":1,"floods_2m":1,"floods_3m":1,"first_flood_m":1,"nests":true,"area_km2":0.219}},{"type":"Feature","geometry":{"type":"Polygon","coordinates":[[[-16.28238,13.37311],[-16.29664,13.37311],[-16.29664,13.38069],[-16.29664,13.38737],[-16.28238,13.38737],[-16.28238,13.38069],[-16.28238,13.37311]]]},"properties":{"region":"North Bank","district":"Upper Nuimi","floods_1m":1,"floods_2m":1,"floods_3m":1,"first_flood_m":1,"nests":true,"area_km2":2.446}},{"type":"Feature","geometry":{"type":"Polygon","coordinates":[[[-16.46773,13.40163],[-16.48014,13.40163],[-16.48014,13.40236],[-16.47986,13.40236],[-16.47986,13.40625],[-16.47958,13.40625],[-16.47958,13.40847],[-16.47931,13.40847],[-16.47931,13.40903],[-16.47903,13.40903],[-16.47903,13.41069],[-16.47875,13.41069],[-16.47875,13.41236],[-16.47903,13.41236],[-16.47903,13.41589],[-16.46773,13.41589],[-16.46773,13.40163]]]},"properties":{"region":"North Bank","district":"Upper Nuimi","floods_1m":1,"floods_2m":1,"floods_3m":1,"first_flood_m":1,"nests":true,"area_km2":1.998}},{"type":"Feature","geometry":{"type":"Polygon","coordinates":[[[-16.33941,13.3446],[-16.35367,13.3446],[-16.35367,13.35886],[-16.33941,13.35886],[-16.33941,13.3446]]]},"properties":{"region":"North Bank","district":"Upper Nuimi","floods_1m":1,"floods_2m":1,"floods_3m":1,"first_flood_m":1,"nests":true,"area_km2":2.446}},{"type":"Feature","geometry":{"type":"Polygon","coordinates":[[[-16.23961,13.47292],[-16.25387,13.47292],[-16.25387,13.48718],[-16.23961,13.48718],[-16.23961,13.47292]]]},"properties":{"region":"North Bank","district":"Upper Nuimi","floods_1m":1,"floods_2m":1,"floods_3m":1,"first_flood_m":1,"nests":true,"area_km2":2.445}},{"type":"Feature","geometry":{"type":"Polygon","coordinates":[[[-16.45348,13.35886],[-16.46773,13.35886],[-16.46773,13.37311],[-16.45348,13.37311],[-16.45348,13.35886]]]},"properties":{"region":"North Bank","district":"Upper Nuimi","floods_1m":1,"floods_2m":1,"floods_3m":1,"first_flood_m":1,"nests":true,"area_km2":2.443}},{"type":"Feature","geometry":{"type":"Polygon","coordinates":[[[-16.46773,13.42543],[-16.46773,13.41589],[-16.47903,13.41589],[-16.47903,13.41792],[-16.47931,13.41792],[-16.47931,13.41986],[-16.47958,13.41986],[-16.47959,13.42071],[-16.47983,13.4207],[-16.47986,13.42097],[-16.48014,13.42097],[-16.48014,13.42125],[-16.48042,13.42125],[-16.48042,13.42153],[-16.48069,13.42153],[-16.48069,13.42292],[-16.48042,13.42292],[-16.48042,13.42319],[-16.47903,13.42319],[-16.47903,13.42292],[-16.47875,13.42292],[-16.47875,13.42236],[-16.47847,13.42236],[-16.47847,13.42153],[-16.47791,13.42151],[-16.47446,13.42313],[-16.47409,13.42383],[-16.47279,13.42422],[-16.47216,13.42458],[-16.47145,13.42503],[-16.46912,13.42543],[-16.46782,13.42543],[-16.46773,13.42543]]]},"properties":{"region":"North Bank","district":"Upper Nuimi","floods_1m":1,"floods_2m":1,"floods_3m":1,"first_flood_m":1,"nests":true,"area_km2":1.128}},{"type":"Feature","geometry":{"type":"Polygon","coordinates":[[[-16.23414,13.45866],[-16.23961,13.45866],[-16.23961,13.47292],[-16.23235,13.47292],[-16.23238,13.47287],[-16.23377,13.4706],[-16.23501,13.46791],[-16.23496,13.46716],[-16.23461,13.46558],[-16.23435,13.46342],[-16.23401,13.46152],[-16.23387,13.45997],[-16.23414,13.45866]]]},"properties":{"region":"North Bank","district":"Upper Nuimi","floods_1m":1,"floods_2m":1,"floods_3m":1,"first_flood_m":1,"nests":true,"area_km2":0.936}},{"type":"Feature","geometry":{"type":"Polygon","coordinates":[[[-16.42496,13.33034],[-16.4284,13.33034],[-16.4331,13.33254],[-16.43922,13.3371],[-16.43922,13.3446],[-16.42496,13.3446],[-16.42496,13.33034]]]},"properties":{"region":"North Bank","district":"Upper Nuimi","floods_1m":1,"floods_2m":1,"floods_3m":1,"first_flood_m":1,"nests":true,"area_km2":2.054}},{"type":"Feature","geometry":{"type":"Polygon","coordinates":[[[-16.3109,13.34228],[-16.31878,13.33542],[-16.32467,13.33647],[-16.32516,13.33679],[-16.32516,13.3446],[-16.3109,13.3446],[-16.3109,13.34228]]]},"properties":{"region":"North Bank","district":"Upper Nuimi","floods_1m":1,"floods_2m":1,"floods_3m":1,"first_flood_m":1,"nests":true,"area_km2":1.205}},{"type":"Feature","geometry":{"type":"Polygon","coordinates":[[[-16.22988,13.40163],[-16.23604,13.39799],[-16.23961,13.39158],[-16.23961,13.40163],[-16.22988,13.40163]]]},"properties":{"region":"North Bank","district":"Upper Nuimi","floods_1m":1,"floods_2m":1,"floods_3m":1,"first_flood_m":1,"nests":true,"area_km2":0.429}},{"type":"Feature","geometry":{"type":"Polygon","coordinates":[[[-16.26812,13.37311],[-16.28238,13.37311],[-16.28238,13.38069],[-16.28238,13.38737],[-16.26812,13.38737],[-16.26812,13.38069],[-16.26812,13.37311]]]},"properties":{"region":"North Bank","district":"Upper Nuimi","floods_1m":1,"floods_2m":1,"floods_3m":1,"first_flood_m":1,"nests":true,"area_km2":2.446}},{"type":"Feature","geometry":{"type":"Polygon","coordinates":[[[-16.26179,13.37311],[-16.26812,13.3682],[-16.26812,13.37311],[-16.26179,13.37311]]]},"properties":{"region":"North Bank","district":"Upper Nuimi","floods_1m":1,"floods_2m":1,"floods_3m":1,"first_flood_m":1,"nests":true,"area_km2":0.187}},{"type":"Feature","geometry":{"type":"Polygon","coordinates":[[[-16.23961,13.41416],[-16.23961,13.40163],[-16.25387,13.40163],[-16.25387,13.41589],[-16.24674,13.41589],[-16.24621,13.41526],[-16.24553,13.41428],[-16.2443,13.41361],[-16.24236,13.41357],[-16.23995,13.41402],[-16.23961,13.41416]]]},"properties":{"region":"North Bank","district":"Upper Nuimi","floods_1m":1,"floods_2m":1,"floods_3m":1,"first_flood_m":1,"nests":true,"area_km2":2.284}},{"type":"Feature","geometry":{"type":"Polygon","coordinates":[[[-16.42496,13.43015],[-16.43922,13.43015],[-16.43922,13.43256],[-16.43911,13.43334],[-16.43786,13.43648],[-16.436,13.43902],[-16.434,13.44054],[-16.43151,13.44231],[-16.42931,13.44366],[-16.42784,13.4444],[-16.42496,13.4444],[-16.42496,13.43015]]]},"properties":{"region":"North Bank","district":"Upper Nuimi","floods_1m":0,"floods_2m":1,"floods_3m":1,"first_flood_m":2,"nests":true,"area_km2":1.893}},{"type":"Feature","geometry":{"type":"Polygon","coordinates":[[[-16.45348,13.40163],[-16.46773,13.40163],[-16.46773,13.41589],[-16.45348,13.41589],[-16.45348,13.40163]]]},"properties":{"region":"North Bank","district":"Upper Nuimi","floods_1m":1,"floods_2m":1,"floods_3m":1,"first_flood_m":1,"nests":true,"area_km2":2.444}},{"type":"Feature","geometry":{"type":"Polygon","coordinates":[[[-16.4107,13.32706],[-16.41561,13.3264],[-16.42315,13.32788],[-16.42496,13.32873],[-16.42496,13.33034],[-16.4107,13.33034],[-16.4107,13.32706]]]},"properties":{"region":"North Bank","district":"Upper Nuimi","floods_1m":1,"floods_2m":1,"floods_3m":1,"first_flood_m":1,"nests":true,"area_km2":0.548}},{"type":"Feature","geometry":{"type":"Polygon","coordinates":[[[-16.33941,13.34235],[-16.34639,13.34056],[-16.35367,13.33869],[-16.35367,13.3446],[-16.33941,13.3446],[-16.33941,13.34235]]]},"properties":{"region":"North Bank","district":"Upper Nuimi","floods_1m":1,"floods_2m":1,"floods_3m":1,"first_flood_m":1,"nests":true,"area_km2":0.7}},{"type":"Feature","geometry":{"type":"Polygon","coordinates":[[[-16.46773,13.35281],[-16.47954,13.35473],[-16.48199,13.35464],[-16.48199,13.35886],[-16.46773,13.35886],[-16.46773,13.35281]]]},"properties":{"region":"North Bank","district":"Upper Nuimi","floods_1m":1,"floods_2m":1,"floods_3m":1,"first_flood_m":1,"nests":true,"area_km2":0.846}},{"type":"Feature","geometry":{"type":"Polygon","coordinates":[[[-16.23961,13.45866],[-16.25387,13.45866],[-16.25387,13.47292],[-16.23961,13.47292],[-16.23961,13.45866]]]},"properties":{"region":"North Bank","district":"Upper Nuimi","floods_1m":1,"floods_2m":1,"floods_3m":1,"first_flood_m":1,"nests":true,"area_km2":2.445}},{"type":"Feature","geometry":{"type":"Polygon","coordinates":[[[-16.26812,13.40163],[-16.28238,13.40163],[-16.28238,13.41589],[-16.26812,13.41589],[-16.26812,13.40163]]]},"properties":{"region":"North Bank","district":"Upper Nuimi","floods_1m":1,"floods_2m":1,"floods_3m":1,"first_flood_m":1,"nests":true,"area_km2":2.446}},{"type":"Feature","geometry":{"type":"Polygon","coordinates":[[[-16.22535,13.50004],[-16.22535,13.48718],[-16.23961,13.48718],[-16.23961,13.50144],[-16.23183,13.50144],[-16.23141,13.50029],[-16.23067,13.49907],[-16.23009,13.49865],[-16.23007,13.49937],[-16.22987,13.49868],[-16.22946,13.49787],[-16.2292,13.49761],[-16.22858,13.49726],[-16.22776,13.49726],[-16.22708,13.49751],[-16.22655,13.49786],[-16.22619,13.49855],[-16.22598,13.49906],[-16.2256,13.49978],[-16.22535,13.50004]]]},"properties":{"region":"North Bank","district":"Upper Nuimi","floods_1m":1,"floods_2m":1,"floods_3m":1,"first_flood_m":1,"nests":true,"area_km2":2.212}},{"type":"Feature","geometry":{"type":"Polygon","coordinates":[[[-16.25387,13.37927],[-16.26179,13.37311],[-16.26812,13.37311],[-16.26812,13.38069],[-16.26812,13.38737],[-16.25387,13.38737],[-16.25387,13.38069],[-16.25387,13.37927]]]},"properties":{"region":"North Bank","district":"Upper Nuimi","floods_1m":1,"floods_2m":1,"floods_3m":1,"first_flood_m":1,"nests":true,"area_km2":2.151}},{"type":"Feature","geometry":{"type":"Polygon","coordinates":[[[-16.42496,13.3446],[-16.43922,13.3446],[-16.43922,13.35886],[-16.42496,13.35886],[-16.42496,13.3446]]]},"properties":{"region":"North Bank","district":"Upper Nuimi","floods_1m":1,"floods_2m":1,"floods_3m":1,"first_flood_m":1,"nests":true,"area_km2":2.446}},{"type":"Feature","geometry":{"type":"MultiPolygon","coordinates":[[[[-16.23961,13.42486],[-16.23961,13.42859],[-16.23934,13.42817],[-16.2389,13.42767],[-16.23828,13.42712],[-16.23787,13.42669],[-16.23752,13.42589],[-16.23764,13.42551],[-16.23796,13.42505],[-16.2387,13.42486],[-16.23961,13.42486]]],[[[-16.22696,13.41589],[-16.23658,13.41589],[-16.23644,13.41599],[-16.23544,13.41653],[-16.2345,13.41676],[-16.23297,13.41698],[-16.23217,13.41698],[-16.23126,13.41694],[-16.23076,13.41691],[-16.23002,13.41691],[-16.22941,13.41685],[-16.2287,13.4167],[-16.22797,13.41647],[-16.22717,13.41601],[-16.22696,13.41589]]]]},"properties":{"region":"North Bank","district":"Upper Nuimi","floods_1m":0,"floods_2m":1,"floods_3m":1,"first_flood_m":2,"nests":true,"area_km2":0.152}},{"type":"Feature","geometry":{"type":"Polygon","coordinates":[[[-16.25387,13.43015],[-16.26812,13.43015],[-16.26812,13.4444],[-16.25387,13.4444],[-16.25387,13.43015]]]},"properties":{"region":"North Bank","district":"Upper Nuimi","floods_1m":1,"floods_2m":1,"floods_3m":1,"first_flood_m":1,"nests":true,"area_km2":2.442}},{"type":"Feature","geometry":{"type":"Polygon","coordinates":[[[-16.28238,13.41589],[-16.29664,13.41589],[-16.29664,13.43015],[-16.28238,13.43015],[-16.28238,13.41589]]]},"properties":{"region":"North Bank","district":"Upper Nuimi","floods_1m":1,"floods_2m":1,"floods_3m":1,"first_flood_m":1,"nests":true,"area_km2":2.446}},{"type":"Feature","geometry":{"type":"Polygon","coordinates":[[[-16.32516,13.33679],[-16.33204,13.3414],[-16.33911,13.34243],[-16.33941,13.34235],[-16.33941,13.3446],[-16.32516,13.3446],[-16.32516,13.33679]]]},"properties":{"region":"North Bank","district":"Upper Nuimi","floods_1m":1,"floods_2m":1,"floods_3m":1,"first_flood_m":1,"nests":true,"area_km2":0.692}},{"type":"Feature","geometry":{"type":"Polygon","coordinates":[[[-16.43922,13.38737],[-16.45348,13.38737],[-16.45348,13.40163],[-16.43922,13.40163],[-16.43922,13.38737]]]},"properties":{"region":"North Bank","district":"Upper Nuimi","floods_1m":1,"floods_2m":1,"floods_3m":1,"first_flood_m":1,"nests":true,"area_km2":2.446}},{"type":"Feature","geometry":{"type":"Polygon","coordinates":[[[-16.38624,13.33034],[-16.39644,13.32897],[-16.39644,13.33034],[-16.38624,13.33034]]]},"properties":{"region":"North Bank","district":"Upper Nuimi","floods_1m":1,"floods_2m":1,"floods_3m":1,"first_flood_m":1,"nests":true,"area_km2":0.084}},{"type":"Feature","geometry":{"type":"Polygon","coordinates":[[[-16.45348,13.38737],[-16.46773,13.38737],[-16.46773,13.40163],[-16.45348,13.40163],[-16.45348,13.38737]]]},"properties":{"region":"North Bank","district":"Upper Nuimi","floods_1m":1,"floods_2m":1,"floods_3m":1,"first_flood_m":1,"nests":true,"area_km2":2.444}},{"type":"Feature","geometry":{"type":"Polygon","coordinates":[[[-16.49625,13.37736],[-16.49625,13.37311],[-16.49792,13.37311],[-16.49792,13.37319],[-16.49764,13.37319],[-16.49764,13.37347],[-16.49736,13.37347],[-16.49736,13.37458],[-16.49708,13.37458],[-16.49708,13.37542],[-16.49681,13.37542],[-16.49681,13.37681],[-16.49653,13.37681],[-16.49653,13.37736],[-16.49625,13.37736]]]},"properties":{"region":"North Bank","district":"Upper Nuimi","floods_1m":1,"floods_2m":1,"floods_3m":1,"first_flood_m":1,"nests":true,"area_km2":0.041}},{"type":"Feature","geometry":{"type":"Polygon","coordinates":[[[-16.32516,13.3446],[-16.33941,13.3446],[-16.33941,13.35886],[-16.32516,13.35886],[-16.32516,13.3446]]]},"properties":{"region":"North Bank","district":"Upper Nuimi","floods_1m":1,"floods_2m":1,"floods_3m":1,"first_flood_m":1,"nests":true,"area_km2":2.445}},{"type":"Feature","geometry":{"type":"Polygon","coordinates":[[[-16.22535,13.48449],[-16.22535,13.48718],[-16.22362,13.48718],[-16.22371,13.48686],[-16.22384,13.48652],[-16.22409,13.48591],[-16.22459,13.48523],[-16.22535,13.48449]]]},"properties":{"region":"North Bank","district":"Upper Nuimi","floods_1m":1,"floods_2m":1,"floods_3m":1,"first_flood_m":1,"nests":true,"area_km2":0.035}},{"type":"Feature","geometry":{"type":"Polygon","coordinates":[[[-16.38219,13.33136],[-16.38609,13.33036],[-16.38624,13.33034],[-16.39644,13.33034],[-16.39644,13.3446],[-16.38219,13.3446],[-16.38219,13.33136]]]},"properties":{"region":"North Bank","district":"Upper Nuimi","floods_1m":1,"floods_2m":1,"floods_3m":1,"first_flood_m":1,"nests":true,"area_km2":2.42}},{"type":"Feature","geometry":{"type":"Polygon","coordinates":[[[-16.24057,13.43015],[-16.25387,13.43015],[-16.25387,13.4444],[-16.24149,13.4444],[-16.24154,13.44416],[-16.24163,13.44364],[-16.24181,13.44296],[-16.24193,13.44232],[-16.24235,13.44094],[-16.24241,13.4404],[-16.24259,13.43977],[-16.24271,13.43937],[-16.24286,13.43905],[-16.24318,13.43868],[-16.24356,13.43839],[-16.24354,13.43821],[-16.24336,13.43713],[-16.2431,13.436],[-16.24264,13.43451],[-16.24223,13.43332],[-16.2417,13.43217],[-16.24065,13.43027],[-16.24057,13.43015]]]},"properties":{"region":"North Bank","district":"Upper Nuimi","floods_1m":1,"floods_2m":1,"floods_3m":1,"first_flood_m":1,"nests":true,"area_km2":1.978}},{"type":"Feature","geometry":{"type":"Polygon","coordinates":[[[-16.23961,13.39158],[-16.24082,13.3894],[-16.24343,13.38737],[-16.25387,13.38737],[-16.25387,13.40163],[-16.23961,13.40163],[-16.23961,13.39158]]]},"properties":{"region":"North Bank","district":"Upper Nuimi","floods_1m":1,"floods_2m":1,"floods_3m":1,"first_flood_m":1,"nests":true,"area_km2":2.369}},{"type":"Feature","geometry":{"type":"Polygon","coordinates":[[[-16.43922,13.41589],[-16.45348,13.41589],[-16.45348,13.41998],[-16.45328,13.42013],[-16.45215,13.42083],[-16.45067,13.42144],[-16.4492,13.4217],[-16.44773,13.42174],[-16.44702,13.42173],[-16.44569,13.42188],[-16.44398,13.42275],[-16.44329,13.42354],[-16.44263,13.4241],[-16.44245,13.42425],[-16.44115,13.42483],[-16.44069,13.42469],[-16.44001,13.4266],[-16.43985,13.42728],[-16.4396,13.42806],[-16.43954,13.4286],[-16.43946,13.42941],[-16.43944,13.43015],[-16.43922,13.43015],[-16.43922,13.41589]]]},"properties":{"region":"North Bank","district":"Upper Nuimi","floods_1m":1,"floods_2m":1,"floods_3m":1,"first_flood_m":1,"nests":true,"area_km2":1.17}},{"type":"Feature","geometry":{"type":"Polygon","coordinates":[[[-16.24343,13.38737],[-16.25387,13.37927],[-16.25387,13.38069],[-16.25387,13.38737],[-16.24343,13.38737]]]},"properties":{"region":"North Bank","district":"Upper Nuimi","floods_1m":1,"floods_2m":1,"floods_3m":1,"first_flood_m":1,"nests":true,"area_km2":0.509}},{"type":"Feature","geometry":{"type":"Polygon","coordinates":[[[-16.43922,13.3371],[-16.44926,13.3446],[-16.43922,13.3446],[-16.43922,13.3371]]]},"properties":{"region":"North Bank","district":"Upper Nuimi","floods_1m":1,"floods_2m":1,"floods_3m":1,"first_flood_m":1,"nests":true,"area_km2":0.453}},{"type":"Feature","geometry":{"type":"Polygon","coordinates":[[[-16.21681,13.41229],[-16.21982,13.41068],[-16.22259,13.40787],[-16.22535,13.4047],[-16.22535,13.41503],[-16.22418,13.41461],[-16.22262,13.41415],[-16.22074,13.41388],[-16.21895,13.41318],[-16.21771,13.41263],[-16.21681,13.41229]]]},"properties":{"region":"North Bank","district":"Upper Nuimi","floods_1m":1,"floods_2m":1,"floods_3m":1,"first_flood_m":1,"nests":true,"area_km2":0.48}},{"type":"Feature","geometry":{"type":"Polygon","coordinates":[[[-16.23961,13.45057],[-16.23961,13.45866],[-16.23414,13.45866],[-16.23417,13.4585],[-16.23494,13.45664],[-16.23582,13.45546],[-16.23689,13.45449],[-16.23839,13.4528],[-16.23943,13.45099],[-16.23961,13.45057]]]},"properties":{"region":"North Bank","district":"Upper Nuimi","floods_1m":0,"floods_2m":0,"floods_3m":1,"first_flood_m":3,"nests":true,"area_km2":0.277}},{"type":"Feature","geometry":{"type":"Polygon","coordinates":[[[-16.28238,13.40163],[-16.29664,13.40163],[-16.29664,13.41589],[-16.28238,13.41589],[-16.28238,13.40163]]]},"properties":{"region":"North Bank","district":"Upper Nuimi","floods_1m":1,"floods_2m":1,"floods_3m":1,"first_flood_m":1,"nests":true,"area_km2":2.446}},{"type":"Feature","geometry":{"type":"Polygon","coordinates":[[[-16.51051,13.35355],[-16.51333,13.35344],[-16.51671,13.35821],[-16.51653,13.35886],[-16.51051,13.35886],[-16.51051,13.35355]]]},"properties":{"region":"North Bank","district":"Upper Nuimi","floods_1m":1,"floods_2m":1,"floods_3m":1,"first_flood_m":1,"nests":true,"area_km2":0.305}},{"type":"Feature","geometry":{"type":"Polygon","coordinates":[[[-16.42496,13.32873],[-16.4284,13.33034],[-16.42496,13.33034],[-16.42496,13.32873]]]},"properties":{"region":"North Bank","district":"Upper Nuimi","floods_1m":1,"floods_2m":1,"floods_3m":1,"first_flood_m":1,"nests":true,"area_km2":0.033}},{"type":"Feature","geometry":{"type":"Polygon","coordinates":[[[-16.42496,13.38737],[-16.43922,13.38737],[-16.43922,13.40163],[-16.42496,13.40163],[-16.42496,13.38737]]]},"properties":{"region":"North Bank","district":"Upper Nuimi","floods_1m":1,"floods_2m":1,"floods_3m":1,"first_flood_m":1,"nests":true,"area_km2":2.446}},{"type":"Feature","geometry":{"type":"Polygon","coordinates":[[[-16.25387,13.4444],[-16.26812,13.4444],[-16.26812,13.45866],[-16.25387,13.45866],[-16.25387,13.4444]]]},"properties":{"region":"North Bank","district":"Upper Nuimi","floods_1m":1,"floods_2m":1,"floods_3m":1,"first_flood_m":1,"nests":true,"area_km2":2.444}},{"type":"Feature","geometry":{"type":"Polygon","coordinates":[[[-16.22535,13.48449],[-16.22577,13.48408],[-16.22707,13.48311],[-16.22819,13.48245],[-16.22923,13.48131],[-16.22991,13.47956],[-16.23065,13.47732],[-16.23119,13.47496],[-16.23235,13.47292],[-16.23961,13.47292],[-16.23961,13.48718],[-16.22535,13.48718],[-16.22535,13.48449]]]},"properties":{"region":"North Bank","district":"Upper Nuimi","floods_1m":1,"floods_2m":1,"floods_3m":1,"first_flood_m":1,"nests":true,"area_km2":1.83}},{"type":"Feature","geometry":{"type":"Polygon","coordinates":[[[-16.30464,13.3446],[-16.30471,13.34452],[-16.31069,13.34246],[-16.3109,13.34228],[-16.3109,13.3446],[-16.30464,13.3446]]]},"properties":{"region":"North Bank","district":"Upper Nuimi","floods_1m":1,"floods_2m":1,"floods_3m":1,"first_flood_m":1,"nests":true,"area_km2":0.086}},{"type":"Feature","geometry":{"type":"Polygon","coordinates":[[[-16.28016,13.35886],[-16.2823,13.35719],[-16.28238,13.35715],[-16.28238,13.35886],[-16.28016,13.35886]]]},"properties":{"region":"North Bank","district":"Upper Nuimi","floods_1m":1,"floods_2m":0,"floods_3m":1,"first_flood_m":1,"nests":false,"area_km2":0.023}},{"type":"Feature","geometry":{"type":"Polygon","coordinates":[[[-16.23961,13.48718],[-16.25387,13.48718],[-16.25387,13.50144],[-16.23961,13.50144],[-16.23961,13.48718]]]},"properties":{"region":"North Bank","district":"Upper Nuimi","floods_1m":0,"floods_2m":1,"floods_3m":1,"first_flood_m":2,"nests":true,"area_km2":2.445}},{"type":"Feature","geometry":{"type":"Polygon","coordinates":[[[-16.32516,13.35886],[-16.33941,13.35886],[-16.33941,13.37311],[-16.32516,13.37311],[-16.32516,13.35886]]]},"properties":{"region":"North Bank","district":"Upper Nuimi","floods_1m":1,"floods_2m":1,"floods_3m":1,"first_flood_m":1,"nests":true,"area_km2":2.443}},{"type":"Feature","geometry":{"type":"Polygon","coordinates":[[[-16.26812,13.3682],[-16.28016,13.35886],[-16.28238,13.35886],[-16.28238,13.37311],[-16.26812,13.37311],[-16.26812,13.3682]]]},"properties":{"region":"North Bank","district":"Upper Nuimi","floods_1m":1,"floods_2m":1,"floods_3m":1,"first_flood_m":1,"nests":true,"area_km2":1.768}},{"type":"Feature","geometry":{"type":"Polygon","coordinates":[[[-16.26812,13.38737],[-16.28238,13.38737],[-16.28238,13.40163],[-16.26812,13.40163],[-16.26812,13.38737]]]},"properties":{"region":"North Bank","district":"Upper Nuimi","floods_1m":1,"floods_2m":1,"floods_3m":1,"first_flood_m":1,"nests":true,"area_km2":2.446}},{"type":"Feature","geometry":{"type":"Polygon","coordinates":[[[-16.15406,13.21628],[-16.16832,13.21628],[-16.16832,13.23053],[-16.15406,13.23053],[-16.15406,13.21628]]]},"properties":{"region":"Western","district":"Foni Bintang Karanai","floods_1m":0,"floods_2m":0,"floods_3m":1,"first_flood_m":3,"nests":true,"area_km2":2.446}},{"type":"Feature","geometry":{"type":"Polygon","coordinates":[[[-16.1398,13.23053],[-16.15406,13.23053],[-16.15406,13.24479],[-16.1398,13.24479],[-16.1398,13.23053]]]},"properties":{"region":"Western","district":"Foni Bintang Karanai","floods_1m":1,"floods_2m":1,"floods_3m":1,"first_flood_m":1,"nests":true,"area_km2":2.447}},{"type":"Feature","geometry":{"type":"Polygon","coordinates":[[[-16.12554,13.28081],[-16.12556,13.28081],[-16.12683,13.28053],[-16.12795,13.27987],[-16.12904,13.27878],[-16.12922,13.27738],[-16.12902,13.27602],[-16.12841,13.27479],[-16.1275,13.27355],[-16.12731,13.27331],[-16.1398,13.27331],[-16.1398,13.28757],[-16.12554,13.28757],[-16.12554,13.28081]]]},"properties":{"region":"Western","district":"Foni Bintang Karanai","floods_1m":1,"floods_2m":1,"floods_3m":1,"first_flood_m":1,"nests":true,"area_km2":2.184}},{"type":"Feature","geometry":{"type":"Polygon","coordinates":[[[-16.33941,13.28757],[-16.34145,13.28757],[-16.34072,13.28813],[-16.33941,13.28837],[-16.33941,13.28757]]]},"properties":{"region":"Western","district":"Foni Bintang Karanai","floods_1m":1,"floods_2m":1,"floods_3m":1,"first_flood_m":1,"nests":true,"area_km2":0.013}},{"type":"Feature","geometry":{"type":"Polygon","coordinates":[[[-16.33941,13.23934],[-16.34023,13.23914],[-16.34111,13.23927],[-16.34202,13.23971],[-16.34289,13.24053],[-16.34367,13.24161],[-16.34422,13.24251],[-16.34485,13.24355],[-16.34543,13.24479],[-16.33941,13.24479],[-16.33941,13.23934]]]},"properties":{"region":"Western","district":"Foni Bintang Karanai","floods_1m":1,"floods_2m":1,"floods_3m":1,"first_flood_m":1,"nests":true,"area_km2":0.292}},{"type":"Feature","geometry":{"type":"Polygon","coordinates":[[[-16.28238,13.28757],[-16.29664,13.28757],[-16.29664,13.30109],[-16.29442,13.30182],[-16.28238,13.30182],[-16.28238,13.28757]]]},"properties":{"region":"Western","district":"Foni Bintang Karanai","floods_1m":1,"floods_2m":1,"floods_3m":1,"first_flood_m":1,"nests":true,"area_km2":2.435}},{"type":"Feature","geometry":{"type":"Polygon","coordinates":[[[-16.35367,13.25905],[-16.36793,13.25905],[-16.36793,13.25975],[-16.36733,13.26105],[-16.36662,13.26179],[-16.36606,13.26239],[-16.36559,13.26279],[-16.3652,13.26314],[-16.36503,13.26317],[-16.36467,13.26336],[-16.3642,13.26365],[-16.36337,13.26468],[-16.36352,13.2654],[-16.36428,13.26595],[-16.3651,13.26636],[-16.3664,13.26892],[-16.36573,13.26884],[-16.35994,13.27331],[-16.35367,13.27331],[-16.35367,13.25905]]]},"properties":{"region":"Western","district":"Foni Bintang Karanai","floods_1m":1,"floods_2m":1,"floods_3m":1,"first_flood_m":1,"nests":true,"area_km2":1.909}},{"type":"Feature","geometry":{"type":"Polygon","coordinates":[[[-16.25387,13.28757],[-16.26812,13.28757],[-16.26812,13.30182],[-16.25387,13.30182],[-16.25387,13.28757]]]},"properties":{"region":"Western","district":"Foni Bintang Karanai","floods_1m":1,"floods_2m":1,"floods_3m":1,"first_flood_m":1,"nests":true,"area_km2":2.443}},{"type":"Feature","geometry":{"type":"Polygon","coordinates":[[[-16.12554,13.24479],[-16.1398,13.24479],[-16.1398,13.25905],[-16.12554,13.25905],[-16.12554,13.24479]]]},"properties":{"region":"Western","district":"Foni Bintang Karanai","floods_1m":1,"floods_2m":1,"floods_3m":1,"first_flood_m":1,"nests":true,"area_km2":2.447}},{"type":"Feature","geometry":{"type":"Polygon","coordinates":[[[-16.12167,13.24479],[-16.12171,13.24399],[-16.1217,13.24246],[-16.12152,13.24161],[-16.12173,13.24074],[-16.12173,13.24051],[-16.12154,13.23959],[-16.1217,13.2368],[-16.12161,13.23499],[-16.12155,13.23286],[-16.1214,13.23136],[-16.12142,13.23053],[-16.12554,13.23053],[-16.12554,13.24479],[-16.12167,13.24479]]]},"properties":{"region":"Western","district":"Foni Bintang Karanai","floods_1m":1,"floods_2m":1,"floods_3m":1,"first_flood_m":1,"nests":true,"area_km2":0.675}},{"type":"Feature","geometry":{"type":"Polygon","coordinates":[[[-16.35367,13.24983],[-16.35387,13.24977],[-16.35475,13.2494],[-16.3554,13.24895],[-16.35629,13.24875],[-16.35702,13.24893],[-16.35767,13.24919],[-16.35811,13.24927],[-16.3587,13.24919],[-16.3594,13.24931],[-16.35917,13.24954],[-16.35872,13.24968],[-16.35831,13.24979],[-16.35778,13.24991],[-16.3571,13.2501],[-16.35649,13.25016],[-16.35578,13.25033],[-16.35531,13.25061],[-16.35522,13.2511],[-16.35536,13.25162],[-16.35595,13.25182],[-16.35692,13.25189],[-16.35777,13.25177],[-16.3586,13.25161],[-16.35963,13.25147],[-16.36081,13.25127],[-16.36157,13.2513],[-16.3626,13.25148],[-16.36351,13.25169],[-16.36454,13.25209],[-16.36563,13.2525],[-16.3668,13.25343],[-16.36774,13.25447],[-16.36793,13.25488],[-16.36793,13.25905],[-16.35367,13.25905],[-16.35367,13.24983]]]},"properties":{"region":"Western","district":"Foni Bintang Karanai","floods_1m":1,"floods_2m":1,"floods_3m":1,"first_flood_m":1,"nests":true,"area_km2":1.304}},{"type":"Feature","geometry":{"type":"Polygon","coordinates":[[[-16.3109,13.23565],[-16.31119,13.2358],[-16.31297,13.23666],[-16.31437,13.23749],[-16.31441,13.23855],[-16.31478,13.2393],[-16.31586,13.24004],[-16.3175,13.24038],[-16.31877,13.24014],[-16.31983,13.2403],[-16.31973,13.24076],[-16.31937,13.24142],[-16.31878,13.24166],[-16.31783,13.24231],[-16.31723,13.24273],[-16.31651,13.24362],[-16.31644,13.24462],[-16.31654,13.24479],[-16.3109,13.24479],[-16.3109,13.23565]]]},"properties":{"region":"Western","district":"Foni Bintang Karanai","floods_1m":1,"floods_2m":1,"floods_3m":1,"first_flood_m":1,"nests":true,"area_km2":0.552}},{"type":"Feature","geometry":{"type":"Polygon","coordinates":[[[-16.33941,13.23934],[-16.33941,13.24479],[-16.33766,13.24479],[-16.33774,13.24454],[-16.33801,13.24267],[-16.33832,13.24095],[-16.33911,13.23941],[-16.33941,13.23934]]]},"properties":{"region":"Western","district":"Foni Bintang Karanai","floods_1m":1,"floods_2m":1,"floods_3m":1,"first_flood_m":1,"nests":true,"area_km2":0.078}},{"type":"Feature","geometry":{"type":"Polygon","coordinates":[[[-16.32516,13.24536],[-16.32552,13.24542],[-16.32581,13.24588],[-16.32588,13.24663],[-16.32625,13.24779],[-16.32712,13.24846],[-16.3282,13.24905],[-16.32944,13.2491],[-16.33024,13.24877],[-16.33081,13.248],[-16.331,13.24717],[-16.33162,13.24663],[-16.33218,13.24664],[-16.33276,13.2472],[-16.33346,13.24781],[-16.33436,13.24811],[-16.33534,13.24798],[-16.33632,13.24742],[-16.33719,13.2462],[-16.33766,13.24479],[-16.33941,13.24479],[-16.33941,13.25905],[-16.32516,13.25905],[-16.32516,13.24536]]]},"properties":{"region":"Western","district":"Foni Bintang Karanai","floods_1m":1,"floods_2m":1,"floods_3m":1,"first_flood_m":1,"nests":true,"area_km2":2.009}},{"type":"Feature","geometry":{"type":"Polygon","coordinates":[[[-16.12554,13.21628],[-16.1398,13.21628],[-16.1398,13.23053],[-16.12554,13.23053],[-16.12554,13.21628]]]},"properties":{"region":"Western","district":"Foni Bintang Karanai","floods_1m":1,"floods_2m":1,"floods_3m":1,"first_flood_m":1,"nests":true,"area_km2":2.446}},{"type":"Feature","geometry":{"type":"Polygon","coordinates":[[[-16.35367,13.27331],[-16.35994,13.27331],[-16.35367,13.27814],[-16.35367,13.27331]]]},"properties":{"region":"Western","district":"Foni Bintang Karanai","floods_1m":1,"floods_2m":1,"floods_3m":1,"first_flood_m":1,"nests":true,"area_km2":0.182}},{"type":"Feature","geometry":{"type":"Polygon","coordinates":[[[-16.3109,13.28757],[-16.32031,13.28757],[-16.31639,13.29314],[-16.3109,13.2957],[-16.3109,13.28757]]]},"properties":{"region":"Western","district":"Foni Bintang Karanai","floods_1m":1,"floods_2m":1,"floods_3m":1,"first_flood_m":1,"nests":true,"area_km2":0.584}},{"type":"Feature","geometry":{"type":"Polygon","coordinates":[[[-16.16832,13.24479],[-16.18258,13.24479],[-16.18258,13.25905],[-16.1812,13.25905],[-16.18051,13.25892],[-16.17951,13.25889],[-16.17816,13.25888],[-16.17681,13.25905],[-16.17678,13.25905],[-16.17489,13.25901],[-16.17433,13.25905],[-16.16832,13.25905],[-16.16832,13.24479]]]},"properties":{"region":"Western","district":"Foni Bintang Karanai","floods_1m":1,"floods_2m":1,"floods_3m":1,"first_flood_m":1,"nests":true,"area_km2":2.44}},{"type":"Feature","geometry":{"type":"Polygon","coordinates":[[[-16.21109,13.28459],[-16.21109,13.28757],[-16.20936,13.28757],[-16.2105,13.28583],[-16.21109,13.28459]]]},"properties":{"region":"Western","district":"Foni Bintang Karanai","floods_1m":0,"floods_2m":1,"floods_3m":1,"first_flood_m":2,"nests":true,"area_km2":0.029}},{"type":"Feature","geometry":{"type":"Polygon","coordinates":[[[-16.23961,13.30182],[-16.25387,13.30182],[-16.25387,13.31523],[-16.24909,13.31608],[-16.23961,13.31608],[-16.23961,13.30182]]]},"properties":{"region":"Western","district":"Foni Bintang Karanai","floods_1m":1,"floods_2m":1,"floods_3m":1,"first_flood_m":1,"nests":true,"area_km2":2.422}},{"type":"Feature","geometry":{"type":"Polygon","coordinates":[[[-16.32516,13.25905],[-16.33941,13.25905],[-16.33941,13.27331],[-16.32516,13.27331],[-16.32516,13.25905]]]},"properties":{"region":"Western","district":"Foni Bintang Karanai","floods_1m":1,"floods_2m":1,"floods_3m":1,"first_flood_m":1,"nests":true,"area_km2":2.445}},{"type":"Feature","geometry":{"type":"Polygon","coordinates":[[[-16.25387,13.25905],[-16.26812,13.25905],[-16.26812,13.27331],[-16.25387,13.27331],[-16.25387,13.25905]]]},"properties":{"region":"Western","district":"Foni Bintang Karanai","floods_1m":1,"floods_2m":1,"floods_3m":1,"first_flood_m":1,"nests":true,"area_km2":2.445}},{"type":"Feature","geometry":{"type":"Polygon","coordinates":[[[-16.3109,13.24479],[-16.31654,13.24479],[-16.31693,13.24552],[-16.31783,13.24594],[-16.31915,13.24604],[-16.31992,13.24608],[-16.32166,13.24596],[-16.32346,13.24565],[-16.32461,13.24526],[-16.32516,13.24536],[-16.32516,13.25905],[-16.3109,13.25905],[-16.3109,13.24479]]]},"properties":{"region":"Western","district":"Foni Bintang Karanai","floods_1m":1,"floods_2m":1,"floods_3m":1,"first_flood_m":1,"nests":true,"area_km2":2.344}},{"type":"Feature","geometry":{"type":"Polygon","coordinates":[[[-16.36793,13.25905],[-16.36818,13.25905],[-16.36798,13.25964],[-16.36793,13.25975],[-16.36793,13.25905]]]},"properties":{"region":"Western","district":"Foni Bintang Karanai","floods_1m":0,"floods_2m":0,"floods_3m":1,"first_flood_m":3,"nests":true,"area_km2":0.001}},{"type":"Feature","geometry":{"type":"Polygon","coordinates":[[[-16.29664,13.28757],[-16.3109,13.28757],[-16.3109,13.2957],[-16.30614,13.29792],[-16.29664,13.30109],[-16.29664,13.28757]]]},"properties":{"region":"Western","district":"Foni Bintang Karanai","floods_1m":1,"floods_2m":1,"floods_3m":1,"first_flood_m":1,"nests":true,"area_km2":1.894}},{"type":"Feature","geometry":{"type":"Polygon","coordinates":[[[-16.22535,13.25905],[-16.23961,13.25905],[-16.23961,13.27331],[-16.22535,13.27331],[-16.22535,13.25905]]]},"properties":{"region":"Western","district":"Foni Bintang Karanai","floods_1m":1,"floods_2m":1,"floods_3m":1,"first_flood_m":1,"nests":true,"area_km2":2.447}},{"type":"Feature","geometry":{"type":"Polygon","coordinates":[[[-16.33941,13.25905],[-16.35367,13.25905],[-16.35367,13.27331],[-16.33941,13.27331],[-16.33941,13.25905]]]},"properties":{"region":"Western","district":"Foni Bintang Karanai","floods_1m":1,"floods_2m":1,"floods_3m":1,"first_flood_m":1,"nests":true,"area_km2":2.447}},{"type":"Feature","geometry":{"type":"Polygon","coordinates":[[[-16.16832,13.23053],[-16.18258,13.23053],[-16.18258,13.24479],[-16.16832,13.24479],[-16.16832,13.23053]]]},"properties":{"region":"Western","district":"Foni Bintang Karanai","floods_1m":1,"floods_2m":1,"floods_3m":1,"first_flood_m":1,"nests":true,"area_km2":2.447}},{"type":"Feature","geometry":{"type":"Polygon","coordinates":[[[-16.12554,13.28081],[-16.12554,13.28757],[-16.11312,13.28757],[-16.11289,13.28702],[-16.11331,13.28541],[-16.11378,13.28441],[-16.11485,13.28343],[-16.11703,13.28224],[-16.11885,13.2817],[-16.12083,13.28139],[-16.12277,13.28123],[-16.12427,13.28109],[-16.12554,13.28081]]]},"properties":{"region":"Western","district":"Foni Bintang Karanai","floods_1m":1,"floods_2m":1,"floods_3m":1,"first_flood_m":1,"nests":true,"area_km2":0.822}},{"type":"Feature","geometry":{"type":"Polygon","coordinates":[[[-16.21109,13.30535],[-16.21109,13.30182],[-16.22535,13.30182],[-16.22535,13.3159],[-16.21677,13.30923],[-16.2151,13.30805],[-16.21325,13.30706],[-16.21158,13.30584],[-16.21109,13.30535]]]},"properties":{"region":"Western","district":"Foni Bintang Karanai","floods_1m":1,"floods_2m":1,"floods_3m":1,"first_flood_m":1,"nests":true,"area_km2":1.489}},{"type":"Feature","geometry":{"type":"Polygon","coordinates":[[[-16.21109,13.23053],[-16.22535,13.23053],[-16.22535,13.24479],[-16.21109,13.24479],[-16.21109,13.23053]]]},"properties":{"region":"Western","district":"Foni Bintang Karanai","floods_1m":1,"floods_2m":1,"floods_3m":1,"first_flood_m":1,"nests":true,"area_km2":2.447}},{"type":"Feature","geometry":{"type":"Polygon","coordinates":[[[-16.22535,13.23053],[-16.23961,13.23053],[-16.23961,13.24479],[-16.22535,13.24479],[-16.22535,13.23053]]]},"properties":{"region":"Western","district":"Foni Bintang Karanai","floods_1m":1,"floods_2m":1,"floods_3m":1,"first_flood_m":1,"nests":true,"area_km2":2.447}},{"type":"Feature","geometry":{"type":"Polygon","coordinates":[[[-16.33941,13.27331],[-16.35367,13.27331],[-16.35367,13.27814],[-16.34145,13.28757],[-16.33941,13.28757],[-16.33941,13.27331]]]},"properties":{"region":"Western","district":"Foni Bintang Karanai","floods_1m":1,"floods_2m":1,"floods_3m":1,"first_flood_m":1,"nests":true,"area_km2":1.754}},{"type":"Feature","geometry":{"type":"Polygon","coordinates":[[[-16.22559,13.31608],[-16.23961,13.31608],[-16.23961,13.31777],[-16.23865,13.31794],[-16.23452,13.32302],[-16.22559,13.31608]]]},"properties":{"region":"Western","district":"Foni Bintang Karanai","floods_1m":1,"floods_2m":1,"floods_3m":1,"first_flood_m":1,"nests":true,"area_km2":0.612}},{"type":"Feature","geometry":{"type":"Polygon","coordinates":[[[-16.20819,13.30182],[-16.21109,13.30182],[-16.21109,13.30535],[-16.21011,13.30437],[-16.20888,13.30301],[-16.20819,13.30182]]]},"properties":{"region":"Western","district":"Foni Bintang Karanai","floods_1m":0,"floods_2m":1,"floods_3m":1,"first_flood_m":2,"nests":true,"area_km2":0.068}},{"type":"Feature","geometry":{"type":"Polygon","coordinates":[[[-16.12554,13.23053],[-16.1398,13.23053],[-16.1398,13.24479],[-16.12554,13.24479],[-16.12554,13.23053]]]},"properties":{"region":"Western","district":"Foni Bintang Karanai","floods_1m":1,"floods_2m":1,"floods_3m":1,"first_flood_m":1,"nests":true,"area_km2":2.447}},{"type":"Feature","geometry":{"type":"Polygon","coordinates":[[[-16.25387,13.30182],[-16.26812,13.30182],[-16.26812,13.31059],[-16.25455,13.31511],[-16.25387,13.31523],[-16.25387,13.30182]]]},"properties":{"region":"Western","district":"Foni Bintang Karanai","floods_1m":1,"floods_2m":1,"floods_3m":1,"first_flood_m":1,"nests":true,"area_km2":1.91}},{"type":"Feature","geometry":{"type":"Polygon","coordinates":[[[-16.12193,13.26702],[-16.12208,13.2647],[-16.12193,13.26291],[-16.12194,13.26018],[-16.12196,13.25905],[-16.12554,13.25905],[-16.12554,13.27109],[-16.12513,13.27057],[-16.12375,13.26901],[-16.1222,13.26734],[-16.12193,13.26702]]]},"properties":{"region":"Western","district":"Foni Bintang Karanai","floods_1m":0,"floods_2m":1,"floods_3m":1,"first_flood_m":2,"nests":true,"area_km2":0.429}},{"type":"Feature","geometry":{"type":"Polygon","coordinates":[[[-16.19683,13.23053],[-16.21109,13.23053],[-16.21109,13.24479],[-16.21081,13.24479],[-16.21065,13.2444],[-16.21057,13.24479],[-16.19683,13.24479],[-16.19683,13.23053]]]},"properties":{"region":"Western","district":"Foni Bintang Karanai","floods_1m":1,"floods_2m":1,"floods_3m":1,"first_flood_m":1,"nests":true,"area_km2":2.447}},{"type":"Feature","geometry":{"type":"Polygon","coordinates":[[[-16.1398,13.21628],[-16.15406,13.21628],[-16.15406,13.23053],[-16.1398,13.23053],[-16.1398,13.21628]]]},"properties":{"region":"Western","district":"Foni Bintang Karanai","floods_1m":1,"floods_2m":1,"floods_3m":1,"first_flood_m":1,"nests":true,"area_km2":2.446}},{"type":"Feature","geometry":{"type":"Polygon","coordinates":[[[-16.15406,13.24479],[-16.16832,13.24479],[-16.16832,13.25905],[-16.15406,13.25905],[-16.15406,13.24479]]]},"properties":{"region":"Western","district":"Foni Bintang Karanai","floods_1m":1,"floods_2m":1,"floods_3m":1,"first_flood_m":1,"nests":true,"area_km2":2.447}},{"type":"Feature","geometry":{"type":"Polygon","coordinates":[[[-16.20936,13.28757],[-16.21109,13.28757],[-16.21109,13.30182],[-16.20819,13.30182],[-16.208,13.30151],[-16.20748,13.30028],[-16.20725,13.29927],[-16.20713,13.29838],[-16.20702,13.29723],[-16.207,13.29564],[-16.20694,13.29369],[-16.20721,13.29237],[-16.20766,13.29039],[-16.20785,13.29],[-16.20823,13.28918],[-16.20932,13.28763],[-16.20936,13.28757]]]},"properties":{"region":"Western","district":"Foni Bintang Karanai","floods_1m":0,"floods_2m":1,"floods_3m":1,"first_flood_m":2,"nests":true,"area_km2":0.619}},{"type":"Feature","geometry":{"type":"Polygon","coordinates":[[[-16.19683,13.20202],[-16.21109,13.20202],[-16.21109,13.21628],[-16.19683,13.21628],[-16.19683,13.20202]]]},"properties":{"region":"Western","district":"Foni Bintang Karanai","floods_1m":0,"floods_2m":1,"floods_3m":1,"first_flood_m":2,"nests":true,"area_km2":2.448}},{"type":"Feature","geometry":{"type":"Polygon","coordinates":[[[-16.18258,13.24479],[-16.19683,13.24479],[-16.19683,13.24864],[-16.19667,13.2487],[-16.19578,13.24905],[-16.19463,13.24965],[-16.19366,13.25022],[-16.19274,13.25073],[-16.19195,13.2513],[-16.19098,13.25207],[-16.19056,13.25247],[-16.18962,13.25333],[-16.18897,13.25413],[-16.18823,13.25522],[-16.18716,13.25691],[-16.18666,13.25743],[-16.18536,13.25854],[-16.18442,13.259],[-16.18424,13.25905],[-16.18258,13.25905],[-16.18258,13.24479]]]},"properties":{"region":"Western","district":"Foni Bintang Karanai","floods_1m":1,"floods_2m":1,"floods_3m":1,"first_flood_m":1,"nests":true,"area_km2":1.565}},{"type":"Feature","geometry":{"type":"Polygon","coordinates":[[[-16.18258,13.25926],[-16.18258,13.25905],[-16.18424,13.25905],[-16.18321,13.25934],[-16.18258,13.25926]]]},"properties":{"region":"Western","district":"Foni Bintang Karanai","floods_1m":0,"floods_2m":0,"floods_3m":1,"first_flood_m":3,"nests":true,"area_km2":0.004}},{"type":"Feature","geometry":{"type":"Polygon","coordinates":[[[-16.29664,13.25905],[-16.3109,13.25905],[-16.3109,13.27331],[-16.29664,13.27331],[-16.29664,13.25905]]]},"properties":{"region":"Western","district":"Foni Bintang Karanai","floods_1m":1,"floods_2m":1,"floods_3m":1,"first_flood_m":1,"nests":true,"area_km2":2.447}},{"type":"Feature","geometry":{"type":"Polygon","coordinates":[[[-16.3109,13.27331],[-16.32516,13.27331],[-16.32516,13.28425],[-16.32456,13.28369],[-16.32211,13.285],[-16.32031,13.28757],[-16.3109,13.28757],[-16.3109,13.27331]]]},"properties":{"region":"Western","district":"Foni Bintang Karanai","floods_1m":1,"floods_2m":1,"floods_3m":1,"first_flood_m":1,"nests":true,"area_km2":2.298}},{"type":"Feature","geometry":{"type":"Polygon","coordinates":[[[-16.21109,13.28757],[-16.22535,13.28757],[-16.22535,13.30182],[-16.21109,13.30182],[-16.21109,13.28757]]]},"properties":{"region":"Western","district":"Foni Bintang Karanai","floods_1m":1,"floods_2m":1,"floods_3m":1,"first_flood_m":1,"nests":true,"area_km2":2.445}},{"type":"Feature","geometry":{"type":"Polygon","coordinates":[[[-16.1398,13.28757],[-16.14635,13.28757],[-16.14584,13.28809],[-16.14424,13.28929],[-16.14398,13.28951],[-16.14285,13.29043],[-16.14109,13.29169],[-16.1398,13.2927],[-16.1398,13.28757]]]},"properties":{"region":"Western","district":"Foni Bintang Karanai","floods_1m":1,"floods_2m":1,"floods_3m":1,"first_flood_m":1,"nests":true,"area_km2":0.207}},{"type":"Feature","geometry":{"type":"Polygon","coordinates":[[[-16.28238,13.30182],[-16.29442,13.30182],[-16.28238,13.30584],[-16.28238,13.30182]]]},"properties":{"region":"Western","district":"Foni Bintang Karanai","floods_1m":1,"floods_2m":1,"floods_3m":1,"first_flood_m":1,"nests":true,"area_km2":0.291}},{"type":"Feature","geometry":{"type":"Polygon","coordinates":[[[-16.36793,13.25488],[-16.3682,13.25548],[-16.36858,13.25691],[-16.36843,13.25835],[-16.36818,13.25905],[-16.36793,13.25905],[-16.36793,13.25488]]]},"properties":{"region":"Western","district":"Foni Bintang Karanai","floods_1m":0,"floods_2m":1,"floods_3m":1,"first_flood_m":2,"nests":true,"area_km2":0.022}},{"type":"Feature","geometry":{"type":"Polygon","coordinates":[[[-16.21625,13.25905],[-16.22535,13.25905],[-16.22535,13.27331],[-16.21481,13.27331],[-16.2157,13.27182],[-16.21606,13.27162],[-16.21662,13.27134],[-16.21718,13.27123],[-16.21768,13.2712],[-16.21797,13.27114],[-16.21765,13.27068],[-16.21721,13.27031],[-16.21683,13.26982],[-16.21674,13.2693],[-16.21689,13.26841],[-16.21696,13.26746],[-16.21716,13.26631],[-16.21729,13.26545],[-16.21741,13.26418],[-16.21733,13.26283],[-16.21712,13.26202],[-16.21689,13.26105],[-16.21651,13.25975],[-16.21625,13.25905]]]},"properties":{"region":"Western","district":"Foni Bintang Karanai","floods_1m":1,"floods_2m":1,"floods_3m":1,"first_flood_m":1,"nests":true,"area_km2":1.459}},{"type":"Feature","geometry":{"type":"Polygon","coordinates":[[[-16.26812,13.27331],[-16.28238,13.27331],[-16.28238,13.28757],[-16.26812,13.28757],[-16.26812,13.27331]]]},"properties":{"region":"Western","district":"Foni Bintang Karanai","floods_1m":1,"floods_2m":1,"floods_3m":1,"first_flood_m":1,"nests":true,"area_km2":2.447}},{"type":"Feature","geometry":{"type":"Polygon","coordinates":[[[-16.15406,13.25905],[-16.16832,13.25905],[-16.16832,13.26007],[-16.16747,13.26039],[-16.16632,13.2609],[-16.16575,13.26114],[-16.16623,13.26239],[-16.16776,13.26197],[-16.16832,13.26179],[-16.16832,13.2661],[-16.16683,13.26743],[-16.16558,13.26918],[-16.16399,13.27087],[-16.16192,13.27273],[-16.16122,13.27331],[-16.15406,13.27331],[-16.15406,13.25905]]]},"properties":{"region":"Western","district":"Foni Bintang Karanai","floods_1m":1,"floods_2m":1,"floods_3m":1,"first_flood_m":1,"nests":true,"area_km2":2.107}},{"type":"Feature","geometry":{"type":"MultiPolygon","coordinates":[[[[-16.16832,13.26179],[-16.16908,13.26155],[-16.17041,13.26138],[-16.17147,13.26141],[-16.17267,13.26182],[-16.17317,13.26269],[-16.17232,13.26305],[-16.17179,13.26308],[-16.17069,13.26377],[-16.16945,13.26534],[-16.16836,13.26606],[-16.16832,13.2661],[-16.16832,13.26179]]],[[[-16.16832,13.25905],[-16.17433,13.25905],[-16.17336,13.25912],[-16.1718,13.25917],[-16.16915,13.25976],[-16.16832,13.26007],[-16.16832,13.25905]]],[[[-16.1812,13.25905],[-16.18258,13.25905],[-16.18258,13.25926],[-16.18177,13.25916],[-16.1812,13.25905]]],[[[-16.17678,13.25905],[-16.17681,13.25905],[-16.1768,13.25905],[-16.17678,13.25905]]]]},"properties":{"region":"Western","district":"Foni Bintang Karanai","floods_1m":1,"floods_2m":1,"floods_3m":1,"first_flood_m":1,"nests":true,"area_km2":0.173}},{"type":"Feature","geometry":{"type":"Polygon","coordinates":[[[-16.22535,13.3159],[-16.22535,13.30182],[-16.23961,13.30182],[-16.23961,13.31608],[-16.22559,13.31608],[-16.22535,13.3159]]]},"properties":{"region":"Western","district":"Foni Bintang Karanai","floods_1m":1,"floods_2m":1,"floods_3m":1,"first_flood_m":1,"nests":true,"area_km2":2.446}},{"type":"Feature","geometry":{"type":"Polygon","coordinates":[[[-16.29664,13.23053],[-16.30091,13.23053],[-16.30467,13.2324],[-16.30684,13.23364],[-16.30701,13.23361],[-16.30777,13.23391],[-16.30935,13.23482],[-16.3109,13.23565],[-16.3109,13.24479],[-16.29664,13.24479],[-16.29664,13.23053]]]},"properties":{"region":"Western","district":"Foni Bintang Karanai","floods_1m":0,"floods_2m":1,"floods_3m":1,"first_flood_m":2,"nests":true,"area_km2":2.144}},{"type":"Feature","geometry":{"type":"Polygon","coordinates":[[[-16.1398,13.25905],[-16.15406,13.25905],[-16.15406,13.27331],[-16.1398,13.27331],[-16.1398,13.25905]]]},"properties":{"region":"Western","district":"Foni Bintang Karanai","floods_1m":1,"floods_2m":1,"floods_3m":1,"first_flood_m":1,"nests":true,"area_km2":2.447}},{"type":"Feature","geometry":{"type":"Polygon","coordinates":[[[-16.1398,13.24479],[-16.15406,13.24479],[-16.15406,13.25905],[-16.1398,13.25905],[-16.1398,13.24479]]]},"properties":{"region":"Western","district":"Foni Bintang Karanai","floods_1m":1,"floods_2m":1,"floods_3m":1,"first_flood_m":1,"nests":true,"area_km2":2.447}},{"type":"Feature","geometry":{"type":"Polygon","coordinates":[[[-16.22535,13.27331],[-16.23961,13.27331],[-16.23961,13.28757],[-16.22535,13.28757],[-16.22535,13.27331]]]},"properties":{"region":"Western","district":"Foni Bintang Karanai","floods_1m":1,"floods_2m":1,"floods_3m":1,"first_flood_m":1,"nests":true,"area_km2":2.447}},{"type":"Feature","geometry":{"type":"Polygon","coordinates":[[[-16.21109,13.21628],[-16.22535,13.21628],[-16.22535,13.23053],[-16.21109,13.23053],[-16.21109,13.21628]]]},"properties":{"region":"Western","district":"Foni Bintang Karanai","floods_1m":1,"floods_2m":1,"floods_3m":1,"first_flood_m":1,"nests":true,"area_km2":2.446}},{"type":"Feature","geometry":{"type":"Polygon","coordinates":[[[-16.18258,13.23053],[-16.19683,13.23053],[-16.19683,13.24479],[-16.18258,13.24479],[-16.18258,13.23053]]]},"properties":{"region":"Western","district":"Foni Bintang Karanai","floods_1m":1,"floods_2m":1,"floods_3m":1,"first_flood_m":1,"nests":true,"area_km2":2.446}},{"type":"Feature","geometry":{"type":"Polygon","coordinates":[[[-16.26812,13.30182],[-16.28238,13.30182],[-16.28238,13.30584],[-16.26812,13.31059],[-16.26812,13.30182]]]},"properties":{"region":"Western","district":"Foni Bintang Karanai","floods_1m":1,"floods_2m":1,"floods_3m":1,"first_flood_m":1,"nests":true,"area_km2":1.097}},{"type":"Feature","geometry":{"type":"Polygon","coordinates":[[[-16.33941,13.24479],[-16.34543,13.24479],[-16.3455,13.24494],[-16.34771,13.24492],[-16.34853,13.245],[-16.34909,13.24515],[-16.34965,13.24547],[-16.35006,13.24587],[-16.35038,13.24645],[-16.35056,13.24697],[-16.35082,13.24783],[-16.35099,13.24838],[-16.35114,13.2491],[-16.35143,13.24982],[-16.35207,13.25014],[-16.35275,13.25011],[-16.35367,13.24983],[-16.35367,13.25905],[-16.33941,13.25905],[-16.33941,13.24479]]]},"properties":{"region":"Western","district":"Foni Bintang Karanai","floods_1m":1,"floods_2m":1,"floods_3m":1,"first_flood_m":1,"nests":true,"area_km2":2.243}},{"type":"Feature","geometry":{"type":"Polygon","coordinates":[[[-16.26812,13.28757],[-16.28238,13.28757],[-16.28238,13.30182],[-16.26812,13.30182],[-16.26812,13.28757]]]},"properties":{"region":"Western","district":"Foni Bintang Karanai","floods_1m":1,"floods_2m":1,"floods_3m":1,"first_flood_m":1,"nests":true,"area_km2":2.445}},{"type":"Feature","geometry":{"type":"Polygon","coordinates":[[[-16.28238,13.25905],[-16.29664,13.25905],[-16.29664,13.27331],[-16.28238,13.27331],[-16.28238,13.25905]]]},"properties":{"region":"Western","district":"Foni Bintang Karanai","floods_1m":1,"floods_2m":1,"floods_3m":1,"first_flood_m":1,"nests":true,"area_km2":2.447}},{"type":"Feature","geometry":{"type":"Polygon","coordinates":[[[-16.25387,13.27331],[-16.26812,13.27331],[-16.26812,13.28757],[-16.25387,13.28757],[-16.25387,13.27331]]]},"properties":{"region":"Western","district":"Foni Bintang Karanai","floods_1m":1,"floods_2m":1,"floods_3m":1,"first_flood_m":1,"nests":true,"area_km2":2.445}},{"type":"Feature","geometry":{"type":"Polygon","coordinates":[[[-16.23961,13.31608],[-16.24909,13.31608],[-16.23961,13.31777],[-16.23961,13.31608]]]},"properties":{"region":"Western","district":"Foni Bintang Karanai","floods_1m":1,"floods_2m":1,"floods_3m":1,"first_flood_m":1,"nests":true,"area_km2":0.096}},{"type":"Feature","geometry":{"type":"Polygon","coordinates":[[[-16.11868,13.21628],[-16.12554,13.21628],[-16.12554,13.23053],[-16.12142,13.23053],[-16.12145,13.22952],[-16.12151,13.22904],[-16.12087,13.22849],[-16.12044,13.22785],[-16.12023,13.22711],[-16.12015,13.2263],[-16.12047,13.2253],[-16.12089,13.22449],[-16.12113,13.22357],[-16.12104,13.22242],[-16.1209,13.22173],[-16.12064,13.2211],[-16.12131,13.2208],[-16.12127,13.22],[-16.1206,13.21927],[-16.11987,13.219],[-16.11911,13.2185],[-16.11874,13.21801],[-16.11869,13.21709],[-16.11868,13.21628]]]},"properties":{"region":"Western","district":"Foni Bintang Karanai","floods_1m":1,"floods_2m":1,"floods_3m":1,"first_flood_m":1,"nests":true,"area_km2":0.868}},{"type":"Feature","geometry":{"type":"Polygon","coordinates":[[[-16.23961,13.27331],[-16.25387,13.27331],[-16.25387,13.28757],[-16.23961,13.28757],[-16.23961,13.27331]]]},"properties":{"region":"Western","district":"Foni Bintang Karanai","floods_1m":1,"floods_2m":1,"floods_3m":1,"first_flood_m":1,"nests":true,"area_km2":2.447}},{"type":"Feature","geometry":{"type":"Polygon","coordinates":[[[-16.22535,13.21628],[-16.23961,13.21628],[-16.23961,13.23053],[-16.22535,13.23053],[-16.22535,13.21628]]]},"properties":{"region":"Western","district":"Foni Bintang Karanai","floods_1m":1,"floods_2m":1,"floods_3m":1,"first_flood_m":1,"nests":true,"area_km2":2.446}},{"type":"Feature","geometry":{"type":"Polygon","coordinates":[[[-16.32866,13.28757],[-16.33941,13.28757],[-16.33941,13.28837],[-16.33533,13.28914],[-16.32945,13.28832],[-16.32866,13.28757]]]},"properties":{"region":"Western","district":"Foni Bintang Karanai","floods_1m":1,"floods_2m":1,"floods_3m":1,"first_flood_m":1,"nests":true,"area_km2":0.144}},{"type":"Feature","geometry":{"type":"Polygon","coordinates":[[[-16.1398,13.27331],[-16.15406,13.27331],[-16.15406,13.28],[-16.1539,13.28014],[-16.1521,13.28156],[-16.15003,13.28342],[-16.14846,13.28517],[-16.1469,13.287],[-16.14635,13.28757],[-16.1398,13.28757],[-16.1398,13.27331]]]},"properties":{"region":"Western","district":"Foni Bintang Karanai","floods_1m":1,"floods_2m":1,"floods_3m":1,"first_flood_m":1,"nests":true,"area_km2":2.069}},{"type":"Feature","geometry":{"type":"Polygon","coordinates":[[[-16.12167,13.24479],[-16.12554,13.24479],[-16.12554,13.25905],[-16.12196,13.25905],[-16.12197,13.25834],[-16.12189,13.25589],[-16.12187,13.25325],[-16.1216,13.24913],[-16.12159,13.24652],[-16.12167,13.24479]]]},"properties":{"region":"Western","district":"Foni Bintang Karanai","floods_1m":0,"floods_2m":0,"floods_3m":1,"first_flood_m":3,"nests":true,"area_km2":0.647}},{"type":"Feature","geometry":{"type":"Polygon","coordinates":[[[-16.21109,13.28459],[-16.21169,13.28333],[-16.21216,13.28227],[-16.21267,13.28043],[-16.21291,13.27952],[-16.21347,13.27762],[-16.21392,13.2759],[-16.21446,13.27389],[-16.21481,13.27331],[-16.22535,13.27331],[-16.22535,13.28757],[-16.21109,13.28757],[-16.21109,13.28459]]]},"properties":{"region":"Western","district":"Foni Bintang Karanai","floods_1m":1,"floods_2m":1,"floods_3m":1,"first_flood_m":1,"nests":true,"area_km2":2.182}},{"type":"Feature","geometry":{"type":"Polygon","coordinates":[[[-16.28238,13.27331],[-16.29664,13.27331],[-16.29664,13.28757],[-16.28238,13.28757],[-16.28238,13.27331]]]},"properties":{"region":"Western","district":"Foni Bintang Karanai","floods_1m":1,"floods_2m":1,"floods_3m":1,"first_flood_m":1,"nests":true,"area_km2":2.447}},{"type":"Feature","geometry":{"type":"Polygon","coordinates":[[[-16.22535,13.28757],[-16.23961,13.28757],[-16.23961,13.30182],[-16.22535,13.30182],[-16.22535,13.28757]]]},"properties":{"region":"Western","district":"Foni Bintang Karanai","floods_1m":1,"floods_2m":1,"floods_3m":1,"first_flood_m":1,"nests":true,"area_km2":2.445}},{"type":"Feature","geometry":{"type":"Polygon","coordinates":[[[-16.21109,13.24567],[-16.21109,13.24479],[-16.22535,13.24479],[-16.22535,13.25905],[-16.21625,13.25905],[-16.2161,13.25863],[-16.21537,13.25704],[-16.21497,13.25626],[-16.21459,13.25543],[-16.21424,13.25436],[-16.21383,13.25341],[-16.21327,13.2522],[-16.21287,13.25131],[-16.21234,13.25027],[-16.21211,13.24961],[-16.21188,13.24886],[-16.21164,13.24791],[-16.21135,13.2465],[-16.21109,13.24567]]]},"properties":{"region":"Western","district":"Foni Bintang Karanai","floods_1m":1,"floods_2m":1,"floods_3m":1,"first_flood_m":1,"nests":true,"area_km2":2.072}},{"type":"Feature","geometry":{"type":"MultiPolygon","coordinates":[[[[-16.19683,13.24479],[-16.21057,13.24479],[-16.21045,13.24538],[-16.21015,13.24612],[-16.20976,13.24675],[-16.20909,13.24735],[-16.20808,13.24772],[-16.20676,13.24763],[-16.2055,13.24745],[-16.20435,13.2473],[-16.20326,13.24715],[-16.202,13.24732],[-16.20073,13.24743],[-16.19952,13.24771],[-16.19826,13.24808],[-16.19683,13.24864],[-16.19683,13.24479]]],[[[-16.21081,13.24479],[-16.21109,13.24479],[-16.21109,13.24567],[-16.21109,13.24567],[-16.21083,13.24483],[-16.21081,13.24479]]]]},"properties":{"region":"Western","district":"Foni Bintang Karanai","floods_1m":1,"floods_2m":1,"floods_3m":1,"first_flood_m":1,"nests":true,"area_km2":0.446}},{"type":"Feature","geometry":{"type":"Polygon","coordinates":[[[-16.15406,13.27331],[-16.16122,13.27331],[-16.16012,13.27421],[-16.15868,13.27556],[-16.15744,13.27696],[-16.15584,13.27842],[-16.15406,13.28],[-16.15406,13.27331]]]},"properties":{"region":"Western","district":"Foni Bintang Karanai","floods_1m":1,"floods_2m":1,"floods_3m":1,"first_flood_m":1,"nests":true,"area_km2":0.288}},{"type":"Feature","geometry":{"type":"Polygon","coordinates":[[[-16.22535,13.20202],[-16.23961,13.20202],[-16.23961,13.21628],[-16.22535,13.21628],[-16.22535,13.20202]]]},"properties":{"region":"Western","district":"Foni Bintang Karanai","floods_1m":1,"floods_2m":1,"floods_3m":1,"first_flood_m":1,"nests":true,"area_km2":2.448}},{"type":"Feature","geometry":{"type":"Polygon","coordinates":[[[-16.23961,13.28757],[-16.25387,13.28757],[-16.25387,13.30182],[-16.23961,13.30182],[-16.23961,13.28757]]]},"properties":{"region":"Western","district":"Foni Bintang Karanai","floods_1m":1,"floods_2m":1,"floods_3m":1,"first_flood_m":1,"nests":true,"area_km2":2.445}},{"type":"Feature","geometry":{"type":"Polygon","coordinates":[[[-16.11556,13.20202],[-16.12554,13.20202],[-16.12554,13.21628],[-16.11868,13.21628],[-16.11868,13.21596],[-16.11876,13.21436],[-16.11863,13.21366],[-16.11849,13.21311],[-16.11823,13.21256],[-16.11745,13.21169],[-16.11613,13.21115],[-16.11578,13.21132],[-16.11545,13.2114],[-16.11552,13.21077],[-16.11549,13.2106],[-16.11558,13.21036],[-16.11548,13.20933],[-16.11547,13.20789],[-16.11544,13.20617],[-16.11549,13.20496],[-16.11551,13.20378],[-16.11558,13.20286],[-16.11556,13.20202]]]},"properties":{"region":"Western","district":"Foni Bintang Karanai","floods_1m":1,"floods_2m":1,"floods_3m":1,"first_flood_m":1,"nests":true,"area_km2":1.551}},{"type":"Feature","geometry":{"type":"Polygon","coordinates":[[[-16.12554,13.29184],[-16.12554,13.28757],[-16.1398,13.28757],[-16.1398,13.2927],[-16.13973,13.29275],[-16.1384,13.29335],[-16.13711,13.29346],[-16.13599,13.29334],[-16.13426,13.29301],[-16.13217,13.29277],[-16.12988,13.2923],[-16.12699,13.29203],[-16.12554,13.29184]]]},"properties":{"region":"Western","district":"Foni Bintang Karanai","floods_1m":1,"floods_2m":1,"floods_3m":1,"first_flood_m":1,"nests":true,"area_km2":0.884}},{"type":"Feature","geometry":{"type":"Polygon","coordinates":[[[-16.15406,13.23053],[-16.16832,13.23053],[-16.16832,13.24479],[-16.15406,13.24479],[-16.15406,13.23053]]]},"properties":{"region":"Western","district":"Foni Bintang Karanai","floods_1m":1,"floods_2m":1,"floods_3m":1,"first_flood_m":1,"nests":true,"area_km2":2.447}},{"type":"Feature","geometry":{"type":"Polygon","coordinates":[[[-16.26812,13.25905],[-16.28238,13.25905],[-16.28238,13.27331],[-16.26812,13.27331],[-16.26812,13.25905]]]},"properties":{"region":"Western","district":"Foni Bintang Karanai","floods_1m":1,"floods_2m":1,"floods_3m":1,"first_flood_m":1,"nests":true,"area_km2":2.447}},{"type":"Feature","geometry":{"type":"Polygon","coordinates":[[[-16.19683,13.21628],[-16.21109,13.21628],[-16.21109,13.23053],[-16.19683,13.23053],[-16.19683,13.21628]]]},"properties":{"region":"Western","district":"Foni Bintang Karanai","floods_1m":1,"floods_2m":1,"floods_3m":1,"first_flood_m":1,"nests":true,"area_km2":2.446}},{"type":"Feature","geometry":{"type":"Polygon","coordinates":[[[-16.18258,13.21628],[-16.19683,13.21628],[-16.19683,13.23053],[-16.18258,13.23053],[-16.18258,13.21628]]]},"properties":{"region":"Western","district":"Foni Bintang Karanai","floods_1m":1,"floods_2m":1,"floods_3m":1,"first_flood_m":1,"nests":true,"area_km2":2.444}},{"type":"Feature","geometry":{"type":"Polygon","coordinates":[[[-16.1398,13.20202],[-16.15406,13.20202],[-16.15406,13.21628],[-16.1398,13.21628],[-16.1398,13.20202]]]},"properties":{"region":"Western","district":"Foni Bintang Karanai","floods_1m":0,"floods_2m":0,"floods_3m":1,"first_flood_m":3,"nests":true,"area_km2":2.448}},{"type":"Feature","geometry":{"type":"Polygon","coordinates":[[[-16.11312,13.28757],[-16.12554,13.28757],[-16.12554,13.29184],[-16.12444,13.2917],[-16.12108,13.29114],[-16.11847,13.29081],[-16.11626,13.2902],[-16.11441,13.28936],[-16.11336,13.28811],[-16.11312,13.28757]]]},"properties":{"region":"Western","district":"Foni Bintang Karanai","floods_1m":1,"floods_2m":1,"floods_3m":1,"first_flood_m":1,"nests":true,"area_km2":0.461}},{"type":"Feature","geometry":{"type":"Polygon","coordinates":[[[-16.12554,13.27109],[-16.12554,13.25905],[-16.1398,13.25905],[-16.1398,13.27331],[-16.12731,13.27331],[-16.12616,13.27187],[-16.12554,13.27109]]]},"properties":{"region":"Western","district":"Foni Bintang Karanai","floods_1m":1,"floods_2m":1,"floods_3m":1,"first_flood_m":1,"nests":true,"area_km2":2.424}},{"type":"Feature","geometry":{"type":"Polygon","coordinates":[[[-16.29664,13.27331],[-16.3109,13.27331],[-16.3109,13.28757],[-16.29664,13.28757],[-16.29664,13.27331]]]},"properties":{"region":"Western","district":"Foni Bintang Karanai","floods_1m":1,"floods_2m":1,"floods_3m":1,"first_flood_m":1,"nests":true,"area_km2":2.447}},{"type":"Feature","geometry":{"type":"Polygon","coordinates":[[[-16.32866,13.28757],[-16.32516,13.28425],[-16.32516,13.27331],[-16.33941,13.27331],[-16.33941,13.28757],[-16.32866,13.28757]]]},"properties":{"region":"Western","district":"Foni Bintang Karanai","floods_1m":1,"floods_2m":1,"floods_3m":1,"first_flood_m":1,"nests":true,"area_km2":2.375}},{"type":"Feature","geometry":{"type":"Polygon","coordinates":[[[-16.3109,13.25905],[-16.32516,13.25905],[-16.32516,13.27331],[-16.3109,13.27331],[-16.3109,13.25905]]]},"properties":{"region":"Western","district":"Foni Bintang Karanai","floods_1m":1,"floods_2m":1,"floods_3m":1,"first_flood_m":1,"nests":true,"area_km2":2.447}},{"type":"Feature","geometry":{"type":"Polygon","coordinates":[[[-16.36793,13.20202],[-16.38219,13.20202],[-16.38219,13.21628],[-16.36793,13.21628],[-16.36793,13.20202]]]},"properties":{"region":"Western","district":"Foni Brefet","floods_1m":1,"floods_2m":1,"floods_3m":1,"first_flood_m":1,"nests":true,"area_km2":2.448}},{"type":"Feature","geometry":{"type":"Polygon","coordinates":[[[-16.4107,13.24479],[-16.41609,13.24479],[-16.4161,13.24532],[-16.41524,13.24732],[-16.41403,13.24893],[-16.41285,13.25059],[-16.41167,13.25197],[-16.41081,13.25291],[-16.4107,13.25303],[-16.4107,13.24479]]]},"properties":{"region":"Western","district":"Foni Brefet","floods_1m":1,"floods_2m":1,"floods_3m":1,"first_flood_m":1,"nests":true,"area_km2":0.317}},{"type":"Feature","geometry":{"type":"Polygon","coordinates":[[[-16.33941,13.23934],[-16.33941,13.23053],[-16.35367,13.23053],[-16.35367,13.24479],[-16.34543,13.24479],[-16.34485,13.24355],[-16.34422,13.24251],[-16.34367,13.24161],[-16.34289,13.24053],[-16.34202,13.23971],[-16.34111,13.23927],[-16.34023,13.23914],[-16.33941,13.23934]]]},"properties":{"region":"Western","district":"Foni Brefet","floods_1m":1,"floods_2m":1,"floods_3m":1,"first_flood_m":1,"nests":true,"area_km2":2.156}},{"type":"Feature","geometry":{"type":"Polygon","coordinates":[[[-16.3664,13.26892],[-16.3651,13.26636],[-16.36428,13.26595],[-16.36352,13.2654],[-16.36337,13.26468],[-16.3642,13.26365],[-16.36467,13.26336],[-16.36503,13.26317],[-16.3652,13.26314],[-16.36559,13.26279],[-16.36606,13.26239],[-16.36662,13.26179],[-16.36733,13.26105],[-16.36793,13.25975],[-16.36793,13.26911],[-16.3664,13.26892]]]},"properties":{"region":"Western","district":"Foni Brefet","floods_1m":1,"floods_2m":1,"floods_3m":1,"first_flood_m":1,"nests":true,"area_km2":0.268}},{"type":"Feature","geometry":{"type":"Polygon","coordinates":[[[-16.38436,13.27331],[-16.39644,13.27331],[-16.39644,13.27598],[-16.38818,13.27697],[-16.38436,13.27335],[-16.38436,13.27331]]]},"properties":{"region":"Western","district":"Foni Brefet","floods_1m":1,"floods_2m":1,"floods_3m":1,"first_flood_m":1,"nests":true,"area_km2":0.4}},{"type":"Feature","geometry":{"type":"Polygon","coordinates":[[[-16.35367,13.24983],[-16.35367,13.24479],[-16.36793,13.24479],[-16.36793,13.25488],[-16.36774,13.25447],[-16.3668,13.25343],[-16.36563,13.2525],[-16.36454,13.25209],[-16.36351,13.25169],[-16.3626,13.25148],[-16.36157,13.2513],[-16.36081,13.25127],[-16.35963,13.25147],[-16.3586,13.25161],[-16.35777,13.25177],[-16.35692,13.25189],[-16.35595,13.25182],[-16.35536,13.25162],[-16.35522,13.2511],[-16.35531,13.25061],[-16.35578,13.25033],[-16.35649,13.25016],[-16.3571,13.2501],[-16.35778,13.24991],[-16.35831,13.24979],[-16.35872,13.24968],[-16.35917,13.24954],[-16.3594,13.24931],[-16.3587,13.24919],[-16.35811,13.24927],[-16.35767,13.24919],[-16.35702,13.24893],[-16.35629,13.24875],[-16.3554,13.24895],[-16.35475,13.2494],[-16.35387,13.24977],[-16.35367,13.24983]]]},"properties":{"region":"Western","district":"Foni Brefet","floods_1m":1,"floods_2m":1,"floods_3m":1,"first_flood_m":1,"nests":true,"area_km2":1.144}},{"type":"Feature","geometry":{"type":"Polygon","coordinates":[[[-16.32516,13.21628],[-16.33941,13.21628],[-16.33941,13.23053],[-16.32516,13.23053],[-16.32516,13.21628]]]},"properties":{"region":"Western","district":"Foni Brefet","floods_1m":1,"floods_2m":1,"floods_3m":1,"first_flood_m":1,"nests":true,"area_km2":2.444}},{"type":"Feature","geometry":{"type":"Polygon","coordinates":[[[-16.3109,13.23565],[-16.3109,13.23053],[-16.32516,13.23053],[-16.32516,13.24479],[-16.31654,13.24479],[-16.31644,13.24462],[-16.31651,13.24362],[-16.31723,13.24273],[-16.31783,13.24231],[-16.31878,13.24166],[-16.31937,13.24142],[-16.31973,13.24076],[-16.31983,13.2403],[-16.31877,13.24014],[-16.3175,13.24038],[-16.31586,13.24004],[-16.31478,13.2393],[-16.31441,13.23855],[-16.31437,13.23749],[-16.31297,13.23666],[-16.31119,13.2358],[-16.3109,13.23565]]]},"properties":{"region":"Western","district":"Foni Brefet","floods_1m":1,"floods_2m":1,"floods_3m":1,"first_flood_m":1,"nests":true,"area_km2":1.896}},{"type":"Feature","geometry":{"type":"Polygon","coordinates":[[[-16.32516,13.23053],[-16.33941,13.23053],[-16.33941,13.23934],[-16.33911,13.23941],[-16.33832,13.24095],[-16.33801,13.24267],[-16.33774,13.24454],[-16.33766,13.24479],[-16.32516,13.24479],[-16.32516,13.23053]]]},"properties":{"region":"Western","district":"Foni Brefet","floods_1m":1,"floods_2m":1,"floods_3m":1,"first_flood_m":1,"nests":true,"area_km2":2.367}},{"type":"Feature","geometry":{"type":"Polygon","coordinates":[[[-16.32516,13.24536],[-16.32516,13.24479],[-16.33766,13.24479],[-16.33719,13.2462],[-16.33632,13.24742],[-16.33534,13.24798],[-16.33436,13.24811],[-16.33346,13.24781],[-16.33276,13.2472],[-16.33218,13.24664],[-16.33162,13.24663],[-16.331,13.24717],[-16.33081,13.248],[-16.33024,13.24877],[-16.32944,13.2491],[-16.3282,13.24905],[-16.32712,13.24846],[-16.32625,13.24779],[-16.32588,13.24663],[-16.32581,13.24588],[-16.32552,13.24542],[-16.32516,13.24536]]]},"properties":{"region":"Western","district":"Foni Brefet","floods_1m":1,"floods_2m":1,"floods_3m":1,"first_flood_m":1,"nests":true,"area_km2":0.437}},{"type":"Feature","geometry":{"type":"Polygon","coordinates":[[[-16.31654,13.24479],[-16.32516,13.24479],[-16.32516,13.24536],[-16.32461,13.24526],[-16.32346,13.24565],[-16.32166,13.24596],[-16.31992,13.24608],[-16.31915,13.24604],[-16.31783,13.24594],[-16.31693,13.24552],[-16.31654,13.24479]]]},"properties":{"region":"Western","district":"Foni Brefet","floods_1m":0,"floods_2m":1,"floods_3m":1,"first_flood_m":2,"nests":true,"area_km2":0.103}},{"type":"Feature","geometry":{"type":"Polygon","coordinates":[[[-16.36793,13.21628],[-16.38219,13.21628],[-16.38219,13.23053],[-16.36793,13.23053],[-16.36793,13.21628]]]},"properties":{"region":"Western","district":"Foni Brefet","floods_1m":1,"floods_2m":1,"floods_3m":1,"first_flood_m":1,"nests":true,"area_km2":2.446}},{"type":"Feature","geometry":{"type":"Polygon","coordinates":[[[-16.36793,13.26911],[-16.36793,13.25975],[-16.36798,13.25964],[-16.36818,13.25905],[-16.38219,13.25905],[-16.38219,13.27084],[-16.36793,13.26911]]]},"properties":{"region":"Western","district":"Foni Brefet","floods_1m":1,"floods_2m":1,"floods_3m":1,"first_flood_m":1,"nests":true,"area_km2":1.874}},{"type":"Feature","geometry":{"type":"Polygon","coordinates":[[[-16.39644,13.20202],[-16.4107,13.20202],[-16.4107,13.21476],[-16.41063,13.21484],[-16.41027,13.21556],[-16.41047,13.21619],[-16.41056,13.21628],[-16.39644,13.21628],[-16.39644,13.20202]]]},"properties":{"region":"Western","district":"Foni Brefet","floods_1m":1,"floods_2m":1,"floods_3m":1,"first_flood_m":1,"nests":true,"area_km2":2.443}},{"type":"Feature","geometry":{"type":"Polygon","coordinates":[[[-16.38219,13.18776],[-16.39644,13.18776],[-16.39644,13.20202],[-16.38219,13.20202],[-16.38219,13.18776]]]},"properties":{"region":"Western","district":"Foni Brefet","floods_1m":1,"floods_2m":1,"floods_3m":1,"first_flood_m":1,"nests":true,"area_km2":2.446}},{"type":"Feature","geometry":{"type":"Polygon","coordinates":[[[-16.38219,13.27084],[-16.38219,13.25905],[-16.39644,13.25905],[-16.39644,13.27331],[-16.38436,13.27331],[-16.38432,13.2711],[-16.38219,13.27084]]]},"properties":{"region":"Western","district":"Foni Brefet","floods_1m":1,"floods_2m":1,"floods_3m":1,"first_flood_m":1,"nests":true,"area_km2":2.385}},{"type":"Feature","geometry":{"type":"Polygon","coordinates":[[[-16.39644,13.24479],[-16.4107,13.24479],[-16.4107,13.25303],[-16.40948,13.25437],[-16.40836,13.2558],[-16.40779,13.25727],[-16.40743,13.25876],[-16.40752,13.25905],[-16.39644,13.25905],[-16.39644,13.24479]]]},"properties":{"region":"Western","district":"Foni Brefet","floods_1m":1,"floods_2m":1,"floods_3m":1,"first_flood_m":1,"nests":true,"area_km2":2.294}},{"type":"Feature","geometry":{"type":"Polygon","coordinates":[[[-16.38219,13.24479],[-16.39644,13.24479],[-16.39644,13.25905],[-16.38219,13.25905],[-16.38219,13.24479]]]},"properties":{"region":"Western","district":"Foni Brefet","floods_1m":1,"floods_2m":1,"floods_3m":1,"first_flood_m":1,"nests":true,"area_km2":2.446}},{"type":"Feature","geometry":{"type":"Polygon","coordinates":[[[-16.36793,13.25488],[-16.36793,13.24479],[-16.38219,13.24479],[-16.38219,13.25905],[-16.36818,13.25905],[-16.36843,13.25835],[-16.36858,13.25691],[-16.3682,13.25548],[-16.36793,13.25488]]]},"properties":{"region":"Western","district":"Foni Brefet","floods_1m":1,"floods_2m":1,"floods_3m":1,"first_flood_m":1,"nests":true,"area_km2":2.425}},{"type":"Feature","geometry":{"type":"Polygon","coordinates":[[[-16.4107,13.23053],[-16.4141,13.23053],[-16.41457,13.23139],[-16.415,13.23341],[-16.41537,13.23545],[-16.41546,13.23735],[-16.41571,13.23907],[-16.41603,13.24164],[-16.41609,13.24479],[-16.4107,13.24479],[-16.4107,13.23053]]]},"properties":{"region":"Western","district":"Foni Brefet","floods_1m":1,"floods_2m":1,"floods_3m":1,"first_flood_m":1,"nests":true,"area_km2":0.819}},{"type":"Feature","geometry":{"type":"Polygon","coordinates":[[[-16.38219,13.23053],[-16.39644,13.23053],[-16.39644,13.24479],[-16.38219,13.24479],[-16.38219,13.23053]]]},"properties":{"region":"Western","district":"Foni Brefet","floods_1m":1,"floods_2m":1,"floods_3m":1,"first_flood_m":1,"nests":true,"area_km2":2.446}},{"type":"Feature","geometry":{"type":"Polygon","coordinates":[[[-16.39644,13.27331],[-16.4107,13.27331],[-16.4107,13.27426],[-16.39644,13.27598],[-16.39644,13.27331]]]},"properties":{"region":"Western","district":"Foni Brefet","floods_1m":1,"floods_2m":1,"floods_3m":1,"first_flood_m":1,"nests":true,"area_km2":0.311}},{"type":"Feature","geometry":{"type":"Polygon","coordinates":[[[-16.39644,13.25905],[-16.40752,13.25905],[-16.40775,13.25985],[-16.40804,13.26092],[-16.40916,13.26167],[-16.41063,13.26214],[-16.4107,13.26216],[-16.4107,13.27331],[-16.39644,13.27331],[-16.39644,13.25905]]]},"properties":{"region":"Western","district":"Foni Brefet","floods_1m":1,"floods_2m":1,"floods_3m":1,"first_flood_m":1,"nests":true,"area_km2":2.358}},{"type":"Feature","geometry":{"type":"Polygon","coordinates":[[[-16.42496,13.26433],[-16.42668,13.265],[-16.42862,13.26556],[-16.43225,13.27166],[-16.42496,13.27254],[-16.42496,13.26433]]]},"properties":{"region":"Western","district":"Foni Brefet","floods_1m":1,"floods_2m":1,"floods_3m":1,"first_flood_m":1,"nests":true,"area_km2":0.466}},{"type":"Feature","geometry":{"type":"Polygon","coordinates":[[[-16.30091,13.23053],[-16.3109,13.23053],[-16.3109,13.23565],[-16.30935,13.23482],[-16.30777,13.23391],[-16.30701,13.23361],[-16.30684,13.23364],[-16.30467,13.2324],[-16.30091,13.23053]]]},"properties":{"region":"Western","district":"Foni Brefet","floods_1m":1,"floods_2m":1,"floods_3m":1,"first_flood_m":1,"nests":true,"area_km2":0.304}},{"type":"Feature","geometry":{"type":"Polygon","coordinates":[[[-16.4107,13.18776],[-16.42065,13.18776],[-16.42069,13.18788],[-16.42121,13.1888],[-16.42157,13.18973],[-16.422,13.19089],[-16.42234,13.19187],[-16.42282,13.19286],[-16.42289,13.19401],[-16.42261,13.19512],[-16.42225,13.1961],[-16.4215,13.19706],[-16.42045,13.19837],[-16.41928,13.19956],[-16.41812,13.20066],[-16.41689,13.20185],[-16.41642,13.20202],[-16.4107,13.20202],[-16.4107,13.18776]]]},"properties":{"region":"Western","district":"Foni Brefet","floods_1m":1,"floods_2m":1,"floods_3m":1,"first_flood_m":1,"nests":true,"area_km2":1.785}},{"type":"Feature","geometry":{"type":"Polygon","coordinates":[[[-16.38219,13.21628],[-16.39644,13.21628],[-16.39644,13.23053],[-16.38219,13.23053],[-16.38219,13.21628]]]},"properties":{"region":"Western","district":"Foni Brefet","floods_1m":1,"floods_2m":1,"floods_3m":1,"first_flood_m":1,"nests":true,"area_km2":2.444}},{"type":"Feature","geometry":{"type":"MultiPolygon","coordinates":[[[[-16.4107,13.22825],[-16.41184,13.22879],[-16.4136,13.22964],[-16.4141,13.23053],[-16.4107,13.23053],[-16.4107,13.22825]]],[[[-16.4107,13.22036],[-16.4107,13.21641],[-16.41091,13.2166],[-16.41179,13.21735],[-16.41226,13.21787],[-16.4127,13.21856],[-16.41314,13.21914],[-16.41367,13.21963],[-16.41422,13.22018],[-16.41496,13.22047],[-16.41581,13.22016],[-16.41632,13.21973],[-16.41679,13.21933],[-16.4175,13.2189],[-16.41755,13.21925],[-16.41734,13.22059],[-16.41705,13.22126],[-16.41637,13.22183],[-16.41519,13.22243],[-16.41422,13.22228],[-16.41322,13.22147],[-16.41264,13.22054],[-16.41167,13.21905],[-16.41096,13.21945],[-16.41075,13.22019],[-16.4107,13.22036]]]]},"properties":{"region":"Western","district":"Foni Brefet","floods_1m":0,"floods_2m":1,"floods_3m":1,"first_flood_m":2,"nests":true,"area_km2":0.232}},{"type":"Feature","geometry":{"type":"Polygon","coordinates":[[[-16.34543,13.24479],[-16.35367,13.24479],[-16.35367,13.24983],[-16.35275,13.25011],[-16.35207,13.25014],[-16.35143,13.24982],[-16.35114,13.2491],[-16.35099,13.24838],[-16.35082,13.24783],[-16.35056,13.24697],[-16.35038,13.24645],[-16.35006,13.24587],[-16.34965,13.24547],[-16.34909,13.24515],[-16.34853,13.245],[-16.34771,13.24492],[-16.3455,13.24494],[-16.34543,13.24479]]]},"properties":{"region":"Western","district":"Foni Brefet","floods_1m":1,"floods_2m":1,"floods_3m":1,"first_flood_m":1,"nests":true,"area_km2":0.204}},{"type":"Feature","geometry":{"type":"Polygon","coordinates":[[[-16.39644,13.23053],[-16.4107,13.23053],[-16.4107,13.24479],[-16.39644,13.24479],[-16.39644,13.23053]]]},"properties":{"region":"Western","district":"Foni Brefet","floods_1m":1,"floods_2m":1,"floods_3m":1,"first_flood_m":1,"nests":true,"area_km2":2.447}},{"type":"Feature","geometry":{"type":"Polygon","coordinates":[[[-16.4107,13.26216],[-16.41228,13.26249],[-16.41404,13.26276],[-16.41566,13.26288],[-16.41698,13.26286],[-16.4183,13.26292],[-16.41974,13.26313],[-16.42113,13.26334],[-16.42262,13.26363],[-16.42445,13.26413],[-16.42496,13.26433],[-16.42496,13.27254],[-16.41856,13.27331],[-16.4107,13.27331],[-16.4107,13.26216]]]},"properties":{"region":"Western","district":"Foni Brefet","floods_1m":1,"floods_2m":1,"floods_3m":1,"first_flood_m":1,"nests":true,"area_km2":1.728}},{"type":"Feature","geometry":{"type":"Polygon","coordinates":[[[-16.38219,13.20202],[-16.39644,13.20202],[-16.39644,13.21628],[-16.38219,13.21628],[-16.38219,13.20202]]]},"properties":{"region":"Western","district":"Foni Brefet","floods_1m":1,"floods_2m":1,"floods_3m":1,"first_flood_m":1,"nests":true,"area_km2":2.446}},{"type":"Feature","geometry":{"type":"Polygon","coordinates":[[[-16.36793,13.23053],[-16.38219,13.23053],[-16.38219,13.24479],[-16.36793,13.24479],[-16.36793,13.23053]]]},"properties":{"region":"Western","district":"Foni Brefet","floods_1m":1,"floods_2m":1,"floods_3m":1,"first_flood_m":1,"nests":true,"area_km2":2.447}},{"type":"Feature","geometry":{"type":"Polygon","coordinates":[[[-16.39644,13.21628],[-16.41056,13.21628],[-16.4107,13.21641],[-16.4107,13.22036],[-16.41049,13.22111],[-16.40992,13.22174],[-16.40845,13.22193],[-16.40734,13.22181],[-16.40583,13.22212],[-16.40501,13.22269],[-16.4045,13.22358],[-16.40429,13.22462],[-16.40482,13.22548],[-16.40567,13.22618],[-16.40685,13.22664],[-16.40829,13.22714],[-16.40978,13.22781],[-16.4107,13.22825],[-16.4107,13.23053],[-16.39644,13.23053],[-16.39644,13.21628]]]},"properties":{"region":"Western","district":"Foni Brefet","floods_1m":0,"floods_2m":1,"floods_3m":1,"first_flood_m":2,"nests":true,"area_km2":2.079}},{"type":"Feature","geometry":{"type":"Polygon","coordinates":[[[-16.29664,13.22813],[-16.29664,13.21628],[-16.3109,13.21628],[-16.3109,13.23053],[-16.30091,13.23053],[-16.30018,13.23017],[-16.29664,13.22813]]]},"properties":{"region":"Western","district":"Foni Brefet","floods_1m":0,"floods_2m":1,"floods_3m":1,"first_flood_m":2,"nests":true,"area_km2":2.385}},{"type":"Feature","geometry":{"type":"Polygon","coordinates":[[[-16.4107,13.1735],[-16.42496,13.1735],[-16.42496,13.17446],[-16.42438,13.17525],[-16.42335,13.17685],[-16.42263,13.17799],[-16.42196,13.17927],[-16.42173,13.18024],[-16.42126,13.18084],[-16.42117,13.18116],[-16.42095,13.18196],[-16.42064,13.18293],[-16.42042,13.18411],[-16.42017,13.18545],[-16.42035,13.18695],[-16.42065,13.18776],[-16.4107,13.18776],[-16.4107,13.1735]]]},"properties":{"region":"Western","district":"Foni Brefet","floods_1m":1,"floods_2m":1,"floods_3m":1,"first_flood_m":1,"nests":true,"area_km2":1.928}},{"type":"Feature","geometry":{"type":"Polygon","coordinates":[[[-16.33941,13.20202],[-16.35367,13.20202],[-16.35367,13.21628],[-16.33941,13.21628],[-16.33941,13.20202]]]},"properties":{"region":"Western","district":"Foni Brefet","floods_1m":1,"floods_2m":1,"floods_3m":1,"first_flood_m":1,"nests":true,"area_km2":2.448}},{"type":"Feature","geometry":{"type":"Polygon","coordinates":[[[-16.4107,13.20202],[-16.41642,13.20202],[-16.41524,13.20244],[-16.41547,13.2029],[-16.41579,13.20365],[-16.41628,13.20432],[-16.41702,13.2049],[-16.41743,13.20516],[-16.41799,13.20571],[-16.41828,13.20657],[-16.41851,13.2074],[-16.41836,13.20778],[-16.4178,13.20829],[-16.41677,13.20869],[-16.41583,13.2088],[-16.41491,13.20897],[-16.41427,13.20899],[-16.41368,13.20916],[-16.41306,13.21002],[-16.41288,13.2106],[-16.41255,13.21117],[-16.41211,13.21157],[-16.41167,13.21174],[-16.41134,13.21255],[-16.4114,13.21335],[-16.41116,13.21427],[-16.4107,13.21476],[-16.4107,13.20202]]]},"properties":{"region":"Western","district":"Foni Brefet","floods_1m":1,"floods_2m":1,"floods_3m":1,"first_flood_m":1,"nests":true,"area_km2":0.628}},{"type":"Feature","geometry":{"type":"Polygon","coordinates":[[[-16.35367,13.23053],[-16.36793,13.23053],[-16.36793,13.24479],[-16.35367,13.24479],[-16.35367,13.23053]]]},"properties":{"region":"Western","district":"Foni Brefet","floods_1m":1,"floods_2m":1,"floods_3m":1,"first_flood_m":1,"nests":true,"area_km2":2.447}},{"type":"Feature","geometry":{"type":"Polygon","coordinates":[[[-16.33941,13.21628],[-16.35367,13.21628],[-16.35367,13.23053],[-16.33941,13.23053],[-16.33941,13.21628]]]},"properties":{"region":"Western","district":"Foni Brefet","floods_1m":1,"floods_2m":1,"floods_3m":1,"first_flood_m":1,"nests":true,"area_km2":2.446}},{"type":"Feature","geometry":{"type":"Polygon","coordinates":[[[-16.4107,13.27331],[-16.41856,13.27331],[-16.4107,13.27426],[-16.4107,13.27331]]]},"properties":{"region":"Western","district":"Foni Brefet","floods_1m":1,"floods_2m":1,"floods_3m":1,"first_flood_m":1,"nests":true,"area_km2":0.045}},{"type":"Feature","geometry":{"type":"Polygon","coordinates":[[[-16.36793,13.18776],[-16.38219,13.18776],[-16.38219,13.20202],[-16.36793,13.20202],[-16.36793,13.18776]]]},"properties":{"region":"Western","district":"Foni Brefet","floods_1m":0,"floods_2m":1,"floods_3m":1,"first_flood_m":2,"nests":true,"area_km2":2.448}},{"type":"Feature","geometry":{"type":"Polygon","coordinates":[[[-16.63883,13.20202],[-16.65309,13.20202],[-16.65309,13.21628],[-16.63883,13.21628],[-16.63883,13.20202]]]},"properties":{"region":"Western","district":"Kombo Central","floods_1m":0,"floods_2m":0,"floods_3m":1,"first_flood_m":3,"nests":true,"area_km2":2.448}},{"type":"Feature","geometry":{"type":"Polygon","coordinates":[[[-16.5818,13.32903],[-16.58554,13.32646],[-16.58549,13.32499],[-16.58562,13.32131],[-16.58586,13.31936],[-16.58607,13.31792],[-16.5857,13.31668],[-16.58503,13.31608],[-16.59606,13.31608],[-16.59606,13.33034],[-16.5818,13.33034],[-16.5818,13.32903]]]},"properties":{"region":"Western","district":"Kombo Central","floods_1m":1,"floods_2m":1,"floods_3m":1,"first_flood_m":1,"nests":true,"area_km2":1.906}},{"type":"Feature","geometry":{"type":"Polygon","coordinates":[[[-16.66735,13.18776],[-16.67995,13.18776],[-16.67991,13.19011],[-16.67977,13.2],[-16.67978,13.20202],[-16.66735,13.20202],[-16.66735,13.18776]]]},"properties":{"region":"Western","district":"Kombo Central","floods_1m":1,"floods_2m":1,"floods_3m":1,"first_flood_m":1,"nests":true,"area_km2":2.145}},{"type":"Feature","geometry":{"type":"Polygon","coordinates":[[[-16.66735,13.17025],[-16.67158,13.16778],[-16.67949,13.16769],[-16.68006,13.16778],[-16.6802,13.1735],[-16.66735,13.1735],[-16.66735,13.17025]]]},"properties":{"region":"Western","district":"Kombo Central","floods_1m":1,"floods_2m":1,"floods_3m":1,"first_flood_m":1,"nests":true,"area_km2":0.822}},{"type":"Feature","geometry":{"type":"Polygon","coordinates":[[[-16.61031,13.30182],[-16.62457,13.30182],[-16.62457,13.31608],[-16.61031,13.31608],[-16.61031,13.30182]]]},"properties":{"region":"Western","district":"Kombo Central","floods_1m":1,"floods_2m":1,"floods_3m":1,"first_flood_m":1,"nests":true,"area_km2":2.447}},{"type":"Feature","geometry":{"type":"Polygon","coordinates":[[[-16.61031,13.31608],[-16.62457,13.31608],[-16.62457,13.32546],[-16.62369,13.32594],[-16.62298,13.32633],[-16.62075,13.32773],[-16.61755,13.33034],[-16.61753,13.33034],[-16.61031,13.33034],[-16.61031,13.31608]]]},"properties":{"region":"Western","district":"Kombo Central","floods_1m":1,"floods_2m":1,"floods_3m":1,"first_flood_m":1,"nests":true,"area_km2":2.222}},{"type":"Feature","geometry":{"type":"Polygon","coordinates":[[[-16.5818,13.30371],[-16.5818,13.31473],[-16.58109,13.31444],[-16.57962,13.3136],[-16.57871,13.31274],[-16.5784,13.31039],[-16.5784,13.30926],[-16.57864,13.30792],[-16.579,13.30624],[-16.57938,13.3054],[-16.57992,13.30472],[-16.58054,13.30406],[-16.58127,13.30372],[-16.5818,13.30371]]]},"properties":{"region":"Western","district":"Kombo Central","floods_1m":1,"floods_2m":1,"floods_3m":1,"first_flood_m":1,"nests":true,"area_km2":0.354}},{"type":"Feature","geometry":{"type":"Polygon","coordinates":[[[-16.59606,13.31608],[-16.61031,13.31608],[-16.61031,13.33034],[-16.59606,13.33034],[-16.59606,13.31608]]]},"properties":{"region":"Western","district":"Kombo Central","floods_1m":1,"floods_2m":1,"floods_3m":1,"first_flood_m":1,"nests":true,"area_km2":2.445}},{"type":"Feature","geometry":{"type":"Polygon","coordinates":[[[-16.65309,13.18776],[-16.66735,13.18776],[-16.66735,13.20202],[-16.65309,13.20202],[-16.65309,13.18776]]]},"properties":{"region":"Western","district":"Kombo Central","floods_1m":1,"floods_2m":1,"floods_3m":1,"first_flood_m":1,"nests":true,"area_km2":2.448}},{"type":"Feature","geometry":{"type":"Polygon","coordinates":[[[-16.66735,13.1735],[-16.6802,13.1735],[-16.68023,13.17459],[-16.68011,13.17879],[-16.68,13.18212],[-16.68001,13.18388],[-16.67995,13.18776],[-16.66735,13.18776],[-16.66735,13.1735]]]},"properties":{"region":"Western","district":"Kombo Central","floods_1m":1,"floods_2m":1,"floods_3m":1,"first_flood_m":1,"nests":true,"area_km2":2.184}},{"type":"Feature","geometry":{"type":"Polygon","coordinates":[[[-16.58792,13.27331],[-16.59606,13.27331],[-16.59606,13.28757],[-16.58797,13.28757],[-16.58825,13.2845],[-16.58816,13.28313],[-16.58803,13.28224],[-16.58791,13.28144],[-16.58788,13.27812],[-16.58792,13.27331]]]},"properties":{"region":"Western","district":"Kombo Central","floods_1m":0,"floods_2m":1,"floods_3m":1,"first_flood_m":2,"nests":true,"area_km2":1.385}},{"type":"Feature","geometry":{"type":"Polygon","coordinates":[[[-16.5818,13.31473],[-16.5818,13.30371],[-16.58236,13.3037],[-16.58345,13.30388],[-16.58436,13.30414],[-16.58536,13.30463],[-16.58612,13.30527],[-16.58679,13.30625],[-16.58741,13.30723],[-16.58828,13.30737],[-16.58814,13.30182],[-16.59606,13.30182],[-16.59606,13.31608],[-16.58503,13.31608],[-16.58476,13.31584],[-16.58379,13.31541],[-16.58238,13.31497],[-16.5818,13.31473]]]},"properties":{"region":"Western","district":"Kombo Central","floods_1m":1,"floods_2m":1,"floods_3m":1,"first_flood_m":1,"nests":true,"area_km2":2.174}},{"type":"Feature","geometry":{"type":"Polygon","coordinates":[[[-16.61031,13.28757],[-16.62457,13.28757],[-16.62457,13.30182],[-16.61031,13.30182],[-16.61031,13.28757]]]},"properties":{"region":"Western","district":"Kombo Central","floods_1m":1,"floods_2m":1,"floods_3m":1,"first_flood_m":1,"nests":true,"area_km2":2.445}},{"type":"Feature","geometry":{"type":"Polygon","coordinates":[[[-16.5818,13.33164],[-16.5818,13.33034],[-16.59606,13.33034],[-16.59606,13.33071],[-16.59564,13.33072],[-16.59414,13.33101],[-16.59313,13.33128],[-16.59222,13.33147],[-16.58616,13.33232],[-16.58292,13.33381],[-16.58198,13.33175],[-16.5818,13.33164]]]},"properties":{"region":"Western","district":"Kombo Central","floods_1m":1,"floods_2m":1,"floods_3m":1,"first_flood_m":1,"nests":true,"area_km2":0.283}},{"type":"Feature","geometry":{"type":"Polygon","coordinates":[[[-16.63883,13.18776],[-16.65309,13.18776],[-16.65309,13.20202],[-16.63883,13.20202],[-16.63883,13.18776]]]},"properties":{"region":"Western","district":"Kombo Central","floods_1m":0,"floods_2m":0,"floods_3m":1,"first_flood_m":3,"nests":true,"area_km2":2.448}},{"type":"Feature","geometry":{"type":"Polygon","coordinates":[[[-16.57981,13.33039],[-16.57988,13.33034],[-16.5818,13.33034],[-16.5818,13.33164],[-16.57981,13.33039]]]},"properties":{"region":"Western","district":"Kombo Central","floods_1m":1,"floods_2m":1,"floods_3m":1,"first_flood_m":1,"nests":true,"area_km2":0.016}},{"type":"Feature","geometry":{"type":"Polygon","coordinates":[[[-16.58797,13.28757],[-16.59606,13.28757],[-16.59606,13.30182],[-16.58814,13.30182],[-16.58811,13.3007],[-16.58836,13.29763],[-16.5882,13.29463],[-16.58799,13.29084],[-16.58791,13.28822],[-16.58797,13.28757]]]},"properties":{"region":"Western","district":"Kombo Central","floods_1m":1,"floods_2m":1,"floods_3m":1,"first_flood_m":1,"nests":true,"area_km2":1.359}},{"type":"Feature","geometry":{"type":"Polygon","coordinates":[[[-16.59606,13.30182],[-16.61031,13.30182],[-16.61031,13.31608],[-16.59606,13.31608],[-16.59606,13.30182]]]},"properties":{"region":"Western","district":"Kombo Central","floods_1m":1,"floods_2m":1,"floods_3m":1,"first_flood_m":1,"nests":true,"area_km2":2.445}},{"type":"Feature","geometry":{"type":"Polygon","coordinates":[[[-16.59606,13.28757],[-16.61031,13.28757],[-16.61031,13.30182],[-16.59606,13.30182],[-16.59606,13.28757]]]},"properties":{"region":"Western","district":"Kombo Central","floods_1m":1,"floods_2m":1,"floods_3m":1,"first_flood_m":1,"nests":true,"area_km2":2.443}},{"type":"Feature","geometry":{"type":"Polygon","coordinates":[[[-16.57988,13.33034],[-16.5818,13.32903],[-16.5818,13.33034],[-16.57988,13.33034]]]},"properties":{"region":"Western","district":"Kombo Central","floods_1m":0,"floods_2m":1,"floods_3m":1,"first_flood_m":2,"nests":true,"area_km2":0.015}},{"type":"Feature","geometry":{"type":"Polygon","coordinates":[[[-16.49625,13.23053],[-16.51051,13.23053],[-16.51051,13.24479],[-16.49625,13.24479],[-16.49625,13.23053]]]},"properties":{"region":"Western","district":"Kombo East","floods_1m":1,"floods_2m":1,"floods_3m":1,"first_flood_m":1,"nests":true,"area_km2":2.447}},{"type":"Feature","geometry":{"type":"Polygon","coordinates":[[[-16.51051,13.27331],[-16.52477,13.27331],[-16.52477,13.28757],[-16.51051,13.28757],[-16.51051,13.27331]]]},"properties":{"region":"Western","district":"Kombo East","floods_1m":1,"floods_2m":1,"floods_3m":1,"first_flood_m":1,"nests":true,"area_km2":2.447}},{"type":"Feature","geometry":{"type":"Polygon","coordinates":[[[-16.4107,13.25303],[-16.41081,13.25291],[-16.41167,13.25197],[-16.41285,13.25059],[-16.41403,13.24893],[-16.41524,13.24732],[-16.4161,13.24532],[-16.41609,13.24479],[-16.42496,13.24479],[-16.42496,13.25905],[-16.4107,13.25905],[-16.4107,13.25303]]]},"properties":{"region":"Western","district":"Kombo East","floods_1m":1,"floods_2m":1,"floods_3m":1,"first_flood_m":1,"nests":true,"area_km2":2.13}},{"type":"Feature","geometry":{"type":"Polygon","coordinates":[[[-16.56151,13.30182],[-16.56754,13.30182],[-16.56754,13.30724],[-16.56718,13.30672],[-16.56151,13.30182]]]},"properties":{"region":"Western","district":"Kombo East","floods_1m":0,"floods_2m":1,"floods_3m":1,"first_flood_m":2,"nests":true,"area_km2":0.19}},{"type":"Feature","geometry":{"type":"Polygon","coordinates":[[[-16.53902,13.27331],[-16.55328,13.27331],[-16.55328,13.28757],[-16.53902,13.28757],[-16.53902,13.27331]]]},"properties":{"region":"Western","district":"Kombo East","floods_1m":1,"floods_2m":1,"floods_3m":1,"first_flood_m":1,"nests":true,"area_km2":2.447}},{"type":"Feature","geometry":{"type":"Polygon","coordinates":[[[-16.48199,13.25905],[-16.49625,13.25905],[-16.49625,13.27331],[-16.48199,13.27331],[-16.48199,13.25905]]]},"properties":{"region":"Western","district":"Kombo East","floods_1m":1,"floods_2m":1,"floods_3m":1,"first_flood_m":1,"nests":true,"area_km2":2.447}},{"type":"Feature","geometry":{"type":"Polygon","coordinates":[[[-16.42496,13.24479],[-16.43922,13.24479],[-16.43922,13.25905],[-16.42496,13.25905],[-16.42496,13.24479]]]},"properties":{"region":"Western","district":"Kombo East","floods_1m":1,"floods_2m":1,"floods_3m":1,"first_flood_m":1,"nests":true,"area_km2":2.447}},{"type":"Feature","geometry":{"type":"Polygon","coordinates":[[[-16.48199,13.23053],[-16.49625,13.23053],[-16.49625,13.24479],[-16.48199,13.24479],[-16.48199,13.23053]]]},"properties":{"region":"Western","district":"Kombo East","floods_1m":1,"floods_2m":1,"floods_3m":1,"first_flood_m":1,"nests":true,"area_km2":2.447}},{"type":"Feature","geometry":{"type":"Polygon","coordinates":[[[-16.42496,13.20202],[-16.43922,13.20202],[-16.43922,13.21628],[-16.42496,13.21628],[-16.42496,13.20202]]]},"properties":{"region":"Western","district":"Kombo East","floods_1m":0,"floods_2m":1,"floods_3m":1,"first_flood_m":2,"nests":true,"area_km2":2.448}},{"type":"Feature","geometry":{"type":"Polygon","coordinates":[[[-16.42496,13.21628],[-16.43922,13.21628],[-16.43922,13.23053],[-16.42496,13.23053],[-16.42496,13.21628]]]},"properties":{"region":"Western","district":"Kombo East","floods_1m":0,"floods_2m":1,"floods_3m":1,"first_flood_m":2,"nests":true,"area_km2":2.446}},{"type":"Feature","geometry":{"type":"Polygon","coordinates":[[[-16.5818,13.31608],[-16.58503,13.31608],[-16.5857,13.31668],[-16.58607,13.31792],[-16.58586,13.31936],[-16.58562,13.32131],[-16.58549,13.32499],[-16.58554,13.32646],[-16.5818,13.32903],[-16.5818,13.31608]]]},"properties":{"region":"Western","district":"Kombo East","floods_1m":1,"floods_2m":1,"floods_3m":1,"first_flood_m":1,"nests":true,"area_km2":0.541}},{"type":"Feature","geometry":{"type":"Polygon","coordinates":[[[-16.43922,13.18776],[-16.45348,13.18776],[-16.45348,13.20202],[-16.43922,13.20202],[-16.43922,13.18776]]]},"properties":{"region":"Western","district":"Kombo East","floods_1m":0,"floods_2m":0,"floods_3m":1,"first_flood_m":3,"nests":true,"area_km2":2.448}},{"type":"Feature","geometry":{"type":"Polygon","coordinates":[[[-16.46773,13.24479],[-16.48199,13.24479],[-16.48199,13.25905],[-16.46773,13.25905],[-16.46773,13.24479]]]},"properties":{"region":"Western","district":"Kombo East","floods_1m":1,"floods_2m":1,"floods_3m":1,"first_flood_m":1,"nests":true,"area_km2":2.447}},{"type":"Feature","geometry":{"type":"Polygon","coordinates":[[[-16.49625,13.25905],[-16.51051,13.25905],[-16.51051,13.27331],[-16.49625,13.27331],[-16.49625,13.25905]]]},"properties":{"region":"Western","district":"Kombo East","floods_1m":1,"floods_2m":1,"floods_3m":1,"first_flood_m":1,"nests":true,"area_km2":2.447}},{"type":"Feature","geometry":{"type":"Polygon","coordinates":[[[-16.43922,13.25905],[-16.45348,13.25905],[-16.45348,13.26911],[-16.43922,13.27082],[-16.43922,13.25905]]]},"properties":{"region":"Western","district":"Kombo East","floods_1m":1,"floods_2m":1,"floods_3m":1,"first_flood_m":1,"nests":true,"area_km2":1.873}},{"type":"Feature","geometry":{"type":"Polygon","coordinates":[[[-16.4107,13.25303],[-16.4107,13.25905],[-16.40752,13.25905],[-16.40743,13.25876],[-16.40779,13.25727],[-16.40836,13.2558],[-16.40948,13.25437],[-16.4107,13.25303]]]},"properties":{"region":"Western","district":"Kombo East","floods_1m":1,"floods_2m":1,"floods_3m":1,"first_flood_m":1,"nests":true,"area_km2":0.154}},{"type":"Feature","geometry":{"type":"Polygon","coordinates":[[[-16.50877,13.28757],[-16.51051,13.28757],[-16.51051,13.28788],[-16.50877,13.28757]]]},"properties":{"region":"Western","district":"Kombo East","floods_1m":0,"floods_2m":1,"floods_3m":1,"first_flood_m":2,"nests":true,"area_km2":0.003}},{"type":"Feature","geometry":{"type":"Polygon","coordinates":[[[-16.46773,13.23053],[-16.48199,13.23053],[-16.48199,13.24479],[-16.46773,13.24479],[-16.46773,13.23053]]]},"properties":{"region":"Western","district":"Kombo East","floods_1m":1,"floods_2m":1,"floods_3m":1,"first_flood_m":1,"nests":true,"area_km2":2.447}},{"type":"Feature","geometry":{"type":"Polygon","coordinates":[[[-16.49625,13.21628],[-16.51051,13.21628],[-16.51051,13.23053],[-16.49625,13.23053],[-16.49625,13.21628]]]},"properties":{"region":"Western","district":"Kombo East","floods_1m":0,"floods_2m":1,"floods_3m":1,"first_flood_m":2,"nests":true,"area_km2":2.446}},{"type":"Feature","geometry":{"type":"Polygon","coordinates":[[[-16.45348,13.23053],[-16.46773,13.23053],[-16.46773,13.24479],[-16.45348,13.24479],[-16.45348,13.23053]]]},"properties":{"region":"Western","district":"Kombo East","floods_1m":1,"floods_2m":1,"floods_3m":1,"first_flood_m":1,"nests":true,"area_km2":2.446}},{"type":"Feature","geometry":{"type":"Polygon","coordinates":[[[-16.56754,13.30724],[-16.56754,13.30182],[-16.5818,13.30182],[-16.5818,13.30371],[-16.58127,13.30372],[-16.58054,13.30406],[-16.57992,13.30472],[-16.57938,13.3054],[-16.579,13.30624],[-16.57864,13.30792],[-16.5784,13.30926],[-16.5784,13.31039],[-16.57871,13.31274],[-16.57962,13.3136],[-16.58109,13.31444],[-16.5818,13.31473],[-16.5818,13.31608],[-16.57353,13.31608],[-16.57346,13.31581],[-16.56754,13.30724]]]},"properties":{"region":"Western","district":"Kombo East","floods_1m":1,"floods_2m":1,"floods_3m":1,"first_flood_m":1,"nests":true,"area_km2":1.768}},{"type":"Feature","geometry":{"type":"Polygon","coordinates":[[[-16.43922,13.24479],[-16.45348,13.24479],[-16.45348,13.25905],[-16.43922,13.25905],[-16.43922,13.24479]]]},"properties":{"region":"Western","district":"Kombo East","floods_1m":1,"floods_2m":1,"floods_3m":1,"first_flood_m":1,"nests":true,"area_km2":2.447}},{"type":"Feature","geometry":{"type":"Polygon","coordinates":[[[-16.46458,13.27331],[-16.46773,13.27331],[-16.46773,13.27662],[-16.46705,13.27583],[-16.46465,13.27334],[-16.46458,13.27331]]]},"properties":{"region":"Western","district":"Kombo East","floods_1m":1,"floods_2m":1,"floods_3m":1,"first_flood_m":1,"nests":true,"area_km2":0.061}},{"type":"Feature","geometry":{"type":"Polygon","coordinates":[[[-16.53902,13.25905],[-16.55328,13.25905],[-16.55328,13.27331],[-16.53902,13.27331],[-16.53902,13.25905]]]},"properties":{"region":"Western","district":"Kombo East","floods_1m":0,"floods_2m":1,"floods_3m":1,"first_flood_m":2,"nests":true,"area_km2":2.447}},{"type":"Feature","geometry":{"type":"Polygon","coordinates":[[[-16.45348,13.24479],[-16.46773,13.24479],[-16.46773,13.25905],[-16.45348,13.25905],[-16.45348,13.24479]]]},"properties":{"region":"Western","district":"Kombo East","floods_1m":1,"floods_2m":1,"floods_3m":1,"first_flood_m":1,"nests":true,"area_km2":2.446}},{"type":"Feature","geometry":{"type":"Polygon","coordinates":[[[-16.4141,13.23053],[-16.42496,13.23053],[-16.42496,13.24479],[-16.41609,13.24479],[-16.41603,13.24164],[-16.41571,13.23907],[-16.41546,13.23735],[-16.41537,13.23545],[-16.415,13.23341],[-16.41457,13.23139],[-16.4141,13.23053]]]},"properties":{"region":"Western","district":"Kombo East","floods_1m":1,"floods_2m":1,"floods_3m":1,"first_flood_m":1,"nests":true,"area_km2":1.628}},{"type":"Feature","geometry":{"type":"Polygon","coordinates":[[[-16.48199,13.28195],[-16.48199,13.27331],[-16.49625,13.27331],[-16.49625,13.28491],[-16.48525,13.28264],[-16.48199,13.28195]]]},"properties":{"region":"Western","district":"Kombo East","floods_1m":1,"floods_2m":1,"floods_3m":1,"first_flood_m":1,"nests":true,"area_km2":1.738}},{"type":"Feature","geometry":{"type":"Polygon","coordinates":[[[-16.43922,13.21628],[-16.45348,13.21628],[-16.45348,13.23053],[-16.43922,13.23053],[-16.43922,13.21628]]]},"properties":{"region":"Western","district":"Kombo East","floods_1m":1,"floods_2m":1,"floods_3m":1,"first_flood_m":1,"nests":true,"area_km2":2.446}},{"type":"Feature","geometry":{"type":"Polygon","coordinates":[[[-16.46773,13.27662],[-16.46773,13.27331],[-16.48199,13.27331],[-16.48199,13.28195],[-16.47017,13.27945],[-16.46773,13.27662]]]},"properties":{"region":"Western","district":"Kombo East","floods_1m":1,"floods_2m":1,"floods_3m":1,"first_flood_m":1,"nests":true,"area_km2":1.19}},{"type":"Feature","geometry":{"type":"Polygon","coordinates":[[[-16.40752,13.25905],[-16.4107,13.25905],[-16.4107,13.26216],[-16.41063,13.26214],[-16.40916,13.26167],[-16.40804,13.26092],[-16.40775,13.25985],[-16.40752,13.25905]]]},"properties":{"region":"Western","district":"Kombo East","floods_1m":1,"floods_2m":1,"floods_3m":1,"first_flood_m":1,"nests":true,"area_km2":0.089}},{"type":"Feature","geometry":{"type":"Polygon","coordinates":[[[-16.46773,13.21628],[-16.48199,13.21628],[-16.48199,13.23053],[-16.46773,13.23053],[-16.46773,13.21628]]]},"properties":{"region":"Western","district":"Kombo East","floods_1m":0,"floods_2m":1,"floods_3m":1,"first_flood_m":2,"nests":true,"area_km2":2.446}},{"type":"Feature","geometry":{"type":"Polygon","coordinates":[[[-16.56754,13.28757],[-16.5818,13.28757],[-16.5818,13.30182],[-16.56754,13.30182],[-16.56754,13.28757]]]},"properties":{"region":"Western","district":"Kombo East","floods_1m":1,"floods_2m":1,"floods_3m":1,"first_flood_m":1,"nests":true,"area_km2":2.445}},{"type":"Feature","geometry":{"type":"Polygon","coordinates":[[[-16.42496,13.26433],[-16.42496,13.25905],[-16.43922,13.25905],[-16.43922,13.27082],[-16.43225,13.27166],[-16.42862,13.26556],[-16.42668,13.265],[-16.42496,13.26433]]]},"properties":{"region":"Western","district":"Kombo East","floods_1m":1,"floods_2m":1,"floods_3m":1,"first_flood_m":1,"nests":true,"area_km2":1.702}},{"type":"Feature","geometry":{"type":"Polygon","coordinates":[[[-16.45348,13.20202],[-16.46773,13.20202],[-16.46773,13.21628],[-16.45348,13.21628],[-16.45348,13.20202]]]},"properties":{"region":"Western","district":"Kombo East","floods_1m":1,"floods_2m":1,"floods_3m":1,"first_flood_m":1,"nests":true,"area_km2":2.446}},{"type":"Feature","geometry":{"type":"Polygon","coordinates":[[[-16.53902,13.24479],[-16.55328,13.24479],[-16.55328,13.25905],[-16.53902,13.25905],[-16.53902,13.24479]]]},"properties":{"region":"Western","district":"Kombo East","floods_1m":0,"floods_2m":1,"floods_3m":1,"first_flood_m":2,"nests":true,"area_km2":2.447}},{"type":"Feature","geometry":{"type":"Polygon","coordinates":[[[-16.42065,13.18776],[-16.42496,13.18776],[-16.42496,13.20202],[-16.41642,13.20202],[-16.41689,13.20185],[-16.41812,13.20066],[-16.41928,13.19956],[-16.42045,13.19837],[-16.4215,13.19706],[-16.42225,13.1961],[-16.42261,13.19512],[-16.42289,13.19401],[-16.42282,13.19286],[-16.42234,13.19187],[-16.422,13.19089],[-16.42157,13.18973],[-16.42121,13.1888],[-16.42069,13.18788],[-16.42065,13.18776]]]},"properties":{"region":"Western","district":"Kombo East","floods_1m":0,"floods_2m":1,"floods_3m":1,"first_flood_m":2,"nests":true,"area_km2":0.663}},{"type":"Feature","geometry":{"type":"Polygon","coordinates":[[[-16.4107,13.22825],[-16.4107,13.22036],[-16.41075,13.22019],[-16.41096,13.21945],[-16.41167,13.21905],[-16.41264,13.22054],[-16.41322,13.22147],[-16.41422,13.22228],[-16.41519,13.22243],[-16.41637,13.22183],[-16.41705,13.22126],[-16.41734,13.22059],[-16.41755,13.21925],[-16.4175,13.2189],[-16.41679,13.21933],[-16.41632,13.21973],[-16.41581,13.22016],[-16.41496,13.22047],[-16.41422,13.22018],[-16.41367,13.21963],[-16.41314,13.21914],[-16.4127,13.21856],[-16.41226,13.21787],[-16.41179,13.21735],[-16.41091,13.2166],[-16.4107,13.21641],[-16.4107,13.21628],[-16.42496,13.21628],[-16.42496,13.23053],[-16.4141,13.23053],[-16.4136,13.22964],[-16.41184,13.22879],[-16.4107,13.22825]]]},"properties":{"region":"Western","district":"Kombo East","floods_1m":1,"floods_2m":1,"floods_3m":1,"first_flood_m":1,"nests":true,"area_km2":2.214}},{"type":"Feature","geometry":{"type":"Polygon","coordinates":[[[-16.45348,13.18776],[-16.46773,13.18776],[-16.46773,13.20202],[-16.45348,13.20202],[-16.45348,13.18776]]]},"properties":{"region":"Western","district":"Kombo East","floods_1m":0,"floods_2m":0,"floods_3m":1,"first_flood_m":3,"nests":true,"area_km2":2.446}},{"type":"Feature","geometry":{"type":"Polygon","coordinates":[[[-16.46458,13.27331],[-16.45518,13.2689],[-16.45348,13.26911],[-16.45348,13.25905],[-16.46773,13.25905],[-16.46773,13.27331],[-16.46458,13.27331]]]},"properties":{"region":"Western","district":"Kombo East","floods_1m":1,"floods_2m":1,"floods_3m":1,"first_flood_m":1,"nests":true,"area_km2":2.108}},{"type":"Feature","geometry":{"type":"Polygon","coordinates":[[[-16.43922,13.23053],[-16.45348,13.23053],[-16.45348,13.24479],[-16.43922,13.24479],[-16.43922,13.23053]]]},"properties":{"region":"Western","district":"Kombo East","floods_1m":1,"floods_2m":1,"floods_3m":1,"first_flood_m":1,"nests":true,"area_km2":2.447}},{"type":"Feature","geometry":{"type":"Polygon","coordinates":[[[-16.52477,13.24479],[-16.53902,13.24479],[-16.53902,13.25905],[-16.52477,13.25905],[-16.52477,13.24479]]]},"properties":{"region":"Western","district":"Kombo East","floods_1m":0,"floods_2m":1,"floods_3m":1,"first_flood_m":2,"nests":true,"area_km2":2.446}},{"type":"Feature","geometry":{"type":"Polygon","coordinates":[[[-16.4107,13.26216],[-16.4107,13.25905],[-16.42496,13.25905],[-16.42496,13.26433],[-16.42445,13.26413],[-16.42262,13.26363],[-16.42113,13.26334],[-16.41974,13.26313],[-16.4183,13.26292],[-16.41698,13.26286],[-16.41566,13.26288],[-16.41404,13.26276],[-16.41228,13.26249],[-16.4107,13.26216]]]},"properties":{"region":"Western","district":"Kombo East","floods_1m":1,"floods_2m":1,"floods_3m":1,"first_flood_m":1,"nests":true,"area_km2":0.69}},{"type":"Feature","geometry":{"type":"Polygon","coordinates":[[[-16.46773,13.20202],[-16.48199,13.20202],[-16.48199,13.21628],[-16.46773,13.21628],[-16.46773,13.20202]]]},"properties":{"region":"Western","district":"Kombo East","floods_1m":1,"floods_2m":1,"floods_3m":1,"first_flood_m":1,"nests":true,"area_km2":2.448}},{"type":"Feature","geometry":{"type":"MultiPolygon","coordinates":[[[[-16.5818,13.31473],[-16.58238,13.31497],[-16.58379,13.31541],[-16.58476,13.31584],[-16.58503,13.31608],[-16.5818,13.31608],[-16.5818,13.31473]]],[[[-16.5818,13.30371],[-16.5818,13.30182],[-16.58814,13.30182],[-16.58828,13.30737],[-16.58741,13.30723],[-16.58679,13.30625],[-16.58612,13.30527],[-16.58536,13.30463],[-16.58436,13.30414],[-16.58345,13.30388],[-16.58236,13.3037],[-16.5818,13.30371]]]]},"properties":{"region":"Western","district":"Kombo East","floods_1m":1,"floods_2m":1,"floods_3m":1,"first_flood_m":1,"nests":true,"area_km2":0.273}},{"type":"Feature","geometry":{"type":"MultiPolygon","coordinates":[[[[-16.4107,13.22036],[-16.4107,13.22825],[-16.40978,13.22781],[-16.40829,13.22714],[-16.40685,13.22664],[-16.40567,13.22618],[-16.40482,13.22548],[-16.40429,13.22462],[-16.4045,13.22358],[-16.40501,13.22269],[-16.40583,13.22212],[-16.40734,13.22181],[-16.40845,13.22193],[-16.40992,13.22174],[-16.41049,13.22111],[-16.4107,13.22036]]],[[[-16.41056,13.21628],[-16.4107,13.21628],[-16.4107,13.21641],[-16.41056,13.21628]]]]},"properties":{"region":"Western","district":"Kombo East","floods_1m":0,"floods_2m":1,"floods_3m":1,"first_flood_m":2,"nests":true,"area_km2":0.367}},{"type":"Feature","geometry":{"type":"Polygon","coordinates":[[[-16.45348,13.21628],[-16.46773,13.21628],[-16.46773,13.23053],[-16.45348,13.23053],[-16.45348,13.21628]]]},"properties":{"region":"Western","district":"Kombo East","floods_1m":1,"floods_2m":1,"floods_3m":1,"first_flood_m":1,"nests":true,"area_km2":2.444}},{"type":"Feature","geometry":{"type":"Polygon","coordinates":[[[-16.52477,13.25905],[-16.53902,13.25905],[-16.53902,13.27331],[-16.52477,13.27331],[-16.52477,13.25905]]]},"properties":{"region":"Western","district":"Kombo East","floods_1m":1,"floods_2m":1,"floods_3m":1,"first_flood_m":1,"nests":true,"area_km2":2.445}},{"type":"Feature","geometry":{"type":"Polygon","coordinates":[[[-16.49625,13.28491],[-16.49625,13.27331],[-16.51051,13.27331],[-16.51051,13.28757],[-16.50877,13.28757],[-16.50629,13.28712],[-16.49657,13.28497],[-16.49625,13.28491]]]},"properties":{"region":"Western","district":"Kombo East","floods_1m":1,"floods_2m":1,"floods_3m":1,"first_flood_m":1,"nests":true,"area_km2":2.252}},{"type":"Feature","geometry":{"type":"Polygon","coordinates":[[[-16.42496,13.23053],[-16.43922,13.23053],[-16.43922,13.24479],[-16.42496,13.24479],[-16.42496,13.23053]]]},"properties":{"region":"Western","district":"Kombo East","floods_1m":1,"floods_2m":1,"floods_3m":1,"first_flood_m":1,"nests":true,"area_km2":2.447}},{"type":"Feature","geometry":{"type":"Polygon","coordinates":[[[-16.49625,13.24479],[-16.51051,13.24479],[-16.51051,13.25905],[-16.49625,13.25905],[-16.49625,13.24479]]]},"properties":{"region":"Western","district":"Kombo East","floods_1m":1,"floods_2m":1,"floods_3m":1,"first_flood_m":1,"nests":true,"area_km2":2.447}},{"type":"Feature","geometry":{"type":"Polygon","coordinates":[[[-16.55328,13.29559],[-16.55328,13.28757],[-16.56754,13.28757],[-16.56754,13.30182],[-16.56151,13.30182],[-16.55596,13.29703],[-16.55328,13.29559]]]},"properties":{"region":"Western","district":"Kombo East","floods_1m":1,"floods_2m":1,"floods_3m":1,"first_flood_m":1,"nests":true,"area_km2":2.108}},{"type":"Feature","geometry":{"type":"Polygon","coordinates":[[[-16.52477,13.28965],[-16.52477,13.28757],[-16.53902,13.28757],[-16.53902,13.29013],[-16.53751,13.28977],[-16.52477,13.28965]]]},"properties":{"region":"Western","district":"Kombo East","floods_1m":1,"floods_2m":1,"floods_3m":1,"first_flood_m":1,"nests":true,"area_km2":0.371}},{"type":"Feature","geometry":{"type":"Polygon","coordinates":[[[-16.48199,13.21628],[-16.49625,13.21628],[-16.49625,13.23053],[-16.48199,13.23053],[-16.48199,13.21628]]]},"properties":{"region":"Western","district":"Kombo East","floods_1m":0,"floods_2m":1,"floods_3m":1,"first_flood_m":2,"nests":true,"area_km2":2.446}},{"type":"Feature","geometry":{"type":"Polygon","coordinates":[[[-16.43922,13.20202],[-16.45348,13.20202],[-16.45348,13.21628],[-16.43922,13.21628],[-16.43922,13.20202]]]},"properties":{"region":"Western","district":"Kombo East","floods_1m":0,"floods_2m":0,"floods_3m":1,"first_flood_m":3,"nests":true,"area_km2":2.448}},{"type":"Feature","geometry":{"type":"Polygon","coordinates":[[[-16.4107,13.21476],[-16.41116,13.21427],[-16.4114,13.21335],[-16.41134,13.21255],[-16.41167,13.21174],[-16.41211,13.21157],[-16.41255,13.21117],[-16.41288,13.2106],[-16.41306,13.21002],[-16.41368,13.20916],[-16.41427,13.20899],[-16.41491,13.20897],[-16.41583,13.2088],[-16.41677,13.20869],[-16.4178,13.20829],[-16.41836,13.20778],[-16.41851,13.2074],[-16.41828,13.20657],[-16.41799,13.20571],[-16.41743,13.20516],[-16.41702,13.2049],[-16.41628,13.20432],[-16.41579,13.20365],[-16.41547,13.2029],[-16.41524,13.20244],[-16.41642,13.20202],[-16.42496,13.20202],[-16.42496,13.21628],[-16.4107,13.21628],[-16.4107,13.21476]]]},"properties":{"region":"Western","district":"Kombo East","floods_1m":1,"floods_2m":1,"floods_3m":1,"first_flood_m":1,"nests":true,"area_km2":1.82}},{"type":"Feature","geometry":{"type":"Polygon","coordinates":[[[-16.52477,13.27331],[-16.53902,13.27331],[-16.53902,13.28757],[-16.52477,13.28757],[-16.52477,13.27331]]]},"properties":{"region":"Western","district":"Kombo East","floods_1m":1,"floods_2m":1,"floods_3m":1,"first_flood_m":1,"nests":true,"area_km2":2.445}},{"type":"Feature","geometry":{"type":"Polygon","coordinates":[[[-16.57973,13.33034],[-16.57988,13.33034],[-16.57981,13.33039],[-16.57973,13.33034]]]},"properties":{"region":"Western","district":"Kombo East","floods_1m":0,"floods_2m":1,"floods_3m":1,"first_flood_m":2,"nests":true,"area_km2":0.0}},{"type":"Feature","geometry":{"type":"Polygon","coordinates":[[[-16.51051,13.28788],[-16.51051,13.28757],[-16.52477,13.28757],[-16.52477,13.28965],[-16.52013,13.28961],[-16.51051,13.28788]]]},"properties":{"region":"Western","district":"Kombo East","floods_1m":1,"floods_2m":1,"floods_3m":1,"first_flood_m":1,"nests":true,"area_km2":0.251}},{"type":"Feature","geometry":{"type":"Polygon","coordinates":[[[-16.51051,13.25905],[-16.52477,13.25905],[-16.52477,13.27331],[-16.51051,13.27331],[-16.51051,13.25905]]]},"properties":{"region":"Western","district":"Kombo East","floods_1m":1,"floods_2m":1,"floods_3m":1,"first_flood_m":1,"nests":true,"area_km2":2.447}},{"type":"Feature","geometry":{"type":"Polygon","coordinates":[[[-16.5818,13.28757],[-16.58797,13.28757],[-16.58791,13.28822],[-16.58799,13.29084],[-16.5882,13.29463],[-16.58836,13.29763],[-16.58811,13.3007],[-16.58814,13.30182],[-16.5818,13.30182],[-16.5818,13.28757]]]},"properties":{"region":"Western","district":"Kombo East","floods_1m":0,"floods_2m":1,"floods_3m":1,"first_flood_m":2,"nests":true,"area_km2":1.086}},{"type":"Feature","geometry":{"type":"Polygon","coordinates":[[[-16.57973,13.33034],[-16.57698,13.32862],[-16.57522,13.32244],[-16.57353,13.31608],[-16.5818,13.31608],[-16.5818,13.32903],[-16.57988,13.33034],[-16.57973,13.33034]]]},"properties":{"region":"Western","district":"Kombo East","floods_1m":1,"floods_2m":1,"floods_3m":1,"first_flood_m":1,"nests":true,"area_km2":1.048}},{"type":"Feature","geometry":{"type":"Polygon","coordinates":[[[-15.89742,13.37311],[-15.91167,13.37311],[-15.91167,13.38069],[-15.91167,13.38737],[-15.89742,13.38737],[-15.89742,13.38069],[-15.89742,13.37311]]]},"properties":{"region":"Lower River","district":"Kiang West","floods_1m":0,"floods_2m":0,"floods_3m":1,"first_flood_m":3,"nests":true,"area_km2":2.444}},{"type":"Feature","geometry":{"type":"Polygon","coordinates":[[[-16.08277,13.4053],[-16.08277,13.40163],[-16.09703,13.40163],[-16.09703,13.40746],[-16.08277,13.4053]]]},"properties":{"region":"Lower River","district":"Kiang West","floods_1m":1,"floods_2m":1,"floods_3m":1,"first_flood_m":1,"nests":true,"area_km2":0.815}},{"type":"Feature","geometry":{"type":"Polygon","coordinates":[[[-16.08277,13.30182],[-16.09703,13.30182],[-16.09703,13.31608],[-16.08277,13.31608],[-16.08277,13.30182]]]},"properties":{"region":"Lower River","district":"Kiang West","floods_1m":1,"floods_2m":1,"floods_3m":1,"first_flood_m":1,"nests":true,"area_km2":2.447}},{"type":"Feature","geometry":{"type":"Polygon","coordinates":[[[-16.01148,13.30182],[-16.02574,13.30182],[-16.02574,13.31608],[-16.01148,13.31608],[-16.01148,13.30182]]]},"properties":{"region":"Lower River","district":"Kiang West","floods_1m":1,"floods_2m":1,"floods_3m":1,"first_flood_m":1,"nests":true,"area_km2":2.447}},{"type":"Feature","geometry":{"type":"Polygon","coordinates":[[[-15.89742,13.38737],[-15.91167,13.38737],[-15.91167,13.40163],[-15.89742,13.40163],[-15.89742,13.38737]]]},"properties":{"region":"Lower River","district":"Kiang West","floods_1m":1,"floods_2m":1,"floods_3m":1,"first_flood_m":1,"nests":true,"area_km2":2.444}},{"type":"Feature","geometry":{"type":"Polygon","coordinates":[[[-16.01148,13.2953],[-16.01153,13.29532],[-16.01279,13.29541],[-16.01382,13.29518],[-16.01535,13.29417],[-16.01667,13.29259],[-16.01737,13.29141],[-16.01775,13.29034],[-16.01813,13.28939],[-16.01836,13.28842],[-16.01856,13.28757],[-16.02574,13.28757],[-16.02574,13.30182],[-16.01148,13.30182],[-16.01148,13.2953]]]},"properties":{"region":"Lower River","district":"Kiang West","floods_1m":1,"floods_2m":1,"floods_3m":1,"first_flood_m":1,"nests":true,"area_km2":1.936}},{"type":"Feature","geometry":{"type":"Polygon","coordinates":[[[-16.04,13.37311],[-16.05425,13.37311],[-16.05425,13.38069],[-16.05425,13.38737],[-16.04,13.38737],[-16.04,13.38069],[-16.04,13.37311]]]},"properties":{"region":"Lower River","district":"Kiang West","floods_1m":0,"floods_2m":1,"floods_3m":1,"first_flood_m":2,"nests":true,"area_km2":2.444}},{"type":"Feature","geometry":{"type":"Polygon","coordinates":[[[-15.92593,13.41589],[-15.94019,13.41589],[-15.94019,13.4194],[-15.9381,13.41952],[-15.92593,13.42019],[-15.92593,13.41589]]]},"properties":{"region":"Lower River","district":"Kiang West","floods_1m":0,"floods_2m":1,"floods_3m":1,"first_flood_m":2,"nests":true,"area_km2":0.67}},{"type":"Feature","geometry":{"type":"Polygon","coordinates":[[[-16.06851,13.27331],[-16.07313,13.27331],[-16.0729,13.27474],[-16.07335,13.276],[-16.074,13.27698],[-16.07553,13.27738],[-16.0767,13.27721],[-16.07812,13.27715],[-16.08029,13.27761],[-16.08212,13.27803],[-16.08277,13.27801],[-16.08277,13.28757],[-16.06851,13.28757],[-16.06851,13.27331]]]},"properties":{"region":"Lower River","district":"Kiang West","floods_1m":1,"floods_2m":1,"floods_3m":1,"first_flood_m":1,"nests":true,"area_km2":1.977}},{"type":"Feature","geometry":{"type":"Polygon","coordinates":[[[-15.85464,13.38737],[-15.8689,13.38737],[-15.8689,13.40163],[-15.85464,13.40163],[-15.85464,13.38737]]]},"properties":{"region":"Lower River","district":"Kiang West","floods_1m":0,"floods_2m":0,"floods_3m":1,"first_flood_m":3,"nests":true,"area_km2":2.446}},{"type":"Feature","geometry":{"type":"Polygon","coordinates":[[[-16.02574,13.33034],[-16.04,13.33034],[-16.04,13.3446],[-16.02574,13.3446],[-16.02574,13.33034]]]},"properties":{"region":"Lower River","district":"Kiang West","floods_1m":0,"floods_2m":0,"floods_3m":1,"first_flood_m":3,"nests":true,"area_km2":2.446}},{"type":"Feature","geometry":{"type":"Polygon","coordinates":[[[-16.06851,13.40454],[-16.06851,13.40163],[-16.08277,13.40163],[-16.08277,13.4053],[-16.07828,13.40462],[-16.07195,13.40366],[-16.06851,13.40454]]]},"properties":{"region":"Lower River","district":"Kiang West","floods_1m":0,"floods_2m":1,"floods_3m":1,"first_flood_m":2,"nests":true,"area_km2":0.473}},{"type":"Feature","geometry":{"type":"Polygon","coordinates":[[[-15.84038,13.27331],[-15.85464,13.27331],[-15.85464,13.28757],[-15.84038,13.28757],[-15.84038,13.27331]]]},"properties":{"region":"Lower River","district":"Kiang West","floods_1m":1,"floods_2m":1,"floods_3m":1,"first_flood_m":1,"nests":true,"area_km2":2.447}},{"type":"Feature","geometry":{"type":"Polygon","coordinates":[[[-15.88316,13.2672],[-15.88393,13.2666],[-15.88593,13.26563],[-15.88852,13.26442],[-15.88999,13.26392],[-15.8922,13.2635],[-15.89408,13.26451],[-15.89528,13.26521],[-15.8964,13.26562],[-15.89693,13.26565],[-15.89742,13.26556],[-15.89742,13.27331],[-15.88316,13.27331],[-15.88316,13.2672]]]},"properties":{"region":"Lower River","district":"Kiang West","floods_1m":1,"floods_2m":1,"floods_3m":1,"first_flood_m":1,"nests":true,"area_km2":1.441}},{"type":"Feature","geometry":{"type":"Polygon","coordinates":[[[-16.21109,13.33034],[-16.22535,13.33034],[-16.22535,13.3446],[-16.21109,13.3446],[-16.21109,13.33034]]]},"properties":{"region":"Lower River","district":"Kiang West","floods_1m":1,"floods_2m":1,"floods_3m":1,"first_flood_m":1,"nests":true,"area_km2":2.446}},{"type":"Feature","geometry":{"type":"Polygon","coordinates":[[[-15.99871,13.28757],[-15.99895,13.2872],[-16.00025,13.28579],[-16.00298,13.28481],[-16.00524,13.2855],[-16.00729,13.28757],[-15.99871,13.28757]]]},"properties":{"region":"Lower River","district":"Kiang West","floods_1m":1,"floods_2m":1,"floods_3m":1,"first_flood_m":1,"nests":true,"area_km2":0.183}},{"type":"Feature","geometry":{"type":"Polygon","coordinates":[[[-16.19683,13.31608],[-16.21109,13.31608],[-16.21109,13.33034],[-16.19683,13.33034],[-16.19683,13.31608]]]},"properties":{"region":"Lower River","district":"Kiang West","floods_1m":1,"floods_2m":1,"floods_3m":1,"first_flood_m":1,"nests":true,"area_km2":2.447}},{"type":"Feature","geometry":{"type":"MultiPolygon","coordinates":[[[[-16.17678,13.25905],[-16.17433,13.25905],[-16.17489,13.25901],[-16.17678,13.25905]]],[[[-16.1812,13.25905],[-16.17681,13.25905],[-16.17816,13.25888],[-16.17951,13.25889],[-16.18051,13.25892],[-16.1812,13.25905]]]]},"properties":{"region":"Lower River","district":"Kiang West","floods_1m":0,"floods_2m":1,"floods_3m":1,"first_flood_m":2,"nests":true,"area_km2":0.007}},{"type":"Feature","geometry":{"type":"Polygon","coordinates":[[[-15.92593,13.31608],[-15.94019,13.31608],[-15.94019,13.33034],[-15.92593,13.33034],[-15.92593,13.31608]]]},"properties":{"region":"Lower River","district":"Kiang West","floods_1m":0,"floods_2m":0,"floods_3m":1,"first_flood_m":3,"nests":true,"area_km2":2.447}},{"type":"Feature","geometry":{"type":"Polygon","coordinates":[[[-16.22535,13.33034],[-16.23031,13.33034],[-16.22994,13.33116],[-16.22856,13.3446],[-16.22535,13.3446],[-16.22535,13.33034]]]},"properties":{"region":"Lower River","district":"Kiang West","floods_1m":1,"floods_2m":1,"floods_3m":1,"first_flood_m":1,"nests":true,"area_km2":0.678}},{"type":"Feature","geometry":{"type":"MultiPolygon","coordinates":[[[[-16.06851,13.26146],[-16.06964,13.26177],[-16.07032,13.26214],[-16.07076,13.26235],[-16.07106,13.26255],[-16.0715,13.26309],[-16.07206,13.26364],[-16.07285,13.26482],[-16.07315,13.26534],[-16.07339,13.26594],[-16.07389,13.26634],[-16.07371,13.26691],[-16.07377,13.26734],[-16.07374,13.26766],[-16.07377,13.26815],[-16.07357,13.27077],[-16.07317,13.27307],[-16.07313,13.27331],[-16.06851,13.27331],[-16.06851,13.26146]]],[[[-16.08238,13.25905],[-16.08277,13.25905],[-16.08277,13.25924],[-16.08266,13.2592],[-16.08238,13.25905]]]]},"properties":{"region":"Lower River","district":"Kiang West","floods_1m":1,"floods_2m":1,"floods_3m":1,"first_flood_m":1,"nests":true,"area_km2":0.628}},{"type":"Feature","geometry":{"type":"Polygon","coordinates":[[[-15.82613,13.43416],[-15.82613,13.43015],[-15.84038,13.43015],[-15.84038,13.43771],[-15.8338,13.43545],[-15.82613,13.43416]]]},"properties":{"region":"Lower River","district":"Kiang West","floods_1m":0,"floods_2m":1,"floods_3m":1,"first_flood_m":2,"nests":true,"area_km2":0.938}},{"type":"Feature","geometry":{"type":"Polygon","coordinates":[[[-16.19683,13.27331],[-16.21109,13.27331],[-16.21109,13.28459],[-16.2105,13.28583],[-16.20936,13.28757],[-16.19683,13.28757],[-16.19683,13.27331]]]},"properties":{"region":"Lower River","district":"Kiang West","floods_1m":1,"floods_2m":1,"floods_3m":1,"first_flood_m":1,"nests":true,"area_km2":2.418}},{"type":"Feature","geometry":{"type":"Polygon","coordinates":[[[-15.94019,13.28757],[-15.95445,13.28757],[-15.95445,13.28956],[-15.95444,13.28957],[-15.95427,13.29112],[-15.95445,13.29129],[-15.95445,13.30182],[-15.9491,13.30182],[-15.94019,13.30182],[-15.94019,13.28757]]]},"properties":{"region":"Lower River","district":"Kiang West","floods_1m":1,"floods_2m":1,"floods_3m":1,"first_flood_m":1,"nests":true,"area_km2":2.443}},{"type":"Feature","geometry":{"type":"Polygon","coordinates":[[[-15.85464,13.44216],[-15.85464,13.43015],[-15.8689,13.43015],[-15.8689,13.44275],[-15.86071,13.44332],[-15.85464,13.44216]]]},"properties":{"region":"Lower River","district":"Kiang West","floods_1m":1,"floods_2m":1,"floods_3m":1,"first_flood_m":1,"nests":true,"area_km2":2.188}},{"type":"Feature","geometry":{"type":"Polygon","coordinates":[[[-16.18258,13.37311],[-16.19683,13.37311],[-16.19683,13.38069],[-16.19683,13.38276],[-16.19004,13.38737],[-16.18258,13.38737],[-16.18258,13.38069],[-16.18258,13.37311]]]},"properties":{"region":"Lower River","district":"Kiang West","floods_1m":1,"floods_2m":1,"floods_3m":1,"first_flood_m":1,"nests":true,"area_km2":2.256}},{"type":"Feature","geometry":{"type":"Polygon","coordinates":[[[-16.05425,13.27118],[-16.05425,13.27331],[-16.05157,13.27331],[-16.05338,13.27211],[-16.05425,13.27118]]]},"properties":{"region":"Lower River","district":"Kiang West","floods_1m":0,"floods_2m":0,"floods_3m":1,"first_flood_m":3,"nests":true,"area_km2":0.031}},{"type":"Feature","geometry":{"type":"Polygon","coordinates":[[[-16.15406,13.40163],[-16.16832,13.40163],[-16.16832,13.40719],[-16.16739,13.40809],[-16.16256,13.41589],[-16.15406,13.41589],[-16.15406,13.40163]]]},"properties":{"region":"Lower River","district":"Kiang West","floods_1m":1,"floods_2m":1,"floods_3m":1,"first_flood_m":1,"nests":true,"area_km2":2.127}},{"type":"Feature","geometry":{"type":"Polygon","coordinates":[[[-15.82613,13.27331],[-15.84038,13.27331],[-15.84038,13.28757],[-15.82613,13.28757],[-15.82613,13.27331]]]},"properties":{"region":"Lower River","district":"Kiang West","floods_1m":0,"floods_2m":1,"floods_3m":1,"first_flood_m":2,"nests":true,"area_km2":2.445}},{"type":"Feature","geometry":{"type":"Polygon","coordinates":[[[-16.11129,13.27331],[-16.12554,13.27331],[-16.12554,13.28081],[-16.12427,13.28109],[-16.12277,13.28123],[-16.12083,13.28139],[-16.11885,13.2817],[-16.11703,13.28224],[-16.11485,13.28343],[-16.11378,13.28441],[-16.11331,13.28541],[-16.11289,13.28702],[-16.11312,13.28757],[-16.11129,13.28757],[-16.11129,13.27331]]]},"properties":{"region":"Lower River","district":"Kiang West","floods_1m":1,"floods_2m":1,"floods_3m":1,"first_flood_m":1,"nests":true,"area_km2":1.624}},{"type":"Feature","geometry":{"type":"Polygon","coordinates":[[[-16.11129,13.4108],[-16.11129,13.40163],[-16.12554,13.40163],[-16.12554,13.41563],[-16.11129,13.4108]]]},"properties":{"region":"Lower River","district":"Kiang West","floods_1m":0,"floods_2m":0,"floods_3m":1,"first_flood_m":3,"nests":true,"area_km2":1.986}},{"type":"Feature","geometry":{"type":"Polygon","coordinates":[[[-16.06851,13.28757],[-16.08277,13.28757],[-16.08277,13.30182],[-16.06851,13.30182],[-16.06851,13.28757]]]},"properties":{"region":"Lower River","district":"Kiang West","floods_1m":1,"floods_2m":1,"floods_3m":1,"first_flood_m":1,"nests":true,"area_km2":2.445}},{"type":"Feature","geometry":{"type":"Polygon","coordinates":[[[-15.94019,13.27331],[-15.94744,13.27331],[-15.9475,13.2735],[-15.9476,13.27365],[-15.94792,13.27509],[-15.94927,13.27693],[-15.95063,13.27879],[-15.95246,13.28161],[-15.95417,13.28351],[-15.95445,13.28388],[-15.95445,13.28757],[-15.94019,13.28757],[-15.94019,13.27331]]]},"properties":{"region":"Lower River","district":"Kiang West","floods_1m":1,"floods_2m":1,"floods_3m":1,"first_flood_m":1,"nests":true,"area_km2":1.947}},{"type":"Feature","geometry":{"type":"Polygon","coordinates":[[[-16.21109,13.30535],[-16.21158,13.30584],[-16.21325,13.30706],[-16.2151,13.30805],[-16.21677,13.30923],[-16.22535,13.3159],[-16.22535,13.31608],[-16.21109,13.31608],[-16.21109,13.30535]]]},"properties":{"region":"Lower River","district":"Kiang West","floods_1m":1,"floods_2m":1,"floods_3m":1,"first_flood_m":1,"nests":true,"area_km2":0.957}},{"type":"Feature","geometry":{"type":"Polygon","coordinates":[[[-16.21109,13.3446],[-16.22535,13.3446],[-16.22535,13.35886],[-16.21109,13.35886],[-16.21109,13.3446]]]},"properties":{"region":"Lower River","district":"Kiang West","floods_1m":1,"floods_2m":1,"floods_3m":1,"first_flood_m":1,"nests":true,"area_km2":2.446}},{"type":"Feature","geometry":{"type":"MultiPolygon","coordinates":[[[[-15.88316,13.2672],[-15.88316,13.27331],[-15.87995,13.27331],[-15.87982,13.27135],[-15.8803,13.26986],[-15.8818,13.26826],[-15.88316,13.2672]]],[[[-15.8689,13.26603],[-15.87043,13.26643],[-15.87061,13.26645],[-15.87152,13.26698],[-15.87201,13.26778],[-15.87207,13.26859],[-15.87168,13.26982],[-15.87097,13.27051],[-15.87021,13.27131],[-15.86976,13.27223],[-15.86982,13.27324],[-15.86985,13.27331],[-15.8689,13.27331],[-15.8689,13.26603]]]]},"properties":{"region":"Lower River","district":"Kiang West","floods_1m":1,"floods_2m":1,"floods_3m":1,"first_flood_m":1,"nests":true,"area_km2":0.362}},{"type":"Feature","geometry":{"type":"Polygon","coordinates":[[[-15.84038,13.25263],[-15.84038,13.25905],[-15.82831,13.25905],[-15.82943,13.25811],[-15.83035,13.25671],[-15.83059,13.25542],[-15.83027,13.25421],[-15.83004,13.25294],[-15.83048,13.25197],[-15.83122,13.25154],[-15.83234,13.25143],[-15.83372,13.25158],[-15.83457,13.25155],[-15.83554,13.25181],[-15.83613,13.25196],[-15.83672,13.25199],[-15.83786,13.25208],[-15.83954,13.25235],[-15.84038,13.25263]]]},"properties":{"region":"Lower River","district":"Kiang West","floods_1m":1,"floods_2m":1,"floods_3m":1,"first_flood_m":1,"nests":true,"area_km2":0.893}},{"type":"Feature","geometry":{"type":"Polygon","coordinates":[[[-16.08277,13.24835],[-16.08317,13.24822],[-16.08758,13.24718],[-16.09155,13.24681],[-16.09372,13.24683],[-16.09543,13.24709],[-16.09672,13.24706],[-16.09703,13.24708],[-16.09703,13.25905],[-16.08277,13.25905],[-16.08277,13.24835]]]},"properties":{"region":"Lower River","district":"Kiang West","floods_1m":1,"floods_2m":1,"floods_3m":1,"first_flood_m":1,"nests":true,"area_km2":2.029}},{"type":"Feature","geometry":{"type":"Polygon","coordinates":[[[-16.16832,13.28757],[-16.18258,13.28757],[-16.18258,13.30182],[-16.16832,13.30182],[-16.16832,13.28757]]]},"properties":{"region":"Lower River","district":"Kiang West","floods_1m":1,"floods_2m":1,"floods_3m":1,"first_flood_m":1,"nests":true,"area_km2":2.445}},{"type":"Feature","geometry":{"type":"Polygon","coordinates":[[[-15.82613,13.25985],[-15.82654,13.2598],[-15.82796,13.25934],[-15.82831,13.25905],[-15.84038,13.25905],[-15.84038,13.27331],[-15.82613,13.27331],[-15.82613,13.25985]]]},"properties":{"region":"Lower River","district":"Kiang West","floods_1m":1,"floods_2m":1,"floods_3m":1,"first_flood_m":1,"nests":true,"area_km2":2.432}},{"type":"Feature","geometry":{"type":"Polygon","coordinates":[[[-15.8689,13.27331],[-15.86985,13.27331],[-15.87023,13.27422],[-15.87084,13.27534],[-15.87146,13.27603],[-15.87242,13.2771],[-15.8738,13.27843],[-15.87541,13.2795],[-15.87679,13.27982],[-15.87812,13.27968],[-15.87927,13.2788],[-15.87989,13.27728],[-15.88001,13.27567],[-15.87996,13.27348],[-15.87995,13.27331],[-15.88316,13.27331],[-15.88316,13.28757],[-15.8689,13.28757],[-15.8689,13.27331]]]},"properties":{"region":"Lower River","district":"Kiang West","floods_1m":1,"floods_2m":1,"floods_3m":1,"first_flood_m":1,"nests":true,"area_km2":1.866}},{"type":"Feature","geometry":{"type":"Polygon","coordinates":[[[-16.18258,13.27331],[-16.19683,13.27331],[-16.19683,13.28757],[-16.18258,13.28757],[-16.18258,13.27331]]]},"properties":{"region":"Lower River","district":"Kiang West","floods_1m":1,"floods_2m":1,"floods_3m":1,"first_flood_m":1,"nests":true,"area_km2":2.445}},{"type":"Feature","geometry":{"type":"Polygon","coordinates":[[[-16.19683,13.35886],[-16.21109,13.35886],[-16.21109,13.3731],[-16.21107,13.37311],[-16.19683,13.37311],[-16.19683,13.35886]]]},"properties":{"region":"Lower River","district":"Kiang West","floods_1m":1,"floods_2m":1,"floods_3m":1,"first_flood_m":1,"nests":true,"area_km2":2.444}},{"type":"Feature","geometry":{"type":"Polygon","coordinates":[[[-16.19683,13.25905],[-16.21109,13.25905],[-16.21109,13.27331],[-16.19683,13.27331],[-16.19683,13.25905]]]},"properties":{"region":"Lower River","district":"Kiang West","floods_1m":1,"floods_2m":1,"floods_3m":1,"first_flood_m":1,"nests":true,"area_km2":2.447}},{"type":"Feature","geometry":{"type":"Polygon","coordinates":[[[-16.05425,13.35886],[-16.06851,13.35886],[-16.06851,13.37311],[-16.05425,13.37311],[-16.05425,13.35886]]]},"properties":{"region":"Lower River","district":"Kiang West","floods_1m":0,"floods_2m":1,"floods_3m":1,"first_flood_m":2,"nests":true,"area_km2":2.444}},{"type":"Feature","geometry":{"type":"Polygon","coordinates":[[[-16.15406,13.37311],[-16.16832,13.37311],[-16.16832,13.38069],[-16.16832,13.38737],[-16.15406,13.38737],[-16.15406,13.38069],[-16.15406,13.37311]]]},"properties":{"region":"Lower River","district":"Kiang West","floods_1m":1,"floods_2m":1,"floods_3m":1,"first_flood_m":1,"nests":true,"area_km2":2.446}},{"type":"Feature","geometry":{"type":"Polygon","coordinates":[[[-15.80297,13.25905],[-15.81187,13.25905],[-15.81187,13.27331],[-15.8025,13.27331],[-15.80256,13.26245],[-15.80259,13.25908],[-15.80297,13.25905]]]},"properties":{"region":"Lower River","district":"Kiang West","floods_1m":0,"floods_2m":1,"floods_3m":1,"first_flood_m":2,"nests":true,"area_km2":1.601}},{"type":"Feature","geometry":{"type":"Polygon","coordinates":[[[-16.22535,13.31608],[-16.22559,13.31608],[-16.23452,13.32302],[-16.23242,13.3256],[-16.23031,13.33034],[-16.22535,13.33034],[-16.22535,13.31608]]]},"properties":{"region":"Lower River","district":"Kiang West","floods_1m":1,"floods_2m":1,"floods_3m":1,"first_flood_m":1,"nests":true,"area_km2":0.988}},{"type":"Feature","geometry":{"type":"Polygon","coordinates":[[[-16.19683,13.30182],[-16.20819,13.30182],[-16.20888,13.30301],[-16.21011,13.30437],[-16.21109,13.30535],[-16.21109,13.31608],[-16.19683,13.31608],[-16.19683,13.30182]]]},"properties":{"region":"Lower River","district":"Kiang West","floods_1m":1,"floods_2m":1,"floods_3m":1,"first_flood_m":1,"nests":true,"area_km2":2.378}},{"type":"Feature","geometry":{"type":"Polygon","coordinates":[[[-15.95445,13.37311],[-15.96871,13.37311],[-15.96871,13.38069],[-15.96871,13.38737],[-15.95445,13.38737],[-15.95445,13.38069],[-15.95445,13.37311]]]},"properties":{"region":"Lower River","district":"Kiang West","floods_1m":1,"floods_2m":1,"floods_3m":1,"first_flood_m":1,"nests":true,"area_km2":2.446}},{"type":"Feature","geometry":{"type":"Polygon","coordinates":[[[-15.95445,13.31608],[-15.96871,13.31608],[-15.96871,13.33034],[-15.95445,13.33034],[-15.95445,13.31608]]]},"properties":{"region":"Lower River","district":"Kiang West","floods_1m":1,"floods_2m":1,"floods_3m":1,"first_flood_m":1,"nests":true,"area_km2":2.447}},{"type":"Feature","geometry":{"type":"Polygon","coordinates":[[[-16.22535,13.3446],[-16.22856,13.3446],[-16.22713,13.35858],[-16.227,13.35886],[-16.22535,13.35886],[-16.22535,13.3446]]]},"properties":{"region":"Lower River","district":"Kiang West","floods_1m":1,"floods_2m":1,"floods_3m":1,"first_flood_m":1,"nests":true,"area_km2":0.425}},{"type":"Feature","geometry":{"type":"Polygon","coordinates":[[[-16.15406,13.35886],[-16.16832,13.35886],[-16.16832,13.37311],[-16.15406,13.37311],[-16.15406,13.35886]]]},"properties":{"region":"Lower River","district":"Kiang West","floods_1m":1,"floods_2m":1,"floods_3m":1,"first_flood_m":1,"nests":true,"area_km2":2.444}},{"type":"Feature","geometry":{"type":"Polygon","coordinates":[[[-16.08277,13.27801],[-16.08385,13.27798],[-16.08576,13.2772],[-16.08776,13.27553],[-16.08946,13.27389],[-16.08991,13.27331],[-16.09703,13.27331],[-16.09703,13.28757],[-16.08277,13.28757],[-16.08277,13.27801]]]},"properties":{"region":"Lower River","district":"Kiang West","floods_1m":1,"floods_2m":1,"floods_3m":1,"first_flood_m":1,"nests":true,"area_km2":2.184}},{"type":"Feature","geometry":{"type":"Polygon","coordinates":[[[-15.96871,13.38737],[-15.98296,13.38737],[-15.98296,13.40163],[-15.96871,13.40163],[-15.96871,13.38737]]]},"properties":{"region":"Lower River","district":"Kiang West","floods_1m":0,"floods_2m":0,"floods_3m":1,"first_flood_m":3,"nests":true,"area_km2":2.444}},{"type":"Feature","geometry":{"type":"Polygon","coordinates":[[[-15.84038,13.25263],[-15.8411,13.25287],[-15.84209,13.25334],[-15.84292,13.25395],[-15.84403,13.25524],[-15.84461,13.25631],[-15.84511,13.25721],[-15.8457,13.25749],[-15.84631,13.25761],[-15.84705,13.25724],[-15.84776,13.25673],[-15.84835,13.25612],[-15.84929,13.25541],[-15.84985,13.25452],[-15.85027,13.25444],[-15.85059,13.25415],[-15.851,13.25404],[-15.85197,13.25398],[-15.85274,13.2543],[-15.85338,13.25488],[-15.85385,13.25566],[-15.85429,13.25638],[-15.85464,13.257],[-15.85464,13.25905],[-15.84038,13.25905],[-15.84038,13.25263]]]},"properties":{"region":"Lower River","district":"Kiang West","floods_1m":1,"floods_2m":1,"floods_3m":1,"first_flood_m":1,"nests":true,"area_km2":0.666}},{"type":"Feature","geometry":{"type":"Polygon","coordinates":[[[-16.02574,13.38737],[-16.04,13.38737],[-16.04,13.40163],[-16.02574,13.40163],[-16.02574,13.38737]]]},"properties":{"region":"Lower River","district":"Kiang West","floods_1m":0,"floods_2m":0,"floods_3m":1,"first_flood_m":3,"nests":true,"area_km2":2.446}},{"type":"Feature","geometry":{"type":"Polygon","coordinates":[[[-15.99722,13.4133],[-15.99722,13.40163],[-16.01148,13.40163],[-16.01148,13.41543],[-15.99924,13.4136],[-15.99722,13.4133]]]},"properties":{"region":"Lower River","district":"Kiang West","floods_1m":1,"floods_2m":1,"floods_3m":1,"first_flood_m":1,"nests":true,"area_km2":2.184}},{"type":"Feature","geometry":{"type":"Polygon","coordinates":[[[-16.11129,13.25905],[-16.11355,13.25905],[-16.11399,13.25957],[-16.11654,13.26182],[-16.11839,13.26344],[-16.12047,13.26532],[-16.12193,13.26702],[-16.1222,13.26734],[-16.12375,13.26901],[-16.12513,13.27057],[-16.12554,13.27109],[-16.12554,13.27331],[-16.11129,13.27331],[-16.11129,13.25905]]]},"properties":{"region":"Lower River","district":"Kiang West","floods_1m":1,"floods_2m":1,"floods_3m":1,"first_flood_m":1,"nests":true,"area_km2":1.622}},{"type":"Feature","geometry":{"type":"Polygon","coordinates":[[[-15.94019,13.26969],[-15.94041,13.26974],[-15.94139,13.26968],[-15.94227,13.26979],[-15.94253,13.26959],[-15.94263,13.26942],[-15.94355,13.26926],[-15.94473,13.2694],[-15.94541,13.26966],[-15.94581,13.26984],[-15.94606,13.27023],[-15.94632,13.27055],[-15.94705,13.27109],[-15.94728,13.27167],[-15.94734,13.2721],[-15.9474,13.27316],[-15.94744,13.27331],[-15.94019,13.27331],[-15.94019,13.26969]]]},"properties":{"region":"Lower River","district":"Kiang West","floods_1m":1,"floods_2m":1,"floods_3m":1,"first_flood_m":1,"nests":true,"area_km2":0.302}},{"type":"Feature","geometry":{"type":"Polygon","coordinates":[[[-16.15406,13.41589],[-16.16256,13.41589],[-16.15688,13.42505],[-16.15406,13.42669],[-16.15406,13.41589]]]},"properties":{"region":"Lower River","district":"Kiang West","floods_1m":1,"floods_2m":1,"floods_3m":1,"first_flood_m":1,"nests":true,"area_km2":0.651}},{"type":"Feature","geometry":{"type":"Polygon","coordinates":[[[-15.82613,13.37311],[-15.84038,13.37311],[-15.84038,13.38069],[-15.84038,13.38737],[-15.82613,13.38737],[-15.82613,13.38069],[-15.82613,13.37311]]]},"properties":{"region":"Lower River","district":"Kiang West","floods_1m":0,"floods_2m":0,"floods_3m":1,"first_flood_m":3,"nests":true,"area_km2":2.444}},{"type":"Feature","geometry":{"type":"Polygon","coordinates":[[[-16.15406,13.28757],[-16.16832,13.28757],[-16.16832,13.30182],[-16.15406,13.30182],[-16.15406,13.28757]]]},"properties":{"region":"Lower River","district":"Kiang West","floods_1m":1,"floods_2m":1,"floods_3m":1,"first_flood_m":1,"nests":true,"area_km2":2.445}},{"type":"Feature","geometry":{"type":"Polygon","coordinates":[[[-15.81187,13.25797],[-15.81338,13.25828],[-15.81452,13.25825],[-15.81596,13.25806],[-15.81758,13.25766],[-15.8187,13.25752],[-15.81987,13.25827],[-15.82058,13.259],[-15.82067,13.25905],[-15.81187,13.25905],[-15.81187,13.25797]]]},"properties":{"region":"Lower River","district":"Kiang West","floods_1m":1,"floods_2m":1,"floods_3m":1,"first_flood_m":1,"nests":true,"area_km2":0.106}},{"type":"Feature","geometry":{"type":"Polygon","coordinates":[[[-16.21081,13.24479],[-16.21057,13.24479],[-16.21065,13.2444],[-16.21081,13.24479]]]},"properties":{"region":"Lower River","district":"Kiang West","floods_1m":0,"floods_2m":1,"floods_3m":1,"first_flood_m":2,"nests":true,"area_km2":0.001}},{"type":"Feature","geometry":{"type":"Polygon","coordinates":[[[-15.88316,13.41589],[-15.89742,13.41589],[-15.89742,13.42177],[-15.89607,13.42184],[-15.88764,13.42358],[-15.88316,13.42903],[-15.88316,13.41589]]]},"properties":{"region":"Lower River","district":"Kiang West","floods_1m":0,"floods_2m":1,"floods_3m":1,"first_flood_m":2,"nests":true,"area_km2":1.349}},{"type":"Feature","geometry":{"type":"Polygon","coordinates":[[[-16.18258,13.38737],[-16.19004,13.38737],[-16.18566,13.39034],[-16.18258,13.39334],[-16.18258,13.38737]]]},"properties":{"region":"Lower River","district":"Kiang West","floods_1m":1,"floods_2m":1,"floods_3m":1,"first_flood_m":1,"nests":true,"area_km2":0.244}},{"type":"Feature","geometry":{"type":"Polygon","coordinates":[[[-16.22535,13.35886],[-16.227,13.35886],[-16.22535,13.36239],[-16.22535,13.35886]]]},"properties":{"region":"Lower River","district":"Kiang West","floods_1m":1,"floods_2m":1,"floods_3m":1,"first_flood_m":1,"nests":true,"area_km2":0.035}},{"type":"Feature","geometry":{"type":"Polygon","coordinates":[[[-15.99722,13.38737],[-16.01148,13.38737],[-16.01148,13.40163],[-15.99722,13.40163],[-15.99722,13.38737]]]},"properties":{"region":"Lower River","district":"Kiang West","floods_1m":1,"floods_2m":1,"floods_3m":1,"first_flood_m":1,"nests":true,"area_km2":2.446}},{"type":"Feature","geometry":{"type":"Polygon","coordinates":[[[-16.19683,13.28757],[-16.20936,13.28757],[-16.20932,13.28763],[-16.20823,13.28918],[-16.20785,13.29],[-16.20766,13.29039],[-16.20721,13.29237],[-16.20694,13.29369],[-16.207,13.29564],[-16.20702,13.29723],[-16.20713,13.29838],[-16.20725,13.29927],[-16.20748,13.30028],[-16.208,13.30151],[-16.20819,13.30182],[-16.19683,13.30182],[-16.19683,13.28757]]]},"properties":{"region":"Lower River","district":"Kiang West","floods_1m":1,"floods_2m":1,"floods_3m":1,"first_flood_m":1,"nests":true,"area_km2":1.826}},{"type":"Feature","geometry":{"type":"Polygon","coordinates":[[[-16.05425,13.27331],[-16.06851,13.27331],[-16.06851,13.28757],[-16.05425,13.28757],[-16.05425,13.27331]]]},"properties":{"region":"Lower River","district":"Kiang West","floods_1m":1,"floods_2m":1,"floods_3m":1,"first_flood_m":1,"nests":true,"area_km2":2.447}},{"type":"Feature","geometry":{"type":"Polygon","coordinates":[[[-15.98296,13.29606],[-15.98401,13.29555],[-15.98468,13.29515],[-15.98508,13.29485],[-15.98543,13.29471],[-15.98582,13.29456],[-15.9862,13.29439],[-15.98685,13.29419],[-15.98767,13.29407],[-15.98823,13.29407],[-15.98881,13.29422],[-15.98997,13.29454],[-15.99103,13.29511],[-15.99227,13.29557],[-15.9938,13.29589],[-15.99533,13.29531],[-15.99641,13.29321],[-15.99717,13.2914],[-15.99722,13.29127],[-15.99722,13.30182],[-15.98296,13.30182],[-15.98296,13.29606]]]},"properties":{"region":"Lower River","district":"Kiang West","floods_1m":1,"floods_2m":1,"floods_3m":1,"first_flood_m":1,"nests":true,"area_km2":1.206}},{"type":"Feature","geometry":{"type":"Polygon","coordinates":[[[-16.19683,13.24864],[-16.19683,13.25905],[-16.18424,13.25905],[-16.18442,13.259],[-16.18536,13.25854],[-16.18666,13.25743],[-16.18716,13.25691],[-16.18823,13.25522],[-16.18897,13.25413],[-16.18962,13.25333],[-16.19056,13.25247],[-16.19098,13.25207],[-16.19195,13.2513],[-16.19274,13.25073],[-16.19366,13.25022],[-16.19463,13.24965],[-16.19578,13.24905],[-16.19667,13.2487],[-16.19683,13.24864]]]},"properties":{"region":"Lower River","district":"Kiang West","floods_1m":1,"floods_2m":1,"floods_3m":1,"first_flood_m":1,"nests":true,"area_km2":0.881}},{"type":"Feature","geometry":{"type":"Polygon","coordinates":[[[-16.18258,13.25926],[-16.18321,13.25934],[-16.18424,13.25905],[-16.19683,13.25905],[-16.19683,13.27331],[-16.18258,13.27331],[-16.18258,13.25926]]]},"properties":{"region":"Lower River","district":"Kiang West","floods_1m":1,"floods_2m":1,"floods_3m":1,"first_flood_m":1,"nests":true,"area_km2":2.442}},{"type":"Feature","geometry":{"type":"Polygon","coordinates":[[[-15.96871,13.28757],[-15.97031,13.28757],[-15.97046,13.28766],[-15.97182,13.28895],[-15.97279,13.28993],[-15.97321,13.29044],[-15.97424,13.29179],[-15.97518,13.29335],[-15.97604,13.29449],[-15.97672,13.29567],[-15.97763,13.29665],[-15.97854,13.29722],[-15.98004,13.29725],[-15.98163,13.29665],[-15.98277,13.29615],[-15.98296,13.29606],[-15.98296,13.30182],[-15.96871,13.30182],[-15.96871,13.28757]]]},"properties":{"region":"Lower River","district":"Kiang West","floods_1m":1,"floods_2m":1,"floods_3m":1,"first_flood_m":1,"nests":true,"area_km2":1.477}},{"type":"Feature","geometry":{"type":"Polygon","coordinates":[[[-15.82557,13.41589],[-15.82613,13.41589],[-15.82613,13.43015],[-15.82523,13.43015],[-15.82557,13.41589]]]},"properties":{"region":"Lower River","district":"Kiang West","floods_1m":0,"floods_2m":1,"floods_3m":1,"first_flood_m":2,"nests":true,"area_km2":0.125}},{"type":"Feature","geometry":{"type":"Polygon","coordinates":[[[-16.09703,13.25905],[-16.11129,13.25905],[-16.11129,13.27331],[-16.09703,13.27331],[-16.09703,13.25905]]]},"properties":{"region":"Lower River","district":"Kiang West","floods_1m":1,"floods_2m":1,"floods_3m":1,"first_flood_m":1,"nests":true,"area_km2":2.447}},{"type":"Feature","geometry":{"type":"Polygon","coordinates":[[[-16.1398,13.38737],[-16.15406,13.38737],[-16.15406,13.40163],[-16.1398,13.40163],[-16.1398,13.38737]]]},"properties":{"region":"Lower River","district":"Kiang West","floods_1m":0,"floods_2m":1,"floods_3m":1,"first_flood_m":2,"nests":true,"area_km2":2.446}},{"type":"Feature","geometry":{"type":"Polygon","coordinates":[[[-15.8689,13.43015],[-15.88224,13.43015],[-15.87405,13.44012],[-15.86916,13.44273],[-15.8689,13.44275],[-15.8689,13.43015]]]},"properties":{"region":"Lower River","district":"Kiang West","floods_1m":0,"floods_2m":1,"floods_3m":1,"first_flood_m":2,"nests":true,"area_km2":1.193}},{"type":"Feature","geometry":{"type":"Polygon","coordinates":[[[-16.1398,13.2927],[-16.14109,13.29169],[-16.14285,13.29043],[-16.14398,13.28951],[-16.14424,13.28929],[-16.14584,13.28809],[-16.14635,13.28757],[-16.15406,13.28757],[-16.15406,13.30182],[-16.1398,13.30182],[-16.1398,13.2927]]]},"properties":{"region":"Lower River","district":"Kiang West","floods_1m":1,"floods_2m":1,"floods_3m":1,"first_flood_m":1,"nests":true,"area_km2":2.238}},{"type":"Feature","geometry":{"type":"Polygon","coordinates":[[[-16.05425,13.37311],[-16.06851,13.37311],[-16.06851,13.38069],[-16.06851,13.38737],[-16.05425,13.38737],[-16.05425,13.38069],[-16.05425,13.37311]]]},"properties":{"region":"Lower River","district":"Kiang West","floods_1m":1,"floods_2m":1,"floods_3m":1,"first_flood_m":1,"nests":true,"area_km2":2.446}},{"type":"Feature","geometry":{"type":"Polygon","coordinates":[[[-15.91167,13.38737],[-15.92593,13.38737],[-15.92593,13.40163],[-15.91167,13.40163],[-15.91167,13.38737]]]},"properties":{"region":"Lower River","district":"Kiang West","floods_1m":1,"floods_2m":1,"floods_3m":1,"first_flood_m":1,"nests":true,"area_km2":2.446}},{"type":"Feature","geometry":{"type":"Polygon","coordinates":[[[-16.1398,13.37311],[-16.15406,13.37311],[-16.15406,13.38069],[-16.15406,13.38737],[-16.1398,13.38737],[-16.1398,13.38069],[-16.1398,13.37311]]]},"properties":{"region":"Lower River","district":"Kiang West","floods_1m":1,"floods_2m":1,"floods_3m":1,"first_flood_m":1,"nests":true,"area_km2":2.446}},{"type":"Feature","geometry":{"type":"Polygon","coordinates":[[[-15.99722,13.30182],[-16.01148,13.30182],[-16.01148,13.31608],[-15.99722,13.31608],[-15.99722,13.30182]]]},"properties":{"region":"Lower River","district":"Kiang West","floods_1m":1,"floods_2m":1,"floods_3m":1,"first_flood_m":1,"nests":true,"area_km2":2.447}},{"type":"Feature","geometry":{"type":"Polygon","coordinates":[[[-16.21109,13.25905],[-16.21625,13.25905],[-16.21651,13.25975],[-16.21689,13.26105],[-16.21712,13.26202],[-16.21733,13.26283],[-16.21741,13.26418],[-16.21729,13.26545],[-16.21716,13.26631],[-16.21696,13.26746],[-16.21689,13.26841],[-16.21674,13.2693],[-16.21683,13.26982],[-16.21721,13.27031],[-16.21765,13.27068],[-16.21797,13.27114],[-16.21768,13.2712],[-16.21718,13.27123],[-16.21662,13.27134],[-16.21606,13.27162],[-16.2157,13.27182],[-16.21481,13.27331],[-16.21109,13.27331],[-16.21109,13.25905]]]},"properties":{"region":"Lower River","district":"Kiang West","floods_1m":1,"floods_2m":1,"floods_3m":1,"first_flood_m":1,"nests":true,"area_km2":0.988}},{"type":"Feature","geometry":{"type":"Polygon","coordinates":[[[-15.99722,13.29127],[-15.99843,13.28798],[-15.99871,13.28757],[-16.00729,13.28757],[-16.00734,13.28762],[-16.00843,13.2892],[-16.00899,13.29142],[-16.00943,13.29337],[-16.01023,13.29478],[-16.01148,13.2953],[-16.01148,13.30182],[-15.99722,13.30182],[-15.99722,13.29127]]]},"properties":{"region":"Lower River","district":"Kiang West","floods_1m":1,"floods_2m":1,"floods_3m":1,"first_flood_m":1,"nests":true,"area_km2":2.185}},{"type":"Feature","geometry":{"type":"Polygon","coordinates":[[[-15.84038,13.25905],[-15.85464,13.25905],[-15.85464,13.26312],[-15.85429,13.26385],[-15.85399,13.26532],[-15.85402,13.26656],[-15.85404,13.26751],[-15.85416,13.26871],[-15.85448,13.26964],[-15.85464,13.26978],[-15.85464,13.27331],[-15.84038,13.27331],[-15.84038,13.25905]]]},"properties":{"region":"Lower River","district":"Kiang West","floods_1m":1,"floods_2m":1,"floods_3m":1,"first_flood_m":1,"nests":true,"area_km2":2.409}},{"type":"Feature","geometry":{"type":"Polygon","coordinates":[[[-16.08277,13.24835],[-16.08277,13.25905],[-16.08238,13.25905],[-16.08158,13.25863],[-16.07934,13.25763],[-16.0784,13.257],[-16.0779,13.25654],[-16.07772,13.25633],[-16.07747,13.25602],[-16.07731,13.25561],[-16.0771,13.25489],[-16.0771,13.25451],[-16.07677,13.25329],[-16.07724,13.25228],[-16.07762,13.25142],[-16.07815,13.25073],[-16.07838,13.25052],[-16.07953,13.24966],[-16.08091,13.24897],[-16.08277,13.24835]]]},"properties":{"region":"Lower River","district":"Kiang West","floods_1m":1,"floods_2m":1,"floods_3m":1,"first_flood_m":1,"nests":true,"area_km2":0.55}},{"type":"Feature","geometry":{"type":"Polygon","coordinates":[[[-15.92593,13.27058],[-15.92615,13.27002],[-15.927,13.26896],[-15.92908,13.26766],[-15.93114,13.26708],[-15.93285,13.26725],[-15.93405,13.26757],[-15.93476,13.26783],[-15.93541,13.26812],[-15.93617,13.26835],[-15.93671,13.26882],[-15.93777,13.26908],[-15.93865,13.26928],[-15.93918,13.26942],[-15.93974,13.2696],[-15.94019,13.26969],[-15.94019,13.27331],[-15.92593,13.27331],[-15.92593,13.27058]]]},"properties":{"region":"Lower River","district":"Kiang West","floods_1m":1,"floods_2m":1,"floods_3m":1,"first_flood_m":1,"nests":true,"area_km2":0.868}},{"type":"Feature","geometry":{"type":"Polygon","coordinates":[[[-16.16832,13.27331],[-16.18258,13.27331],[-16.18258,13.28757],[-16.16832,13.28757],[-16.16832,13.27331]]]},"properties":{"region":"Lower River","district":"Kiang West","floods_1m":1,"floods_2m":1,"floods_3m":1,"first_flood_m":1,"nests":true,"area_km2":2.447}},{"type":"Feature","geometry":{"type":"Polygon","coordinates":[[[-15.91167,13.2577],[-15.91239,13.25786],[-15.91319,13.25752],[-15.9139,13.25701],[-15.91446,13.25641],[-15.91505,13.25586],[-15.91534,13.25566],[-15.91561,13.25566],[-15.91652,13.25613],[-15.91698,13.25656],[-15.91719,13.25702],[-15.91754,13.25789],[-15.91771,13.25869],[-15.91776,13.25905],[-15.91167,13.25905],[-15.91167,13.2577]]]},"properties":{"region":"Lower River","district":"Kiang West","floods_1m":1,"floods_2m":1,"floods_3m":1,"first_flood_m":1,"nests":true,"area_km2":0.162}},{"type":"Feature","geometry":{"type":"Polygon","coordinates":[[[-16.09703,13.28757],[-16.11129,13.28757],[-16.11129,13.30182],[-16.09703,13.30182],[-16.09703,13.28757]]]},"properties":{"region":"Lower River","district":"Kiang West","floods_1m":1,"floods_2m":1,"floods_3m":1,"first_flood_m":1,"nests":true,"area_km2":2.445}},{"type":"Feature","geometry":{"type":"Polygon","coordinates":[[[-16.21109,13.35886],[-16.22535,13.35886],[-16.22535,13.36239],[-16.22464,13.36391],[-16.21109,13.3731],[-16.21109,13.35886]]]},"properties":{"region":"Lower River","district":"Kiang West","floods_1m":1,"floods_2m":1,"floods_3m":1,"first_flood_m":1,"nests":true,"area_km2":1.609}},{"type":"Feature","geometry":{"type":"Polygon","coordinates":[[[-15.88316,13.38737],[-15.89742,13.38737],[-15.89742,13.40163],[-15.88316,13.40163],[-15.88316,13.38737]]]},"properties":{"region":"Lower River","district":"Kiang West","floods_1m":0,"floods_2m":1,"floods_3m":1,"first_flood_m":2,"nests":true,"area_km2":2.446}},{"type":"Feature","geometry":{"type":"Polygon","coordinates":[[[-16.18258,13.28757],[-16.19683,13.28757],[-16.19683,13.30182],[-16.18258,13.30182],[-16.18258,13.28757]]]},"properties":{"region":"Lower River","district":"Kiang West","floods_1m":1,"floods_2m":1,"floods_3m":1,"first_flood_m":1,"nests":true,"area_km2":2.443}},{"type":"Feature","geometry":{"type":"MultiPolygon","coordinates":[[[[-16.16832,13.2661],[-16.16832,13.27331],[-16.16122,13.27331],[-16.16192,13.27273],[-16.16399,13.27087],[-16.16558,13.26918],[-16.16683,13.26743],[-16.16832,13.2661]]],[[[-16.16832,13.26007],[-16.16832,13.26179],[-16.16776,13.26197],[-16.16623,13.26239],[-16.16575,13.26114],[-16.16632,13.2609],[-16.16747,13.26039],[-16.16832,13.26007]]]]},"properties":{"region":"Lower River","district":"Kiang West","floods_1m":1,"floods_2m":1,"floods_3m":1,"first_flood_m":1,"nests":true,"area_km2":0.34}},{"type":"Feature","geometry":{"type":"Polygon","coordinates":[[[-16.09703,13.27331],[-16.11129,13.27331],[-16.11129,13.28757],[-16.09703,13.28757],[-16.09703,13.27331]]]},"properties":{"region":"Lower River","district":"Kiang West","floods_1m":1,"floods_2m":1,"floods_3m":1,"first_flood_m":1,"nests":true,"area_km2":2.447}},{"type":"Feature","geometry":{"type":"Polygon","coordinates":[[[-15.92593,13.30182],[-15.94019,13.30182],[-15.94019,13.31608],[-15.92593,13.31608],[-15.92593,13.30182]]]},"properties":{"region":"Lower River","district":"Kiang West","floods_1m":0,"floods_2m":1,"floods_3m":1,"first_flood_m":2,"nests":true,"area_km2":2.447}},{"type":"Feature","geometry":{"type":"Polygon","coordinates":[[[-16.16832,13.40163],[-16.17404,13.40163],[-16.16832,13.40719],[-16.16832,13.40163]]]},"properties":{"region":"Lower River","district":"Kiang West","floods_1m":1,"floods_2m":1,"floods_3m":1,"first_flood_m":1,"nests":true,"area_km2":0.191}},{"type":"Feature","geometry":{"type":"Polygon","coordinates":[[[-16.16832,13.2661],[-16.16836,13.26606],[-16.16945,13.26534],[-16.17069,13.26377],[-16.17179,13.26308],[-16.17232,13.26305],[-16.17317,13.26269],[-16.17267,13.26182],[-16.17147,13.26141],[-16.17041,13.26138],[-16.16908,13.26155],[-16.16832,13.26179],[-16.16832,13.26007],[-16.16915,13.25976],[-16.1718,13.25917],[-16.17336,13.25912],[-16.17433,13.25905],[-16.17678,13.25905],[-16.1768,13.25905],[-16.17681,13.25905],[-16.1812,13.25905],[-16.18177,13.25916],[-16.18258,13.25926],[-16.18258,13.27331],[-16.16832,13.27331],[-16.16832,13.2661]]]},"properties":{"region":"Lower River","district":"Kiang West","floods_1m":1,"floods_2m":1,"floods_3m":1,"first_flood_m":1,"nests":true,"area_km2":2.275}},{"type":"Feature","geometry":{"type":"Polygon","coordinates":[[[-15.94019,13.30182],[-15.9491,13.30182],[-15.95445,13.30182],[-15.95445,13.31608],[-15.9491,13.31608],[-15.94019,13.31608],[-15.94019,13.30182]]]},"properties":{"region":"Lower River","district":"Kiang West","floods_1m":1,"floods_2m":1,"floods_3m":1,"first_flood_m":1,"nests":true,"area_km2":2.447}},{"type":"Feature","geometry":{"type":"Polygon","coordinates":[[[-15.91167,13.28757],[-15.92593,13.28757],[-15.92593,13.30182],[-15.91167,13.30182],[-15.91167,13.28757]]]},"properties":{"region":"Lower River","district":"Kiang West","floods_1m":0,"floods_2m":0,"floods_3m":1,"first_flood_m":3,"nests":true,"area_km2":2.445}},{"type":"Feature","geometry":{"type":"Polygon","coordinates":[[[-16.04,13.28757],[-16.05425,13.28757],[-16.05425,13.30182],[-16.04,13.30182],[-16.04,13.28757]]]},"properties":{"region":"Lower River","district":"Kiang West","floods_1m":1,"floods_2m":1,"floods_3m":1,"first_flood_m":1,"nests":true,"area_km2":2.443}},{"type":"Feature","geometry":{"type":"Polygon","coordinates":[[[-16.16832,13.37311],[-16.18258,13.37311],[-16.18258,13.38069],[-16.18258,13.38737],[-16.16832,13.38737],[-16.16832,13.38069],[-16.16832,13.37311]]]},"properties":{"region":"Lower River","district":"Kiang West","floods_1m":1,"floods_2m":1,"floods_3m":1,"first_flood_m":1,"nests":true,"area_km2":2.446}},{"type":"Feature","geometry":{"type":"Polygon","coordinates":[[[-15.92593,13.40163],[-15.94019,13.40163],[-15.94019,13.41589],[-15.92593,13.41589],[-15.92593,13.40163]]]},"properties":{"region":"Lower River","district":"Kiang West","floods_1m":1,"floods_2m":1,"floods_3m":1,"first_flood_m":1,"nests":true,"area_km2":2.446}},{"type":"Feature","geometry":{"type":"Polygon","coordinates":[[[-15.95445,13.30182],[-15.96871,13.30182],[-15.96871,13.31608],[-15.95445,13.31608],[-15.95445,13.30182]]]},"properties":{"region":"Lower River","district":"Kiang West","floods_1m":1,"floods_2m":1,"floods_3m":1,"first_flood_m":1,"nests":true,"area_km2":2.447}},{"type":"Feature","geometry":{"type":"Polygon","coordinates":[[[-16.02574,13.28241],[-16.02574,13.28757],[-16.01856,13.28757],[-16.01865,13.28721],[-16.01889,13.28632],[-16.01959,13.2852],[-16.02127,13.28413],[-16.02338,13.28335],[-16.02567,13.28246],[-16.02574,13.28241]]]},"properties":{"region":"Lower River","district":"Kiang West","floods_1m":1,"floods_2m":1,"floods_3m":1,"first_flood_m":1,"nests":true,"area_km2":0.307}},{"type":"Feature","geometry":{"type":"Polygon","coordinates":[[[-16.08991,13.27331],[-16.09113,13.27173],[-16.09174,13.26897],[-16.09127,13.26704],[-16.09035,13.26523],[-16.09003,13.26488],[-16.08976,13.2645],[-16.08971,13.26417],[-16.08955,13.26369],[-16.08944,13.26331],[-16.08927,13.26298],[-16.08889,13.26266],[-16.08862,13.26244],[-16.08824,13.26211],[-16.08792,13.26173],[-16.08728,13.2613],[-16.08481,13.26004],[-16.08277,13.25924],[-16.08277,13.25905],[-16.09703,13.25905],[-16.09703,13.27331],[-16.08991,13.27331]]]},"properties":{"region":"Lower River","district":"Kiang West","floods_1m":1,"floods_2m":1,"floods_3m":1,"first_flood_m":1,"nests":true,"area_km2":1.275}},{"type":"Feature","geometry":{"type":"Polygon","coordinates":[[[-16.05425,13.27118],[-16.05602,13.26929],[-16.05789,13.26624],[-16.0591,13.26431],[-16.0594,13.26395],[-16.06038,13.26276],[-16.06215,13.26173],[-16.06359,13.26124],[-16.06526,13.26114],[-16.06632,13.26111],[-16.06762,13.26134],[-16.0685,13.26146],[-16.06851,13.26146],[-16.06851,13.27331],[-16.05425,13.27331],[-16.05425,13.27118]]]},"properties":{"region":"Lower River","district":"Kiang West","floods_1m":1,"floods_2m":1,"floods_3m":1,"first_flood_m":1,"nests":true,"area_km2":1.614}},{"type":"Feature","geometry":{"type":"Polygon","coordinates":[[[-15.81187,13.25905],[-15.82067,13.25905],[-15.82161,13.25958],[-15.82296,13.2601],[-15.82484,13.26002],[-15.82613,13.25985],[-15.82613,13.27331],[-15.81187,13.27331],[-15.81187,13.25905]]]},"properties":{"region":"Lower River","district":"Kiang West","floods_1m":1,"floods_2m":1,"floods_3m":1,"first_flood_m":1,"nests":true,"area_km2":2.395}},{"type":"Feature","geometry":{"type":"Polygon","coordinates":[[[-16.15406,13.3446],[-16.16832,13.3446],[-16.16832,13.35886],[-16.15406,13.35886],[-16.15406,13.3446]]]},"properties":{"region":"Lower River","district":"Kiang West","floods_1m":0,"floods_2m":0,"floods_3m":1,"first_flood_m":3,"nests":true,"area_km2":2.446}},{"type":"Feature","geometry":{"type":"Polygon","coordinates":[[[-16.06851,13.37311],[-16.08277,13.37311],[-16.08277,13.38069],[-16.08277,13.38737],[-16.06851,13.38737],[-16.06851,13.38069],[-16.06851,13.37311]]]},"properties":{"region":"Lower River","district":"Kiang West","floods_1m":1,"floods_2m":1,"floods_3m":1,"first_flood_m":1,"nests":true,"area_km2":2.446}},{"type":"Feature","geometry":{"type":"Polygon","coordinates":[[[-16.1398,13.30182],[-16.15406,13.30182],[-16.15406,13.31608],[-16.1398,13.31608],[-16.1398,13.30182]]]},"properties":{"region":"Lower River","district":"Kiang West","floods_1m":1,"floods_2m":1,"floods_3m":1,"first_flood_m":1,"nests":true,"area_km2":2.447}},{"type":"Feature","geometry":{"type":"Polygon","coordinates":[[[-16.15406,13.38737],[-16.16832,13.38737],[-16.16832,13.40163],[-16.15406,13.40163],[-16.15406,13.38737]]]},"properties":{"region":"Lower River","district":"Kiang West","floods_1m":1,"floods_2m":1,"floods_3m":1,"first_flood_m":1,"nests":true,"area_km2":2.446}},{"type":"Feature","geometry":{"type":"Polygon","coordinates":[[[-16.1398,13.42134],[-16.1398,13.41589],[-16.15406,13.41589],[-16.15406,13.42669],[-16.15362,13.42695],[-16.1482,13.42588],[-16.1398,13.42134]]]},"properties":{"region":"Lower River","district":"Kiang West","floods_1m":1,"floods_2m":1,"floods_3m":1,"first_flood_m":1,"nests":true,"area_km2":1.524}},{"type":"Feature","geometry":{"type":"Polygon","coordinates":[[[-15.94019,13.38737],[-15.9491,13.38737],[-15.95445,13.38737],[-15.95445,13.40163],[-15.9491,13.40163],[-15.94019,13.40163],[-15.94019,13.38737]]]},"properties":{"region":"Lower River","district":"Kiang West","floods_1m":1,"floods_2m":1,"floods_3m":1,"first_flood_m":1,"nests":true,"area_km2":2.446}},{"type":"Feature","geometry":{"type":"Polygon","coordinates":[[[-16.08277,13.38737],[-16.09703,13.38737],[-16.09703,13.40163],[-16.08277,13.40163],[-16.08277,13.38737]]]},"properties":{"region":"Lower River","district":"Kiang West","floods_1m":1,"floods_2m":1,"floods_3m":1,"first_flood_m":1,"nests":true,"area_km2":2.446}},{"type":"Feature","geometry":{"type":"Polygon","coordinates":[[[-16.01148,13.38737],[-16.02574,13.38737],[-16.02574,13.40163],[-16.01148,13.40163],[-16.01148,13.38737]]]},"properties":{"region":"Lower River","district":"Kiang West","floods_1m":1,"floods_2m":1,"floods_3m":1,"first_flood_m":1,"nests":true,"area_km2":2.446}},{"type":"Feature","geometry":{"type":"Polygon","coordinates":[[[-15.94019,13.37311],[-15.9491,13.37311],[-15.95445,13.37311],[-15.95445,13.38069],[-15.95445,13.38737],[-15.9491,13.38737],[-15.94019,13.38737],[-15.94019,13.37311]]]},"properties":{"region":"Lower River","district":"Kiang West","floods_1m":1,"floods_2m":1,"floods_3m":1,"first_flood_m":1,"nests":true,"area_km2":2.446}},{"type":"Feature","geometry":{"type":"Polygon","coordinates":[[[-16.09703,13.24708],[-16.09816,13.24717],[-16.09905,13.24737],[-16.09981,13.2476],[-16.10037,13.2478],[-16.10057,13.24789],[-16.10144,13.24878],[-16.10209,13.24937],[-16.10256,13.24979],[-16.10413,13.25106],[-16.1056,13.25261],[-16.10757,13.25427],[-16.10952,13.25577],[-16.11069,13.25657],[-16.11129,13.25693],[-16.11129,13.25905],[-16.09703,13.25905],[-16.09703,13.24708]]]},"properties":{"region":"Lower River","district":"Kiang West","floods_1m":1,"floods_2m":1,"floods_3m":1,"first_flood_m":1,"nests":true,"area_km2":1.317}},{"type":"Feature","geometry":{"type":"Polygon","coordinates":[[[-15.98296,13.31608],[-15.99722,13.31608],[-15.99722,13.33034],[-15.98296,13.33034],[-15.98296,13.31608]]]},"properties":{"region":"Lower River","district":"Kiang West","floods_1m":1,"floods_2m":1,"floods_3m":1,"first_flood_m":1,"nests":true,"area_km2":2.447}},{"type":"Feature","geometry":{"type":"Polygon","coordinates":[[[-16.04,13.38737],[-16.05425,13.38737],[-16.05425,13.40163],[-16.04,13.40163],[-16.04,13.38737]]]},"properties":{"region":"Lower River","district":"Kiang West","floods_1m":1,"floods_2m":1,"floods_3m":1,"first_flood_m":1,"nests":true,"area_km2":2.444}},{"type":"Feature","geometry":{"type":"Polygon","coordinates":[[[-15.88316,13.27331],[-15.89742,13.27331],[-15.89742,13.28757],[-15.88316,13.28757],[-15.88316,13.27331]]]},"properties":{"region":"Lower River","district":"Kiang West","floods_1m":1,"floods_2m":1,"floods_3m":1,"first_flood_m":1,"nests":true,"area_km2":2.447}},{"type":"Feature","geometry":{"type":"Polygon","coordinates":[[[-16.01148,13.41543],[-16.01148,13.40163],[-16.02574,13.40163],[-16.02574,13.41589],[-16.01458,13.41589],[-16.01148,13.41543]]]},"properties":{"region":"Lower River","district":"Kiang West","floods_1m":1,"floods_2m":1,"floods_3m":1,"first_flood_m":1,"nests":true,"area_km2":2.437}},{"type":"Feature","geometry":{"type":"Polygon","coordinates":[[[-16.09703,13.40746],[-16.09703,13.40163],[-16.11129,13.40163],[-16.11129,13.4108],[-16.10492,13.40865],[-16.09703,13.40746]]]},"properties":{"region":"Lower River","district":"Kiang West","floods_1m":1,"floods_2m":1,"floods_3m":1,"first_flood_m":1,"nests":true,"area_km2":1.23}},{"type":"Feature","geometry":{"type":"Polygon","coordinates":[[[-15.92593,13.27331],[-15.94019,13.27331],[-15.94019,13.28757],[-15.92593,13.28757],[-15.92593,13.27331]]]},"properties":{"region":"Lower River","district":"Kiang West","floods_1m":1,"floods_2m":1,"floods_3m":1,"first_flood_m":1,"nests":true,"area_km2":2.447}},{"type":"Feature","geometry":{"type":"Polygon","coordinates":[[[-15.98296,13.38737],[-15.99722,13.38737],[-15.99722,13.40163],[-15.98296,13.40163],[-15.98296,13.38737]]]},"properties":{"region":"Lower River","district":"Kiang West","floods_1m":1,"floods_2m":1,"floods_3m":1,"first_flood_m":1,"nests":true,"area_km2":2.446}},{"type":"Feature","geometry":{"type":"Polygon","coordinates":[[[-16.05425,13.28757],[-16.06851,13.28757],[-16.06851,13.30182],[-16.05425,13.30182],[-16.05425,13.28757]]]},"properties":{"region":"Lower River","district":"Kiang West","floods_1m":1,"floods_2m":1,"floods_3m":1,"first_flood_m":1,"nests":true,"area_km2":2.445}},{"type":"Feature","geometry":{"type":"Polygon","coordinates":[[[-16.15406,13.28],[-16.15406,13.28757],[-16.14635,13.28757],[-16.1469,13.287],[-16.14846,13.28517],[-16.15003,13.28342],[-16.1521,13.28156],[-16.1539,13.28014],[-16.15406,13.28]]]},"properties":{"region":"Lower River","district":"Kiang West","floods_1m":1,"floods_2m":1,"floods_3m":1,"first_flood_m":1,"nests":true,"area_km2":0.378}},{"type":"Feature","geometry":{"type":"Polygon","coordinates":[[[-16.04,13.40163],[-16.05425,13.40163],[-16.05425,13.41052],[-16.04383,13.41589],[-16.04,13.41589],[-16.04,13.40163]]]},"properties":{"region":"Lower River","district":"Kiang West","floods_1m":1,"floods_2m":1,"floods_3m":1,"first_flood_m":1,"nests":true,"area_km2":2.108}},{"type":"Feature","geometry":{"type":"Polygon","coordinates":[[[-15.96871,13.37311],[-15.98296,13.37311],[-15.98296,13.38069],[-15.98296,13.38737],[-15.96871,13.38737],[-15.96871,13.38069],[-15.96871,13.37311]]]},"properties":{"region":"Lower River","district":"Kiang West","floods_1m":0,"floods_2m":0,"floods_3m":1,"first_flood_m":3,"nests":true,"area_km2":2.444}},{"type":"Feature","geometry":{"type":"Polygon","coordinates":[[[-16.15406,13.30182],[-16.16832,13.30182],[-16.16832,13.31608],[-16.15406,13.31608],[-16.15406,13.30182]]]},"properties":{"region":"Lower River","district":"Kiang West","floods_1m":0,"floods_2m":0,"floods_3m":1,"first_flood_m":3,"nests":true,"area_km2":2.447}},{"type":"Feature","geometry":{"type":"Polygon","coordinates":[[[-15.84038,13.37311],[-15.85464,13.37311],[-15.85464,13.38069],[-15.85464,13.38737],[-15.84038,13.38737],[-15.84038,13.38069],[-15.84038,13.37311]]]},"properties":{"region":"Lower River","district":"Kiang West","floods_1m":0,"floods_2m":0,"floods_3m":1,"first_flood_m":3,"nests":true,"area_km2":2.446}},{"type":"Feature","geometry":{"type":"Polygon","coordinates":[[[-16.11129,13.25693],[-16.11226,13.25752],[-16.11355,13.25905],[-16.11129,13.25905],[-16.11129,13.25693]]]},"properties":{"region":"Lower River","district":"Kiang West","floods_1m":1,"floods_2m":1,"floods_3m":1,"first_flood_m":1,"nests":true,"area_km2":0.033}},{"type":"Feature","geometry":{"type":"Polygon","coordinates":[[[-16.02574,13.31608],[-16.04,13.31608],[-16.04,13.33034],[-16.02574,13.33034],[-16.02574,13.31608]]]},"properties":{"region":"Lower River","district":"Kiang West","floods_1m":1,"floods_2m":1,"floods_3m":1,"first_flood_m":1,"nests":true,"area_km2":2.447}},{"type":"Feature","geometry":{"type":"Polygon","coordinates":[[[-16.02574,13.30182],[-16.04,13.30182],[-16.04,13.31608],[-16.02574,13.31608],[-16.02574,13.30182]]]},"properties":{"region":"Lower River","district":"Kiang West","floods_1m":1,"floods_2m":1,"floods_3m":1,"first_flood_m":1,"nests":true,"area_km2":2.447}},{"type":"Feature","geometry":{"type":"Polygon","coordinates":[[[-15.82514,13.43399],[-15.82523,13.43015],[-15.82613,13.43015],[-15.82613,13.43416],[-15.82514,13.43399]]]},"properties":{"region":"Lower River","district":"Kiang West","floods_1m":0,"floods_2m":1,"floods_3m":1,"first_flood_m":2,"nests":true,"area_km2":0.045}},{"type":"Feature","geometry":{"type":"Polygon","coordinates":[[[-16.21109,13.27331],[-16.21481,13.27331],[-16.21446,13.27389],[-16.21392,13.2759],[-16.21347,13.27762],[-16.21291,13.27952],[-16.21267,13.28043],[-16.21216,13.28227],[-16.21169,13.28333],[-16.21109,13.28459],[-16.21109,13.27331]]]},"properties":{"region":"Lower River","district":"Kiang West","floods_1m":1,"floods_2m":1,"floods_3m":1,"first_flood_m":1,"nests":true,"area_km2":0.265}},{"type":"Feature","geometry":{"type":"Polygon","coordinates":[[[-16.11129,13.30182],[-16.12554,13.30182],[-16.12554,13.31608],[-16.11129,13.31608],[-16.11129,13.30182]]]},"properties":{"region":"Lower River","district":"Kiang West","floods_1m":1,"floods_2m":1,"floods_3m":1,"first_flood_m":1,"nests":true,"area_km2":2.445}},{"type":"Feature","geometry":{"type":"Polygon","coordinates":[[[-16.02574,13.28757],[-16.04,13.28757],[-16.04,13.30182],[-16.02574,13.30182],[-16.02574,13.28757]]]},"properties":{"region":"Lower River","district":"Kiang West","floods_1m":1,"floods_2m":1,"floods_3m":1,"first_flood_m":1,"nests":true,"area_km2":2.445}},{"type":"Feature","geometry":{"type":"Polygon","coordinates":[[[-15.85464,13.27331],[-15.8689,13.27331],[-15.8689,13.28757],[-15.85464,13.28757],[-15.85464,13.27331]]]},"properties":{"region":"Lower River","district":"Kiang West","floods_1m":1,"floods_2m":1,"floods_3m":1,"first_flood_m":1,"nests":true,"area_km2":2.447}},{"type":"Feature","geometry":{"type":"Polygon","coordinates":[[[-15.91167,13.27331],[-15.92006,13.27331],[-15.92092,13.27437],[-15.92278,13.27632],[-15.92384,13.27681],[-15.92516,13.27635],[-15.92507,13.27408],[-15.92518,13.27331],[-15.92593,13.27331],[-15.92593,13.28757],[-15.91167,13.28757],[-15.91167,13.27331]]]},"properties":{"region":"Lower River","district":"Kiang West","floods_1m":1,"floods_2m":1,"floods_3m":1,"first_flood_m":1,"nests":true,"area_km2":2.304}},{"type":"Feature","geometry":{"type":"Polygon","coordinates":[[[-16.05425,13.40163],[-16.06851,13.40163],[-16.06851,13.40454],[-16.06329,13.40587],[-16.05425,13.41052],[-16.05425,13.40163]]]},"properties":{"region":"Lower River","district":"Kiang West","floods_1m":1,"floods_2m":1,"floods_3m":1,"first_flood_m":1,"nests":true,"area_km2":0.938}},{"type":"Feature","geometry":{"type":"Polygon","coordinates":[[[-16.12632,13.41589],[-16.12554,13.41563],[-16.12554,13.40163],[-16.1398,13.40163],[-16.1398,13.41589],[-16.12632,13.41589]]]},"properties":{"region":"Lower River","district":"Kiang West","floods_1m":1,"floods_2m":1,"floods_3m":1,"first_flood_m":1,"nests":true,"area_km2":2.445}},{"type":"Feature","geometry":{"type":"Polygon","coordinates":[[[-16.18258,13.33034],[-16.19683,13.33034],[-16.19683,13.3446],[-16.18258,13.3446],[-16.18258,13.33034]]]},"properties":{"region":"Lower River","district":"Kiang West","floods_1m":1,"floods_2m":1,"floods_3m":1,"first_flood_m":1,"nests":true,"area_km2":2.445}},{"type":"Feature","geometry":{"type":"Polygon","coordinates":[[[-16.19683,13.3446],[-16.21109,13.3446],[-16.21109,13.35886],[-16.19683,13.35886],[-16.19683,13.3446]]]},"properties":{"region":"Lower River","district":"Kiang West","floods_1m":1,"floods_2m":1,"floods_3m":1,"first_flood_m":1,"nests":true,"area_km2":2.446}},{"type":"Feature","geometry":{"type":"Polygon","coordinates":[[[-15.91167,13.2577],[-15.91167,13.25905],[-15.89925,13.25905],[-15.89983,13.25821],[-15.90146,13.2571],[-15.90369,13.25633],[-15.90496,13.25602],[-15.90614,13.25606],[-15.90772,13.25626],[-15.90899,13.25641],[-15.91022,13.25702],[-15.91139,13.25763],[-15.91167,13.2577]]]},"properties":{"region":"Lower River","district":"Kiang West","floods_1m":1,"floods_2m":1,"floods_3m":1,"first_flood_m":1,"nests":true,"area_km2":0.34}},{"type":"Feature","geometry":{"type":"Polygon","coordinates":[[[-16.09703,13.30182],[-16.11129,13.30182],[-16.11129,13.31608],[-16.09703,13.31608],[-16.09703,13.30182]]]},"properties":{"region":"Lower River","district":"Kiang West","floods_1m":1,"floods_2m":1,"floods_3m":1,"first_flood_m":1,"nests":true,"area_km2":2.447}},{"type":"Feature","geometry":{"type":"Polygon","coordinates":[[[-15.95445,13.38737],[-15.96871,13.38737],[-15.96871,13.40163],[-15.95445,13.40163],[-15.95445,13.38737]]]},"properties":{"region":"Lower River","district":"Kiang West","floods_1m":1,"floods_2m":1,"floods_3m":1,"first_flood_m":1,"nests":true,"area_km2":2.446}},{"type":"Feature","geometry":{"type":"Polygon","coordinates":[[[-16.21109,13.24567],[-16.21135,13.2465],[-16.21164,13.24791],[-16.21188,13.24886],[-16.21211,13.24961],[-16.21234,13.25027],[-16.21287,13.25131],[-16.21327,13.2522],[-16.21383,13.25341],[-16.21424,13.25436],[-16.21459,13.25543],[-16.21497,13.25626],[-16.21537,13.25704],[-16.2161,13.25863],[-16.21625,13.25905],[-16.21109,13.25905],[-16.21109,13.24567]]]},"properties":{"region":"Lower River","district":"Kiang West","floods_1m":1,"floods_2m":1,"floods_3m":1,"first_flood_m":1,"nests":true,"area_km2":0.375}},{"type":"Feature","geometry":{"type":"Polygon","coordinates":[[[-16.02574,13.28241],[-16.02743,13.28113],[-16.02875,13.27955],[-16.03051,13.27731],[-16.03195,13.27584],[-16.03304,13.27463],[-16.03412,13.2736],[-16.03456,13.27342],[-16.03489,13.27331],[-16.03625,13.27331],[-16.03645,13.27336],[-16.03689,13.2735],[-16.03748,13.27359],[-16.03836,13.27367],[-16.03945,13.27376],[-16.04,13.27386],[-16.04,13.28757],[-16.02574,13.28757],[-16.02574,13.28241]]]},"properties":{"region":"Lower River","district":"Kiang West","floods_1m":1,"floods_2m":1,"floods_3m":1,"first_flood_m":1,"nests":true,"area_km2":1.947}},{"type":"Feature","geometry":{"type":"Polygon","coordinates":[[[-15.80297,13.25905],[-15.80983,13.25853],[-15.80987,13.25683],[-15.81014,13.25717],[-15.81058,13.25749],[-15.81149,13.25789],[-15.81187,13.25797],[-15.81187,13.25905],[-15.80297,13.25905]]]},"properties":{"region":"Lower River","district":"Kiang West","floods_1m":1,"floods_2m":1,"floods_3m":1,"first_flood_m":1,"nests":true,"area_km2":0.058}},{"type":"Feature","geometry":{"type":"Polygon","coordinates":[[[-15.89742,13.26556],[-15.89752,13.26554],[-15.89811,13.26522],[-15.89843,13.2645],[-15.89838,13.26347],[-15.89812,13.26226],[-15.8985,13.26057],[-15.89904,13.25936],[-15.89925,13.25905],[-15.91167,13.25905],[-15.91167,13.27331],[-15.89742,13.27331],[-15.89742,13.26556]]]},"properties":{"region":"Lower River","district":"Kiang West","floods_1m":1,"floods_2m":1,"floods_3m":1,"first_flood_m":1,"nests":true,"area_km2":2.368}},{"type":"Feature","geometry":{"type":"Polygon","coordinates":[[[-15.96871,13.31608],[-15.98296,13.31608],[-15.98296,13.33034],[-15.96871,13.33034],[-15.96871,13.31608]]]},"properties":{"region":"Lower River","district":"Kiang West","floods_1m":1,"floods_2m":1,"floods_3m":1,"first_flood_m":1,"nests":true,"area_km2":2.445}},{"type":"Feature","geometry":{"type":"Polygon","coordinates":[[[-16.19683,13.24864],[-16.19826,13.24808],[-16.19952,13.24771],[-16.20073,13.24743],[-16.202,13.24732],[-16.20326,13.24715],[-16.20435,13.2473],[-16.2055,13.24745],[-16.20676,13.24763],[-16.20808,13.24772],[-16.20909,13.24735],[-16.20976,13.24675],[-16.21015,13.24612],[-16.21045,13.24538],[-16.21057,13.24479],[-16.21081,13.24479],[-16.21083,13.24483],[-16.21109,13.24567],[-16.21109,13.24567],[-16.21109,13.25905],[-16.19683,13.25905],[-16.19683,13.24864]]]},"properties":{"region":"Lower River","district":"Kiang West","floods_1m":1,"floods_2m":1,"floods_3m":1,"first_flood_m":1,"nests":true,"area_km2":2.002}},{"type":"Feature","geometry":{"type":"MultiPolygon","coordinates":[[[[-15.95445,13.28388],[-15.95573,13.28557],[-15.9554,13.28757],[-15.95445,13.28757],[-15.95445,13.28388]]],[[[-15.9641,13.28757],[-15.96452,13.28692],[-15.96549,13.28611],[-15.96602,13.28602],[-15.96696,13.28599],[-15.96726,13.28606],[-15.96787,13.28619],[-15.96871,13.2866],[-15.96871,13.28757],[-15.9641,13.28757]]]]},"properties":{"region":"Lower River","district":"Kiang West","floods_1m":1,"floods_2m":1,"floods_3m":1,"first_flood_m":1,"nests":true,"area_km2":0.109}},{"type":"Feature","geometry":{"type":"Polygon","coordinates":[[[-15.92593,13.28757],[-15.94019,13.28757],[-15.94019,13.30182],[-15.92593,13.30182],[-15.92593,13.28757]]]},"properties":{"region":"Lower River","district":"Kiang West","floods_1m":1,"floods_2m":1,"floods_3m":1,"first_flood_m":1,"nests":true,"area_km2":2.445}},{"type":"Feature","geometry":{"type":"MultiPolygon","coordinates":[[[[-15.95445,13.29129],[-15.95513,13.29193],[-15.95683,13.2925],[-15.95954,13.29247],[-15.96109,13.29126],[-15.96265,13.28976],[-15.9637,13.28818],[-15.9641,13.28757],[-15.96871,13.28757],[-15.96871,13.30182],[-15.95445,13.30182],[-15.95445,13.29129]]],[[[-15.95445,13.28757],[-15.9554,13.28757],[-15.95535,13.28787],[-15.95445,13.28956],[-15.95445,13.28757]]]]},"properties":{"region":"Lower River","district":"Kiang West","floods_1m":1,"floods_2m":1,"floods_3m":1,"first_flood_m":1,"nests":true,"area_km2":2.015}},{"type":"Feature","geometry":{"type":"Polygon","coordinates":[[[-16.15406,13.28],[-16.15584,13.27842],[-16.15744,13.27696],[-16.15868,13.27556],[-16.16012,13.27421],[-16.16122,13.27331],[-16.16832,13.27331],[-16.16832,13.28757],[-16.15406,13.28757],[-16.15406,13.28]]]},"properties":{"region":"Lower River","district":"Kiang West","floods_1m":1,"floods_2m":1,"floods_3m":1,"first_flood_m":1,"nests":true,"area_km2":2.159}},{"type":"Feature","geometry":{"type":"Polygon","coordinates":[[[-16.02574,13.41755],[-16.02574,13.41589],[-16.04,13.41589],[-16.04,13.41786],[-16.03977,13.41798],[-16.02826,13.41793],[-16.02574,13.41755]]]},"properties":{"region":"Lower River","district":"Kiang West","floods_1m":1,"floods_2m":1,"floods_3m":1,"first_flood_m":1,"nests":true,"area_km2":0.348}},{"type":"Feature","geometry":{"type":"MultiPolygon","coordinates":[[[[-15.85464,13.26978],[-15.85509,13.27015],[-15.85633,13.27039],[-15.85748,13.27045],[-15.85886,13.27032],[-15.86024,13.27006],[-15.8613,13.26975],[-15.86186,13.26886],[-15.86163,13.26771],[-15.86146,13.2667],[-15.86214,13.26561],[-15.86355,13.26519],[-15.86567,13.26546],[-15.86737,13.26578],[-15.86875,13.26599],[-15.8689,13.26603],[-15.8689,13.27331],[-15.85464,13.27331],[-15.85464,13.26978]]],[[[-15.85464,13.25905],[-15.85547,13.25905],[-15.85557,13.26024],[-15.85545,13.26139],[-15.85491,13.26256],[-15.85464,13.26312],[-15.85464,13.25905]]]]},"properties":{"region":"Lower River","district":"Kiang West","floods_1m":1,"floods_2m":1,"floods_3m":1,"first_flood_m":1,"nests":true,"area_km2":0.971}},{"type":"Feature","geometry":{"type":"Polygon","coordinates":[[[-15.82613,13.41589],[-15.84038,13.41589],[-15.84038,13.43015],[-15.82613,13.43015],[-15.82613,13.41589]]]},"properties":{"region":"Lower River","district":"Kiang West","floods_1m":1,"floods_2m":1,"floods_3m":1,"first_flood_m":1,"nests":true,"area_km2":2.444}},{"type":"Feature","geometry":{"type":"Polygon","coordinates":[[[-16.16832,13.38737],[-16.18258,13.38737],[-16.18258,13.39334],[-16.17404,13.40163],[-16.16832,13.40163],[-16.16832,13.38737]]]},"properties":{"region":"Lower River","district":"Kiang West","floods_1m":1,"floods_2m":1,"floods_3m":1,"first_flood_m":1,"nests":true,"area_km2":2.02}},{"type":"Feature","geometry":{"type":"Polygon","coordinates":[[[-16.18258,13.31608],[-16.19683,13.31608],[-16.19683,13.33034],[-16.18258,13.33034],[-16.18258,13.31608]]]},"properties":{"region":"Lower River","district":"Kiang West","floods_1m":1,"floods_2m":1,"floods_3m":1,"first_flood_m":1,"nests":true,"area_km2":2.445}},{"type":"Feature","geometry":{"type":"Polygon","coordinates":[[[-15.94019,13.40163],[-15.9491,13.40163],[-15.95445,13.40163],[-15.95445,13.41589],[-15.9491,13.41589],[-15.94019,13.41589],[-15.94019,13.40163]]]},"properties":{"region":"Lower River","district":"Kiang West","floods_1m":1,"floods_2m":1,"floods_3m":1,"first_flood_m":1,"nests":true,"area_km2":2.446}},{"type":"Feature","geometry":{"type":"Polygon","coordinates":[[[-15.95445,13.40163],[-15.96871,13.40163],[-15.96871,13.41589],[-15.95445,13.41589],[-15.95445,13.40163]]]},"properties":{"region":"Lower River","district":"Kiang West","floods_1m":1,"floods_2m":1,"floods_3m":1,"first_flood_m":1,"nests":true,"area_km2":2.446}},{"type":"Feature","geometry":{"type":"Polygon","coordinates":[[[-16.18258,13.3446],[-16.19683,13.3446],[-16.19683,13.35886],[-16.18258,13.35886],[-16.18258,13.3446]]]},"properties":{"region":"Lower River","district":"Kiang West","floods_1m":1,"floods_2m":1,"floods_3m":1,"first_flood_m":1,"nests":true,"area_km2":2.445}},{"type":"Feature","geometry":{"type":"Polygon","coordinates":[[[-16.01458,13.41589],[-16.02574,13.41589],[-16.02574,13.41755],[-16.01458,13.41589]]]},"properties":{"region":"Lower River","district":"Kiang West","floods_1m":0,"floods_2m":1,"floods_3m":1,"first_flood_m":2,"nests":true,"area_km2":0.111}},{"type":"Feature","geometry":{"type":"Polygon","coordinates":[[[-16.18258,13.35886],[-16.19683,13.35886],[-16.19683,13.37311],[-16.18258,13.37311],[-16.18258,13.35886]]]},"properties":{"region":"Lower River","district":"Kiang West","floods_1m":1,"floods_2m":1,"floods_3m":1,"first_flood_m":1,"nests":true,"area_km2":2.443}},{"type":"Feature","geometry":{"type":"Polygon","coordinates":[[[-15.96871,13.40163],[-15.98296,13.40163],[-15.98296,13.41441],[-15.979,13.41589],[-15.96871,13.41589],[-15.96871,13.40163]]]},"properties":{"region":"Lower River","district":"Kiang West","floods_1m":1,"floods_2m":1,"floods_3m":1,"first_flood_m":1,"nests":true,"area_km2":2.409}},{"type":"Feature","geometry":{"type":"Polygon","coordinates":[[[-16.04,13.30182],[-16.05425,13.30182],[-16.05425,13.31608],[-16.04,13.31608],[-16.04,13.30182]]]},"properties":{"region":"Lower River","district":"Kiang West","floods_1m":1,"floods_2m":1,"floods_3m":1,"first_flood_m":1,"nests":true,"area_km2":2.445}},{"type":"Feature","geometry":{"type":"Polygon","coordinates":[[[-15.8689,13.41589],[-15.88316,13.41589],[-15.88316,13.42903],[-15.88224,13.43015],[-15.8689,13.43015],[-15.8689,13.41589]]]},"properties":{"region":"Lower River","district":"Kiang West","floods_1m":1,"floods_2m":1,"floods_3m":1,"first_flood_m":1,"nests":true,"area_km2":2.439}},{"type":"Feature","geometry":{"type":"Polygon","coordinates":[[[-16.06851,13.35886],[-16.08277,13.35886],[-16.08277,13.37311],[-16.06851,13.37311],[-16.06851,13.35886]]]},"properties":{"region":"Lower River","district":"Kiang West","floods_1m":1,"floods_2m":1,"floods_3m":1,"first_flood_m":1,"nests":true,"area_km2":2.444}},{"type":"Feature","geometry":{"type":"Polygon","coordinates":[[[-16.02574,13.40163],[-16.04,13.40163],[-16.04,13.41589],[-16.02574,13.41589],[-16.02574,13.40163]]]},"properties":{"region":"Lower River","district":"Kiang West","floods_1m":1,"floods_2m":1,"floods_3m":1,"first_flood_m":1,"nests":true,"area_km2":2.446}},{"type":"Feature","geometry":{"type":"Polygon","coordinates":[[[-16.19683,13.37311],[-16.21107,13.37311],[-16.19683,13.38276],[-16.19683,13.38069],[-16.19683,13.37311]]]},"properties":{"region":"Lower River","district":"Kiang West","floods_1m":1,"floods_2m":1,"floods_3m":1,"first_flood_m":1,"nests":true,"area_km2":0.826}},{"type":"Feature","geometry":{"type":"Polygon","coordinates":[[[-16.12554,13.29184],[-16.12699,13.29203],[-16.12988,13.2923],[-16.13217,13.29277],[-16.13426,13.29301],[-16.13599,13.29334],[-16.13711,13.29346],[-16.1384,13.29335],[-16.13973,13.29275],[-16.1398,13.2927],[-16.1398,13.30182],[-16.12554,13.30182],[-16.12554,13.29184]]]},"properties":{"region":"Lower River","district":"Kiang West","floods_1m":1,"floods_2m":1,"floods_3m":1,"first_flood_m":1,"nests":true,"area_km2":1.561}},{"type":"Feature","geometry":{"type":"Polygon","coordinates":[[[-16.12632,13.41589],[-16.1398,13.41589],[-16.1398,13.42134],[-16.1354,13.41896],[-16.12632,13.41589]]]},"properties":{"region":"Lower River","district":"Kiang West","floods_1m":0,"floods_2m":0,"floods_3m":1,"first_flood_m":3,"nests":true,"area_km2":0.393}},{"type":"Feature","geometry":{"type":"Polygon","coordinates":[[[-15.94019,13.41589],[-15.9491,13.41589],[-15.95445,13.41589],[-15.95445,13.41861],[-15.94019,13.4194],[-15.94019,13.41589]]]},"properties":{"region":"Lower River","district":"Kiang West","floods_1m":0,"floods_2m":1,"floods_3m":1,"first_flood_m":2,"nests":true,"area_km2":0.534}},{"type":"Feature","geometry":{"type":"Polygon","coordinates":[[[-16.09703,13.31608],[-16.11129,13.31608],[-16.11129,13.33034],[-16.09703,13.33034],[-16.09703,13.31608]]]},"properties":{"region":"Lower River","district":"Kiang West","floods_1m":0,"floods_2m":1,"floods_3m":1,"first_flood_m":2,"nests":true,"area_km2":2.447}},{"type":"Feature","geometry":{"type":"Polygon","coordinates":[[[-16.12554,13.30182],[-16.1398,13.30182],[-16.1398,13.31608],[-16.12554,13.31608],[-16.12554,13.30182]]]},"properties":{"region":"Lower River","district":"Kiang West","floods_1m":1,"floods_2m":1,"floods_3m":1,"first_flood_m":1,"nests":true,"area_km2":2.447}},{"type":"Feature","geometry":{"type":"Polygon","coordinates":[[[-16.05425,13.38737],[-16.06851,13.38737],[-16.06851,13.40163],[-16.05425,13.40163],[-16.05425,13.38737]]]},"properties":{"region":"Lower River","district":"Kiang West","floods_1m":1,"floods_2m":1,"floods_3m":1,"first_flood_m":1,"nests":true,"area_km2":2.446}},{"type":"Feature","geometry":{"type":"Polygon","coordinates":[[[-16.08277,13.28757],[-16.09703,13.28757],[-16.09703,13.30182],[-16.08277,13.30182],[-16.08277,13.28757]]]},"properties":{"region":"Lower River","district":"Kiang West","floods_1m":1,"floods_2m":1,"floods_3m":1,"first_flood_m":1,"nests":true,"area_km2":2.445}},{"type":"Feature","geometry":{"type":"Polygon","coordinates":[[[-15.95445,13.41589],[-15.96871,13.41589],[-15.96871,13.41805],[-15.96554,13.418],[-15.95445,13.41861],[-15.95445,13.41589]]]},"properties":{"region":"Lower River","district":"Kiang West","floods_1m":0,"floods_2m":1,"floods_3m":1,"first_flood_m":2,"nests":true,"area_km2":0.404}},{"type":"Feature","geometry":{"type":"Polygon","coordinates":[[[-16.04,13.27386],[-16.04027,13.2739],[-16.04115,13.2741],[-16.04359,13.27436],[-16.04635,13.27476],[-16.04924,13.27442],[-16.05129,13.27349],[-16.05157,13.27331],[-16.05425,13.27331],[-16.05425,13.28757],[-16.04,13.28757],[-16.04,13.27386]]]},"properties":{"region":"Lower River","district":"Kiang West","floods_1m":1,"floods_2m":1,"floods_3m":1,"first_flood_m":1,"nests":true,"area_km2":2.307}},{"type":"Feature","geometry":{"type":"Polygon","coordinates":[[[-16.11129,13.28757],[-16.11312,13.28757],[-16.11336,13.28811],[-16.11441,13.28936],[-16.11626,13.2902],[-16.11847,13.29081],[-16.12108,13.29114],[-16.12444,13.2917],[-16.12554,13.29184],[-16.12554,13.30182],[-16.11129,13.30182],[-16.11129,13.28757]]]},"properties":{"region":"Lower River","district":"Kiang West","floods_1m":1,"floods_2m":1,"floods_3m":1,"first_flood_m":1,"nests":true,"area_km2":1.983}},{"type":"Feature","geometry":{"type":"Polygon","coordinates":[[[-16.21109,13.31608],[-16.22535,13.31608],[-16.22535,13.33034],[-16.21109,13.33034],[-16.21109,13.31608]]]},"properties":{"region":"Lower River","district":"Kiang West","floods_1m":1,"floods_2m":1,"floods_3m":1,"first_flood_m":1,"nests":true,"area_km2":2.447}},{"type":"Feature","geometry":{"type":"Polygon","coordinates":[[[-15.8689,13.28757],[-15.88316,13.28757],[-15.88316,13.30182],[-15.8689,13.30182],[-15.8689,13.28757]]]},"properties":{"region":"Lower River","district":"Kiang West","floods_1m":0,"floods_2m":0,"floods_3m":1,"first_flood_m":3,"nests":true,"area_km2":2.445}},{"type":"Feature","geometry":{"type":"Polygon","coordinates":[[[-16.04,13.41589],[-16.04383,13.41589],[-16.04,13.41786],[-16.04,13.41589]]]},"properties":{"region":"Lower River","district":"Kiang West","floods_1m":0,"floods_2m":1,"floods_3m":1,"first_flood_m":2,"nests":true,"area_km2":0.045}},{"type":"Feature","geometry":{"type":"Polygon","coordinates":[[[-15.96871,13.41805],[-15.96871,13.41589],[-15.979,13.41589],[-15.97306,13.41811],[-15.96871,13.41805]]]},"properties":{"region":"Lower River","district":"Kiang West","floods_1m":0,"floods_2m":1,"floods_3m":1,"first_flood_m":2,"nests":true,"area_km2":0.194}},{"type":"Feature","geometry":{"type":"Polygon","coordinates":[[[-15.98296,13.40163],[-15.99722,13.40163],[-15.99722,13.4133],[-15.99482,13.41294],[-15.98333,13.41427],[-15.98296,13.41441],[-15.98296,13.40163]]]},"properties":{"region":"Lower River","district":"Kiang West","floods_1m":1,"floods_2m":1,"floods_3m":1,"first_flood_m":1,"nests":true,"area_km2":2.043}},{"type":"Feature","geometry":{"type":"Polygon","coordinates":[[[-16.12554,13.27109],[-16.12616,13.27187],[-16.12731,13.27331],[-16.12554,13.27331],[-16.12554,13.27109]]]},"properties":{"region":"Lower River","district":"Kiang West","floods_1m":1,"floods_2m":1,"floods_3m":1,"first_flood_m":1,"nests":true,"area_km2":0.024}},{"type":"Feature","geometry":{"type":"Polygon","coordinates":[[[-16.01148,13.31608],[-16.02574,13.31608],[-16.02574,13.33034],[-16.01148,13.33034],[-16.01148,13.31608]]]},"properties":{"region":"Lower River","district":"Kiang West","floods_1m":0,"floods_2m":0,"floods_3m":1,"first_flood_m":3,"nests":true,"area_km2":2.447}},{"type":"Feature","geometry":{"type":"Polygon","coordinates":[[[-16.16832,13.35886],[-16.18258,13.35886],[-16.18258,13.37311],[-16.16832,13.37311],[-16.16832,13.35886]]]},"properties":{"region":"Lower River","district":"Kiang West","floods_1m":1,"floods_2m":1,"floods_3m":1,"first_flood_m":1,"nests":true,"area_km2":2.444}},{"type":"Feature","geometry":{"type":"Polygon","coordinates":[[[-15.8689,13.38737],[-15.88316,13.38737],[-15.88316,13.40163],[-15.8689,13.40163],[-15.8689,13.38737]]]},"properties":{"region":"Lower River","district":"Kiang West","floods_1m":0,"floods_2m":1,"floods_3m":1,"first_flood_m":2,"nests":true,"area_km2":2.446}},{"type":"Feature","geometry":{"type":"Polygon","coordinates":[[[-16.06851,13.38737],[-16.08277,13.38737],[-16.08277,13.40163],[-16.06851,13.40163],[-16.06851,13.38737]]]},"properties":{"region":"Lower River","district":"Kiang West","floods_1m":1,"floods_2m":1,"floods_3m":1,"first_flood_m":1,"nests":true,"area_km2":2.446}},{"type":"Feature","geometry":{"type":"Polygon","coordinates":[[[-15.91167,13.40163],[-15.92593,13.40163],[-15.92593,13.41589],[-15.91167,13.41589],[-15.91167,13.40163]]]},"properties":{"region":"Lower River","district":"Kiang West","floods_1m":1,"floods_2m":1,"floods_3m":1,"first_flood_m":1,"nests":true,"area_km2":2.446}},{"type":"Feature","geometry":{"type":"Polygon","coordinates":[[[-15.84038,13.43771],[-15.84038,13.43015],[-15.85464,13.43015],[-15.85464,13.44216],[-15.85175,13.44161],[-15.84597,13.43963],[-15.84038,13.43771]]]},"properties":{"region":"Lower River","district":"Kiang West","floods_1m":0,"floods_2m":0,"floods_3m":1,"first_flood_m":3,"nests":true,"area_km2":1.708}},{"type":"Feature","geometry":{"type":"Polygon","coordinates":[[[-16.18258,13.30182],[-16.19683,13.30182],[-16.19683,13.31608],[-16.18258,13.31608],[-16.18258,13.30182]]]},"properties":{"region":"Lower River","district":"Kiang West","floods_1m":1,"floods_2m":1,"floods_3m":1,"first_flood_m":1,"nests":true,"area_km2":2.445}},{"type":"Feature","geometry":{"type":"MultiPolygon","coordinates":[[[[-15.91167,13.25905],[-15.91776,13.25905],[-15.91786,13.25984],[-15.91809,13.26065],[-15.91818,13.26092],[-15.91822,13.26102],[-15.91852,13.26224],[-15.91881,13.26327],[-15.91882,13.26428],[-15.91809,13.26609],[-15.91718,13.26813],[-15.91706,13.26931],[-15.91792,13.27098],[-15.91945,13.27256],[-15.92006,13.27331],[-15.91167,13.27331],[-15.91167,13.25905]]],[[[-15.92518,13.27331],[-15.92536,13.27203],[-15.92593,13.27058],[-15.92593,13.27331],[-15.92518,13.27331]]]]},"properties":{"region":"Lower River","district":"Kiang West","floods_1m":1,"floods_2m":1,"floods_3m":1,"first_flood_m":1,"nests":true,"area_km2":1.131}},{"type":"Feature","geometry":{"type":"Polygon","coordinates":[[[-16.1398,13.40163],[-16.15406,13.40163],[-16.15406,13.41589],[-16.1398,13.41589],[-16.1398,13.40163]]]},"properties":{"region":"Lower River","district":"Kiang West","floods_1m":1,"floods_2m":1,"floods_3m":1,"first_flood_m":1,"nests":true,"area_km2":2.446}},{"type":"Feature","geometry":{"type":"Polygon","coordinates":[[[-15.89742,13.52995],[-15.91167,13.52995],[-15.91167,13.54421],[-15.89742,13.54421],[-15.89742,13.52995]]]},"properties":{"region":"North Bank","district":"Central Baddibu","floods_1m":1,"floods_2m":1,"floods_3m":1,"first_flood_m":1,"nests":true,"area_km2":2.443}},{"type":"Feature","geometry":{"type":"Polygon","coordinates":[[[-15.99722,13.48718],[-16.00495,13.48718],[-16.00496,13.4872],[-16.00464,13.48823],[-16.00411,13.48852],[-16.00343,13.48857],[-16.00264,13.48837],[-16.00181,13.48854],[-16.00152,13.48888],[-16.00131,13.48974],[-16.00084,13.49014],[-16.00057,13.49063],[-16.00075,13.49098],[-16.00107,13.49132],[-16.00151,13.49184],[-16.00201,13.49236],[-16.00224,13.49259],[-16.00286,13.49354],[-16.00262,13.49461],[-16.00176,13.49529],[-16.00102,13.49586],[-16.00073,13.49664],[-16.00078,13.49744],[-16.00099,13.49811],[-16.00169,13.49851],[-16.00245,13.49863],[-16.00363,13.49881],[-16.00434,13.4995],[-16.00433,13.50048],[-16.00389,13.50144],[-15.99722,13.50144],[-15.99722,13.48718]]]},"properties":{"region":"North Bank","district":"Central Baddibu","floods_1m":1,"floods_2m":1,"floods_3m":1,"first_flood_m":1,"nests":true,"area_km2":0.876}},{"type":"Feature","geometry":{"type":"Polygon","coordinates":[[[-15.8689,13.52995],[-15.88316,13.52995],[-15.88316,13.54421],[-15.8689,13.54421],[-15.8689,13.52995]]]},"properties":{"region":"North Bank","district":"Central Baddibu","floods_1m":1,"floods_2m":1,"floods_3m":1,"first_flood_m":1,"nests":true,"area_km2":2.444}},{"type":"Feature","geometry":{"type":"Polygon","coordinates":[[[-15.8689,13.47292],[-15.88316,13.47292],[-15.88316,13.48718],[-15.8689,13.48718],[-15.8689,13.47292]]]},"properties":{"region":"North Bank","district":"Central Baddibu","floods_1m":1,"floods_2m":1,"floods_3m":1,"first_flood_m":1,"nests":true,"area_km2":2.445}},{"type":"Feature","geometry":{"type":"Polygon","coordinates":[[[-15.85473,13.54421],[-15.8689,13.54421],[-15.8689,13.55847],[-15.85948,13.55847],[-15.85881,13.5565],[-15.858,13.55353],[-15.8568,13.5499],[-15.85599,13.54757],[-15.85514,13.54541],[-15.85473,13.54421]]]},"properties":{"region":"North Bank","district":"Central Baddibu","floods_1m":1,"floods_2m":1,"floods_3m":1,"first_flood_m":1,"nests":true,"area_km2":2.005}},{"type":"Feature","geometry":{"type":"Polygon","coordinates":[[[-15.98296,13.47292],[-15.99722,13.47292],[-15.99722,13.48718],[-15.98296,13.48718],[-15.98296,13.47292]]]},"properties":{"region":"North Bank","district":"Central Baddibu","floods_1m":1,"floods_2m":1,"floods_3m":1,"first_flood_m":1,"nests":true,"area_km2":2.445}},{"type":"Feature","geometry":{"type":"Polygon","coordinates":[[[-15.92593,13.48718],[-15.94019,13.48718],[-15.94019,13.50144],[-15.92593,13.50144],[-15.92593,13.48718]]]},"properties":{"region":"North Bank","district":"Central Baddibu","floods_1m":1,"floods_2m":1,"floods_3m":1,"first_flood_m":1,"nests":true,"area_km2":2.445}},{"type":"Feature","geometry":{"type":"Polygon","coordinates":[[[-15.88316,13.48718],[-15.89742,13.48718],[-15.89742,13.50144],[-15.88316,13.50144],[-15.88316,13.48718]]]},"properties":{"region":"North Bank","district":"Central Baddibu","floods_1m":1,"floods_2m":1,"floods_3m":1,"first_flood_m":1,"nests":true,"area_km2":2.445}},{"type":"Feature","geometry":{"type":"Polygon","coordinates":[[[-15.91167,13.52995],[-15.92593,13.52995],[-15.92593,13.54421],[-15.91167,13.54421],[-15.91167,13.52995]]]},"properties":{"region":"North Bank","district":"Central Baddibu","floods_1m":0,"floods_2m":1,"floods_3m":1,"first_flood_m":2,"nests":true,"area_km2":2.444}},{"type":"Feature","geometry":{"type":"Polygon","coordinates":[[[-15.8689,13.51569],[-15.88316,13.51569],[-15.88316,13.52995],[-15.8689,13.52995],[-15.8689,13.51569]]]},"properties":{"region":"North Bank","district":"Central Baddibu","floods_1m":1,"floods_2m":1,"floods_3m":1,"first_flood_m":1,"nests":true,"area_km2":2.445}},{"type":"Feature","geometry":{"type":"Polygon","coordinates":[[[-15.85464,13.54061],[-15.85464,13.54396],[-15.85427,13.54288],[-15.8538,13.54167],[-15.85383,13.54092],[-15.85457,13.54066],[-15.85464,13.54061]]]},"properties":{"region":"North Bank","district":"Central Baddibu","floods_1m":1,"floods_2m":1,"floods_3m":1,"first_flood_m":1,"nests":true,"area_km2":0.02}},{"type":"Feature","geometry":{"type":"Polygon","coordinates":[[[-15.82029,13.45866],[-15.82613,13.45866],[-15.82613,13.47292],[-15.82419,13.47292],[-15.82415,13.47291],[-15.82307,13.47239],[-15.8221,13.47216],[-15.82172,13.4721],[-15.82125,13.47201],[-15.8206,13.47181],[-15.82037,13.47094],[-15.82075,13.47005],[-15.82093,13.46888],[-15.821,13.46655],[-15.82086,13.46508],[-15.82065,13.46413],[-15.82045,13.46295],[-15.82034,13.46203],[-15.82025,13.46125],[-15.82025,13.46068],[-15.82032,13.46002],[-15.82035,13.45947],[-15.82032,13.45901],[-15.82029,13.45866]]]},"properties":{"region":"North Bank","district":"Central Baddibu","floods_1m":0,"floods_2m":1,"floods_3m":1,"first_flood_m":2,"nests":true,"area_km2":0.916}},{"type":"Feature","geometry":{"type":"Polygon","coordinates":[[[-15.94019,13.48718],[-15.9491,13.48718],[-15.95445,13.48718],[-15.95445,13.50144],[-15.9491,13.50144],[-15.94019,13.50144],[-15.94019,13.48718]]]},"properties":{"region":"North Bank","district":"Central Baddibu","floods_1m":1,"floods_2m":1,"floods_3m":1,"first_flood_m":1,"nests":true,"area_km2":2.445}},{"type":"Feature","geometry":{"type":"MultiPolygon","coordinates":[[[[-15.84008,13.50144],[-15.83855,13.50144],[-15.83891,13.50132],[-15.84008,13.50144]]],[[[-15.83148,13.48718],[-15.84038,13.48718],[-15.84038,13.49688],[-15.83987,13.49659],[-15.83937,13.49595],[-15.83867,13.49451],[-15.8379,13.49393],[-15.83751,13.4937],[-15.83732,13.49358],[-15.837,13.49318],[-15.83671,13.49236],[-15.83633,13.49157],[-15.83595,13.4909],[-15.83545,13.49041],[-15.83477,13.48984],[-15.83333,13.48914],[-15.83239,13.48876],[-15.83192,13.48836],[-15.83148,13.48718]]]]},"properties":{"region":"North Bank","district":"Central Baddibu","floods_1m":1,"floods_2m":1,"floods_3m":1,"first_flood_m":1,"nests":true,"area_km2":0.493}},{"type":"Feature","geometry":{"type":"Polygon","coordinates":[[[-15.99722,13.50144],[-16.00389,13.50144],[-16.00386,13.50151],[-16.00347,13.50223],[-16.00321,13.50309],[-16.00314,13.50364],[-16.00254,13.51346],[-16.00241,13.51569],[-15.99722,13.51569],[-15.99722,13.50144]]]},"properties":{"region":"North Bank","district":"Central Baddibu","floods_1m":1,"floods_2m":1,"floods_3m":1,"first_flood_m":1,"nests":true,"area_km2":0.968}},{"type":"Feature","geometry":{"type":"Polygon","coordinates":[[[-15.91167,13.453],[-15.91771,13.45255],[-15.91862,13.45369],[-15.92122,13.45181],[-15.92593,13.45211],[-15.92593,13.45866],[-15.91167,13.45866],[-15.91167,13.453]]]},"properties":{"region":"North Bank","district":"Central Baddibu","floods_1m":0,"floods_2m":0,"floods_3m":1,"first_flood_m":3,"nests":true,"area_km2":1.052}},{"type":"Feature","geometry":{"type":"Polygon","coordinates":[[[-15.98296,13.48718],[-15.99722,13.48718],[-15.99722,13.50144],[-15.98296,13.50144],[-15.98296,13.48718]]]},"properties":{"region":"North Bank","district":"Central Baddibu","floods_1m":1,"floods_2m":1,"floods_3m":1,"first_flood_m":1,"nests":true,"area_km2":2.445}},{"type":"Feature","geometry":{"type":"Polygon","coordinates":[[[-15.94019,13.45107],[-15.94868,13.45],[-15.9491,13.44989],[-15.95445,13.44847],[-15.95445,13.45866],[-15.9491,13.45866],[-15.94019,13.45866],[-15.94019,13.45107]]]},"properties":{"region":"North Bank","district":"Central Baddibu","floods_1m":0,"floods_2m":1,"floods_3m":1,"first_flood_m":2,"nests":true,"area_km2":1.483}},{"type":"Feature","geometry":{"type":"Polygon","coordinates":[[[-15.96871,13.47292],[-15.98296,13.47292],[-15.98296,13.48718],[-15.96871,13.48718],[-15.96871,13.47292]]]},"properties":{"region":"North Bank","district":"Central Baddibu","floods_1m":1,"floods_2m":1,"floods_3m":1,"first_flood_m":1,"nests":true,"area_km2":2.443}},{"type":"Feature","geometry":{"type":"Polygon","coordinates":[[[-15.88316,13.52995],[-15.89742,13.52995],[-15.89742,13.54421],[-15.88316,13.54421],[-15.88316,13.52995]]]},"properties":{"region":"North Bank","district":"Central Baddibu","floods_1m":1,"floods_2m":1,"floods_3m":1,"first_flood_m":1,"nests":true,"area_km2":2.444}},{"type":"Feature","geometry":{"type":"Polygon","coordinates":[[[-15.88316,13.45812],[-15.89742,13.45482],[-15.89742,13.45866],[-15.88316,13.45866],[-15.88316,13.45812]]]},"properties":{"region":"North Bank","district":"Central Baddibu","floods_1m":0,"floods_2m":1,"floods_3m":1,"first_flood_m":2,"nests":true,"area_km2":0.376}},{"type":"Feature","geometry":{"type":"Polygon","coordinates":[[[-15.82613,13.45866],[-15.83871,13.45866],[-15.84038,13.45895],[-15.84038,13.47292],[-15.82613,13.47292],[-15.82613,13.45866]]]},"properties":{"region":"North Bank","district":"Central Baddibu","floods_1m":0,"floods_2m":1,"floods_3m":1,"first_flood_m":2,"nests":true,"area_km2":2.441}},{"type":"Feature","geometry":{"type":"Polygon","coordinates":[[[-15.88316,13.47292],[-15.89742,13.47292],[-15.89742,13.48718],[-15.88316,13.48718],[-15.88316,13.47292]]]},"properties":{"region":"North Bank","district":"Central Baddibu","floods_1m":1,"floods_2m":1,"floods_3m":1,"first_flood_m":1,"nests":true,"area_km2":2.445}},{"type":"Feature","geometry":{"type":"Polygon","coordinates":[[[-15.84038,13.45895],[-15.85464,13.46137],[-15.85464,13.47292],[-15.84038,13.47292],[-15.84038,13.45895]]]},"properties":{"region":"North Bank","district":"Central Baddibu","floods_1m":0,"floods_2m":1,"floods_3m":1,"first_flood_m":2,"nests":true,"area_km2":2.188}},{"type":"Feature","geometry":{"type":"Polygon","coordinates":[[[-15.92593,13.45866],[-15.94019,13.45866],[-15.94019,13.47292],[-15.92593,13.47292],[-15.92593,13.45866]]]},"properties":{"region":"North Bank","district":"Central Baddibu","floods_1m":1,"floods_2m":1,"floods_3m":1,"first_flood_m":1,"nests":true,"area_km2":2.445}},{"type":"Feature","geometry":{"type":"Polygon","coordinates":[[[-15.91167,13.47292],[-15.92593,13.47292],[-15.92593,13.48718],[-15.91167,13.48718],[-15.91167,13.47292]]]},"properties":{"region":"North Bank","district":"Central Baddibu","floods_1m":1,"floods_2m":1,"floods_3m":1,"first_flood_m":1,"nests":true,"area_km2":2.445}},{"type":"Feature","geometry":{"type":"Polygon","coordinates":[[[-15.97783,13.4444],[-15.98296,13.44375],[-15.98296,13.4444],[-15.97783,13.4444]]]},"properties":{"region":"North Bank","district":"Central Baddibu","floods_1m":0,"floods_2m":1,"floods_3m":1,"first_flood_m":2,"nests":true,"area_km2":0.02}},{"type":"Feature","geometry":{"type":"Polygon","coordinates":[[[-15.95445,13.45866],[-15.96871,13.45866],[-15.96871,13.47292],[-15.95445,13.47292],[-15.95445,13.45866]]]},"properties":{"region":"North Bank","district":"Central Baddibu","floods_1m":1,"floods_2m":1,"floods_3m":1,"first_flood_m":1,"nests":true,"area_km2":2.445}},{"type":"Feature","geometry":{"type":"Polygon","coordinates":[[[-15.95445,13.47292],[-15.96871,13.47292],[-15.96871,13.48718],[-15.95445,13.48718],[-15.95445,13.47292]]]},"properties":{"region":"North Bank","district":"Central Baddibu","floods_1m":1,"floods_2m":1,"floods_3m":1,"first_flood_m":1,"nests":true,"area_km2":2.445}},{"type":"Feature","geometry":{"type":"Polygon","coordinates":[[[-15.84038,13.47292],[-15.85464,13.47292],[-15.85464,13.48718],[-15.84038,13.48718],[-15.84038,13.47292]]]},"properties":{"region":"North Bank","district":"Central Baddibu","floods_1m":1,"floods_2m":1,"floods_3m":1,"first_flood_m":1,"nests":true,"area_km2":2.445}},{"type":"Feature","geometry":{"type":"Polygon","coordinates":[[[-15.98296,13.45866],[-15.99722,13.45866],[-15.99722,13.47292],[-15.98296,13.47292],[-15.98296,13.45866]]]},"properties":{"region":"North Bank","district":"Central Baddibu","floods_1m":1,"floods_2m":1,"floods_3m":1,"first_flood_m":1,"nests":true,"area_km2":2.445}},{"type":"Feature","geometry":{"type":"Polygon","coordinates":[[[-15.96871,13.45866],[-15.98296,13.45866],[-15.98296,13.47292],[-15.96871,13.47292],[-15.96871,13.45866]]]},"properties":{"region":"North Bank","district":"Central Baddibu","floods_1m":1,"floods_2m":1,"floods_3m":1,"first_flood_m":1,"nests":true,"area_km2":2.443}},{"type":"Feature","geometry":{"type":"Polygon","coordinates":[[[-15.88316,13.45866],[-15.89742,13.45866],[-15.89742,13.47292],[-15.88316,13.47292],[-15.88316,13.45866]]]},"properties":{"region":"North Bank","district":"Central Baddibu","floods_1m":0,"floods_2m":0,"floods_3m":1,"first_flood_m":3,"nests":true,"area_km2":2.445}},{"type":"Feature","geometry":{"type":"Polygon","coordinates":[[[-15.96871,13.44556],[-15.97783,13.4444],[-15.98296,13.4444],[-15.98296,13.45866],[-15.96871,13.45866],[-15.96871,13.44556]]]},"properties":{"region":"North Bank","district":"Central Baddibu","floods_1m":0,"floods_2m":1,"floods_3m":1,"first_flood_m":2,"nests":true,"area_km2":2.38}},{"type":"Feature","geometry":{"type":"Polygon","coordinates":[[[-15.85464,13.46137],[-15.86298,13.46279],[-15.8689,13.46142],[-15.8689,13.47292],[-15.85464,13.47292],[-15.85464,13.46137]]]},"properties":{"region":"North Bank","district":"Central Baddibu","floods_1m":0,"floods_2m":1,"floods_3m":1,"first_flood_m":2,"nests":true,"area_km2":1.857}},{"type":"Feature","geometry":{"type":"Polygon","coordinates":[[[-15.8689,13.50144],[-15.88316,13.50144],[-15.88316,13.51569],[-15.8689,13.51569],[-15.8689,13.50144]]]},"properties":{"region":"North Bank","district":"Central Baddibu","floods_1m":1,"floods_2m":1,"floods_3m":1,"first_flood_m":1,"nests":true,"area_km2":2.443}},{"type":"Feature","geometry":{"type":"Polygon","coordinates":[[[-15.99722,13.45866],[-16.0027,13.45866],[-16.00277,13.4587],[-16.00288,13.45866],[-16.00345,13.45866],[-16.00409,13.45882],[-16.00471,13.4592],[-16.00497,13.4598],[-16.00517,13.46032],[-16.00552,13.4611],[-16.00587,13.46222],[-16.00604,13.46346],[-16.00601,13.46429],[-16.0058,13.46509],[-16.00568,13.46553],[-16.0053,13.46567],[-16.00477,13.46566],[-16.00413,13.46569],[-16.00374,13.46577],[-16.00383,13.46621],[-16.00406,13.4665],[-16.00421,13.46678],[-16.00459,13.46713],[-16.005,13.46782],[-16.00547,13.46831],[-16.00591,13.46866],[-16.00623,13.46949],[-16.0062,13.47018],[-16.00564,13.47079],[-16.00493,13.47139],[-16.00455,13.47193],[-16.00454,13.47259],[-16.00479,13.47292],[-15.99722,13.47292],[-15.99722,13.45866]]]},"properties":{"region":"North Bank","district":"Central Baddibu","floods_1m":1,"floods_2m":1,"floods_3m":1,"first_flood_m":1,"nests":true,"area_km2":1.387}},{"type":"Feature","geometry":{"type":"Polygon","coordinates":[[[-15.88316,13.54421],[-15.89742,13.54421],[-15.89742,13.55847],[-15.88316,13.55847],[-15.88316,13.54421]]]},"properties":{"region":"North Bank","district":"Central Baddibu","floods_1m":1,"floods_2m":1,"floods_3m":1,"first_flood_m":1,"nests":true,"area_km2":2.444}},{"type":"Feature","geometry":{"type":"Polygon","coordinates":[[[-15.82613,13.47377],[-15.82613,13.47292],[-15.84038,13.47292],[-15.84038,13.48718],[-15.83148,13.48718],[-15.83111,13.48617],[-15.83093,13.48513],[-15.83076,13.48447],[-15.83027,13.48283],[-15.82977,13.48168],[-15.82893,13.47946],[-15.82828,13.47773],[-15.82794,13.47658],[-15.8277,13.47601],[-15.82732,13.4752],[-15.82685,13.47454],[-15.82613,13.47377]]]},"properties":{"region":"North Bank","district":"Central Baddibu","floods_1m":1,"floods_2m":1,"floods_3m":1,"first_flood_m":1,"nests":true,"area_km2":1.941}},{"type":"Feature","geometry":{"type":"Polygon","coordinates":[[[-15.98296,13.50144],[-15.99722,13.50144],[-15.99722,13.51569],[-15.98296,13.51569],[-15.98296,13.50144]]]},"properties":{"region":"North Bank","district":"Central Baddibu","floods_1m":0,"floods_2m":1,"floods_3m":1,"first_flood_m":2,"nests":true,"area_km2":2.443}},{"type":"Feature","geometry":{"type":"Polygon","coordinates":[[[-15.8689,13.46142],[-15.88081,13.45866],[-15.88316,13.45866],[-15.88316,13.47292],[-15.8689,13.47292],[-15.8689,13.46142]]]},"properties":{"region":"North Bank","district":"Central Baddibu","floods_1m":0,"floods_2m":1,"floods_3m":1,"first_flood_m":2,"nests":true,"area_km2":2.248}},{"type":"Feature","geometry":{"type":"Polygon","coordinates":[[[-15.91167,13.51569],[-15.92593,13.51569],[-15.92593,13.52995],[-15.91167,13.52995],[-15.91167,13.51569]]]},"properties":{"region":"North Bank","district":"Central Baddibu","floods_1m":1,"floods_2m":1,"floods_3m":1,"first_flood_m":1,"nests":true,"area_km2":2.445}},{"type":"Feature","geometry":{"type":"Polygon","coordinates":[[[-15.82,13.45548],[-15.82613,13.45652],[-15.82613,13.45866],[-15.82029,13.45866],[-15.82,13.45548]]]},"properties":{"region":"North Bank","district":"Central Baddibu","floods_1m":0,"floods_2m":1,"floods_3m":1,"first_flood_m":2,"nests":true,"area_km2":0.191}},{"type":"Feature","geometry":{"type":"Polygon","coordinates":[[[-15.82613,13.45652],[-15.83871,13.45866],[-15.82613,13.45866],[-15.82613,13.45652]]]},"properties":{"region":"North Bank","district":"Central Baddibu","floods_1m":0,"floods_2m":1,"floods_3m":1,"first_flood_m":2,"nests":true,"area_km2":0.162}},{"type":"Feature","geometry":{"type":"Polygon","coordinates":[[[-15.89742,13.50144],[-15.91167,13.50144],[-15.91167,13.51569],[-15.89742,13.51569],[-15.89742,13.50144]]]},"properties":{"region":"North Bank","district":"Central Baddibu","floods_1m":1,"floods_2m":1,"floods_3m":1,"first_flood_m":1,"nests":true,"area_km2":2.441}},{"type":"Feature","geometry":{"type":"Polygon","coordinates":[[[-15.85464,13.54396],[-15.85464,13.54061],[-15.85534,13.54012],[-15.85572,13.53958],[-15.85605,13.5382],[-15.85593,13.53771],[-15.85552,13.53702],[-15.85529,13.53604],[-15.85524,13.53512],[-15.85547,13.53411],[-15.85615,13.533],[-15.85628,13.53182],[-15.85616,13.53116],[-15.85575,13.53064],[-15.85502,13.53012],[-15.85484,13.52995],[-15.8689,13.52995],[-15.8689,13.54421],[-15.85473,13.54421],[-15.85464,13.54396]]]},"properties":{"region":"North Bank","district":"Central Baddibu","floods_1m":1,"floods_2m":1,"floods_3m":1,"first_flood_m":1,"nests":true,"area_km2":2.31}},{"type":"Feature","geometry":{"type":"Polygon","coordinates":[[[-15.88316,13.51569],[-15.89742,13.51569],[-15.89742,13.52995],[-15.88316,13.52995],[-15.88316,13.51569]]]},"properties":{"region":"North Bank","district":"Central Baddibu","floods_1m":1,"floods_2m":1,"floods_3m":1,"first_flood_m":1,"nests":true,"area_km2":2.445}},{"type":"Feature","geometry":{"type":"Polygon","coordinates":[[[-15.91167,13.50144],[-15.92593,13.50144],[-15.92593,13.51569],[-15.91167,13.51569],[-15.91167,13.50144]]]},"properties":{"region":"North Bank","district":"Central Baddibu","floods_1m":1,"floods_2m":1,"floods_3m":1,"first_flood_m":1,"nests":true,"area_km2":2.443}},{"type":"Feature","geometry":{"type":"Polygon","coordinates":[[[-15.89742,13.45866],[-15.91167,13.45866],[-15.91167,13.47292],[-15.89742,13.47292],[-15.89742,13.45866]]]},"properties":{"region":"North Bank","district":"Central Baddibu","floods_1m":1,"floods_2m":1,"floods_3m":1,"first_flood_m":1,"nests":true,"area_km2":2.443}},{"type":"Feature","geometry":{"type":"Polygon","coordinates":[[[-15.94019,13.47292],[-15.9491,13.47292],[-15.95445,13.47292],[-15.95445,13.48718],[-15.9491,13.48718],[-15.94019,13.48718],[-15.94019,13.47292]]]},"properties":{"region":"North Bank","district":"Central Baddibu","floods_1m":1,"floods_2m":1,"floods_3m":1,"first_flood_m":1,"nests":true,"area_km2":2.445}},{"type":"Feature","geometry":{"type":"Polygon","coordinates":[[[-15.89742,13.45482],[-15.90222,13.45371],[-15.91167,13.453],[-15.91167,13.45866],[-15.89742,13.45866],[-15.89742,13.45482]]]},"properties":{"region":"North Bank","district":"Central Baddibu","floods_1m":0,"floods_2m":0,"floods_3m":1,"first_flood_m":3,"nests":true,"area_km2":0.857}},{"type":"Feature","geometry":{"type":"Polygon","coordinates":[[[-15.91167,13.45866],[-15.92593,13.45866],[-15.92593,13.47292],[-15.91167,13.47292],[-15.91167,13.45866]]]},"properties":{"region":"North Bank","district":"Central Baddibu","floods_1m":1,"floods_2m":1,"floods_3m":1,"first_flood_m":1,"nests":true,"area_km2":2.445}},{"type":"Feature","geometry":{"type":"Polygon","coordinates":[[[-15.84038,13.49688],[-15.84038,13.48718],[-15.85464,13.48718],[-15.85464,13.50144],[-15.84429,13.50144],[-15.84468,13.50103],[-15.845,13.50046],[-15.84524,13.49977],[-15.8453,13.49839],[-15.84489,13.4979],[-15.84428,13.49748],[-15.8431,13.49717],[-15.84216,13.49717],[-15.84131,13.49705],[-15.84042,13.4969],[-15.84038,13.49688]]]},"properties":{"region":"North Bank","district":"Central Baddibu","floods_1m":1,"floods_2m":1,"floods_3m":1,"first_flood_m":1,"nests":true,"area_km2":2.209}},{"type":"Feature","geometry":{"type":"Polygon","coordinates":[[[-15.8689,13.48718],[-15.88316,13.48718],[-15.88316,13.50144],[-15.8689,13.50144],[-15.8689,13.48718]]]},"properties":{"region":"North Bank","district":"Central Baddibu","floods_1m":1,"floods_2m":1,"floods_3m":1,"first_flood_m":1,"nests":true,"area_km2":2.445}},{"type":"Feature","geometry":{"type":"Polygon","coordinates":[[[-15.99722,13.47292],[-16.00479,13.47292],[-16.00487,13.47303],[-16.00548,13.47352],[-16.00583,13.47444],[-16.00591,13.47582],[-16.00556,13.47711],[-16.00476,13.47754],[-16.00376,13.47779],[-16.00323,13.4775],[-16.00238,13.47776],[-16.00232,13.47828],[-16.00208,13.47934],[-16.00158,13.47971],[-16.00093,13.47979],[-16.00037,13.48005],[-16.00049,13.48057],[-16.00101,13.481],[-16.00142,13.48138],[-16.00228,13.48198],[-16.00292,13.48294],[-16.00339,13.484],[-16.00421,13.48504],[-16.00467,13.48602],[-16.00495,13.48718],[-15.99722,13.48718],[-15.99722,13.47292]]]},"properties":{"region":"North Bank","district":"Central Baddibu","floods_1m":1,"floods_2m":1,"floods_3m":1,"first_flood_m":1,"nests":true,"area_km2":1.115}},{"type":"Feature","geometry":{"type":"MultiPolygon","coordinates":[[[[-15.99722,13.4444],[-15.99879,13.4444],[-16.00158,13.45811],[-16.00212,13.45767],[-16.00203,13.45812],[-16.00233,13.45844],[-16.00244,13.45852],[-16.0027,13.45866],[-15.99722,13.45866],[-15.99722,13.4444]]],[[[-16.00345,13.45866],[-16.00288,13.45866],[-16.00312,13.45858],[-16.00345,13.45866]]]]},"properties":{"region":"North Bank","district":"Central Baddibu","floods_1m":1,"floods_2m":1,"floods_3m":1,"first_flood_m":1,"nests":true,"area_km2":0.524}},{"type":"Feature","geometry":{"type":"Polygon","coordinates":[[[-15.99722,13.44194],[-15.99826,13.44181],[-15.99879,13.4444],[-15.99722,13.4444],[-15.99722,13.44194]]]},"properties":{"region":"North Bank","district":"Central Baddibu","floods_1m":0,"floods_2m":1,"floods_3m":1,"first_flood_m":2,"nests":true,"area_km2":0.04}},{"type":"Feature","geometry":{"type":"Polygon","coordinates":[[[-15.89742,13.47292],[-15.91167,13.47292],[-15.91167,13.48718],[-15.89742,13.48718],[-15.89742,13.47292]]]},"properties":{"region":"North Bank","district":"Central Baddibu","floods_1m":1,"floods_2m":1,"floods_3m":1,"first_flood_m":1,"nests":true,"area_km2":2.443}},{"type":"Feature","geometry":{"type":"Polygon","coordinates":[[[-15.85464,13.48718],[-15.8689,13.48718],[-15.8689,13.50144],[-15.85464,13.50144],[-15.85464,13.48718]]]},"properties":{"region":"North Bank","district":"Central Baddibu","floods_1m":1,"floods_2m":1,"floods_3m":1,"first_flood_m":1,"nests":true,"area_km2":2.445}},{"type":"Feature","geometry":{"type":"Polygon","coordinates":[[[-15.84038,13.51388],[-15.84038,13.50147],[-15.84053,13.50148],[-15.84161,13.50183],[-15.84291,13.50194],[-15.84385,13.50189],[-15.84429,13.50144],[-15.85464,13.50144],[-15.85464,13.51569],[-15.84542,13.51569],[-15.84527,13.51504],[-15.8446,13.51443],[-15.84375,13.51434],[-15.84319,13.51431],[-15.84248,13.51471],[-15.84189,13.51514],[-15.84136,13.51522],[-15.84098,13.51499],[-15.84069,13.51453],[-15.84046,13.51401],[-15.84038,13.51388]]]},"properties":{"region":"North Bank","district":"Central Baddibu","floods_1m":1,"floods_2m":1,"floods_3m":1,"first_flood_m":1,"nests":true,"area_km2":2.366}},{"type":"Feature","geometry":{"type":"Polygon","coordinates":[[[-15.89742,13.51569],[-15.91167,13.51569],[-15.91167,13.52995],[-15.89742,13.52995],[-15.89742,13.51569]]]},"properties":{"region":"North Bank","district":"Central Baddibu","floods_1m":1,"floods_2m":1,"floods_3m":1,"first_flood_m":1,"nests":true,"area_km2":2.443}},{"type":"Feature","geometry":{"type":"Polygon","coordinates":[[[-15.88316,13.50144],[-15.89742,13.50144],[-15.89742,13.51569],[-15.88316,13.51569],[-15.88316,13.50144]]]},"properties":{"region":"North Bank","district":"Central Baddibu","floods_1m":1,"floods_2m":1,"floods_3m":1,"first_flood_m":1,"nests":true,"area_km2":2.443}},{"type":"Feature","geometry":{"type":"Polygon","coordinates":[[[-15.88081,13.45866],[-15.88316,13.45812],[-15.88316,13.45866],[-15.88081,13.45866]]]},"properties":{"region":"North Bank","district":"Central Baddibu","floods_1m":0,"floods_2m":1,"floods_3m":1,"first_flood_m":2,"nests":true,"area_km2":0.008}},{"type":"Feature","geometry":{"type":"Polygon","coordinates":[[[-15.85464,13.52977],[-15.85464,13.51569],[-15.8689,13.51569],[-15.8689,13.52995],[-15.85484,13.52995],[-15.85464,13.52977]]]},"properties":{"region":"North Bank","district":"Central Baddibu","floods_1m":1,"floods_2m":1,"floods_3m":1,"first_flood_m":1,"nests":true,"area_km2":2.444}},{"type":"Feature","geometry":{"type":"Polygon","coordinates":[[[-15.98296,13.4444],[-15.99722,13.4444],[-15.99722,13.45866],[-15.98296,13.45866],[-15.98296,13.4444]]]},"properties":{"region":"North Bank","district":"Central Baddibu","floods_1m":1,"floods_2m":1,"floods_3m":1,"first_flood_m":1,"nests":true,"area_km2":2.445}},{"type":"Feature","geometry":{"type":"Polygon","coordinates":[[[-15.89742,13.48718],[-15.91167,13.48718],[-15.91167,13.50144],[-15.89742,13.50144],[-15.89742,13.48718]]]},"properties":{"region":"North Bank","district":"Central Baddibu","floods_1m":1,"floods_2m":1,"floods_3m":1,"first_flood_m":1,"nests":true,"area_km2":2.443}},{"type":"Feature","geometry":{"type":"Polygon","coordinates":[[[-15.83855,13.50144],[-15.84008,13.50144],[-15.84038,13.50147],[-15.84038,13.51388],[-15.83996,13.51318],[-15.83908,13.51188],[-15.83802,13.51127],[-15.83747,13.51121],[-15.83714,13.51058],[-15.83709,13.50997],[-15.83709,13.50937],[-15.83668,13.50885],[-15.83621,13.50853],[-15.83589,13.50804],[-15.83574,13.50729],[-15.83589,13.50626],[-15.83628,13.50422],[-15.83682,13.5031],[-15.83723,13.50241],[-15.838,13.50161],[-15.83855,13.50144]]]},"properties":{"region":"North Bank","district":"Central Baddibu","floods_1m":1,"floods_2m":1,"floods_3m":1,"first_flood_m":1,"nests":true,"area_km2":0.477}},{"type":"Feature","geometry":{"type":"Polygon","coordinates":[[[-15.96871,13.48718],[-15.98296,13.48718],[-15.98296,13.50144],[-15.96871,13.50144],[-15.96871,13.48718]]]},"properties":{"region":"North Bank","district":"Central Baddibu","floods_1m":0,"floods_2m":0,"floods_3m":1,"first_flood_m":3,"nests":true,"area_km2":2.443}},{"type":"Feature","geometry":{"type":"Polygon","coordinates":[[[-15.91167,13.48718],[-15.92593,13.48718],[-15.92593,13.50144],[-15.91167,13.50144],[-15.91167,13.48718]]]},"properties":{"region":"North Bank","district":"Central Baddibu","floods_1m":1,"floods_2m":1,"floods_3m":1,"first_flood_m":1,"nests":true,"area_km2":2.445}},{"type":"Feature","geometry":{"type":"Polygon","coordinates":[[[-15.84542,13.51569],[-15.85464,13.51569],[-15.85464,13.52977],[-15.85464,13.52977],[-15.8544,13.52957],[-15.85359,13.52901],[-15.85299,13.52853],[-15.85258,13.52818],[-15.85223,13.52795],[-15.85198,13.52775],[-15.85156,13.52746],[-15.85076,13.52731],[-15.84967,13.52753],[-15.849,13.52747],[-15.84835,13.52715],[-15.84812,13.52649],[-15.84803,13.52589],[-15.84762,13.52534],[-15.84701,13.52476],[-15.84619,13.52401],[-15.84572,13.52366],[-15.84534,13.52335],[-15.8454,13.52289],[-15.84616,13.52206],[-15.84675,13.52123],[-15.84693,13.52036],[-15.84667,13.51979],[-15.84617,13.51921],[-15.84564,13.51883],[-15.84538,13.51829],[-15.84538,13.51765],[-15.84544,13.51717],[-15.84551,13.5161],[-15.84542,13.51569]]]},"properties":{"region":"North Bank","district":"Central Baddibu","floods_1m":1,"floods_2m":1,"floods_3m":1,"first_flood_m":1,"nests":true,"area_km2":1.202}},{"type":"Feature","geometry":{"type":"Polygon","coordinates":[[[-15.95445,13.44847],[-15.96244,13.44636],[-15.96871,13.44556],[-15.96871,13.45866],[-15.95445,13.45866],[-15.95445,13.44847]]]},"properties":{"region":"North Bank","district":"Central Baddibu","floods_1m":0,"floods_2m":1,"floods_3m":1,"first_flood_m":2,"nests":true,"area_km2":2.038}},{"type":"Feature","geometry":{"type":"Polygon","coordinates":[[[-15.85464,13.50144],[-15.8689,13.50144],[-15.8689,13.51569],[-15.85464,13.51569],[-15.85464,13.50144]]]},"properties":{"region":"North Bank","district":"Central Baddibu","floods_1m":1,"floods_2m":1,"floods_3m":1,"first_flood_m":1,"nests":true,"area_km2":2.443}},{"type":"Feature","geometry":{"type":"Polygon","coordinates":[[[-16.59606,13.46458],[-16.59606,13.45866],[-16.60461,13.45866],[-16.60238,13.4645],[-16.6018,13.4657],[-16.6018,13.46542],[-16.59986,13.46542],[-16.59986,13.46514],[-16.59792,13.46514],[-16.59792,13.46486],[-16.59736,13.46486],[-16.59736,13.46458],[-16.59681,13.46458],[-16.59681,13.4643],[-16.59653,13.4643],[-16.59653,13.46458],[-16.59606,13.46458]]]},"properties":{"region":"Banjul","district":"Banjul","floods_1m":1,"floods_2m":1,"floods_3m":1,"first_flood_m":1,"nests":true,"area_km2":0.565}},{"type":"Feature","geometry":{"type":"Polygon","coordinates":[[[-16.5818,13.44625],[-16.58181,13.44625],[-16.58181,13.44653],[-16.58236,13.44653],[-16.58236,13.44681],[-16.58291,13.44681],[-16.58291,13.44708],[-16.58375,13.44708],[-16.58375,13.44736],[-16.58458,13.44736],[-16.58458,13.44764],[-16.58792,13.44764],[-16.58792,13.44736],[-16.59014,13.44736],[-16.59014,13.44764],[-16.59042,13.44764],[-16.59042,13.44792],[-16.59069,13.44792],[-16.59069,13.44819],[-16.59097,13.44819],[-16.59097,13.44847],[-16.59153,13.44847],[-16.59153,13.44819],[-16.59181,13.44819],[-16.59181,13.44792],[-16.59208,13.44792],[-16.59208,13.44764],[-16.59236,13.44764],[-16.59236,13.44736],[-16.59292,13.44736],[-16.59292,13.44708],[-16.59347,13.44708],[-16.59347,13.44681],[-16.5943,13.44681],[-16.5943,13.44653],[-16.59486,13.44653],[-16.59486,13.44625],[-16.59542,13.44625],[-16.59542,13.44597],[-16.5957,13.44597],[-16.5957,13.4457],[-16.59606,13.4457],[-16.59606,13.45866],[-16.5818,13.45866],[-16.5818,13.44625]]]},"properties":{"region":"Banjul","district":"Banjul","floods_1m":1,"floods_2m":1,"floods_3m":1,"first_flood_m":1,"nests":true,"area_km2":1.952}},{"type":"Feature","geometry":{"type":"Polygon","coordinates":[[[-16.5818,13.46208],[-16.5818,13.45866],[-16.59606,13.45866],[-16.59606,13.46458],[-16.59597,13.46458],[-16.59597,13.4643],[-16.59319,13.4643],[-16.59319,13.46403],[-16.59208,13.46403],[-16.59208,13.46375],[-16.59042,13.46375],[-16.59042,13.46347],[-16.59014,13.46347],[-16.59014,13.46375],[-16.58792,13.46375],[-16.58792,13.46347],[-16.58653,13.46347],[-16.58653,13.46319],[-16.5857,13.46319],[-16.5857,13.46292],[-16.58542,13.46292],[-16.58542,13.46319],[-16.58431,13.46319],[-16.58431,13.46292],[-16.58347,13.46292],[-16.58347,13.46264],[-16.58291,13.46264],[-16.58291,13.46236],[-16.58208,13.46236],[-16.58208,13.46208],[-16.5818,13.46208]]]},"properties":{"region":"Banjul","district":"Banjul","floods_1m":1,"floods_2m":1,"floods_3m":1,"first_flood_m":1,"nests":true,"area_km2":0.839}},{"type":"Feature","geometry":{"type":"Polygon","coordinates":[[[-15.98296,13.44375],[-15.99722,13.44194],[-15.99722,13.4444],[-15.98296,13.4444],[-15.98296,13.44375]]]},"properties":{"region":"North Bank","district":"Central Baddibu","floods_1m":0,"floods_2m":1,"floods_3m":1,"first_flood_m":2,"nests":true,"area_km2":0.267}},{"type":"Feature","geometry":{"type":"Polygon","coordinates":[[[-16.57125,13.4444],[-16.57875,13.4444],[-16.57875,13.44514],[-16.57903,13.44514],[-16.57903,13.44542],[-16.57931,13.44542],[-16.57931,13.44569],[-16.57986,13.4457],[-16.57986,13.44597],[-16.58097,13.44597],[-16.58097,13.44625],[-16.5818,13.44625],[-16.5818,13.45866],[-16.5757,13.45866],[-16.5757,13.45847],[-16.57542,13.45847],[-16.57542,13.45819],[-16.57458,13.45819],[-16.57458,13.45792],[-16.57403,13.45792],[-16.57403,13.45764],[-16.57347,13.45764],[-16.57347,13.45736],[-16.57292,13.45736],[-16.57292,13.45708],[-16.57236,13.45708],[-16.57236,13.45681],[-16.57208,13.45681],[-16.57208,13.45653],[-16.57153,13.45653],[-16.57153,13.45597],[-16.57125,13.45597],[-16.57125,13.4557],[-16.57097,13.4557],[-16.57097,13.45542],[-16.5707,13.45542],[-16.5707,13.45486],[-16.57042,13.45486],[-16.57042,13.45347],[-16.57014,13.45347],[-16.57014,13.45097],[-16.57042,13.45097],[-16.57042,13.45042],[-16.5707,13.45042],[-16.5707,13.44986],[-16.57097,13.44986],[-16.57097,13.44958],[-16.57125,13.44958],[-16.57125,13.44931],[-16.57153,13.44931],[-16.57153,13.44875],[-16.57181,13.44875],[-16.57181,13.44792],[-16.57208,13.44792],[-16.57208,13.44736],[-16.57181,13.44736],[-16.57181,13.44681],[-16.57153,13.44681],[-16.57153,13.44653],[-16.57125,13.44653],[-16.57125,13.44625],[-16.5707,13.44625],[-16.5707,13.44597],[-16.57042,13.44597],[-16.57042,13.44514],[-16.5707,13.44514],[-16.5707,13.44458],[-16.57125,13.44458],[-16.57125,13.4444]]]},"properties":{"region":"Banjul","district":"Banjul","floods_1m":1,"floods_2m":1,"floods_3m":1,"first_flood_m":1,"nests":true,"area_km2":1.748}},{"type":"Feature","geometry":{"type":"Polygon","coordinates":[[[-16.59606,13.4457],[-16.59681,13.44569],[-16.59681,13.44542],[-16.59736,13.44542],[-16.59736,13.44514],[-16.59764,13.44514],[-16.59764,13.44486],[-16.59847,13.44486],[-16.59847,13.44458],[-16.59875,13.44458],[-16.59875,13.4444],[-16.60636,13.4444],[-16.607,13.44859],[-16.60568,13.45587],[-16.60461,13.45866],[-16.59606,13.45866],[-16.59606,13.4457]]]},"properties":{"region":"Banjul","district":"Banjul","floods_1m":1,"floods_2m":1,"floods_3m":1,"first_flood_m":1,"nests":true,"area_km2":1.714}},{"type":"Feature","geometry":{"type":"Polygon","coordinates":[[[-16.57875,13.4444],[-16.57125,13.4444],[-16.57125,13.44431],[-16.57153,13.44431],[-16.57153,13.44375],[-16.57181,13.44375],[-16.57181,13.44347],[-16.57208,13.44347],[-16.57208,13.44319],[-16.57236,13.44319],[-16.57236,13.44264],[-16.57264,13.44264],[-16.57264,13.44236],[-16.57292,13.44236],[-16.57292,13.44153],[-16.57375,13.44153],[-16.57375,13.44181],[-16.57403,13.44181],[-16.57403,13.44208],[-16.57483,13.44207],[-16.57486,13.44236],[-16.57625,13.44236],[-16.57625,13.44264],[-16.57653,13.44264],[-16.57653,13.44292],[-16.57819,13.44292],[-16.57819,13.44319],[-16.57847,13.44319],[-16.57847,13.44347],[-16.57875,13.44347],[-16.57875,13.4444]]]},"properties":{"region":"Banjul","district":"Banjul","floods_1m":1,"floods_2m":1,"floods_3m":1,"first_flood_m":1,"nests":true,"area_km2":0.16}},{"type":"Feature","geometry":{"type":"Polygon","coordinates":[[[-16.5757,13.45866],[-16.5818,13.45866],[-16.5818,13.46208],[-16.58125,13.46208],[-16.58125,13.46181],[-16.58042,13.46181],[-16.58042,13.46153],[-16.58014,13.46153],[-16.58014,13.46125],[-16.57958,13.46125],[-16.57958,13.46097],[-16.57903,13.46097],[-16.57903,13.4607],[-16.57847,13.4607],[-16.57847,13.46042],[-16.57792,13.46042],[-16.57792,13.46014],[-16.57764,13.46014],[-16.57764,13.45986],[-16.57708,13.45986],[-16.57708,13.45958],[-16.57653,13.45958],[-16.57653,13.4593],[-16.57625,13.4593],[-16.57625,13.45903],[-16.57597,13.45903],[-16.57597,13.45875],[-16.5757,13.45875],[-16.5757,13.45866]]]},"properties":{"region":"Banjul","district":"Banjul","floods_1m":1,"floods_2m":1,"floods_3m":1,"first_flood_m":1,"nests":true,"area_km2":0.145}},{"type":"Feature","geometry":{"type":"Polygon","coordinates":[[[-16.60622,13.44348],[-16.60636,13.4444],[-16.59875,13.4444],[-16.59875,13.44431],[-16.59986,13.44431],[-16.59986,13.44403],[-16.60097,13.44403],[-16.60097,13.44375],[-16.60208,13.44375],[-16.60208,13.44347],[-16.60264,13.44347],[-16.60264,13.44319],[-16.6032,13.44319],[-16.6032,13.44292],[-16.60569,13.44292],[-16.60569,13.44319],[-16.60617,13.44319],[-16.60625,13.44319],[-16.60622,13.44348]]]},"properties":{"region":"Banjul","district":"Banjul","floods_1m":1,"floods_2m":1,"floods_3m":1,"first_flood_m":1,"nests":true,"area_km2":0.082}},{"type":"Feature","geometry":{"type":"Polygon","coordinates":[[[-15.8689,13.54421],[-15.88316,13.54421],[-15.88316,13.55847],[-15.8689,13.55847],[-15.8689,13.54421]]]},"properties":{"region":"North Bank","district":"Central Baddibu","floods_1m":1,"floods_2m":1,"floods_3m":1,"first_flood_m":1,"nests":true,"area_km2":2.444}},{"type":"Feature","geometry":{"type":"Polygon","coordinates":[[[-16.61031,13.42208],[-16.61031,13.42597],[-16.61014,13.42597],[-16.61014,13.42625],[-16.61031,13.42625],[-16.61031,13.43015],[-16.60569,13.43015],[-16.60569,13.43014],[-16.60597,13.43014],[-16.60597,13.42931],[-16.60625,13.4293],[-16.60625,13.42875],[-16.60597,13.42875],[-16.60597,13.42847],[-16.60569,13.42847],[-16.60569,13.42819],[-16.60542,13.42819],[-16.60542,13.42736],[-16.60569,13.42736],[-16.60569,13.42653],[-16.60597,13.42653],[-16.60597,13.42597],[-16.60625,13.42597],[-16.60625,13.42569],[-16.60653,13.42569],[-16.60653,13.42542],[-16.60708,13.42542],[-16.60708,13.42514],[-16.60736,13.42514],[-16.60736,13.42486],[-16.60764,13.42486],[-16.60764,13.42431],[-16.60792,13.42431],[-16.60792,13.42403],[-16.60819,13.42403],[-16.60819,13.42347],[-16.60875,13.42347],[-16.60875,13.42319],[-16.60903,13.42319],[-16.60903,13.42264],[-16.60958,13.42264],[-16.60958,13.42236],[-16.61014,13.42236],[-16.61014,13.42208],[-16.61031,13.42208]]]},"properties":{"region":"Banjul","district":"Kanifing","floods_1m":1,"floods_2m":1,"floods_3m":1,"first_flood_m":1,"nests":true,"area_km2":0.328}},{"type":"Feature","geometry":{"type":"Polygon","coordinates":[[[-15.94019,13.45866],[-15.9491,13.45866],[-15.95445,13.45866],[-15.95445,13.47292],[-15.9491,13.47292],[-15.94019,13.47292],[-15.94019,13.45866]]]},"properties":{"region":"North Bank","district":"Central Baddibu","floods_1m":1,"floods_2m":1,"floods_3m":1,"first_flood_m":1,"nests":true,"area_km2":2.445}},{"type":"Feature","geometry":{"type":"Polygon","coordinates":[[[-15.92593,13.47292],[-15.94019,13.47292],[-15.94019,13.48718],[-15.92593,13.48718],[-15.92593,13.47292]]]},"properties":{"region":"North Bank","district":"Central Baddibu","floods_1m":1,"floods_2m":1,"floods_3m":1,"first_flood_m":1,"nests":true,"area_km2":2.445}},{"type":"Feature","geometry":{"type":"Polygon","coordinates":[[[-15.85464,13.47292],[-15.8689,13.47292],[-15.8689,13.48718],[-15.85464,13.48718],[-15.85464,13.47292]]]},"properties":{"region":"North Bank","district":"Central Baddibu","floods_1m":1,"floods_2m":1,"floods_3m":1,"first_flood_m":1,"nests":true,"area_km2":2.445}},{"type":"Feature","geometry":{"type":"Polygon","coordinates":[[[-16.71012,13.4444],[-16.71238,13.4444],[-16.71308,13.44539],[-16.72014,13.45242],[-16.72014,13.45264],[-16.71958,13.45264],[-16.71958,13.45292],[-16.71931,13.45292],[-16.71931,13.45319],[-16.71875,13.45319],[-16.71875,13.45347],[-16.71847,13.45347],[-16.71847,13.45375],[-16.7182,13.45375],[-16.7182,13.45403],[-16.71792,13.45403],[-16.71792,13.45458],[-16.71764,13.45458],[-16.71764,13.45486],[-16.71736,13.45486],[-16.71736,13.45542],[-16.71708,13.45542],[-16.71708,13.45597],[-16.71681,13.45597],[-16.71681,13.45625],[-16.71653,13.45625],[-16.71653,13.45681],[-16.71625,13.45681],[-16.71625,13.45764],[-16.71597,13.45764],[-16.71597,13.45866],[-16.71012,13.45866],[-16.71012,13.4444]]]},"properties":{"region":"Banjul","district":"Kanifing","floods_1m":1,"floods_2m":1,"floods_3m":1,"first_flood_m":1,"nests":true,"area_km2":1.123}},{"type":"Feature","geometry":{"type":"Polygon","coordinates":[[[-16.63883,13.45866],[-16.65309,13.45866],[-16.65309,13.47292],[-16.63883,13.47292],[-16.63883,13.45866]]]},"properties":{"region":"Banjul","district":"Kanifing","floods_1m":1,"floods_2m":1,"floods_3m":1,"first_flood_m":1,"nests":true,"area_km2":2.445}},{"type":"Feature","geometry":{"type":"MultiPolygon","coordinates":[[[[-16.63883,13.45347],[-16.64097,13.45347],[-16.64097,13.45319],[-16.64153,13.45319],[-16.64153,13.45292],[-16.64181,13.45292],[-16.64181,13.45264],[-16.64208,13.45264],[-16.64208,13.45236],[-16.64236,13.45236],[-16.64236,13.4518],[-16.64264,13.4518],[-16.64264,13.45125],[-16.64292,13.45125],[-16.64292,13.45097],[-16.64319,13.45097],[-16.64319,13.45014],[-16.64347,13.45014],[-16.64347,13.44736],[-16.64319,13.44736],[-16.64319,13.44708],[-16.64292,13.44708],[-16.64292,13.44653],[-16.64264,13.44653],[-16.64264,13.44625],[-16.64236,13.44625],[-16.64236,13.44597],[-16.64208,13.44597],[-16.64208,13.44569],[-16.64125,13.44569],[-16.64125,13.44542],[-16.64069,13.44542],[-16.64069,13.44514],[-16.64014,13.44514],[-16.64014,13.44486],[-16.63986,13.44486],[-16.63986,13.44458],[-16.63958,13.44458],[-16.63958,13.4444],[-16.65309,13.4444],[-16.65309,13.45866],[-16.63883,13.45866],[-16.63883,13.45347]]],[[[-16.63883,13.45208],[-16.63883,13.4457],[-16.63903,13.4457],[-16.63903,13.44597],[-16.63931,13.44597],[-16.63931,13.44625],[-16.63958,13.44625],[-16.63958,13.44653],[-16.63986,13.44653],[-16.63986,13.44681],[-16.64014,13.44681],[-16.64014,13.44708],[-16.64042,13.44708],[-16.64042,13.44764],[-16.64069,13.44764],[-16.64069,13.44792],[-16.64097,13.44792],[-16.64097,13.44819],[-16.64125,13.44819],[-16.64125,13.44847],[-16.64153,13.44847],[-16.64153,13.44875],[-16.64181,13.44875],[-16.64181,13.44903],[-16.64208,13.44903],[-16.64208,13.45125],[-16.64181,13.45125],[-16.64181,13.4518],[-16.64153,13.4518],[-16.64153,13.45208],[-16.63883,13.45208]]]]},"properties":{"region":"Banjul","district":"Kanifing","floods_1m":1,"floods_2m":1,"floods_3m":1,"first_flood_m":1,"nests":true,"area_km2":2.225}},{"type":"Feature","geometry":{"type":"Polygon","coordinates":[[[-16.65309,13.45866],[-16.66735,13.45866],[-16.66735,13.47292],[-16.65309,13.47292],[-16.65309,13.45866]]]},"properties":{"region":"Banjul","district":"Kanifing","floods_1m":1,"floods_2m":1,"floods_3m":1,"first_flood_m":1,"nests":true,"area_km2":2.445}},{"type":"Feature","geometry":{"type":"Polygon","coordinates":[[[-16.65309,13.47403],[-16.65309,13.47292],[-16.66735,13.47292],[-16.66735,13.48718],[-16.66625,13.48718],[-16.66625,13.48708],[-16.66597,13.48708],[-16.66597,13.48653],[-16.6657,13.48653],[-16.6657,13.48569],[-16.66542,13.48569],[-16.66542,13.48542],[-16.66514,13.48542],[-16.66514,13.48514],[-16.66486,13.48514],[-16.66486,13.48486],[-16.66458,13.48486],[-16.66458,13.48458],[-16.66431,13.48458],[-16.66431,13.48403],[-16.66403,13.48403],[-16.66403,13.4832],[-16.66375,13.4832],[-16.66375,13.48264],[-16.66347,13.48264],[-16.66347,13.48181],[-16.6632,13.48181],[-16.6632,13.48125],[-16.66291,13.48125],[-16.66291,13.48042],[-16.66264,13.48042],[-16.66264,13.47986],[-16.66236,13.47986],[-16.66236,13.47958],[-16.66208,13.47958],[-16.66208,13.4793],[-16.6618,13.4793],[-16.6618,13.47847],[-16.66153,13.47847],[-16.66153,13.47819],[-16.66125,13.47819],[-16.66125,13.47764],[-16.66097,13.47764],[-16.66097,13.47736],[-16.66069,13.47736],[-16.66069,13.47681],[-16.66042,13.47681],[-16.66042,13.47625],[-16.66014,13.47625],[-16.66014,13.47569],[-16.65986,13.47569],[-16.65986,13.47542],[-16.65958,13.47542],[-16.65958,13.47514],[-16.65903,13.47514],[-16.65903,13.47486],[-16.65875,13.47486],[-16.65875,13.47458],[-16.65847,13.47458],[-16.65847,13.47431],[-16.65792,13.47431],[-16.65792,13.47403],[-16.65764,13.47403],[-16.65764,13.47375],[-16.65347,13.47375],[-16.65347,13.47403],[-16.65309,13.47403]]]},"properties":{"region":"Banjul","district":"Kanifing","floods_1m":1,"floods_2m":1,"floods_3m":1,"first_flood_m":1,"nests":true,"area_km2":0.934}},{"type":"Feature","geometry":{"type":"MultiPolygon","coordinates":[[[[-16.61031,13.42625],[-16.61042,13.42625],[-16.61042,13.42653],[-16.61097,13.42653],[-16.61097,13.42764],[-16.61125,13.42764],[-16.61125,13.42847],[-16.61097,13.42847],[-16.61097,13.42903],[-16.6107,13.42903],[-16.6107,13.42986],[-16.61042,13.42986],[-16.61042,13.43015],[-16.61031,13.43015],[-16.61031,13.42625]]],[[[-16.62457,13.42069],[-16.62457,13.43015],[-16.61625,13.43015],[-16.61625,13.43014],[-16.61653,13.43014],[-16.61653,13.42931],[-16.61625,13.4293],[-16.61625,13.42792],[-16.61597,13.42792],[-16.61597,13.42681],[-16.61625,13.42681],[-16.61625,13.42542],[-16.61597,13.42542],[-16.61597,13.42375],[-16.61569,13.42375],[-16.61569,13.42347],[-16.61597,13.42347],[-16.61597,13.42319],[-16.61625,13.42319],[-16.61625,13.42264],[-16.61764,13.42264],[-16.61764,13.42236],[-16.61819,13.42236],[-16.61819,13.42208],[-16.61958,13.42208],[-16.61958,13.42181],[-16.62097,13.42181],[-16.62097,13.42153],[-16.62153,13.42153],[-16.62153,13.42125],[-16.6218,13.42125],[-16.6218,13.42099],[-16.62209,13.42097],[-16.62209,13.42069],[-16.62264,13.42069],[-16.62264,13.42042],[-16.62431,13.42042],[-16.62431,13.42069],[-16.62457,13.42069]]],[[[-16.61031,13.42597],[-16.61031,13.42208],[-16.61125,13.42208],[-16.61125,13.42236],[-16.61153,13.42236],[-16.61153,13.42264],[-16.61162,13.42264],[-16.61181,13.42264],[-16.61181,13.42292],[-16.61172,13.42292],[-16.61153,13.42292],[-16.61153,13.42347],[-16.61125,13.42347],[-16.61125,13.42431],[-16.61097,13.42431],[-16.61097,13.42514],[-16.6107,13.42514],[-16.6107,13.42542],[-16.61042,13.42542],[-16.61042,13.42597],[-16.61031,13.42597]]]]},"properties":{"region":"Banjul","district":"Kanifing","floods_1m":1,"floods_2m":1,"floods_3m":1,"first_flood_m":1,"nests":true,"area_km2":0.933}},{"type":"Feature","geometry":{"type":"Polygon","coordinates":[[[-16.12554,13.49738],[-16.12603,13.49739],[-16.1273,13.49726],[-16.12918,13.49675],[-16.1305,13.49635],[-16.13177,13.49604],[-16.13307,13.49539],[-16.13475,13.49436],[-16.1354,13.49384],[-16.1356,13.49367],[-16.1359,13.49319],[-16.13652,13.49244],[-16.13691,13.49178],[-16.13714,13.49112],[-16.13738,13.48986],[-16.13692,13.48925],[-16.13604,13.48792],[-16.1352,13.48718],[-16.1398,13.48718],[-16.1398,13.50144],[-16.12554,13.50144],[-16.12554,13.49738]]]},"properties":{"region":"North Bank","district":"Jokadu","floods_1m":1,"floods_2m":1,"floods_3m":1,"first_flood_m":1,"nests":true,"area_km2":1.285}},{"type":"Feature","geometry":{"type":"Polygon","coordinates":[[[-16.63883,13.44403],[-16.63883,13.44292],[-16.63903,13.44292],[-16.63903,13.44236],[-16.63931,13.44236],[-16.63931,13.44208],[-16.63958,13.44208],[-16.63958,13.44181],[-16.64014,13.44181],[-16.64014,13.44153],[-16.64069,13.44153],[-16.64069,13.44125],[-16.64153,13.44125],[-16.64153,13.44097],[-16.64181,13.44097],[-16.64181,13.4407],[-16.64208,13.4407],[-16.64208,13.44042],[-16.64264,13.44042],[-16.64264,13.44014],[-16.64319,13.44014],[-16.64319,13.43986],[-16.64347,13.43986],[-16.64347,13.44014],[-16.64375,13.44014],[-16.64375,13.43986],[-16.64431,13.43986],[-16.64431,13.43958],[-16.64458,13.43958],[-16.64458,13.43931],[-16.64486,13.43931],[-16.64486,13.43903],[-16.64542,13.43903],[-16.64542,13.43847],[-16.64569,13.43847],[-16.64569,13.4382],[-16.64625,13.4382],[-16.64625,13.43792],[-16.6468,13.43792],[-16.6468,13.43653],[-16.64708,13.43653],[-16.64708,13.43569],[-16.6468,13.43569],[-16.6468,13.43514],[-16.64625,13.43514],[-16.64625,13.43736],[-16.64597,13.43736],[-16.64597,13.43764],[-16.64542,13.43764],[-16.64542,13.43792],[-16.64458,13.43792],[-16.64458,13.4382],[-16.64236,13.4382],[-16.64236,13.43847],[-16.64153,13.43847],[-16.64153,13.43875],[-16.64097,13.43875],[-16.64097,13.43903],[-16.64042,13.43903],[-16.64042,13.43931],[-16.64014,13.43931],[-16.64014,13.43958],[-16.63986,13.43958],[-16.63986,13.44014],[-16.63958,13.44014],[-16.63958,13.4407],[-16.63931,13.4407],[-16.63931,13.44097],[-16.63903,13.44097],[-16.63903,13.44125],[-16.63883,13.44125],[-16.63883,13.43015],[-16.65309,13.43015],[-16.65309,13.4444],[-16.63958,13.4444],[-16.63958,13.44431],[-16.63903,13.44431],[-16.63903,13.44403],[-16.63883,13.44403]]]},"properties":{"region":"Banjul","district":"Kanifing","floods_1m":1,"floods_2m":1,"floods_3m":1,"first_flood_m":1,"nests":true,"area_km2":2.265}},{"type":"Feature","geometry":{"type":"MultiPolygon","coordinates":[[[[-16.61514,13.47292],[-16.61819,13.47292],[-16.61819,13.47319],[-16.61792,13.47319],[-16.61792,13.47347],[-16.61764,13.47347],[-16.61764,13.47375],[-16.61736,13.47375],[-16.61736,13.47403],[-16.61597,13.47403],[-16.61597,13.47375],[-16.61569,13.47375],[-16.61569,13.47347],[-16.61542,13.47347],[-16.61542,13.47319],[-16.61514,13.47319],[-16.61514,13.47292]]],[[[-16.61031,13.47319],[-16.61031,13.47292],[-16.61153,13.47292],[-16.61153,13.47319],[-16.61031,13.47319]]]]},"properties":{"region":"Banjul","district":"Kanifing","floods_1m":1,"floods_2m":1,"floods_3m":1,"first_flood_m":1,"nests":true,"area_km2":0.034}},{"type":"Feature","geometry":{"type":"Polygon","coordinates":[[[-16.21109,13.45866],[-16.22535,13.45866],[-16.22535,13.47292],[-16.21109,13.47292],[-16.21109,13.45866]]]},"properties":{"region":"North Bank","district":"Jokadu","floods_1m":1,"floods_2m":1,"floods_3m":1,"first_flood_m":1,"nests":true,"area_km2":2.445}},{"type":"Feature","geometry":{"type":"Polygon","coordinates":[[[-16.66735,13.4151],[-16.66735,13.41589],[-16.65546,13.41589],[-16.66735,13.4151]]]},"properties":{"region":"Banjul","district":"Kanifing","floods_1m":1,"floods_2m":1,"floods_3m":1,"first_flood_m":1,"nests":true,"area_km2":0.056}},{"type":"Feature","geometry":{"type":"MultiPolygon","coordinates":[[[[-16.22535,13.41503],[-16.22562,13.41513],[-16.22696,13.41589],[-16.22535,13.41589],[-16.22535,13.41503]]],[[[-16.23961,13.41416],[-16.23961,13.41589],[-16.23658,13.41589],[-16.23724,13.41542],[-16.23821,13.41473],[-16.23961,13.41416]]]]},"properties":{"region":"North Bank","district":"Jokadu","floods_1m":0,"floods_2m":0,"floods_3m":1,"first_flood_m":3,"nests":true,"area_km2":0.044}},{"type":"Feature","geometry":{"type":"MultiPolygon","coordinates":[[[[-16.61031,13.47153],[-16.61031,13.47292],[-16.60819,13.47292],[-16.60819,13.47292],[-16.60569,13.47292],[-16.60569,13.47264],[-16.60514,13.47264],[-16.60514,13.47236],[-16.60431,13.47236],[-16.60431,13.47208],[-16.60403,13.47208],[-16.60403,13.47181],[-16.6032,13.47181],[-16.6032,13.47153],[-16.60264,13.47153],[-16.60264,13.47125],[-16.60236,13.47125],[-16.60236,13.47097],[-16.60208,13.47097],[-16.60208,13.47069],[-16.6018,13.47069],[-16.6018,13.47014],[-16.60208,13.47014],[-16.60208,13.46847],[-16.60264,13.46847],[-16.60264,13.46819],[-16.60292,13.46819],[-16.60292,13.46764],[-16.6032,13.46764],[-16.6032,13.46736],[-16.60458,13.46736],[-16.60458,13.46764],[-16.60486,13.46764],[-16.60486,13.46792],[-16.60514,13.46792],[-16.60514,13.46819],[-16.60542,13.46819],[-16.60542,13.46847],[-16.60514,13.46847],[-16.60514,13.46958],[-16.60542,13.46958],[-16.60542,13.46986],[-16.60569,13.46986],[-16.60569,13.47014],[-16.60597,13.47014],[-16.60597,13.47042],[-16.60625,13.47042],[-16.60625,13.47069],[-16.60681,13.47069],[-16.60681,13.47097],[-16.60736,13.47097],[-16.60736,13.47125],[-16.60847,13.47125],[-16.60847,13.47097],[-16.60958,13.47097],[-16.60958,13.47125],[-16.61014,13.47125],[-16.61014,13.47153],[-16.61031,13.47153]]],[[[-16.6018,13.4657],[-16.60238,13.4645],[-16.60461,13.45866],[-16.61031,13.45866],[-16.61031,13.46931],[-16.60986,13.46931],[-16.60986,13.46903],[-16.60931,13.46903],[-16.60931,13.46875],[-16.60875,13.46875],[-16.60875,13.46847],[-16.60847,13.46847],[-16.60847,13.46819],[-16.60792,13.46819],[-16.60792,13.46792],[-16.60736,13.46792],[-16.60736,13.46764],[-16.60681,13.46764],[-16.60681,13.46736],[-16.60653,13.46736],[-16.60653,13.46708],[-16.60625,13.46708],[-16.60625,13.46681],[-16.60569,13.46681],[-16.60569,13.46653],[-16.60458,13.46653],[-16.60458,13.46625],[-16.60347,13.46625],[-16.60347,13.46597],[-16.60236,13.46597],[-16.60236,13.4657],[-16.6018,13.4657]]]]},"properties":{"region":"Banjul","district":"Kanifing","floods_1m":1,"floods_2m":1,"floods_3m":1,"first_flood_m":1,"nests":true,"area_km2":1.032}},{"type":"Feature","geometry":{"type":"Polygon","coordinates":[[[-16.09703,13.56879],[-16.09703,13.57273],[-16.08476,13.57273],[-16.08512,13.5714],[-16.08568,13.56985],[-16.08603,13.56875],[-16.08676,13.56651],[-16.08767,13.56441],[-16.08858,13.56329],[-16.08984,13.56254],[-16.09163,13.56231],[-16.09266,13.56268],[-16.09364,13.56328],[-16.09408,13.5638],[-16.09461,13.56492],[-16.09505,13.5665],[-16.09538,13.56765],[-16.09609,13.56854],[-16.09697,13.5688],[-16.09703,13.56879]]]},"properties":{"region":"North Bank","district":"Jokadu","floods_1m":1,"floods_2m":1,"floods_3m":1,"first_flood_m":1,"nests":true,"area_km2":1.112}},{"type":"Feature","geometry":{"type":"Polygon","coordinates":[[[-16.63764,13.47292],[-16.63883,13.47292],[-16.63883,13.47347],[-16.63792,13.47347],[-16.63792,13.47319],[-16.63764,13.47319],[-16.63764,13.47292]]]},"properties":{"region":"Banjul","district":"Kanifing","floods_1m":1,"floods_2m":1,"floods_3m":1,"first_flood_m":1,"nests":true,"area_km2":0.007}},{"type":"Feature","geometry":{"type":"Polygon","coordinates":[[[-16.11129,13.50144],[-16.12554,13.50144],[-16.12554,13.51569],[-16.11129,13.51569],[-16.11129,13.50144]]]},"properties":{"region":"North Bank","district":"Jokadu","floods_1m":1,"floods_2m":1,"floods_3m":1,"first_flood_m":1,"nests":true,"area_km2":2.441}},{"type":"Feature","geometry":{"type":"Polygon","coordinates":[[[-16.69586,13.45866],[-16.71012,13.45866],[-16.71012,13.46097],[-16.70958,13.46097],[-16.70958,13.46125],[-16.70903,13.46125],[-16.70903,13.46153],[-16.70819,13.46153],[-16.70819,13.46181],[-16.70792,13.46181],[-16.70792,13.46236],[-16.70764,13.46236],[-16.70764,13.46264],[-16.70736,13.46264],[-16.70736,13.46292],[-16.70708,13.46292],[-16.70708,13.46319],[-16.70681,13.46319],[-16.70681,13.46347],[-16.70653,13.46347],[-16.70653,13.46375],[-16.70597,13.46375],[-16.70597,13.46403],[-16.70569,13.46403],[-16.70569,13.4643],[-16.70542,13.4643],[-16.70542,13.46458],[-16.70514,13.46458],[-16.70514,13.46486],[-16.70486,13.46486],[-16.70486,13.46514],[-16.70458,13.46514],[-16.70458,13.46542],[-16.70431,13.46542],[-16.70431,13.4657],[-16.70403,13.4657],[-16.70403,13.46597],[-16.70375,13.46597],[-16.70375,13.46625],[-16.70347,13.46625],[-16.70347,13.46653],[-16.7032,13.46653],[-16.7032,13.46681],[-16.70292,13.46681],[-16.70292,13.46708],[-16.70236,13.46708],[-16.70236,13.46736],[-16.7018,13.46736],[-16.7018,13.46764],[-16.70153,13.46764],[-16.70153,13.46792],[-16.70125,13.46792],[-16.70125,13.46819],[-16.70097,13.46819],[-16.70097,13.46847],[-16.70069,13.46847],[-16.70069,13.46875],[-16.70042,13.46875],[-16.70042,13.46903],[-16.70014,13.46903],[-16.70014,13.46958],[-16.69986,13.46958],[-16.69986,13.46986],[-16.69958,13.46986],[-16.69958,13.47014],[-16.69931,13.47014],[-16.6993,13.47042],[-16.69903,13.47042],[-16.69903,13.47069],[-16.69875,13.47069],[-16.69875,13.47097],[-16.69847,13.47097],[-16.69847,13.47125],[-16.69819,13.47125],[-16.69819,13.47181],[-16.69792,13.47181],[-16.69792,13.47208],[-16.69764,13.47208],[-16.69764,13.47236],[-16.69736,13.47236],[-16.69736,13.47264],[-16.69708,13.47264],[-16.69708,13.47292],[-16.69681,13.47292],[-16.69681,13.47292],[-16.69586,13.47292],[-16.69586,13.45866]]]},"properties":{"region":"Banjul","district":"Kanifing","floods_1m":1,"floods_2m":1,"floods_3m":1,"first_flood_m":1,"nests":true,"area_km2":1.399}},{"type":"Feature","geometry":{"type":"Polygon","coordinates":[[[-16.1398,13.51569],[-16.15406,13.51569],[-16.15406,13.52995],[-16.1398,13.52995],[-16.1398,13.51569]]]},"properties":{"region":"North Bank","district":"Jokadu","floods_1m":1,"floods_2m":1,"floods_3m":1,"first_flood_m":1,"nests":true,"area_km2":2.445}},{"type":"Feature","geometry":{"type":"MultiPolygon","coordinates":[[[[-16.62457,13.4444],[-16.63792,13.4444],[-16.63792,13.44514],[-16.6382,13.44514],[-16.6382,13.44542],[-16.63847,13.44542],[-16.63847,13.44569],[-16.63883,13.4457],[-16.63883,13.45208],[-16.63875,13.45208],[-16.63875,13.4518],[-16.63708,13.4518],[-16.63708,13.45208],[-16.63597,13.45208],[-16.63597,13.4518],[-16.63514,13.4518],[-16.63514,13.45208],[-16.63458,13.45208],[-16.63458,13.45236],[-16.63403,13.45236],[-16.63403,13.45264],[-16.63375,13.45264],[-16.63375,13.45292],[-16.63319,13.45292],[-16.63319,13.45319],[-16.63264,13.45319],[-16.63264,13.45347],[-16.63208,13.45347],[-16.63208,13.45375],[-16.63181,13.45375],[-16.63181,13.45431],[-16.63153,13.45431],[-16.63153,13.45486],[-16.63125,13.45486],[-16.63125,13.45514],[-16.63097,13.45514],[-16.63097,13.4557],[-16.6307,13.4557],[-16.6307,13.45625],[-16.63042,13.45625],[-16.63042,13.45681],[-16.63014,13.45681],[-16.63014,13.45653],[-16.62958,13.45653],[-16.62958,13.45681],[-16.6293,13.45681],[-16.6293,13.45736],[-16.62958,13.45736],[-16.62958,13.45792],[-16.62986,13.45792],[-16.62986,13.45866],[-16.62457,13.45866],[-16.62457,13.4444]]],[[[-16.63883,13.45347],[-16.63883,13.45866],[-16.6307,13.45866],[-16.6307,13.45819],[-16.63097,13.45819],[-16.63097,13.45792],[-16.63125,13.45792],[-16.63125,13.45681],[-16.63153,13.45681],[-16.63153,13.45597],[-16.63181,13.45597],[-16.63181,13.45542],[-16.63208,13.45542],[-16.63208,13.45514],[-16.63236,13.45514],[-16.63236,13.45486],[-16.63264,13.45486],[-16.63264,13.45458],[-16.63292,13.45458],[-16.63292,13.45431],[-16.63319,13.45431],[-16.63319,13.45403],[-16.63347,13.45403],[-16.63347,13.45375],[-16.63764,13.45375],[-16.63764,13.45347],[-16.63883,13.45347]]]]},"properties":{"region":"Banjul","district":"Kanifing","floods_1m":1,"floods_2m":1,"floods_3m":1,"first_flood_m":1,"nests":true,"area_km2":2.243}},{"type":"Feature","geometry":{"type":"Polygon","coordinates":[[[-16.23961,13.4444],[-16.24149,13.4444],[-16.24112,13.4462],[-16.2402,13.44916],[-16.23961,13.45057],[-16.23961,13.4444]]]},"properties":{"region":"North Bank","district":"Jokadu","floods_1m":0,"floods_2m":1,"floods_3m":1,"first_flood_m":2,"nests":true,"area_km2":0.079}},{"type":"Feature","geometry":{"type":"Polygon","coordinates":[[[-16.62457,13.42069],[-16.62485,13.42069],[-16.62486,13.42097],[-16.62542,13.42097],[-16.62542,13.42125],[-16.62569,13.42125],[-16.62569,13.42153],[-16.62597,13.42153],[-16.62597,13.42181],[-16.62625,13.42181],[-16.62625,13.42208],[-16.62653,13.42208],[-16.62653,13.42292],[-16.62681,13.42292],[-16.62681,13.42319],[-16.62708,13.42319],[-16.62708,13.42347],[-16.62736,13.42347],[-16.62736,13.42403],[-16.62764,13.42403],[-16.62764,13.42431],[-16.62792,13.42431],[-16.62792,13.42486],[-16.62819,13.42486],[-16.62819,13.42514],[-16.62875,13.42514],[-16.62875,13.42542],[-16.62903,13.42542],[-16.62903,13.42569],[-16.62958,13.42569],[-16.62958,13.42597],[-16.63153,13.42597],[-16.63153,13.42514],[-16.63181,13.42514],[-16.63181,13.42486],[-16.63208,13.42486],[-16.63208,13.42458],[-16.63236,13.42458],[-16.63236,13.42431],[-16.63264,13.42431],[-16.63264,13.42403],[-16.63292,13.42403],[-16.63292,13.42375],[-16.63319,13.42375],[-16.63319,13.41945],[-16.63883,13.41846],[-16.63883,13.43015],[-16.62457,13.43015],[-16.62457,13.42069]]]},"properties":{"region":"Banjul","district":"Kanifing","floods_1m":1,"floods_2m":1,"floods_3m":1,"first_flood_m":1,"nests":true,"area_km2":1.385}},{"type":"Feature","geometry":{"type":"Polygon","coordinates":[[[-16.21109,13.43015],[-16.22535,13.43015],[-16.22535,13.4444],[-16.21109,13.4444],[-16.21109,13.43015]]]},"properties":{"region":"North Bank","district":"Jokadu","floods_1m":1,"floods_2m":1,"floods_3m":1,"first_flood_m":1,"nests":true,"area_km2":2.444}},{"type":"Feature","geometry":{"type":"Polygon","coordinates":[[[-16.09703,13.52764],[-16.09703,13.51569],[-16.11129,13.51569],[-16.11129,13.52995],[-16.10685,13.52995],[-16.10688,13.52988],[-16.10672,13.52801],[-16.10617,13.52669],[-16.10526,13.52618],[-16.10344,13.52606],[-16.10225,13.52632],[-16.10054,13.52675],[-16.10009,13.52689],[-16.09994,13.52694],[-16.09871,13.52726],[-16.09703,13.52764]]]},"properties":{"region":"North Bank","district":"Jokadu","floods_1m":1,"floods_2m":1,"floods_3m":1,"first_flood_m":1,"nests":true,"area_km2":2.064}},{"type":"Feature","geometry":{"type":"Polygon","coordinates":[[[-16.65309,13.4444],[-16.66735,13.4444],[-16.66735,13.45866],[-16.65309,13.45866],[-16.65309,13.4444]]]},"properties":{"region":"Banjul","district":"Kanifing","floods_1m":1,"floods_2m":1,"floods_3m":1,"first_flood_m":1,"nests":true,"area_km2":2.445}},{"type":"Feature","geometry":{"type":"Polygon","coordinates":[[[-16.22535,13.50144],[-16.23183,13.50144],[-16.23201,13.50193],[-16.23228,13.50383],[-16.23227,13.50631],[-16.23084,13.50749],[-16.22972,13.50742],[-16.22873,13.50657],[-16.22784,13.50526],[-16.22661,13.50516],[-16.22616,13.50573],[-16.22602,13.5067],[-16.22619,13.50768],[-16.22658,13.5089],[-16.22698,13.50985],[-16.22761,13.51095],[-16.2282,13.5126],[-16.22898,13.51342],[-16.22984,13.51346],[-16.23061,13.51295],[-16.23151,13.51182],[-16.23234,13.51108],[-16.23332,13.51084],[-16.23399,13.51099],[-16.23446,13.51154],[-16.23467,13.51264],[-16.23395,13.51398],[-16.2337,13.51493],[-16.23405,13.51551],[-16.2346,13.5156],[-16.23508,13.51569],[-16.22535,13.51569],[-16.22535,13.50144]]]},"properties":{"region":"North Bank","district":"Jokadu","floods_1m":1,"floods_2m":1,"floods_3m":1,"first_flood_m":1,"nests":true,"area_km2":0.891}},{"type":"Feature","geometry":{"type":"Polygon","coordinates":[[[-16.63883,13.41846],[-16.65209,13.41611],[-16.65309,13.41605],[-16.65309,13.43015],[-16.63883,13.43015],[-16.63883,13.41846]]]},"properties":{"region":"Banjul","district":"Kanifing","floods_1m":1,"floods_2m":1,"floods_3m":1,"first_flood_m":1,"nests":true,"area_km2":2.221}},{"type":"Feature","geometry":{"type":"Polygon","coordinates":[[[-16.66625,13.48718],[-16.66735,13.48718],[-16.66735,13.48958],[-16.66708,13.48958],[-16.66708,13.48903],[-16.66681,13.48903],[-16.66681,13.4882],[-16.66653,13.4882],[-16.66653,13.48764],[-16.66625,13.48764],[-16.66625,13.48718]]]},"properties":{"region":"Banjul","district":"Kanifing","floods_1m":1,"floods_2m":1,"floods_3m":1,"first_flood_m":1,"nests":true,"area_km2":0.019}},{"type":"Feature","geometry":{"type":"Polygon","coordinates":[[[-16.66735,13.47292],[-16.6816,13.47292],[-16.6816,13.48125],[-16.68153,13.48125],[-16.68153,13.48153],[-16.68125,13.48153],[-16.68125,13.48181],[-16.68097,13.48181],[-16.68097,13.48208],[-16.68042,13.48208],[-16.68042,13.48236],[-16.67958,13.48236],[-16.67958,13.48208],[-16.67792,13.48208],[-16.67792,13.48236],[-16.67764,13.48236],[-16.67764,13.48264],[-16.67736,13.48264],[-16.67736,13.48292],[-16.67709,13.48292],[-16.67709,13.48375],[-16.67625,13.48375],[-16.67625,13.48347],[-16.6757,13.48347],[-16.6757,13.4832],[-16.67542,13.4832],[-16.67542,13.48347],[-16.67486,13.48347],[-16.67486,13.48375],[-16.67458,13.48375],[-16.67458,13.48403],[-16.67447,13.48403],[-16.6743,13.48403],[-16.6743,13.48431],[-16.67403,13.48431],[-16.67403,13.48458],[-16.67319,13.48458],[-16.67319,13.48486],[-16.67236,13.48486],[-16.67236,13.48514],[-16.67069,13.48514],[-16.67069,13.48542],[-16.67014,13.48542],[-16.67014,13.48569],[-16.66986,13.48569],[-16.66986,13.48625],[-16.66958,13.48625],[-16.66958,13.48708],[-16.66931,13.48708],[-16.66931,13.48718],[-16.66735,13.48718],[-16.66735,13.47292]]]},"properties":{"region":"Banjul","district":"Kanifing","floods_1m":1,"floods_2m":1,"floods_3m":1,"first_flood_m":1,"nests":true,"area_km2":1.932}},{"type":"Feature","geometry":{"type":"Polygon","coordinates":[[[-16.71012,13.45866],[-16.71597,13.45866],[-16.71597,13.45875],[-16.71569,13.45875],[-16.71569,13.45903],[-16.71541,13.45903],[-16.71541,13.4593],[-16.71514,13.4593],[-16.71514,13.45958],[-16.71431,13.45958],[-16.71431,13.45986],[-16.71292,13.45986],[-16.71292,13.46014],[-16.71236,13.46014],[-16.71236,13.46042],[-16.71042,13.46042],[-16.71042,13.4607],[-16.71014,13.4607],[-16.71014,13.46097],[-16.71012,13.46097],[-16.71012,13.45866]]]},"properties":{"region":"Banjul","district":"Kanifing","floods_1m":1,"floods_2m":1,"floods_3m":1,"first_flood_m":1,"nests":true,"area_km2":0.091}},{"type":"Feature","geometry":{"type":"Polygon","coordinates":[[[-16.09703,13.59153],[-16.09703,13.58698],[-16.11129,13.58698],[-16.11129,13.59157],[-16.09703,13.59153]]]},"properties":{"region":"North Bank","district":"Jokadu","floods_1m":1,"floods_2m":1,"floods_3m":1,"first_flood_m":1,"nests":true,"area_km2":0.783}},{"type":"Feature","geometry":{"type":"Polygon","coordinates":[[[-16.6816,13.45866],[-16.69586,13.45866],[-16.69586,13.47292],[-16.6816,13.47292],[-16.6816,13.45866]]]},"properties":{"region":"Banjul","district":"Kanifing","floods_1m":1,"floods_2m":1,"floods_3m":1,"first_flood_m":1,"nests":true,"area_km2":2.445}},{"type":"Feature","geometry":{"type":"Polygon","coordinates":[[[-16.18258,13.45866],[-16.19683,13.45866],[-16.19683,13.47292],[-16.18258,13.47292],[-16.18258,13.45866]]]},"properties":{"region":"North Bank","district":"Jokadu","floods_1m":1,"floods_2m":1,"floods_3m":1,"first_flood_m":1,"nests":true,"area_km2":2.443}},{"type":"Feature","geometry":{"type":"Polygon","coordinates":[[[-16.18258,13.4444],[-16.19683,13.4444],[-16.19683,13.45866],[-16.18258,13.45866],[-16.18258,13.4444]]]},"properties":{"region":"North Bank","district":"Jokadu","floods_1m":1,"floods_2m":1,"floods_3m":1,"first_flood_m":1,"nests":true,"area_km2":2.444}},{"type":"Feature","geometry":{"type":"MultiPolygon","coordinates":[[[[-16.62457,13.43015],[-16.63883,13.43015],[-16.63883,13.44125],[-16.63875,13.44125],[-16.63875,13.44181],[-16.63847,13.44181],[-16.63847,13.44208],[-16.6382,13.44208],[-16.6382,13.44236],[-16.63792,13.44236],[-16.63792,13.44292],[-16.63764,13.44292],[-16.63764,13.44431],[-16.63792,13.44431],[-16.63792,13.4444],[-16.62457,13.4444],[-16.62457,13.43015]]],[[[-16.63883,13.44292],[-16.63883,13.44403],[-16.63875,13.44403],[-16.63875,13.44292],[-16.63883,13.44292]]]]},"properties":{"region":"Banjul","district":"Kanifing","floods_1m":1,"floods_2m":1,"floods_3m":1,"first_flood_m":1,"nests":true,"area_km2":2.414}},{"type":"Feature","geometry":{"type":"MultiPolygon","coordinates":[[[[-16.6307,13.45866],[-16.63883,13.45866],[-16.63883,13.47292],[-16.63764,13.47292],[-16.63764,13.47292],[-16.63736,13.47292],[-16.63736,13.47264],[-16.63708,13.47264],[-16.63708,13.47236],[-16.63681,13.47236],[-16.63681,13.47208],[-16.63653,13.47208],[-16.63652,13.47175],[-16.63625,13.47181],[-16.63625,13.47153],[-16.63541,13.47153],[-16.63541,13.47125],[-16.63458,13.47125],[-16.63458,13.47097],[-16.62958,13.47097],[-16.62958,13.47069],[-16.6293,13.47069],[-16.6293,13.47042],[-16.62903,13.47042],[-16.62903,13.47014],[-16.62875,13.47014],[-16.62875,13.46653],[-16.62903,13.46653],[-16.62903,13.46486],[-16.6293,13.46486],[-16.6293,13.46347],[-16.62958,13.46347],[-16.62958,13.46236],[-16.62986,13.46236],[-16.62986,13.46181],[-16.63014,13.46181],[-16.63014,13.46125],[-16.63042,13.46125],[-16.63042,13.46042],[-16.63014,13.46042],[-16.63014,13.46014],[-16.63042,13.46014],[-16.63042,13.45903],[-16.6307,13.45903],[-16.6307,13.45866]]],[[[-16.62457,13.45866],[-16.62986,13.45866],[-16.62986,13.45875],[-16.62958,13.45875],[-16.62958,13.4593],[-16.6293,13.4593],[-16.6293,13.45986],[-16.62903,13.45986],[-16.62903,13.46042],[-16.62875,13.46042],[-16.62875,13.46153],[-16.62847,13.46153],[-16.62847,13.46181],[-16.62819,13.46181],[-16.62819,13.46208],[-16.62792,13.46208],[-16.62792,13.46319],[-16.62764,13.46319],[-16.62764,13.46375],[-16.62736,13.46375],[-16.62736,13.46458],[-16.62708,13.46458],[-16.62708,13.46764],[-16.62681,13.46764],[-16.62681,13.46819],[-16.62653,13.46819],[-16.62653,13.46847],[-16.62625,13.46847],[-16.62625,13.46875],[-16.62597,13.46875],[-16.62597,13.46903],[-16.62569,13.46903],[-16.62569,13.46931],[-16.62514,13.46931],[-16.62514,13.46958],[-16.62458,13.46958],[-16.62458,13.46986],[-16.62457,13.46986],[-16.62457,13.45866]]]]},"properties":{"region":"Banjul","district":"Kanifing","floods_1m":1,"floods_2m":1,"floods_3m":1,"first_flood_m":1,"nests":true,"area_km2":1.856}},{"type":"Feature","geometry":{"type":"MultiPolygon","coordinates":[[[[-16.61031,13.47153],[-16.6107,13.47153],[-16.6107,13.47181],[-16.61097,13.47181],[-16.61097,13.47208],[-16.61125,13.47208],[-16.61125,13.47264],[-16.61153,13.47264],[-16.61153,13.47292],[-16.61031,13.47292],[-16.61031,13.47153]]],[[[-16.61031,13.46931],[-16.61031,13.45866],[-16.62457,13.45866],[-16.62457,13.46986],[-16.62375,13.46986],[-16.62375,13.47014],[-16.6232,13.47014],[-16.6232,13.47042],[-16.62264,13.47042],[-16.62264,13.47069],[-16.62153,13.47075],[-16.62153,13.47097],[-16.62097,13.47097],[-16.62097,13.47125],[-16.62069,13.47125],[-16.62069,13.47153],[-16.62014,13.47153],[-16.62014,13.47181],[-16.61958,13.47181],[-16.61958,13.47208],[-16.61903,13.47208],[-16.61903,13.47236],[-16.61875,13.47236],[-16.61875,13.47264],[-16.61847,13.47264],[-16.61847,13.47292],[-16.61819,13.47292],[-16.61819,13.47292],[-16.61514,13.47292],[-16.61514,13.47292],[-16.61431,13.47292],[-16.61431,13.47264],[-16.61375,13.47264],[-16.61375,13.47236],[-16.61347,13.47236],[-16.61347,13.47208],[-16.6132,13.47208],[-16.61319,13.47181],[-16.61292,13.47181],[-16.61292,13.47153],[-16.61264,13.47153],[-16.61264,13.47125],[-16.61208,13.47125],[-16.61208,13.47069],[-16.61181,13.47069],[-16.61181,13.47014],[-16.61153,13.47014],[-16.61153,13.46986],[-16.61125,13.46986],[-16.61125,13.46958],[-16.61042,13.46958],[-16.61042,13.46931],[-16.61031,13.46931]]]]},"properties":{"region":"Banjul","district":"Kanifing","floods_1m":1,"floods_2m":1,"floods_3m":1,"first_flood_m":1,"nests":true,"area_km2":2.229}},{"type":"Feature","geometry":{"type":"Polygon","coordinates":[[[-16.19683,13.47292],[-16.21109,13.47292],[-16.21109,13.48718],[-16.19683,13.48718],[-16.19683,13.47292]]]},"properties":{"region":"North Bank","district":"Jokadu","floods_1m":1,"floods_2m":1,"floods_3m":1,"first_flood_m":1,"nests":true,"area_km2":2.445}},{"type":"Feature","geometry":{"type":"Polygon","coordinates":[[[-16.65309,13.41605],[-16.65546,13.41589],[-16.66735,13.41589],[-16.66735,13.43015],[-16.65309,13.43015],[-16.65309,13.41605]]]},"properties":{"region":"Banjul","district":"Kanifing","floods_1m":1,"floods_2m":1,"floods_3m":1,"first_flood_m":1,"nests":true,"area_km2":2.443}},{"type":"Feature","geometry":{"type":"Polygon","coordinates":[[[-16.11129,13.51569],[-16.12554,13.51569],[-16.12554,13.52995],[-16.11129,13.52995],[-16.11129,13.51569]]]},"properties":{"region":"North Bank","district":"Jokadu","floods_1m":1,"floods_2m":1,"floods_3m":1,"first_flood_m":1,"nests":true,"area_km2":2.443}},{"type":"Feature","geometry":{"type":"Polygon","coordinates":[[[-16.65309,13.43015],[-16.66735,13.43015],[-16.66735,13.4444],[-16.65309,13.4444],[-16.65309,13.43015]]]},"properties":{"region":"Banjul","district":"Kanifing","floods_1m":1,"floods_2m":1,"floods_3m":1,"first_flood_m":1,"nests":true,"area_km2":2.444}},{"type":"Feature","geometry":{"type":"Polygon","coordinates":[[[-16.61031,13.4444],[-16.62457,13.4444],[-16.62457,13.45866],[-16.61031,13.45866],[-16.61031,13.4444]]]},"properties":{"region":"Banjul","district":"Kanifing","floods_1m":1,"floods_2m":1,"floods_3m":1,"first_flood_m":1,"nests":true,"area_km2":2.445}},{"type":"Feature","geometry":{"type":"Polygon","coordinates":[[[-16.60636,13.4444],[-16.60708,13.4444],[-16.60708,13.44514],[-16.60736,13.44514],[-16.60736,13.44542],[-16.60792,13.44542],[-16.60792,13.44514],[-16.60819,13.44514],[-16.60819,13.4444],[-16.61031,13.4444],[-16.61031,13.45866],[-16.60461,13.45866],[-16.60568,13.45587],[-16.607,13.44859],[-16.60636,13.4444]]]},"properties":{"region":"Banjul","district":"Kanifing","floods_1m":1,"floods_2m":1,"floods_3m":1,"first_flood_m":1,"nests":true,"area_km2":0.692}},{"type":"Feature","geometry":{"type":"Polygon","coordinates":[[[-16.15406,13.45159],[-16.1559,13.45037],[-16.16289,13.4444],[-16.16832,13.4444],[-16.16832,13.45866],[-16.15406,13.45866],[-16.15406,13.45159]]]},"properties":{"region":"North Bank","district":"Jokadu","floods_1m":1,"floods_2m":1,"floods_3m":1,"first_flood_m":1,"nests":true,"area_km2":2.049}},{"type":"Feature","geometry":{"type":"MultiPolygon","coordinates":[[[[-16.61031,13.43958],[-16.61042,13.43958],[-16.61042,13.43931],[-16.6107,13.43931],[-16.6107,13.43903],[-16.61097,13.43903],[-16.61097,13.43875],[-16.61125,13.43875],[-16.61125,13.43847],[-16.61153,13.43847],[-16.61153,13.4382],[-16.61181,13.4382],[-16.61181,13.43764],[-16.61236,13.43764],[-16.61236,13.43736],[-16.61264,13.43736],[-16.61264,13.4368],[-16.61292,13.4368],[-16.61292,13.43653],[-16.61319,13.43653],[-16.6132,13.43597],[-16.61347,13.43597],[-16.61347,13.43542],[-16.61375,13.43542],[-16.61375,13.43486],[-16.61403,13.43486],[-16.61403,13.43431],[-16.61431,13.43431],[-16.61431,13.4332],[-16.61458,13.4332],[-16.61458,13.43264],[-16.61486,13.43264],[-16.61486,13.43208],[-16.61514,13.43208],[-16.61514,13.43153],[-16.61542,13.43153],[-16.61542,13.43069],[-16.61597,13.43069],[-16.61597,13.43042],[-16.61625,13.43042],[-16.61625,13.43015],[-16.62457,13.43015],[-16.62457,13.4444],[-16.61031,13.4444],[-16.61031,13.43958]]],[[[-16.61031,13.43015],[-16.61042,13.43015],[-16.61042,13.43042],[-16.61031,13.43042],[-16.61031,13.43015]]]]},"properties":{"region":"Banjul","district":"Kanifing","floods_1m":1,"floods_2m":1,"floods_3m":1,"first_flood_m":1,"nests":true,"area_km2":2.07}},{"type":"Feature","geometry":{"type":"Polygon","coordinates":[[[-16.1398,13.45866],[-16.15406,13.45866],[-16.15406,13.47292],[-16.1398,13.47292],[-16.1398,13.45866]]]},"properties":{"region":"North Bank","district":"Jokadu","floods_1m":1,"floods_2m":1,"floods_3m":1,"first_flood_m":1,"nests":true,"area_km2":2.445}},{"type":"Feature","geometry":{"type":"Polygon","coordinates":[[[-16.09703,13.50232],[-16.09703,13.51569],[-16.08906,13.51569],[-16.08945,13.51453],[-16.09012,13.51304],[-16.09091,13.51143],[-16.0917,13.50953],[-16.0927,13.50792],[-16.09367,13.50677],[-16.09487,13.50524],[-16.09595,13.50363],[-16.0966,13.50282],[-16.09703,13.50232]]]},"properties":{"region":"North Bank","district":"Jokadu","floods_1m":1,"floods_2m":1,"floods_3m":1,"first_flood_m":1,"nests":true,"area_km2":0.732}},{"type":"Feature","geometry":{"type":"Polygon","coordinates":[[[-16.66735,13.45866],[-16.6816,13.45866],[-16.6816,13.47292],[-16.66735,13.47292],[-16.66735,13.45866]]]},"properties":{"region":"Banjul","district":"Kanifing","floods_1m":1,"floods_2m":1,"floods_3m":1,"first_flood_m":1,"nests":true,"area_km2":2.443}},{"type":"Feature","geometry":{"type":"Polygon","coordinates":[[[-16.19683,13.4444],[-16.21109,13.4444],[-16.21109,13.45866],[-16.19683,13.45866],[-16.19683,13.4444]]]},"properties":{"region":"North Bank","district":"Jokadu","floods_1m":1,"floods_2m":1,"floods_3m":1,"first_flood_m":1,"nests":true,"area_km2":2.445}},{"type":"Feature","geometry":{"type":"Polygon","coordinates":[[[-16.66735,13.48958],[-16.66735,13.48718],[-16.66931,13.48718],[-16.66931,13.48736],[-16.66903,13.48736],[-16.66903,13.48792],[-16.66875,13.48792],[-16.66875,13.4882],[-16.66847,13.4882],[-16.66847,13.48875],[-16.66819,13.48875],[-16.66819,13.4893],[-16.66792,13.4893],[-16.66792,13.48958],[-16.66735,13.48958]]]},"properties":{"region":"Banjul","district":"Kanifing","floods_1m":1,"floods_2m":1,"floods_3m":1,"first_flood_m":1,"nests":true,"area_km2":0.035}},{"type":"Feature","geometry":{"type":"Polygon","coordinates":[[[-16.69586,13.4444],[-16.71012,13.4444],[-16.71012,13.45866],[-16.69586,13.45866],[-16.69586,13.4444]]]},"properties":{"region":"Banjul","district":"Kanifing","floods_1m":0,"floods_2m":1,"floods_3m":1,"first_flood_m":2,"nests":true,"area_km2":2.445}},{"type":"Feature","geometry":{"type":"Polygon","coordinates":[[[-16.69586,13.47403],[-16.69586,13.47292],[-16.69681,13.47292],[-16.69681,13.47319],[-16.69653,13.47319],[-16.69653,13.47375],[-16.69597,13.47375],[-16.69597,13.47403],[-16.69586,13.47403]]]},"properties":{"region":"Banjul","district":"Kanifing","floods_1m":1,"floods_2m":1,"floods_3m":1,"first_flood_m":1,"nests":true,"area_km2":0.008}},{"type":"Feature","geometry":{"type":"Polygon","coordinates":[[[-16.1398,13.45032],[-16.15318,13.45217],[-16.15406,13.45159],[-16.15406,13.45866],[-16.1398,13.45866],[-16.1398,13.45032]]]},"properties":{"region":"North Bank","district":"Jokadu","floods_1m":1,"floods_2m":1,"floods_3m":1,"first_flood_m":1,"nests":true,"area_km2":1.265}},{"type":"Feature","geometry":{"type":"MultiPolygon","coordinates":[[[[-16.23961,13.42859],[-16.24004,13.42926],[-16.24057,13.43015],[-16.23961,13.43015],[-16.23961,13.42859]]],[[[-16.23961,13.42486],[-16.23961,13.41589],[-16.24674,13.41589],[-16.24715,13.41638],[-16.24791,13.41711],[-16.24752,13.41923],[-16.24716,13.42075],[-16.24669,13.42182],[-16.24609,13.42276],[-16.24538,13.42345],[-16.24444,13.42416],[-16.24335,13.42473],[-16.2422,13.42493],[-16.24132,13.42493],[-16.24014,13.42486],[-16.23961,13.42486]]]]},"properties":{"region":"North Bank","district":"Jokadu","floods_1m":1,"floods_2m":1,"floods_3m":1,"first_flood_m":1,"nests":true,"area_km2":0.773}},{"type":"Feature","geometry":{"type":"Polygon","coordinates":[[[-16.6816,13.47292],[-16.69586,13.47292],[-16.69586,13.47403],[-16.69569,13.47403],[-16.69569,13.47431],[-16.69542,13.47431],[-16.69542,13.47458],[-16.69514,13.47458],[-16.69514,13.47486],[-16.69486,13.47486],[-16.69486,13.47542],[-16.69458,13.47542],[-16.69458,13.47569],[-16.69431,13.47569],[-16.69431,13.47597],[-16.69403,13.47597],[-16.69403,13.47625],[-16.6932,13.47625],[-16.6932,13.47653],[-16.69292,13.47653],[-16.69292,13.47681],[-16.69208,13.47681],[-16.69208,13.47708],[-16.69125,13.47708],[-16.69125,13.47736],[-16.6907,13.47736],[-16.6907,13.47708],[-16.69041,13.47708],[-16.69041,13.47736],[-16.68958,13.47736],[-16.68958,13.47764],[-16.68875,13.47764],[-16.68875,13.47792],[-16.68819,13.47792],[-16.68819,13.47819],[-16.68764,13.47819],[-16.68764,13.47847],[-16.68736,13.47847],[-16.68736,13.47875],[-16.68708,13.47875],[-16.68708,13.47903],[-16.68625,13.47903],[-16.68625,13.4793],[-16.68569,13.4793],[-16.68569,13.47958],[-16.68514,13.47958],[-16.68514,13.47986],[-16.68458,13.47986],[-16.68458,13.48014],[-16.68375,13.48014],[-16.68375,13.48042],[-16.6832,13.48042],[-16.6832,13.48069],[-16.68236,13.48069],[-16.68236,13.48097],[-16.6818,13.48097],[-16.6818,13.48125],[-16.6816,13.48125],[-16.6816,13.47292]]]},"properties":{"region":"Banjul","district":"Kanifing","floods_1m":1,"floods_2m":1,"floods_3m":1,"first_flood_m":1,"nests":true,"area_km2":0.884}},{"type":"Feature","geometry":{"type":"Polygon","coordinates":[[[-16.21109,13.50144],[-16.22535,13.50144],[-16.22535,13.51569],[-16.21109,13.51569],[-16.21109,13.50144]]]},"properties":{"region":"North Bank","district":"Jokadu","floods_1m":0,"floods_2m":1,"floods_3m":1,"first_flood_m":2,"nests":true,"area_km2":2.443}},{"type":"Feature","geometry":{"type":"MultiPolygon","coordinates":[[[[-16.60622,13.44348],[-16.60653,13.44347],[-16.60653,13.44403],[-16.60681,13.44403],[-16.60681,13.44431],[-16.60708,13.44431],[-16.60708,13.4444],[-16.60636,13.4444],[-16.60622,13.44348]]],[[[-16.61031,13.43958],[-16.61031,13.4444],[-16.60819,13.4444],[-16.60819,13.44208],[-16.60792,13.44208],[-16.60792,13.44181],[-16.60819,13.44181],[-16.60819,13.44125],[-16.60847,13.44125],[-16.60847,13.4407],[-16.60903,13.4407],[-16.60903,13.44042],[-16.60931,13.44042],[-16.60931,13.44014],[-16.60958,13.44014],[-16.60958,13.43986],[-16.61014,13.43986],[-16.61014,13.43958],[-16.61031,13.43958]]],[[[-16.60569,13.43015],[-16.61031,13.43015],[-16.61031,13.43042],[-16.61014,13.43042],[-16.6102,13.43101],[-16.60986,13.43097],[-16.60986,13.43159],[-16.60986,13.43208],[-16.60958,13.43208],[-16.60958,13.43264],[-16.60931,13.43264],[-16.60931,13.43347],[-16.60903,13.43347],[-16.60903,13.43431],[-16.60875,13.43431],[-16.60875,13.43486],[-16.60847,13.43486],[-16.60847,13.43514],[-16.60792,13.43514],[-16.60792,13.43542],[-16.60597,13.43542],[-16.60597,13.43521],[-16.60569,13.43514],[-16.60569,13.43486],[-16.60542,13.43486],[-16.60542,13.43458],[-16.60514,13.43458],[-16.60514,13.43125],[-16.60542,13.43125],[-16.60542,13.43069],[-16.60569,13.43069],[-16.60569,13.43015]]]]},"properties":{"region":"Banjul","district":"Kanifing","floods_1m":1,"floods_2m":1,"floods_3m":1,"first_flood_m":1,"nests":true,"area_km2":0.366}},{"type":"Feature","geometry":{"type":"Polygon","coordinates":[[[-16.1316,13.45866],[-16.1398,13.45866],[-16.1398,13.47292],[-16.12927,13.47292],[-16.12912,13.47222],[-16.12904,13.47087],[-16.1291,13.46935],[-16.12952,13.46748],[-16.12979,13.46637],[-16.12991,13.46587],[-16.13053,13.46467],[-16.13101,13.46383],[-16.13169,13.46203],[-16.1319,13.46082],[-16.13173,13.45967],[-16.13164,13.45887],[-16.1316,13.45866]]]},"properties":{"region":"North Bank","district":"Jokadu","floods_1m":1,"floods_2m":1,"floods_3m":1,"first_flood_m":1,"nests":true,"area_km2":1.628}},{"type":"Feature","geometry":{"type":"Polygon","coordinates":[[[-16.11129,13.49487],[-16.11129,13.50144],[-16.0978,13.50144],[-16.09793,13.50128],[-16.09852,13.50073],[-16.0991,13.50004],[-16.09966,13.49926],[-16.10014,13.49879],[-16.10067,13.49827],[-16.10135,13.49748],[-16.10238,13.49676],[-16.10253,13.49666],[-16.1037,13.49612],[-16.10511,13.49558],[-16.10614,13.49518],[-16.1077,13.49464],[-16.109,13.49465],[-16.11022,13.49468],[-16.1111,13.49485],[-16.11129,13.49487]]]},"properties":{"region":"North Bank","district":"Jokadu","floods_1m":1,"floods_2m":1,"floods_3m":1,"first_flood_m":1,"nests":true,"area_km2":0.801}},{"type":"Feature","geometry":{"type":"Polygon","coordinates":[[[-16.63883,13.47347],[-16.63883,13.47292],[-16.65309,13.47292],[-16.65309,13.47403],[-16.6507,13.47403],[-16.6507,13.47431],[-16.6482,13.47431],[-16.6482,13.47458],[-16.64153,13.47458],[-16.64153,13.47431],[-16.64069,13.47431],[-16.64069,13.47403],[-16.63986,13.47403],[-16.63986,13.47375],[-16.63931,13.47375],[-16.63931,13.47347],[-16.63883,13.47347]]]},"properties":{"region":"Banjul","district":"Kanifing","floods_1m":1,"floods_2m":1,"floods_3m":1,"first_flood_m":1,"nests":true,"area_km2":0.241}},{"type":"Feature","geometry":{"type":"Polygon","coordinates":[[[-16.21109,13.48718],[-16.22362,13.48718],[-16.22338,13.48798],[-16.22296,13.48919],[-16.2224,13.49022],[-16.22181,13.49114],[-16.22148,13.49197],[-16.22127,13.49283],[-16.22135,13.4941],[-16.22138,13.49527],[-16.22149,13.49637],[-16.22175,13.49778],[-16.22248,13.49936],[-16.22345,13.50032],[-16.22433,13.50058],[-16.22516,13.50024],[-16.22535,13.50004],[-16.22535,13.50144],[-16.21109,13.50144],[-16.21109,13.48718]]]},"properties":{"region":"North Bank","district":"Jokadu","floods_1m":1,"floods_2m":1,"floods_3m":1,"first_flood_m":1,"nests":true,"area_km2":1.925}},{"type":"Feature","geometry":{"type":"Polygon","coordinates":[[[-15.49819,13.4444],[-15.51245,13.4444],[-15.51245,13.45866],[-15.49819,13.45866],[-15.49819,13.4444]]]},"properties":{"region":"Lower River","district":"Jarra West","floods_1m":1,"floods_2m":1,"floods_3m":1,"first_flood_m":1,"nests":true,"area_km2":2.445}},{"type":"Feature","geometry":{"type":"Polygon","coordinates":[[[-16.16832,13.47292],[-16.18258,13.47292],[-16.18258,13.48718],[-16.16832,13.48718],[-16.16832,13.47292]]]},"properties":{"region":"North Bank","district":"Jokadu","floods_1m":1,"floods_2m":1,"floods_3m":1,"first_flood_m":1,"nests":true,"area_km2":2.445}},{"type":"Feature","geometry":{"type":"Polygon","coordinates":[[[-16.19683,13.43069],[-16.19781,13.43015],[-16.21109,13.43015],[-16.21109,13.4444],[-16.19683,13.4444],[-16.19683,13.43069]]]},"properties":{"region":"North Bank","district":"Jokadu","floods_1m":1,"floods_2m":1,"floods_3m":1,"first_flood_m":1,"nests":true,"area_km2":2.441}},{"type":"Feature","geometry":{"type":"Polygon","coordinates":[[[-15.48393,13.4444],[-15.49819,13.4444],[-15.49819,13.45866],[-15.48393,13.45866],[-15.48393,13.4444]]]},"properties":{"region":"Lower River","district":"Jarra West","floods_1m":1,"floods_2m":1,"floods_3m":1,"first_flood_m":1,"nests":true,"area_km2":2.445}},{"type":"Feature","geometry":{"type":"Polygon","coordinates":[[[-16.16832,13.44101],[-16.17681,13.43668],[-16.18258,13.43508],[-16.18258,13.4444],[-16.16832,13.4444],[-16.16832,13.44101]]]},"properties":{"region":"North Bank","district":"Jokadu","floods_1m":1,"floods_2m":1,"floods_3m":1,"first_flood_m":1,"nests":true,"area_km2":1.158}},{"type":"Feature","geometry":{"type":"Polygon","coordinates":[[[-15.54097,13.47292],[-15.55522,13.47292],[-15.55522,13.48718],[-15.54097,13.48718],[-15.54097,13.47292]]]},"properties":{"region":"Lower River","district":"Jarra West","floods_1m":1,"floods_2m":1,"floods_3m":1,"first_flood_m":1,"nests":true,"area_km2":2.443}},{"type":"Feature","geometry":{"type":"Polygon","coordinates":[[[-16.21013,13.41589],[-16.21109,13.41537],[-16.21109,13.41589],[-16.21013,13.41589]]]},"properties":{"region":"North Bank","district":"Jokadu","floods_1m":1,"floods_2m":1,"floods_3m":1,"first_flood_m":1,"nests":true,"area_km2":0.003}},{"type":"Feature","geometry":{"type":"Polygon","coordinates":[[[-15.54097,13.41589],[-15.55522,13.41589],[-15.55522,13.43015],[-15.54097,13.43015],[-15.54097,13.41589]]]},"properties":{"region":"Lower River","district":"Jarra West","floods_1m":0,"floods_2m":1,"floods_3m":1,"first_flood_m":2,"nests":true,"area_km2":2.444}},{"type":"Feature","geometry":{"type":"Polygon","coordinates":[[[-16.08906,13.51569],[-16.09703,13.51569],[-16.09703,13.52764],[-16.09691,13.52766],[-16.0953,13.52821],[-16.09406,13.5285],[-16.09235,13.52865],[-16.09154,13.52856],[-16.0906,13.5283],[-16.08942,13.52753],[-16.08847,13.52681],[-16.08797,13.52612],[-16.08762,13.52523],[-16.08765,13.52436],[-16.08764,13.52356],[-16.08767,13.52201],[-16.08799,13.52002],[-16.08822,13.51813],[-16.08887,13.51626],[-16.08906,13.51569]]]},"properties":{"region":"North Bank","district":"Jokadu","floods_1m":1,"floods_2m":1,"floods_3m":1,"first_flood_m":1,"nests":true,"area_km2":1.342}},{"type":"Feature","geometry":{"type":"Polygon","coordinates":[[[-15.56948,13.41589],[-15.58374,13.41589],[-15.58374,13.43015],[-15.56948,13.43015],[-15.56948,13.41589]]]},"properties":{"region":"Lower River","district":"Jarra West","floods_1m":0,"floods_2m":0,"floods_3m":1,"first_flood_m":3,"nests":true,"area_km2":2.446}},{"type":"Feature","geometry":{"type":"Polygon","coordinates":[[[-16.12554,13.45183],[-16.12554,13.44857],[-16.13286,13.44936],[-16.1398,13.45032],[-16.1398,13.45866],[-16.1316,13.45866],[-16.13147,13.45792],[-16.13124,13.45708],[-16.13074,13.4557],[-16.1299,13.45417],[-16.12922,13.45362],[-16.12852,13.45316],[-16.12755,13.45255],[-16.1264,13.45231],[-16.12554,13.45183]]]},"properties":{"region":"North Bank","district":"Jokadu","floods_1m":1,"floods_2m":1,"floods_3m":1,"first_flood_m":1,"nests":true,"area_km2":1.229}},{"type":"Feature","geometry":{"type":"Polygon","coordinates":[[[-15.52671,13.47292],[-15.54097,13.47292],[-15.54097,13.48718],[-15.52671,13.48718],[-15.52671,13.47292]]]},"properties":{"region":"Lower River","district":"Jarra West","floods_1m":1,"floods_2m":1,"floods_3m":1,"first_flood_m":1,"nests":true,"area_km2":2.445}},{"type":"Feature","geometry":{"type":"Polygon","coordinates":[[[-16.21109,13.4444],[-16.22535,13.4444],[-16.22535,13.45866],[-16.21109,13.45866],[-16.21109,13.4444]]]},"properties":{"region":"North Bank","district":"Jokadu","floods_1m":1,"floods_2m":1,"floods_3m":1,"first_flood_m":1,"nests":true,"area_km2":2.445}},{"type":"Feature","geometry":{"type":"Polygon","coordinates":[[[-16.09703,13.57273],[-16.11129,13.57273],[-16.11129,13.58698],[-16.09703,13.58698],[-16.09703,13.57273]]]},"properties":{"region":"North Bank","district":"Jokadu","floods_1m":1,"floods_2m":1,"floods_3m":1,"first_flood_m":1,"nests":true,"area_km2":2.442}},{"type":"Feature","geometry":{"type":"Polygon","coordinates":[[[-16.15406,13.48718],[-16.16832,13.48718],[-16.16832,13.50144],[-16.15406,13.50144],[-16.15406,13.48718]]]},"properties":{"region":"North Bank","district":"Jokadu","floods_1m":1,"floods_2m":1,"floods_3m":1,"first_flood_m":1,"nests":true,"area_km2":2.445}},{"type":"Feature","geometry":{"type":"Polygon","coordinates":[[[-15.52671,13.45866],[-15.54097,13.45866],[-15.54097,13.47292],[-15.52671,13.47292],[-15.52671,13.45866]]]},"properties":{"region":"Lower River","district":"Jarra West","floods_1m":1,"floods_2m":1,"floods_3m":1,"first_flood_m":1,"nests":true,"area_km2":2.445}},{"type":"Feature","geometry":{"type":"Polygon","coordinates":[[[-16.09878,13.54421],[-16.11129,13.54421],[-16.11129,13.55847],[-16.1029,13.55847],[-16.1032,13.55756],[-16.10352,13.55622],[-16.10358,13.55495],[-16.10335,13.5533],[-16.1031,13.55177],[-16.1025,13.55004],[-16.10219,13.54856],[-16.10162,13.54761],[-16.10109,13.54686],[-16.10049,13.54608],[-16.10018,13.54573],[-16.09952,13.54539],[-16.09885,13.54453],[-16.09878,13.54421]]]},"properties":{"region":"North Bank","district":"Jokadu","floods_1m":1,"floods_2m":1,"floods_3m":1,"first_flood_m":1,"nests":true,"area_km2":1.536}},{"type":"Feature","geometry":{"type":"Polygon","coordinates":[[[-16.09703,13.56879],[-16.0982,13.56863],[-16.0992,13.56802],[-16.10002,13.56719],[-16.10044,13.56689],[-16.10173,13.56459],[-16.10196,13.56331],[-16.10225,13.56148],[-16.10272,13.55902],[-16.1029,13.55847],[-16.11129,13.55847],[-16.11129,13.57273],[-16.09703,13.57273],[-16.09703,13.56879]]]},"properties":{"region":"North Bank","district":"Jokadu","floods_1m":1,"floods_2m":1,"floods_3m":1,"first_flood_m":1,"nests":true,"area_km2":1.896}},{"type":"Feature","geometry":{"type":"Polygon","coordinates":[[[-15.56948,13.45866],[-15.58374,13.45866],[-15.58374,13.47292],[-15.56948,13.47292],[-15.56948,13.45866]]]},"properties":{"region":"Lower River","district":"Jarra West","floods_1m":1,"floods_2m":1,"floods_3m":1,"first_flood_m":1,"nests":true,"area_km2":2.445}},{"type":"Feature","geometry":{"type":"Polygon","coordinates":[[[-16.22535,13.51569],[-16.23508,13.51569],[-16.23542,13.51576],[-16.23651,13.51577],[-16.23792,13.51585],[-16.23945,13.51631],[-16.23961,13.51641],[-16.23961,13.52995],[-16.22535,13.52995],[-16.22535,13.51569]]]},"properties":{"region":"North Bank","district":"Jokadu","floods_1m":0,"floods_2m":1,"floods_3m":1,"first_flood_m":2,"nests":true,"area_km2":2.433}},{"type":"Feature","geometry":{"type":"Polygon","coordinates":[[[-16.08476,13.57273],[-16.09703,13.57273],[-16.09703,13.58698],[-16.09157,13.58698],[-16.09148,13.58597],[-16.09012,13.58353],[-16.08788,13.58088],[-16.08573,13.57884],[-16.08493,13.57715],[-16.08461,13.57594],[-16.08448,13.57439],[-16.08463,13.57321],[-16.08476,13.57273]]]},"properties":{"region":"North Bank","district":"Jokadu","floods_1m":1,"floods_2m":1,"floods_3m":1,"first_flood_m":1,"nests":true,"area_km2":1.653}},{"type":"Feature","geometry":{"type":"Polygon","coordinates":[[[-16.21013,13.41589],[-16.21109,13.41589],[-16.21109,13.43015],[-16.19781,13.43015],[-16.20296,13.42728],[-16.19892,13.42436],[-16.19911,13.42183],[-16.21013,13.41589]]]},"properties":{"region":"North Bank","district":"Jokadu","floods_1m":1,"floods_2m":1,"floods_3m":1,"first_flood_m":1,"nests":true,"area_km2":1.556}},{"type":"Feature","geometry":{"type":"Polygon","coordinates":[[[-15.58374,13.47292],[-15.58756,13.47292],[-15.58562,13.47499],[-15.58623,13.48718],[-15.58374,13.48718],[-15.58374,13.47292]]]},"properties":{"region":"Lower River","district":"Jarra West","floods_1m":0,"floods_2m":1,"floods_3m":1,"first_flood_m":2,"nests":true,"area_km2":0.391}},{"type":"Feature","geometry":{"type":"Polygon","coordinates":[[[-16.12927,13.47292],[-16.1398,13.47292],[-16.1398,13.48718],[-16.1352,13.48718],[-16.13519,13.48717],[-16.13428,13.48616],[-16.13363,13.48544],[-16.13282,13.48406],[-16.13235,13.48316],[-16.13197,13.48215],[-16.13186,13.48126],[-16.1311,13.47907],[-16.13051,13.47775],[-16.13011,13.47622],[-16.12976,13.47522],[-16.12941,13.4736],[-16.12927,13.47292]]]},"properties":{"region":"North Bank","district":"Jokadu","floods_1m":1,"floods_2m":1,"floods_3m":1,"first_flood_m":1,"nests":true,"area_km2":1.417}},{"type":"Feature","geometry":{"type":"Polygon","coordinates":[[[-15.598,13.41589],[-15.60307,13.41589],[-15.6014,13.43015],[-15.598,13.43015],[-15.598,13.41589]]]},"properties":{"region":"Lower River","district":"Jarra West","floods_1m":0,"floods_2m":1,"floods_3m":1,"first_flood_m":2,"nests":true,"area_km2":0.726}},{"type":"Feature","geometry":{"type":"Polygon","coordinates":[[[-15.54097,13.45866],[-15.55522,13.45866],[-15.55522,13.47292],[-15.54097,13.47292],[-15.54097,13.45866]]]},"properties":{"region":"Lower River","district":"Jarra West","floods_1m":1,"floods_2m":1,"floods_3m":1,"first_flood_m":1,"nests":true,"area_km2":2.443}},{"type":"Feature","geometry":{"type":"Polygon","coordinates":[[[-16.12554,13.51569],[-16.1398,13.51569],[-16.1398,13.52995],[-16.12554,13.52995],[-16.12554,13.51569]]]},"properties":{"region":"North Bank","district":"Jokadu","floods_1m":1,"floods_2m":1,"floods_3m":1,"first_flood_m":1,"nests":true,"area_km2":2.445}},{"type":"Feature","geometry":{"type":"Polygon","coordinates":[[[-16.22535,13.45866],[-16.23414,13.45866],[-16.23387,13.45997],[-16.23401,13.46152],[-16.23435,13.46342],[-16.23461,13.46558],[-16.23496,13.46716],[-16.23501,13.46791],[-16.23377,13.4706],[-16.23238,13.47287],[-16.23235,13.47292],[-16.22535,13.47292],[-16.22535,13.45866]]]},"properties":{"region":"North Bank","district":"Jokadu","floods_1m":1,"floods_2m":1,"floods_3m":1,"first_flood_m":1,"nests":true,"area_km2":1.509}},{"type":"Feature","geometry":{"type":"Polygon","coordinates":[[[-16.10685,13.52995],[-16.11129,13.52995],[-16.11129,13.54421],[-16.09878,13.54421],[-16.09859,13.5434],[-16.09868,13.54151],[-16.09907,13.5399],[-16.09951,13.53921],[-16.09984,13.5389],[-16.10007,13.5388],[-16.10152,13.53791],[-16.10272,13.53644],[-16.10399,13.5346],[-16.10548,13.53279],[-16.10629,13.5316],[-16.10685,13.52995]]]},"properties":{"region":"North Bank","district":"Jokadu","floods_1m":1,"floods_2m":1,"floods_3m":1,"first_flood_m":1,"nests":true,"area_km2":1.57}},{"type":"Feature","geometry":{"type":"Polygon","coordinates":[[[-15.55522,13.47292],[-15.56948,13.47292],[-15.56948,13.48718],[-15.55522,13.48718],[-15.55522,13.47292]]]},"properties":{"region":"Lower River","district":"Jarra West","floods_1m":1,"floods_2m":1,"floods_3m":1,"first_flood_m":1,"nests":true,"area_km2":2.445}},{"type":"Feature","geometry":{"type":"Polygon","coordinates":[[[-16.15406,13.45866],[-16.16832,13.45866],[-16.16832,13.47292],[-16.15406,13.47292],[-16.15406,13.45866]]]},"properties":{"region":"North Bank","district":"Jokadu","floods_1m":1,"floods_2m":1,"floods_3m":1,"first_flood_m":1,"nests":true,"area_km2":2.445}},{"type":"Feature","geometry":{"type":"Polygon","coordinates":[[[-15.50185,13.48718],[-15.51245,13.48718],[-15.51245,13.49217],[-15.51122,13.4914],[-15.51016,13.49073],[-15.50822,13.48978],[-15.50322,13.48772],[-15.50185,13.48718]]]},"properties":{"region":"Lower River","district":"Jarra West","floods_1m":1,"floods_2m":1,"floods_3m":1,"first_flood_m":1,"nests":true,"area_km2":0.288}},{"type":"Feature","geometry":{"type":"Polygon","coordinates":[[[-16.19683,13.45866],[-16.21109,13.45866],[-16.21109,13.47292],[-16.19683,13.47292],[-16.19683,13.45866]]]},"properties":{"region":"North Bank","district":"Jokadu","floods_1m":1,"floods_2m":1,"floods_3m":1,"first_flood_m":1,"nests":true,"area_km2":2.445}},{"type":"Feature","geometry":{"type":"Polygon","coordinates":[[[-15.54097,13.51087],[-15.54097,13.50144],[-15.55522,13.50144],[-15.55522,13.51381],[-15.55494,13.51381],[-15.55355,13.51383],[-15.54097,13.51087]]]},"properties":{"region":"Lower River","district":"Jarra West","floods_1m":1,"floods_2m":1,"floods_3m":1,"first_flood_m":1,"nests":true,"area_km2":1.899}},{"type":"Feature","geometry":{"type":"Polygon","coordinates":[[[-16.16832,13.44101],[-16.16832,13.4444],[-16.16289,13.4444],[-16.1647,13.44286],[-16.16832,13.44101]]]},"properties":{"region":"North Bank","district":"Jokadu","floods_1m":1,"floods_2m":1,"floods_3m":1,"first_flood_m":1,"nests":true,"area_km2":0.124}},{"type":"Feature","geometry":{"type":"Polygon","coordinates":[[[-15.48094,13.45866],[-15.48393,13.45866],[-15.48393,13.47292],[-15.48095,13.47292],[-15.48094,13.45866]]]},"properties":{"region":"Lower River","district":"Jarra West","floods_1m":0,"floods_2m":1,"floods_3m":1,"first_flood_m":2,"nests":true,"area_km2":0.512}},{"type":"Feature","geometry":{"type":"Polygon","coordinates":[[[-15.54097,13.48718],[-15.55522,13.48718],[-15.55522,13.50144],[-15.54097,13.50144],[-15.54097,13.48718]]]},"properties":{"region":"Lower River","district":"Jarra West","floods_1m":1,"floods_2m":1,"floods_3m":1,"first_flood_m":1,"nests":true,"area_km2":2.443}},{"type":"Feature","geometry":{"type":"Polygon","coordinates":[[[-15.54097,13.4444],[-15.55522,13.4444],[-15.55522,13.45866],[-15.54097,13.45866],[-15.54097,13.4444]]]},"properties":{"region":"Lower River","district":"Jarra West","floods_1m":1,"floods_2m":1,"floods_3m":1,"first_flood_m":1,"nests":true,"area_km2":2.444}},{"type":"Feature","geometry":{"type":"Polygon","coordinates":[[[-16.18258,13.43508],[-16.19528,13.43155],[-16.19683,13.43069],[-16.19683,13.4444],[-16.18258,13.4444],[-16.18258,13.43508]]]},"properties":{"region":"North Bank","district":"Jokadu","floods_1m":1,"floods_2m":1,"floods_3m":1,"first_flood_m":1,"nests":true,"area_km2":1.941}},{"type":"Feature","geometry":{"type":"Polygon","coordinates":[[[-16.22535,13.43015],[-16.23961,13.43015],[-16.23961,13.4444],[-16.22535,13.4444],[-16.22535,13.43015]]]},"properties":{"region":"North Bank","district":"Jokadu","floods_1m":1,"floods_2m":1,"floods_3m":1,"first_flood_m":1,"nests":true,"area_km2":2.444}},{"type":"Feature","geometry":{"type":"Polygon","coordinates":[[[-15.52671,13.50252],[-15.52671,13.50144],[-15.54097,13.50144],[-15.54097,13.51087],[-15.53687,13.50991],[-15.53493,13.50882],[-15.52942,13.50523],[-15.52804,13.50374],[-15.52695,13.50276],[-15.52671,13.50252]]]},"properties":{"region":"Lower River","district":"Jarra West","floods_1m":1,"floods_2m":1,"floods_3m":1,"first_flood_m":1,"nests":true,"area_km2":1.074}},{"type":"Feature","geometry":{"type":"Polygon","coordinates":[[[-15.54097,13.40163],[-15.55522,13.40163],[-15.55522,13.41589],[-15.54097,13.41589],[-15.54097,13.40163]]]},"properties":{"region":"Lower River","district":"Jarra West","floods_1m":0,"floods_2m":0,"floods_3m":1,"first_flood_m":3,"nests":true,"area_km2":2.444}},{"type":"Feature","geometry":{"type":"Polygon","coordinates":[[[-15.56948,13.4444],[-15.58374,13.4444],[-15.58374,13.45866],[-15.56948,13.45866],[-15.56948,13.4444]]]},"properties":{"region":"Lower River","district":"Jarra West","floods_1m":1,"floods_2m":1,"floods_3m":1,"first_flood_m":1,"nests":true,"area_km2":2.445}},{"type":"Feature","geometry":{"type":"Polygon","coordinates":[[[-15.56948,13.43015],[-15.58374,13.43015],[-15.58374,13.4444],[-15.56948,13.4444],[-15.56948,13.43015]]]},"properties":{"region":"Lower River","district":"Jarra West","floods_1m":0,"floods_2m":1,"floods_3m":1,"first_flood_m":2,"nests":true,"area_km2":2.444}},{"type":"Feature","geometry":{"type":"Polygon","coordinates":[[[-16.23961,13.41416],[-16.23995,13.41402],[-16.24236,13.41357],[-16.2443,13.41361],[-16.24553,13.41428],[-16.24621,13.41526],[-16.24674,13.41589],[-16.23961,13.41589],[-16.23961,13.41416]]]},"properties":{"region":"North Bank","district":"Jokadu","floods_1m":1,"floods_2m":1,"floods_3m":1,"first_flood_m":1,"nests":true,"area_km2":0.162}},{"type":"Feature","geometry":{"type":"Polygon","coordinates":[[[-15.51245,13.4444],[-15.52671,13.4444],[-15.52671,13.45866],[-15.51245,13.45866],[-15.51245,13.4444]]]},"properties":{"region":"Lower River","district":"Jarra West","floods_1m":1,"floods_2m":1,"floods_3m":1,"first_flood_m":1,"nests":true,"area_km2":2.445}},{"type":"Feature","geometry":{"type":"Polygon","coordinates":[[[-16.09703,13.50232],[-16.09719,13.50213],[-16.0978,13.50144],[-16.11129,13.50144],[-16.11129,13.51569],[-16.09703,13.51569],[-16.09703,13.50232]]]},"properties":{"region":"North Bank","district":"Jokadu","floods_1m":1,"floods_2m":1,"floods_3m":1,"first_flood_m":1,"nests":true,"area_km2":2.439}},{"type":"Feature","geometry":{"type":"Polygon","coordinates":[[[-16.09121,13.59152],[-16.09088,13.5877],[-16.09163,13.58769],[-16.09157,13.58698],[-16.09703,13.58698],[-16.09703,13.59153],[-16.09136,13.59152],[-16.09121,13.59152]]]},"properties":{"region":"North Bank","district":"Jokadu","floods_1m":1,"floods_2m":1,"floods_3m":1,"first_flood_m":1,"nests":true,"area_km2":0.322}},{"type":"Feature","geometry":{"type":"Polygon","coordinates":[[[-15.55522,13.4444],[-15.56948,13.4444],[-15.56948,13.45866],[-15.55522,13.45866],[-15.55522,13.4444]]]},"properties":{"region":"Lower River","district":"Jarra West","floods_1m":1,"floods_2m":1,"floods_3m":1,"first_flood_m":1,"nests":true,"area_km2":2.445}},{"type":"Feature","geometry":{"type":"Polygon","coordinates":[[[-15.56948,13.48718],[-15.58374,13.48718],[-15.58374,13.49773],[-15.5816,13.50087],[-15.5813,13.50144],[-15.56948,13.50144],[-15.56948,13.48718]]]},"properties":{"region":"Lower River","district":"Jarra West","floods_1m":1,"floods_2m":1,"floods_3m":1,"first_flood_m":1,"nests":true,"area_km2":2.389}},{"type":"Feature","geometry":{"type":"Polygon","coordinates":[[[-16.21109,13.41589],[-16.22535,13.41589],[-16.22535,13.43015],[-16.21109,13.43015],[-16.21109,13.41589]]]},"properties":{"region":"North Bank","district":"Jokadu","floods_1m":1,"floods_2m":1,"floods_3m":1,"first_flood_m":1,"nests":true,"area_km2":2.446}},{"type":"Feature","geometry":{"type":"Polygon","coordinates":[[[-15.56948,13.50144],[-15.5813,13.50144],[-15.57952,13.50475],[-15.57864,13.5061],[-15.57738,13.50829],[-15.57624,13.50984],[-15.57539,13.5107],[-15.57468,13.51151],[-15.57404,13.51232],[-15.57336,13.51298],[-15.57277,13.51329],[-15.57242,13.51347],[-15.57022,13.51402],[-15.56948,13.5141],[-15.56948,13.50144]]]},"properties":{"region":"Lower River","district":"Jarra West","floods_1m":1,"floods_2m":1,"floods_3m":1,"first_flood_m":1,"nests":true,"area_km2":1.185}},{"type":"Feature","geometry":{"type":"Polygon","coordinates":[[[-16.12554,13.50144],[-16.1398,13.50144],[-16.1398,13.51569],[-16.12554,13.51569],[-16.12554,13.50144]]]},"properties":{"region":"North Bank","district":"Jokadu","floods_1m":1,"floods_2m":1,"floods_3m":1,"first_flood_m":1,"nests":true,"area_km2":2.443}},{"type":"Feature","geometry":{"type":"Polygon","coordinates":[[[-16.16832,13.45866],[-16.18258,13.45866],[-16.18258,13.47292],[-16.16832,13.47292],[-16.16832,13.45866]]]},"properties":{"region":"North Bank","district":"Jokadu","floods_1m":1,"floods_2m":1,"floods_3m":1,"first_flood_m":1,"nests":true,"area_km2":2.445}},{"type":"Feature","geometry":{"type":"Polygon","coordinates":[[[-15.58374,13.4444],[-15.598,13.4444],[-15.598,13.45555],[-15.59615,13.4569],[-15.59515,13.45866],[-15.58374,13.45866],[-15.58374,13.4444]]]},"properties":{"region":"Lower River","district":"Jarra West","floods_1m":0,"floods_2m":1,"floods_3m":1,"first_flood_m":2,"nests":true,"area_km2":2.381}},{"type":"Feature","geometry":{"type":"Polygon","coordinates":[[[-15.58374,13.43015],[-15.598,13.43015],[-15.598,13.4444],[-15.58374,13.4444],[-15.58374,13.43015]]]},"properties":{"region":"Lower River","district":"Jarra West","floods_1m":1,"floods_2m":1,"floods_3m":1,"first_flood_m":1,"nests":true,"area_km2":2.444}},{"type":"Feature","geometry":{"type":"Polygon","coordinates":[[[-16.18258,13.48718],[-16.19683,13.48718],[-16.19683,13.50144],[-16.18258,13.50144],[-16.18258,13.48718]]]},"properties":{"region":"North Bank","district":"Jokadu","floods_1m":1,"floods_2m":1,"floods_3m":1,"first_flood_m":1,"nests":true,"area_km2":2.443}},{"type":"Feature","geometry":{"type":"Polygon","coordinates":[[[-15.598,13.4444],[-15.59973,13.4444],[-15.59871,13.45316],[-15.59907,13.45477],[-15.598,13.45555],[-15.598,13.4444]]]},"properties":{"region":"Lower River","district":"Jarra West","floods_1m":0,"floods_2m":1,"floods_3m":1,"first_flood_m":2,"nests":true,"area_km2":0.151}},{"type":"Feature","geometry":{"type":"Polygon","coordinates":[[[-16.11129,13.54421],[-16.12554,13.54421],[-16.12554,13.55847],[-16.11129,13.55847],[-16.11129,13.54421]]]},"properties":{"region":"North Bank","district":"Jokadu","floods_1m":1,"floods_2m":1,"floods_3m":1,"first_flood_m":1,"nests":true,"area_km2":2.443}},{"type":"Feature","geometry":{"type":"Polygon","coordinates":[[[-15.52671,13.48718],[-15.54097,13.48718],[-15.54097,13.50144],[-15.52671,13.50144],[-15.52671,13.48718]]]},"properties":{"region":"Lower River","district":"Jarra West","floods_1m":1,"floods_2m":1,"floods_3m":1,"first_flood_m":1,"nests":true,"area_km2":2.445}},{"type":"Feature","geometry":{"type":"Polygon","coordinates":[[[-16.12194,13.44818],[-16.12554,13.44857],[-16.12554,13.45183],[-16.12552,13.45182],[-16.12432,13.45121],[-16.12294,13.45037],[-16.12159,13.44942],[-16.12194,13.44818]]]},"properties":{"region":"North Bank","district":"Jokadu","floods_1m":1,"floods_2m":1,"floods_3m":1,"first_flood_m":1,"nests":true,"area_km2":0.109}},{"type":"Feature","geometry":{"type":"Polygon","coordinates":[[[-16.22535,13.50004],[-16.2256,13.49978],[-16.22598,13.49906],[-16.22619,13.49855],[-16.22655,13.49786],[-16.22708,13.49751],[-16.22776,13.49726],[-16.22858,13.49726],[-16.2292,13.49761],[-16.22946,13.49787],[-16.22987,13.49868],[-16.23007,13.49937],[-16.23009,13.49865],[-16.23067,13.49907],[-16.23141,13.50029],[-16.23183,13.50144],[-16.22535,13.50144],[-16.22535,13.50004]]]},"properties":{"region":"North Bank","district":"Jokadu","floods_1m":0,"floods_2m":1,"floods_3m":1,"first_flood_m":2,"nests":true,"area_km2":0.233}},{"type":"Feature","geometry":{"type":"Polygon","coordinates":[[[-16.12554,13.52995],[-16.1398,13.52995],[-16.1398,13.54421],[-16.12554,13.54421],[-16.12554,13.52995]]]},"properties":{"region":"North Bank","district":"Jokadu","floods_1m":0,"floods_2m":0,"floods_3m":1,"first_flood_m":3,"nests":true,"area_km2":2.444}},{"type":"Feature","geometry":{"type":"Polygon","coordinates":[[[-15.55522,13.48718],[-15.56948,13.48718],[-15.56948,13.50144],[-15.55522,13.50144],[-15.55522,13.48718]]]},"properties":{"region":"Lower River","district":"Jarra West","floods_1m":1,"floods_2m":1,"floods_3m":1,"first_flood_m":1,"nests":true,"area_km2":2.445}},{"type":"Feature","geometry":{"type":"Polygon","coordinates":[[[-16.22535,13.41589],[-16.22696,13.41589],[-16.22717,13.41601],[-16.22797,13.41647],[-16.2287,13.4167],[-16.22941,13.41685],[-16.23002,13.41691],[-16.23076,13.41691],[-16.23126,13.41694],[-16.23217,13.41698],[-16.23297,13.41698],[-16.2345,13.41676],[-16.23544,13.41653],[-16.23644,13.41599],[-16.23658,13.41589],[-16.23961,13.41589],[-16.23961,13.42486],[-16.2387,13.42486],[-16.23796,13.42505],[-16.23764,13.42551],[-16.23752,13.42589],[-16.23787,13.42669],[-16.23828,13.42712],[-16.2389,13.42767],[-16.23934,13.42817],[-16.23961,13.42859],[-16.23961,13.43015],[-16.22535,13.43015],[-16.22535,13.41589]]]},"properties":{"region":"North Bank","district":"Jokadu","floods_1m":1,"floods_2m":1,"floods_3m":1,"first_flood_m":1,"nests":true,"area_km2":2.294}},{"type":"Feature","geometry":{"type":"Polygon","coordinates":[[[-15.48095,13.47292],[-15.48393,13.47292],[-15.48393,13.48643],[-15.48349,13.48659],[-15.48143,13.48718],[-15.48097,13.48718],[-15.48096,13.48111],[-15.48095,13.47292]]]},"properties":{"region":"Lower River","district":"Jarra West","floods_1m":0,"floods_2m":1,"floods_3m":1,"first_flood_m":2,"nests":true,"area_km2":0.499}},{"type":"Feature","geometry":{"type":"Polygon","coordinates":[[[-16.1398,13.50144],[-16.15406,13.50144],[-16.15406,13.51569],[-16.1398,13.51569],[-16.1398,13.50144]]]},"properties":{"region":"North Bank","district":"Jokadu","floods_1m":0,"floods_2m":0,"floods_3m":1,"first_flood_m":3,"nests":true,"area_km2":2.443}},{"type":"Feature","geometry":{"type":"Polygon","coordinates":[[[-16.18258,13.47292],[-16.19683,13.47292],[-16.19683,13.48718],[-16.18258,13.48718],[-16.18258,13.47292]]]},"properties":{"region":"North Bank","district":"Jokadu","floods_1m":1,"floods_2m":1,"floods_3m":1,"first_flood_m":1,"nests":true,"area_km2":2.443}},{"type":"Feature","geometry":{"type":"Polygon","coordinates":[[[-15.48393,13.47292],[-15.49819,13.47292],[-15.49819,13.48581],[-15.49766,13.48563],[-15.49601,13.48511],[-15.49368,13.4848],[-15.49066,13.48491],[-15.48916,13.48492],[-15.48875,13.485],[-15.48657,13.48546],[-15.48393,13.48643],[-15.48393,13.47292]]]},"properties":{"region":"Lower River","district":"Jarra West","floods_1m":1,"floods_2m":1,"floods_3m":1,"first_flood_m":1,"nests":true,"area_km2":2.111}},{"type":"Feature","geometry":{"type":"Polygon","coordinates":[[[-15.49819,13.45866],[-15.51245,13.45866],[-15.51245,13.47292],[-15.49819,13.47292],[-15.49819,13.45866]]]},"properties":{"region":"Lower River","district":"Jarra West","floods_1m":1,"floods_2m":1,"floods_3m":1,"first_flood_m":1,"nests":true,"area_km2":2.445}},{"type":"Feature","geometry":{"type":"Polygon","coordinates":[[[-15.55522,13.45866],[-15.56948,13.45866],[-15.56948,13.47292],[-15.55522,13.47292],[-15.55522,13.45866]]]},"properties":{"region":"Lower River","district":"Jarra West","floods_1m":1,"floods_2m":1,"floods_3m":1,"first_flood_m":1,"nests":true,"area_km2":2.445}},{"type":"Feature","geometry":{"type":"Polygon","coordinates":[[[-15.56948,13.47292],[-15.58374,13.47292],[-15.58374,13.48718],[-15.56948,13.48718],[-15.56948,13.47292]]]},"properties":{"region":"Lower River","district":"Jarra West","floods_1m":0,"floods_2m":1,"floods_3m":1,"first_flood_m":2,"nests":true,"area_km2":2.445}},{"type":"Feature","geometry":{"type":"Polygon","coordinates":[[[-15.598,13.43015],[-15.6014,13.43015],[-15.59973,13.4444],[-15.598,13.4444],[-15.598,13.43015]]]},"properties":{"region":"Lower River","district":"Jarra West","floods_1m":0,"floods_2m":1,"floods_3m":1,"first_flood_m":2,"nests":true,"area_km2":0.44}},{"type":"Feature","geometry":{"type":"Polygon","coordinates":[[[-15.51245,13.49217],[-15.51245,13.48718],[-15.52671,13.48718],[-15.52671,13.50144],[-15.52564,13.50144],[-15.52538,13.50118],[-15.52353,13.49957],[-15.52123,13.49748],[-15.51905,13.49604],[-15.51543,13.494],[-15.51299,13.49251],[-15.51245,13.49217]]]},"properties":{"region":"Lower River","district":"Jarra West","floods_1m":1,"floods_2m":1,"floods_3m":1,"first_flood_m":1,"nests":true,"area_km2":1.639}},{"type":"Feature","geometry":{"type":"Polygon","coordinates":[[[-15.51245,13.45866],[-15.52671,13.45866],[-15.52671,13.47292],[-15.51245,13.47292],[-15.51245,13.45866]]]},"properties":{"region":"Lower River","district":"Jarra West","floods_1m":1,"floods_2m":1,"floods_3m":1,"first_flood_m":1,"nests":true,"area_km2":2.445}},{"type":"Feature","geometry":{"type":"Polygon","coordinates":[[[-15.54097,13.43015],[-15.55522,13.43015],[-15.55522,13.4444],[-15.54097,13.4444],[-15.54097,13.43015]]]},"properties":{"region":"Lower River","district":"Jarra West","floods_1m":1,"floods_2m":1,"floods_3m":1,"first_flood_m":1,"nests":true,"area_km2":2.442}},{"type":"Feature","geometry":{"type":"Polygon","coordinates":[[[-15.58374,13.48718],[-15.58623,13.48718],[-15.58642,13.49103],[-15.5876,13.49206],[-15.58374,13.49773],[-15.58374,13.48718]]]},"properties":{"region":"Lower River","district":"Jarra West","floods_1m":0,"floods_2m":1,"floods_3m":1,"first_flood_m":2,"nests":true,"area_km2":0.292}},{"type":"Feature","geometry":{"type":"Polygon","coordinates":[[[-15.49819,13.48581],[-15.49819,13.47292],[-15.51245,13.47292],[-15.51245,13.48718],[-15.50185,13.48718],[-15.49972,13.48634],[-15.49819,13.48581]]]},"properties":{"region":"Lower River","district":"Jarra West","floods_1m":1,"floods_2m":1,"floods_3m":1,"first_flood_m":1,"nests":true,"area_km2":2.414}},{"type":"Feature","geometry":{"type":"Polygon","coordinates":[[[-15.51245,13.47292],[-15.52671,13.47292],[-15.52671,13.48718],[-15.51245,13.48718],[-15.51245,13.47292]]]},"properties":{"region":"Lower River","district":"Jarra West","floods_1m":1,"floods_2m":1,"floods_3m":1,"first_flood_m":1,"nests":true,"area_km2":2.445}},{"type":"Feature","geometry":{"type":"Polygon","coordinates":[[[-15.48393,13.45866],[-15.49819,13.45866],[-15.49819,13.47292],[-15.48393,13.47292],[-15.48393,13.45866]]]},"properties":{"region":"Lower River","district":"Jarra West","floods_1m":1,"floods_2m":1,"floods_3m":1,"first_flood_m":1,"nests":true,"area_km2":2.445}},{"type":"Feature","geometry":{"type":"Polygon","coordinates":[[[-15.55522,13.51381],[-15.55522,13.50144],[-15.56948,13.50144],[-15.56948,13.5141],[-15.56875,13.51419],[-15.56652,13.51416],[-15.56305,13.51391],[-15.56046,13.51388],[-15.55793,13.51388],[-15.55572,13.5138],[-15.55522,13.51381]]]},"properties":{"region":"Lower River","district":"Jarra West","floods_1m":1,"floods_2m":1,"floods_3m":1,"first_flood_m":1,"nests":true,"area_km2":2.148}},{"type":"Feature","geometry":{"type":"Polygon","coordinates":[[[-15.58374,13.45866],[-15.59515,13.45866],[-15.5902,13.46734],[-15.58978,13.47056],[-15.58756,13.47292],[-15.58374,13.47292],[-15.58374,13.45866]]]},"properties":{"region":"Lower River","district":"Jarra West","floods_1m":0,"floods_2m":1,"floods_3m":1,"first_flood_m":2,"nests":true,"area_km2":1.314}},{"type":"Feature","geometry":{"type":"Polygon","coordinates":[[[-15.58374,13.41589],[-15.598,13.41589],[-15.598,13.43015],[-15.58374,13.43015],[-15.58374,13.41589]]]},"properties":{"region":"Lower River","district":"Jarra West","floods_1m":0,"floods_2m":1,"floods_3m":1,"first_flood_m":2,"nests":true,"area_km2":2.446}},{"type":"Feature","geometry":{"type":"Polygon","coordinates":[[[-15.55522,13.43015],[-15.56948,13.43015],[-15.56948,13.4444],[-15.55522,13.4444],[-15.55522,13.43015]]]},"properties":{"region":"Lower River","district":"Jarra West","floods_1m":1,"floods_2m":1,"floods_3m":1,"first_flood_m":1,"nests":true,"area_km2":2.444}},{"type":"Feature","geometry":{"type":"Polygon","coordinates":[[[-15.76909,13.41589],[-15.78335,13.41589],[-15.78335,13.43015],[-15.76909,13.43015],[-15.76909,13.41589]]]},"properties":{"region":"Lower River","district":"Kiang Central","floods_1m":1,"floods_2m":1,"floods_3m":1,"first_flood_m":1,"nests":true,"area_km2":2.446}},{"type":"Feature","geometry":{"type":"Polygon","coordinates":[[[-15.6978,13.4444],[-15.71206,13.4444],[-15.71206,13.45459],[-15.70614,13.45866],[-15.6978,13.45866],[-15.6978,13.4444]]]},"properties":{"region":"Lower River","district":"Kiang Central","floods_1m":0,"floods_2m":1,"floods_3m":1,"first_flood_m":2,"nests":true,"area_km2":2.3}},{"type":"Feature","geometry":{"type":"Polygon","coordinates":[[[-15.79761,13.40163],[-15.81187,13.40163],[-15.81187,13.41589],[-15.79761,13.41589],[-15.79761,13.40163]]]},"properties":{"region":"Lower River","district":"Kiang Central","floods_1m":0,"floods_2m":1,"floods_3m":1,"first_flood_m":2,"nests":true,"area_km2":2.446}},{"type":"Feature","geometry":{"type":"Polygon","coordinates":[[[-15.68947,13.47292],[-15.69424,13.47292],[-15.69088,13.47553],[-15.68943,13.47614],[-15.68947,13.47292]]]},"properties":{"region":"Lower River","district":"Kiang Central","floods_1m":0,"floods_2m":1,"floods_3m":1,"first_flood_m":2,"nests":true,"area_km2":0.103}},{"type":"Feature","geometry":{"type":"Polygon","coordinates":[[[-15.6978,13.43015],[-15.71206,13.43015],[-15.71206,13.4444],[-15.6978,13.4444],[-15.6978,13.43015]]]},"properties":{"region":"Lower River","district":"Kiang Central","floods_1m":0,"floods_2m":0,"floods_3m":1,"first_flood_m":3,"nests":true,"area_km2":2.444}},{"type":"Feature","geometry":{"type":"Polygon","coordinates":[[[-15.76909,13.40163],[-15.78335,13.40163],[-15.78335,13.41589],[-15.76909,13.41589],[-15.76909,13.40163]]]},"properties":{"region":"Lower River","district":"Kiang Central","floods_1m":1,"floods_2m":1,"floods_3m":1,"first_flood_m":1,"nests":true,"area_km2":2.446}},{"type":"Feature","geometry":{"type":"Polygon","coordinates":[[[-15.71206,13.43015],[-15.72632,13.43015],[-15.72632,13.4444],[-15.71206,13.4444],[-15.71206,13.43015]]]},"properties":{"region":"Lower River","district":"Kiang Central","floods_1m":0,"floods_2m":0,"floods_3m":1,"first_flood_m":3,"nests":true,"area_km2":2.444}},{"type":"Feature","geometry":{"type":"Polygon","coordinates":[[[-15.76909,13.43015],[-15.78335,13.43015],[-15.78335,13.4365],[-15.76909,13.43879],[-15.76909,13.43015]]]},"properties":{"region":"Lower River","district":"Kiang Central","floods_1m":1,"floods_2m":1,"floods_3m":1,"first_flood_m":1,"nests":true,"area_km2":1.285}},{"type":"Feature","geometry":{"type":"Polygon","coordinates":[[[-15.81187,13.41589],[-15.82557,13.41589],[-15.82523,13.43015],[-15.81187,13.43015],[-15.81187,13.41589]]]},"properties":{"region":"Lower River","district":"Kiang Central","floods_1m":0,"floods_2m":1,"floods_3m":1,"first_flood_m":2,"nests":true,"area_km2":2.32}},{"type":"Feature","geometry":{"type":"Polygon","coordinates":[[[-15.79761,13.41589],[-15.81187,13.41589],[-15.81187,13.43015],[-15.79761,13.43015],[-15.79761,13.41589]]]},"properties":{"region":"Lower River","district":"Kiang Central","floods_1m":1,"floods_2m":1,"floods_3m":1,"first_flood_m":1,"nests":true,"area_km2":2.446}},{"type":"Feature","geometry":{"type":"Polygon","coordinates":[[[-15.72632,13.41589],[-15.74058,13.41589],[-15.74058,13.43015],[-15.72632,13.43015],[-15.72632,13.41589]]]},"properties":{"region":"Lower River","district":"Kiang Central","floods_1m":1,"floods_2m":1,"floods_3m":1,"first_flood_m":1,"nests":true,"area_km2":2.446}},{"type":"Feature","geometry":{"type":"Polygon","coordinates":[[[-15.68963,13.45866],[-15.6978,13.45866],[-15.6978,13.46964],[-15.69692,13.47084],[-15.69424,13.47292],[-15.68947,13.47292],[-15.68963,13.45866]]]},"properties":{"region":"Lower River","district":"Kiang Central","floods_1m":0,"floods_2m":1,"floods_3m":1,"first_flood_m":2,"nests":true,"area_km2":1.353}},{"type":"Feature","geometry":{"type":"Polygon","coordinates":[[[-15.71206,13.4444],[-15.72632,13.4444],[-15.72632,13.44972],[-15.71999,13.45187],[-15.71217,13.45452],[-15.71206,13.45459],[-15.71206,13.4444]]]},"properties":{"region":"Lower River","district":"Kiang Central","floods_1m":0,"floods_2m":1,"floods_3m":1,"first_flood_m":2,"nests":true,"area_km2":1.327}},{"type":"Feature","geometry":{"type":"Polygon","coordinates":[[[-15.72632,13.43015],[-15.74058,13.43015],[-15.74058,13.4444],[-15.72632,13.4444],[-15.72632,13.43015]]]},"properties":{"region":"Lower River","district":"Kiang Central","floods_1m":0,"floods_2m":0,"floods_3m":1,"first_flood_m":3,"nests":true,"area_km2":2.444}},{"type":"Feature","geometry":{"type":"Polygon","coordinates":[[[-15.6978,13.45866],[-15.70614,13.45866],[-15.70566,13.45899],[-15.70465,13.46035],[-15.6978,13.46964],[-15.6978,13.45866]]]},"properties":{"region":"Lower River","district":"Kiang Central","floods_1m":0,"floods_2m":1,"floods_3m":1,"first_flood_m":2,"nests":true,"area_km2":0.535}},{"type":"Feature","geometry":{"type":"Polygon","coordinates":[[[-15.74058,13.43015],[-15.75484,13.43015],[-15.75484,13.44107],[-15.74919,13.44197],[-15.74201,13.4444],[-15.74058,13.4444],[-15.74058,13.43015]]]},"properties":{"region":"Lower River","district":"Kiang Central","floods_1m":0,"floods_2m":1,"floods_3m":1,"first_flood_m":2,"nests":true,"area_km2":2.143}},{"type":"Feature","geometry":{"type":"Polygon","coordinates":[[[-15.71206,13.41589],[-15.72632,13.41589],[-15.72632,13.43015],[-15.71206,13.43015],[-15.71206,13.41589]]]},"properties":{"region":"Lower River","district":"Kiang Central","floods_1m":0,"floods_2m":0,"floods_3m":1,"first_flood_m":3,"nests":true,"area_km2":2.446}},{"type":"Feature","geometry":{"type":"Polygon","coordinates":[[[-15.74058,13.41589],[-15.75484,13.41589],[-15.75484,13.43015],[-15.74058,13.43015],[-15.74058,13.41589]]]},"properties":{"region":"Lower River","district":"Kiang Central","floods_1m":1,"floods_2m":1,"floods_3m":1,"first_flood_m":1,"nests":true,"area_km2":2.446}},{"type":"Feature","geometry":{"type":"Polygon","coordinates":[[[-15.75484,13.41589],[-15.76909,13.41589],[-15.76909,13.43015],[-15.75484,13.43015],[-15.75484,13.41589]]]},"properties":{"region":"Lower River","district":"Kiang Central","floods_1m":1,"floods_2m":1,"floods_3m":1,"first_flood_m":1,"nests":true,"area_km2":2.444}},{"type":"Feature","geometry":{"type":"Polygon","coordinates":[[[-16.15406,13.47292],[-16.16832,13.47292],[-16.16832,13.48718],[-16.15406,13.48718],[-16.15406,13.47292]]]},"properties":{"region":"North Bank","district":"Jokadu","floods_1m":1,"floods_2m":1,"floods_3m":1,"first_flood_m":1,"nests":true,"area_km2":2.445}},{"type":"Feature","geometry":{"type":"Polygon","coordinates":[[[-15.81187,13.43015],[-15.82523,13.43015],[-15.82514,13.43399],[-15.82249,13.43355],[-15.8162,13.43391],[-15.81187,13.43416],[-15.81187,13.43015]]]},"properties":{"region":"Lower River","district":"Kiang Central","floods_1m":0,"floods_2m":1,"floods_3m":1,"first_flood_m":2,"nests":true,"area_km2":0.591}},{"type":"Feature","geometry":{"type":"Polygon","coordinates":[[[-15.78335,13.41589],[-15.79761,13.41589],[-15.79761,13.43015],[-15.78335,13.43015],[-15.78335,13.41589]]]},"properties":{"region":"Lower River","district":"Kiang Central","floods_1m":1,"floods_2m":1,"floods_3m":1,"first_flood_m":1,"nests":true,"area_km2":2.446}},{"type":"Feature","geometry":{"type":"Polygon","coordinates":[[[-16.21109,13.47292],[-16.22535,13.47292],[-16.22535,13.48449],[-16.22459,13.48523],[-16.22409,13.48591],[-16.22384,13.48652],[-16.22371,13.48686],[-16.22362,13.48718],[-16.21109,13.48718],[-16.21109,13.47292]]]},"properties":{"region":"North Bank","district":"Jokadu","floods_1m":1,"floods_2m":1,"floods_3m":1,"first_flood_m":1,"nests":true,"area_km2":2.41}},{"type":"Feature","geometry":{"type":"Polygon","coordinates":[[[-16.23961,13.43015],[-16.24057,13.43015],[-16.24065,13.43027],[-16.2417,13.43217],[-16.24223,13.43332],[-16.24264,13.43451],[-16.2431,13.436],[-16.24336,13.43713],[-16.24354,13.43821],[-16.24356,13.43839],[-16.24318,13.43868],[-16.24286,13.43905],[-16.24271,13.43937],[-16.24259,13.43977],[-16.24241,13.4404],[-16.24235,13.44094],[-16.24193,13.44232],[-16.24181,13.44296],[-16.24163,13.44364],[-16.24154,13.44416],[-16.24149,13.4444],[-16.23961,13.4444],[-16.23961,13.43015]]]},"properties":{"region":"North Bank","district":"Jokadu","floods_1m":1,"floods_2m":1,"floods_3m":1,"first_flood_m":1,"nests":true,"area_km2":0.466}},{"type":"Feature","geometry":{"type":"Polygon","coordinates":[[[-15.68979,13.4444],[-15.6978,13.4444],[-15.6978,13.45866],[-15.68963,13.45866],[-15.68979,13.4444]]]},"properties":{"region":"Lower River","district":"Kiang Central","floods_1m":0,"floods_2m":1,"floods_3m":1,"first_flood_m":2,"nests":true,"area_km2":1.387}},{"type":"Feature","geometry":{"type":"Polygon","coordinates":[[[-16.19683,13.48718],[-16.21109,13.48718],[-16.21109,13.50144],[-16.19683,13.50144],[-16.19683,13.48718]]]},"properties":{"region":"North Bank","district":"Jokadu","floods_1m":1,"floods_2m":1,"floods_3m":1,"first_flood_m":1,"nests":true,"area_km2":2.445}},{"type":"Feature","geometry":{"type":"Polygon","coordinates":[[[-16.11129,13.52995],[-16.12554,13.52995],[-16.12554,13.54421],[-16.11129,13.54421],[-16.11129,13.52995]]]},"properties":{"region":"North Bank","district":"Jokadu","floods_1m":1,"floods_2m":1,"floods_3m":1,"first_flood_m":1,"nests":true,"area_km2":2.443}},{"type":"Feature","geometry":{"type":"Polygon","coordinates":[[[-15.75484,13.43015],[-15.76909,13.43015],[-15.76909,13.43879],[-15.75484,13.44107],[-15.75484,13.43015]]]},"properties":{"region":"Lower River","district":"Kiang Central","floods_1m":0,"floods_2m":1,"floods_3m":1,"first_flood_m":2,"nests":true,"area_km2":1.676}},{"type":"Feature","geometry":{"type":"Polygon","coordinates":[[[-16.21109,13.41537],[-16.21681,13.41229],[-16.21771,13.41263],[-16.21895,13.41318],[-16.22074,13.41388],[-16.22262,13.41415],[-16.22418,13.41461],[-16.22535,13.41503],[-16.22535,13.41589],[-16.21109,13.41589],[-16.21109,13.41537]]]},"properties":{"region":"North Bank","district":"Jokadu","floods_1m":1,"floods_2m":1,"floods_3m":1,"first_flood_m":1,"nests":true,"area_km2":0.36}},{"type":"Feature","geometry":{"type":"Polygon","coordinates":[[[-16.1398,13.47292],[-16.15406,13.47292],[-16.15406,13.48718],[-16.1398,13.48718],[-16.1398,13.47292]]]},"properties":{"region":"North Bank","district":"Jokadu","floods_1m":1,"floods_2m":1,"floods_3m":1,"first_flood_m":1,"nests":true,"area_km2":2.445}},{"type":"Feature","geometry":{"type":"Polygon","coordinates":[[[-16.22535,13.4444],[-16.23961,13.4444],[-16.23961,13.45057],[-16.23943,13.45099],[-16.23839,13.4528],[-16.23689,13.45449],[-16.23582,13.45546],[-16.23494,13.45664],[-16.23417,13.4585],[-16.23414,13.45866],[-16.22535,13.45866],[-16.22535,13.4444]]]},"properties":{"region":"North Bank","district":"Jokadu","floods_1m":0,"floods_2m":1,"floods_3m":1,"first_flood_m":2,"nests":true,"area_km2":2.168}},{"type":"Feature","geometry":{"type":"Polygon","coordinates":[[[-15.78335,13.43015],[-15.79761,13.43015],[-15.79761,13.43499],[-15.7901,13.43542],[-15.78335,13.4365],[-15.78335,13.43015]]]},"properties":{"region":"Lower River","district":"Kiang Central","floods_1m":1,"floods_2m":1,"floods_3m":1,"first_flood_m":1,"nests":true,"area_km2":0.928}},{"type":"Feature","geometry":{"type":"Polygon","coordinates":[[[-15.61226,13.43015],[-15.62651,13.43015],[-15.62651,13.44294],[-15.62412,13.44224],[-15.61646,13.4444],[-15.61226,13.4444],[-15.61226,13.43015]]]},"properties":{"region":"Lower River","district":"Kiang East","floods_1m":0,"floods_2m":1,"floods_3m":1,"first_flood_m":2,"nests":true,"area_km2":2.29}},{"type":"Feature","geometry":{"type":"Polygon","coordinates":[[[-16.11129,13.49487],[-16.11233,13.49495],[-16.11386,13.49515],[-16.11565,13.49554],[-16.11744,13.496],[-16.11836,13.49632],[-16.1208,13.49682],[-16.12391,13.49736],[-16.12554,13.49738],[-16.12554,13.50144],[-16.11129,13.50144],[-16.11129,13.49487]]]},"properties":{"region":"North Bank","district":"Jokadu","floods_1m":1,"floods_2m":1,"floods_3m":1,"first_flood_m":1,"nests":true,"area_km2":0.896}},{"type":"Feature","geometry":{"type":"Polygon","coordinates":[[[-15.62651,13.41589],[-15.64077,13.41589],[-15.64077,13.43015],[-15.62651,13.43015],[-15.62651,13.41589]]]},"properties":{"region":"Lower River","district":"Kiang East","floods_1m":1,"floods_2m":1,"floods_3m":1,"first_flood_m":1,"nests":true,"area_km2":2.446}},{"type":"Feature","geometry":{"type":"Polygon","coordinates":[[[-15.65503,13.43015],[-15.66929,13.43015],[-15.66929,13.4444],[-15.65503,13.4444],[-15.65503,13.43015]]]},"properties":{"region":"Lower River","district":"Kiang East","floods_1m":1,"floods_2m":1,"floods_3m":1,"first_flood_m":1,"nests":true,"area_km2":2.444}},{"type":"Feature","geometry":{"type":"Polygon","coordinates":[[[-16.16832,13.48718],[-16.18258,13.48718],[-16.18258,13.50144],[-16.16832,13.50144],[-16.16832,13.48718]]]},"properties":{"region":"North Bank","district":"Jokadu","floods_1m":1,"floods_2m":1,"floods_3m":1,"first_flood_m":1,"nests":true,"area_km2":2.445}},{"type":"Feature","geometry":{"type":"Polygon","coordinates":[[[-15.64077,13.41589],[-15.65503,13.41589],[-15.65503,13.43015],[-15.64077,13.43015],[-15.64077,13.41589]]]},"properties":{"region":"Lower River","district":"Kiang East","floods_1m":0,"floods_2m":0,"floods_3m":1,"first_flood_m":3,"nests":true,"area_km2":2.446}},{"type":"Feature","geometry":{"type":"Polygon","coordinates":[[[-16.22535,13.47292],[-16.23235,13.47292],[-16.23119,13.47496],[-16.23065,13.47732],[-16.22991,13.47956],[-16.22923,13.48131],[-16.22819,13.48245],[-16.22707,13.48311],[-16.22577,13.48408],[-16.22535,13.48449],[-16.22535,13.47292]]]},"properties":{"region":"North Bank","district":"Jokadu","floods_1m":1,"floods_2m":1,"floods_3m":1,"first_flood_m":1,"nests":true,"area_km2":0.615}},{"type":"Feature","geometry":{"type":"Polygon","coordinates":[[[-15.64077,13.43015],[-15.65503,13.43015],[-15.65503,13.4444],[-15.64077,13.4444],[-15.64077,13.43015]]]},"properties":{"region":"Lower River","district":"Kiang East","floods_1m":1,"floods_2m":1,"floods_3m":1,"first_flood_m":1,"nests":true,"area_km2":2.444}},{"type":"Feature","geometry":{"type":"Polygon","coordinates":[[[-15.66929,13.4444],[-15.68355,13.4444],[-15.68355,13.45866],[-15.66929,13.45866],[-15.66929,13.4444]]]},"properties":{"region":"Lower River","district":"Kiang East","floods_1m":1,"floods_2m":1,"floods_3m":1,"first_flood_m":1,"nests":true,"area_km2":2.445}},{"type":"Feature","geometry":{"type":"Polygon","coordinates":[[[-16.16832,13.4444],[-16.18258,13.4444],[-16.18258,13.45866],[-16.16832,13.45866],[-16.16832,13.4444]]]},"properties":{"region":"North Bank","district":"Jokadu","floods_1m":1,"floods_2m":1,"floods_3m":1,"first_flood_m":1,"nests":true,"area_km2":2.445}},{"type":"Feature","geometry":{"type":"Polygon","coordinates":[[[-15.62651,13.44294],[-15.62651,13.43015],[-15.64077,13.43015],[-15.64077,13.4444],[-15.63635,13.4444],[-15.63093,13.44214],[-15.62789,13.44334],[-15.62651,13.44294]]]},"properties":{"region":"Lower River","district":"Kiang East","floods_1m":1,"floods_2m":1,"floods_3m":1,"first_flood_m":1,"nests":true,"area_km2":2.288}},{"type":"Feature","geometry":{"type":"Polygon","coordinates":[[[-16.1398,13.48718],[-16.15406,13.48718],[-16.15406,13.50144],[-16.1398,13.50144],[-16.1398,13.48718]]]},"properties":{"region":"North Bank","district":"Jokadu","floods_1m":1,"floods_2m":1,"floods_3m":1,"first_flood_m":1,"nests":true,"area_km2":2.445}},{"type":"Feature","geometry":{"type":"Polygon","coordinates":[[[-15.60307,13.41589],[-15.61226,13.41589],[-15.61226,13.43015],[-15.6014,13.43015],[-15.60307,13.41589]]]},"properties":{"region":"Lower River","district":"Kiang East","floods_1m":0,"floods_2m":1,"floods_3m":1,"first_flood_m":2,"nests":true,"area_km2":1.719}},{"type":"Feature","geometry":{"type":"Polygon","coordinates":[[[-16.1398,13.52995],[-16.15406,13.52995],[-16.15406,13.54421],[-16.1398,13.54421],[-16.1398,13.52995]]]},"properties":{"region":"North Bank","district":"Jokadu","floods_1m":0,"floods_2m":1,"floods_3m":1,"first_flood_m":2,"nests":true,"area_km2":2.444}},{"type":"Feature","geometry":{"type":"Polygon","coordinates":[[[-15.68355,13.43015],[-15.68995,13.43015],[-15.68979,13.4444],[-15.68355,13.4444],[-15.68355,13.43015]]]},"properties":{"region":"Lower River","district":"Kiang East","floods_1m":0,"floods_2m":1,"floods_3m":1,"first_flood_m":2,"nests":true,"area_km2":1.083}},{"type":"Feature","geometry":{"type":"Polygon","coordinates":[[[-15.68355,13.47292],[-15.68947,13.47292],[-15.68943,13.47614],[-15.68355,13.47862],[-15.68355,13.47292]]]},"properties":{"region":"Lower River","district":"Kiang East","floods_1m":0,"floods_2m":1,"floods_3m":1,"first_flood_m":2,"nests":true,"area_km2":0.316}},{"type":"Feature","geometry":{"type":"Polygon","coordinates":[[[-16.00495,13.48718],[-16.01148,13.48718],[-16.01148,13.50144],[-16.00389,13.50144],[-16.00433,13.50048],[-16.00434,13.4995],[-16.00363,13.49881],[-16.00245,13.49863],[-16.00169,13.49851],[-16.00099,13.49811],[-16.00078,13.49744],[-16.00073,13.49664],[-16.00102,13.49586],[-16.00176,13.49529],[-16.00262,13.49461],[-16.00286,13.49354],[-16.00224,13.49259],[-16.00201,13.49236],[-16.00151,13.49184],[-16.00107,13.49132],[-16.00075,13.49098],[-16.00057,13.49063],[-16.00084,13.49014],[-16.00131,13.48974],[-16.00152,13.48888],[-16.00181,13.48854],[-16.00264,13.48837],[-16.00343,13.48857],[-16.00411,13.48852],[-16.00464,13.48823],[-16.00496,13.4872],[-16.00495,13.48718]]]},"properties":{"region":"North Bank","district":"Lower Baddibu","floods_1m":1,"floods_2m":1,"floods_3m":1,"first_flood_m":1,"nests":true,"area_km2":1.569}},{"type":"Feature","geometry":{"type":"Polygon","coordinates":[[[-15.66929,13.40163],[-15.68355,13.40163],[-15.68355,13.41589],[-15.66929,13.41589],[-15.66929,13.40163]]]},"properties":{"region":"Lower River","district":"Kiang East","floods_1m":0,"floods_2m":1,"floods_3m":1,"first_flood_m":2,"nests":true,"area_km2":2.446}},{"type":"Feature","geometry":{"type":"Polygon","coordinates":[[[-16.02574,13.4444],[-16.04,13.4444],[-16.04,13.45866],[-16.02574,13.45866],[-16.02574,13.4444]]]},"properties":{"region":"North Bank","district":"Lower Baddibu","floods_1m":0,"floods_2m":1,"floods_3m":1,"first_flood_m":2,"nests":true,"area_km2":2.445}},{"type":"Feature","geometry":{"type":"Polygon","coordinates":[[[-16.12554,13.49738],[-16.12554,13.48718],[-16.1352,13.48718],[-16.13604,13.48792],[-16.13692,13.48925],[-16.13738,13.48986],[-16.13714,13.49112],[-16.13691,13.49178],[-16.13652,13.49244],[-16.1359,13.49319],[-16.1356,13.49367],[-16.1354,13.49384],[-16.13475,13.49436],[-16.13307,13.49539],[-16.13177,13.49604],[-16.1305,13.49635],[-16.12918,13.49675],[-16.1273,13.49726],[-16.12603,13.49739],[-16.12554,13.49738]]]},"properties":{"region":"North Bank","district":"Lower Baddibu","floods_1m":1,"floods_2m":1,"floods_3m":1,"first_flood_m":1,"nests":true,"area_km2":1.159}},{"type":"Feature","geometry":{"type":"Polygon","coordinates":[[[-16.04,13.4444],[-16.05425,13.4444],[-16.05425,13.45866],[-16.04,13.45866],[-16.04,13.4444]]]},"properties":{"region":"North Bank","district":"Lower Baddibu","floods_1m":0,"floods_2m":1,"floods_3m":1,"first_flood_m":2,"nests":true,"area_km2":2.444}},{"type":"Feature","geometry":{"type":"Polygon","coordinates":[[[-15.65458,13.45866],[-15.64157,13.44659],[-15.64077,13.44626],[-15.64077,13.4444],[-15.65503,13.4444],[-15.65503,13.45866],[-15.65458,13.45866]]]},"properties":{"region":"Lower River","district":"Kiang East","floods_1m":1,"floods_2m":1,"floods_3m":1,"first_flood_m":1,"nests":true,"area_km2":1.383}},{"type":"Feature","geometry":{"type":"Polygon","coordinates":[[[-15.68355,13.45866],[-15.68963,13.45866],[-15.68947,13.47292],[-15.68355,13.47292],[-15.68355,13.45866]]]},"properties":{"region":"Lower River","district":"Kiang East","floods_1m":0,"floods_2m":1,"floods_3m":1,"first_flood_m":2,"nests":true,"area_km2":1.029}},{"type":"Feature","geometry":{"type":"Polygon","coordinates":[[[-16.08277,13.55847],[-16.09703,13.55847],[-16.09703,13.56879],[-16.09697,13.5688],[-16.09609,13.56854],[-16.09538,13.56765],[-16.09505,13.5665],[-16.09461,13.56492],[-16.09408,13.5638],[-16.09364,13.56328],[-16.09266,13.56268],[-16.09163,13.56231],[-16.08984,13.56254],[-16.08858,13.56329],[-16.08767,13.56441],[-16.08676,13.56651],[-16.08603,13.56875],[-16.08568,13.56985],[-16.08512,13.5714],[-16.08476,13.57273],[-16.08277,13.57273],[-16.08277,13.55847]]]},"properties":{"region":"North Bank","district":"Lower Baddibu","floods_1m":1,"floods_2m":1,"floods_3m":1,"first_flood_m":1,"nests":true,"area_km2":1.333}},{"type":"Feature","geometry":{"type":"Polygon","coordinates":[[[-15.66929,13.43015],[-15.68355,13.43015],[-15.68355,13.4444],[-15.66929,13.4444],[-15.66929,13.43015]]]},"properties":{"region":"Lower River","district":"Kiang East","floods_1m":1,"floods_2m":1,"floods_3m":1,"first_flood_m":1,"nests":true,"area_km2":2.444}},{"type":"Feature","geometry":{"type":"Polygon","coordinates":[[[-16.00389,13.50144],[-16.01148,13.50144],[-16.01148,13.51569],[-16.00241,13.51569],[-16.00254,13.51346],[-16.00314,13.50364],[-16.00321,13.50309],[-16.00347,13.50223],[-16.00386,13.50151],[-16.00389,13.50144]]]},"properties":{"region":"North Bank","district":"Lower Baddibu","floods_1m":1,"floods_2m":1,"floods_3m":1,"first_flood_m":1,"nests":true,"area_km2":1.475}},{"type":"Feature","geometry":{"type":"Polygon","coordinates":[[[-16.11129,13.44131],[-16.11491,13.4444],[-16.11129,13.4444],[-16.11129,13.44131]]]},"properties":{"region":"North Bank","district":"Lower Baddibu","floods_1m":0,"floods_2m":1,"floods_3m":1,"first_flood_m":2,"nests":true,"area_km2":0.067}},{"type":"Feature","geometry":{"type":"Polygon","coordinates":[[[-15.59973,13.4444],[-15.61226,13.4444],[-15.61226,13.4456],[-15.61125,13.44588],[-15.59907,13.45477],[-15.59871,13.45316],[-15.59973,13.4444]]]},"properties":{"region":"Lower River","district":"Kiang East","floods_1m":0,"floods_2m":1,"floods_3m":1,"first_flood_m":2,"nests":true,"area_km2":0.872}},{"type":"Feature","geometry":{"type":"Polygon","coordinates":[[[-16.09703,13.43642],[-16.09999,13.43633],[-16.10825,13.43872],[-16.11129,13.44131],[-16.11129,13.4444],[-16.09703,13.4444],[-16.09703,13.43642]]]},"properties":{"region":"North Bank","district":"Lower Baddibu","floods_1m":0,"floods_2m":1,"floods_3m":1,"first_flood_m":2,"nests":true,"area_km2":1.129}},{"type":"Feature","geometry":{"type":"Polygon","coordinates":[[[-16.09703,13.52764],[-16.09871,13.52726],[-16.09994,13.52694],[-16.10009,13.52689],[-16.10054,13.52675],[-16.10225,13.52632],[-16.10344,13.52606],[-16.10526,13.52618],[-16.10617,13.52669],[-16.10672,13.52801],[-16.10688,13.52988],[-16.10685,13.52995],[-16.09703,13.52995],[-16.09703,13.52764]]]},"properties":{"region":"North Bank","district":"Lower Baddibu","floods_1m":1,"floods_2m":1,"floods_3m":1,"first_flood_m":1,"nests":true,"area_km2":0.38}},{"type":"Feature","geometry":{"type":"Polygon","coordinates":[[[-16.06851,13.55847],[-16.08277,13.55847],[-16.08277,13.57273],[-16.06851,13.57273],[-16.06851,13.55847]]]},"properties":{"region":"North Bank","district":"Lower Baddibu","floods_1m":1,"floods_2m":1,"floods_3m":1,"first_flood_m":1,"nests":true,"area_km2":2.444}},{"type":"Feature","geometry":{"type":"Polygon","coordinates":[[[-15.65503,13.4444],[-15.66929,13.4444],[-15.66929,13.45866],[-15.65503,13.45866],[-15.65503,13.4444]]]},"properties":{"region":"Lower River","district":"Kiang East","floods_1m":1,"floods_2m":1,"floods_3m":1,"first_flood_m":1,"nests":true,"area_km2":2.445}},{"type":"Feature","geometry":{"type":"Polygon","coordinates":[[[-16.08277,13.4444],[-16.09703,13.4444],[-16.09703,13.45866],[-16.08277,13.45866],[-16.08277,13.4444]]]},"properties":{"region":"North Bank","district":"Lower Baddibu","floods_1m":1,"floods_2m":1,"floods_3m":1,"first_flood_m":1,"nests":true,"area_km2":2.445}},{"type":"Feature","geometry":{"type":"Polygon","coordinates":[[[-16.08277,13.54421],[-16.09703,13.54421],[-16.09703,13.55847],[-16.08277,13.55847],[-16.08277,13.54421]]]},"properties":{"region":"North Bank","district":"Lower Baddibu","floods_1m":1,"floods_2m":1,"floods_3m":1,"first_flood_m":1,"nests":true,"area_km2":2.444}},{"type":"Feature","geometry":{"type":"Polygon","coordinates":[[[-16.02574,13.48718],[-16.04,13.48718],[-16.04,13.50144],[-16.02574,13.50144],[-16.02574,13.48718]]]},"properties":{"region":"North Bank","district":"Lower Baddibu","floods_1m":1,"floods_2m":1,"floods_3m":1,"first_flood_m":1,"nests":true,"area_km2":2.445}},{"type":"Feature","geometry":{"type":"Polygon","coordinates":[[[-16.06851,13.43889],[-16.07395,13.43882],[-16.08214,13.43685],[-16.08277,13.43683],[-16.08277,13.4444],[-16.06851,13.4444],[-16.06851,13.43889]]]},"properties":{"region":"North Bank","district":"Lower Baddibu","floods_1m":0,"floods_2m":1,"floods_3m":1,"first_flood_m":2,"nests":true,"area_km2":1.067}},{"type":"Feature","geometry":{"type":"Polygon","coordinates":[[[-15.66994,13.47292],[-15.68355,13.47292],[-15.68355,13.47862],[-15.68295,13.47887],[-15.67279,13.47557],[-15.66994,13.47292]]]},"properties":{"region":"Lower River","district":"Kiang East","floods_1m":1,"floods_2m":1,"floods_3m":1,"first_flood_m":1,"nests":true,"area_km2":0.613}},{"type":"Feature","geometry":{"type":"Polygon","coordinates":[[[-16.04,13.51569],[-16.05425,13.51569],[-16.05425,13.52995],[-16.04,13.52995],[-16.04,13.51569]]]},"properties":{"region":"North Bank","district":"Lower Baddibu","floods_1m":0,"floods_2m":1,"floods_3m":1,"first_flood_m":2,"nests":true,"area_km2":2.443}},{"type":"Feature","geometry":{"type":"Polygon","coordinates":[[[-16.01148,13.51569],[-16.02574,13.51569],[-16.02574,13.52995],[-16.01148,13.52995],[-16.01148,13.51569]]]},"properties":{"region":"North Bank","district":"Lower Baddibu","floods_1m":0,"floods_2m":1,"floods_3m":1,"first_flood_m":2,"nests":true,"area_km2":2.445}},{"type":"Feature","geometry":{"type":"Polygon","coordinates":[[[-16.08277,13.45866],[-16.09703,13.45866],[-16.09703,13.47292],[-16.08277,13.47292],[-16.08277,13.45866]]]},"properties":{"region":"North Bank","district":"Lower Baddibu","floods_1m":1,"floods_2m":1,"floods_3m":1,"first_flood_m":1,"nests":true,"area_km2":2.445}},{"type":"Feature","geometry":{"type":"Polygon","coordinates":[[[-16.08277,13.50144],[-16.09703,13.50144],[-16.09703,13.50232],[-16.0966,13.50282],[-16.09595,13.50363],[-16.09487,13.50524],[-16.09367,13.50677],[-16.0927,13.50792],[-16.0917,13.50953],[-16.09091,13.51143],[-16.09012,13.51304],[-16.08945,13.51453],[-16.08906,13.51569],[-16.08277,13.51569],[-16.08277,13.50144]]]},"properties":{"region":"North Bank","district":"Lower Baddibu","floods_1m":1,"floods_2m":1,"floods_3m":1,"first_flood_m":1,"nests":true,"area_km2":1.71}},{"type":"Feature","geometry":{"type":"Polygon","coordinates":[[[-16.04,13.45866],[-16.05425,13.45866],[-16.05425,13.47292],[-16.04,13.47292],[-16.04,13.45866]]]},"properties":{"region":"North Bank","district":"Lower Baddibu","floods_1m":1,"floods_2m":1,"floods_3m":1,"first_flood_m":1,"nests":true,"area_km2":2.443}},{"type":"Feature","geometry":{"type":"Polygon","coordinates":[[[-16.02574,13.51569],[-16.04,13.51569],[-16.04,13.52995],[-16.02574,13.52995],[-16.02574,13.51569]]]},"properties":{"region":"North Bank","district":"Lower Baddibu","floods_1m":0,"floods_2m":1,"floods_3m":1,"first_flood_m":2,"nests":true,"area_km2":2.445}},{"type":"Feature","geometry":{"type":"Polygon","coordinates":[[[-16.05425,13.47292],[-16.06851,13.47292],[-16.06851,13.48718],[-16.05425,13.48718],[-16.05425,13.47292]]]},"properties":{"region":"North Bank","district":"Lower Baddibu","floods_1m":1,"floods_2m":1,"floods_3m":1,"first_flood_m":1,"nests":true,"area_km2":2.445}},{"type":"Feature","geometry":{"type":"Polygon","coordinates":[[[-16.12554,13.45866],[-16.1316,13.45866],[-16.13164,13.45887],[-16.13173,13.45967],[-16.1319,13.46082],[-16.13169,13.46203],[-16.13101,13.46383],[-16.13053,13.46467],[-16.12991,13.46587],[-16.12979,13.46637],[-16.12952,13.46748],[-16.1291,13.46935],[-16.12904,13.47087],[-16.12912,13.47222],[-16.12927,13.47292],[-16.12554,13.47292],[-16.12554,13.45866]]]},"properties":{"region":"North Bank","district":"Lower Baddibu","floods_1m":1,"floods_2m":1,"floods_3m":1,"first_flood_m":1,"nests":true,"area_km2":0.817}},{"type":"Feature","geometry":{"type":"Polygon","coordinates":[[[-16.09703,13.48718],[-16.11129,13.48718],[-16.11129,13.49487],[-16.1111,13.49485],[-16.11022,13.49468],[-16.109,13.49465],[-16.1077,13.49464],[-16.10614,13.49518],[-16.10511,13.49558],[-16.1037,13.49612],[-16.10253,13.49666],[-16.10238,13.49676],[-16.10135,13.49748],[-16.10067,13.49827],[-16.10014,13.49879],[-16.09966,13.49926],[-16.0991,13.50004],[-16.09852,13.50073],[-16.09793,13.50128],[-16.0978,13.50144],[-16.09703,13.50144],[-16.09703,13.48718]]]},"properties":{"region":"North Bank","district":"Lower Baddibu","floods_1m":1,"floods_2m":1,"floods_3m":1,"first_flood_m":1,"nests":true,"area_km2":1.644}},{"type":"Feature","geometry":{"type":"Polygon","coordinates":[[[-16.06851,13.54421],[-16.08277,13.54421],[-16.08277,13.55847],[-16.06851,13.55847],[-16.06851,13.54421]]]},"properties":{"region":"North Bank","district":"Lower Baddibu","floods_1m":1,"floods_2m":1,"floods_3m":1,"first_flood_m":1,"nests":true,"area_km2":2.444}},{"type":"Feature","geometry":{"type":"MultiPolygon","coordinates":[[[[-16.00345,13.45866],[-16.01148,13.45866],[-16.01148,13.47292],[-16.00479,13.47292],[-16.00454,13.47259],[-16.00455,13.47193],[-16.00493,13.47139],[-16.00564,13.47079],[-16.0062,13.47018],[-16.00623,13.46949],[-16.00591,13.46866],[-16.00547,13.46831],[-16.005,13.46782],[-16.00459,13.46713],[-16.00421,13.46678],[-16.00406,13.4665],[-16.00383,13.46621],[-16.00374,13.46577],[-16.00413,13.46569],[-16.00477,13.46566],[-16.0053,13.46567],[-16.00568,13.46553],[-16.0058,13.46509],[-16.00601,13.46429],[-16.00604,13.46346],[-16.00587,13.46222],[-16.00552,13.4611],[-16.00517,13.46032],[-16.00497,13.4598],[-16.00471,13.4592],[-16.00409,13.45882],[-16.00345,13.45866]]],[[[-16.0027,13.45866],[-16.00288,13.45866],[-16.00277,13.4587],[-16.0027,13.45866]]]]},"properties":{"region":"North Bank","district":"Lower Baddibu","floods_1m":1,"floods_2m":1,"floods_3m":1,"first_flood_m":1,"nests":true,"area_km2":1.058}},{"type":"Feature","geometry":{"type":"Polygon","coordinates":[[[-16.06851,13.51569],[-16.08277,13.51569],[-16.08277,13.52995],[-16.06851,13.52995],[-16.06851,13.51569]]]},"properties":{"region":"North Bank","district":"Lower Baddibu","floods_1m":0,"floods_2m":0,"floods_3m":1,"first_flood_m":3,"nests":true,"area_km2":2.445}},{"type":"Feature","geometry":{"type":"Polygon","coordinates":[[[-16.01148,13.47292],[-16.02574,13.47292],[-16.02574,13.48718],[-16.01148,13.48718],[-16.01148,13.47292]]]},"properties":{"region":"North Bank","district":"Lower Baddibu","floods_1m":1,"floods_2m":1,"floods_3m":1,"first_flood_m":1,"nests":true,"area_km2":2.445}},{"type":"Feature","geometry":{"type":"Polygon","coordinates":[[[-16.08277,13.51569],[-16.08906,13.51569],[-16.08887,13.51626],[-16.08822,13.51813],[-16.08799,13.52002],[-16.08767,13.52201],[-16.08764,13.52356],[-16.08765,13.52436],[-16.08762,13.52523],[-16.08797,13.52612],[-16.08847,13.52681],[-16.08942,13.52753],[-16.0906,13.5283],[-16.09154,13.52856],[-16.09235,13.52865],[-16.09406,13.5285],[-16.0953,13.52821],[-16.09691,13.52766],[-16.09703,13.52764],[-16.09703,13.52995],[-16.08277,13.52995],[-16.08277,13.51569]]]},"properties":{"region":"North Bank","district":"Lower Baddibu","floods_1m":1,"floods_2m":1,"floods_3m":1,"first_flood_m":1,"nests":true,"area_km2":1.103}},{"type":"Feature","geometry":{"type":"Polygon","coordinates":[[[-16.12554,13.45183],[-16.1264,13.45231],[-16.12755,13.45255],[-16.12852,13.45316],[-16.12922,13.45362],[-16.1299,13.45417],[-16.13074,13.4557],[-16.13124,13.45708],[-16.13147,13.45792],[-16.1316,13.45866],[-16.12554,13.45866],[-16.12554,13.45183]]]},"properties":{"region":"North Bank","district":"Lower Baddibu","floods_1m":1,"floods_2m":1,"floods_3m":1,"first_flood_m":1,"nests":true,"area_km2":0.36}},{"type":"Feature","geometry":{"type":"Polygon","coordinates":[[[-16.09703,13.54421],[-16.09878,13.54421],[-16.09885,13.54453],[-16.09952,13.54539],[-16.10018,13.54573],[-16.10049,13.54608],[-16.10109,13.54686],[-16.10162,13.54761],[-16.10219,13.54856],[-16.1025,13.55004],[-16.1031,13.55177],[-16.10335,13.5533],[-16.10358,13.55495],[-16.10352,13.55622],[-16.1032,13.55756],[-16.1029,13.55847],[-16.09703,13.55847],[-16.09703,13.54421]]]},"properties":{"region":"North Bank","district":"Lower Baddibu","floods_1m":1,"floods_2m":1,"floods_3m":1,"first_flood_m":1,"nests":true,"area_km2":0.908}},{"type":"Feature","geometry":{"type":"Polygon","coordinates":[[[-16.09703,13.4444],[-16.11129,13.4444],[-16.11129,13.45866],[-16.09703,13.45866],[-16.09703,13.4444]]]},"properties":{"region":"North Bank","district":"Lower Baddibu","floods_1m":1,"floods_2m":1,"floods_3m":1,"first_flood_m":1,"nests":true,"area_km2":2.445}},{"type":"Feature","geometry":{"type":"Polygon","coordinates":[[[-16.09703,13.55847],[-16.1029,13.55847],[-16.10272,13.55902],[-16.10225,13.56148],[-16.10196,13.56331],[-16.10173,13.56459],[-16.10044,13.56689],[-16.10002,13.56719],[-16.0992,13.56802],[-16.0982,13.56863],[-16.09703,13.56879],[-16.09703,13.55847]]]},"properties":{"region":"North Bank","district":"Lower Baddibu","floods_1m":1,"floods_2m":1,"floods_3m":1,"first_flood_m":1,"nests":true,"area_km2":0.548}},{"type":"Feature","geometry":{"type":"Polygon","coordinates":[[[-16.09703,13.47292],[-16.11129,13.47292],[-16.11129,13.48718],[-16.09703,13.48718],[-16.09703,13.47292]]]},"properties":{"region":"North Bank","district":"Lower Baddibu","floods_1m":1,"floods_2m":1,"floods_3m":1,"first_flood_m":1,"nests":true,"area_km2":2.445}},{"type":"Feature","geometry":{"type":"Polygon","coordinates":[[[-16.08277,13.57273],[-16.08476,13.57273],[-16.08463,13.57321],[-16.08448,13.57439],[-16.08461,13.57594],[-16.08493,13.57715],[-16.08573,13.57884],[-16.08788,13.58088],[-16.09012,13.58353],[-16.09148,13.58597],[-16.09157,13.58698],[-16.08277,13.58698],[-16.08277,13.57273]]]},"properties":{"region":"North Bank","district":"Lower Baddibu","floods_1m":1,"floods_2m":1,"floods_3m":1,"first_flood_m":1,"nests":true,"area_km2":0.79}},{"type":"Feature","geometry":{"type":"Polygon","coordinates":[[[-16.06851,13.57273],[-16.08277,13.57273],[-16.08277,13.58698],[-16.06851,13.58698],[-16.06851,13.57273]]]},"properties":{"region":"North Bank","district":"Lower Baddibu","floods_1m":0,"floods_2m":1,"floods_3m":1,"first_flood_m":2,"nests":true,"area_km2":2.442}},{"type":"Feature","geometry":{"type":"Polygon","coordinates":[[[-16.06851,13.52995],[-16.08277,13.52995],[-16.08277,13.54421],[-16.06851,13.54421],[-16.06851,13.52995]]]},"properties":{"region":"North Bank","district":"Lower Baddibu","floods_1m":0,"floods_2m":0,"floods_3m":1,"first_flood_m":3,"nests":true,"area_km2":2.444}},{"type":"Feature","geometry":{"type":"Polygon","coordinates":[[[-16.05425,13.4444],[-16.06851,13.4444],[-16.06851,13.45866],[-16.05425,13.45866],[-16.05425,13.4444]]]},"properties":{"region":"North Bank","district":"Lower Baddibu","floods_1m":1,"floods_2m":1,"floods_3m":1,"first_flood_m":1,"nests":true,"area_km2":2.445}},{"type":"Feature","geometry":{"type":"Polygon","coordinates":[[[-16.06851,13.45866],[-16.08277,13.45866],[-16.08277,13.47292],[-16.06851,13.47292],[-16.06851,13.45866]]]},"properties":{"region":"North Bank","district":"Lower Baddibu","floods_1m":1,"floods_2m":1,"floods_3m":1,"first_flood_m":1,"nests":true,"area_km2":2.445}},{"type":"Feature","geometry":{"type":"Polygon","coordinates":[[[-16.04,13.47292],[-16.05425,13.47292],[-16.05425,13.48718],[-16.04,13.48718],[-16.04,13.47292]]]},"properties":{"region":"North Bank","district":"Lower Baddibu","floods_1m":1,"floods_2m":1,"floods_3m":1,"first_flood_m":1,"nests":true,"area_km2":2.443}},{"type":"Feature","geometry":{"type":"Polygon","coordinates":[[[-16.04,13.48718],[-16.05425,13.48718],[-16.05425,13.50144],[-16.04,13.50144],[-16.04,13.48718]]]},"properties":{"region":"North Bank","district":"Lower Baddibu","floods_1m":1,"floods_2m":1,"floods_3m":1,"first_flood_m":1,"nests":true,"area_km2":2.443}},{"type":"Feature","geometry":{"type":"Polygon","coordinates":[[[-16.06851,13.47292],[-16.08277,13.47292],[-16.08277,13.48718],[-16.06851,13.48718],[-16.06851,13.47292]]]},"properties":{"region":"North Bank","district":"Lower Baddibu","floods_1m":0,"floods_2m":0,"floods_3m":1,"first_flood_m":3,"nests":true,"area_km2":2.445}},{"type":"Feature","geometry":{"type":"Polygon","coordinates":[[[-16.05425,13.45866],[-16.06851,13.45866],[-16.06851,13.47292],[-16.05425,13.47292],[-16.05425,13.45866]]]},"properties":{"region":"North Bank","district":"Lower Baddibu","floods_1m":1,"floods_2m":1,"floods_3m":1,"first_flood_m":1,"nests":true,"area_km2":2.445}},{"type":"Feature","geometry":{"type":"Polygon","coordinates":[[[-16.12554,13.47292],[-16.12927,13.47292],[-16.12941,13.4736],[-16.12976,13.47522],[-16.13011,13.47622],[-16.13051,13.47775],[-16.1311,13.47907],[-16.13186,13.48126],[-16.13197,13.48215],[-16.13235,13.48316],[-16.13282,13.48406],[-16.13363,13.48544],[-16.13428,13.48616],[-16.13519,13.48717],[-16.1352,13.48718],[-16.12554,13.48718],[-16.12554,13.47292]]]},"properties":{"region":"North Bank","district":"Lower Baddibu","floods_1m":1,"floods_2m":1,"floods_3m":1,"first_flood_m":1,"nests":true,"area_km2":1.028}},{"type":"Feature","geometry":{"type":"Polygon","coordinates":[[[-16.09703,13.52995],[-16.10685,13.52995],[-16.10629,13.5316],[-16.10548,13.53279],[-16.10399,13.5346],[-16.10272,13.53644],[-16.10152,13.53791],[-16.10007,13.5388],[-16.09984,13.5389],[-16.09951,13.53921],[-16.09907,13.5399],[-16.09868,13.54151],[-16.09859,13.5434],[-16.09878,13.54421],[-16.09703,13.54421],[-16.09703,13.52995]]]},"properties":{"region":"North Bank","district":"Lower Baddibu","floods_1m":1,"floods_2m":1,"floods_3m":1,"first_flood_m":1,"nests":true,"area_km2":0.874}},{"type":"Feature","geometry":{"type":"Polygon","coordinates":[[[-16.01148,13.48718],[-16.02574,13.48718],[-16.02574,13.50144],[-16.01148,13.50144],[-16.01148,13.48718]]]},"properties":{"region":"North Bank","district":"Lower Baddibu","floods_1m":1,"floods_2m":1,"floods_3m":1,"first_flood_m":1,"nests":true,"area_km2":2.445}},{"type":"Feature","geometry":{"type":"Polygon","coordinates":[[[-16.01148,13.50144],[-16.02574,13.50144],[-16.02574,13.51569],[-16.01148,13.51569],[-16.01148,13.50144]]]},"properties":{"region":"North Bank","district":"Lower Baddibu","floods_1m":1,"floods_2m":1,"floods_3m":1,"first_flood_m":1,"nests":true,"area_km2":2.443}},{"type":"Feature","geometry":{"type":"Polygon","coordinates":[[[-16.01148,13.4444],[-16.02574,13.4444],[-16.02574,13.45866],[-16.01148,13.45866],[-16.01148,13.4444]]]},"properties":{"region":"North Bank","district":"Lower Baddibu","floods_1m":1,"floods_2m":1,"floods_3m":1,"first_flood_m":1,"nests":true,"area_km2":2.445}},{"type":"Feature","geometry":{"type":"Polygon","coordinates":[[[-16.09703,13.45866],[-16.11129,13.45866],[-16.11129,13.47292],[-16.09703,13.47292],[-16.09703,13.45866]]]},"properties":{"region":"North Bank","district":"Lower Baddibu","floods_1m":1,"floods_2m":1,"floods_3m":1,"first_flood_m":1,"nests":true,"area_km2":2.445}},{"type":"Feature","geometry":{"type":"Polygon","coordinates":[[[-16.02574,13.50144],[-16.04,13.50144],[-16.04,13.51569],[-16.02574,13.51569],[-16.02574,13.50144]]]},"properties":{"region":"North Bank","district":"Lower Baddibu","floods_1m":1,"floods_2m":1,"floods_3m":1,"first_flood_m":1,"nests":true,"area_km2":2.443}},{"type":"Feature","geometry":{"type":"Polygon","coordinates":[[[-16.11129,13.45866],[-16.12554,13.45866],[-16.12554,13.47292],[-16.11129,13.47292],[-16.11129,13.45866]]]},"properties":{"region":"North Bank","district":"Lower Baddibu","floods_1m":1,"floods_2m":1,"floods_3m":1,"first_flood_m":1,"nests":true,"area_km2":2.443}},{"type":"Feature","geometry":{"type":"Polygon","coordinates":[[[-16.09703,13.50144],[-16.0978,13.50144],[-16.09719,13.50213],[-16.09703,13.50232],[-16.09703,13.50144]]]},"properties":{"region":"North Bank","district":"Lower Baddibu","floods_1m":1,"floods_2m":1,"floods_3m":1,"first_flood_m":1,"nests":true,"area_km2":0.004}},{"type":"Feature","geometry":{"type":"Polygon","coordinates":[[[-16.08277,13.59149],[-16.08277,13.58698],[-16.09157,13.58698],[-16.09163,13.58769],[-16.09088,13.5877],[-16.09121,13.59152],[-16.08539,13.5915],[-16.08277,13.59149]]]},"properties":{"region":"North Bank","district":"Lower Baddibu","floods_1m":1,"floods_2m":1,"floods_3m":1,"first_flood_m":1,"nests":true,"area_km2":0.455}},{"type":"Feature","geometry":{"type":"Polygon","coordinates":[[[-16.00479,13.47292],[-16.01148,13.47292],[-16.01148,13.48718],[-16.00495,13.48718],[-16.00467,13.48602],[-16.00421,13.48504],[-16.00339,13.484],[-16.00292,13.48294],[-16.00228,13.48198],[-16.00142,13.48138],[-16.00101,13.481],[-16.00049,13.48057],[-16.00037,13.48005],[-16.00093,13.47979],[-16.00158,13.47971],[-16.00208,13.47934],[-16.00232,13.47828],[-16.00238,13.47776],[-16.00323,13.4775],[-16.00376,13.47779],[-16.00476,13.47754],[-16.00556,13.47711],[-16.00591,13.47582],[-16.00583,13.47444],[-16.00548,13.47352],[-16.00487,13.47303],[-16.00479,13.47292]]]},"properties":{"region":"North Bank","district":"Lower Baddibu","floods_1m":1,"floods_2m":1,"floods_3m":1,"first_flood_m":1,"nests":true,"area_km2":1.33}},{"type":"Feature","geometry":{"type":"Polygon","coordinates":[[[-15.99879,13.4444],[-16.01148,13.4444],[-16.01148,13.45866],[-16.00345,13.45866],[-16.00312,13.45858],[-16.00288,13.45866],[-16.0027,13.45866],[-16.00244,13.45852],[-16.00233,13.45844],[-16.00203,13.45812],[-16.00212,13.45767],[-16.00158,13.45811],[-15.99879,13.4444]]]},"properties":{"region":"North Bank","district":"Lower Baddibu","floods_1m":0,"floods_2m":1,"floods_3m":1,"first_flood_m":2,"nests":true,"area_km2":1.921}},{"type":"Feature","geometry":{"type":"Polygon","coordinates":[[[-15.99826,13.44181],[-16.01148,13.44013],[-16.01148,13.4444],[-15.99879,13.4444],[-15.99826,13.44181]]]},"properties":{"region":"North Bank","district":"Lower Baddibu","floods_1m":0,"floods_2m":1,"floods_3m":1,"first_flood_m":2,"nests":true,"area_km2":0.537}},{"type":"Feature","geometry":{"type":"Polygon","coordinates":[[[-16.11129,13.4444],[-16.11491,13.4444],[-16.1154,13.44482],[-16.11992,13.44796],[-16.12194,13.44818],[-16.12159,13.44942],[-16.12294,13.45037],[-16.12432,13.45121],[-16.12552,13.45182],[-16.12554,13.45183],[-16.12554,13.45866],[-16.11129,13.45866],[-16.11129,13.4444]]]},"properties":{"region":"North Bank","district":"Lower Baddibu","floods_1m":1,"floods_2m":1,"floods_3m":1,"first_flood_m":1,"nests":true,"area_km2":1.964}},{"type":"Feature","geometry":{"type":"Polygon","coordinates":[[[-16.00241,13.51569],[-16.01148,13.51569],[-16.01148,13.52995],[-16.00155,13.52995],[-16.00169,13.52767],[-16.00241,13.51569]]]},"properties":{"region":"North Bank","district":"Lower Baddibu","floods_1m":0,"floods_2m":0,"floods_3m":1,"first_flood_m":3,"nests":true,"area_km2":1.628}},{"type":"Feature","geometry":{"type":"Polygon","coordinates":[[[-16.08277,13.43683],[-16.09092,13.43659],[-16.09703,13.43642],[-16.09703,13.4444],[-16.08277,13.4444],[-16.08277,13.43683]]]},"properties":{"region":"North Bank","district":"Lower Baddibu","floods_1m":0,"floods_2m":1,"floods_3m":1,"first_flood_m":2,"nests":true,"area_km2":1.334}},{"type":"Feature","geometry":{"type":"Polygon","coordinates":[[[-16.11129,13.47292],[-16.12554,13.47292],[-16.12554,13.48718],[-16.11129,13.48718],[-16.11129,13.47292]]]},"properties":{"region":"North Bank","district":"Lower Baddibu","floods_1m":1,"floods_2m":1,"floods_3m":1,"first_flood_m":1,"nests":true,"area_km2":2.443}},{"type":"Feature","geometry":{"type":"Polygon","coordinates":[[[-16.04,13.50144],[-16.05425,13.50144],[-16.05425,13.51569],[-16.04,13.51569],[-16.04,13.50144]]]},"properties":{"region":"North Bank","district":"Lower Baddibu","floods_1m":1,"floods_2m":1,"floods_3m":1,"first_flood_m":1,"nests":true,"area_km2":2.441}},{"type":"Feature","geometry":{"type":"Polygon","coordinates":[[[-16.08277,13.47292],[-16.09703,13.47292],[-16.09703,13.48718],[-16.08277,13.48718],[-16.08277,13.47292]]]},"properties":{"region":"North Bank","district":"Lower Baddibu","floods_1m":1,"floods_2m":1,"floods_3m":1,"first_flood_m":1,"nests":true,"area_km2":2.445}},{"type":"Feature","geometry":{"type":"Polygon","coordinates":[[[-16.08277,13.52995],[-16.09703,13.52995],[-16.09703,13.54421],[-16.08277,13.54421],[-16.08277,13.52995]]]},"properties":{"region":"North Bank","district":"Lower Baddibu","floods_1m":1,"floods_2m":1,"floods_3m":1,"first_flood_m":1,"nests":true,"area_km2":2.444}},{"type":"Feature","geometry":{"type":"Polygon","coordinates":[[[-16.02574,13.47292],[-16.04,13.47292],[-16.04,13.48718],[-16.02574,13.48718],[-16.02574,13.47292]]]},"properties":{"region":"North Bank","district":"Lower Baddibu","floods_1m":1,"floods_2m":1,"floods_3m":1,"first_flood_m":1,"nests":true,"area_km2":2.445}},{"type":"Feature","geometry":{"type":"Polygon","coordinates":[[[-16.01148,13.45866],[-16.02574,13.45866],[-16.02574,13.47292],[-16.01148,13.47292],[-16.01148,13.45866]]]},"properties":{"region":"North Bank","district":"Lower Baddibu","floods_1m":1,"floods_2m":1,"floods_3m":1,"first_flood_m":1,"nests":true,"area_km2":2.445}},{"type":"Feature","geometry":{"type":"Polygon","coordinates":[[[-16.06851,13.4444],[-16.08277,13.4444],[-16.08277,13.45866],[-16.06851,13.45866],[-16.06851,13.4444]]]},"properties":{"region":"North Bank","district":"Lower Baddibu","floods_1m":1,"floods_2m":1,"floods_3m":1,"first_flood_m":1,"nests":true,"area_km2":2.445}},{"type":"Feature","geometry":{"type":"Polygon","coordinates":[[[-16.05425,13.48718],[-16.06851,13.48718],[-16.06851,13.50144],[-16.05425,13.50144],[-16.05425,13.48718]]]},"properties":{"region":"North Bank","district":"Lower Baddibu","floods_1m":1,"floods_2m":1,"floods_3m":1,"first_flood_m":1,"nests":true,"area_km2":2.445}},{"type":"Feature","geometry":{"type":"Polygon","coordinates":[[[-16.01148,13.44013],[-16.0164,13.43951],[-16.02574,13.4394],[-16.02574,13.4444],[-16.01148,13.4444],[-16.01148,13.44013]]]},"properties":{"region":"North Bank","district":"Lower Baddibu","floods_1m":0,"floods_2m":1,"floods_3m":1,"first_flood_m":2,"nests":true,"area_km2":0.826}},{"type":"Feature","geometry":{"type":"Polygon","coordinates":[[[-16.02574,13.45866],[-16.04,13.45866],[-16.04,13.47292],[-16.02574,13.47292],[-16.02574,13.45866]]]},"properties":{"region":"North Bank","district":"Lower Baddibu","floods_1m":1,"floods_2m":1,"floods_3m":1,"first_flood_m":1,"nests":true,"area_km2":2.445}},{"type":"Feature","geometry":{"type":"Polygon","coordinates":[[[-16.05425,13.50144],[-16.06851,13.50144],[-16.06851,13.51569],[-16.05425,13.51569],[-16.05425,13.50144]]]},"properties":{"region":"North Bank","district":"Lower Baddibu","floods_1m":0,"floods_2m":1,"floods_3m":1,"first_flood_m":2,"nests":true,"area_km2":2.443}},{"type":"Feature","geometry":{"type":"Polygon","coordinates":[[[-16.02574,13.4394],[-16.04,13.43923],[-16.04,13.4444],[-16.02574,13.4444],[-16.02574,13.4394]]]},"properties":{"region":"North Bank","district":"Lower Baddibu","floods_1m":0,"floods_2m":1,"floods_3m":1,"first_flood_m":2,"nests":true,"area_km2":0.872}},{"type":"Feature","geometry":{"type":"Polygon","coordinates":[[[-16.08277,13.48718],[-16.09703,13.48718],[-16.09703,13.50144],[-16.08277,13.50144],[-16.08277,13.48718]]]},"properties":{"region":"North Bank","district":"Lower Baddibu","floods_1m":1,"floods_2m":1,"floods_3m":1,"first_flood_m":1,"nests":true,"area_km2":2.445}},{"type":"Feature","geometry":{"type":"Polygon","coordinates":[[[-16.11129,13.49487],[-16.11129,13.48718],[-16.12554,13.48718],[-16.12554,13.49738],[-16.12391,13.49736],[-16.1208,13.49682],[-16.11836,13.49632],[-16.11744,13.496],[-16.11565,13.49554],[-16.11386,13.49515],[-16.11233,13.49495],[-16.11129,13.49487]]]},"properties":{"region":"North Bank","district":"Lower Baddibu","floods_1m":1,"floods_2m":1,"floods_3m":1,"first_flood_m":1,"nests":true,"area_km2":1.547}},{"type":"Feature","geometry":{"type":"Polygon","coordinates":[[[-16.04,13.43923],[-16.05425,13.43906],[-16.05425,13.4444],[-16.04,13.4444],[-16.04,13.43923]]]},"properties":{"region":"North Bank","district":"Lower Baddibu","floods_1m":0,"floods_2m":1,"floods_3m":1,"first_flood_m":2,"nests":true,"area_km2":0.901}},{"type":"Feature","geometry":{"type":"Polygon","coordinates":[[[-16.05425,13.43906],[-16.06851,13.43889],[-16.06851,13.4444],[-16.05425,13.4444],[-16.05425,13.43906]]]},"properties":{"region":"North Bank","district":"Lower Baddibu","floods_1m":1,"floods_2m":1,"floods_3m":1,"first_flood_m":1,"nests":true,"area_km2":0.93}},{"type":"Feature","geometry":{"type":"Polygon","coordinates":[[[-16.48199,13.47292],[-16.49625,13.47292],[-16.49625,13.48718],[-16.48199,13.48718],[-16.48199,13.47292]]]},"properties":{"region":"North Bank","district":"Lower Nuimi","floods_1m":1,"floods_2m":1,"floods_3m":1,"first_flood_m":1,"nests":true,"area_km2":2.445}},{"type":"Feature","geometry":{"type":"Polygon","coordinates":[[[-16.52477,13.47264],[-16.52542,13.47264],[-16.52542,13.47236],[-16.52569,13.47236],[-16.52569,13.47208],[-16.52597,13.47208],[-16.52597,13.47181],[-16.52625,13.47181],[-16.52625,13.47153],[-16.52819,13.47153],[-16.52819,13.47181],[-16.52847,13.47181],[-16.52847,13.47208],[-16.52875,13.47208],[-16.52875,13.47292],[-16.52477,13.47292],[-16.52477,13.47264]]]},"properties":{"region":"North Bank","district":"Lower Nuimi","floods_1m":1,"floods_2m":1,"floods_3m":1,"first_flood_m":1,"nests":true,"area_km2":0.05}},{"type":"Feature","geometry":{"type":"Polygon","coordinates":[[[-16.48199,13.54421],[-16.49625,13.54421],[-16.49625,13.55847],[-16.48199,13.55847],[-16.48199,13.54421]]]},"properties":{"region":"North Bank","district":"Lower Nuimi","floods_1m":1,"floods_2m":1,"floods_3m":1,"first_flood_m":1,"nests":true,"area_km2":2.444}},{"type":"Feature","geometry":{"type":"Polygon","coordinates":[[[-16.51051,13.54421],[-16.52477,13.54421],[-16.52477,13.55847],[-16.51051,13.55847],[-16.51051,13.54421]]]},"properties":{"region":"North Bank","district":"Lower Nuimi","floods_1m":1,"floods_2m":1,"floods_3m":1,"first_flood_m":1,"nests":true,"area_km2":2.444}},{"type":"Feature","geometry":{"type":"Polygon","coordinates":[[[-16.53902,13.49792],[-16.53902,13.48718],[-16.5493,13.48718],[-16.5493,13.4882],[-16.54875,13.4882],[-16.54875,13.48847],[-16.54819,13.48847],[-16.54819,13.4882],[-16.54764,13.4882],[-16.54764,13.48847],[-16.54681,13.48847],[-16.54681,13.48875],[-16.54625,13.48875],[-16.54625,13.48903],[-16.54486,13.48903],[-16.54486,13.4893],[-16.54431,13.4893],[-16.54431,13.48958],[-16.54375,13.48958],[-16.54375,13.48986],[-16.5432,13.48986],[-16.5432,13.49014],[-16.54292,13.49014],[-16.54292,13.49042],[-16.54264,13.49042],[-16.54264,13.49069],[-16.54236,13.49069],[-16.54236,13.49125],[-16.54209,13.49125],[-16.54209,13.49208],[-16.54264,13.49208],[-16.54264,13.49236],[-16.54292,13.49236],[-16.54292,13.4932],[-16.54236,13.4932],[-16.54236,13.49347],[-16.54209,13.49347],[-16.54209,13.49403],[-16.5418,13.49403],[-16.5418,13.4943],[-16.54153,13.4943],[-16.54153,13.49458],[-16.54125,13.49458],[-16.54125,13.49514],[-16.54097,13.49514],[-16.54097,13.49542],[-16.5407,13.49542],[-16.5407,13.49569],[-16.54042,13.49569],[-16.54042,13.49597],[-16.54014,13.49597],[-16.54014,13.49653],[-16.53986,13.49653],[-16.53986,13.49681],[-16.53958,13.49681],[-16.53958,13.49708],[-16.5393,13.49708],[-16.5393,13.49764],[-16.53903,13.49764],[-16.53903,13.49792],[-16.53902,13.49792]]]},"properties":{"region":"North Bank","district":"Lower Nuimi","floods_1m":1,"floods_2m":1,"floods_3m":1,"first_flood_m":1,"nests":true,"area_km2":0.498}},{"type":"Feature","geometry":{"type":"Polygon","coordinates":[[[-16.48199,13.4444],[-16.48486,13.4444],[-16.48486,13.44486],[-16.48514,13.44486],[-16.48514,13.44514],[-16.48542,13.44514],[-16.48542,13.44597],[-16.48569,13.44597],[-16.48569,13.44653],[-16.48597,13.44653],[-16.48597,13.44736],[-16.48625,13.44736],[-16.48625,13.44958],[-16.4868,13.44958],[-16.4868,13.44986],[-16.48708,13.44986],[-16.48708,13.45014],[-16.48764,13.45014],[-16.48764,13.44986],[-16.48931,13.44986],[-16.48931,13.45014],[-16.48986,13.45014],[-16.48986,13.45069],[-16.49014,13.45069],[-16.49014,13.45097],[-16.49042,13.45097],[-16.49042,13.45125],[-16.4907,13.45125],[-16.4907,13.4518],[-16.49097,13.4518],[-16.49097,13.45208],[-16.49153,13.45208],[-16.49153,13.45236],[-16.49208,13.45236],[-16.49208,13.45264],[-16.49236,13.45264],[-16.49236,13.45292],[-16.49264,13.45292],[-16.49264,13.45319],[-16.49292,13.45319],[-16.49292,13.45347],[-16.49319,13.45347],[-16.49319,13.45375],[-16.49347,13.45375],[-16.49347,13.45403],[-16.49375,13.45403],[-16.49375,13.45431],[-16.49403,13.45431],[-16.49403,13.45458],[-16.4943,13.45458],[-16.4943,13.45542],[-16.49458,13.45542],[-16.49458,13.45597],[-16.49486,13.45597],[-16.49486,13.45625],[-16.49514,13.45625],[-16.49514,13.45653],[-16.49542,13.45653],[-16.49542,13.45681],[-16.4957,13.45681],[-16.4957,13.45736],[-16.49597,13.45736],[-16.49597,13.45764],[-16.49625,13.45764],[-16.49625,13.45866],[-16.48199,13.45866],[-16.48199,13.4444]]]},"properties":{"region":"North Bank","district":"Lower Nuimi","floods_1m":1,"floods_2m":1,"floods_3m":1,"first_flood_m":1,"nests":true,"area_km2":1.454}},{"type":"Feature","geometry":{"type":"Polygon","coordinates":[[[-16.45348,13.47292],[-16.46773,13.47292],[-16.46773,13.48718],[-16.45348,13.48718],[-16.45348,13.47292]]]},"properties":{"region":"North Bank","district":"Lower Nuimi","floods_1m":0,"floods_2m":1,"floods_3m":1,"first_flood_m":2,"nests":true,"area_km2":2.443}},{"type":"Feature","geometry":{"type":"Polygon","coordinates":[[[-16.45348,13.43015],[-16.46773,13.43015],[-16.46773,13.4444],[-16.45348,13.4444],[-16.45348,13.43015]]]},"properties":{"region":"North Bank","district":"Lower Nuimi","floods_1m":1,"floods_2m":1,"floods_3m":1,"first_flood_m":1,"nests":true,"area_km2":2.442}},{"type":"Feature","geometry":{"type":"Polygon","coordinates":[[[-16.51051,13.55847],[-16.52477,13.55847],[-16.52477,13.57273],[-16.51051,13.57273],[-16.51051,13.55847]]]},"properties":{"region":"North Bank","district":"Lower Nuimi","floods_1m":1,"floods_2m":1,"floods_3m":1,"first_flood_m":1,"nests":true,"area_km2":2.444}},{"type":"Feature","geometry":{"type":"Polygon","coordinates":[[[-16.52477,13.52995],[-16.52681,13.52995],[-16.52681,13.53069],[-16.52653,13.53069],[-16.52653,13.53125],[-16.52681,13.53125],[-16.52681,13.53431],[-16.52653,13.53431],[-16.52653,13.54042],[-16.52681,13.54042],[-16.52681,13.54421],[-16.52477,13.54421],[-16.52477,13.52995]]]},"properties":{"region":"North Bank","district":"Lower Nuimi","floods_1m":1,"floods_2m":1,"floods_3m":1,"first_flood_m":1,"nests":true,"area_km2":0.327}},{"type":"Feature","geometry":{"type":"Polygon","coordinates":[[[-16.51051,13.59198],[-16.51051,13.58698],[-16.52477,13.58698],[-16.52477,13.59237],[-16.51805,13.59236],[-16.5143,13.59236],[-16.51051,13.59198]]]},"properties":{"region":"North Bank","district":"Lower Nuimi","floods_1m":1,"floods_2m":1,"floods_3m":1,"first_flood_m":1,"nests":true,"area_km2":0.914}},{"type":"Feature","geometry":{"type":"Polygon","coordinates":[[[-16.52477,13.59237],[-16.52477,13.58698],[-16.53902,13.58698],[-16.53902,13.59238],[-16.52477,13.59237]]]},"properties":{"region":"North Bank","district":"Lower Nuimi","floods_1m":1,"floods_2m":1,"floods_3m":1,"first_flood_m":1,"nests":true,"area_km2":0.924}},{"type":"Feature","geometry":{"type":"Polygon","coordinates":[[[-16.46773,13.45866],[-16.48199,13.45866],[-16.48199,13.47292],[-16.46773,13.47292],[-16.46773,13.45866]]]},"properties":{"region":"North Bank","district":"Lower Nuimi","floods_1m":1,"floods_2m":1,"floods_3m":1,"first_flood_m":1,"nests":true,"area_km2":2.445}},{"type":"Feature","geometry":{"type":"Polygon","coordinates":[[[-16.46773,13.4444],[-16.48199,13.4444],[-16.48199,13.45866],[-16.46773,13.45866],[-16.46773,13.4444]]]},"properties":{"region":"North Bank","district":"Lower Nuimi","floods_1m":1,"floods_2m":1,"floods_3m":1,"first_flood_m":1,"nests":true,"area_km2":2.445}},{"type":"Feature","geometry":{"type":"Polygon","coordinates":[[[-16.45348,13.41998],[-16.45429,13.41936],[-16.45562,13.41921],[-16.45718,13.41918],[-16.45824,13.41914],[-16.45905,13.41995],[-16.45925,13.42062],[-16.45906,13.42156],[-16.45819,13.4227],[-16.45785,13.42387],[-16.45824,13.42515],[-16.45996,13.42641],[-16.4606,13.42662],[-16.46207,13.42687],[-16.46281,13.42654],[-16.46296,13.42634],[-16.46332,13.42591],[-16.46347,13.42537],[-16.46354,13.42477],[-16.46408,13.42437],[-16.46545,13.42508],[-16.46644,13.42536],[-16.46773,13.42543],[-16.46773,13.43015],[-16.45348,13.43015],[-16.45348,13.41998]]]},"properties":{"region":"North Bank","district":"Lower Nuimi","floods_1m":1,"floods_2m":1,"floods_3m":1,"first_flood_m":1,"nests":true,"area_km2":1.146}},{"type":"Feature","geometry":{"type":"Polygon","coordinates":[[[-16.52477,13.47292],[-16.52875,13.47292],[-16.52875,13.47319],[-16.52819,13.47319],[-16.52819,13.47403],[-16.52847,13.47403],[-16.52847,13.47458],[-16.52875,13.47458],[-16.52875,13.47486],[-16.52903,13.47486],[-16.52903,13.47514],[-16.53014,13.47514],[-16.53014,13.47542],[-16.53042,13.47542],[-16.53042,13.47569],[-16.5307,13.47569],[-16.5307,13.47653],[-16.53097,13.47653],[-16.53097,13.47736],[-16.53125,13.47736],[-16.53125,13.47764],[-16.53153,13.47764],[-16.53153,13.47792],[-16.53181,13.47792],[-16.53181,13.47847],[-16.53208,13.47847],[-16.53208,13.47903],[-16.53264,13.47903],[-16.53264,13.4793],[-16.53292,13.4793],[-16.53292,13.47958],[-16.53542,13.47958],[-16.53542,13.47986],[-16.53597,13.47986],[-16.53597,13.47958],[-16.53625,13.47958],[-16.53625,13.47903],[-16.53708,13.47903],[-16.53708,13.4793],[-16.53792,13.4793],[-16.53792,13.47958],[-16.53875,13.47958],[-16.53875,13.47986],[-16.53902,13.47986],[-16.53902,13.48718],[-16.52477,13.48718],[-16.52477,13.47292]]]},"properties":{"region":"North Bank","district":"Lower Nuimi","floods_1m":1,"floods_2m":1,"floods_3m":1,"first_flood_m":1,"nests":true,"area_km2":1.759}},{"type":"Feature","geometry":{"type":"Polygon","coordinates":[[[-16.49625,13.54421],[-16.51051,13.54421],[-16.51051,13.55847],[-16.49625,13.55847],[-16.49625,13.54421]]]},"properties":{"region":"North Bank","district":"Lower Nuimi","floods_1m":0,"floods_2m":1,"floods_3m":1,"first_flood_m":2,"nests":true,"area_km2":2.444}},{"type":"Feature","geometry":{"type":"Polygon","coordinates":[[[-16.49625,13.52995],[-16.51051,13.52995],[-16.51051,13.54421],[-16.49625,13.54421],[-16.49625,13.52995]]]},"properties":{"region":"North Bank","district":"Lower Nuimi","floods_1m":1,"floods_2m":1,"floods_3m":1,"first_flood_m":1,"nests":true,"area_km2":2.444}},{"type":"Feature","geometry":{"type":"Polygon","coordinates":[[[-16.46773,13.54421],[-16.48199,13.54421],[-16.48199,13.55847],[-16.46773,13.55847],[-16.46773,13.54421]]]},"properties":{"region":"North Bank","district":"Lower Nuimi","floods_1m":1,"floods_2m":1,"floods_3m":1,"first_flood_m":1,"nests":true,"area_km2":2.444}},{"type":"Feature","geometry":{"type":"Polygon","coordinates":[[[-16.53902,13.59238],[-16.53902,13.58698],[-16.54597,13.58698],[-16.54597,13.58708],[-16.54625,13.58708],[-16.54625,13.58764],[-16.54597,13.58764],[-16.54597,13.58819],[-16.54514,13.58819],[-16.54514,13.58875],[-16.54521,13.59239],[-16.53902,13.59238]]]},"properties":{"region":"North Bank","district":"Lower Nuimi","floods_1m":1,"floods_2m":1,"floods_3m":1,"first_flood_m":1,"nests":true,"area_km2":0.413}},{"type":"Feature","geometry":{"type":"Polygon","coordinates":[[[-16.53902,13.5743],[-16.53903,13.5743],[-16.53903,13.57486],[-16.5393,13.57486],[-16.5393,13.57514],[-16.53958,13.57514],[-16.53958,13.57542],[-16.53986,13.57542],[-16.53986,13.57597],[-16.54014,13.57597],[-16.54014,13.57625],[-16.54042,13.57625],[-16.54042,13.57653],[-16.5407,13.57653],[-16.5407,13.57708],[-16.54097,13.57708],[-16.54097,13.57764],[-16.54125,13.57764],[-16.54125,13.57792],[-16.54153,13.57792],[-16.54153,13.57819],[-16.5418,13.57819],[-16.5418,13.57847],[-16.54209,13.57847],[-16.54209,13.57903],[-16.54236,13.57903],[-16.54236,13.57931],[-16.54264,13.57931],[-16.54264,13.57986],[-16.54292,13.57986],[-16.54292,13.58014],[-16.5432,13.58014],[-16.5432,13.58042],[-16.54347,13.58042],[-16.54347,13.58069],[-16.54375,13.58069],[-16.54375,13.58097],[-16.54403,13.58097],[-16.54403,13.58153],[-16.54458,13.58153],[-16.54458,13.58208],[-16.54486,13.58208],[-16.54486,13.58236],[-16.54514,13.58236],[-16.54514,13.58264],[-16.54542,13.58264],[-16.54542,13.58319],[-16.54569,13.58319],[-16.54569,13.58347],[-16.54597,13.58347],[-16.54597,13.58375],[-16.54625,13.58375],[-16.54625,13.58431],[-16.54653,13.58431],[-16.54653,13.58458],[-16.54681,13.58458],[-16.54681,13.58514],[-16.54653,13.58514],[-16.54653,13.58569],[-16.54625,13.58569],[-16.54625,13.58597],[-16.54597,13.58597],[-16.54597,13.58698],[-16.53902,13.58698],[-16.53902,13.5743]]]},"properties":{"region":"North Bank","district":"Lower Nuimi","floods_1m":1,"floods_2m":1,"floods_3m":1,"first_flood_m":1,"nests":true,"area_km2":0.662}},{"type":"Feature","geometry":{"type":"Polygon","coordinates":[[[-16.52477,13.51569],[-16.53042,13.51569],[-16.53042,13.51597],[-16.53014,13.51597],[-16.53014,13.51651],[-16.53014,13.51708],[-16.52986,13.51708],[-16.52986,13.51819],[-16.52958,13.51819],[-16.52958,13.51903],[-16.52931,13.51903],[-16.52931,13.51958],[-16.52903,13.51958],[-16.52903,13.5207],[-16.52875,13.5207],[-16.52875,13.52153],[-16.52847,13.52153],[-16.52847,13.52208],[-16.52819,13.52208],[-16.52819,13.52347],[-16.52791,13.52347],[-16.52791,13.52486],[-16.52764,13.52486],[-16.52764,13.52597],[-16.52736,13.52597],[-16.52736,13.52681],[-16.52708,13.52681],[-16.52708,13.52903],[-16.52681,13.52903],[-16.52681,13.52995],[-16.52477,13.52995],[-16.52477,13.51569]]]},"properties":{"region":"North Bank","district":"Lower Nuimi","floods_1m":1,"floods_2m":1,"floods_3m":1,"first_flood_m":1,"nests":true,"area_km2":0.617}},{"type":"Feature","geometry":{"type":"Polygon","coordinates":[[[-16.46773,13.42543],[-16.46782,13.42543],[-16.46912,13.42543],[-16.47145,13.42503],[-16.47216,13.42458],[-16.47279,13.42422],[-16.47409,13.42383],[-16.47446,13.42313],[-16.47791,13.42151],[-16.47792,13.42181],[-16.47764,13.42181],[-16.47764,13.42208],[-16.47736,13.42208],[-16.47736,13.42236],[-16.47681,13.42236],[-16.47681,13.42264],[-16.47653,13.42264],[-16.47653,13.42319],[-16.47736,13.42319],[-16.47736,13.42347],[-16.47764,13.42347],[-16.47764,13.42375],[-16.4782,13.42375],[-16.4782,13.42403],[-16.47847,13.42403],[-16.47847,13.42431],[-16.47875,13.42431],[-16.47875,13.42569],[-16.47903,13.42569],[-16.47903,13.42736],[-16.47931,13.42736],[-16.47931,13.42764],[-16.47958,13.42764],[-16.47958,13.42903],[-16.47986,13.42903],[-16.47986,13.42931],[-16.48014,13.42931],[-16.48014,13.42958],[-16.48042,13.42958],[-16.48042,13.43014],[-16.48069,13.43014],[-16.48069,13.43015],[-16.46773,13.43015],[-16.46773,13.42543]]]},"properties":{"region":"North Bank","district":"Lower Nuimi","floods_1m":1,"floods_2m":1,"floods_3m":1,"first_flood_m":1,"nests":true,"area_km2":0.841}},{"type":"Feature","geometry":{"type":"Polygon","coordinates":[[[-16.46773,13.57273],[-16.48199,13.57273],[-16.48199,13.58698],[-16.46773,13.58698],[-16.46773,13.57273]]]},"properties":{"region":"North Bank","district":"Lower Nuimi","floods_1m":1,"floods_2m":1,"floods_3m":1,"first_flood_m":1,"nests":true,"area_km2":2.442}},{"type":"Feature","geometry":{"type":"Polygon","coordinates":[[[-16.43922,13.43256],[-16.43941,13.43119],[-16.43944,13.43015],[-16.45348,13.43015],[-16.45348,13.4444],[-16.43922,13.4444],[-16.43922,13.43256]]]},"properties":{"region":"North Bank","district":"Lower Nuimi","floods_1m":0,"floods_2m":0,"floods_3m":1,"first_flood_m":3,"nests":true,"area_km2":2.44}},{"type":"Feature","geometry":{"type":"Polygon","coordinates":[[[-16.52477,13.54421],[-16.52681,13.54421],[-16.52681,13.54736],[-16.52708,13.54736],[-16.52708,13.54903],[-16.52736,13.54903],[-16.52736,13.55069],[-16.52764,13.55069],[-16.52764,13.55264],[-16.52791,13.55264],[-16.52791,13.55403],[-16.52819,13.55403],[-16.52819,13.55542],[-16.52847,13.55542],[-16.52847,13.55597],[-16.52875,13.55597],[-16.52875,13.55681],[-16.52903,13.55681],[-16.52903,13.55736],[-16.52931,13.55736],[-16.52931,13.55792],[-16.52958,13.55792],[-16.52958,13.55847],[-16.52477,13.55847],[-16.52477,13.54421]]]},"properties":{"region":"North Bank","district":"Lower Nuimi","floods_1m":1,"floods_2m":1,"floods_3m":1,"first_flood_m":1,"nests":true,"area_km2":0.507}},{"type":"Feature","geometry":{"type":"Polygon","coordinates":[[[-16.48199,13.55847],[-16.49625,13.55847],[-16.49625,13.57273],[-16.48199,13.57273],[-16.48199,13.55847]]]},"properties":{"region":"North Bank","district":"Lower Nuimi","floods_1m":1,"floods_2m":1,"floods_3m":1,"first_flood_m":1,"nests":true,"area_km2":2.444}},{"type":"Feature","geometry":{"type":"Polygon","coordinates":[[[-16.52477,13.57273],[-16.53764,13.57273],[-16.53764,13.57292],[-16.53792,13.57292],[-16.53792,13.5732],[-16.53819,13.5732],[-16.53819,13.57375],[-16.53847,13.57375],[-16.53847,13.57403],[-16.53875,13.57403],[-16.53875,13.5743],[-16.53902,13.5743],[-16.53902,13.58698],[-16.52477,13.58698],[-16.52477,13.57273]]]},"properties":{"region":"North Bank","district":"Lower Nuimi","floods_1m":1,"floods_2m":1,"floods_3m":1,"first_flood_m":1,"nests":true,"area_km2":2.425}},{"type":"Feature","geometry":{"type":"Polygon","coordinates":[[[-16.45348,13.4444],[-16.46773,13.4444],[-16.46773,13.45866],[-16.45348,13.45866],[-16.45348,13.4444]]]},"properties":{"region":"North Bank","district":"Lower Nuimi","floods_1m":1,"floods_2m":1,"floods_3m":1,"first_flood_m":1,"nests":true,"area_km2":2.444}},{"type":"Feature","geometry":{"type":"Polygon","coordinates":[[[-16.51051,13.52995],[-16.52477,13.52995],[-16.52477,13.54421],[-16.51051,13.54421],[-16.51051,13.52995]]]},"properties":{"region":"North Bank","district":"Lower Nuimi","floods_1m":1,"floods_2m":1,"floods_3m":1,"first_flood_m":1,"nests":true,"area_km2":2.444}},{"type":"Feature","geometry":{"type":"Polygon","coordinates":[[[-16.51051,13.50144],[-16.52477,13.50144],[-16.52477,13.51569],[-16.51051,13.51569],[-16.51051,13.50144]]]},"properties":{"region":"North Bank","district":"Lower Nuimi","floods_1m":1,"floods_2m":1,"floods_3m":1,"first_flood_m":1,"nests":true,"area_km2":2.443}},{"type":"Feature","geometry":{"type":"Polygon","coordinates":[[[-16.49625,13.50144],[-16.51051,13.50144],[-16.51051,13.51569],[-16.49625,13.51569],[-16.49625,13.50144]]]},"properties":{"region":"North Bank","district":"Lower Nuimi","floods_1m":0,"floods_2m":1,"floods_3m":1,"first_flood_m":2,"nests":true,"area_km2":2.443}},{"type":"Feature","geometry":{"type":"Polygon","coordinates":[[[-16.48199,13.45866],[-16.49625,13.45866],[-16.49625,13.47292],[-16.48199,13.47292],[-16.48199,13.45866]]]},"properties":{"region":"North Bank","district":"Lower Nuimi","floods_1m":1,"floods_2m":1,"floods_3m":1,"first_flood_m":1,"nests":true,"area_km2":2.445}},{"type":"Feature","geometry":{"type":"Polygon","coordinates":[[[-16.51051,13.48718],[-16.52477,13.48718],[-16.52477,13.50144],[-16.51051,13.50144],[-16.51051,13.48718]]]},"properties":{"region":"North Bank","district":"Lower Nuimi","floods_1m":1,"floods_2m":1,"floods_3m":1,"first_flood_m":1,"nests":true,"area_km2":2.445}},{"type":"Feature","geometry":{"type":"Polygon","coordinates":[[[-16.51051,13.47292],[-16.52477,13.47292],[-16.52477,13.48718],[-16.51051,13.48718],[-16.51051,13.47292]]]},"properties":{"region":"North Bank","district":"Lower Nuimi","floods_1m":1,"floods_2m":1,"floods_3m":1,"first_flood_m":1,"nests":true,"area_km2":2.445}},{"type":"Feature","geometry":{"type":"Polygon","coordinates":[[[-16.52477,13.48718],[-16.53902,13.48718],[-16.53902,13.49792],[-16.53875,13.49792],[-16.53875,13.49847],[-16.53847,13.49847],[-16.53847,13.49931],[-16.53819,13.49931],[-16.53819,13.49986],[-16.53792,13.49986],[-16.53792,13.50014],[-16.53764,13.50014],[-16.53764,13.50069],[-16.53736,13.50069],[-16.53736,13.50125],[-16.53708,13.50125],[-16.53708,13.50144],[-16.52477,13.50144],[-16.52477,13.48718]]]},"properties":{"region":"North Bank","district":"Lower Nuimi","floods_1m":1,"floods_2m":1,"floods_3m":1,"first_flood_m":1,"nests":true,"area_km2":2.402}},{"type":"Feature","geometry":{"type":"Polygon","coordinates":[[[-16.49625,13.55847],[-16.51051,13.55847],[-16.51051,13.57273],[-16.49625,13.57273],[-16.49625,13.55847]]]},"properties":{"region":"North Bank","district":"Lower Nuimi","floods_1m":1,"floods_2m":1,"floods_3m":1,"first_flood_m":1,"nests":true,"area_km2":2.444}},{"type":"Feature","geometry":{"type":"Polygon","coordinates":[[[-16.49625,13.45764],[-16.49736,13.45764],[-16.49736,13.45792],[-16.49792,13.45792],[-16.49792,13.45819],[-16.49819,13.45819],[-16.49819,13.45866],[-16.49625,13.45866],[-16.49625,13.45764]]]},"properties":{"region":"North Bank","district":"Lower Nuimi","floods_1m":1,"floods_2m":1,"floods_3m":1,"first_flood_m":1,"nests":true,"area_km2":0.02}},{"type":"Feature","geometry":{"type":"Polygon","coordinates":[[[-16.46773,13.47292],[-16.48199,13.47292],[-16.48199,13.48718],[-16.46773,13.48718],[-16.46773,13.47292]]]},"properties":{"region":"North Bank","district":"Lower Nuimi","floods_1m":1,"floods_2m":1,"floods_3m":1,"first_flood_m":1,"nests":true,"area_km2":2.445}},{"type":"Feature","geometry":{"type":"Polygon","coordinates":[[[-16.45348,13.41998],[-16.45348,13.43015],[-16.43944,13.43015],[-16.43946,13.42941],[-16.43954,13.4286],[-16.4396,13.42806],[-16.43985,13.42728],[-16.44001,13.4266],[-16.44069,13.42469],[-16.44115,13.42483],[-16.44245,13.42425],[-16.44263,13.4241],[-16.44329,13.42354],[-16.44398,13.42275],[-16.44569,13.42188],[-16.44702,13.42173],[-16.44773,13.42174],[-16.4492,13.4217],[-16.45067,13.42144],[-16.45215,13.42083],[-16.45328,13.42013],[-16.45348,13.41998]]]},"properties":{"region":"North Bank","district":"Lower Nuimi","floods_1m":1,"floods_2m":1,"floods_3m":1,"first_flood_m":1,"nests":true,"area_km2":1.275}},{"type":"Feature","geometry":{"type":"Polygon","coordinates":[[[-16.52477,13.50144],[-16.53708,13.50144],[-16.53708,13.50153],[-16.53681,13.50153],[-16.53681,13.50208],[-16.53653,13.50208],[-16.53653,13.50236],[-16.53625,13.50236],[-16.53625,13.50319],[-16.53597,13.50319],[-16.53597,13.50403],[-16.53569,13.50403],[-16.53569,13.50431],[-16.53542,13.50431],[-16.53542,13.50542],[-16.53514,13.50542],[-16.53514,13.50597],[-16.53486,13.50597],[-16.53486,13.50653],[-16.53458,13.50653],[-16.53458,13.50681],[-16.53431,13.50681],[-16.53431,13.50736],[-16.53403,13.50736],[-16.53403,13.50764],[-16.53375,13.50764],[-16.53375,13.50819],[-16.53347,13.50819],[-16.53347,13.50875],[-16.53319,13.50875],[-16.53319,13.50903],[-16.53292,13.50903],[-16.53292,13.50958],[-16.53264,13.50958],[-16.53264,13.50986],[-16.53236,13.50986],[-16.53236,13.5107],[-16.53208,13.5107],[-16.53208,13.51125],[-16.53181,13.51125],[-16.53181,13.51236],[-16.53153,13.51236],[-16.53153,13.51292],[-16.53125,13.51292],[-16.53125,13.51375],[-16.53097,13.51375],[-16.53097,13.51431],[-16.5307,13.51431],[-16.5307,13.51514],[-16.53042,13.51514],[-16.53042,13.51569],[-16.52477,13.51569],[-16.52477,13.50144]]]},"properties":{"region":"North Bank","district":"Lower Nuimi","floods_1m":1,"floods_2m":1,"floods_3m":1,"first_flood_m":1,"nests":true,"area_km2":1.497}},{"type":"Feature","geometry":{"type":"Polygon","coordinates":[[[-16.49625,13.59035],[-16.49625,13.58698],[-16.51051,13.58698],[-16.51051,13.59198],[-16.50909,13.59184],[-16.4973,13.59006],[-16.49625,13.59035]]]},"properties":{"region":"North Bank","district":"Lower Nuimi","floods_1m":0,"floods_2m":1,"floods_3m":1,"first_flood_m":2,"nests":true,"area_km2":0.687}},{"type":"Feature","geometry":{"type":"Polygon","coordinates":[[[-16.52477,13.55847],[-16.52958,13.55847],[-16.52958,13.55875],[-16.52986,13.55875],[-16.52986,13.55986],[-16.53014,13.55986],[-16.53014,13.56069],[-16.53042,13.56069],[-16.53042,13.56125],[-16.5307,13.56125],[-16.5307,13.56181],[-16.53097,13.56181],[-16.53097,13.56264],[-16.53125,13.56264],[-16.53125,13.5632],[-16.53153,13.5632],[-16.53153,13.56347],[-16.53181,13.56347],[-16.53181,13.56403],[-16.53208,13.56403],[-16.53208,13.56458],[-16.53236,13.56458],[-16.53236,13.56514],[-16.53264,13.56514],[-16.53264,13.56569],[-16.53292,13.56569],[-16.53292,13.56625],[-16.53319,13.56625],[-16.53319,13.56653],[-16.53347,13.56653],[-16.53347,13.56708],[-16.53375,13.56708],[-16.53375,13.56764],[-16.53403,13.56764],[-16.53403,13.56792],[-16.53431,13.56792],[-16.53431,13.56847],[-16.53458,13.56847],[-16.53458,13.56875],[-16.53486,13.56875],[-16.53486,13.56903],[-16.53514,13.56903],[-16.53514,13.56931],[-16.53542,13.56931],[-16.53542,13.56958],[-16.53569,13.56958],[-16.53569,13.56986],[-16.53597,13.56986],[-16.53597,13.57042],[-16.53625,13.57042],[-16.53625,13.57097],[-16.53653,13.57097],[-16.53653,13.57125],[-16.53681,13.57125],[-16.53681,13.57153],[-16.53708,13.57153],[-16.53708,13.57181],[-16.53736,13.57181],[-16.53736,13.57236],[-16.53764,13.57236],[-16.53764,13.57273],[-16.52477,13.57273],[-16.52477,13.55847]]]},"properties":{"region":"North Bank","district":"Lower Nuimi","floods_1m":1,"floods_2m":1,"floods_3m":1,"first_flood_m":1,"nests":true,"area_km2":1.424}},{"type":"Feature","geometry":{"type":"Polygon","coordinates":[[[-16.51051,13.51569],[-16.52477,13.51569],[-16.52477,13.52995],[-16.51051,13.52995],[-16.51051,13.51569]]]},"properties":{"region":"North Bank","district":"Lower Nuimi","floods_1m":1,"floods_2m":1,"floods_3m":1,"first_flood_m":1,"nests":true,"area_km2":2.445}},{"type":"Feature","geometry":{"type":"Polygon","coordinates":[[[-16.51051,13.57273],[-16.52477,13.57273],[-16.52477,13.58698],[-16.51051,13.58698],[-16.51051,13.57273]]]},"properties":{"region":"North Bank","district":"Lower Nuimi","floods_1m":1,"floods_2m":1,"floods_3m":1,"first_flood_m":1,"nests":true,"area_km2":2.442}},{"type":"Feature","geometry":{"type":"Polygon","coordinates":[[[-16.49625,13.47292],[-16.51051,13.47292],[-16.51051,13.48718],[-16.49625,13.48718],[-16.49625,13.47292]]]},"properties":{"region":"North Bank","district":"Lower Nuimi","floods_1m":1,"floods_2m":1,"floods_3m":1,"first_flood_m":1,"nests":true,"area_km2":2.445}},{"type":"Feature","geometry":{"type":"Polygon","coordinates":[[[-16.46773,13.55847],[-16.48199,13.55847],[-16.48199,13.57273],[-16.46773,13.57273],[-16.46773,13.55847]]]},"properties":{"region":"North Bank","district":"Lower Nuimi","floods_1m":0,"floods_2m":1,"floods_3m":1,"first_flood_m":2,"nests":true,"area_km2":2.444}},{"type":"Feature","geometry":{"type":"Polygon","coordinates":[[[-16.53902,13.47986],[-16.5407,13.47986],[-16.5407,13.48014],[-16.54209,13.48014],[-16.54209,13.48042],[-16.54347,13.48042],[-16.54347,13.48069],[-16.54375,13.48069],[-16.54375,13.48097],[-16.54431,13.48097],[-16.54431,13.48153],[-16.54458,13.48153],[-16.54458,13.48264],[-16.54486,13.48264],[-16.54486,13.4832],[-16.54514,13.4832],[-16.54514,13.48347],[-16.54597,13.48347],[-16.54597,13.48375],[-16.54708,13.48375],[-16.54708,13.48403],[-16.54736,13.48403],[-16.54736,13.48486],[-16.54764,13.48486],[-16.54764,13.48514],[-16.54792,13.48514],[-16.54792,13.48542],[-16.54819,13.48542],[-16.54819,13.48569],[-16.54847,13.48569],[-16.54847,13.48597],[-16.54875,13.48597],[-16.54875,13.48625],[-16.54903,13.48625],[-16.54903,13.4868],[-16.5493,13.4868],[-16.5493,13.48718],[-16.53902,13.48718],[-16.53902,13.47986]]]},"properties":{"region":"North Bank","district":"Lower Nuimi","floods_1m":1,"floods_2m":1,"floods_3m":1,"first_flood_m":1,"nests":true,"area_km2":0.616}},{"type":"Feature","geometry":{"type":"Polygon","coordinates":[[[-16.49625,13.45866],[-16.49819,13.45866],[-16.49819,13.45875],[-16.49847,13.45875],[-16.49847,13.45903],[-16.49875,13.45903],[-16.49875,13.4593],[-16.49903,13.4593],[-16.49903,13.45986],[-16.49931,13.45986],[-16.49931,13.46014],[-16.49958,13.46014],[-16.49958,13.4607],[-16.49986,13.4607],[-16.49986,13.46097],[-16.50014,13.46097],[-16.50014,13.46125],[-16.50042,13.46125],[-16.50042,13.46181],[-16.50069,13.46181],[-16.50069,13.46236],[-16.50097,13.46236],[-16.50097,13.46292],[-16.50125,13.46292],[-16.50125,13.4643],[-16.50153,13.4643],[-16.50153,13.46458],[-16.50208,13.46458],[-16.50208,13.46486],[-16.50292,13.46486],[-16.50292,13.46542],[-16.50347,13.46542],[-16.50347,13.4657],[-16.50403,13.4657],[-16.50403,13.46597],[-16.50431,13.46597],[-16.50431,13.46625],[-16.50458,13.46625],[-16.50458,13.46653],[-16.50542,13.46653],[-16.50542,13.46681],[-16.5057,13.46681],[-16.5057,13.46708],[-16.50625,13.46708],[-16.50625,13.46736],[-16.50681,13.46736],[-16.50681,13.46764],[-16.50764,13.46764],[-16.50764,13.46792],[-16.50847,13.46792],[-16.50847,13.46819],[-16.50958,13.46819],[-16.50958,13.46847],[-16.50986,13.46847],[-16.50986,13.46875],[-16.51051,13.46875],[-16.51051,13.47292],[-16.49625,13.47292],[-16.49625,13.45866]]]},"properties":{"region":"North Bank","district":"Lower Nuimi","floods_1m":1,"floods_2m":1,"floods_3m":1,"first_flood_m":1,"nests":true,"area_km2":1.468}},{"type":"Feature","geometry":{"type":"Polygon","coordinates":[[[-16.45348,13.45866],[-16.46773,13.45866],[-16.46773,13.47292],[-16.45348,13.47292],[-16.45348,13.45866]]]},"properties":{"region":"North Bank","district":"Lower Nuimi","floods_1m":1,"floods_2m":1,"floods_3m":1,"first_flood_m":1,"nests":true,"area_km2":2.443}},{"type":"Feature","geometry":{"type":"Polygon","coordinates":[[[-16.49625,13.57273],[-16.51051,13.57273],[-16.51051,13.58698],[-16.49625,13.58698],[-16.49625,13.57273]]]},"properties":{"region":"North Bank","district":"Lower Nuimi","floods_1m":0,"floods_2m":1,"floods_3m":1,"first_flood_m":2,"nests":true,"area_km2":2.442}},{"type":"Feature","geometry":{"type":"Polygon","coordinates":[[[-16.46773,13.43015],[-16.48069,13.43015],[-16.48069,13.43042],[-16.48097,13.43042],[-16.48097,13.43097],[-16.48125,13.43097],[-16.48125,13.43125],[-16.48153,13.43125],[-16.48153,13.43153],[-16.48199,13.43153],[-16.48199,13.4444],[-16.46773,13.4444],[-16.46773,13.43015]]]},"properties":{"region":"North Bank","district":"Lower Nuimi","floods_1m":1,"floods_2m":1,"floods_3m":1,"first_flood_m":1,"nests":true,"area_km2":2.429}},{"type":"Feature","geometry":{"type":"Polygon","coordinates":[[[-16.45348,13.57273],[-16.46773,13.57273],[-16.46773,13.58698],[-16.45348,13.58698],[-16.45348,13.57273]]]},"properties":{"region":"North Bank","district":"Lower Nuimi","floods_1m":0,"floods_2m":0,"floods_3m":1,"first_flood_m":3,"nests":true,"area_km2":2.441}},{"type":"Feature","geometry":{"type":"Polygon","coordinates":[[[-16.48199,13.43153],[-16.48208,13.43153],[-16.48208,13.4318],[-16.48236,13.4318],[-16.48236,13.43208],[-16.48292,13.43208],[-16.48292,13.43236],[-16.48319,13.43236],[-16.48319,13.43264],[-16.48347,13.43264],[-16.48347,13.43292],[-16.48375,13.43292],[-16.48375,13.4332],[-16.48403,13.4332],[-16.48403,13.43375],[-16.48431,13.43375],[-16.48431,13.43431],[-16.48458,13.43431],[-16.48458,13.43514],[-16.48486,13.43514],[-16.48486,13.43597],[-16.48514,13.43597],[-16.48514,13.43653],[-16.48542,13.43653],[-16.48542,13.43986],[-16.48514,13.43986],[-16.48514,13.44014],[-16.48486,13.44014],[-16.48486,13.44042],[-16.48458,13.44042],[-16.48458,13.4407],[-16.48431,13.4407],[-16.48431,13.44042],[-16.48319,13.44042],[-16.48319,13.44014],[-16.48236,13.44014],[-16.48236,13.4407],[-16.48264,13.4407],[-16.48264,13.44097],[-16.48292,13.44097],[-16.48292,13.44153],[-16.48319,13.44153],[-16.48319,13.44236],[-16.48347,13.44236],[-16.48347,13.44264],[-16.48375,13.44264],[-16.48375,13.44292],[-16.48403,13.44292],[-16.48403,13.44319],[-16.48431,13.44319],[-16.48431,13.44375],[-16.48458,13.44375],[-16.48458,13.44431],[-16.48486,13.44431],[-16.48486,13.4444],[-16.48199,13.4444],[-16.48199,13.43153]]]},"properties":{"region":"North Bank","district":"Lower Nuimi","floods_1m":1,"floods_2m":1,"floods_3m":1,"first_flood_m":1,"nests":true,"area_km2":0.355}},{"type":"Feature","geometry":{"type":"Polygon","coordinates":[[[-16.51051,13.46875],[-16.51208,13.46875],[-16.51208,13.46903],[-16.51375,13.46903],[-16.51375,13.46875],[-16.51736,13.46875],[-16.51736,13.46903],[-16.51792,13.46903],[-16.51792,13.46958],[-16.52042,13.46958],[-16.52042,13.46986],[-16.52069,13.46986],[-16.52069,13.47042],[-16.52097,13.47042],[-16.52097,13.47097],[-16.52125,13.47097],[-16.52125,13.47125],[-16.52153,13.47125],[-16.52153,13.47153],[-16.52208,13.47153],[-16.52208,13.47208],[-16.52292,13.47208],[-16.52292,13.47236],[-16.5232,13.47236],[-16.5232,13.47264],[-16.52375,13.47264],[-16.52375,13.47292],[-16.52458,13.47292],[-16.52458,13.47264],[-16.52477,13.47264],[-16.52477,13.47292],[-16.51051,13.47292],[-16.51051,13.46875]]]},"properties":{"region":"North Bank","district":"Lower Nuimi","floods_1m":1,"floods_2m":1,"floods_3m":1,"first_flood_m":1,"nests":true,"area_km2":0.517}},{"type":"Feature","geometry":{"type":"Polygon","coordinates":[[[-15.31284,13.47292],[-15.3271,13.47292],[-15.3271,13.48718],[-15.31284,13.48718],[-15.31284,13.47292]]]},"properties":{"region":"North Bank","district":"Upper Baddibu","floods_1m":1,"floods_2m":1,"floods_3m":1,"first_flood_m":1,"nests":true,"area_km2":2.445}},{"type":"Feature","geometry":{"type":"Polygon","coordinates":[[[-15.52671,13.54421],[-15.54097,13.54421],[-15.54097,13.55847],[-15.52671,13.55847],[-15.52671,13.54421]]]},"properties":{"region":"North Bank","district":"Upper Baddibu","floods_1m":0,"floods_2m":1,"floods_3m":1,"first_flood_m":2,"nests":true,"area_km2":2.444}},{"type":"Feature","geometry":{"type":"Polygon","coordinates":[[[-15.84038,13.54421],[-15.85464,13.54421],[-15.85464,13.55847],[-15.84038,13.55847],[-15.84038,13.54421]]]},"properties":{"region":"North Bank","district":"Upper Baddibu","floods_1m":1,"floods_2m":1,"floods_3m":1,"first_flood_m":1,"nests":true,"area_km2":2.444}},{"type":"Feature","geometry":{"type":"Polygon","coordinates":[[[-15.85464,13.54421],[-15.85473,13.54421],[-15.85514,13.54541],[-15.85599,13.54757],[-15.8568,13.5499],[-15.858,13.55353],[-15.85881,13.5565],[-15.85948,13.55847],[-15.85464,13.55847],[-15.85464,13.54421]]]},"properties":{"region":"North Bank","district":"Upper Baddibu","floods_1m":1,"floods_2m":1,"floods_3m":1,"first_flood_m":1,"nests":true,"area_km2":0.439}},{"type":"Feature","geometry":{"type":"Polygon","coordinates":[[[-15.36987,13.52995],[-15.38413,13.52995],[-15.38413,13.54421],[-15.36987,13.54421],[-15.36987,13.52995]]]},"properties":{"region":"North Bank","district":"Upper Baddibu","floods_1m":1,"floods_2m":1,"floods_3m":1,"first_flood_m":1,"nests":true,"area_km2":2.444}},{"type":"Feature","geometry":{"type":"Polygon","coordinates":[[[-15.36987,13.55847],[-15.38413,13.55847],[-15.38413,13.57273],[-15.36987,13.57273],[-15.36987,13.55847]]]},"properties":{"region":"North Bank","district":"Upper Baddibu","floods_1m":0,"floods_2m":1,"floods_3m":1,"first_flood_m":2,"nests":true,"area_km2":2.444}},{"type":"Feature","geometry":{"type":"Polygon","coordinates":[[[-15.74058,13.57273],[-15.75484,13.57273],[-15.75484,13.58698],[-15.74058,13.58698],[-15.74058,13.57273]]]},"properties":{"region":"North Bank","district":"Upper Baddibu","floods_1m":1,"floods_2m":1,"floods_3m":1,"first_flood_m":1,"nests":true,"area_km2":2.442}},{"type":"Feature","geometry":{"type":"Polygon","coordinates":[[[-15.84038,13.52995],[-15.85464,13.52995],[-15.85464,13.54061],[-15.85457,13.54066],[-15.85383,13.54092],[-15.8538,13.54167],[-15.85427,13.54288],[-15.85464,13.54396],[-15.85464,13.54421],[-15.84038,13.54421],[-15.84038,13.52995]]]},"properties":{"region":"North Bank","district":"Upper Baddibu","floods_1m":1,"floods_2m":1,"floods_3m":1,"first_flood_m":1,"nests":true,"area_km2":2.424}},{"type":"Feature","geometry":{"type":"Polygon","coordinates":[[[-15.34135,13.4444],[-15.35561,13.4444],[-15.35561,13.45866],[-15.34135,13.45866],[-15.34135,13.4444]]]},"properties":{"region":"North Bank","district":"Upper Baddibu","floods_1m":1,"floods_2m":1,"floods_3m":1,"first_flood_m":1,"nests":true,"area_km2":2.445}},{"type":"Feature","geometry":{"type":"Polygon","coordinates":[[[-15.81187,13.45866],[-15.82029,13.45866],[-15.82032,13.45901],[-15.82035,13.45947],[-15.82032,13.46002],[-15.82025,13.46068],[-15.82025,13.46125],[-15.82034,13.46203],[-15.82045,13.46295],[-15.82065,13.46413],[-15.82086,13.46508],[-15.821,13.46655],[-15.82093,13.46888],[-15.82075,13.47005],[-15.82037,13.47094],[-15.8206,13.47181],[-15.82125,13.47201],[-15.82172,13.4721],[-15.8221,13.47216],[-15.82307,13.47239],[-15.82415,13.47291],[-15.82419,13.47292],[-15.81187,13.47292],[-15.81187,13.45866]]]},"properties":{"region":"North Bank","district":"Upper Baddibu","floods_1m":0,"floods_2m":1,"floods_3m":1,"first_flood_m":2,"nests":true,"area_km2":1.529}},{"type":"Feature","geometry":{"type":"Polygon","coordinates":[[[-15.44116,13.48839],[-15.44274,13.49028],[-15.44563,13.49255],[-15.4489,13.49418],[-15.45087,13.49484],[-15.45299,13.49533],[-15.4546,13.49544],[-15.45542,13.4954],[-15.45542,13.50144],[-15.44116,13.50144],[-15.44116,13.48839]]]},"properties":{"region":"North Bank","district":"Upper Baddibu","floods_1m":0,"floods_2m":1,"floods_3m":1,"first_flood_m":2,"nests":true,"area_km2":1.398}},{"type":"Feature","geometry":{"type":"Polygon","coordinates":[[[-15.41264,13.45833],[-15.41328,13.45866],[-15.41264,13.45866],[-15.41264,13.45833]]]},"properties":{"region":"North Bank","district":"Upper Baddibu","floods_1m":0,"floods_2m":1,"floods_3m":1,"first_flood_m":2,"nests":true,"area_km2":0.001}},{"type":"Feature","geometry":{"type":"Polygon","coordinates":[[[-15.76909,13.51569],[-15.78335,13.51569],[-15.78335,13.52995],[-15.76909,13.52995],[-15.76909,13.51569]]]},"properties":{"region":"North Bank","district":"Upper Baddibu","floods_1m":1,"floods_2m":1,"floods_3m":1,"first_flood_m":1,"nests":true,"area_km2":2.445}},{"type":"Feature","geometry":{"type":"Polygon","coordinates":[[[-15.36622,13.60124],[-15.36987,13.60124],[-15.36987,13.6155],[-15.36652,13.6155],[-15.36652,13.61547],[-15.36637,13.61458],[-15.36648,13.61323],[-15.36662,13.60992],[-15.36662,13.6074],[-15.36661,13.60546],[-15.36661,13.60392],[-15.36622,13.60124]]]},"properties":{"region":"North Bank","district":"Upper Baddibu","floods_1m":0,"floods_2m":1,"floods_3m":1,"first_flood_m":2,"nests":true,"area_km2":0.572}},{"type":"Feature","geometry":{"type":"Polygon","coordinates":[[[-15.52671,13.51569],[-15.54097,13.51569],[-15.54097,13.52995],[-15.52671,13.52995],[-15.52671,13.51569]]]},"properties":{"region":"North Bank","district":"Upper Baddibu","floods_1m":1,"floods_2m":1,"floods_3m":1,"first_flood_m":1,"nests":true,"area_km2":2.445}},{"type":"Feature","geometry":{"type":"Polygon","coordinates":[[[-15.82613,13.48718],[-15.83148,13.48718],[-15.83192,13.48836],[-15.83239,13.48876],[-15.83333,13.48914],[-15.83477,13.48984],[-15.83545,13.49041],[-15.83595,13.4909],[-15.83633,13.49157],[-15.83671,13.49236],[-15.837,13.49318],[-15.83732,13.49358],[-15.83751,13.4937],[-15.8379,13.49393],[-15.83867,13.49451],[-15.83937,13.49595],[-15.83987,13.49659],[-15.84038,13.49688],[-15.84038,13.50144],[-15.84008,13.50144],[-15.83891,13.50132],[-15.83855,13.50144],[-15.82613,13.50144],[-15.82613,13.48718]]]},"properties":{"region":"North Bank","district":"Upper Baddibu","floods_1m":1,"floods_2m":1,"floods_3m":1,"first_flood_m":1,"nests":true,"area_km2":1.95}},{"type":"Feature","geometry":{"type":"Polygon","coordinates":[[[-15.58374,13.55847],[-15.598,13.55847],[-15.598,13.57273],[-15.58374,13.57273],[-15.58374,13.55847]]]},"properties":{"region":"North Bank","district":"Upper Baddibu","floods_1m":0,"floods_2m":0,"floods_3m":1,"first_flood_m":3,"nests":true,"area_km2":2.444}},{"type":"Feature","geometry":{"type":"Polygon","coordinates":[[[-15.61226,13.48718],[-15.62651,13.48718],[-15.62651,13.50144],[-15.61226,13.50144],[-15.61226,13.48718]]]},"properties":{"region":"North Bank","district":"Upper Baddibu","floods_1m":1,"floods_2m":1,"floods_3m":1,"first_flood_m":1,"nests":true,"area_km2":2.443}},{"type":"Feature","geometry":{"type":"Polygon","coordinates":[[[-15.76909,13.50144],[-15.78335,13.50144],[-15.78335,13.51569],[-15.76909,13.51569],[-15.76909,13.50144]]]},"properties":{"region":"North Bank","district":"Upper Baddibu","floods_1m":1,"floods_2m":1,"floods_3m":1,"first_flood_m":1,"nests":true,"area_km2":2.443}},{"type":"Feature","geometry":{"type":"Polygon","coordinates":[[[-15.36987,13.51569],[-15.38413,13.51569],[-15.38413,13.52995],[-15.36987,13.52995],[-15.36987,13.51569]]]},"properties":{"region":"North Bank","district":"Upper Baddibu","floods_1m":1,"floods_2m":1,"floods_3m":1,"first_flood_m":1,"nests":true,"area_km2":2.445}},{"type":"Feature","geometry":{"type":"Polygon","coordinates":[[[-15.78335,13.57273],[-15.79761,13.57273],[-15.79761,13.58698],[-15.78335,13.58698],[-15.78335,13.57273]]]},"properties":{"region":"North Bank","district":"Upper Baddibu","floods_1m":1,"floods_2m":1,"floods_3m":1,"first_flood_m":1,"nests":true,"area_km2":2.442}},{"type":"Feature","geometry":{"type":"Polygon","coordinates":[[[-15.35561,13.50144],[-15.36987,13.50144],[-15.36987,13.51569],[-15.35561,13.51569],[-15.35561,13.50144]]]},"properties":{"region":"North Bank","district":"Upper Baddibu","floods_1m":1,"floods_2m":1,"floods_3m":1,"first_flood_m":1,"nests":true,"area_km2":2.443}},{"type":"Feature","geometry":{"type":"Polygon","coordinates":[[[-15.34048,13.51569],[-15.34135,13.51569],[-15.34135,13.51606],[-15.34048,13.51569]]]},"properties":{"region":"North Bank","district":"Upper Baddibu","floods_1m":0,"floods_2m":0,"floods_3m":1,"first_flood_m":3,"nests":true,"area_km2":0.002}},{"type":"Feature","geometry":{"type":"Polygon","coordinates":[[[-15.31284,13.48718],[-15.3271,13.48718],[-15.3271,13.50144],[-15.31284,13.50144],[-15.31284,13.48718]]]},"properties":{"region":"North Bank","district":"Upper Baddibu","floods_1m":1,"floods_2m":1,"floods_3m":1,"first_flood_m":1,"nests":true,"area_km2":2.445}},{"type":"Feature","geometry":{"type":"Polygon","coordinates":[[[-15.35561,13.4444],[-15.36987,13.4444],[-15.36987,13.45866],[-15.35561,13.45866],[-15.35561,13.4444]]]},"properties":{"region":"North Bank","district":"Upper Baddibu","floods_1m":1,"floods_2m":1,"floods_3m":1,"first_flood_m":1,"nests":true,"area_km2":2.445}}]}