{"type":"FeatureCollection","features":[{"type":"Feature","geometry":{"type":"MultiPolygon","coordinates":[[[[-1.19375,5.13792],[-1.19375,5.13764],[-1.1943,5.13764],[-1.1943,5.13736],[-1.19458,5.13736],[-1.19458,5.13708],[-1.19514,5.13708],[-1.19514,5.13681],[-1.19542,5.13681],[-1.19542,5.13661],[-1.19542,5.13653],[-1.19596,5.13647],[-1.19597,5.13597],[-1.19625,5.13597],[-1.19625,5.13569],[-1.19654,5.1357],[-1.19653,5.13486],[-1.19681,5.13486],[-1.19681,5.13458],[-1.19714,5.13461],[-1.19708,5.13403],[-1.19743,5.13407],[-1.19743,5.14395],[-1.19694,5.14324],[-1.19375,5.13792]]],[[[-1.19743,5.13319],[-1.19743,5.13405],[-1.19736,5.13319],[-1.19743,5.13319]]]]},"properties":{"region":"Central","district":"Abura-Asebu-Kwamankese","floods_1m":1,"floods_2m":1,"floods_3m":1,"first_flood_m":1,"nests":true,"area_km2":0.215}},{"type":"Feature","geometry":{"type":"Polygon","coordinates":[[[-1.19743,5.14395],[-1.19743,5.13407],[-1.19744,5.13407],[-1.19743,5.13405],[-1.19743,5.13319],[-1.19764,5.13319],[-1.19764,5.13264],[-1.19792,5.13264],[-1.19792,5.132],[-1.21169,5.132],[-1.21169,5.14626],[-1.19902,5.14626],[-1.19743,5.14395]]]},"properties":{"region":"Central","district":"Abura-Asebu-Kwamankese","floods_1m":1,"floods_2m":1,"floods_3m":1,"first_flood_m":1,"nests":true,"area_km2":2.476}},{"type":"Feature","geometry":{"type":"Polygon","coordinates":[[[-1.22595,5.11375],[-1.22595,5.11774],[-1.21319,5.11774],[-1.21319,5.11736],[-1.21375,5.11736],[-1.21375,5.11708],[-1.2157,5.11708],[-1.2157,5.1168],[-1.21808,5.1168],[-1.21931,5.1168],[-1.21931,5.11653],[-1.21986,5.11653],[-1.21986,5.11604],[-1.21986,5.11569],[-1.22069,5.11569],[-1.22069,5.11597],[-1.22153,5.11597],[-1.22153,5.11569],[-1.22208,5.11569],[-1.22208,5.11542],[-1.22236,5.11542],[-1.22236,5.11514],[-1.22264,5.11514],[-1.22264,5.11486],[-1.22292,5.11486],[-1.22292,5.11474],[-1.22292,5.11458],[-1.22328,5.11458],[-1.22431,5.11458],[-1.22431,5.11431],[-1.22458,5.11431],[-1.22458,5.11403],[-1.22486,5.11403],[-1.22486,5.11391],[-1.22486,5.11375],[-1.22523,5.11375],[-1.22595,5.11375]]]},"properties":{"region":"Central","district":"Abura-Asebu-Kwamankese","floods_1m":1,"floods_2m":1,"floods_3m":1,"first_flood_m":1,"nests":true,"area_km2":0.28}},{"type":"Feature","geometry":{"type":"Polygon","coordinates":[[[-1.22595,5.11375],[-1.22597,5.11375],[-1.22597,5.11347],[-1.22609,5.11347],[-1.22708,5.11347],[-1.22873,5.11555],[-1.23033,5.11774],[-1.22595,5.11774],[-1.22595,5.11375]]]},"properties":{"region":"Central","district":"Abura-Asebu-Kwamankese","floods_1m":1,"floods_2m":1,"floods_3m":1,"first_flood_m":1,"nests":true,"area_km2":0.147}},{"type":"Feature","geometry":{"type":"Polygon","coordinates":[[[-1.19743,5.13097],[-1.19743,5.12903],[-1.19764,5.12903],[-1.19764,5.12847],[-1.19792,5.12847],[-1.19792,5.12819],[-1.19819,5.12819],[-1.19819,5.12792],[-1.19847,5.12792],[-1.19847,5.12764],[-1.19958,5.12764],[-1.19958,5.12736],[-1.20155,5.12736],[-1.20153,5.12708],[-1.20238,5.12715],[-1.20236,5.1268],[-1.20264,5.1268],[-1.20264,5.12625],[-1.20347,5.12625],[-1.20347,5.12597],[-1.20375,5.12597],[-1.20375,5.12625],[-1.20458,5.12625],[-1.20458,5.12597],[-1.20514,5.12597],[-1.20514,5.1257],[-1.20569,5.1257],[-1.20569,5.12542],[-1.20625,5.12542],[-1.20625,5.12514],[-1.20653,5.12514],[-1.20653,5.12486],[-1.20681,5.12486],[-1.20681,5.12458],[-1.20708,5.12458],[-1.20708,5.1243],[-1.20736,5.1243],[-1.20736,5.12403],[-1.20764,5.12403],[-1.20764,5.12375],[-1.20819,5.12375],[-1.20819,5.12347],[-1.20847,5.12347],[-1.20847,5.12292],[-1.20875,5.12292],[-1.20875,5.12236],[-1.20903,5.12236],[-1.20903,5.12208],[-1.2093,5.12208],[-1.2093,5.12181],[-1.20958,5.12181],[-1.20958,5.12125],[-1.20986,5.12125],[-1.20986,5.1207],[-1.21014,5.1207],[-1.21014,5.12042],[-1.21125,5.12042],[-1.21125,5.12014],[-1.21153,5.12014],[-1.21153,5.11986],[-1.21169,5.11986],[-1.21169,5.132],[-1.19792,5.132],[-1.19792,5.13153],[-1.19764,5.13153],[-1.19764,5.13097],[-1.19743,5.13097]]]},"properties":{"region":"Central","district":"Abura-Asebu-Kwamankese","floods_1m":1,"floods_2m":1,"floods_3m":1,"first_flood_m":1,"nests":true,"area_km2":1.193}},{"type":"Feature","geometry":{"type":"Polygon","coordinates":[[[-0.55582,5.36486],[-0.55653,5.36486],[-0.55653,5.36458],[-0.55819,5.36458],[-0.55819,5.36431],[-0.55958,5.36431],[-0.55958,5.36403],[-0.56264,5.36403],[-0.56264,5.36375],[-0.56319,5.36375],[-0.56319,5.36347],[-0.56375,5.36347],[-0.56375,5.36319],[-0.56431,5.36319],[-0.56431,5.36292],[-0.56569,5.36292],[-0.56569,5.36264],[-0.56708,5.36264],[-0.56708,5.36236],[-0.56847,5.36236],[-0.56847,5.36208],[-0.57008,5.36208],[-0.57008,5.37439],[-0.55582,5.37439],[-0.55582,5.36486]]]},"properties":{"region":"Central","district":"Awutu Efutu Senya","floods_1m":1,"floods_2m":1,"floods_3m":1,"first_flood_m":1,"nests":true,"area_km2":1.917}},{"type":"Feature","geometry":{"type":"Polygon","coordinates":[[[-0.58434,5.37439],[-0.5986,5.37439],[-0.5986,5.38864],[-0.58434,5.38864],[-0.58434,5.37439]]]},"properties":{"region":"Central","district":"Awutu Efutu Senya","floods_1m":0,"floods_2m":0,"floods_3m":1,"first_flood_m":3,"nests":true,"area_km2":2.501}},{"type":"Feature","geometry":{"type":"Polygon","coordinates":[[[-0.48453,5.39486],[-0.48458,5.39486],[-0.48458,5.39458],[-0.48486,5.39458],[-0.48486,5.39431],[-0.48514,5.39431],[-0.48514,5.39403],[-0.48542,5.39403],[-0.48542,5.39375],[-0.4857,5.39375],[-0.4857,5.39347],[-0.48597,5.39347],[-0.48597,5.3932],[-0.48625,5.3932],[-0.48625,5.39292],[-0.48653,5.39292],[-0.48653,5.39236],[-0.4868,5.39236],[-0.4868,5.39208],[-0.48708,5.39208],[-0.48708,5.39153],[-0.48736,5.39153],[-0.48736,5.39097],[-0.48764,5.39097],[-0.48764,5.39042],[-0.48792,5.39042],[-0.48792,5.39014],[-0.4882,5.39014],[-0.4882,5.38958],[-0.48847,5.38958],[-0.48847,5.38931],[-0.48875,5.38931],[-0.48875,5.38864],[-0.49879,5.38864],[-0.49879,5.4029],[-0.48453,5.4029],[-0.48453,5.39486]]]},"properties":{"region":"Central","district":"Awutu Efutu Senya","floods_1m":1,"floods_2m":1,"floods_3m":1,"first_flood_m":1,"nests":true,"area_km2":2.318}},{"type":"Feature","geometry":{"type":"Polygon","coordinates":[[[-0.41324,5.45792],[-0.41324,5.45993],[-0.41097,5.45993],[-0.41097,5.45931],[-0.41153,5.45931],[-0.41153,5.45903],[-0.41181,5.45903],[-0.41181,5.45875],[-0.41236,5.45875],[-0.41236,5.45847],[-0.41264,5.45847],[-0.41264,5.45819],[-0.41292,5.45819],[-0.41292,5.45792],[-0.41324,5.45792]]]},"properties":{"region":"Central","district":"Awutu Efutu Senya","floods_1m":1,"floods_2m":1,"floods_3m":1,"first_flood_m":1,"nests":true,"area_km2":0.034}},{"type":"Feature","geometry":{"type":"Polygon","coordinates":[[[-0.58434,5.38864],[-0.5986,5.38864],[-0.5986,5.39173],[-0.59487,5.39232],[-0.5919,5.39312],[-0.58434,5.39715],[-0.58434,5.38864]]]},"properties":{"region":"Central","district":"Awutu Efutu Senya","floods_1m":0,"floods_2m":0,"floods_3m":1,"first_flood_m":3,"nests":true,"area_km2":0.909}},{"type":"Feature","geometry":{"type":"Polygon","coordinates":[[[-0.61286,5.34764],[-0.61292,5.34764],[-0.61292,5.34736],[-0.61319,5.34736],[-0.61319,5.34653],[-0.61347,5.34653],[-0.61347,5.34597],[-0.61375,5.34597],[-0.61375,5.34587],[-0.62711,5.34587],[-0.62711,5.36013],[-0.61286,5.36013],[-0.61286,5.34764]]]},"properties":{"region":"Central","district":"Awutu Efutu Senya","floods_1m":1,"floods_2m":1,"floods_3m":1,"first_flood_m":1,"nests":true,"area_km2":2.493}},{"type":"Feature","geometry":{"type":"Polygon","coordinates":[[[-0.38473,5.48292],[-0.38514,5.48292],[-0.38514,5.48264],[-0.3857,5.48264],[-0.3857,5.48236],[-0.3868,5.48236],[-0.3868,5.48208],[-0.38708,5.48208],[-0.38708,5.48181],[-0.38847,5.48181],[-0.38847,5.48153],[-0.38903,5.48153],[-0.38903,5.48125],[-0.38986,5.48125],[-0.38986,5.48097],[-0.39042,5.48097],[-0.39042,5.48069],[-0.39097,5.48069],[-0.39097,5.48042],[-0.39125,5.48042],[-0.39125,5.48014],[-0.39181,5.48014],[-0.39181,5.47986],[-0.39292,5.47986],[-0.39292,5.47958],[-0.39375,5.47958],[-0.39375,5.47931],[-0.39458,5.47931],[-0.39458,5.47903],[-0.39542,5.47903],[-0.39542,5.47875],[-0.39653,5.47875],[-0.39653,5.47847],[-0.39736,5.47847],[-0.39736,5.47819],[-0.39847,5.47819],[-0.39847,5.47792],[-0.39899,5.47792],[-0.39899,5.48845],[-0.38473,5.48845],[-0.38473,5.48292]]]},"properties":{"region":"Central","district":"Awutu Efutu Senya","floods_1m":1,"floods_2m":1,"floods_3m":1,"first_flood_m":1,"nests":true,"area_km2":1.437}},{"type":"Feature","geometry":{"type":"Polygon","coordinates":[[[-0.44176,5.44347],[-0.44236,5.44347],[-0.44236,5.44319],[-0.44319,5.44319],[-0.44319,5.44292],[-0.44375,5.44292],[-0.44375,5.44264],[-0.44403,5.44264],[-0.44403,5.44236],[-0.44458,5.44236],[-0.44458,5.44208],[-0.44486,5.44208],[-0.44486,5.4418],[-0.44542,5.4418],[-0.44542,5.44153],[-0.44569,5.44153],[-0.44569,5.44125],[-0.44597,5.44125],[-0.44597,5.44097],[-0.44708,5.44097],[-0.44708,5.44069],[-0.44764,5.44069],[-0.44764,5.44042],[-0.44792,5.44042],[-0.44792,5.44014],[-0.44819,5.44014],[-0.44819,5.43986],[-0.44847,5.43986],[-0.44847,5.43958],[-0.44875,5.43958],[-0.44875,5.43931],[-0.44958,5.43931],[-0.44958,5.43903],[-0.45014,5.43903],[-0.45014,5.43875],[-0.45069,5.43875],[-0.45069,5.43847],[-0.45125,5.43847],[-0.45125,5.43819],[-0.45153,5.43819],[-0.45153,5.43792],[-0.45208,5.43792],[-0.45208,5.43777],[-0.45208,5.43764],[-0.45241,5.43764],[-0.45264,5.43764],[-0.45264,5.43756],[-0.45264,5.43736],[-0.45319,5.43736],[-0.45319,5.43708],[-0.45388,5.43708],[-0.45431,5.43708],[-0.45431,5.43681],[-0.45458,5.43681],[-0.45458,5.43672],[-0.45458,5.43653],[-0.45489,5.43653],[-0.45514,5.43653],[-0.45514,5.43639],[-0.45514,5.43625],[-0.45542,5.43625],[-0.45542,5.43597],[-0.45597,5.43597],[-0.45597,5.43569],[-0.45602,5.43569],[-0.45602,5.44568],[-0.44176,5.44568],[-0.44176,5.44347]]]},"properties":{"region":"Central","district":"Awutu Efutu Senya","floods_1m":1,"floods_2m":1,"floods_3m":1,"first_flood_m":1,"nests":true,"area_km2":1.051}},{"type":"Feature","geometry":{"type":"Polygon","coordinates":[[[-0.62711,5.33042],[-0.62764,5.33042],[-0.62764,5.33014],[-0.62847,5.33014],[-0.62847,5.32986],[-0.63042,5.32986],[-0.63042,5.32958],[-0.63153,5.32958],[-0.63153,5.32931],[-0.63458,5.32931],[-0.63458,5.32903],[-0.63569,5.32903],[-0.63569,5.32875],[-0.63681,5.32875],[-0.63681,5.32847],[-0.63819,5.32847],[-0.63819,5.32819],[-0.63875,5.32819],[-0.63875,5.32792],[-0.63986,5.32792],[-0.63986,5.32764],[-0.64137,5.32764],[-0.64137,5.32903],[-0.64125,5.32903],[-0.64125,5.32875],[-0.64069,5.32875],[-0.64069,5.32903],[-0.64014,5.32903],[-0.64014,5.32931],[-0.63986,5.32931],[-0.63986,5.32986],[-0.63958,5.32986],[-0.63958,5.33069],[-0.63986,5.33069],[-0.63986,5.33097],[-0.64014,5.33097],[-0.64014,5.33153],[-0.64042,5.33153],[-0.64042,5.33161],[-0.62711,5.33161],[-0.62711,5.33042]]]},"properties":{"region":"Central","district":"Awutu Efutu Senya","floods_1m":1,"floods_2m":1,"floods_3m":1,"first_flood_m":1,"nests":true,"area_km2":0.405}},{"type":"Feature","geometry":{"type":"Polygon","coordinates":[[[-0.41097,5.45993],[-0.41324,5.45993],[-0.41324,5.47419],[-0.40431,5.47419],[-0.40431,5.47403],[-0.40458,5.47403],[-0.40458,5.47347],[-0.40514,5.47347],[-0.40514,5.4732],[-0.40542,5.4732],[-0.40542,5.47292],[-0.40569,5.47292],[-0.40569,5.47264],[-0.40597,5.47264],[-0.40597,5.47153],[-0.40569,5.47153],[-0.40569,5.47125],[-0.40542,5.47125],[-0.40542,5.47097],[-0.40514,5.47097],[-0.40514,5.4707],[-0.40486,5.4707],[-0.40486,5.47042],[-0.40514,5.47042],[-0.40514,5.46986],[-0.40542,5.46986],[-0.40542,5.46958],[-0.40569,5.46958],[-0.40569,5.46931],[-0.40597,5.46931],[-0.40597,5.46819],[-0.40625,5.46819],[-0.40625,5.46597],[-0.40653,5.46597],[-0.40653,5.46569],[-0.40681,5.46569],[-0.40681,5.46514],[-0.40708,5.46514],[-0.40708,5.46486],[-0.40736,5.46486],[-0.40736,5.46458],[-0.40764,5.46458],[-0.40764,5.46403],[-0.40792,5.46403],[-0.40792,5.46319],[-0.40819,5.46319],[-0.40819,5.46264],[-0.40847,5.46264],[-0.40847,5.46236],[-0.40875,5.46236],[-0.40875,5.46208],[-0.40903,5.46208],[-0.40903,5.46181],[-0.40931,5.46181],[-0.40931,5.46153],[-0.40958,5.46153],[-0.40958,5.46125],[-0.40986,5.46125],[-0.40986,5.46097],[-0.41014,5.46097],[-0.41014,5.46069],[-0.41042,5.46069],[-0.41042,5.46042],[-0.41069,5.46042],[-0.41069,5.46014],[-0.41097,5.46014],[-0.41097,5.45993]]]},"properties":{"region":"Central","district":"Awutu Efutu Senya","floods_1m":1,"floods_2m":1,"floods_3m":1,"first_flood_m":1,"nests":true,"area_km2":1.118}},{"type":"Feature","geometry":{"type":"Polygon","coordinates":[[[-0.64137,5.34587],[-0.64911,5.34587],[-0.64939,5.34639],[-0.65023,5.34952],[-0.65084,5.35606],[-0.65079,5.36013],[-0.64137,5.36013],[-0.64137,5.34587]]]},"properties":{"region":"Central","district":"Awutu Efutu Senya","floods_1m":1,"floods_2m":1,"floods_3m":1,"first_flood_m":1,"nests":true,"area_km2":1.587}},{"type":"Feature","geometry":{"type":"Polygon","coordinates":[[[-0.62711,5.34587],[-0.63068,5.34587],[-0.64137,5.34587],[-0.64137,5.36013],[-0.63068,5.36013],[-0.62711,5.36013],[-0.62711,5.34587]]]},"properties":{"region":"Central","district":"Awutu Efutu Senya","floods_1m":1,"floods_2m":1,"floods_3m":1,"first_flood_m":1,"nests":true,"area_km2":2.503}},{"type":"Feature","geometry":{"type":"Polygon","coordinates":[[[-0.46319,5.41716],[-0.47028,5.41716],[-0.47028,5.43142],[-0.4618,5.43142],[-0.4618,5.43125],[-0.46208,5.43125],[-0.46208,5.43097],[-0.46236,5.43097],[-0.46236,5.43069],[-0.46264,5.43069],[-0.46264,5.43042],[-0.46347,5.43042],[-0.46347,5.43014],[-0.46403,5.43014],[-0.46403,5.42986],[-0.46431,5.42986],[-0.46431,5.42931],[-0.46514,5.42931],[-0.46514,5.42903],[-0.46542,5.42903],[-0.46542,5.42875],[-0.46569,5.42875],[-0.46569,5.42847],[-0.46597,5.42847],[-0.46597,5.42792],[-0.46625,5.42792],[-0.46625,5.42708],[-0.46653,5.42708],[-0.46653,5.42681],[-0.46681,5.42681],[-0.46681,5.42458],[-0.46653,5.42458],[-0.46653,5.4243],[-0.46625,5.4243],[-0.46625,5.42403],[-0.46569,5.42403],[-0.46569,5.42375],[-0.46542,5.42375],[-0.46542,5.42347],[-0.46514,5.42347],[-0.46514,5.42319],[-0.46458,5.42319],[-0.46458,5.42264],[-0.46431,5.42264],[-0.46431,5.42236],[-0.46403,5.42236],[-0.46403,5.42208],[-0.46375,5.42208],[-0.46375,5.4218],[-0.46347,5.4218],[-0.46347,5.42125],[-0.46319,5.42125],[-0.46319,5.42097],[-0.46292,5.42097],[-0.46292,5.42042],[-0.46264,5.42042],[-0.46264,5.41958],[-0.46236,5.41958],[-0.46236,5.41792],[-0.46264,5.41792],[-0.46264,5.41764],[-0.46292,5.41764],[-0.46292,5.41736],[-0.46319,5.41736],[-0.46319,5.41716]]]},"properties":{"region":"Central","district":"Awutu Efutu Senya","floods_1m":1,"floods_2m":1,"floods_3m":1,"first_flood_m":1,"nests":true,"area_km2":1.023}},{"type":"Feature","geometry":{"type":"Polygon","coordinates":[[[-0.36408,5.49486],[-0.36514,5.49486],[-0.36514,5.49458],[-0.36597,5.49458],[-0.36597,5.49431],[-0.36625,5.49431],[-0.36625,5.49403],[-0.36681,5.49403],[-0.36681,5.49375],[-0.36708,5.49375],[-0.36708,5.49347],[-0.36736,5.49347],[-0.36736,5.4932],[-0.36764,5.4932],[-0.36764,5.49292],[-0.36792,5.49292],[-0.36792,5.49264],[-0.36819,5.49264],[-0.36819,5.49236],[-0.36847,5.49236],[-0.36847,5.49208],[-0.36875,5.49208],[-0.36875,5.49181],[-0.36903,5.49181],[-0.36903,5.49153],[-0.36931,5.49153],[-0.36931,5.49097],[-0.36958,5.49097],[-0.36958,5.49069],[-0.36986,5.49069],[-0.36986,5.49042],[-0.37014,5.49042],[-0.37014,5.48986],[-0.37042,5.48986],[-0.37042,5.48931],[-0.37047,5.48931],[-0.37047,5.50271],[-0.36619,5.50271],[-0.36463,5.49659],[-0.36408,5.49486]]]},"properties":{"region":"Central","district":"Awutu Efutu Senya","floods_1m":1,"floods_2m":1,"floods_3m":1,"first_flood_m":1,"nests":true,"area_km2":0.653}},{"type":"Feature","geometry":{"type":"Polygon","coordinates":[[[-0.39899,5.47792],[-0.39903,5.47792],[-0.39903,5.47764],[-0.39931,5.47764],[-0.39931,5.47708],[-0.39958,5.47708],[-0.39956,5.47681],[-0.40014,5.47681],[-0.40014,5.47653],[-0.40069,5.47653],[-0.40069,5.47625],[-0.40097,5.47625],[-0.40097,5.47617],[-0.40097,5.47597],[-0.40144,5.47597],[-0.40208,5.47597],[-0.40208,5.4757],[-0.40236,5.4757],[-0.40236,5.47542],[-0.40264,5.47542],[-0.40264,5.47514],[-0.40319,5.47514],[-0.40319,5.47486],[-0.40375,5.47486],[-0.40375,5.47458],[-0.40403,5.47458],[-0.40403,5.47431],[-0.40431,5.47431],[-0.40431,5.47419],[-0.41324,5.47419],[-0.41324,5.48845],[-0.39899,5.48845],[-0.39899,5.47792]]]},"properties":{"region":"Central","district":"Awutu Efutu Senya","floods_1m":1,"floods_2m":1,"floods_3m":1,"first_flood_m":1,"nests":true,"area_km2":2.39}},{"type":"Feature","geometry":{"type":"Polygon","coordinates":[[[-0.62711,5.33161],[-0.64042,5.33161],[-0.64042,5.33181],[-0.64069,5.33181],[-0.64069,5.33236],[-0.64125,5.33236],[-0.64125,5.33208],[-0.64137,5.33208],[-0.64137,5.34587],[-0.63068,5.34587],[-0.62711,5.34587],[-0.62711,5.33161]]]},"properties":{"region":"Central","district":"Awutu Efutu Senya","floods_1m":1,"floods_2m":1,"floods_3m":1,"first_flood_m":1,"nests":true,"area_km2":2.497}},{"type":"Feature","geometry":{"type":"Polygon","coordinates":[[[-0.5986,5.35486],[-0.59875,5.35486],[-0.59875,5.35458],[-0.59958,5.35458],[-0.59958,5.35431],[-0.60042,5.35431],[-0.60042,5.35403],[-0.60125,5.35403],[-0.60125,5.35375],[-0.60236,5.35375],[-0.60236,5.35347],[-0.60319,5.35347],[-0.60319,5.35319],[-0.60403,5.35319],[-0.60403,5.35292],[-0.60486,5.35292],[-0.60486,5.3528],[-0.60486,5.35264],[-0.60597,5.35264],[-0.60597,5.35236],[-0.60625,5.35236],[-0.60625,5.35208],[-0.60653,5.35208],[-0.60653,5.35181],[-0.60681,5.35181],[-0.60681,5.35125],[-0.60708,5.35125],[-0.60708,5.35042],[-0.60736,5.35042],[-0.60736,5.35014],[-0.60764,5.35014],[-0.60764,5.34986],[-0.60819,5.34986],[-0.60819,5.34958],[-0.60903,5.34958],[-0.60903,5.34931],[-0.61042,5.34931],[-0.61042,5.34903],[-0.61097,5.34903],[-0.61097,5.34875],[-0.61129,5.34875],[-0.61153,5.34875],[-0.61146,5.34849],[-0.61181,5.34847],[-0.61181,5.34819],[-0.61236,5.34819],[-0.61236,5.34792],[-0.61264,5.34792],[-0.61264,5.34764],[-0.61286,5.34764],[-0.61286,5.36013],[-0.5986,5.36013],[-0.5986,5.35486]]]},"properties":{"region":"Central","district":"Awutu Efutu Senya","floods_1m":1,"floods_2m":1,"floods_3m":1,"first_flood_m":1,"nests":true,"area_km2":1.487}},{"type":"Feature","geometry":{"type":"Polygon","coordinates":[[[-0.5986,5.36013],[-0.61286,5.36013],[-0.61286,5.37439],[-0.5986,5.37439],[-0.5986,5.36013]]]},"properties":{"region":"Central","district":"Awutu Efutu Senya","floods_1m":1,"floods_2m":1,"floods_3m":1,"first_flood_m":1,"nests":true,"area_km2":2.503}},{"type":"Feature","geometry":{"type":"Polygon","coordinates":[[[-0.4275,5.44903],[-0.42792,5.44903],[-0.42792,5.44875],[-0.42847,5.44875],[-0.42847,5.44847],[-0.42875,5.44847],[-0.42875,5.44819],[-0.42986,5.44819],[-0.42986,5.44792],[-0.43042,5.44792],[-0.43042,5.44764],[-0.43097,5.44764],[-0.43097,5.44736],[-0.43208,5.44736],[-0.43208,5.44708],[-0.43264,5.44708],[-0.43264,5.44681],[-0.43319,5.44681],[-0.43319,5.44653],[-0.43403,5.44653],[-0.43403,5.44625],[-0.43458,5.44625],[-0.43458,5.44597],[-0.43542,5.44597],[-0.43542,5.44569],[-0.43625,5.44569],[-0.43625,5.44568],[-0.44176,5.44568],[-0.44176,5.45993],[-0.4275,5.45993],[-0.4275,5.44903]]]},"properties":{"region":"Central","district":"Awutu Efutu Senya","floods_1m":1,"floods_2m":1,"floods_3m":1,"first_flood_m":1,"nests":true,"area_km2":2.334}},{"type":"Feature","geometry":{"type":"Polygon","coordinates":[[[-0.58434,5.36013],[-0.5986,5.36013],[-0.5986,5.37439],[-0.58434,5.37439],[-0.58434,5.36013]]]},"properties":{"region":"Central","district":"Awutu Efutu Senya","floods_1m":0,"floods_2m":1,"floods_3m":1,"first_flood_m":2,"nests":true,"area_km2":2.503}},{"type":"Feature","geometry":{"type":"Polygon","coordinates":[[[-0.54157,5.38864],[-0.55582,5.38864],[-0.55582,5.4029],[-0.54157,5.4029],[-0.54157,5.38864]]]},"properties":{"region":"Central","district":"Awutu Efutu Senya","floods_1m":1,"floods_2m":1,"floods_3m":1,"first_flood_m":1,"nests":true,"area_km2":2.501}},{"type":"Feature","geometry":{"type":"Polygon","coordinates":[[[-0.48453,5.39486],[-0.48453,5.4029],[-0.47986,5.4029],[-0.47986,5.40264],[-0.48042,5.40264],[-0.48042,5.40236],[-0.48097,5.40236],[-0.48097,5.40208],[-0.48125,5.40208],[-0.48125,5.40181],[-0.48153,5.40181],[-0.48153,5.40153],[-0.48181,5.40153],[-0.48181,5.39986],[-0.48208,5.39986],[-0.48208,5.39875],[-0.48236,5.39875],[-0.48236,5.39847],[-0.48264,5.39847],[-0.48264,5.39819],[-0.48292,5.39819],[-0.48292,5.39764],[-0.4832,5.39764],[-0.4832,5.3968],[-0.48347,5.3968],[-0.48347,5.39653],[-0.48375,5.39653],[-0.48375,5.39597],[-0.48403,5.39597],[-0.48403,5.39514],[-0.4843,5.39514],[-0.4843,5.39486],[-0.48453,5.39486]]]},"properties":{"region":"Central","district":"Awutu Efutu Senya","floods_1m":1,"floods_2m":1,"floods_3m":1,"first_flood_m":1,"nests":true,"area_km2":0.205}},{"type":"Feature","geometry":{"type":"Polygon","coordinates":[[[-0.39899,5.48845],[-0.41324,5.48845],[-0.41324,5.50271],[-0.39899,5.50271],[-0.39899,5.48845]]]},"properties":{"region":"Central","district":"Awutu Efutu Senya","floods_1m":0,"floods_2m":0,"floods_3m":1,"first_flood_m":3,"nests":true,"area_km2":2.501}},{"type":"Feature","geometry":{"type":"Polygon","coordinates":[[[-0.62431,5.33161],[-0.62711,5.33161],[-0.62711,5.34587],[-0.61375,5.34587],[-0.61375,5.34542],[-0.61403,5.34542],[-0.61403,5.34514],[-0.61431,5.34514],[-0.61431,5.34454],[-0.61431,5.34431],[-0.61458,5.34431],[-0.61458,5.34403],[-0.61486,5.34403],[-0.61486,5.34375],[-0.61512,5.34375],[-0.61542,5.34375],[-0.61542,5.34347],[-0.61569,5.34347],[-0.61569,5.3432],[-0.61625,5.3432],[-0.61625,5.34292],[-0.61681,5.34292],[-0.61681,5.34264],[-0.61708,5.34264],[-0.61708,5.34236],[-0.61736,5.34236],[-0.61736,5.34208],[-0.61764,5.34208],[-0.61764,5.34153],[-0.61792,5.34153],[-0.61792,5.34125],[-0.61819,5.34125],[-0.61819,5.34044],[-0.61819,5.33875],[-0.61792,5.33875],[-0.61792,5.33819],[-0.61764,5.33819],[-0.61764,5.33792],[-0.61736,5.33792],[-0.61736,5.33764],[-0.61764,5.33764],[-0.61764,5.33708],[-0.61792,5.33708],[-0.61792,5.33653],[-0.61819,5.33653],[-0.61819,5.33569],[-0.61875,5.33569],[-0.61875,5.33514],[-0.61903,5.33514],[-0.61903,5.3343],[-0.61931,5.3343],[-0.61931,5.33403],[-0.61958,5.33403],[-0.61958,5.3332],[-0.61986,5.3332],[-0.61986,5.33292],[-0.62042,5.33292],[-0.62042,5.33264],[-0.62153,5.33264],[-0.62153,5.33236],[-0.62236,5.33236],[-0.62236,5.3321],[-0.62375,5.33208],[-0.62375,5.33181],[-0.62431,5.33181],[-0.62431,5.33161]]]},"properties":{"region":"Central","district":"Awutu Efutu Senya","floods_1m":1,"floods_2m":1,"floods_3m":1,"first_flood_m":1,"nests":true,"area_km2":1.618}},{"type":"Feature","geometry":{"type":"Polygon","coordinates":[[[-0.51305,5.37403],[-0.51319,5.37403],[-0.51319,5.37375],[-0.5143,5.37375],[-0.5143,5.37347],[-0.51542,5.37347],[-0.51542,5.3732],[-0.51653,5.37319],[-0.51653,5.37292],[-0.51764,5.37292],[-0.51764,5.37264],[-0.51847,5.37264],[-0.51847,5.37236],[-0.51958,5.37236],[-0.51958,5.37208],[-0.5207,5.37208],[-0.5207,5.37181],[-0.52153,5.37181],[-0.52153,5.37153],[-0.52264,5.37153],[-0.52264,5.37125],[-0.52375,5.37125],[-0.52375,5.37097],[-0.52514,5.37097],[-0.52514,5.3707],[-0.52625,5.3707],[-0.52625,5.37042],[-0.52731,5.37042],[-0.52731,5.37439],[-0.51305,5.37439],[-0.51305,5.37403]]]},"properties":{"region":"Central","district":"Awutu Efutu Senya","floods_1m":1,"floods_2m":1,"floods_3m":1,"first_flood_m":1,"nests":true,"area_km2":0.405}},{"type":"Feature","geometry":{"type":"Polygon","coordinates":[[[-0.47028,5.41292],[-0.47028,5.41716],[-0.46319,5.41716],[-0.46319,5.41708],[-0.46375,5.41708],[-0.46375,5.4168],[-0.46431,5.4168],[-0.46431,5.41653],[-0.46458,5.41653],[-0.46458,5.41597],[-0.46486,5.41597],[-0.46486,5.4157],[-0.46514,5.4157],[-0.46514,5.41542],[-0.46569,5.41542],[-0.46569,5.41514],[-0.46597,5.41514],[-0.46597,5.41486],[-0.46681,5.41486],[-0.46681,5.41458],[-0.46736,5.41458],[-0.46736,5.41431],[-0.46792,5.41431],[-0.46792,5.41403],[-0.46811,5.41403],[-0.46819,5.41403],[-0.46819,5.41384],[-0.46819,5.41375],[-0.46875,5.41375],[-0.46875,5.41347],[-0.46931,5.41347],[-0.46931,5.4132],[-0.46986,5.4132],[-0.46986,5.41292],[-0.47028,5.41292]]]},"properties":{"region":"Central","district":"Awutu Efutu Senya","floods_1m":1,"floods_2m":1,"floods_3m":1,"first_flood_m":1,"nests":true,"area_km2":0.202}},{"type":"Feature","geometry":{"type":"Polygon","coordinates":[[[-0.58434,5.3593],[-0.58458,5.3593],[-0.58458,5.35903],[-0.58569,5.35903],[-0.58569,5.35875],[-0.58653,5.35875],[-0.58653,5.35847],[-0.58764,5.35847],[-0.58764,5.35819],[-0.58875,5.35819],[-0.58875,5.35792],[-0.58903,5.35792],[-0.58903,5.35764],[-0.59042,5.35764],[-0.59042,5.35736],[-0.59125,5.35736],[-0.59125,5.35708],[-0.5918,5.35708],[-0.5918,5.35681],[-0.59264,5.3568],[-0.59264,5.35653],[-0.5932,5.35653],[-0.5932,5.35625],[-0.59403,5.35625],[-0.59403,5.35597],[-0.59486,5.35597],[-0.59486,5.35569],[-0.59597,5.35569],[-0.59597,5.35542],[-0.59708,5.35542],[-0.59708,5.35514],[-0.59764,5.35514],[-0.59764,5.35486],[-0.5986,5.35486],[-0.5986,5.36013],[-0.58434,5.36013],[-0.58434,5.3593]]]},"properties":{"region":"Central","district":"Awutu Efutu Senya","floods_1m":1,"floods_2m":1,"floods_3m":1,"first_flood_m":1,"nests":true,"area_km2":0.543}},{"type":"Feature","geometry":{"type":"MultiPolygon","coordinates":[[[[-0.64291,5.33161],[-0.64208,5.33161],[-0.64208,5.33014],[-0.64232,5.33013],[-0.64236,5.32986],[-0.64264,5.32986],[-0.64264,5.32958],[-0.64292,5.32958],[-0.64292,5.32931],[-0.64347,5.32931],[-0.64347,5.32903],[-0.64375,5.32903],[-0.64375,5.32931],[-0.64403,5.32931],[-0.64403,5.32986],[-0.64375,5.32986],[-0.64375,5.33014],[-0.64347,5.33014],[-0.64347,5.33042],[-0.64292,5.33042],[-0.64291,5.33161]]],[[[-0.64137,5.32764],[-0.64153,5.32764],[-0.64153,5.32736],[-0.64164,5.32736],[-0.64208,5.32736],[-0.64208,5.32708],[-0.64264,5.32708],[-0.64264,5.32681],[-0.64375,5.32681],[-0.64375,5.32653],[-0.64486,5.32653],[-0.64486,5.32625],[-0.6468,5.32625],[-0.6468,5.32597],[-0.64875,5.32597],[-0.64875,5.32569],[-0.64958,5.32569],[-0.64958,5.32542],[-0.65042,5.32542],[-0.65042,5.32514],[-0.65097,5.32514],[-0.65097,5.32486],[-0.65292,5.32486],[-0.65292,5.32458],[-0.6532,5.32458],[-0.6532,5.32569],[-0.65236,5.32569],[-0.65236,5.32597],[-0.65153,5.32597],[-0.65153,5.32625],[-0.65042,5.32625],[-0.65042,5.32653],[-0.6493,5.32653],[-0.6493,5.32681],[-0.64847,5.32681],[-0.64847,5.32708],[-0.64792,5.32708],[-0.64792,5.32736],[-0.64708,5.32736],[-0.64708,5.32764],[-0.6468,5.32764],[-0.6468,5.32792],[-0.64625,5.32792],[-0.64625,5.32819],[-0.64597,5.32819],[-0.64597,5.32792],[-0.64486,5.32792],[-0.64486,5.32819],[-0.6443,5.32819],[-0.6443,5.32847],[-0.64319,5.32847],[-0.64319,5.32875],[-0.64236,5.32875],[-0.64236,5.32903],[-0.64203,5.32903],[-0.64137,5.32903],[-0.64137,5.32764]]]]},"properties":{"region":"Central","district":"Awutu Efutu Senya","floods_1m":1,"floods_2m":1,"floods_3m":1,"first_flood_m":1,"nests":true,"area_km2":0.238}},{"type":"Feature","geometry":{"type":"Polygon","coordinates":[[[-0.51305,5.37403],[-0.51305,5.37439],[-0.51097,5.37439],[-0.51097,5.37431],[-0.51208,5.37431],[-0.51208,5.37403],[-0.51305,5.37403]]]},"properties":{"region":"Central","district":"Awutu Efutu Senya","floods_1m":1,"floods_2m":1,"floods_3m":1,"first_flood_m":1,"nests":true,"area_km2":0.005}},{"type":"Feature","geometry":{"type":"Polygon","coordinates":[[[-0.49879,5.37792],[-0.49879,5.38864],[-0.48875,5.38864],[-0.48875,5.38653],[-0.48847,5.38653],[-0.48847,5.38514],[-0.48875,5.38514],[-0.48875,5.38486],[-0.48903,5.38486],[-0.48903,5.38514],[-0.48986,5.38514],[-0.48986,5.38486],[-0.49014,5.38486],[-0.49014,5.38458],[-0.49042,5.38458],[-0.49042,5.38431],[-0.49069,5.38431],[-0.49069,5.38403],[-0.49097,5.38403],[-0.49097,5.38375],[-0.49125,5.38375],[-0.49125,5.38347],[-0.49212,5.38347],[-0.49319,5.38347],[-0.49319,5.38319],[-0.49375,5.38319],[-0.49375,5.38292],[-0.49403,5.38292],[-0.49403,5.38264],[-0.49431,5.38264],[-0.49431,5.38236],[-0.49486,5.38236],[-0.49486,5.38208],[-0.49514,5.38208],[-0.49514,5.38181],[-0.49542,5.38181],[-0.49542,5.38153],[-0.49569,5.38153],[-0.49569,5.38125],[-0.49597,5.38125],[-0.49597,5.38097],[-0.49625,5.38097],[-0.49625,5.38069],[-0.49653,5.38069],[-0.49653,5.37958],[-0.49681,5.37958],[-0.49681,5.37931],[-0.49708,5.37931],[-0.49708,5.37903],[-0.49736,5.37903],[-0.49736,5.37875],[-0.49764,5.37875],[-0.49764,5.37847],[-0.49792,5.37847],[-0.49792,5.37819],[-0.49875,5.37819],[-0.49875,5.37792],[-0.49879,5.37792]]]},"properties":{"region":"Central","district":"Awutu Efutu Senya","floods_1m":1,"floods_2m":1,"floods_3m":1,"first_flood_m":1,"nests":true,"area_km2":0.797}},{"type":"Feature","geometry":{"type":"Polygon","coordinates":[[[-0.57008,5.36208],[-0.57014,5.36208],[-0.57014,5.3618],[-0.57153,5.3618],[-0.57153,5.36153],[-0.57292,5.36153],[-0.57292,5.36125],[-0.57403,5.36125],[-0.57403,5.36097],[-0.57542,5.36097],[-0.57542,5.36069],[-0.57653,5.36069],[-0.57653,5.36042],[-0.57792,5.36042],[-0.57792,5.36014],[-0.57903,5.36014],[-0.57903,5.36013],[-0.58434,5.36013],[-0.58434,5.37439],[-0.57008,5.37439],[-0.57008,5.36208]]]},"properties":{"region":"Central","district":"Awutu Efutu Senya","floods_1m":1,"floods_2m":1,"floods_3m":1,"first_flood_m":1,"nests":true,"area_km2":2.407}},{"type":"Feature","geometry":{"type":"Polygon","coordinates":[[[-0.5986,5.37439],[-0.61286,5.37439],[-0.61286,5.38642],[-0.61173,5.38673],[-0.60786,5.38864],[-0.5986,5.38864],[-0.5986,5.37439]]]},"properties":{"region":"Central","district":"Awutu Efutu Senya","floods_1m":0,"floods_2m":0,"floods_3m":1,"first_flood_m":3,"nests":true,"area_km2":2.427}},{"type":"Feature","geometry":{"type":"Polygon","coordinates":[[[-0.54157,5.36764],[-0.54181,5.36764],[-0.54181,5.36736],[-0.54292,5.36736],[-0.54292,5.36708],[-0.54431,5.36708],[-0.54431,5.36681],[-0.54542,5.36681],[-0.54542,5.36653],[-0.54681,5.36653],[-0.54681,5.36625],[-0.54792,5.36625],[-0.54792,5.36597],[-0.54958,5.36597],[-0.54958,5.3657],[-0.55125,5.3657],[-0.55125,5.36542],[-0.55292,5.36542],[-0.55292,5.36514],[-0.55458,5.36514],[-0.55458,5.36486],[-0.55582,5.36486],[-0.55582,5.37439],[-0.54157,5.37439],[-0.54157,5.36764]]]},"properties":{"region":"Central","district":"Awutu Efutu Senya","floods_1m":1,"floods_2m":1,"floods_3m":1,"first_flood_m":1,"nests":true,"area_km2":1.46}},{"type":"Feature","geometry":{"type":"Polygon","coordinates":[[[-0.47028,5.41292],[-0.47042,5.41292],[-0.47042,5.41264],[-0.47069,5.41264],[-0.47069,5.41236],[-0.47153,5.41236],[-0.47153,5.41208],[-0.47181,5.41208],[-0.47181,5.41181],[-0.47208,5.41181],[-0.47208,5.41125],[-0.47236,5.41125],[-0.47233,5.41098],[-0.47264,5.41097],[-0.47264,5.41069],[-0.47292,5.41069],[-0.47292,5.41051],[-0.47292,5.41042],[-0.47315,5.41035],[-0.47319,5.40986],[-0.47347,5.40986],[-0.47347,5.40903],[-0.47319,5.40903],[-0.47319,5.40847],[-0.47347,5.40847],[-0.47347,5.40792],[-0.47375,5.40792],[-0.47375,5.40708],[-0.47403,5.40708],[-0.47403,5.40653],[-0.47431,5.40653],[-0.47431,5.40597],[-0.47458,5.40597],[-0.47458,5.40542],[-0.47486,5.40542],[-0.47486,5.40514],[-0.47514,5.40514],[-0.47514,5.40486],[-0.47542,5.40486],[-0.47542,5.40458],[-0.47597,5.40458],[-0.47597,5.40431],[-0.47792,5.40431],[-0.47792,5.40403],[-0.47847,5.40403],[-0.47847,5.40375],[-0.47875,5.40375],[-0.47875,5.40347],[-0.47903,5.40347],[-0.47903,5.40319],[-0.47958,5.40319],[-0.47958,5.40292],[-0.47986,5.40292],[-0.47986,5.4029],[-0.48453,5.4029],[-0.48453,5.41716],[-0.47028,5.41716],[-0.47028,5.41292]]]},"properties":{"region":"Central","district":"Awutu Efutu Senya","floods_1m":1,"floods_2m":1,"floods_3m":1,"first_flood_m":1,"nests":true,"area_km2":2.025}},{"type":"Feature","geometry":{"type":"Polygon","coordinates":[[[-0.38473,5.48292],[-0.38473,5.48845],[-0.37319,5.48845],[-0.37319,5.48819],[-0.37403,5.48819],[-0.37403,5.48792],[-0.3743,5.48792],[-0.37431,5.48764],[-0.37458,5.48764],[-0.37458,5.48736],[-0.37486,5.48736],[-0.37486,5.48708],[-0.37542,5.48708],[-0.37542,5.48681],[-0.37736,5.48681],[-0.37736,5.48653],[-0.37847,5.48653],[-0.37847,5.48625],[-0.37903,5.48625],[-0.37903,5.48597],[-0.37931,5.48597],[-0.37931,5.48569],[-0.38014,5.48569],[-0.38014,5.48542],[-0.38042,5.48542],[-0.38042,5.48514],[-0.38069,5.48514],[-0.38069,5.48486],[-0.38125,5.48486],[-0.38125,5.48458],[-0.38153,5.48458],[-0.38153,5.48431],[-0.38181,5.48431],[-0.38181,5.48403],[-0.38236,5.48403],[-0.38236,5.48375],[-0.38292,5.48375],[-0.38292,5.48347],[-0.38347,5.48347],[-0.38347,5.48319],[-0.38375,5.48319],[-0.38375,5.48292],[-0.3843,5.48292],[-0.3843,5.48264],[-0.38458,5.48264],[-0.38458,5.48292],[-0.38473,5.48292]]]},"properties":{"region":"Central","district":"Awutu Efutu Senya","floods_1m":1,"floods_2m":1,"floods_3m":1,"first_flood_m":1,"nests":true,"area_km2":0.393}},{"type":"Feature","geometry":{"type":"Polygon","coordinates":[[[-0.41324,5.45792],[-0.41347,5.45792],[-0.41347,5.45764],[-0.41375,5.45764],[-0.41375,5.45736],[-0.41403,5.45736],[-0.41403,5.45708],[-0.41431,5.45708],[-0.41431,5.45681],[-0.41458,5.45681],[-0.41458,5.45653],[-0.41514,5.45653],[-0.41514,5.45625],[-0.41569,5.45625],[-0.41569,5.45597],[-0.41597,5.45597],[-0.41597,5.45569],[-0.41653,5.45569],[-0.41653,5.45542],[-0.41681,5.45542],[-0.41681,5.45514],[-0.41708,5.45514],[-0.41708,5.45486],[-0.41764,5.45486],[-0.41764,5.45458],[-0.41819,5.45458],[-0.41819,5.45431],[-0.41847,5.45431],[-0.41847,5.45403],[-0.41875,5.45403],[-0.41875,5.45347],[-0.41903,5.45347],[-0.41903,5.4532],[-0.41931,5.4532],[-0.41931,5.45292],[-0.41958,5.45292],[-0.41958,5.45264],[-0.41986,5.45264],[-0.41986,5.45236],[-0.42014,5.45236],[-0.42014,5.45208],[-0.42069,5.45208],[-0.42069,5.45181],[-0.42097,5.45181],[-0.42097,5.45153],[-0.42125,5.45153],[-0.42125,5.45125],[-0.42153,5.45125],[-0.42153,5.45097],[-0.42236,5.45097],[-0.42236,5.4507],[-0.42292,5.4507],[-0.42292,5.45042],[-0.42375,5.45042],[-0.42375,5.45014],[-0.42486,5.45014],[-0.42486,5.44986],[-0.42542,5.44986],[-0.42542,5.44958],[-0.42611,5.44958],[-0.42708,5.44958],[-0.42708,5.44931],[-0.42736,5.44931],[-0.42736,5.44903],[-0.4275,5.44903],[-0.4275,5.45993],[-0.41324,5.45993],[-0.41324,5.45792]]]},"properties":{"region":"Central","district":"Awutu Efutu Senya","floods_1m":1,"floods_2m":1,"floods_3m":1,"first_flood_m":1,"nests":true,"area_km2":1.258}},{"type":"Feature","geometry":{"type":"Polygon","coordinates":[[[-0.58434,5.3593],[-0.58434,5.36013],[-0.57903,5.36013],[-0.57903,5.35986],[-0.58125,5.35986],[-0.58125,5.35958],[-0.58347,5.35958],[-0.58347,5.3593],[-0.58434,5.3593]]]},"properties":{"region":"Central","district":"Awutu Efutu Senya","floods_1m":1,"floods_2m":1,"floods_3m":1,"first_flood_m":1,"nests":true,"area_km2":0.031}},{"type":"Feature","geometry":{"type":"Polygon","coordinates":[[[-0.54157,5.37439],[-0.55582,5.37439],[-0.55582,5.38864],[-0.54157,5.38864],[-0.54157,5.37439]]]},"properties":{"region":"Central","district":"Awutu Efutu Senya","floods_1m":1,"floods_2m":1,"floods_3m":1,"first_flood_m":1,"nests":true,"area_km2":2.5}},{"type":"Feature","geometry":{"type":"Polygon","coordinates":[[[-0.37047,5.48931],[-0.37069,5.48931],[-0.37069,5.48903],[-0.37125,5.48903],[-0.37125,5.48875],[-0.37208,5.48875],[-0.37208,5.48847],[-0.37319,5.48847],[-0.37319,5.48845],[-0.38473,5.48845],[-0.38473,5.50271],[-0.37047,5.50271],[-0.37047,5.48931]]]},"properties":{"region":"Central","district":"Awutu Efutu Senya","floods_1m":1,"floods_2m":1,"floods_3m":1,"first_flood_m":1,"nests":true,"area_km2":2.493}},{"type":"Feature","geometry":{"type":"Polygon","coordinates":[[[-0.49879,5.37792],[-0.49986,5.37792],[-0.49986,5.37764],[-0.50097,5.37764],[-0.50097,5.37736],[-0.50181,5.37736],[-0.50181,5.37708],[-0.50236,5.37708],[-0.50236,5.37681],[-0.50319,5.37681],[-0.50319,5.37653],[-0.50403,5.37653],[-0.50403,5.37625],[-0.50486,5.37625],[-0.50486,5.37597],[-0.50597,5.37597],[-0.50597,5.37569],[-0.50681,5.37569],[-0.50681,5.37542],[-0.50792,5.37542],[-0.50792,5.37514],[-0.50875,5.37514],[-0.50875,5.37486],[-0.50986,5.37486],[-0.50986,5.37458],[-0.51097,5.37458],[-0.51097,5.37439],[-0.51305,5.37439],[-0.51305,5.38864],[-0.49879,5.38864],[-0.49879,5.37792]]]},"properties":{"region":"Central","district":"Awutu Efutu Senya","floods_1m":1,"floods_2m":1,"floods_3m":1,"first_flood_m":1,"nests":true,"area_km2":2.23}},{"type":"Feature","geometry":{"type":"Polygon","coordinates":[[[-0.64137,5.33208],[-0.64153,5.33208],[-0.64153,5.33181],[-0.64208,5.33181],[-0.64208,5.33161],[-0.64291,5.33161],[-0.6429,5.33209],[-0.64264,5.33208],[-0.64264,5.33236],[-0.64236,5.33236],[-0.64236,5.33292],[-0.64208,5.33292],[-0.64208,5.3332],[-0.64181,5.3332],[-0.64181,5.33347],[-0.64153,5.33347],[-0.64153,5.33514],[-0.64181,5.33514],[-0.64181,5.33542],[-0.64208,5.33542],[-0.64208,5.33569],[-0.64236,5.33569],[-0.64236,5.33764],[-0.64264,5.33764],[-0.64264,5.33792],[-0.6443,5.33792],[-0.6443,5.33736],[-0.64403,5.33736],[-0.64403,5.33708],[-0.64375,5.33708],[-0.64375,5.33625],[-0.64347,5.33625],[-0.64347,5.33514],[-0.64375,5.33514],[-0.64378,5.33485],[-0.64418,5.3361],[-0.64541,5.33895],[-0.64911,5.34587],[-0.64137,5.34587],[-0.64137,5.33208]]]},"properties":{"region":"Central","district":"Awutu Efutu Senya","floods_1m":1,"floods_2m":1,"floods_3m":1,"first_flood_m":1,"nests":true,"area_km2":0.628}},{"type":"Feature","geometry":{"type":"Polygon","coordinates":[[[-0.41324,5.47419],[-0.4275,5.47419],[-0.4275,5.48845],[-0.41324,5.48845],[-0.41324,5.47419]]]},"properties":{"region":"Central","district":"Awutu Efutu Senya","floods_1m":1,"floods_2m":1,"floods_3m":1,"first_flood_m":1,"nests":true,"area_km2":2.503}},{"type":"Feature","geometry":{"type":"Polygon","coordinates":[[[-0.62711,5.33042],[-0.62711,5.33161],[-0.62431,5.33161],[-0.62431,5.33153],[-0.62458,5.33153],[-0.62458,5.33125],[-0.62486,5.33125],[-0.62486,5.33097],[-0.62569,5.33097],[-0.62569,5.33069],[-0.62625,5.33069],[-0.62625,5.33042],[-0.62711,5.33042]]]},"properties":{"region":"Central","district":"Awutu Efutu Senya","floods_1m":1,"floods_2m":1,"floods_3m":1,"first_flood_m":1,"nests":true,"area_km2":0.027}},{"type":"Feature","geometry":{"type":"Polygon","coordinates":[[[-0.44176,5.44347],[-0.44176,5.44568],[-0.43625,5.44568],[-0.43625,5.44542],[-0.43708,5.44542],[-0.43708,5.44514],[-0.43819,5.44514],[-0.43819,5.44486],[-0.43903,5.44486],[-0.43903,5.44458],[-0.43958,5.44458],[-0.43958,5.4443],[-0.44042,5.4443],[-0.44042,5.44403],[-0.44097,5.44403],[-0.44097,5.44375],[-0.44153,5.44375],[-0.44153,5.44347],[-0.44176,5.44347]]]},"properties":{"region":"Central","district":"Awutu Efutu Senya","floods_1m":1,"floods_2m":1,"floods_3m":1,"first_flood_m":1,"nests":true,"area_km2":0.071}},{"type":"Feature","geometry":{"type":"Polygon","coordinates":[[[-0.41324,5.45993],[-0.4275,5.45993],[-0.4275,5.47419],[-0.41324,5.47419],[-0.41324,5.45993]]]},"properties":{"region":"Central","district":"Awutu Efutu Senya","floods_1m":0,"floods_2m":1,"floods_3m":1,"first_flood_m":2,"nests":true,"area_km2":2.503}},{"type":"Feature","geometry":{"type":"Polygon","coordinates":[[[-0.55582,5.37439],[-0.57008,5.37439],[-0.57008,5.38864],[-0.55582,5.38864],[-0.55582,5.37439]]]},"properties":{"region":"Central","district":"Awutu Efutu Senya","floods_1m":1,"floods_2m":1,"floods_3m":1,"first_flood_m":1,"nests":true,"area_km2":2.501}},{"type":"Feature","geometry":{"type":"Polygon","coordinates":[[[-0.52731,5.37042],[-0.52736,5.37042],[-0.52736,5.37014],[-0.52847,5.37014],[-0.52847,5.36986],[-0.52958,5.36986],[-0.52958,5.36958],[-0.53069,5.36958],[-0.53069,5.36931],[-0.53236,5.36931],[-0.53236,5.36903],[-0.53375,5.36903],[-0.53375,5.36875],[-0.53542,5.36875],[-0.53542,5.36847],[-0.53708,5.36847],[-0.53708,5.3682],[-0.53847,5.3682],[-0.53847,5.36792],[-0.54014,5.36792],[-0.54014,5.36764],[-0.54157,5.36764],[-0.54157,5.37439],[-0.52731,5.37439],[-0.52731,5.37042]]]},"properties":{"region":"Central","district":"Awutu Efutu Senya","floods_1m":1,"floods_2m":1,"floods_3m":1,"first_flood_m":1,"nests":true,"area_km2":0.979}},{"type":"Feature","geometry":{"type":"Polygon","coordinates":[[[-0.64137,5.36013],[-0.65079,5.36013],[-0.65076,5.36258],[-0.65036,5.36568],[-0.64946,5.36854],[-0.64836,5.37032],[-0.64692,5.37189],[-0.64514,5.37334],[-0.64351,5.37439],[-0.64137,5.37439],[-0.64137,5.36013]]]},"properties":{"region":"Central","district":"Awutu Efutu Senya","floods_1m":0,"floods_2m":1,"floods_3m":1,"first_flood_m":2,"nests":true,"area_km2":1.343}},{"type":"Feature","geometry":{"type":"Polygon","coordinates":[[[-0.45602,5.43569],[-0.45653,5.43569],[-0.45653,5.43542],[-0.4568,5.43542],[-0.4568,5.43514],[-0.45708,5.43514],[-0.45708,5.43486],[-0.45764,5.43486],[-0.45764,5.43458],[-0.45848,5.4346],[-0.45847,5.43431],[-0.45875,5.43431],[-0.45875,5.43403],[-0.45903,5.43403],[-0.45903,5.43375],[-0.4593,5.43375],[-0.4593,5.43347],[-0.45958,5.43347],[-0.45958,5.43319],[-0.45986,5.43319],[-0.45986,5.43292],[-0.46042,5.43292],[-0.46042,5.43264],[-0.46069,5.43264],[-0.46069,5.43236],[-0.46097,5.43236],[-0.46097,5.43208],[-0.46125,5.43208],[-0.46125,5.43181],[-0.46153,5.43181],[-0.46153,5.43153],[-0.4618,5.43153],[-0.4618,5.43142],[-0.47028,5.43142],[-0.47028,5.44568],[-0.45602,5.44568],[-0.45602,5.43569]]]},"properties":{"region":"Central","district":"Awutu Efutu Senya","floods_1m":1,"floods_2m":1,"floods_3m":1,"first_flood_m":1,"nests":true,"area_km2":2.332}},{"type":"Feature","geometry":{"type":"Polygon","coordinates":[[[-1.28298,5.10348],[-1.29724,5.10348],[-1.29724,5.11774],[-1.28298,5.11774],[-1.28298,5.10348]]]},"properties":{"region":"Central","district":"Cape Coast","floods_1m":0,"floods_2m":0,"floods_3m":1,"first_flood_m":3,"nests":true,"area_km2":2.504}},{"type":"Feature","geometry":{"type":"Polygon","coordinates":[[[-1.28298,5.09986],[-1.28375,5.09986],[-1.28375,5.09958],[-1.28486,5.09958],[-1.28486,5.09986],[-1.28653,5.09986],[-1.28653,5.09958],[-1.28847,5.09958],[-1.28847,5.09986],[-1.28931,5.09986],[-1.28931,5.09958],[-1.29208,5.09958],[-1.29208,5.09931],[-1.29681,5.09931],[-1.29681,5.09903],[-1.29724,5.09903],[-1.29724,5.10348],[-1.28298,5.10348],[-1.28298,5.09986]]]},"properties":{"region":"Central","district":"Cape Coast","floods_1m":1,"floods_2m":1,"floods_3m":1,"first_flood_m":1,"nests":true,"area_km2":0.692}},{"type":"Feature","geometry":{"type":"Polygon","coordinates":[[[-1.24021,5.10347],[-1.24021,5.10348],[-1.24014,5.10348],[-1.24014,5.10347],[-1.24021,5.10347]]]},"properties":{"region":"Central","district":"Cape Coast","floods_1m":1,"floods_2m":1,"floods_3m":1,"first_flood_m":1,"nests":true,"area_km2":0.0}},{"type":"Feature","geometry":{"type":"Polygon","coordinates":[[[-1.25447,5.10348],[-1.26872,5.10348],[-1.26872,5.11774],[-1.25447,5.11774],[-1.25447,5.10348]]]},"properties":{"region":"Central","district":"Cape Coast","floods_1m":0,"floods_2m":1,"floods_3m":1,"first_flood_m":2,"nests":true,"area_km2":2.503}},{"type":"Feature","geometry":{"type":"Polygon","coordinates":[[[-1.24021,5.10347],[-1.24069,5.10347],[-1.24069,5.10319],[-1.24097,5.10319],[-1.24097,5.10292],[-1.24125,5.10292],[-1.24125,5.10264],[-1.24153,5.10264],[-1.24153,5.10292],[-1.24236,5.10292],[-1.24236,5.10264],[-1.2432,5.10264],[-1.2432,5.10292],[-1.24338,5.10292],[-1.24431,5.10292],[-1.24431,5.10264],[-1.24625,5.10264],[-1.24625,5.10236],[-1.24708,5.10236],[-1.24708,5.10208],[-1.25125,5.10208],[-1.25125,5.10181],[-1.25236,5.10181],[-1.25236,5.10208],[-1.25292,5.10208],[-1.25292,5.10181],[-1.25447,5.10181],[-1.25447,5.10348],[-1.24021,5.10348],[-1.24021,5.10347]]]},"properties":{"region":"Central","district":"Cape Coast","floods_1m":1,"floods_2m":1,"floods_3m":1,"first_flood_m":1,"nests":true,"area_km2":0.196}},{"type":"Feature","geometry":{"type":"Polygon","coordinates":[[[-1.25447,5.10181],[-1.25569,5.10181],[-1.25569,5.10153],[-1.25931,5.10153],[-1.25931,5.10125],[-1.26236,5.10125],[-1.26236,5.10097],[-1.26792,5.10097],[-1.26792,5.1007],[-1.26872,5.1007],[-1.26872,5.10348],[-1.25447,5.10348],[-1.25447,5.10181]]]},"properties":{"region":"Central","district":"Cape Coast","floods_1m":1,"floods_2m":1,"floods_3m":1,"first_flood_m":1,"nests":true,"area_km2":0.395}},{"type":"Feature","geometry":{"type":"Polygon","coordinates":[[[-1.26872,5.1007],[-1.26875,5.1007],[-1.26875,5.10042],[-1.27347,5.10042],[-1.27347,5.10014],[-1.27958,5.10014],[-1.27958,5.09986],[-1.28298,5.09986],[-1.28298,5.10348],[-1.26872,5.10348],[-1.26872,5.1007]]]},"properties":{"region":"Central","district":"Cape Coast","floods_1m":1,"floods_2m":1,"floods_3m":1,"first_flood_m":1,"nests":true,"area_km2":0.582}},{"type":"Feature","geometry":{"type":"Polygon","coordinates":[[[-1.29724,5.09903],[-1.30097,5.09903],[-1.30097,5.09875],[-1.30403,5.09875],[-1.30403,5.09903],[-1.30431,5.09903],[-1.30431,5.09875],[-1.30653,5.09875],[-1.30653,5.09847],[-1.30708,5.09847],[-1.30708,5.0982],[-1.30764,5.0982],[-1.30764,5.09792],[-1.30819,5.09792],[-1.30819,5.0982],[-1.3115,5.0982],[-1.3115,5.10348],[-1.29724,5.10348],[-1.29724,5.09903]]]},"properties":{"region":"Central","district":"Cape Coast","floods_1m":1,"floods_2m":1,"floods_3m":1,"first_flood_m":1,"nests":true,"area_km2":0.851}},{"type":"Feature","geometry":{"type":"Polygon","coordinates":[[[-1.29724,5.10348],[-1.3115,5.10348],[-1.3115,5.11774],[-1.29724,5.11774],[-1.29724,5.10348]]]},"properties":{"region":"Central","district":"Cape Coast","floods_1m":1,"floods_2m":1,"floods_3m":1,"first_flood_m":1,"nests":true,"area_km2":2.504}},{"type":"Feature","geometry":{"type":"Polygon","coordinates":[[[-1.3115,5.10348],[-1.32312,5.10348],[-1.32301,5.10381],[-1.32219,5.10754],[-1.32113,5.11515],[-1.32038,5.11749],[-1.32023,5.11774],[-1.3115,5.11774],[-1.3115,5.10348]]]},"properties":{"region":"Central","district":"Cape Coast","floods_1m":1,"floods_2m":1,"floods_3m":1,"first_flood_m":1,"nests":true,"area_km2":1.803}},{"type":"Feature","geometry":{"type":"Polygon","coordinates":[[[-1.3115,5.0982],[-1.31403,5.0982],[-1.31403,5.09792],[-1.3157,5.09792],[-1.3157,5.09764],[-1.31792,5.09764],[-1.31792,5.09736],[-1.31903,5.09736],[-1.31903,5.09708],[-1.31958,5.09708],[-1.31958,5.09681],[-1.31986,5.09681],[-1.31986,5.09653],[-1.32014,5.09653],[-1.32014,5.09708],[-1.32042,5.09708],[-1.32042,5.09736],[-1.3207,5.09736],[-1.3207,5.09764],[-1.32097,5.09764],[-1.32097,5.09792],[-1.32125,5.09792],[-1.32125,5.0982],[-1.3218,5.0982],[-1.3218,5.09792],[-1.32208,5.09792],[-1.32208,5.09708],[-1.3218,5.09708],[-1.3218,5.09681],[-1.32125,5.09681],[-1.32125,5.09653],[-1.32097,5.09653],[-1.32097,5.09625],[-1.32125,5.09625],[-1.32125,5.09597],[-1.32208,5.09597],[-1.32208,5.0957],[-1.32292,5.0957],[-1.32292,5.09542],[-1.32403,5.09542],[-1.32403,5.09514],[-1.32486,5.09514],[-1.32486,5.09486],[-1.32576,5.09486],[-1.32576,5.09659],[-1.32518,5.0979],[-1.32312,5.10348],[-1.3115,5.10348],[-1.3115,5.0982]]]},"properties":{"region":"Central","district":"Cape Coast","floods_1m":1,"floods_2m":1,"floods_3m":1,"first_flood_m":1,"nests":true,"area_km2":1.016}},{"type":"Feature","geometry":{"type":"Polygon","coordinates":[[[-1.24021,5.10348],[-1.25447,5.10348],[-1.25447,5.11774],[-1.24021,5.11774],[-1.24021,5.10348]]]},"properties":{"region":"Central","district":"Cape Coast","floods_1m":1,"floods_2m":1,"floods_3m":1,"first_flood_m":1,"nests":true,"area_km2":2.504}},{"type":"Feature","geometry":{"type":"Polygon","coordinates":[[[-1.22708,5.11347],[-1.22764,5.11347],[-1.22764,5.11319],[-1.22819,5.11319],[-1.22819,5.11248],[-1.22819,5.11236],[-1.22847,5.11236],[-1.22847,5.11208],[-1.22875,5.11208],[-1.22875,5.11153],[-1.22903,5.11153],[-1.22903,5.11125],[-1.22958,5.11125],[-1.22958,5.11097],[-1.22986,5.11097],[-1.22986,5.11069],[-1.23014,5.11069],[-1.23014,5.11042],[-1.23042,5.11042],[-1.23042,5.11014],[-1.23097,5.11014],[-1.23097,5.10986],[-1.23153,5.10986],[-1.23153,5.10958],[-1.23264,5.10958],[-1.23264,5.10931],[-1.23319,5.10931],[-1.23319,5.10903],[-1.23347,5.10903],[-1.23347,5.10875],[-1.23375,5.10875],[-1.23375,5.10847],[-1.23403,5.10847],[-1.23403,5.10819],[-1.23431,5.10819],[-1.23431,5.10792],[-1.23458,5.10792],[-1.23458,5.10819],[-1.23525,5.10819],[-1.23597,5.10819],[-1.23597,5.10792],[-1.23653,5.10792],[-1.23653,5.10764],[-1.2368,5.10764],[-1.2368,5.10736],[-1.23708,5.10736],[-1.23705,5.10709],[-1.23736,5.10708],[-1.23736,5.10681],[-1.23792,5.10681],[-1.23792,5.10653],[-1.23903,5.10653],[-1.23903,5.10625],[-1.23931,5.10625],[-1.23931,5.10555],[-1.23931,5.10542],[-1.23958,5.10542],[-1.23958,5.10514],[-1.2399,5.10521],[-1.23986,5.10375],[-1.24014,5.10375],[-1.24014,5.10348],[-1.24021,5.10348],[-1.24021,5.11774],[-1.23033,5.11774],[-1.22873,5.11555],[-1.22708,5.11347]]]},"properties":{"region":"Central","district":"Cape Coast","floods_1m":1,"floods_2m":1,"floods_3m":1,"first_flood_m":1,"nests":true,"area_km2":1.333}},{"type":"Feature","geometry":{"type":"Polygon","coordinates":[[[-0.74118,5.2768],[-0.74208,5.2768],[-0.74208,5.27653],[-0.74264,5.27653],[-0.74264,5.27625],[-0.74347,5.27625],[-0.74347,5.27597],[-0.74431,5.27597],[-0.74431,5.27569],[-0.74514,5.27569],[-0.74514,5.27542],[-0.74569,5.27542],[-0.74569,5.27514],[-0.74625,5.27514],[-0.74625,5.27486],[-0.74653,5.27486],[-0.74653,5.27458],[-0.74708,5.27458],[-0.74708,5.27458],[-0.75544,5.27458],[-0.75544,5.28884],[-0.74118,5.28884],[-0.74118,5.2768]]]},"properties":{"region":"Central","district":"Gomoa","floods_1m":1,"floods_2m":1,"floods_3m":1,"first_flood_m":1,"nests":true,"area_km2":2.412}},{"type":"Feature","geometry":{"type":"Polygon","coordinates":[[[-0.75544,5.26486],[-0.75544,5.27458],[-0.74708,5.27458],[-0.74708,5.27431],[-0.74764,5.27431],[-0.74764,5.27403],[-0.74792,5.27403],[-0.74792,5.27375],[-0.74819,5.27375],[-0.74819,5.27347],[-0.74847,5.27347],[-0.74847,5.27264],[-0.74875,5.27264],[-0.74875,5.27253],[-0.74875,5.27208],[-0.74903,5.27208],[-0.74903,5.27125],[-0.74931,5.27125],[-0.74931,5.27097],[-0.74958,5.27097],[-0.74958,5.27042],[-0.74986,5.27042],[-0.74986,5.26986],[-0.75014,5.26986],[-0.75014,5.26931],[-0.75069,5.26931],[-0.75069,5.26875],[-0.75097,5.26875],[-0.75097,5.26847],[-0.75125,5.26847],[-0.75125,5.26819],[-0.75153,5.26819],[-0.75153,5.26792],[-0.75181,5.26792],[-0.75181,5.26764],[-0.75208,5.26764],[-0.75208,5.26736],[-0.75236,5.26736],[-0.75236,5.26708],[-0.75264,5.26708],[-0.75264,5.26681],[-0.75292,5.26681],[-0.75292,5.26653],[-0.75347,5.26653],[-0.75347,5.26625],[-0.75375,5.26625],[-0.75375,5.26597],[-0.75403,5.26597],[-0.75403,5.26569],[-0.75458,5.26569],[-0.75458,5.26542],[-0.75514,5.26542],[-0.75514,5.26514],[-0.75542,5.26514],[-0.75542,5.26486],[-0.75544,5.26486]]]},"properties":{"region":"Central","district":"Gomoa","floods_1m":1,"floods_2m":1,"floods_3m":1,"first_flood_m":1,"nests":true,"area_km2":0.573}},{"type":"Feature","geometry":{"type":"Polygon","coordinates":[[[-0.72692,5.3031],[-0.74118,5.3031],[-0.74118,5.31735],[-0.72692,5.31735],[-0.72692,5.3031]]]},"properties":{"region":"Central","district":"Gomoa","floods_1m":1,"floods_2m":1,"floods_3m":1,"first_flood_m":1,"nests":true,"area_km2":2.502}},{"type":"Feature","geometry":{"type":"Polygon","coordinates":[[[-0.71266,5.30431],[-0.71347,5.30431],[-0.71347,5.30403],[-0.71403,5.30403],[-0.71403,5.30375],[-0.71458,5.30375],[-0.71458,5.30347],[-0.71569,5.30347],[-0.71569,5.30319],[-0.71681,5.30319],[-0.71681,5.3031],[-0.72692,5.3031],[-0.72692,5.31735],[-0.71266,5.31735],[-0.71266,5.30431]]]},"properties":{"region":"Central","district":"Gomoa","floods_1m":1,"floods_2m":1,"floods_3m":1,"first_flood_m":1,"nests":true,"area_km2":2.473}},{"type":"Feature","geometry":{"type":"Polygon","coordinates":[[[-0.79821,5.22347],[-0.79903,5.22347],[-0.79903,5.2232],[-0.79986,5.2232],[-0.79986,5.22292],[-0.80042,5.22292],[-0.80042,5.22264],[-0.80097,5.22264],[-0.80097,5.22236],[-0.80153,5.22236],[-0.80153,5.22208],[-0.80208,5.22208],[-0.80208,5.22181],[-0.80236,5.22181],[-0.80236,5.22153],[-0.80264,5.22153],[-0.80264,5.22125],[-0.80292,5.22125],[-0.80447,5.22373],[-0.80701,5.2288],[-0.80809,5.23181],[-0.79821,5.23181],[-0.79821,5.22347]]]},"properties":{"region":"Central","district":"Gomoa","floods_1m":1,"floods_2m":1,"floods_3m":1,"first_flood_m":1,"nests":true,"area_km2":0.904}},{"type":"Feature","geometry":{"type":"Polygon","coordinates":[[[-0.61286,5.4029],[-0.62711,5.4029],[-0.62711,5.41716],[-0.61286,5.41716],[-0.61286,5.4029]]]},"properties":{"region":"Central","district":"Gomoa","floods_1m":0,"floods_2m":0,"floods_3m":1,"first_flood_m":3,"nests":true,"area_km2":2.501}},{"type":"Feature","geometry":{"type":"Polygon","coordinates":[[[-0.74118,5.28884],[-0.75544,5.28884],[-0.75544,5.3031],[-0.74118,5.3031],[-0.74118,5.28884]]]},"properties":{"region":"Central","district":"Gomoa","floods_1m":0,"floods_2m":1,"floods_3m":1,"first_flood_m":2,"nests":true,"area_km2":2.504}},{"type":"Feature","geometry":{"type":"Polygon","coordinates":[[[-0.75544,5.25847],[-0.75544,5.26014],[-0.75542,5.26014],[-0.75542,5.25847],[-0.75544,5.25847]]]},"properties":{"region":"Central","district":"Gomoa","floods_1m":0,"floods_2m":0,"floods_3m":1,"first_flood_m":3,"nests":true,"area_km2":0.0}},{"type":"Feature","geometry":{"type":"Polygon","coordinates":[[[-0.64911,5.34587],[-0.65563,5.34587],[-0.65563,5.36013],[-0.65079,5.36013],[-0.65084,5.35606],[-0.65023,5.34952],[-0.64939,5.34639],[-0.64911,5.34587]]]},"properties":{"region":"Central","district":"Gomoa","floods_1m":1,"floods_2m":1,"floods_3m":1,"first_flood_m":1,"nests":true,"area_km2":0.917}},{"type":"Feature","geometry":{"type":"Polygon","coordinates":[[[-0.72692,5.29792],[-0.72708,5.29792],[-0.72708,5.29764],[-0.72736,5.29764],[-0.72736,5.29736],[-0.72764,5.29736],[-0.72764,5.29708],[-0.72792,5.29708],[-0.72792,5.29681],[-0.7282,5.29681],[-0.7282,5.29653],[-0.72847,5.29653],[-0.72847,5.29625],[-0.72875,5.29625],[-0.72875,5.29597],[-0.72903,5.29597],[-0.72903,5.29569],[-0.72931,5.29569],[-0.72931,5.29542],[-0.72958,5.29542],[-0.72958,5.29514],[-0.73014,5.29514],[-0.73014,5.29486],[-0.73042,5.29486],[-0.73042,5.29458],[-0.7307,5.29458],[-0.7307,5.29431],[-0.73097,5.29431],[-0.73097,5.29403],[-0.73125,5.29403],[-0.73125,5.29347],[-0.73153,5.29347],[-0.73153,5.29153],[-0.73125,5.29153],[-0.73125,5.29125],[-0.73097,5.29125],[-0.73097,5.29097],[-0.7307,5.29097],[-0.7307,5.29044],[-0.73042,5.29042],[-0.73042,5.29014],[-0.73014,5.29014],[-0.73014,5.28958],[-0.72986,5.28958],[-0.72986,5.28931],[-0.72958,5.28931],[-0.72958,5.28884],[-0.74118,5.28884],[-0.74118,5.3031],[-0.72692,5.3031],[-0.72692,5.29792]]]},"properties":{"region":"Central","district":"Gomoa","floods_1m":1,"floods_2m":1,"floods_3m":1,"first_flood_m":1,"nests":true,"area_km2":2.152}},{"type":"Feature","geometry":{"type":"Polygon","coordinates":[[[-0.78395,5.23569],[-0.78395,5.24606],[-0.77708,5.24606],[-0.77708,5.24597],[-0.77736,5.24597],[-0.77736,5.24569],[-0.77764,5.24569],[-0.77764,5.24542],[-0.77792,5.24542],[-0.77792,5.24514],[-0.7782,5.24514],[-0.7782,5.24431],[-0.77847,5.24431],[-0.77847,5.24347],[-0.77875,5.24347],[-0.77875,5.24264],[-0.77903,5.24264],[-0.77903,5.24208],[-0.7793,5.24208],[-0.7793,5.24097],[-0.77958,5.24097],[-0.77952,5.24042],[-0.77986,5.24042],[-0.77986,5.24014],[-0.78014,5.24014],[-0.78014,5.23931],[-0.78042,5.23931],[-0.78042,5.2389],[-0.78042,5.23879],[-0.7807,5.23875],[-0.7807,5.23847],[-0.78097,5.23847],[-0.78097,5.23819],[-0.78125,5.23819],[-0.78125,5.23764],[-0.7818,5.23764],[-0.78177,5.23681],[-0.78208,5.2368],[-0.78208,5.23647],[-0.78208,5.23625],[-0.78243,5.23625],[-0.78292,5.23625],[-0.78292,5.23597],[-0.78375,5.23597],[-0.78375,5.23569],[-0.78395,5.23569]]]},"properties":{"region":"Central","district":"Gomoa","floods_1m":1,"floods_2m":1,"floods_3m":1,"first_flood_m":1,"nests":true,"area_km2":0.524}},{"type":"Feature","geometry":{"type":"Polygon","coordinates":[[[-0.74118,5.2768],[-0.74118,5.28884],[-0.72958,5.28884],[-0.72958,5.28875],[-0.72931,5.28875],[-0.72931,5.28847],[-0.72903,5.28847],[-0.72903,5.2882],[-0.72875,5.28819],[-0.72875,5.28792],[-0.72847,5.28792],[-0.72847,5.28764],[-0.7282,5.28764],[-0.7282,5.28736],[-0.72792,5.28736],[-0.72792,5.28708],[-0.72764,5.28708],[-0.72764,5.28625],[-0.72736,5.28625],[-0.72736,5.28542],[-0.72708,5.28542],[-0.72708,5.28486],[-0.72764,5.28486],[-0.72764,5.28458],[-0.72847,5.28458],[-0.72847,5.28431],[-0.72875,5.28431],[-0.72875,5.28403],[-0.72903,5.28403],[-0.72903,5.28375],[-0.72986,5.28375],[-0.72986,5.28347],[-0.73014,5.28347],[-0.73014,5.2832],[-0.73042,5.2832],[-0.73042,5.28292],[-0.7307,5.28292],[-0.7307,5.28236],[-0.73097,5.28236],[-0.73097,5.28208],[-0.73125,5.28208],[-0.73125,5.28181],[-0.73181,5.28181],[-0.73181,5.28153],[-0.73208,5.28153],[-0.73208,5.28125],[-0.73236,5.28125],[-0.73236,5.28069],[-0.73264,5.28069],[-0.73264,5.28042],[-0.73292,5.28042],[-0.73292,5.28014],[-0.73347,5.28014],[-0.73347,5.27986],[-0.73408,5.27986],[-0.73431,5.27986],[-0.73431,5.27958],[-0.73486,5.27958],[-0.73486,5.2793],[-0.73514,5.2793],[-0.73514,5.27903],[-0.7357,5.27903],[-0.7357,5.27875],[-0.73764,5.27875],[-0.73764,5.27847],[-0.73819,5.27847],[-0.73819,5.27819],[-0.73847,5.27819],[-0.73847,5.27792],[-0.73875,5.27792],[-0.73875,5.27764],[-0.73903,5.27764],[-0.73903,5.27736],[-0.73931,5.27736],[-0.73931,5.27708],[-0.74014,5.27708],[-0.74014,5.2768],[-0.74118,5.2768]]]},"properties":{"region":"Central","district":"Gomoa","floods_1m":1,"floods_2m":1,"floods_3m":1,"first_flood_m":1,"nests":true,"area_km2":1.425}},{"type":"Feature","geometry":{"type":"Polygon","coordinates":[[[-0.72692,5.31735],[-0.74118,5.31735],[-0.74118,5.33161],[-0.72692,5.33161],[-0.72692,5.31735]]]},"properties":{"region":"Central","district":"Gomoa","floods_1m":0,"floods_2m":1,"floods_3m":1,"first_flood_m":2,"nests":true,"area_km2":2.503}},{"type":"Feature","geometry":{"type":"Polygon","coordinates":[[[0.69888,6.00174],[0.68462,6.00174],[0.68462,6.01599],[0.69888,6.01599],[0.69888,6.00174]]]},"properties":{"region":"Volta","district":"South Tongu","floods_1m":1,"floods_2m":1,"floods_3m":1,"first_flood_m":1,"nests":true,"area_km2":2.499}},{"type":"Feature","geometry":{"type":"Polygon","coordinates":[[[-3.0082,5.10714],[-3.0082,5.10348],[-3.02246,5.10348],[-3.02246,5.11234],[-3.01619,5.11207],[-3.0082,5.10714]]]},"properties":{"region":"Western","district":"Jomoro","floods_1m":0,"floods_2m":1,"floods_3m":1,"first_flood_m":2,"nests":true,"area_km2":1.276}},{"type":"Feature","geometry":{"type":"Polygon","coordinates":[[[0.72739,5.90193],[0.71314,5.90193],[0.71314,5.91619],[0.72739,5.91619],[0.72739,5.90193]]]},"properties":{"region":"Volta","district":"South Tongu","floods_1m":1,"floods_2m":1,"floods_3m":1,"first_flood_m":1,"nests":true,"area_km2":2.499}},{"type":"Feature","geometry":{"type":"Polygon","coordinates":[[[0.73207,5.9447],[0.73484,5.94152],[0.73941,5.93522],[0.74165,5.93279],[0.74165,5.93045],[0.72739,5.93045],[0.72739,5.9447],[0.73207,5.9447]]]},"properties":{"region":"Volta","district":"South Tongu","floods_1m":1,"floods_2m":1,"floods_3m":1,"first_flood_m":1,"nests":true,"area_km2":1.794}},{"type":"Feature","geometry":{"type":"Polygon","coordinates":[[[0.29965,5.8449],[0.2854,5.8449],[0.2854,5.85916],[0.29965,5.85916],[0.29965,5.8449]]]},"properties":{"region":"Greater Accra","district":"Dangbe East","floods_1m":0,"floods_2m":0,"floods_3m":1,"first_flood_m":3,"nests":true,"area_km2":2.499}},{"type":"Feature","geometry":{"type":"Polygon","coordinates":[[[0.62759,5.95896],[0.61333,5.95896],[0.61333,5.97322],[0.62759,5.97322],[0.62759,5.95896]]]},"properties":{"region":"Volta","district":"South Tongu","floods_1m":1,"floods_2m":1,"floods_3m":1,"first_flood_m":1,"nests":true,"area_km2":2.501}},{"type":"Feature","geometry":{"type":"Polygon","coordinates":[[[0.59907,6.04451],[0.58481,6.04451],[0.58481,6.05877],[0.59907,6.05877],[0.59907,6.04451]]]},"properties":{"region":"Volta","district":"South Tongu","floods_1m":1,"floods_2m":1,"floods_3m":1,"first_flood_m":1,"nests":true,"area_km2":2.5}},{"type":"Feature","geometry":{"type":"Polygon","coordinates":[[[0.15707,5.73084],[0.14282,5.73084],[0.14282,5.74509],[0.15707,5.74509],[0.15707,5.73084]]]},"properties":{"region":"Greater Accra","district":"Dangbe East","floods_1m":1,"floods_2m":1,"floods_3m":1,"first_flood_m":1,"nests":true,"area_km2":2.498}},{"type":"Feature","geometry":{"type":"Polygon","coordinates":[[[-0.34195,5.50236],[-0.34195,5.50271],[-0.33986,5.50271],[-0.33986,5.50264],[-0.34153,5.50264],[-0.34153,5.50236],[-0.34195,5.50236]]]},"properties":{"region":"Greater Accra","district":"Ga West","floods_1m":0,"floods_2m":0,"floods_3m":1,"first_flood_m":3,"nests":true,"area_km2":0.003}},{"type":"Feature","geometry":{"type":"Polygon","coordinates":[[[-3.03671,5.07708],[-3.03708,5.07708],[-3.03708,5.07736],[-3.03875,5.07736],[-3.03875,5.07764],[-3.04097,5.07764],[-3.04097,5.07792],[-3.04236,5.07792],[-3.04236,5.07819],[-3.04375,5.07819],[-3.04375,5.07847],[-3.04542,5.07847],[-3.04542,5.07875],[-3.0468,5.07875],[-3.0468,5.07903],[-3.0493,5.07903],[-3.0493,5.07931],[-3.05042,5.07931],[-3.05042,5.07958],[-3.05097,5.07958],[-3.05097,5.08923],[-3.03671,5.08923],[-3.03671,5.07708]]]},"properties":{"region":"Western","district":"Jomoro","floods_1m":1,"floods_2m":1,"floods_3m":1,"first_flood_m":1,"nests":true,"area_km2":1.915}},{"type":"Feature","geometry":{"type":"Polygon","coordinates":[[[0.71314,5.99443],[0.71295,5.9941],[0.71172,5.99152],[0.71103,5.98858],[0.71096,5.98748],[0.69888,5.98748],[0.69888,6.00174],[0.71314,6.00174],[0.71314,5.99443]]]},"properties":{"region":"Volta","district":"South Tongu","floods_1m":1,"floods_2m":1,"floods_3m":1,"first_flood_m":1,"nests":true,"area_km2":2.382}},{"type":"Feature","geometry":{"type":"Polygon","coordinates":[[[0.72443,5.8449],[0.71314,5.8449],[0.71314,5.85916],[0.72544,5.85916],[0.72501,5.85765],[0.72443,5.85067],[0.72443,5.8449]]]},"properties":{"region":"Volta","district":"South Tongu","floods_1m":1,"floods_2m":1,"floods_3m":1,"first_flood_m":1,"nests":true,"area_km2":2.02}},{"type":"Feature","geometry":{"type":"Polygon","coordinates":[[[0.62759,5.88767],[0.61333,5.88767],[0.61333,5.90193],[0.62759,5.90193],[0.62759,5.88767]]]},"properties":{"region":"Volta","district":"South Tongu","floods_1m":1,"floods_2m":1,"floods_3m":1,"first_flood_m":1,"nests":true,"area_km2":2.501}},{"type":"Feature","geometry":{"type":"Polygon","coordinates":[[[-0.29918,5.54548],[-0.31344,5.54548],[-0.31344,5.55974],[-0.29918,5.55974],[-0.29918,5.54548]]]},"properties":{"region":"Greater Accra","district":"Ga West","floods_1m":1,"floods_2m":1,"floods_3m":1,"first_flood_m":1,"nests":true,"area_km2":2.502}},{"type":"Feature","geometry":{"type":"Polygon","coordinates":[[[0.71314,5.99443],[0.71314,6.00174],[0.71693,6.00174],[0.71582,5.99911],[0.71314,5.99443]]]},"properties":{"region":"Volta","district":"South Tongu","floods_1m":1,"floods_2m":1,"floods_3m":1,"first_flood_m":1,"nests":true,"area_km2":0.182}},{"type":"Feature","geometry":{"type":"Polygon","coordinates":[[[0.67036,5.95896],[0.6561,5.95896],[0.6561,5.97322],[0.67036,5.97322],[0.67036,5.95896]]]},"properties":{"region":"Volta","district":"South Tongu","floods_1m":1,"floods_2m":1,"floods_3m":1,"first_flood_m":1,"nests":true,"area_km2":2.501}},{"type":"Feature","geometry":{"type":"Polygon","coordinates":[[[0.25688,5.98748],[0.24262,5.98748],[0.24262,6.00174],[0.25688,6.00174],[0.25688,5.98748]]]},"properties":{"region":"Greater Accra","district":"Dangbe East","floods_1m":1,"floods_2m":1,"floods_3m":1,"first_flood_m":1,"nests":true,"area_km2":2.501}},{"type":"Feature","geometry":{"type":"Polygon","coordinates":[[[0.62759,5.84221],[0.62705,5.84299],[0.62608,5.8449],[0.62759,5.8449],[0.62759,5.84221]]]},"properties":{"region":"Volta","district":"South Tongu","floods_1m":0,"floods_2m":1,"floods_3m":1,"first_flood_m":2,"nests":true,"area_km2":0.027}},{"type":"Feature","geometry":{"type":"Polygon","coordinates":[[[0.17133,6.08131],[0.17133,6.07303],[0.15707,6.07303],[0.15707,6.08728],[0.15937,6.08728],[0.16096,6.08627],[0.16348,6.08483],[0.1691,6.08247],[0.17133,6.08131]]]},"properties":{"region":"Greater Accra","district":"Dangbe East","floods_1m":1,"floods_2m":1,"floods_3m":1,"first_flood_m":1,"nests":true,"area_km2":2.036}},{"type":"Feature","geometry":{"type":"Polygon","coordinates":[[[0.29965,5.83064],[0.2854,5.83064],[0.2854,5.8449],[0.29965,5.8449],[0.29965,5.83064]]]},"properties":{"region":"Greater Accra","district":"Dangbe East","floods_1m":1,"floods_2m":1,"floods_3m":1,"first_flood_m":1,"nests":true,"area_km2":2.499}},{"type":"Feature","geometry":{"type":"Polygon","coordinates":[[[0.1143,5.73084],[0.10004,5.73084],[0.10004,5.74509],[0.1143,5.74509],[0.1143,5.73084]]]},"properties":{"region":"Greater Accra","district":"Dangbe East","floods_1m":0,"floods_2m":1,"floods_3m":1,"first_flood_m":2,"nests":true,"area_km2":2.5}},{"type":"Feature","geometry":{"type":"Polygon","coordinates":[[[0.29965,5.80212],[0.2854,5.80212],[0.2854,5.81638],[0.29965,5.81638],[0.29965,5.80212]]]},"properties":{"region":"Greater Accra","district":"Dangbe East","floods_1m":1,"floods_2m":1,"floods_3m":1,"first_flood_m":1,"nests":true,"area_km2":2.5}},{"type":"Feature","geometry":{"type":"Polygon","coordinates":[[[0.19985,5.80212],[0.18559,5.80212],[0.18559,5.81638],[0.19985,5.81638],[0.19985,5.80212]]]},"properties":{"region":"Greater Accra","district":"Dangbe East","floods_1m":1,"floods_2m":1,"floods_3m":1,"first_flood_m":1,"nests":true,"area_km2":2.501}},{"type":"Feature","geometry":{"type":"Polygon","coordinates":[[[0.17133,5.75935],[0.15707,5.75935],[0.15707,5.77361],[0.17133,5.77361],[0.17133,5.75935]]]},"properties":{"region":"Greater Accra","district":"Dangbe East","floods_1m":1,"floods_2m":1,"floods_3m":1,"first_flood_m":1,"nests":true,"area_km2":2.502}},{"type":"Feature","geometry":{"type":"Polygon","coordinates":[[[0.25688,5.77361],[0.24262,5.77361],[0.24262,5.78787],[0.25688,5.78787],[0.25688,5.77361]]]},"properties":{"region":"Greater Accra","district":"Dangbe East","floods_1m":1,"floods_2m":1,"floods_3m":1,"first_flood_m":1,"nests":true,"area_km2":2.501}},{"type":"Feature","geometry":{"type":"Polygon","coordinates":[[[0.3293,5.81638],[0.32817,5.81638],[0.32817,5.83064],[0.32928,5.83064],[0.3293,5.81638]]]},"properties":{"region":"Greater Accra","district":"Dangbe East","floods_1m":1,"floods_2m":1,"floods_3m":1,"first_flood_m":1,"nests":true,"area_km2":0.196}},{"type":"Feature","geometry":{"type":"Polygon","coordinates":[[[0.14282,5.73084],[0.12856,5.73084],[0.12856,5.74509],[0.14282,5.74509],[0.14282,5.73084]]]},"properties":{"region":"Greater Accra","district":"Dangbe East","floods_1m":0,"floods_2m":0,"floods_3m":1,"first_flood_m":3,"nests":true,"area_km2":2.5}},{"type":"Feature","geometry":{"type":"Polygon","coordinates":[[[0.2854,6.03025],[0.27114,6.03025],[0.27114,6.04451],[0.2854,6.04451],[0.2854,6.03025]]]},"properties":{"region":"Greater Accra","district":"Dangbe East","floods_1m":1,"floods_2m":1,"floods_3m":1,"first_flood_m":1,"nests":true,"area_km2":2.5}},{"type":"Feature","geometry":{"type":"Polygon","coordinates":[[[0.27114,5.77208],[0.27069,5.77208],[0.27069,5.7718],[0.27014,5.7718],[0.27014,5.77153],[0.26986,5.77153],[0.26986,5.77125],[0.2693,5.77125],[0.2693,5.77097],[0.26764,5.77097],[0.26764,5.7707],[0.26708,5.7707],[0.26708,5.77042],[0.26653,5.77042],[0.26653,5.77014],[0.2657,5.77014],[0.2657,5.76986],[0.26542,5.76986],[0.26542,5.76958],[0.26375,5.76958],[0.26375,5.76931],[0.26097,5.76931],[0.26097,5.76903],[0.25931,5.76903],[0.25931,5.76875],[0.25764,5.76875],[0.25764,5.76847],[0.25688,5.76847],[0.25688,5.77361],[0.27114,5.77361],[0.27114,5.77208]]]},"properties":{"region":"Greater Accra","district":"Dangbe East","floods_1m":1,"floods_2m":1,"floods_3m":1,"first_flood_m":1,"nests":true,"area_km2":0.659}},{"type":"Feature","geometry":{"type":"Polygon","coordinates":[[[0.10004,5.70125],[0.10004,5.70232],[0.10486,5.70232],[0.10486,5.70208],[0.10403,5.70208],[0.10403,5.70181],[0.10292,5.70181],[0.10292,5.70153],[0.10097,5.70153],[0.10097,5.70125],[0.10004,5.70125]]]},"properties":{"region":"Greater Accra","district":"Dangbe East","floods_1m":1,"floods_2m":1,"floods_3m":1,"first_flood_m":1,"nests":true,"area_km2":0.041}},{"type":"Feature","geometry":{"type":"Polygon","coordinates":[[[0.15707,5.78787],[0.14282,5.78787],[0.14282,5.7892],[0.14282,5.80212],[0.15707,5.80212],[0.15707,5.7892],[0.15707,5.78787]]]},"properties":{"region":"Greater Accra","district":"Dangbe East","floods_1m":0,"floods_2m":1,"floods_3m":1,"first_flood_m":2,"nests":true,"area_km2":2.498}},{"type":"Feature","geometry":{"type":"Polygon","coordinates":[[[0.14282,5.72403],[0.14264,5.72403],[0.14264,5.72375],[0.14236,5.72375],[0.14236,5.72347],[0.14153,5.72347],[0.14153,5.72319],[0.14097,5.72319],[0.14097,5.72292],[0.14042,5.72292],[0.14042,5.72264],[0.13986,5.72264],[0.13986,5.72236],[0.13958,5.72236],[0.13958,5.72208],[0.13903,5.72208],[0.13903,5.72181],[0.13875,5.72181],[0.13875,5.72153],[0.13847,5.72153],[0.13847,5.72125],[0.13792,5.72125],[0.13792,5.72097],[0.13764,5.72097],[0.13764,5.7207],[0.13736,5.7207],[0.13736,5.72042],[0.13708,5.72042],[0.13708,5.72014],[0.1368,5.72014],[0.1368,5.71986],[0.13653,5.71986],[0.13653,5.71931],[0.13625,5.71931],[0.13625,5.71903],[0.13597,5.71903],[0.13597,5.71875],[0.13569,5.71875],[0.13569,5.71847],[0.13542,5.71847],[0.13542,5.71819],[0.13514,5.71819],[0.13514,5.71792],[0.13486,5.71792],[0.13486,5.71764],[0.13458,5.71764],[0.13458,5.71736],[0.1343,5.71736],[0.1343,5.71708],[0.13403,5.71708],[0.13403,5.7168],[0.13375,5.7168],[0.13375,5.71658],[0.12856,5.71658],[0.12856,5.73084],[0.14282,5.73084],[0.14282,5.72403]]]},"properties":{"region":"Greater Accra","district":"Dangbe East","floods_1m":1,"floods_2m":1,"floods_3m":1,"first_flood_m":1,"nests":true,"area_km2":2.02}},{"type":"Feature","geometry":{"type":"Polygon","coordinates":[[[0.08578,5.73084],[0.07153,5.73084],[0.07153,5.74509],[0.08578,5.74509],[0.08578,5.73084]]]},"properties":{"region":"Greater Accra","district":"Dangbe East","floods_1m":1,"floods_2m":1,"floods_3m":1,"first_flood_m":1,"nests":true,"area_km2":2.498}},{"type":"Feature","geometry":{"type":"Polygon","coordinates":[[[0.08578,5.70424],[0.08572,5.70434],[0.08206,5.70945],[0.08045,5.71201],[0.07812,5.71658],[0.08578,5.71658],[0.08578,5.70424]]]},"properties":{"region":"Greater Accra","district":"Dangbe East","floods_1m":1,"floods_2m":1,"floods_3m":1,"first_flood_m":1,"nests":true,"area_km2":0.627}},{"type":"Feature","geometry":{"type":"Polygon","coordinates":[[[0.27114,6.00174],[0.25688,6.00174],[0.25688,6.01599],[0.27114,6.01599],[0.27114,6.00174]]]},"properties":{"region":"Greater Accra","district":"Dangbe East","floods_1m":0,"floods_2m":1,"floods_3m":1,"first_flood_m":2,"nests":true,"area_km2":2.499}},{"type":"Feature","geometry":{"type":"MultiPolygon","coordinates":[[[[0.08578,5.71658],[0.07812,5.71658],[0.07795,5.7169],[0.07534,5.72068],[0.0738,5.72216],[0.07236,5.72319],[0.07264,5.72319],[0.07264,5.72347],[0.07292,5.72347],[0.07292,5.72375],[0.0732,5.72375],[0.0732,5.72403],[0.0743,5.72403],[0.0743,5.72431],[0.07458,5.72431],[0.07458,5.72514],[0.0743,5.72514],[0.0743,5.72542],[0.07264,5.72542],[0.07264,5.72514],[0.07153,5.72514],[0.07153,5.72486],[0.07153,5.72486],[0.07153,5.73084],[0.08578,5.73084],[0.08578,5.71658]]],[[[0.07153,5.72403],[0.07153,5.72431],[0.07153,5.72431],[0.07153,5.72403],[0.07153,5.72403]]]]},"properties":{"region":"Greater Accra","district":"Dangbe East","floods_1m":1,"floods_2m":1,"floods_3m":1,"first_flood_m":1,"nests":true,"area_km2":2.101}},{"type":"Feature","geometry":{"type":"Polygon","coordinates":[[[0.27114,6.01599],[0.25688,6.01599],[0.25688,6.03025],[0.27114,6.03025],[0.27114,6.01599]]]},"properties":{"region":"Greater Accra","district":"Dangbe East","floods_1m":1,"floods_2m":1,"floods_3m":1,"first_flood_m":1,"nests":true,"area_km2":2.5}},{"type":"Feature","geometry":{"type":"Polygon","coordinates":[[[0.32933,5.80212],[0.32817,5.80212],[0.32817,5.81638],[0.3293,5.81638],[0.32933,5.80212]]]},"properties":{"region":"Greater Accra","district":"Dangbe East","floods_1m":1,"floods_2m":1,"floods_3m":1,"first_flood_m":1,"nests":true,"area_km2":0.201}},{"type":"Feature","geometry":{"type":"Polygon","coordinates":[[[0.2854,5.98748],[0.27114,5.98748],[0.27114,6.00174],[0.2854,6.00174],[0.2854,5.98748]]]},"properties":{"region":"Greater Accra","district":"Dangbe East","floods_1m":0,"floods_2m":0,"floods_3m":1,"first_flood_m":3,"nests":true,"area_km2":2.501}},{"type":"Feature","geometry":{"type":"Polygon","coordinates":[[[0.19985,5.78787],[0.18559,5.78787],[0.18559,5.7892],[0.18559,5.80212],[0.19985,5.80212],[0.19985,5.7892],[0.19985,5.78787]]]},"properties":{"region":"Greater Accra","district":"Dangbe East","floods_1m":1,"floods_2m":1,"floods_3m":1,"first_flood_m":1,"nests":true,"area_km2":2.5}},{"type":"Feature","geometry":{"type":"Polygon","coordinates":[[[0.31391,5.81638],[0.29965,5.81638],[0.29965,5.83064],[0.31391,5.83064],[0.31391,5.81638]]]},"properties":{"region":"Greater Accra","district":"Dangbe East","floods_1m":1,"floods_2m":1,"floods_3m":1,"first_flood_m":1,"nests":true,"area_km2":2.501}},{"type":"Feature","geometry":{"type":"Polygon","coordinates":[[[0.25688,5.76847],[0.25625,5.76847],[0.25625,5.7682],[0.25514,5.7682],[0.25514,5.76792],[0.25458,5.76792],[0.25458,5.76764],[0.25403,5.76764],[0.25403,5.76736],[0.25375,5.76736],[0.25375,5.76708],[0.25347,5.76708],[0.25347,5.76681],[0.25264,5.76681],[0.25264,5.76653],[0.25236,5.76653],[0.25236,5.76625],[0.25181,5.76625],[0.25181,5.76597],[0.25125,5.76597],[0.25125,5.7657],[0.25097,5.7657],[0.25097,5.76542],[0.25042,5.76542],[0.25042,5.76486],[0.24986,5.76486],[0.24986,5.76458],[0.24958,5.76458],[0.24958,5.76432],[0.24958,5.76403],[0.24903,5.76403],[0.24903,5.76375],[0.24875,5.76375],[0.24875,5.76347],[0.24847,5.76347],[0.24847,5.7632],[0.24819,5.7632],[0.24819,5.76264],[0.24792,5.76264],[0.24792,5.76236],[0.24764,5.76236],[0.24764,5.76153],[0.24736,5.76153],[0.24736,5.76069],[0.24708,5.76069],[0.24708,5.75958],[0.24653,5.75958],[0.24653,5.75935],[0.24262,5.75935],[0.24262,5.77361],[0.25688,5.77361],[0.25688,5.76847]]]},"properties":{"region":"Greater Accra","district":"Dangbe East","floods_1m":1,"floods_2m":1,"floods_3m":1,"first_flood_m":1,"nests":true,"area_km2":1.719}},{"type":"Feature","geometry":{"type":"Polygon","coordinates":[[[0.1143,5.70431],[0.11403,5.70431],[0.11403,5.70403],[0.11375,5.70403],[0.11375,5.70347],[0.11236,5.70347],[0.11236,5.70319],[0.11208,5.70319],[0.11208,5.70347],[0.11014,5.70347],[0.11014,5.70319],[0.10986,5.70319],[0.10986,5.70292],[0.10875,5.70292],[0.10875,5.70264],[0.1068,5.70264],[0.1068,5.70236],[0.10486,5.70236],[0.10486,5.70232],[0.10004,5.70232],[0.10004,5.71658],[0.1143,5.71658],[0.1143,5.70431]]]},"properties":{"region":"Greater Accra","district":"Dangbe East","floods_1m":1,"floods_2m":1,"floods_3m":1,"first_flood_m":1,"nests":true,"area_km2":2.419}},{"type":"Feature","geometry":{"type":"Polygon","coordinates":[[[0.32817,5.7833],[0.32774,5.78329],[0.32565,5.78292],[0.32542,5.78292],[0.32542,5.78264],[0.32375,5.78264],[0.32375,5.78236],[0.32236,5.78238],[0.32236,5.78208],[0.3208,5.78208],[0.32014,5.78208],[0.32014,5.78196],[0.32014,5.78181],[0.31933,5.78181],[0.31847,5.78181],[0.31847,5.78164],[0.31847,5.78153],[0.31786,5.78153],[0.31708,5.78153],[0.31708,5.78138],[0.31708,5.78125],[0.31638,5.78125],[0.31569,5.78125],[0.31569,5.78112],[0.31569,5.78097],[0.31491,5.78097],[0.31431,5.78097],[0.31431,5.78088],[0.31431,5.78069],[0.31391,5.78069],[0.31391,5.78787],[0.32817,5.78787],[0.32817,5.7833]]]},"properties":{"region":"Greater Accra","district":"Dangbe East","floods_1m":1,"floods_2m":1,"floods_3m":1,"first_flood_m":1,"nests":true,"area_km2":1.019}},{"type":"Feature","geometry":{"type":"Polygon","coordinates":[[[0.19985,5.74486],[0.19985,5.74509],[0.20014,5.74509],[0.20014,5.74486],[0.19985,5.74486]]]},"properties":{"region":"Greater Accra","district":"Dangbe East","floods_1m":1,"floods_2m":1,"floods_3m":1,"first_flood_m":1,"nests":true,"area_km2":0.001}},{"type":"Feature","geometry":{"type":"Polygon","coordinates":[[[0.27114,5.95896],[0.25688,5.95896],[0.25688,5.97322],[0.27114,5.97322],[0.27114,5.95896]]]},"properties":{"region":"Greater Accra","district":"Dangbe East","floods_1m":0,"floods_2m":0,"floods_3m":1,"first_flood_m":3,"nests":true,"area_km2":2.501}},{"type":"Feature","geometry":{"type":"Polygon","coordinates":[[[0.10004,5.71658],[0.08578,5.71658],[0.08578,5.73084],[0.10004,5.73084],[0.10004,5.71658]]]},"properties":{"region":"Greater Accra","district":"Dangbe East","floods_1m":1,"floods_2m":1,"floods_3m":1,"first_flood_m":1,"nests":true,"area_km2":2.502}},{"type":"Feature","geometry":{"type":"Polygon","coordinates":[[[0.18559,5.75935],[0.17133,5.75935],[0.17133,5.77361],[0.18559,5.77361],[0.18559,5.75935]]]},"properties":{"region":"Greater Accra","district":"Dangbe East","floods_1m":1,"floods_2m":1,"floods_3m":1,"first_flood_m":1,"nests":true,"area_km2":2.502}},{"type":"Feature","geometry":{"type":"Polygon","coordinates":[[[0.19985,5.74509],[0.19431,5.74509],[0.19431,5.74514],[0.19153,5.74514],[0.19153,5.74542],[0.18847,5.74542],[0.18847,5.74514],[0.18736,5.74514],[0.18736,5.74509],[0.18559,5.74509],[0.18559,5.75935],[0.19985,5.75935],[0.19985,5.74509]]]},"properties":{"region":"Greater Accra","district":"Dangbe East","floods_1m":1,"floods_2m":1,"floods_3m":1,"first_flood_m":1,"nests":true,"area_km2":2.487}},{"type":"Feature","geometry":{"type":"Polygon","coordinates":[[[0.12856,5.70931],[0.12856,5.71658],[0.13375,5.71658],[0.13375,5.71597],[0.13347,5.71597],[0.13347,5.71569],[0.13292,5.71569],[0.13292,5.71542],[0.13264,5.71542],[0.13264,5.71486],[0.13236,5.71486],[0.13236,5.71264],[0.13208,5.71264],[0.13208,5.71208],[0.13181,5.71208],[0.13181,5.7118],[0.13125,5.7118],[0.13125,5.71153],[0.13097,5.71153],[0.13097,5.71125],[0.13069,5.71125],[0.13069,5.71097],[0.13042,5.71097],[0.13042,5.71069],[0.13014,5.71069],[0.13014,5.71042],[0.12986,5.71042],[0.12986,5.71014],[0.12958,5.71014],[0.12958,5.70986],[0.12931,5.70986],[0.12931,5.70958],[0.12875,5.70958],[0.12875,5.70931],[0.12856,5.70931]]]},"properties":{"region":"Greater Accra","district":"Dangbe East","floods_1m":1,"floods_2m":1,"floods_3m":1,"first_flood_m":1,"nests":true,"area_km2":0.285}},{"type":"Feature","geometry":{"type":"Polygon","coordinates":[[[0.10004,5.73084],[0.08578,5.73084],[0.08578,5.74509],[0.10004,5.74509],[0.10004,5.73084]]]},"properties":{"region":"Greater Accra","district":"Dangbe East","floods_1m":1,"floods_2m":1,"floods_3m":1,"first_flood_m":1,"nests":true,"area_km2":2.5}},{"type":"Feature","geometry":{"type":"Polygon","coordinates":[[[0.07153,5.72486],[0.07125,5.72486],[0.07125,5.72431],[0.07153,5.72431],[0.07153,5.72403],[0.07125,5.72403],[0.07125,5.72374],[0.0666,5.72584],[0.06224,5.72883],[0.06001,5.73084],[0.07153,5.73084],[0.07153,5.72486]]]},"properties":{"region":"Greater Accra","district":"Dangbe East","floods_1m":1,"floods_2m":1,"floods_3m":1,"first_flood_m":1,"nests":true,"area_km2":0.583}},{"type":"Feature","geometry":{"type":"Polygon","coordinates":[[[0.29965,5.78787],[0.2854,5.78787],[0.2854,5.7892],[0.2854,5.80212],[0.29965,5.80212],[0.29965,5.7892],[0.29965,5.78787]]]},"properties":{"region":"Greater Accra","district":"Dangbe East","floods_1m":1,"floods_2m":1,"floods_3m":1,"first_flood_m":1,"nests":true,"area_km2":2.498}},{"type":"Feature","geometry":{"type":"Polygon","coordinates":[[[0.18559,5.77361],[0.17133,5.77361],[0.17133,5.78787],[0.18559,5.78787],[0.18559,5.77361]]]},"properties":{"region":"Greater Accra","district":"Dangbe East","floods_1m":1,"floods_2m":1,"floods_3m":1,"first_flood_m":1,"nests":true,"area_km2":2.501}},{"type":"Feature","geometry":{"type":"Polygon","coordinates":[[[0.32817,5.7833],[0.32817,5.78787],[0.32918,5.78787],[0.32913,5.7849],[0.32906,5.78331],[0.32817,5.7833]]]},"properties":{"region":"Greater Accra","district":"Dangbe East","floods_1m":1,"floods_2m":1,"floods_3m":1,"first_flood_m":1,"nests":true,"area_km2":0.054}},{"type":"Feature","geometry":{"type":"Polygon","coordinates":[[[0.25688,6.00174],[0.24262,6.00174],[0.24262,6.01599],[0.25688,6.01599],[0.25688,6.00174]]]},"properties":{"region":"Greater Accra","district":"Dangbe East","floods_1m":0,"floods_2m":0,"floods_3m":1,"first_flood_m":3,"nests":true,"area_km2":2.499}},{"type":"Feature","geometry":{"type":"Polygon","coordinates":[[[0.17133,5.78787],[0.15707,5.78787],[0.15707,5.7892],[0.15707,5.80212],[0.17133,5.80212],[0.17133,5.7892],[0.17133,5.78787]]]},"properties":{"region":"Greater Accra","district":"Dangbe East","floods_1m":1,"floods_2m":1,"floods_3m":1,"first_flood_m":1,"nests":true,"area_km2":2.5}},{"type":"Feature","geometry":{"type":"Polygon","coordinates":[[[0.31391,5.80212],[0.29965,5.80212],[0.29965,5.81638],[0.31391,5.81638],[0.31391,5.80212]]]},"properties":{"region":"Greater Accra","district":"Dangbe East","floods_1m":1,"floods_2m":1,"floods_3m":1,"first_flood_m":1,"nests":true,"area_km2":2.501}},{"type":"Feature","geometry":{"type":"Polygon","coordinates":[[[0.17133,5.73569],[0.17125,5.73569],[0.17125,5.73514],[0.17069,5.73514],[0.17069,5.73486],[0.17042,5.73486],[0.17042,5.73458],[0.16986,5.73458],[0.16986,5.7343],[0.16931,5.7343],[0.16931,5.73403],[0.16903,5.73403],[0.16903,5.73375],[0.16875,5.73375],[0.16875,5.7343],[0.16847,5.7343],[0.16847,5.73458],[0.16764,5.73458],[0.16764,5.7343],[0.16736,5.7343],[0.16736,5.73403],[0.16681,5.73403],[0.16681,5.73375],[0.16625,5.73375],[0.16625,5.73347],[0.16597,5.73347],[0.16597,5.73319],[0.16542,5.73319],[0.16542,5.73292],[0.16514,5.73292],[0.16514,5.73236],[0.16458,5.73236],[0.16458,5.73208],[0.16375,5.73208],[0.16375,5.73181],[0.1632,5.73181],[0.1632,5.73153],[0.16236,5.73153],[0.16236,5.73125],[0.16181,5.73125],[0.16181,5.73097],[0.16097,5.73097],[0.16097,5.73084],[0.15707,5.73084],[0.15707,5.74509],[0.17133,5.74509],[0.17133,5.73569]]]},"properties":{"region":"Greater Accra","district":"Dangbe East","floods_1m":1,"floods_2m":1,"floods_3m":1,"first_flood_m":1,"nests":true,"area_km2":2.205}},{"type":"Feature","geometry":{"type":"Polygon","coordinates":[[[0.31391,5.8449],[0.29965,5.8449],[0.29965,5.85916],[0.31391,5.85916],[0.31391,5.8449]]]},"properties":{"region":"Greater Accra","district":"Dangbe East","floods_1m":1,"floods_2m":1,"floods_3m":1,"first_flood_m":1,"nests":true,"area_km2":2.501}},{"type":"Feature","geometry":{"type":"Polygon","coordinates":[[[0.18559,6.07715],[0.18559,6.07303],[0.17133,6.07303],[0.17133,6.08131],[0.1768,6.07846],[0.17979,6.07768],[0.18559,6.07715]]]},"properties":{"region":"Greater Accra","district":"Dangbe East","floods_1m":0,"floods_2m":0,"floods_3m":1,"first_flood_m":3,"nests":true,"area_km2":0.959}},{"type":"Feature","geometry":{"type":"Polygon","coordinates":[[[0.29965,6.00174],[0.2854,6.00174],[0.2854,6.01599],[0.29965,6.01599],[0.29965,6.00174]]]},"properties":{"region":"Greater Accra","district":"Dangbe East","floods_1m":0,"floods_2m":0,"floods_3m":1,"first_flood_m":3,"nests":true,"area_km2":2.497}},{"type":"Feature","geometry":{"type":"Polygon","coordinates":[[[0.27114,5.98748],[0.25688,5.98748],[0.25688,6.00174],[0.27114,6.00174],[0.27114,5.98748]]]},"properties":{"region":"Greater Accra","district":"Dangbe East","floods_1m":1,"floods_2m":1,"floods_3m":1,"first_flood_m":1,"nests":true,"area_km2":2.501}},{"type":"Feature","geometry":{"type":"Polygon","coordinates":[[[0.19985,5.75935],[0.18559,5.75935],[0.18559,5.77361],[0.19985,5.77361],[0.19985,5.75935]]]},"properties":{"region":"Greater Accra","district":"Dangbe East","floods_1m":1,"floods_2m":1,"floods_3m":1,"first_flood_m":1,"nests":true,"area_km2":2.502}},{"type":"Feature","geometry":{"type":"Polygon","coordinates":[[[0.32817,5.81638],[0.31391,5.81638],[0.31391,5.83064],[0.32817,5.83064],[0.32817,5.81638]]]},"properties":{"region":"Greater Accra","district":"Dangbe East","floods_1m":1,"floods_2m":1,"floods_3m":1,"first_flood_m":1,"nests":true,"area_km2":2.501}},{"type":"Feature","geometry":{"type":"Polygon","coordinates":[[[0.29965,5.98748],[0.2854,5.98748],[0.2854,6.00174],[0.29965,6.00174],[0.29965,5.98748]]]},"properties":{"region":"Greater Accra","district":"Dangbe East","floods_1m":0,"floods_2m":1,"floods_3m":1,"first_flood_m":2,"nests":true,"area_km2":2.499}},{"type":"Feature","geometry":{"type":"Polygon","coordinates":[[[0.2854,5.77542],[0.28514,5.77542],[0.28514,5.77514],[0.28403,5.77514],[0.28403,5.77486],[0.2833,5.77486],[0.28292,5.77486],[0.28292,5.77458],[0.28208,5.77458],[0.28212,5.77431],[0.28097,5.7743],[0.28097,5.77403],[0.27986,5.77403],[0.27986,5.77375],[0.27903,5.77375],[0.27903,5.77361],[0.27114,5.77361],[0.27114,5.78787],[0.2854,5.78787],[0.2854,5.77542]]]},"properties":{"region":"Greater Accra","district":"Dangbe East","floods_1m":1,"floods_2m":1,"floods_3m":1,"first_flood_m":1,"nests":true,"area_km2":2.431}},{"type":"Feature","geometry":{"type":"Polygon","coordinates":[[[0.27114,6.04451],[0.25688,6.04451],[0.25688,6.05877],[0.27114,6.05877],[0.27114,6.04451]]]},"properties":{"region":"Greater Accra","district":"Dangbe East","floods_1m":0,"floods_2m":1,"floods_3m":1,"first_flood_m":2,"nests":true,"area_km2":2.5}},{"type":"Feature","geometry":{"type":"Polygon","coordinates":[[[0.31391,5.78069],[0.31264,5.78069],[0.31264,5.78042],[0.31124,5.78047],[0.31125,5.78014],[0.30986,5.78014],[0.30986,5.77986],[0.30875,5.77986],[0.30875,5.77958],[0.30764,5.77958],[0.30764,5.77931],[0.30653,5.77931],[0.30653,5.77903],[0.30542,5.77903],[0.30542,5.77875],[0.30431,5.77875],[0.30431,5.77847],[0.30319,5.77847],[0.30319,5.77819],[0.30208,5.77819],[0.30208,5.77792],[0.30069,5.77792],[0.30069,5.77764],[0.29965,5.77764],[0.29965,5.78787],[0.31391,5.78787],[0.31391,5.78069]]]},"properties":{"region":"Greater Accra","district":"Dangbe East","floods_1m":1,"floods_2m":1,"floods_3m":1,"first_flood_m":1,"nests":true,"area_km2":1.519}},{"type":"Feature","geometry":{"type":"Polygon","coordinates":[[[0.27114,6.03025],[0.25688,6.03025],[0.25688,6.04451],[0.27114,6.04451],[0.27114,6.03025]]]},"properties":{"region":"Greater Accra","district":"Dangbe East","floods_1m":0,"floods_2m":0,"floods_3m":1,"first_flood_m":3,"nests":true,"area_km2":2.5}},{"type":"Feature","geometry":{"type":"Polygon","coordinates":[[[0.27114,5.97322],[0.25688,5.97322],[0.25688,5.98748],[0.27114,5.98748],[0.27114,5.97322]]]},"properties":{"region":"Greater Accra","district":"Dangbe East","floods_1m":0,"floods_2m":0,"floods_3m":1,"first_flood_m":3,"nests":true,"area_km2":2.501}},{"type":"Feature","geometry":{"type":"Polygon","coordinates":[[[0.273,6.07303],[0.2854,6.06079],[0.2854,6.05877],[0.27114,6.05877],[0.27114,6.07303],[0.273,6.07303]]]},"properties":{"region":"Greater Accra","district":"Dangbe East","floods_1m":0,"floods_2m":1,"floods_3m":1,"first_flood_m":2,"nests":true,"area_km2":1.567}},{"type":"Feature","geometry":{"type":"Polygon","coordinates":[[[0.22836,5.75097],[0.22819,5.75097],[0.22819,5.75069],[0.22708,5.75069],[0.22708,5.75042],[0.22653,5.75042],[0.22653,5.75014],[0.22597,5.75014],[0.22597,5.74986],[0.22542,5.74986],[0.22542,5.74958],[0.22486,5.74958],[0.22486,5.74931],[0.22347,5.74931],[0.22347,5.74903],[0.22319,5.74903],[0.22319,5.74847],[0.22264,5.74847],[0.22264,5.7482],[0.22208,5.74819],[0.22208,5.74792],[0.22125,5.74792],[0.22125,5.74764],[0.22069,5.74764],[0.22069,5.74736],[0.22035,5.74736],[0.22014,5.74736],[0.22014,5.74708],[0.21903,5.74708],[0.21903,5.74681],[0.21678,5.7468],[0.2168,5.74653],[0.21542,5.74654],[0.21542,5.74625],[0.21411,5.74625],[0.21411,5.75935],[0.22035,5.75935],[0.22836,5.75935],[0.22836,5.75097]]]},"properties":{"region":"Greater Accra","district":"Dangbe East","floods_1m":1,"floods_2m":1,"floods_3m":1,"first_flood_m":1,"nests":true,"area_km2":1.968}},{"type":"Feature","geometry":{"type":"Polygon","coordinates":[[[0.31391,5.98748],[0.29965,5.98748],[0.29965,6.00174],[0.31391,6.00174],[0.31391,5.98748]]]},"properties":{"region":"Greater Accra","district":"Dangbe East","floods_1m":0,"floods_2m":1,"floods_3m":1,"first_flood_m":2,"nests":true,"area_km2":2.501}},{"type":"Feature","geometry":{"type":"Polygon","coordinates":[[[0.24262,5.75935],[0.22836,5.75935],[0.22836,5.77361],[0.24262,5.77361],[0.24262,5.75935]]]},"properties":{"region":"Greater Accra","district":"Dangbe East","floods_1m":1,"floods_2m":1,"floods_3m":1,"first_flood_m":1,"nests":true,"area_km2":2.502}},{"type":"Feature","geometry":{"type":"Polygon","coordinates":[[[0.08578,5.74509],[0.07153,5.74509],[0.07153,5.75935],[0.08578,5.75935],[0.08578,5.74509]]]},"properties":{"region":"Greater Accra","district":"Dangbe East","floods_1m":1,"floods_2m":1,"floods_3m":1,"first_flood_m":1,"nests":true,"area_km2":2.5}},{"type":"Feature","geometry":{"type":"Polygon","coordinates":[[[0.18559,5.74431],[0.18514,5.74431],[0.18514,5.74403],[0.18458,5.74403],[0.18458,5.74375],[0.1843,5.74375],[0.1843,5.74347],[0.18375,5.74347],[0.18375,5.7432],[0.18319,5.7432],[0.18319,5.74292],[0.18236,5.74292],[0.18236,5.7432],[0.18208,5.7432],[0.18208,5.74347],[0.18153,5.74347],[0.18153,5.74375],[0.18125,5.74375],[0.18125,5.74431],[0.18069,5.74431],[0.18069,5.74375],[0.18042,5.74375],[0.18042,5.74292],[0.18014,5.74292],[0.18014,5.74264],[0.17986,5.74264],[0.17986,5.74208],[0.18153,5.74208],[0.18153,5.74181],[0.1818,5.74181],[0.1818,5.74153],[0.18208,5.74153],[0.18208,5.74097],[0.1818,5.74097],[0.1818,5.74042],[0.17986,5.74042],[0.17986,5.74014],[0.17847,5.74014],[0.17847,5.73986],[0.17764,5.73986],[0.17764,5.73958],[0.17708,5.73958],[0.17708,5.73931],[0.17569,5.73931],[0.17569,5.73903],[0.17486,5.73903],[0.17486,5.73875],[0.17458,5.73875],[0.17458,5.73847],[0.17403,5.73847],[0.17403,5.73819],[0.17375,5.73819],[0.17375,5.73792],[0.17347,5.73792],[0.17347,5.73764],[0.17319,5.73764],[0.17319,5.73736],[0.17292,5.73736],[0.17292,5.73708],[0.17264,5.73708],[0.17264,5.7368],[0.17236,5.7368],[0.17236,5.73653],[0.17208,5.73653],[0.17208,5.73625],[0.17181,5.73625],[0.17181,5.73597],[0.17153,5.73597],[0.17153,5.73569],[0.17133,5.73569],[0.17133,5.74509],[0.18559,5.74509],[0.18559,5.74431]]]},"properties":{"region":"Greater Accra","district":"Dangbe East","floods_1m":1,"floods_2m":1,"floods_3m":1,"first_flood_m":1,"nests":true,"area_km2":0.824}},{"type":"Feature","geometry":{"type":"Polygon","coordinates":[[[0.24262,5.75792],[0.24153,5.75792],[0.24153,5.75764],[0.24042,5.75764],[0.24042,5.75736],[0.23875,5.75736],[0.23875,5.75708],[0.23792,5.75708],[0.23792,5.75681],[0.23736,5.75681],[0.23736,5.75653],[0.23625,5.75653],[0.23625,5.75625],[0.23486,5.75625],[0.23486,5.75597],[0.23403,5.75597],[0.23403,5.75569],[0.23375,5.75569],[0.23375,5.75542],[0.23292,5.75542],[0.23292,5.75514],[0.23264,5.75514],[0.23264,5.75486],[0.23236,5.75486],[0.23236,5.75458],[0.23208,5.75458],[0.23208,5.75431],[0.2318,5.75431],[0.2318,5.75375],[0.23125,5.75375],[0.23125,5.75347],[0.23097,5.75347],[0.23097,5.75319],[0.23069,5.75319],[0.23069,5.75292],[0.23042,5.75292],[0.23042,5.75264],[0.23014,5.75264],[0.23014,5.75236],[0.22986,5.75236],[0.22986,5.75208],[0.22959,5.75208],[0.22959,5.75181],[0.22931,5.75181],[0.22931,5.75153],[0.22903,5.75153],[0.22903,5.75125],[0.22875,5.75125],[0.22875,5.75097],[0.22836,5.75097],[0.22836,5.75935],[0.24262,5.75935],[0.24262,5.75792]]]},"properties":{"region":"Greater Accra","district":"Dangbe East","floods_1m":1,"floods_2m":1,"floods_3m":1,"first_flood_m":1,"nests":true,"area_km2":0.66}},{"type":"Feature","geometry":{"type":"Polygon","coordinates":[[[0.22836,6.08728],[0.22035,6.08728],[0.21961,6.08728],[0.2229,6.08905],[0.22588,6.08984],[0.22836,6.09017],[0.22836,6.08728]]]},"properties":{"region":"Greater Accra","district":"Dangbe East","floods_1m":1,"floods_2m":1,"floods_3m":1,"first_flood_m":1,"nests":true,"area_km2":0.198}},{"type":"Feature","geometry":{"type":"Polygon","coordinates":[[[0.21411,5.77361],[0.19985,5.77361],[0.19985,5.78787],[0.21411,5.78787],[0.21411,5.77361]]]},"properties":{"region":"Greater Accra","district":"Dangbe East","floods_1m":1,"floods_2m":1,"floods_3m":1,"first_flood_m":1,"nests":true,"area_km2":2.501}},{"type":"Feature","geometry":{"type":"Polygon","coordinates":[[[0.29965,6.01599],[0.2854,6.01599],[0.2854,6.03025],[0.29965,6.03025],[0.29965,6.01599]]]},"properties":{"region":"Greater Accra","district":"Dangbe East","floods_1m":1,"floods_2m":1,"floods_3m":1,"first_flood_m":1,"nests":true,"area_km2":2.499}},{"type":"Feature","geometry":{"type":"Polygon","coordinates":[[[0.32817,5.80212],[0.31391,5.80212],[0.31391,5.81638],[0.32817,5.81638],[0.32817,5.80212]]]},"properties":{"region":"Greater Accra","district":"Dangbe East","floods_1m":1,"floods_2m":1,"floods_3m":1,"first_flood_m":1,"nests":true,"area_km2":2.501}},{"type":"Feature","geometry":{"type":"Polygon","coordinates":[[[0.28744,6.05877],[0.29404,6.05226],[0.29877,6.0483],[0.29965,6.04768],[0.29965,6.04451],[0.2854,6.04451],[0.2854,6.05877],[0.28744,6.05877]]]},"properties":{"region":"Greater Accra","district":"Dangbe East","floods_1m":0,"floods_2m":0,"floods_3m":1,"first_flood_m":3,"nests":true,"area_km2":1.624}},{"type":"Feature","geometry":{"type":"Polygon","coordinates":[[[0.32918,5.78787],[0.32817,5.78787],[0.32817,5.7892],[0.32817,5.80212],[0.32933,5.80212],[0.32934,5.79663],[0.32918,5.78787]]]},"properties":{"region":"Greater Accra","district":"Dangbe East","floods_1m":1,"floods_2m":1,"floods_3m":1,"first_flood_m":1,"nests":true,"area_km2":0.196}},{"type":"Feature","geometry":{"type":"Polygon","coordinates":[[[0.3217,6.00174],[0.31391,6.00174],[0.31391,6.01599],[0.32175,6.01599],[0.3218,6.00307],[0.3217,6.00174]]]},"properties":{"region":"Greater Accra","district":"Dangbe East","floods_1m":1,"floods_2m":1,"floods_3m":1,"first_flood_m":1,"nests":true,"area_km2":1.378}},{"type":"Feature","geometry":{"type":"Polygon","coordinates":[[[0.22836,6.07303],[0.22035,6.07303],[0.21411,6.07303],[0.21411,6.08447],[0.21528,6.08497],[0.21961,6.08728],[0.22035,6.08728],[0.22836,6.08728],[0.22836,6.07303]]]},"properties":{"region":"Greater Accra","district":"Dangbe East","floods_1m":0,"floods_2m":1,"floods_3m":1,"first_flood_m":2,"nests":true,"area_km2":2.398}},{"type":"Feature","geometry":{"type":"Polygon","coordinates":[[[0.10004,5.74509],[0.08578,5.74509],[0.08578,5.75935],[0.10004,5.75935],[0.10004,5.74509]]]},"properties":{"region":"Greater Accra","district":"Dangbe East","floods_1m":0,"floods_2m":0,"floods_3m":1,"first_flood_m":3,"nests":true,"area_km2":2.502}},{"type":"Feature","geometry":{"type":"Polygon","coordinates":[[[0.27114,5.77208],[0.27114,5.77361],[0.27903,5.77361],[0.27903,5.77347],[0.27819,5.77347],[0.27819,5.77319],[0.27708,5.77319],[0.27708,5.77292],[0.27542,5.77292],[0.27542,5.77264],[0.27403,5.77264],[0.27403,5.77236],[0.27375,5.77236],[0.27375,5.77264],[0.27347,5.77264],[0.27347,5.77292],[0.27292,5.77292],[0.27292,5.77264],[0.27208,5.77264],[0.27208,5.77236],[0.27153,5.77236],[0.27153,5.77208],[0.27114,5.77208]]]},"properties":{"region":"Greater Accra","district":"Dangbe East","floods_1m":1,"floods_2m":1,"floods_3m":1,"first_flood_m":1,"nests":true,"area_km2":0.076}},{"type":"Feature","geometry":{"type":"Polygon","coordinates":[[[0.29965,5.77764],[0.29903,5.77764],[0.29903,5.77736],[0.29764,5.77736],[0.29764,5.77708],[0.29597,5.77708],[0.29597,5.77681],[0.2943,5.77681],[0.2943,5.77653],[0.29292,5.77653],[0.29292,5.77625],[0.28931,5.77625],[0.28931,5.77597],[0.28875,5.77597],[0.28875,5.77569],[0.28708,5.77569],[0.28708,5.77542],[0.2854,5.77542],[0.2854,5.78787],[0.29965,5.78787],[0.29965,5.77764]]]},"properties":{"region":"Greater Accra","district":"Dangbe East","floods_1m":1,"floods_2m":1,"floods_3m":1,"first_flood_m":1,"nests":true,"area_km2":2.005}},{"type":"Feature","geometry":{"type":"Polygon","coordinates":[[[0.25688,5.9447],[0.24262,5.9447],[0.24262,5.95896],[0.25688,5.95896],[0.25688,5.9447]]]},"properties":{"region":"Greater Accra","district":"Dangbe East","floods_1m":1,"floods_2m":1,"floods_3m":1,"first_flood_m":1,"nests":true,"area_km2":2.501}},{"type":"Feature","geometry":{"type":"Polygon","coordinates":[[[0.15937,6.08728],[0.15707,6.08728],[0.15707,6.08875],[0.15937,6.08728]]]},"properties":{"region":"Greater Accra","district":"Dangbe East","floods_1m":0,"floods_2m":0,"floods_3m":1,"first_flood_m":3,"nests":true,"area_km2":0.021}},{"type":"Feature","geometry":{"type":"Polygon","coordinates":[[[0.32817,5.83064],[0.31391,5.83064],[0.31391,5.8449],[0.32817,5.8449],[0.32817,5.83064]]]},"properties":{"region":"Greater Accra","district":"Dangbe East","floods_1m":1,"floods_2m":1,"floods_3m":1,"first_flood_m":1,"nests":true,"area_km2":2.501}},{"type":"Feature","geometry":{"type":"Polygon","coordinates":[[[0.2854,6.00174],[0.27114,6.00174],[0.27114,6.01599],[0.2854,6.01599],[0.2854,6.00174]]]},"properties":{"region":"Greater Accra","district":"Dangbe East","floods_1m":0,"floods_2m":1,"floods_3m":1,"first_flood_m":2,"nests":true,"area_km2":2.499}},{"type":"Feature","geometry":{"type":"Polygon","coordinates":[[[0.10004,5.70232],[0.08706,5.70232],[0.08578,5.70424],[0.08578,5.71658],[0.10004,5.71658],[0.10004,5.70232]]]},"properties":{"region":"Greater Accra","district":"Dangbe East","floods_1m":0,"floods_2m":0,"floods_3m":1,"first_flood_m":3,"nests":true,"area_km2":2.487}},{"type":"Feature","geometry":{"type":"Polygon","coordinates":[[[0.12856,5.70931],[0.12847,5.70931],[0.12847,5.70903],[0.1282,5.70903],[0.1282,5.70875],[0.12792,5.70875],[0.12792,5.70847],[0.1268,5.70847],[0.1268,5.7082],[0.12653,5.7082],[0.12653,5.70736],[0.12625,5.70736],[0.12625,5.70708],[0.12486,5.70708],[0.12486,5.70681],[0.12347,5.70681],[0.12347,5.70653],[0.12236,5.70653],[0.12236,5.70625],[0.12125,5.70625],[0.12125,5.70597],[0.11931,5.70597],[0.11931,5.70569],[0.11847,5.70569],[0.11847,5.70542],[0.11819,5.70542],[0.11819,5.70514],[0.11736,5.70514],[0.11736,5.70486],[0.11708,5.70486],[0.11708,5.70458],[0.11597,5.70458],[0.11597,5.70431],[0.1143,5.70431],[0.1143,5.71658],[0.12856,5.71658],[0.12856,5.70931]]]},"properties":{"region":"Greater Accra","district":"Dangbe East","floods_1m":1,"floods_2m":1,"floods_3m":1,"first_flood_m":1,"nests":true,"area_km2":1.817}},{"type":"Feature","geometry":{"type":"Polygon","coordinates":[[[0.62759,5.80212],[0.61333,5.80212],[0.61333,5.81638],[0.62759,5.81638],[0.62759,5.80212]]]},"properties":{"region":"Greater Accra","district":"Dangbe West","floods_1m":1,"floods_2m":1,"floods_3m":1,"first_flood_m":1,"nests":true,"area_km2":2.501}},{"type":"Feature","geometry":{"type":"MultiPolygon","coordinates":[[[[0.5563,5.81638],[0.54204,5.81638],[0.54204,5.82347],[0.54347,5.82347],[0.54347,5.82319],[0.54681,5.82319],[0.54681,5.82292],[0.54847,5.82292],[0.54847,5.82319],[0.54931,5.82319],[0.54931,5.82347],[0.54986,5.82347],[0.54986,5.82375],[0.55014,5.82375],[0.55014,5.82431],[0.54986,5.82431],[0.54986,5.82458],[0.54764,5.82458],[0.54764,5.82431],[0.54681,5.82431],[0.54681,5.82458],[0.54653,5.82458],[0.54653,5.82514],[0.54681,5.82514],[0.54681,5.82542],[0.54708,5.82542],[0.54708,5.8257],[0.54736,5.8257],[0.54736,5.82597],[0.54792,5.82597],[0.54792,5.82625],[0.54847,5.82625],[0.54847,5.82653],[0.54903,5.82653],[0.54903,5.82681],[0.54958,5.82681],[0.54958,5.82708],[0.55014,5.82708],[0.55014,5.82736],[0.55042,5.82736],[0.55042,5.82764],[0.55097,5.82764],[0.55097,5.82792],[0.55153,5.82792],[0.55153,5.8282],[0.55181,5.8282],[0.55181,5.82875],[0.55292,5.82875],[0.55292,5.82903],[0.55319,5.82903],[0.55319,5.82958],[0.55347,5.82958],[0.55347,5.83042],[0.55403,5.83042],[0.55403,5.83064],[0.5563,5.83064],[0.5563,5.81638]]],[[[0.54204,5.82458],[0.54204,5.83064],[0.55042,5.83064],[0.55042,5.83042],[0.55014,5.83042],[0.55014,5.82903],[0.55042,5.82903],[0.55042,5.82875],[0.55014,5.82875],[0.55014,5.82847],[0.54958,5.82847],[0.54958,5.8282],[0.54931,5.8282],[0.54931,5.82764],[0.54903,5.82764],[0.54903,5.82736],[0.54847,5.82736],[0.54847,5.82708],[0.54708,5.82708],[0.54708,5.82681],[0.54681,5.82681],[0.54681,5.82653],[0.54625,5.82653],[0.54625,5.82625],[0.54597,5.82625],[0.54597,5.82597],[0.54569,5.82597],[0.54569,5.8257],[0.54542,5.8257],[0.54542,5.82542],[0.54514,5.82542],[0.54514,5.82514],[0.54486,5.82514],[0.54486,5.82458],[0.54204,5.82458]]]]},"properties":{"region":"Greater Accra","district":"Dangbe West","floods_1m":1,"floods_2m":1,"floods_3m":1,"first_flood_m":1,"nests":true,"area_km2":2.2}},{"type":"Feature","geometry":{"type":"Polygon","coordinates":[[[0.48501,5.82319],[0.48486,5.82319],[0.48486,5.82347],[0.48403,5.82347],[0.48403,5.82431],[0.4843,5.82431],[0.4843,5.82458],[0.48458,5.82458],[0.48458,5.82542],[0.4843,5.82542],[0.4843,5.8257],[0.48375,5.8257],[0.48375,5.82597],[0.4832,5.82597],[0.4832,5.8257],[0.48292,5.8257],[0.48292,5.82542],[0.48236,5.82542],[0.48236,5.82514],[0.48125,5.82514],[0.48125,5.82542],[0.48097,5.82542],[0.48097,5.82597],[0.4807,5.82597],[0.4807,5.82625],[0.48042,5.82625],[0.48042,5.82681],[0.48014,5.82681],[0.48014,5.82708],[0.47986,5.82708],[0.47986,5.82736],[0.4793,5.82736],[0.4793,5.82708],[0.47903,5.82708],[0.47903,5.82681],[0.47875,5.82681],[0.47875,5.82653],[0.47847,5.82653],[0.47847,5.82597],[0.47875,5.82597],[0.47875,5.8257],[0.47903,5.8257],[0.47903,5.82542],[0.4793,5.82542],[0.4793,5.82486],[0.47764,5.82486],[0.47764,5.82514],[0.47625,5.82514],[0.47625,5.82542],[0.4757,5.82542],[0.4757,5.82514],[0.47542,5.82514],[0.47542,5.82542],[0.47486,5.82542],[0.47486,5.8257],[0.47514,5.8257],[0.47514,5.82625],[0.47486,5.82625],[0.47486,5.82653],[0.47458,5.82653],[0.47458,5.82708],[0.4743,5.82708],[0.4743,5.82792],[0.47458,5.82792],[0.47458,5.82847],[0.4743,5.82847],[0.4743,5.82875],[0.47403,5.82875],[0.47403,5.82903],[0.47347,5.82903],[0.47347,5.82958],[0.47375,5.82958],[0.47375,5.83014],[0.47486,5.83014],[0.47486,5.83042],[0.47597,5.83042],[0.47597,5.83064],[0.48501,5.83064],[0.48501,5.82319]]]},"properties":{"region":"Greater Accra","district":"Dangbe West","floods_1m":1,"floods_2m":1,"floods_3m":1,"first_flood_m":1,"nests":true,"area_km2":0.67}},{"type":"Feature","geometry":{"type":"MultiPolygon","coordinates":[[[[0.48501,5.79958],[0.48501,5.79597],[0.4832,5.79597],[0.4832,5.79625],[0.48264,5.79625],[0.48264,5.79653],[0.4818,5.79653],[0.4818,5.7968],[0.48014,5.7968],[0.48014,5.79653],[0.47986,5.79653],[0.47986,5.79625],[0.47958,5.79625],[0.47958,5.79569],[0.4793,5.79569],[0.4793,5.79514],[0.47903,5.79514],[0.47903,5.79486],[0.47875,5.79486],[0.47875,5.7943],[0.47847,5.7943],[0.47847,5.79347],[0.47875,5.79347],[0.47875,5.79319],[0.47903,5.79319],[0.47903,5.79292],[0.4793,5.79292],[0.4793,5.79208],[0.47903,5.79208],[0.47903,5.7918],[0.47847,5.7918],[0.47847,5.79153],[0.4782,5.79153],[0.4782,5.79125],[0.47792,5.79125],[0.47792,5.79097],[0.47736,5.79097],[0.47736,5.7907],[0.47708,5.7907],[0.47708,5.79042],[0.47653,5.79042],[0.47653,5.79014],[0.47597,5.79014],[0.47597,5.78986],[0.4757,5.78986],[0.4757,5.78931],[0.47597,5.78931],[0.47597,5.78903],[0.47708,5.78903],[0.47708,5.78875],[0.47875,5.78875],[0.47875,5.78903],[0.4793,5.78903],[0.4793,5.7892],[0.4793,5.78931],[0.47958,5.78931],[0.47958,5.78903],[0.48042,5.78903],[0.48042,5.78875],[0.4807,5.78875],[0.4807,5.78847],[0.48125,5.78847],[0.48125,5.78875],[0.48153,5.78875],[0.48153,5.78903],[0.48264,5.78903],[0.48264,5.78875],[0.48292,5.78875],[0.48292,5.78847],[0.48501,5.78847],[0.48501,5.78787],[0.4793,5.78787],[0.4793,5.78792],[0.4757,5.78792],[0.4757,5.7882],[0.47075,5.7882],[0.47075,5.7892],[0.47075,5.7943],[0.47097,5.7943],[0.47097,5.79403],[0.47236,5.79403],[0.47236,5.7943],[0.47264,5.7943],[0.47264,5.79458],[0.47292,5.79458],[0.47292,5.79542],[0.47347,5.79542],[0.47347,5.79569],[0.47375,5.79569],[0.47375,5.79597],[0.47403,5.79597],[0.47403,5.79653],[0.4743,5.79653],[0.4743,5.79736],[0.47458,5.79736],[0.47458,5.79764],[0.47486,5.79764],[0.47486,5.79792],[0.47514,5.79792],[0.47514,5.79875],[0.47542,5.79875],[0.47542,5.7993],[0.4757,5.7993],[0.4757,5.79986],[0.47597,5.79986],[0.47597,5.80014],[0.47736,5.80014],[0.47736,5.79986],[0.47875,5.79986],[0.47875,5.80014],[0.48097,5.80014],[0.48097,5.80042],[0.48264,5.80042],[0.48264,5.80014],[0.48292,5.80014],[0.48292,5.79986],[0.48347,5.79986],[0.48347,5.79958],[0.48375,5.79958],[0.48375,5.7993],[0.48486,5.7993],[0.48486,5.79958],[0.48501,5.79958]]],[[[0.47075,5.79486],[0.47075,5.79514],[0.47097,5.79514],[0.47097,5.79486],[0.47075,5.79486]]],[[[0.48501,5.79264],[0.48458,5.79264],[0.48458,5.79292],[0.4843,5.79292],[0.4843,5.79347],[0.48403,5.79347],[0.48403,5.79486],[0.48501,5.79486],[0.48501,5.79264]]]]},"properties":{"region":"Greater Accra","district":"Dangbe West","floods_1m":1,"floods_2m":1,"floods_3m":1,"first_flood_m":1,"nests":true,"area_km2":1.232}},{"type":"Feature","geometry":{"type":"Polygon","coordinates":[[[0.35669,5.78787],[0.34243,5.78787],[0.34243,5.7892],[0.34243,5.80212],[0.35669,5.80212],[0.35669,5.7892],[0.35669,5.78787]]]},"properties":{"region":"Greater Accra","district":"Dangbe West","floods_1m":1,"floods_2m":1,"floods_3m":1,"first_flood_m":1,"nests":true,"area_km2":2.5}},{"type":"Feature","geometry":{"type":"Polygon","coordinates":[[[0.58481,5.80212],[0.57056,5.80212],[0.57056,5.81638],[0.58481,5.81638],[0.58481,5.80212]]]},"properties":{"region":"Greater Accra","district":"Dangbe West","floods_1m":1,"floods_2m":1,"floods_3m":1,"first_flood_m":1,"nests":true,"area_km2":2.5}},{"type":"Feature","geometry":{"type":"MultiPolygon","coordinates":[[[[0.45649,5.81625],[0.4557,5.81625],[0.4557,5.81638],[0.45649,5.81638],[0.45649,5.81625]]],[[[0.44223,5.81403],[0.44223,5.81638],[0.44736,5.81638],[0.44736,5.81625],[0.44764,5.81625],[0.44764,5.81597],[0.44792,5.81597],[0.44792,5.81625],[0.44847,5.81625],[0.44847,5.81597],[0.44958,5.81597],[0.44958,5.81569],[0.45042,5.81569],[0.45042,5.81542],[0.45014,5.81542],[0.45014,5.81514],[0.4482,5.81514],[0.4482,5.81486],[0.44764,5.81486],[0.44764,5.81458],[0.44736,5.81458],[0.44736,5.81292],[0.44764,5.81292],[0.44764,5.81236],[0.44792,5.81236],[0.44792,5.81208],[0.4482,5.81208],[0.4482,5.81181],[0.44847,5.81181],[0.44847,5.81069],[0.4482,5.81069],[0.4482,5.81042],[0.44792,5.81042],[0.44792,5.81069],[0.44764,5.81069],[0.44764,5.81097],[0.44708,5.81097],[0.44708,5.81125],[0.44681,5.81125],[0.44681,5.81153],[0.44653,5.81153],[0.44653,5.81181],[0.44625,5.81181],[0.44625,5.81208],[0.44597,5.81208],[0.44597,5.81264],[0.44569,5.81264],[0.44569,5.81292],[0.44542,5.81292],[0.44542,5.81319],[0.44514,5.81319],[0.44514,5.81347],[0.44486,5.81347],[0.44486,5.81375],[0.44347,5.81375],[0.44347,5.81403],[0.44223,5.81403]]],[[[0.4518,5.81264],[0.4518,5.81208],[0.45208,5.81208],[0.45208,5.81181],[0.45236,5.81181],[0.45236,5.81153],[0.45264,5.81153],[0.45264,5.81125],[0.45292,5.81125],[0.45292,5.81014],[0.45264,5.81014],[0.45264,5.80986],[0.45236,5.80986],[0.45236,5.80958],[0.45208,5.80958],[0.45208,5.80931],[0.4518,5.80931],[0.4518,5.80903],[0.45153,5.80903],[0.45153,5.80875],[0.45125,5.80875],[0.45125,5.80847],[0.45097,5.80847],[0.45097,5.80819],[0.45014,5.80819],[0.45014,5.80847],[0.44986,5.80847],[0.44986,5.80875],[0.44958,5.80875],[0.44958,5.80903],[0.4493,5.80903],[0.4493,5.81014],[0.44958,5.81014],[0.44958,5.81069],[0.45042,5.81069],[0.45042,5.81097],[0.4507,5.81097],[0.4507,5.81153],[0.45097,5.81153],[0.45097,5.81236],[0.45125,5.81236],[0.45125,5.81264],[0.4518,5.81264]]],[[[0.45375,5.80847],[0.45375,5.80819],[0.4543,5.80819],[0.4543,5.80764],[0.45458,5.80764],[0.45458,5.80736],[0.45403,5.80736],[0.45403,5.80708],[0.45264,5.80708],[0.45264,5.80681],[0.45208,5.80681],[0.45208,5.80792],[0.45236,5.80792],[0.45236,5.80819],[0.45292,5.80819],[0.45292,5.80847],[0.45375,5.80847]]],[[[0.45649,5.80212],[0.44792,5.80212],[0.44792,5.80236],[0.4482,5.80236],[0.4482,5.80264],[0.44847,5.80264],[0.44847,5.80347],[0.4493,5.80347],[0.4493,5.80319],[0.44986,5.80319],[0.44986,5.80292],[0.4507,5.80292],[0.4507,5.80264],[0.4518,5.80264],[0.4518,5.80292],[0.45208,5.80292],[0.45208,5.80431],[0.4518,5.80431],[0.4518,5.80514],[0.45208,5.80514],[0.45208,5.80542],[0.45236,5.80542],[0.45236,5.80569],[0.45292,5.80569],[0.45292,5.80597],[0.45458,5.80597],[0.45458,5.80625],[0.45542,5.80625],[0.45542,5.80653],[0.45625,5.80653],[0.45625,5.80681],[0.45649,5.80681],[0.45649,5.80212]]]]},"properties":{"region":"Greater Accra","district":"Dangbe West","floods_1m":1,"floods_2m":1,"floods_3m":1,"first_flood_m":1,"nests":true,"area_km2":0.674}},{"type":"Feature","geometry":{"type":"Polygon","coordinates":[[[0.58481,5.95187],[0.58481,5.9447],[0.57056,5.9447],[0.57056,5.95896],[0.57929,5.95896],[0.58003,5.95833],[0.5834,5.95437],[0.58454,5.95253],[0.58481,5.95187]]]},"properties":{"region":"Greater Accra","district":"Dangbe West","floods_1m":1,"floods_2m":1,"floods_3m":1,"first_flood_m":1,"nests":true,"area_km2":2.288}},{"type":"Feature","geometry":{"type":"MultiPolygon","coordinates":[[[[0.48501,5.79264],[0.48501,5.79486],[0.48514,5.79486],[0.48514,5.79514],[0.48542,5.79514],[0.48542,5.79569],[0.48514,5.79569],[0.48514,5.79597],[0.48501,5.79597],[0.48501,5.79958],[0.48597,5.79958],[0.48597,5.79986],[0.48708,5.79986],[0.48708,5.80014],[0.48736,5.80014],[0.48736,5.7993],[0.48764,5.7993],[0.48764,5.79875],[0.48792,5.79875],[0.48792,5.79847],[0.48875,5.79847],[0.48875,5.79875],[0.49042,5.79875],[0.49042,5.79847],[0.49069,5.79847],[0.49069,5.79764],[0.49042,5.79764],[0.49042,5.79708],[0.49014,5.79708],[0.49014,5.7968],[0.48986,5.7968],[0.48986,5.79653],[0.48958,5.79653],[0.48958,5.79625],[0.48903,5.79625],[0.48903,5.79597],[0.48847,5.79597],[0.48847,5.79569],[0.48792,5.79569],[0.48792,5.79542],[0.48764,5.79542],[0.48764,5.79514],[0.48736,5.79514],[0.48736,5.79486],[0.48708,5.79486],[0.48708,5.79458],[0.4868,5.79458],[0.4868,5.7943],[0.48653,5.7943],[0.48653,5.79403],[0.48625,5.79403],[0.48625,5.79264],[0.48501,5.79264]]],[[[0.49927,5.79319],[0.49875,5.79319],[0.49875,5.79347],[0.49792,5.79347],[0.49792,5.79319],[0.49764,5.79319],[0.49764,5.79264],[0.49736,5.79264],[0.49736,5.79236],[0.49708,5.79236],[0.49708,5.79208],[0.49514,5.79208],[0.49514,5.79236],[0.49486,5.79236],[0.49486,5.79264],[0.49431,5.79264],[0.49431,5.79319],[0.49403,5.79319],[0.49403,5.79403],[0.49375,5.79403],[0.49375,5.7943],[0.49847,5.7943],[0.49847,5.79458],[0.49903,5.79458],[0.49903,5.79486],[0.49927,5.79486],[0.49927,5.79319]]],[[[0.49764,5.78787],[0.48501,5.78787],[0.48501,5.78847],[0.48542,5.78847],[0.48542,5.78875],[0.48597,5.78875],[0.48597,5.78903],[0.48625,5.78903],[0.48625,5.78875],[0.48653,5.78875],[0.48653,5.78847],[0.48708,5.78847],[0.48708,5.7882],[0.48958,5.7882],[0.48958,5.78847],[0.49069,5.78847],[0.49069,5.78875],[0.49097,5.78875],[0.49097,5.78903],[0.49125,5.78903],[0.49125,5.78875],[0.49181,5.78875],[0.49181,5.78847],[0.49292,5.78847],[0.49292,5.7882],[0.49375,5.7882],[0.49375,5.78792],[0.49514,5.78792],[0.49514,5.7882],[0.49542,5.7882],[0.49542,5.78847],[0.49569,5.78847],[0.49569,5.7882],[0.49653,5.7882],[0.49653,5.78792],[0.49764,5.78792],[0.49764,5.78787]]]]},"properties":{"region":"Greater Accra","district":"Dangbe West","floods_1m":1,"floods_2m":1,"floods_3m":1,"first_flood_m":1,"nests":true,"area_km2":0.463}},{"type":"Feature","geometry":{"type":"Polygon","coordinates":[[[0.35669,5.78597],[0.35514,5.78597],[0.35514,5.78569],[0.35431,5.78569],[0.35431,5.78542],[0.35181,5.78542],[0.35181,5.78514],[0.34792,5.78514],[0.34792,5.78542],[0.34486,5.78542],[0.34486,5.78514],[0.34347,5.78514],[0.34347,5.78486],[0.34243,5.78486],[0.34243,5.78787],[0.35669,5.78787],[0.35669,5.78597]]]},"properties":{"region":"Greater Accra","district":"Dangbe West","floods_1m":1,"floods_2m":1,"floods_3m":1,"first_flood_m":1,"nests":true,"area_km2":0.442}},{"type":"Feature","geometry":{"type":"MultiPolygon","coordinates":[[[[0.44223,5.85014],[0.44181,5.85014],[0.44181,5.84986],[0.44125,5.84986],[0.44125,5.84958],[0.44069,5.84958],[0.44069,5.84931],[0.44014,5.84931],[0.44014,5.84903],[0.43903,5.84903],[0.43903,5.84875],[0.43764,5.84875],[0.43764,5.84903],[0.43681,5.84903],[0.43681,5.84931],[0.43542,5.84931],[0.43542,5.84903],[0.43514,5.84903],[0.43514,5.84875],[0.43403,5.84875],[0.43403,5.84847],[0.43264,5.84847],[0.43264,5.84875],[0.43153,5.84875],[0.43153,5.85125],[0.43125,5.85125],[0.43125,5.85153],[0.4293,5.85153],[0.4293,5.85181],[0.42798,5.85181],[0.42798,5.85916],[0.44223,5.85916],[0.44223,5.85014]]],[[[0.43014,5.8449],[0.42798,5.8449],[0.42798,5.8482],[0.4282,5.8482],[0.4282,5.84792],[0.42875,5.84792],[0.42875,5.84764],[0.42903,5.84764],[0.42903,5.84736],[0.4293,5.84736],[0.4293,5.84681],[0.42958,5.84681],[0.42958,5.84625],[0.42986,5.84625],[0.42986,5.84542],[0.43014,5.84542],[0.43014,5.8449]]]]},"properties":{"region":"Greater Accra","district":"Dangbe West","floods_1m":1,"floods_2m":1,"floods_3m":1,"first_flood_m":1,"nests":true,"area_km2":1.723}},{"type":"Feature","geometry":{"type":"Polygon","coordinates":[[[0.61333,5.8449],[0.59907,5.8449],[0.59907,5.85916],[0.61333,5.85916],[0.61333,5.8449]]]},"properties":{"region":"Greater Accra","district":"Dangbe West","floods_1m":1,"floods_2m":1,"floods_3m":1,"first_flood_m":1,"nests":true,"area_km2":2.501}},{"type":"Feature","geometry":{"type":"Polygon","coordinates":[[[0.42798,5.99885],[0.42798,5.98748],[0.41372,5.98748],[0.41372,5.99881],[0.41498,5.99886],[0.42798,5.99885]]]},"properties":{"region":"Greater Accra","district":"Dangbe West","floods_1m":1,"floods_2m":1,"floods_3m":1,"first_flood_m":1,"nests":true,"area_km2":1.994}},{"type":"Feature","geometry":{"type":"Polygon","coordinates":[[[0.54204,5.90193],[0.52778,5.90193],[0.52778,5.91619],[0.54204,5.91619],[0.54204,5.90193]]]},"properties":{"region":"Greater Accra","district":"Dangbe West","floods_1m":1,"floods_2m":1,"floods_3m":1,"first_flood_m":1,"nests":true,"area_km2":2.501}},{"type":"Feature","geometry":{"type":"Polygon","coordinates":[[[0.51352,5.83064],[0.49927,5.83064],[0.49927,5.8449],[0.51352,5.8449],[0.51352,5.83064]]]},"properties":{"region":"Greater Accra","district":"Dangbe West","floods_1m":1,"floods_2m":1,"floods_3m":1,"first_flood_m":1,"nests":true,"area_km2":2.499}},{"type":"Feature","geometry":{"type":"Polygon","coordinates":[[[0.49927,5.8449],[0.48501,5.8449],[0.48501,5.85916],[0.49927,5.85916],[0.49927,5.8449]]]},"properties":{"region":"Greater Accra","district":"Dangbe West","floods_1m":1,"floods_2m":1,"floods_3m":1,"first_flood_m":1,"nests":true,"area_km2":2.501}},{"type":"Feature","geometry":{"type":"MultiPolygon","coordinates":[[[[0.44223,5.81403],[0.44097,5.81403],[0.44097,5.8143],[0.43903,5.81431],[0.43903,5.81458],[0.43625,5.81458],[0.43625,5.81486],[0.43708,5.81486],[0.43708,5.81514],[0.43736,5.81514],[0.43736,5.81542],[0.43792,5.81542],[0.43792,5.81569],[0.43819,5.81569],[0.43819,5.81597],[0.43903,5.81597],[0.43903,5.81625],[0.44014,5.81625],[0.44014,5.81638],[0.44223,5.81638],[0.44223,5.81403]]],[[[0.42798,5.81597],[0.42798,5.81638],[0.42847,5.81638],[0.42847,5.81625],[0.4282,5.81625],[0.4282,5.81597],[0.42798,5.81597]]],[[[0.44153,5.80212],[0.42798,5.80212],[0.42798,5.81125],[0.4282,5.81125],[0.4282,5.81097],[0.42903,5.81097],[0.42903,5.81069],[0.4293,5.81069],[0.4293,5.81042],[0.42958,5.81042],[0.42958,5.81014],[0.43014,5.81014],[0.43014,5.80986],[0.43069,5.80986],[0.43069,5.80958],[0.43097,5.80958],[0.43097,5.80931],[0.43153,5.80931],[0.43153,5.80903],[0.43208,5.80903],[0.43208,5.80847],[0.43236,5.80847],[0.43236,5.80819],[0.43264,5.80819],[0.43264,5.80792],[0.43319,5.80792],[0.43319,5.80764],[0.43347,5.80764],[0.43347,5.80736],[0.43403,5.80736],[0.43403,5.80708],[0.43486,5.80708],[0.43486,5.80681],[0.43514,5.80681],[0.43514,5.80653],[0.43542,5.80653],[0.43542,5.80625],[0.43597,5.80625],[0.43597,5.80597],[0.43625,5.80597],[0.43625,5.80569],[0.43681,5.80569],[0.43681,5.80542],[0.43708,5.80542],[0.43708,5.80514],[0.43764,5.80514],[0.43764,5.80486],[0.43819,5.80486],[0.43819,5.80458],[0.43875,5.80458],[0.43875,5.80431],[0.43903,5.80431],[0.43903,5.80403],[0.43958,5.80403],[0.43958,5.80375],[0.43986,5.80375],[0.43986,5.80347],[0.44014,5.80347],[0.44014,5.80319],[0.44042,5.80319],[0.44042,5.80292],[0.44069,5.80292],[0.44069,5.80264],[0.44153,5.80264],[0.44153,5.80212]]]]},"properties":{"region":"Greater Accra","district":"Dangbe West","floods_1m":1,"floods_2m":1,"floods_3m":1,"first_flood_m":1,"nests":true,"area_km2":0.911}},{"type":"Feature","geometry":{"type":"MultiPolygon","coordinates":[[[[0.45649,5.82347],[0.45649,5.83064],[0.46903,5.83064],[0.46903,5.83042],[0.46847,5.83042],[0.46847,5.83014],[0.46792,5.83014],[0.46792,5.82986],[0.46764,5.82986],[0.46764,5.82764],[0.46736,5.82764],[0.46736,5.82736],[0.46708,5.82736],[0.46708,5.82681],[0.46681,5.82681],[0.46681,5.82653],[0.46653,5.82653],[0.46653,5.82625],[0.46597,5.82625],[0.46597,5.82597],[0.46319,5.82597],[0.46319,5.8257],[0.46181,5.8257],[0.46181,5.82542],[0.46097,5.82542],[0.46097,5.82514],[0.45986,5.82514],[0.45986,5.82486],[0.45903,5.82486],[0.45903,5.82458],[0.45875,5.82458],[0.45875,5.82431],[0.45792,5.82431],[0.45792,5.82403],[0.45708,5.82403],[0.45708,5.82375],[0.45653,5.82375],[0.45653,5.82347],[0.45649,5.82347]]],[[[0.46319,5.82153],[0.46319,5.82125],[0.46403,5.82125],[0.46403,5.82097],[0.46458,5.82097],[0.46458,5.82069],[0.46514,5.82069],[0.46514,5.82042],[0.46542,5.82042],[0.46542,5.82014],[0.46569,5.82014],[0.46569,5.81986],[0.46597,5.81986],[0.46597,5.8193],[0.46625,5.8193],[0.46625,5.81847],[0.46653,5.81847],[0.46653,5.81819],[0.46625,5.81819],[0.46625,5.81708],[0.46597,5.81708],[0.46597,5.8168],[0.46403,5.8168],[0.46403,5.81708],[0.46347,5.81708],[0.46347,5.81736],[0.46292,5.81736],[0.46292,5.81764],[0.46236,5.81764],[0.46236,5.81792],[0.46181,5.81792],[0.46181,5.81819],[0.46153,5.81819],[0.46153,5.81847],[0.46125,5.81847],[0.46125,5.81875],[0.46097,5.81875],[0.46097,5.81903],[0.46069,5.81903],[0.46069,5.8193],[0.46042,5.8193],[0.46042,5.81958],[0.45986,5.81958],[0.45986,5.81986],[0.45958,5.81986],[0.45958,5.82125],[0.46069,5.82125],[0.46069,5.82097],[0.46097,5.82097],[0.46097,5.82069],[0.46181,5.82069],[0.46181,5.82097],[0.46208,5.82097],[0.46208,5.82125],[0.46236,5.82125],[0.46236,5.82153],[0.46319,5.82153]]],[[[0.46097,5.81638],[0.45792,5.81638],[0.45792,5.81653],[0.45736,5.81653],[0.45736,5.81638],[0.45649,5.81638],[0.45649,5.81903],[0.45764,5.81903],[0.45764,5.8193],[0.45792,5.8193],[0.45792,5.81903],[0.45847,5.81903],[0.45847,5.81875],[0.45875,5.81875],[0.45875,5.81847],[0.45986,5.81847],[0.45986,5.81819],[0.46042,5.81819],[0.46042,5.81764],[0.46069,5.81764],[0.46069,5.81736],[0.46125,5.81736],[0.46125,5.81708],[0.46097,5.81708],[0.46097,5.81638]]]]},"properties":{"region":"Greater Accra","district":"Dangbe West","floods_1m":1,"floods_2m":1,"floods_3m":1,"first_flood_m":1,"nests":true,"area_km2":1.098}},{"type":"Feature","geometry":{"type":"Polygon","coordinates":[[[0.59907,5.8449],[0.58481,5.8449],[0.58481,5.85916],[0.59907,5.85916],[0.59907,5.8449]]]},"properties":{"region":"Greater Accra","district":"Dangbe West","floods_1m":1,"floods_2m":1,"floods_3m":1,"first_flood_m":1,"nests":true,"area_km2":2.501}},{"type":"Feature","geometry":{"type":"Polygon","coordinates":[[[0.61333,5.83064],[0.59907,5.83064],[0.59907,5.8449],[0.61333,5.8449],[0.61333,5.83064]]]},"properties":{"region":"Greater Accra","district":"Dangbe West","floods_1m":1,"floods_2m":1,"floods_3m":1,"first_flood_m":1,"nests":true,"area_km2":2.501}},{"type":"Feature","geometry":{"type":"Polygon","coordinates":[[[0.35669,5.87341],[0.34243,5.87341],[0.34243,5.88767],[0.35669,5.88767],[0.35669,5.87341]]]},"properties":{"region":"Greater Accra","district":"Dangbe West","floods_1m":1,"floods_2m":1,"floods_3m":1,"first_flood_m":1,"nests":true,"area_km2":2.501}},{"type":"Feature","geometry":{"type":"Polygon","coordinates":[[[0.67036,5.81816],[0.67036,5.81638],[0.6561,5.81638],[0.6561,5.82298],[0.66485,5.82089],[0.67036,5.81816]]]},"properties":{"region":"Greater Accra","district":"Dangbe West","floods_1m":1,"floods_2m":1,"floods_3m":1,"first_flood_m":1,"nests":true,"area_km2":0.811}},{"type":"Feature","geometry":{"type":"Polygon","coordinates":[[[0.57056,5.81638],[0.5563,5.81638],[0.5563,5.83064],[0.57056,5.83064],[0.57056,5.81638]]]},"properties":{"region":"Greater Accra","district":"Dangbe West","floods_1m":1,"floods_2m":1,"floods_3m":1,"first_flood_m":1,"nests":true,"area_km2":2.501}},{"type":"Feature","geometry":{"type":"Polygon","coordinates":[[[0.48501,5.78764],[0.48486,5.78764],[0.48486,5.78736],[0.4832,5.78736],[0.4832,5.78764],[0.4793,5.78764],[0.4793,5.78787],[0.48501,5.78787],[0.48501,5.78764]]]},"properties":{"region":"Greater Accra","district":"Dangbe West","floods_1m":1,"floods_2m":1,"floods_3m":1,"first_flood_m":1,"nests":true,"area_km2":0.022}},{"type":"Feature","geometry":{"type":"Polygon","coordinates":[[[0.54204,5.83064],[0.53236,5.83064],[0.53236,5.83236],[0.53208,5.83236],[0.53208,5.83292],[0.5318,5.83292],[0.5318,5.83375],[0.53153,5.83375],[0.53153,5.83431],[0.53125,5.83431],[0.53125,5.83458],[0.53097,5.83458],[0.53097,5.83486],[0.5307,5.83486],[0.5307,5.83542],[0.53042,5.83542],[0.53042,5.83792],[0.5307,5.83792],[0.5307,5.83847],[0.53097,5.83847],[0.53097,5.83875],[0.53125,5.83875],[0.53125,5.83958],[0.53153,5.83958],[0.53153,5.84042],[0.5318,5.84042],[0.5318,5.84069],[0.53208,5.84069],[0.53208,5.84097],[0.53236,5.84097],[0.53236,5.84125],[0.53264,5.84125],[0.53264,5.84236],[0.53236,5.84236],[0.53236,5.84264],[0.53208,5.84264],[0.53208,5.84292],[0.5318,5.84292],[0.5318,5.84319],[0.53125,5.84319],[0.53125,5.84347],[0.5307,5.84347],[0.5307,5.84403],[0.53042,5.84403],[0.53042,5.8449],[0.54204,5.8449],[0.54204,5.83064]]]},"properties":{"region":"Greater Accra","district":"Dangbe West","floods_1m":1,"floods_2m":1,"floods_3m":1,"first_flood_m":1,"nests":true,"area_km2":1.865}},{"type":"Feature","geometry":{"type":"Polygon","coordinates":[[[0.34243,5.8449],[0.32913,5.8449],[0.32904,5.84784],[0.32864,5.85132],[0.32817,5.85313],[0.32817,5.85916],[0.34243,5.85916],[0.34243,5.8449]]]},"properties":{"region":"Greater Accra","district":"Dangbe West","floods_1m":0,"floods_2m":0,"floods_3m":1,"first_flood_m":3,"nests":true,"area_km2":2.434}},{"type":"Feature","geometry":{"type":"Polygon","coordinates":[[[0.61457,5.87341],[0.61333,5.87341],[0.61333,5.87666],[0.61374,5.87507],[0.61457,5.87341]]]},"properties":{"region":"Greater Accra","district":"Dangbe West","floods_1m":0,"floods_2m":0,"floods_3m":1,"first_flood_m":3,"nests":true,"area_km2":0.021}},{"type":"Feature","geometry":{"type":"Polygon","coordinates":[[[0.69888,5.78787],[0.68462,5.78787],[0.68462,5.7892],[0.68462,5.80212],[0.69888,5.80212],[0.69888,5.7892],[0.69888,5.78787]]]},"properties":{"region":"Greater Accra","district":"Dangbe West","floods_1m":1,"floods_2m":1,"floods_3m":1,"first_flood_m":1,"nests":true,"area_km2":2.5}},{"type":"Feature","geometry":{"type":"Polygon","coordinates":[[[0.51352,5.82375],[0.51347,5.82375],[0.51347,5.82347],[0.51319,5.82347],[0.51319,5.82292],[0.51292,5.82292],[0.51292,5.82236],[0.51264,5.82236],[0.51264,5.8218],[0.51292,5.8218],[0.51292,5.82153],[0.51319,5.82153],[0.51319,5.82097],[0.51347,5.82097],[0.51347,5.82069],[0.51352,5.82069],[0.51352,5.81638],[0.49927,5.81638],[0.49927,5.83064],[0.51352,5.83064],[0.51352,5.82375]]]},"properties":{"region":"Greater Accra","district":"Dangbe West","floods_1m":1,"floods_2m":1,"floods_3m":1,"first_flood_m":1,"nests":true,"area_km2":2.482}},{"type":"Feature","geometry":{"type":"Polygon","coordinates":[[[0.60689,5.90193],[0.59907,5.90193],[0.59907,5.91619],[0.60266,5.91619],[0.60431,5.91319],[0.60515,5.91026],[0.60625,5.90416],[0.60689,5.90193]]]},"properties":{"region":"Greater Accra","district":"Dangbe West","floods_1m":1,"floods_2m":1,"floods_3m":1,"first_flood_m":1,"nests":true,"area_km2":1.07}},{"type":"Feature","geometry":{"type":"Polygon","coordinates":[[[0.34243,5.87341],[0.32817,5.87341],[0.32817,5.88767],[0.34243,5.88767],[0.34243,5.87341]]]},"properties":{"region":"Greater Accra","district":"Dangbe West","floods_1m":1,"floods_2m":1,"floods_3m":1,"first_flood_m":1,"nests":true,"area_km2":2.501}},{"type":"Feature","geometry":{"type":"Polygon","coordinates":[[[0.52778,5.85916],[0.51352,5.85916],[0.51352,5.87341],[0.52778,5.87341],[0.52778,5.85916]]]},"properties":{"region":"Greater Accra","district":"Dangbe West","floods_1m":1,"floods_2m":1,"floods_3m":1,"first_flood_m":1,"nests":true,"area_km2":2.499}},{"type":"Feature","geometry":{"type":"Polygon","coordinates":[[[0.45649,5.85916],[0.44223,5.85916],[0.44223,5.87341],[0.45649,5.87341],[0.45649,5.85916]]]},"properties":{"region":"Greater Accra","district":"Dangbe West","floods_1m":1,"floods_2m":1,"floods_3m":1,"first_flood_m":1,"nests":true,"area_km2":2.499}},{"type":"Feature","geometry":{"type":"Polygon","coordinates":[[[0.5563,5.78787],[0.54204,5.78787],[0.54204,5.7892],[0.54204,5.80212],[0.5563,5.80212],[0.5563,5.7892],[0.5563,5.78787]]]},"properties":{"region":"Greater Accra","district":"Dangbe West","floods_1m":1,"floods_2m":1,"floods_3m":1,"first_flood_m":1,"nests":true,"area_km2":2.5}},{"type":"Feature","geometry":{"type":"Polygon","coordinates":[[[0.45649,5.8449],[0.45514,5.8449],[0.45514,5.84514],[0.4543,5.84514],[0.4543,5.84542],[0.45347,5.84542],[0.45347,5.8457],[0.45292,5.8457],[0.45292,5.84597],[0.45236,5.84597],[0.45236,5.84625],[0.4518,5.84625],[0.4518,5.84653],[0.45153,5.84653],[0.45153,5.84681],[0.4507,5.84681],[0.4507,5.84708],[0.4493,5.84708],[0.4493,5.84681],[0.4482,5.84681],[0.4482,5.84708],[0.44792,5.84708],[0.44792,5.84736],[0.44764,5.84736],[0.44764,5.84764],[0.44653,5.84764],[0.44653,5.84736],[0.44542,5.84736],[0.44542,5.84708],[0.44514,5.84708],[0.44514,5.84681],[0.44486,5.84681],[0.44486,5.84625],[0.44458,5.84625],[0.44458,5.84597],[0.44431,5.84597],[0.44431,5.8457],[0.44403,5.8457],[0.44403,5.84542],[0.44375,5.84542],[0.44375,5.84514],[0.44319,5.84514],[0.44319,5.8449],[0.44236,5.8449],[0.44236,5.84514],[0.44264,5.84514],[0.44264,5.84542],[0.44292,5.84542],[0.44292,5.84625],[0.44319,5.84625],[0.44319,5.84653],[0.44347,5.84653],[0.44347,5.84681],[0.44375,5.84681],[0.44375,5.84708],[0.44431,5.84708],[0.44431,5.84736],[0.44458,5.84736],[0.44458,5.84764],[0.44486,5.84764],[0.44486,5.84792],[0.44514,5.84792],[0.44514,5.84847],[0.44542,5.84847],[0.44542,5.84903],[0.44569,5.84903],[0.44569,5.84931],[0.44597,5.84931],[0.44597,5.84986],[0.44625,5.84986],[0.44625,5.85014],[0.44653,5.85014],[0.44653,5.8507],[0.44681,5.8507],[0.44681,5.85181],[0.44708,5.85181],[0.44708,5.85208],[0.44736,5.85208],[0.44736,5.85236],[0.44792,5.85236],[0.44792,5.85264],[0.4482,5.85264],[0.4482,5.85375],[0.44792,5.85375],[0.44792,5.85403],[0.44736,5.85403],[0.44736,5.85375],[0.44708,5.85375],[0.44708,5.85347],[0.44681,5.85347],[0.44681,5.85319],[0.44653,5.85319],[0.44653,5.85292],[0.44625,5.85292],[0.44625,5.85264],[0.44597,5.85264],[0.44597,5.85181],[0.44569,5.85181],[0.44569,5.85153],[0.44542,5.85153],[0.44542,5.85097],[0.44514,5.85097],[0.44514,5.8507],[0.44486,5.8507],[0.44486,5.85014],[0.44458,5.85014],[0.44458,5.84986],[0.44431,5.84986],[0.44431,5.85014],[0.44223,5.85014],[0.44223,5.85916],[0.45649,5.85916],[0.45649,5.8449]]]},"properties":{"region":"Greater Accra","district":"Dangbe West","floods_1m":1,"floods_2m":1,"floods_3m":1,"first_flood_m":1,"nests":true,"area_km2":2.061}},{"type":"Feature","geometry":{"type":"Polygon","coordinates":[[[0.47075,5.99218],[0.47075,5.98748],[0.45649,5.98748],[0.45649,5.993],[0.45714,5.99283],[0.4635,5.99227],[0.47075,5.99218]]]},"properties":{"region":"Greater Accra","district":"Dangbe West","floods_1m":1,"floods_2m":1,"floods_3m":1,"first_flood_m":1,"nests":true,"area_km2":0.863}},{"type":"Feature","geometry":{"type":"Polygon","coordinates":[[[0.37094,5.80212],[0.35669,5.80212],[0.35669,5.81638],[0.37094,5.81638],[0.37094,5.80212]]]},"properties":{"region":"Greater Accra","district":"Dangbe West","floods_1m":1,"floods_2m":1,"floods_3m":1,"first_flood_m":1,"nests":true,"area_km2":2.5}},{"type":"Feature","geometry":{"type":"Polygon","coordinates":[[[0.49927,5.81208],[0.49903,5.81208],[0.49903,5.81181],[0.49792,5.81181],[0.49792,5.81153],[0.49736,5.81153],[0.49736,5.81125],[0.49708,5.81125],[0.49708,5.81097],[0.49681,5.81097],[0.49681,5.81069],[0.49653,5.81069],[0.49653,5.81042],[0.49597,5.81042],[0.49597,5.81014],[0.49569,5.81014],[0.49569,5.80986],[0.49514,5.80986],[0.49514,5.80958],[0.49486,5.80958],[0.49486,5.80931],[0.49431,5.80931],[0.49431,5.80903],[0.49375,5.80903],[0.49375,5.80875],[0.49319,5.80875],[0.49319,5.80847],[0.49264,5.80847],[0.49264,5.81153],[0.49236,5.81153],[0.49236,5.81208],[0.49208,5.81208],[0.49208,5.81236],[0.49181,5.81236],[0.49181,5.81292],[0.49153,5.81292],[0.49153,5.81319],[0.49097,5.81319],[0.49097,5.81347],[0.49069,5.81347],[0.49069,5.81375],[0.49042,5.81375],[0.49042,5.81403],[0.48903,5.81403],[0.48903,5.81458],[0.48875,5.81458],[0.48875,5.81486],[0.48847,5.81486],[0.48847,5.81514],[0.48819,5.81514],[0.48819,5.81569],[0.48792,5.81569],[0.48792,5.81597],[0.48764,5.81597],[0.48764,5.81625],[0.48736,5.81625],[0.48736,5.81638],[0.49927,5.81638],[0.49927,5.81208]]]},"properties":{"region":"Greater Accra","district":"Dangbe West","floods_1m":1,"floods_2m":1,"floods_3m":1,"first_flood_m":1,"nests":true,"area_km2":0.656}},{"type":"Feature","geometry":{"type":"MultiPolygon","coordinates":[[[[0.5563,5.84458],[0.55569,5.84458],[0.55569,5.84431],[0.55542,5.84431],[0.55542,5.84403],[0.55514,5.84403],[0.55514,5.84375],[0.55486,5.84375],[0.55486,5.84347],[0.55458,5.84347],[0.55458,5.84292],[0.55431,5.84292],[0.55431,5.84264],[0.55403,5.84264],[0.55403,5.84208],[0.55375,5.84208],[0.55375,5.83903],[0.55403,5.83903],[0.55403,5.83847],[0.55431,5.83847],[0.55431,5.83792],[0.55458,5.83792],[0.55458,5.83736],[0.55486,5.83736],[0.55486,5.83681],[0.55514,5.83681],[0.55514,5.83653],[0.55542,5.83653],[0.55542,5.83569],[0.55569,5.83569],[0.55569,5.83542],[0.55597,5.83542],[0.55597,5.83486],[0.55625,5.83486],[0.55625,5.83458],[0.5563,5.83458],[0.5563,5.83319],[0.55625,5.83319],[0.55625,5.83375],[0.55597,5.83375],[0.55597,5.83403],[0.55486,5.83403],[0.55486,5.83431],[0.55431,5.83431],[0.55431,5.83458],[0.55403,5.83458],[0.55403,5.83486],[0.55236,5.83486],[0.55236,5.83458],[0.55208,5.83458],[0.55208,5.83375],[0.55125,5.83375],[0.55125,5.83347],[0.55069,5.83347],[0.55069,5.83319],[0.55014,5.83319],[0.55014,5.83292],[0.54986,5.83292],[0.54986,5.83181],[0.55014,5.83181],[0.55014,5.83125],[0.55042,5.83125],[0.55042,5.83064],[0.54204,5.83064],[0.54204,5.8449],[0.5563,5.8449],[0.5563,5.84458]]],[[[0.5563,5.83064],[0.55403,5.83064],[0.55403,5.83069],[0.55431,5.83069],[0.55431,5.83097],[0.55458,5.83097],[0.55458,5.83125],[0.55514,5.83125],[0.55514,5.83153],[0.55569,5.83153],[0.55569,5.83181],[0.5563,5.83181],[0.5563,5.83064]]]]},"properties":{"region":"Greater Accra","district":"Dangbe West","floods_1m":1,"floods_2m":1,"floods_3m":1,"first_flood_m":1,"nests":true,"area_km2":2.042}},{"type":"Feature","geometry":{"type":"Polygon","coordinates":[[[0.45649,5.78903],[0.4557,5.78903],[0.4557,5.78931],[0.45042,5.78931],[0.45042,5.78958],[0.44223,5.78958],[0.44223,5.80153],[0.44236,5.80153],[0.44236,5.80097],[0.44264,5.80097],[0.44264,5.8007],[0.44319,5.8007],[0.44319,5.80042],[0.44403,5.80042],[0.44403,5.80014],[0.44431,5.80014],[0.44431,5.79986],[0.44486,5.79986],[0.44486,5.8007],[0.44514,5.8007],[0.44514,5.80097],[0.44542,5.80097],[0.44542,5.80125],[0.44653,5.80125],[0.44653,5.80153],[0.44708,5.80153],[0.44708,5.80181],[0.44764,5.80181],[0.44764,5.80208],[0.44792,5.80208],[0.44792,5.80212],[0.45649,5.80212],[0.45649,5.7892],[0.45649,5.78903]]]},"properties":{"region":"Greater Accra","district":"Dangbe West","floods_1m":1,"floods_2m":1,"floods_3m":1,"first_flood_m":1,"nests":true,"area_km2":2.141}},{"type":"Feature","geometry":{"type":"Polygon","coordinates":[[[0.64315,5.83064],[0.64185,5.83064],[0.64185,5.83165],[0.64315,5.83064]]]},"properties":{"region":"Greater Accra","district":"Dangbe West","floods_1m":1,"floods_2m":1,"floods_3m":1,"first_flood_m":1,"nests":true,"area_km2":0.008}},{"type":"Feature","geometry":{"type":"Polygon","coordinates":[[[0.51352,5.8449],[0.49927,5.8449],[0.49927,5.85916],[0.51352,5.85916],[0.51352,5.8449]]]},"properties":{"region":"Greater Accra","district":"Dangbe West","floods_1m":1,"floods_2m":1,"floods_3m":1,"first_flood_m":1,"nests":true,"area_km2":2.499}},{"type":"Feature","geometry":{"type":"Polygon","coordinates":[[[0.37094,5.83064],[0.35669,5.83064],[0.35669,5.8449],[0.37094,5.8449],[0.37094,5.83064]]]},"properties":{"region":"Greater Accra","district":"Dangbe West","floods_1m":1,"floods_2m":1,"floods_3m":1,"first_flood_m":1,"nests":true,"area_km2":2.499}},{"type":"Feature","geometry":{"type":"Polygon","coordinates":[[[0.51352,5.87341],[0.49927,5.87341],[0.49927,5.88767],[0.51352,5.88767],[0.51352,5.87341]]]},"properties":{"region":"Greater Accra","district":"Dangbe West","floods_1m":1,"floods_2m":1,"floods_3m":1,"first_flood_m":1,"nests":true,"area_km2":2.499}},{"type":"Feature","geometry":{"type":"Polygon","coordinates":[[[0.42798,5.81638],[0.4232,5.81638],[0.4232,5.81653],[0.42264,5.81653],[0.42264,5.8168],[0.42042,5.8168],[0.42042,5.81708],[0.41958,5.81708],[0.41958,5.81764],[0.41931,5.81764],[0.41931,5.81792],[0.41819,5.81792],[0.41819,5.81764],[0.41736,5.81764],[0.41736,5.81792],[0.41653,5.81792],[0.41653,5.81819],[0.41569,5.81819],[0.41569,5.81847],[0.41486,5.81847],[0.41486,5.81875],[0.41372,5.81875],[0.41372,5.83064],[0.42798,5.83064],[0.42798,5.81638]]]},"properties":{"region":"Greater Accra","district":"Dangbe West","floods_1m":1,"floods_2m":1,"floods_3m":1,"first_flood_m":1,"nests":true,"area_km2":2.354}},{"type":"Feature","geometry":{"type":"Polygon","coordinates":[[[0.54204,5.80212],[0.52778,5.80212],[0.52778,5.81292],[0.52792,5.81292],[0.52792,5.81375],[0.52778,5.81375],[0.52778,5.81486],[0.52792,5.81486],[0.52792,5.81514],[0.5282,5.81514],[0.5282,5.81625],[0.52847,5.81625],[0.52847,5.81638],[0.54204,5.81638],[0.54204,5.80212]]]},"properties":{"region":"Greater Accra","district":"Dangbe West","floods_1m":1,"floods_2m":1,"floods_3m":1,"first_flood_m":1,"nests":true,"area_km2":2.493}},{"type":"Feature","geometry":{"type":"MultiPolygon","coordinates":[[[[0.48501,5.83064],[0.47597,5.83064],[0.47597,5.83069],[0.47625,5.83069],[0.47625,5.83236],[0.47653,5.83236],[0.47653,5.83264],[0.47708,5.83264],[0.47708,5.83236],[0.47792,5.83236],[0.47792,5.83264],[0.4782,5.83264],[0.4782,5.83319],[0.47792,5.83319],[0.47792,5.83347],[0.47764,5.83347],[0.47764,5.83375],[0.47625,5.83375],[0.47625,5.83403],[0.47542,5.83403],[0.47542,5.83486],[0.47514,5.83486],[0.47514,5.83514],[0.47597,5.83514],[0.47597,5.83542],[0.47625,5.83542],[0.47625,5.83569],[0.47653,5.83569],[0.47653,5.83597],[0.47681,5.83597],[0.47681,5.83819],[0.47653,5.83819],[0.47653,5.83875],[0.47625,5.83875],[0.47625,5.83903],[0.47597,5.83903],[0.47597,5.83931],[0.47625,5.83931],[0.47625,5.83986],[0.47653,5.83986],[0.47653,5.84014],[0.47681,5.84014],[0.47681,5.84125],[0.47653,5.84125],[0.47653,5.84153],[0.47625,5.84153],[0.47625,5.8418],[0.4757,5.8418],[0.4757,5.84208],[0.47542,5.84208],[0.47542,5.84347],[0.47514,5.84347],[0.47514,5.84375],[0.47486,5.84375],[0.47486,5.84403],[0.47458,5.84403],[0.47458,5.84431],[0.4743,5.84431],[0.4743,5.84458],[0.47403,5.84458],[0.47403,5.8449],[0.48501,5.8449],[0.48501,5.83064]]],[[[0.47075,5.83264],[0.47075,5.83458],[0.47097,5.83458],[0.47097,5.83431],[0.47125,5.83431],[0.47125,5.83403],[0.47153,5.83403],[0.47153,5.83319],[0.47181,5.83319],[0.47181,5.83264],[0.47075,5.83264]]]]},"properties":{"region":"Greater Accra","district":"Dangbe West","floods_1m":1,"floods_2m":1,"floods_3m":1,"first_flood_m":1,"nests":true,"area_km2":1.559}},{"type":"Feature","geometry":{"type":"Polygon","coordinates":[[[0.35669,5.80212],[0.34243,5.80212],[0.34243,5.81638],[0.35669,5.81638],[0.35669,5.80212]]]},"properties":{"region":"Greater Accra","district":"Dangbe West","floods_1m":1,"floods_2m":1,"floods_3m":1,"first_flood_m":1,"nests":true,"area_km2":2.501}},{"type":"Feature","geometry":{"type":"Polygon","coordinates":[[[0.52778,5.8482],[0.52597,5.8482],[0.52597,5.84847],[0.52542,5.84847],[0.52542,5.84875],[0.52486,5.84875],[0.52486,5.84903],[0.52458,5.84903],[0.52458,5.84958],[0.52431,5.84958],[0.52431,5.84986],[0.52403,5.84986],[0.52403,5.85014],[0.52292,5.85014],[0.52292,5.84986],[0.52264,5.84986],[0.52264,5.84958],[0.52236,5.84958],[0.52236,5.84931],[0.52208,5.84931],[0.52208,5.84903],[0.52181,5.84903],[0.52181,5.84875],[0.52153,5.84875],[0.52153,5.84847],[0.52125,5.84847],[0.52125,5.8482],[0.52097,5.8482],[0.52097,5.84764],[0.52069,5.84764],[0.52069,5.84653],[0.52042,5.84653],[0.52042,5.8449],[0.51352,5.8449],[0.51352,5.85916],[0.52778,5.85916],[0.52778,5.8482]]]},"properties":{"region":"Greater Accra","district":"Dangbe West","floods_1m":1,"floods_2m":1,"floods_3m":1,"first_flood_m":1,"nests":true,"area_km2":2.145}},{"type":"Feature","geometry":{"type":"Polygon","coordinates":[[[0.51352,5.79486],[0.51352,5.7892],[0.51352,5.78875],[0.5118,5.78875],[0.5118,5.78903],[0.51069,5.78903],[0.51069,5.78931],[0.50986,5.78931],[0.50986,5.78958],[0.51014,5.78958],[0.51014,5.78986],[0.51042,5.78986],[0.51042,5.79042],[0.51014,5.79042],[0.51014,5.7907],[0.50958,5.7907],[0.50958,5.79097],[0.50875,5.79097],[0.50875,5.79125],[0.50847,5.79125],[0.50847,5.79153],[0.50792,5.79153],[0.50792,5.7918],[0.50736,5.7918],[0.50736,5.79208],[0.50681,5.79208],[0.50681,5.79236],[0.50653,5.79236],[0.50653,5.79264],[0.50625,5.79264],[0.50625,5.79292],[0.50569,5.79292],[0.50569,5.79319],[0.50542,5.79319],[0.50542,5.79375],[0.50514,5.79375],[0.50514,5.79403],[0.50458,5.79403],[0.50458,5.7943],[0.50431,5.7943],[0.50431,5.79458],[0.50403,5.79458],[0.50403,5.79486],[0.50319,5.79486],[0.50319,5.79458],[0.50292,5.79458],[0.50292,5.79375],[0.50208,5.79375],[0.50208,5.79347],[0.50042,5.79347],[0.50042,5.79319],[0.49927,5.79319],[0.49927,5.79486],[0.49931,5.79486],[0.49931,5.79514],[0.49958,5.79514],[0.49958,5.79542],[0.49986,5.79542],[0.49986,5.79569],[0.50014,5.79569],[0.50014,5.79597],[0.50042,5.79597],[0.50042,5.79625],[0.50069,5.79625],[0.50069,5.79708],[0.50042,5.79708],[0.50042,5.79764],[0.50014,5.79764],[0.50014,5.79847],[0.49986,5.79847],[0.49986,5.79875],[0.50069,5.79875],[0.50069,5.79903],[0.50208,5.79903],[0.50208,5.7968],[0.50236,5.7968],[0.50236,5.79653],[0.50292,5.79653],[0.50292,5.7968],[0.50514,5.7968],[0.50514,5.79708],[0.50569,5.79708],[0.50569,5.79736],[0.50597,5.79736],[0.50597,5.79708],[0.50625,5.79708],[0.50625,5.7968],[0.50653,5.7968],[0.50653,5.79653],[0.50681,5.79653],[0.50681,5.79597],[0.50708,5.79597],[0.50708,5.79569],[0.50736,5.79569],[0.50736,5.79542],[0.50792,5.79542],[0.50792,5.79514],[0.50819,5.79514],[0.50819,5.79486],[0.50903,5.79486],[0.50903,5.79458],[0.51014,5.79458],[0.51014,5.7943],[0.51264,5.7943],[0.51264,5.79458],[0.51319,5.79458],[0.5132,5.79486],[0.51352,5.79486]]]},"properties":{"region":"Greater Accra","district":"Dangbe West","floods_1m":1,"floods_2m":1,"floods_3m":1,"first_flood_m":1,"nests":true,"area_km2":0.7}},{"type":"Feature","geometry":{"type":"MultiPolygon","coordinates":[[[[0.45649,5.84458],[0.4557,5.84458],[0.4557,5.84486],[0.45514,5.84486],[0.45514,5.8449],[0.45649,5.8449],[0.45649,5.84458]]],[[[0.44236,5.8449],[0.44319,5.8449],[0.44319,5.84486],[0.44236,5.84486],[0.44236,5.8449]]],[[[0.45649,5.84042],[0.45649,5.83819],[0.45625,5.83819],[0.45625,5.83847],[0.4557,5.83847],[0.4557,5.83875],[0.45542,5.83875],[0.45542,5.83931],[0.45514,5.83931],[0.45514,5.83958],[0.45486,5.83958],[0.45486,5.84014],[0.45458,5.84014],[0.45458,5.84042],[0.4543,5.84042],[0.4543,5.84069],[0.45375,5.84069],[0.45375,5.84097],[0.45347,5.84097],[0.45347,5.84125],[0.4532,5.84125],[0.4532,5.84153],[0.45292,5.84153],[0.45292,5.8418],[0.45264,5.8418],[0.45264,5.84208],[0.45236,5.84208],[0.45236,5.84236],[0.45208,5.84236],[0.45208,5.84264],[0.4518,5.84264],[0.4518,5.84292],[0.45236,5.84292],[0.45236,5.84264],[0.45292,5.84264],[0.45292,5.84236],[0.45347,5.84236],[0.45347,5.84208],[0.45375,5.84208],[0.45375,5.8418],[0.4543,5.8418],[0.4543,5.84153],[0.45458,5.84153],[0.45458,5.84125],[0.45514,5.84125],[0.45514,5.84097],[0.4557,5.84097],[0.4557,5.84069],[0.45625,5.84069],[0.45625,5.84042],[0.45649,5.84042]]],[[[0.45649,5.83681],[0.45649,5.83064],[0.45042,5.83064],[0.45042,5.83153],[0.45014,5.83153],[0.45014,5.83181],[0.44986,5.83181],[0.44986,5.83458],[0.45097,5.83458],[0.45097,5.83486],[0.45125,5.83486],[0.45125,5.83542],[0.45097,5.83542],[0.45097,5.83681],[0.4507,5.83681],[0.4507,5.83736],[0.44875,5.83736],[0.44875,5.83708],[0.4482,5.83708],[0.4482,5.83681],[0.44764,5.83681],[0.44764,5.83653],[0.44708,5.83653],[0.44708,5.83625],[0.44681,5.83625],[0.44681,5.83514],[0.44653,5.83514],[0.44653,5.83375],[0.44569,5.83375],[0.44569,5.83347],[0.44486,5.83347],[0.44486,5.83319],[0.44431,5.83319],[0.44431,5.83292],[0.44347,5.83292],[0.44347,5.83264],[0.44292,5.83264],[0.44292,5.83236],[0.44223,5.83236],[0.44223,5.83792],[0.44264,5.83792],[0.44264,5.83819],[0.44292,5.83819],[0.44292,5.83847],[0.44319,5.83847],[0.44319,5.83875],[0.44403,5.83875],[0.44403,5.83903],[0.44431,5.83903],[0.44431,5.83931],[0.44542,5.83931],[0.44542,5.83958],[0.44569,5.83958],[0.44569,5.83986],[0.44597,5.83986],[0.44597,5.84014],[0.44625,5.84014],[0.44625,5.84042],[0.44653,5.84042],[0.44653,5.84069],[0.44708,5.84069],[0.44708,5.84097],[0.44736,5.84097],[0.44736,5.84125],[0.44792,5.84125],[0.44792,5.84153],[0.44875,5.84153],[0.44875,5.8418],[0.44903,5.8418],[0.44903,5.84208],[0.4493,5.84208],[0.4493,5.84236],[0.45042,5.84236],[0.45042,5.84208],[0.4507,5.84208],[0.4507,5.8418],[0.45153,5.8418],[0.45153,5.84125],[0.4518,5.84125],[0.4518,5.84097],[0.45208,5.84097],[0.45208,5.84069],[0.45236,5.84069],[0.45236,5.84042],[0.45264,5.84042],[0.45264,5.84014],[0.4532,5.84014],[0.4532,5.83986],[0.45347,5.83986],[0.45347,5.83958],[0.45375,5.83958],[0.45375,5.83931],[0.45403,5.83931],[0.45403,5.83903],[0.4543,5.83903],[0.4543,5.83847],[0.45458,5.83847],[0.45458,5.83819],[0.45486,5.83819],[0.45486,5.83792],[0.45514,5.83792],[0.45514,5.83764],[0.45542,5.83764],[0.45542,5.83736],[0.45597,5.83736],[0.45597,5.83708],[0.45625,5.83708],[0.45625,5.83681],[0.45649,5.83681]]]]},"properties":{"region":"Greater Accra","district":"Dangbe West","floods_1m":1,"floods_2m":1,"floods_3m":1,"first_flood_m":1,"nests":true,"area_km2":1.288}},{"type":"Feature","geometry":{"type":"Polygon","coordinates":[[[0.41372,5.8457],[0.41347,5.8457],[0.41347,5.8449],[0.39946,5.8449],[0.39946,5.85916],[0.41372,5.85916],[0.41372,5.8457]]]},"properties":{"region":"Greater Accra","district":"Dangbe West","floods_1m":1,"floods_2m":1,"floods_3m":1,"first_flood_m":1,"nests":true,"area_km2":2.499}},{"type":"Feature","geometry":{"type":"Polygon","coordinates":[[[0.35669,5.83064],[0.34243,5.83064],[0.34243,5.8449],[0.35669,5.8449],[0.35669,5.83064]]]},"properties":{"region":"Greater Accra","district":"Dangbe West","floods_1m":1,"floods_2m":1,"floods_3m":1,"first_flood_m":1,"nests":true,"area_km2":2.501}},{"type":"Feature","geometry":{"type":"Polygon","coordinates":[[[0.57056,5.93045],[0.5563,5.93045],[0.5563,5.9447],[0.57056,5.9447],[0.57056,5.93045]]]},"properties":{"region":"Greater Accra","district":"Dangbe West","floods_1m":1,"floods_2m":1,"floods_3m":1,"first_flood_m":1,"nests":true,"area_km2":2.499}},{"type":"Feature","geometry":{"type":"Polygon","coordinates":[[[0.58481,5.88767],[0.57056,5.88767],[0.57056,5.90193],[0.58481,5.90193],[0.58481,5.88767]]]},"properties":{"region":"Greater Accra","district":"Dangbe West","floods_1m":1,"floods_2m":1,"floods_3m":1,"first_flood_m":1,"nests":true,"area_km2":2.499}},{"type":"Feature","geometry":{"type":"Polygon","coordinates":[[[0.64185,5.77403],[0.63847,5.77403],[0.63847,5.7743],[0.63319,5.7743],[0.63319,5.77458],[0.63069,5.77458],[0.63069,5.77486],[0.62759,5.77486],[0.62759,5.78787],[0.64185,5.78787],[0.64185,5.77403]]]},"properties":{"region":"Greater Accra","district":"Dangbe West","floods_1m":1,"floods_2m":1,"floods_3m":1,"first_flood_m":1,"nests":true,"area_km2":2.362}},{"type":"Feature","geometry":{"type":"Polygon","coordinates":[[[0.39946,5.80212],[0.3852,5.80212],[0.3852,5.81638],[0.39946,5.81638],[0.39946,5.80212]]]},"properties":{"region":"Greater Accra","district":"Dangbe West","floods_1m":1,"floods_2m":1,"floods_3m":1,"first_flood_m":1,"nests":true,"area_km2":2.501}},{"type":"Feature","geometry":{"type":"Polygon","coordinates":[[[0.52778,5.95896],[0.51352,5.95896],[0.51352,5.97322],[0.52778,5.97322],[0.52778,5.95896]]]},"properties":{"region":"Greater Accra","district":"Dangbe West","floods_1m":1,"floods_2m":1,"floods_3m":1,"first_flood_m":1,"nests":true,"area_km2":2.501}},{"type":"Feature","geometry":{"type":"Polygon","coordinates":[[[0.64185,5.81638],[0.62759,5.81638],[0.62759,5.83064],[0.64185,5.83064],[0.64185,5.81638]]]},"properties":{"region":"Greater Accra","district":"Dangbe West","floods_1m":1,"floods_2m":1,"floods_3m":1,"first_flood_m":1,"nests":true,"area_km2":2.501}},{"type":"Feature","geometry":{"type":"Polygon","coordinates":[[[0.6561,5.77236],[0.65597,5.77236],[0.65597,5.77264],[0.65569,5.77264],[0.65569,5.77292],[0.65486,5.77292],[0.65486,5.77264],[0.65347,5.77264],[0.65347,5.77236],[0.65097,5.77236],[0.65097,5.77264],[0.64875,5.77264],[0.64875,5.77292],[0.64653,5.77292],[0.64653,5.77319],[0.64569,5.77319],[0.64569,5.77347],[0.6443,5.77347],[0.6443,5.77361],[0.6561,5.77361],[0.6561,5.77236]]]},"properties":{"region":"Greater Accra","district":"Dangbe West","floods_1m":1,"floods_2m":1,"floods_3m":1,"first_flood_m":1,"nests":true,"area_km2":0.119}},{"type":"Feature","geometry":{"type":"Polygon","coordinates":[[[0.3852,5.83064],[0.37094,5.83064],[0.37094,5.8449],[0.3852,5.8449],[0.3852,5.83064]]]},"properties":{"region":"Greater Accra","district":"Dangbe West","floods_1m":1,"floods_2m":1,"floods_3m":1,"first_flood_m":1,"nests":true,"area_km2":2.501}},{"type":"Feature","geometry":{"type":"Polygon","coordinates":[[[0.54204,5.8449],[0.53042,5.8449],[0.53042,5.84542],[0.53014,5.84542],[0.53014,5.8457],[0.52986,5.8457],[0.52986,5.84597],[0.52958,5.84597],[0.52958,5.84653],[0.52986,5.84653],[0.52986,5.84681],[0.53014,5.84681],[0.53014,5.84708],[0.53042,5.84708],[0.53042,5.84764],[0.53014,5.84764],[0.53014,5.84792],[0.52875,5.84792],[0.52875,5.8482],[0.52778,5.8482],[0.52778,5.85916],[0.54204,5.85916],[0.54204,5.8449]]]},"properties":{"region":"Greater Accra","district":"Dangbe West","floods_1m":1,"floods_2m":1,"floods_3m":1,"first_flood_m":1,"nests":true,"area_km2":2.412}},{"type":"Feature","geometry":{"type":"Polygon","coordinates":[[[0.49927,5.78736],[0.49927,5.78625],[0.49903,5.78625],[0.49903,5.78653],[0.49708,5.78653],[0.49708,5.78681],[0.49458,5.78681],[0.49458,5.78653],[0.49431,5.78653],[0.49431,5.78625],[0.49403,5.78625],[0.49403,5.78653],[0.49319,5.78653],[0.49319,5.78681],[0.49181,5.78681],[0.49181,5.78708],[0.49097,5.78708],[0.49097,5.78736],[0.4868,5.78736],[0.4868,5.78764],[0.48501,5.78764],[0.48501,5.78787],[0.49764,5.78787],[0.49764,5.78764],[0.49903,5.78764],[0.49903,5.78736],[0.49927,5.78736]]]},"properties":{"region":"Greater Accra","district":"Dangbe West","floods_1m":1,"floods_2m":1,"floods_3m":1,"first_flood_m":1,"nests":true,"area_km2":0.145}},{"type":"Feature","geometry":{"type":"Polygon","coordinates":[[[0.41372,5.78903],[0.41236,5.78903],[0.41236,5.78875],[0.40764,5.78875],[0.40764,5.78847],[0.40403,5.78847],[0.40403,5.7882],[0.40069,5.7882],[0.40069,5.78792],[0.39946,5.78792],[0.39946,5.80212],[0.41372,5.80212],[0.41372,5.78903]]]},"properties":{"region":"Greater Accra","district":"Dangbe West","floods_1m":1,"floods_2m":1,"floods_3m":1,"first_flood_m":1,"nests":true,"area_km2":2.388}},{"type":"Feature","geometry":{"type":"MultiPolygon","coordinates":[[[[0.3852,5.78764],[0.38458,5.78764],[0.38458,5.78787],[0.3852,5.78787],[0.3852,5.78764]]],[[[0.37094,5.78708],[0.37094,5.78787],[0.38208,5.78787],[0.38208,5.78764],[0.3782,5.78764],[0.3782,5.78736],[0.37236,5.78736],[0.37236,5.78708],[0.37094,5.78708]]]]},"properties":{"region":"Greater Accra","district":"Dangbe West","floods_1m":1,"floods_2m":1,"floods_3m":1,"first_flood_m":1,"nests":true,"area_km2":0.063}},{"type":"Feature","geometry":{"type":"Polygon","coordinates":[[[0.54204,5.9447],[0.52778,5.9447],[0.52778,5.95896],[0.54204,5.95896],[0.54204,5.9447]]]},"properties":{"region":"Greater Accra","district":"Dangbe West","floods_1m":0,"floods_2m":0,"floods_3m":1,"first_flood_m":3,"nests":true,"area_km2":2.501}},{"type":"Feature","geometry":{"type":"Polygon","coordinates":[[[0.52778,5.90193],[0.51352,5.90193],[0.51352,5.91619],[0.52778,5.91619],[0.52778,5.90193]]]},"properties":{"region":"Greater Accra","district":"Dangbe West","floods_1m":1,"floods_2m":1,"floods_3m":1,"first_flood_m":1,"nests":true,"area_km2":2.501}},{"type":"Feature","geometry":{"type":"MultiPolygon","coordinates":[[[[0.51352,5.81236],[0.51352,5.81638],[0.51903,5.81638],[0.51903,5.81625],[0.51958,5.81625],[0.51958,5.81638],[0.52208,5.81638],[0.52208,5.81542],[0.52153,5.81542],[0.52153,5.81514],[0.52069,5.81514],[0.52069,5.81486],[0.52014,5.81486],[0.52014,5.81458],[0.51958,5.81458],[0.51958,5.81431],[0.51931,5.81431],[0.51931,5.81403],[0.51903,5.81403],[0.51903,5.81375],[0.51875,5.81375],[0.51875,5.81347],[0.51819,5.81347],[0.51819,5.81319],[0.51792,5.81319],[0.51792,5.81292],[0.51764,5.81292],[0.51764,5.81319],[0.51486,5.81319],[0.51486,5.81292],[0.51458,5.81292],[0.51458,5.81264],[0.51375,5.81264],[0.51375,5.81236],[0.51352,5.81236]]],[[[0.52778,5.81486],[0.52778,5.81375],[0.52764,5.81375],[0.52764,5.81403],[0.52736,5.81403],[0.52736,5.8143],[0.52764,5.81431],[0.52764,5.81486],[0.52778,5.81486]]],[[[0.52778,5.80212],[0.51736,5.80212],[0.51736,5.80319],[0.51708,5.80319],[0.51708,5.80403],[0.51681,5.80403],[0.51681,5.80514],[0.51653,5.80514],[0.51653,5.80597],[0.51625,5.80597],[0.51625,5.80653],[0.51597,5.80653],[0.51597,5.80792],[0.51625,5.80792],[0.51625,5.80931],[0.51597,5.80931],[0.51597,5.81014],[0.51569,5.81014],[0.51569,5.81042],[0.51597,5.81042],[0.51597,5.81069],[0.51625,5.81069],[0.51625,5.81125],[0.51653,5.81125],[0.51653,5.81153],[0.51681,5.81153],[0.51681,5.81181],[0.51847,5.81181],[0.51847,5.81153],[0.52097,5.81153],[0.52097,5.81125],[0.52181,5.81125],[0.52181,5.81097],[0.52208,5.81097],[0.52208,5.80986],[0.52236,5.80986],[0.52236,5.80958],[0.52319,5.80958],[0.52319,5.80986],[0.52347,5.80986],[0.52347,5.81014],[0.52375,5.81014],[0.52375,5.81042],[0.52403,5.81042],[0.52403,5.81069],[0.52431,5.81069],[0.52431,5.81097],[0.52458,5.81097],[0.52458,5.81153],[0.52486,5.81153],[0.52486,5.81181],[0.52514,5.81181],[0.52514,5.81236],[0.52542,5.81236],[0.52542,5.81264],[0.52625,5.81264],[0.52625,5.81292],[0.52708,5.81292],[0.52708,5.81264],[0.52764,5.81264],[0.52764,5.81292],[0.52778,5.81292],[0.52778,5.80212]]]]},"properties":{"region":"Greater Accra","district":"Dangbe West","floods_1m":1,"floods_2m":1,"floods_3m":1,"first_flood_m":1,"nests":true,"area_km2":1.587}},{"type":"Feature","geometry":{"type":"Polygon","coordinates":[[[0.61202,5.88767],[0.59907,5.88767],[0.59907,5.90193],[0.60689,5.90193],[0.60709,5.90124],[0.61096,5.89357],[0.61173,5.89061],[0.61202,5.88767]]]},"properties":{"region":"Greater Accra","district":"Dangbe West","floods_1m":1,"floods_2m":1,"floods_3m":1,"first_flood_m":1,"nests":true,"area_km2":1.916}},{"type":"Feature","geometry":{"type":"Polygon","coordinates":[[[0.58481,5.87341],[0.57056,5.87341],[0.57056,5.88767],[0.58481,5.88767],[0.58481,5.87341]]]},"properties":{"region":"Greater Accra","district":"Dangbe West","floods_1m":1,"floods_2m":1,"floods_3m":1,"first_flood_m":1,"nests":true,"area_km2":2.499}},{"type":"Feature","geometry":{"type":"Polygon","coordinates":[[[0.59547,5.93045],[0.58481,5.93045],[0.58481,5.9447],[0.58819,5.9447],[0.59122,5.93943],[0.5935,5.93381],[0.59547,5.93045]]]},"properties":{"region":"Greater Accra","district":"Dangbe West","floods_1m":1,"floods_2m":1,"floods_3m":1,"first_flood_m":1,"nests":true,"area_km2":1.239}},{"type":"Feature","geometry":{"type":"Polygon","coordinates":[[[0.71403,5.77361],[0.71314,5.77361],[0.71314,5.78787],[0.71958,5.78787],[0.71958,5.78736],[0.71986,5.78736],[0.71986,5.78681],[0.72014,5.78681],[0.72014,5.78625],[0.72042,5.78625],[0.72042,5.78569],[0.7207,5.78569],[0.7207,5.78486],[0.72097,5.78486],[0.72097,5.78403],[0.7207,5.78403],[0.7207,5.78375],[0.72042,5.78375],[0.72042,5.78347],[0.72014,5.78347],[0.72014,5.78319],[0.71986,5.78319],[0.71986,5.78292],[0.7193,5.78292],[0.7193,5.78319],[0.71708,5.78319],[0.71708,5.78292],[0.71681,5.78292],[0.71681,5.78319],[0.71653,5.78319],[0.71653,5.78292],[0.71597,5.78292],[0.71597,5.78264],[0.71514,5.78264],[0.71514,5.78236],[0.71486,5.78236],[0.71486,5.78208],[0.71431,5.78208],[0.71431,5.78181],[0.71403,5.78181],[0.71403,5.78153],[0.71375,5.78153],[0.71375,5.78125],[0.71347,5.78125],[0.71347,5.78069],[0.71319,5.78069],[0.71319,5.77958],[0.71347,5.77958],[0.71347,5.77938],[0.71347,5.77903],[0.71375,5.77903],[0.71375,5.77736],[0.71403,5.77736],[0.71403,5.77542],[0.71375,5.77542],[0.71375,5.77486],[0.71347,5.77486],[0.71347,5.77403],[0.71375,5.77403],[0.71375,5.77375],[0.71403,5.77375],[0.71403,5.77361]]]},"properties":{"region":"Greater Accra","district":"Dangbe West","floods_1m":1,"floods_2m":1,"floods_3m":1,"first_flood_m":1,"nests":true,"area_km2":0.512}},{"type":"Feature","geometry":{"type":"Polygon","coordinates":[[[0.52778,5.98416],[0.52778,5.97322],[0.51352,5.97322],[0.51352,5.98537],[0.51656,5.98529],[0.52778,5.98416]]]},"properties":{"region":"Greater Accra","district":"Dangbe West","floods_1m":1,"floods_2m":1,"floods_3m":1,"first_flood_m":1,"nests":true,"area_km2":2.04}},{"type":"Feature","geometry":{"type":"Polygon","coordinates":[[[0.62608,5.8449],[0.61333,5.8449],[0.61333,5.85916],[0.61936,5.85916],[0.61951,5.85834],[0.62034,5.8554],[0.62162,5.85282],[0.62461,5.84781],[0.62608,5.8449]]]},"properties":{"region":"Greater Accra","district":"Dangbe West","floods_1m":1,"floods_2m":1,"floods_3m":1,"first_flood_m":1,"nests":true,"area_km2":1.576}},{"type":"Feature","geometry":{"type":"Polygon","coordinates":[[[0.61333,5.81638],[0.59907,5.81638],[0.59907,5.83064],[0.61333,5.83064],[0.61333,5.81638]]]},"properties":{"region":"Greater Accra","district":"Dangbe West","floods_1m":1,"floods_2m":1,"floods_3m":1,"first_flood_m":1,"nests":true,"area_km2":2.501}},{"type":"Feature","geometry":{"type":"Polygon","coordinates":[[[0.54204,5.78787],[0.53347,5.78787],[0.53347,5.78792],[0.53375,5.78792],[0.53375,5.7882],[0.53597,5.7882],[0.53597,5.78847],[0.53625,5.78847],[0.53625,5.78931],[0.53597,5.78931],[0.53597,5.78958],[0.5357,5.78958],[0.5357,5.7907],[0.53542,5.7907],[0.53542,5.7918],[0.53514,5.7918],[0.53514,5.79208],[0.53458,5.79208],[0.53458,5.7918],[0.5343,5.7918],[0.5343,5.79125],[0.53347,5.79125],[0.53347,5.79097],[0.53208,5.79097],[0.53208,5.7907],[0.53153,5.7907],[0.53153,5.79042],[0.5307,5.79042],[0.5307,5.79014],[0.53014,5.79014],[0.53014,5.78986],[0.52986,5.78986],[0.52986,5.78958],[0.52931,5.78958],[0.5293,5.78931],[0.52875,5.78931],[0.52875,5.78903],[0.5282,5.78903],[0.5282,5.78875],[0.52792,5.78875],[0.52792,5.78847],[0.52778,5.78847],[0.52778,5.7892],[0.52778,5.80212],[0.54204,5.80212],[0.54204,5.7892],[0.54204,5.78787]]]},"properties":{"region":"Greater Accra","district":"Dangbe West","floods_1m":1,"floods_2m":1,"floods_3m":1,"first_flood_m":1,"nests":true,"area_km2":2.246}},{"type":"Feature","geometry":{"type":"Polygon","coordinates":[[[0.59907,5.77819],[0.59097,5.77819],[0.59097,5.77847],[0.5907,5.77847],[0.5907,5.77875],[0.58986,5.77875],[0.58986,5.77847],[0.58958,5.77847],[0.58958,5.77819],[0.58875,5.77819],[0.58875,5.77847],[0.5868,5.77847],[0.5868,5.77875],[0.58481,5.77875],[0.58481,5.78787],[0.59907,5.78787],[0.59907,5.77819]]]},"properties":{"region":"Greater Accra","district":"Dangbe West","floods_1m":1,"floods_2m":1,"floods_3m":1,"first_flood_m":1,"nests":true,"area_km2":1.67}},{"type":"Feature","geometry":{"type":"Polygon","coordinates":[[[0.5563,5.93045],[0.54204,5.93045],[0.54204,5.9447],[0.5563,5.9447],[0.5563,5.93045]]]},"properties":{"region":"Greater Accra","district":"Dangbe West","floods_1m":1,"floods_2m":1,"floods_3m":1,"first_flood_m":1,"nests":true,"area_km2":2.499}},{"type":"Feature","geometry":{"type":"MultiPolygon","coordinates":[[[[0.54204,5.78153],[0.54181,5.78153],[0.54181,5.78181],[0.53542,5.78181],[0.53542,5.78208],[0.53347,5.78208],[0.53347,5.78236],[0.53236,5.78236],[0.53236,5.78264],[0.53264,5.78264],[0.53264,5.78375],[0.53236,5.78375],[0.53236,5.78597],[0.53264,5.78597],[0.53264,5.78681],[0.53292,5.78681],[0.53292,5.78736],[0.5332,5.78736],[0.5332,5.78764],[0.53347,5.78764],[0.53347,5.78787],[0.54204,5.78787],[0.54204,5.78153]]],[[[0.52778,5.78347],[0.52778,5.78542],[0.5282,5.78542],[0.5282,5.78514],[0.52847,5.78514],[0.52847,5.78458],[0.5282,5.78458],[0.5282,5.78375],[0.52792,5.78375],[0.52792,5.78347],[0.52778,5.78347]]]]},"properties":{"region":"Greater Accra","district":"Dangbe West","floods_1m":1,"floods_2m":1,"floods_3m":1,"first_flood_m":1,"nests":true,"area_km2":0.703}},{"type":"Feature","geometry":{"type":"Polygon","coordinates":[[[0.52778,5.78847],[0.52625,5.78847],[0.52625,5.7882],[0.52431,5.7882],[0.52431,5.78792],[0.52403,5.78792],[0.52403,5.78787],[0.51792,5.78787],[0.51792,5.78792],[0.51764,5.78792],[0.51764,5.7882],[0.51736,5.7882],[0.51736,5.78847],[0.51653,5.78847],[0.51653,5.78875],[0.51597,5.78875],[0.51597,5.78903],[0.51569,5.78903],[0.51569,5.78931],[0.51514,5.78931],[0.51514,5.78958],[0.51486,5.78958],[0.51486,5.78986],[0.51431,5.78986],[0.51431,5.78958],[0.51403,5.78958],[0.51403,5.78931],[0.51375,5.78931],[0.51375,5.78875],[0.51352,5.78875],[0.51352,5.7892],[0.51352,5.79486],[0.51375,5.79486],[0.51375,5.79458],[0.51458,5.79458],[0.51458,5.7943],[0.51486,5.7943],[0.51486,5.79403],[0.51514,5.79403],[0.51514,5.79375],[0.51542,5.79375],[0.51542,5.79347],[0.51569,5.79347],[0.51569,5.79292],[0.51597,5.79292],[0.51597,5.79264],[0.51653,5.79264],[0.51653,5.79292],[0.51736,5.79292],[0.51736,5.79264],[0.51819,5.79264],[0.51819,5.79236],[0.52069,5.79236],[0.52069,5.79264],[0.52097,5.79264],[0.52097,5.79292],[0.52125,5.79292],[0.52125,5.79347],[0.52097,5.79347],[0.52097,5.79375],[0.52042,5.79375],[0.52042,5.7943],[0.52069,5.7943],[0.52069,5.79458],[0.52097,5.79458],[0.52097,5.79486],[0.52125,5.79486],[0.52125,5.79514],[0.52153,5.79514],[0.52153,5.79542],[0.52181,5.79542],[0.52181,5.79569],[0.52236,5.79569],[0.52236,5.79597],[0.52264,5.79597],[0.52264,5.79625],[0.52292,5.79625],[0.52292,5.79653],[0.52264,5.79653],[0.52264,5.7968],[0.52236,5.7968],[0.52236,5.79653],[0.52181,5.79653],[0.52181,5.79625],[0.52125,5.79625],[0.52125,5.79597],[0.52097,5.79597],[0.52097,5.79569],[0.52069,5.79569],[0.52069,5.79542],[0.52042,5.79542],[0.52042,5.79514],[0.52014,5.79514],[0.52014,5.79486],[0.51986,5.79486],[0.51986,5.79458],[0.51958,5.79458],[0.51958,5.79403],[0.51792,5.79403],[0.51792,5.7943],[0.51764,5.7943],[0.51764,5.79458],[0.51792,5.79458],[0.51792,5.79486],[0.51819,5.79486],[0.51819,5.79764],[0.51792,5.79764],[0.51792,5.79819],[0.51819,5.79819],[0.51819,5.7993],[0.51792,5.7993],[0.51792,5.80042],[0.51764,5.80042],[0.51764,5.80208],[0.51736,5.80208],[0.51736,5.80212],[0.52778,5.80212],[0.52778,5.7892],[0.52778,5.78847]]]},"properties":{"region":"Greater Accra","district":"Dangbe West","floods_1m":1,"floods_2m":1,"floods_3m":1,"first_flood_m":1,"nests":true,"area_km2":1.851}},{"type":"Feature","geometry":{"type":"Polygon","coordinates":[[[0.71097,5.79848],[0.71097,5.7968],[0.71069,5.7968],[0.71069,5.79597],[0.71097,5.79597],[0.71097,5.79458],[0.71125,5.79458],[0.71125,5.7943],[0.71153,5.7943],[0.71153,5.79403],[0.71181,5.79403],[0.71181,5.79347],[0.71208,5.79347],[0.71208,5.79319],[0.71236,5.79319],[0.71236,5.79292],[0.71264,5.79292],[0.71264,5.79264],[0.71314,5.79264],[0.71314,5.7892],[0.71314,5.78787],[0.69888,5.78787],[0.69888,5.7892],[0.69888,5.80212],[0.70173,5.80212],[0.7029,5.80157],[0.70893,5.7992],[0.71097,5.79848]]]},"properties":{"region":"Greater Accra","district":"Dangbe West","floods_1m":1,"floods_2m":1,"floods_3m":1,"first_flood_m":1,"nests":true,"area_km2":2.052}},{"type":"Feature","geometry":{"type":"Polygon","coordinates":[[[0.59907,5.88767],[0.58481,5.88767],[0.58481,5.90193],[0.59907,5.90193],[0.59907,5.88767]]]},"properties":{"region":"Greater Accra","district":"Dangbe West","floods_1m":1,"floods_2m":1,"floods_3m":1,"first_flood_m":1,"nests":true,"area_km2":2.501}},{"type":"Feature","geometry":{"type":"Polygon","coordinates":[[[0.45649,5.993],[0.45649,5.98748],[0.44223,5.98748],[0.44223,5.9983],[0.44317,5.99819],[0.44638,5.99736],[0.45416,5.9936],[0.45649,5.993]]]},"properties":{"region":"Greater Accra","district":"Dangbe West","floods_1m":1,"floods_2m":1,"floods_3m":1,"first_flood_m":1,"nests":true,"area_km2":1.463}},{"type":"Feature","geometry":{"type":"Polygon","coordinates":[[[0.5563,5.9735],[0.5563,5.97322],[0.54204,5.97322],[0.54204,5.98176],[0.5563,5.9735]]]},"properties":{"region":"Greater Accra","district":"Dangbe West","floods_1m":1,"floods_2m":1,"floods_3m":1,"first_flood_m":1,"nests":true,"area_km2":0.773}},{"type":"Feature","geometry":{"type":"Polygon","coordinates":[[[0.62759,5.81638],[0.61333,5.81638],[0.61333,5.83064],[0.62759,5.83064],[0.62759,5.81638]]]},"properties":{"region":"Greater Accra","district":"Dangbe West","floods_1m":1,"floods_2m":1,"floods_3m":1,"first_flood_m":1,"nests":true,"area_km2":2.501}},{"type":"Feature","geometry":{"type":"Polygon","coordinates":[[[0.62759,5.78787],[0.61333,5.78787],[0.61333,5.7892],[0.61333,5.80212],[0.62759,5.80212],[0.62759,5.7892],[0.62759,5.78787]]]},"properties":{"region":"Greater Accra","district":"Dangbe West","floods_1m":1,"floods_2m":1,"floods_3m":1,"first_flood_m":1,"nests":true,"area_km2":2.5}},{"type":"Feature","geometry":{"type":"Polygon","coordinates":[[[0.70173,5.80212],[0.69888,5.80212],[0.69888,5.80368],[0.70011,5.8029],[0.70173,5.80212]]]},"properties":{"region":"Greater Accra","district":"Dangbe West","floods_1m":1,"floods_2m":1,"floods_3m":1,"first_flood_m":1,"nests":true,"area_km2":0.025}},{"type":"Feature","geometry":{"type":"Polygon","coordinates":[[[0.59907,5.83064],[0.58481,5.83064],[0.58481,5.8449],[0.59907,5.8449],[0.59907,5.83064]]]},"properties":{"region":"Greater Accra","district":"Dangbe West","floods_1m":1,"floods_2m":1,"floods_3m":1,"first_flood_m":1,"nests":true,"area_km2":2.501}},{"type":"Feature","geometry":{"type":"Polygon","coordinates":[[[0.59907,5.85916],[0.58481,5.85916],[0.58481,5.87341],[0.59907,5.87341],[0.59907,5.85916]]]},"properties":{"region":"Greater Accra","district":"Dangbe West","floods_1m":1,"floods_2m":1,"floods_3m":1,"first_flood_m":1,"nests":true,"area_km2":2.499}},{"type":"Feature","geometry":{"type":"Polygon","coordinates":[[[0.6561,5.78787],[0.64185,5.78787],[0.64185,5.7892],[0.64185,5.80212],[0.6561,5.80212],[0.6561,5.7892],[0.6561,5.78787]]]},"properties":{"region":"Greater Accra","district":"Dangbe West","floods_1m":1,"floods_2m":1,"floods_3m":1,"first_flood_m":1,"nests":true,"area_km2":2.498}},{"type":"Feature","geometry":{"type":"Polygon","coordinates":[[[0.5563,5.95896],[0.54204,5.95896],[0.54204,5.97322],[0.5563,5.97322],[0.5563,5.95896]]]},"properties":{"region":"Greater Accra","district":"Dangbe West","floods_1m":1,"floods_2m":1,"floods_3m":1,"first_flood_m":1,"nests":true,"area_km2":2.501}},{"type":"Feature","geometry":{"type":"Polygon","coordinates":[[[0.6561,5.77236],[0.6561,5.77361],[0.66069,5.77361],[0.66069,5.77319],[0.66153,5.77319],[0.66153,5.77292],[0.6618,5.77292],[0.6618,5.77264],[0.66208,5.77264],[0.66208,5.77236],[0.6618,5.77236],[0.6618,5.7718],[0.66042,5.7718],[0.66042,5.77153],[0.65986,5.77153],[0.65986,5.77125],[0.65875,5.77125],[0.65875,5.77153],[0.65681,5.77153],[0.65681,5.7718],[0.65653,5.7718],[0.65653,5.77208],[0.65625,5.77208],[0.65625,5.77236],[0.6561,5.77236]]]},"properties":{"region":"Greater Accra","district":"Dangbe West","floods_1m":1,"floods_2m":1,"floods_3m":1,"first_flood_m":1,"nests":true,"area_km2":0.135}},{"type":"Feature","geometry":{"type":"Polygon","coordinates":[[[0.3852,5.81638],[0.37094,5.81638],[0.37094,5.83064],[0.3852,5.83064],[0.3852,5.81638]]]},"properties":{"region":"Greater Accra","district":"Dangbe West","floods_1m":1,"floods_2m":1,"floods_3m":1,"first_flood_m":1,"nests":true,"area_km2":2.501}},{"type":"Feature","geometry":{"type":"Polygon","coordinates":[[[0.34243,5.81638],[0.3293,5.81638],[0.32928,5.83064],[0.34243,5.83064],[0.34243,5.81638]]]},"properties":{"region":"Greater Accra","district":"Dangbe West","floods_1m":1,"floods_2m":1,"floods_3m":1,"first_flood_m":1,"nests":true,"area_km2":2.305}},{"type":"Feature","geometry":{"type":"Polygon","coordinates":[[[0.5563,5.8449],[0.54204,5.8449],[0.54204,5.85916],[0.5563,5.85916],[0.5563,5.8449]]]},"properties":{"region":"Greater Accra","district":"Dangbe West","floods_1m":1,"floods_2m":1,"floods_3m":1,"first_flood_m":1,"nests":true,"area_km2":2.501}},{"type":"Feature","geometry":{"type":"Polygon","coordinates":[[[0.57056,5.96506],[0.57056,5.95896],[0.5563,5.95896],[0.5563,5.97322],[0.55678,5.97322],[0.55745,5.97283],[0.56623,5.96713],[0.57056,5.96506]]]},"properties":{"region":"Greater Accra","district":"Dangbe West","floods_1m":1,"floods_2m":1,"floods_3m":1,"first_flood_m":1,"nests":true,"area_km2":1.77}},{"type":"Feature","geometry":{"type":"Polygon","coordinates":[[[0.54204,5.87341],[0.52778,5.87341],[0.52778,5.88767],[0.54204,5.88767],[0.54204,5.87341]]]},"properties":{"region":"Greater Accra","district":"Dangbe West","floods_1m":1,"floods_2m":1,"floods_3m":1,"first_flood_m":1,"nests":true,"area_km2":2.501}},{"type":"Feature","geometry":{"type":"Polygon","coordinates":[[[0.44223,5.9983],[0.44223,5.98748],[0.42798,5.98748],[0.42798,5.99885],[0.43277,5.99884],[0.43978,5.99859],[0.44223,5.9983]]]},"properties":{"region":"Greater Accra","district":"Dangbe West","floods_1m":1,"floods_2m":1,"floods_3m":1,"first_flood_m":1,"nests":true,"area_km2":1.968}},{"type":"Feature","geometry":{"type":"Polygon","coordinates":[[[0.37094,5.78787],[0.35669,5.78787],[0.35669,5.7892],[0.35669,5.80212],[0.37094,5.80212],[0.37094,5.7892],[0.37094,5.78787]]]},"properties":{"region":"Greater Accra","district":"Dangbe West","floods_1m":1,"floods_2m":1,"floods_3m":1,"first_flood_m":1,"nests":true,"area_km2":2.498}},{"type":"Feature","geometry":{"type":"Polygon","coordinates":[[[0.45649,5.97322],[0.44223,5.97322],[0.44223,5.98748],[0.45649,5.98748],[0.45649,5.97322]]]},"properties":{"region":"Greater Accra","district":"Dangbe West","floods_1m":1,"floods_2m":1,"floods_3m":1,"first_flood_m":1,"nests":true,"area_km2":2.501}},{"type":"Feature","geometry":{"type":"Polygon","coordinates":[[[0.41372,5.81875],[0.41347,5.81875],[0.41347,5.81903],[0.41292,5.81903],[0.41292,5.81875],[0.41125,5.81875],[0.41125,5.81903],[0.41042,5.81903],[0.41042,5.8193],[0.40958,5.8193],[0.40958,5.81958],[0.40903,5.81958],[0.40903,5.81986],[0.40819,5.81986],[0.40819,5.81958],[0.40792,5.81958],[0.40791,5.8193],[0.40764,5.8193],[0.40764,5.81819],[0.40791,5.81819],[0.40792,5.81792],[0.40819,5.81792],[0.40819,5.81764],[0.40847,5.81764],[0.40847,5.81708],[0.40875,5.81708],[0.40875,5.8168],[0.40903,5.8168],[0.40903,5.81653],[0.40931,5.81653],[0.40931,5.81638],[0.39946,5.81638],[0.39946,5.83064],[0.41372,5.83064],[0.41372,5.81875]]]},"properties":{"region":"Greater Accra","district":"Dangbe West","floods_1m":1,"floods_2m":1,"floods_3m":1,"first_flood_m":1,"nests":true,"area_km2":2.312}},{"type":"Feature","geometry":{"type":"Polygon","coordinates":[[[0.6561,5.80212],[0.64185,5.80212],[0.64185,5.81638],[0.6561,5.81638],[0.6561,5.80212]]]},"properties":{"region":"Greater Accra","district":"Dangbe West","floods_1m":1,"floods_2m":1,"floods_3m":1,"first_flood_m":1,"nests":true,"area_km2":2.5}},{"type":"Feature","geometry":{"type":"Polygon","coordinates":[[[0.71314,5.77347],[0.71181,5.77347],[0.71181,5.77319],[0.71069,5.77319],[0.71069,5.77292],[0.71014,5.77292],[0.71014,5.77264],[0.70931,5.77264],[0.70931,5.77236],[0.70783,5.77236],[0.70625,5.77236],[0.70625,5.77264],[0.70542,5.77264],[0.70542,5.77292],[0.70014,5.77292],[0.70014,5.77264],[0.6993,5.77264],[0.6993,5.77236],[0.69903,5.77236],[0.69903,5.77208],[0.69888,5.77208],[0.69888,5.77361],[0.71314,5.77361],[0.71314,5.77347]]]},"properties":{"region":"Greater Accra","district":"Dangbe West","floods_1m":1,"floods_2m":1,"floods_3m":1,"first_flood_m":1,"nests":true,"area_km2":0.141}},{"type":"Feature","geometry":{"type":"Polygon","coordinates":[[[0.49927,5.83064],[0.48501,5.83064],[0.48501,5.8449],[0.49927,5.8449],[0.49927,5.83064]]]},"properties":{"region":"Greater Accra","district":"Dangbe West","floods_1m":1,"floods_2m":1,"floods_3m":1,"first_flood_m":1,"nests":true,"area_km2":2.501}},{"type":"Feature","geometry":{"type":"Polygon","coordinates":[[[0.37094,5.81638],[0.35669,5.81638],[0.35669,5.83064],[0.37094,5.83064],[0.37094,5.81638]]]},"properties":{"region":"Greater Accra","district":"Dangbe West","floods_1m":1,"floods_2m":1,"floods_3m":1,"first_flood_m":1,"nests":true,"area_km2":2.5}},{"type":"Feature","geometry":{"type":"Polygon","coordinates":[[[0.47075,5.97322],[0.45649,5.97322],[0.45649,5.98748],[0.47075,5.98748],[0.47075,5.97322]]]},"properties":{"region":"Greater Accra","district":"Dangbe West","floods_1m":1,"floods_2m":1,"floods_3m":1,"first_flood_m":1,"nests":true,"area_km2":2.501}},{"type":"Feature","geometry":{"type":"Polygon","coordinates":[[[0.48501,5.87341],[0.47075,5.87341],[0.47075,5.88767],[0.48501,5.88767],[0.48501,5.87341]]]},"properties":{"region":"Greater Accra","district":"Dangbe West","floods_1m":1,"floods_2m":1,"floods_3m":1,"first_flood_m":1,"nests":true,"area_km2":2.501}},{"type":"Feature","geometry":{"type":"MultiPolygon","coordinates":[[[[0.51792,5.78787],[0.52403,5.78787],[0.52403,5.78764],[0.52375,5.78764],[0.52375,5.78736],[0.52319,5.78736],[0.52319,5.78708],[0.52153,5.78708],[0.52153,5.78681],[0.52125,5.78681],[0.52125,5.78708],[0.52069,5.78708],[0.52069,5.78736],[0.51958,5.78736],[0.51958,5.78764],[0.51792,5.78764],[0.51792,5.78787]]],[[[0.51352,5.78542],[0.51352,5.78653],[0.51653,5.78653],[0.51653,5.78625],[0.51875,5.78625],[0.51875,5.78597],[0.51986,5.78597],[0.51986,5.78569],[0.52014,5.78569],[0.52014,5.78542],[0.51958,5.78542],[0.51958,5.78514],[0.51708,5.78514],[0.51708,5.78542],[0.51352,5.78542]]],[[[0.52778,5.78542],[0.52778,5.78347],[0.52597,5.78347],[0.52597,5.78375],[0.52458,5.78375],[0.52458,5.78403],[0.52431,5.78403],[0.52431,5.78431],[0.52403,5.78431],[0.52403,5.78514],[0.52431,5.78514],[0.52431,5.78542],[0.52514,5.78542],[0.52514,5.78569],[0.52764,5.78569],[0.52764,5.78542],[0.52778,5.78542]]]]},"properties":{"region":"Greater Accra","district":"Dangbe West","floods_1m":1,"floods_2m":1,"floods_3m":1,"first_flood_m":1,"nests":true,"area_km2":0.21}},{"type":"Feature","geometry":{"type":"Polygon","coordinates":[[[0.71958,5.78787],[0.71314,5.78787],[0.71314,5.7892],[0.71314,5.79264],[0.71347,5.79264],[0.71347,5.79292],[0.71486,5.79292],[0.71486,5.79319],[0.71764,5.79319],[0.71764,5.79292],[0.71792,5.79292],[0.71792,5.79264],[0.71847,5.79264],[0.71847,5.79208],[0.71875,5.79208],[0.71875,5.79153],[0.71903,5.79153],[0.71903,5.7907],[0.71875,5.7907],[0.71875,5.78931],[0.71903,5.78931],[0.71903,5.78847],[0.7193,5.78847],[0.7193,5.78792],[0.71958,5.78792],[0.71958,5.78787]]]},"properties":{"region":"Greater Accra","district":"Dangbe West","floods_1m":1,"floods_2m":1,"floods_3m":1,"first_flood_m":1,"nests":true,"area_km2":0.362}},{"type":"Feature","geometry":{"type":"Polygon","coordinates":[[[0.57056,5.91619],[0.5563,5.91619],[0.5563,5.93045],[0.57056,5.93045],[0.57056,5.91619]]]},"properties":{"region":"Greater Accra","district":"Dangbe West","floods_1m":1,"floods_2m":1,"floods_3m":1,"first_flood_m":1,"nests":true,"area_km2":2.501}},{"type":"Feature","geometry":{"type":"Polygon","coordinates":[[[0.34243,5.85916],[0.32817,5.85916],[0.32817,5.87341],[0.34243,5.87341],[0.34243,5.85916]]]},"properties":{"region":"Greater Accra","district":"Dangbe West","floods_1m":1,"floods_2m":1,"floods_3m":1,"first_flood_m":1,"nests":true,"area_km2":2.499}},{"type":"Feature","geometry":{"type":"MultiPolygon","coordinates":[[[[0.42798,5.84403],[0.42792,5.84403],[0.42792,5.84431],[0.42764,5.84431],[0.42764,5.84458],[0.42736,5.84458],[0.42736,5.84486],[0.42708,5.84486],[0.42708,5.8449],[0.42798,5.8449],[0.42798,5.84403]]],[[[0.42458,5.84486],[0.42458,5.84458],[0.42486,5.84458],[0.42486,5.84431],[0.42514,5.84431],[0.42514,5.84403],[0.42542,5.84403],[0.42542,5.84375],[0.4257,5.84375],[0.4257,5.84347],[0.42597,5.84347],[0.42597,5.84319],[0.42653,5.84319],[0.42653,5.84292],[0.4268,5.84292],[0.4268,5.84264],[0.42736,5.84264],[0.42736,5.84236],[0.42764,5.84236],[0.42764,5.8418],[0.42736,5.8418],[0.42736,5.84208],[0.42625,5.84208],[0.42625,5.84236],[0.42514,5.84236],[0.42514,5.84264],[0.42458,5.84264],[0.42458,5.84292],[0.4232,5.84292],[0.4232,5.84319],[0.42208,5.84319],[0.42208,5.84403],[0.42236,5.84403],[0.42236,5.84458],[0.42208,5.84458],[0.42208,5.84486],[0.42458,5.84486]]],[[[0.41372,5.8418],[0.41372,5.84458],[0.41375,5.84458],[0.41375,5.84431],[0.41431,5.84431],[0.41431,5.84403],[0.41514,5.84403],[0.41514,5.84292],[0.41458,5.84292],[0.41458,5.84264],[0.41431,5.84264],[0.41431,5.84236],[0.41403,5.84236],[0.41403,5.84208],[0.41375,5.84208],[0.41375,5.8418],[0.41372,5.8418]]],[[[0.42798,5.84042],[0.42798,5.83064],[0.41372,5.83064],[0.41372,5.83764],[0.41458,5.83764],[0.41458,5.83792],[0.41486,5.83792],[0.41486,5.83903],[0.41514,5.83903],[0.41514,5.84014],[0.41542,5.84014],[0.41542,5.84097],[0.41569,5.84097],[0.41569,5.84125],[0.41597,5.84125],[0.41597,5.84153],[0.41625,5.84153],[0.41625,5.8418],[0.41653,5.8418],[0.41653,5.84208],[0.41708,5.84208],[0.41708,5.84236],[0.41736,5.84236],[0.41736,5.84264],[0.41764,5.84264],[0.41764,5.84292],[0.41792,5.84292],[0.41792,5.84319],[0.41903,5.84319],[0.41903,5.84292],[0.41958,5.84292],[0.41958,5.84264],[0.4207,5.84264],[0.4207,5.84236],[0.4218,5.84236],[0.4218,5.84208],[0.42292,5.84208],[0.42292,5.8418],[0.4243,5.8418],[0.4243,5.84153],[0.42514,5.84153],[0.42514,5.84125],[0.4257,5.84125],[0.4257,5.84097],[0.42708,5.84097],[0.42708,5.84069],[0.42792,5.84069],[0.42792,5.84042],[0.42798,5.84042]]]]},"properties":{"region":"Greater Accra","district":"Dangbe West","floods_1m":1,"floods_2m":1,"floods_3m":1,"first_flood_m":1,"nests":true,"area_km2":2.034}},{"type":"Feature","geometry":{"type":"Polygon","coordinates":[[[0.44223,5.87341],[0.42798,5.87341],[0.42798,5.88767],[0.44223,5.88767],[0.44223,5.87341]]]},"properties":{"region":"Greater Accra","district":"Dangbe West","floods_1m":0,"floods_2m":0,"floods_3m":1,"first_flood_m":3,"nests":true,"area_km2":2.499}},{"type":"Feature","geometry":{"type":"Polygon","coordinates":[[[0.39946,5.8449],[0.3852,5.8449],[0.3852,5.85916],[0.39946,5.85916],[0.39946,5.8449]]]},"properties":{"region":"Greater Accra","district":"Dangbe West","floods_1m":1,"floods_2m":1,"floods_3m":1,"first_flood_m":1,"nests":true,"area_km2":2.501}},{"type":"Feature","geometry":{"type":"Polygon","coordinates":[[[0.39946,5.81638],[0.3852,5.81638],[0.3852,5.83064],[0.39946,5.83064],[0.39946,5.81638]]]},"properties":{"region":"Greater Accra","district":"Dangbe West","floods_1m":1,"floods_2m":1,"floods_3m":1,"first_flood_m":1,"nests":true,"area_km2":2.501}},{"type":"Feature","geometry":{"type":"Polygon","coordinates":[[[0.49927,5.85916],[0.48501,5.85916],[0.48501,5.87341],[0.49927,5.87341],[0.49927,5.85916]]]},"properties":{"region":"Greater Accra","district":"Dangbe West","floods_1m":1,"floods_2m":1,"floods_3m":1,"first_flood_m":1,"nests":true,"area_km2":2.499}},{"type":"Feature","geometry":{"type":"Polygon","coordinates":[[[0.48501,5.85916],[0.47075,5.85916],[0.47075,5.87341],[0.48501,5.87341],[0.48501,5.85916]]]},"properties":{"region":"Greater Accra","district":"Dangbe West","floods_1m":1,"floods_2m":1,"floods_3m":1,"first_flood_m":1,"nests":true,"area_km2":2.499}},{"type":"Feature","geometry":{"type":"Polygon","coordinates":[[[0.57056,5.80212],[0.5563,5.80212],[0.5563,5.81638],[0.57056,5.81638],[0.57056,5.80212]]]},"properties":{"region":"Greater Accra","district":"Dangbe West","floods_1m":1,"floods_2m":1,"floods_3m":1,"first_flood_m":1,"nests":true,"area_km2":2.501}},{"type":"Feature","geometry":{"type":"MultiPolygon","coordinates":[[[[0.45649,5.82347],[0.45625,5.82347],[0.45625,5.82319],[0.45542,5.82319],[0.45542,5.82292],[0.45514,5.82292],[0.45514,5.82264],[0.4543,5.82264],[0.4543,5.82236],[0.45403,5.82236],[0.45403,5.82264],[0.45347,5.82264],[0.45347,5.82292],[0.4518,5.82292],[0.4518,5.82264],[0.4507,5.82264],[0.4507,5.82236],[0.44986,5.82236],[0.44986,5.82208],[0.44875,5.82208],[0.44875,5.8218],[0.44792,5.8218],[0.44792,5.82153],[0.44708,5.82153],[0.44708,5.82125],[0.44653,5.82125],[0.44653,5.82097],[0.44625,5.82097],[0.44625,5.82069],[0.44597,5.82069],[0.44597,5.82042],[0.44569,5.82042],[0.44569,5.82014],[0.44542,5.82014],[0.44542,5.81986],[0.44514,5.81986],[0.44514,5.81958],[0.44486,5.81958],[0.44486,5.81847],[0.44514,5.81847],[0.44514,5.81819],[0.44569,5.81819],[0.44569,5.81847],[0.44597,5.81847],[0.44597,5.81792],[0.44625,5.81792],[0.44625,5.81708],[0.44653,5.81708],[0.44653,5.8168],[0.44708,5.8168],[0.44708,5.81653],[0.44736,5.81653],[0.44736,5.81638],[0.44223,5.81638],[0.44223,5.81708],[0.44236,5.81708],[0.44236,5.81736],[0.44264,5.81736],[0.44264,5.81764],[0.44319,5.81764],[0.44319,5.81792],[0.44347,5.81792],[0.44347,5.81847],[0.44375,5.81847],[0.44375,5.82236],[0.44403,5.82236],[0.44403,5.82264],[0.44458,5.82264],[0.44458,5.82292],[0.44514,5.82292],[0.44514,5.82319],[0.44569,5.82319],[0.44569,5.82347],[0.44625,5.82347],[0.44625,5.82375],[0.44681,5.82375],[0.44681,5.82431],[0.44708,5.82431],[0.44708,5.82458],[0.44847,5.82458],[0.44847,5.82486],[0.44875,5.82486],[0.44875,5.8257],[0.44903,5.8257],[0.44903,5.82625],[0.44958,5.82625],[0.44958,5.82653],[0.44986,5.82653],[0.44986,5.82708],[0.45014,5.82708],[0.45014,5.82764],[0.45042,5.82764],[0.45042,5.82792],[0.4518,5.82792],[0.4518,5.8282],[0.45264,5.8282],[0.45264,5.82847],[0.45403,5.82847],[0.45403,5.82875],[0.45458,5.82875],[0.45458,5.82903],[0.45514,5.82903],[0.45514,5.82931],[0.45125,5.82931],[0.45125,5.82958],[0.45097,5.82958],[0.45097,5.82986],[0.4507,5.82986],[0.4507,5.83042],[0.45042,5.83042],[0.45042,5.83064],[0.45649,5.83064],[0.45649,5.82347]]],[[[0.45649,5.81903],[0.45649,5.81638],[0.4557,5.81638],[0.4557,5.81653],[0.45458,5.81653],[0.45458,5.8168],[0.4543,5.8168],[0.4543,5.81708],[0.45403,5.81708],[0.45403,5.81736],[0.45375,5.81736],[0.45375,5.81819],[0.45403,5.81819],[0.45403,5.81847],[0.4543,5.81847],[0.4543,5.81903],[0.45458,5.81903],[0.45458,5.8193],[0.4557,5.8193],[0.4557,5.81903],[0.45649,5.81903]]]]},"properties":{"region":"Greater Accra","district":"Dangbe West","floods_1m":1,"floods_2m":1,"floods_3m":1,"first_flood_m":1,"nests":true,"area_km2":0.983}},{"type":"Feature","geometry":{"type":"Polygon","coordinates":[[[0.3852,5.78787],[0.38458,5.78787],[0.38458,5.78792],[0.38403,5.78792],[0.38403,5.7882],[0.38319,5.7882],[0.38319,5.78792],[0.38208,5.78792],[0.38208,5.78787],[0.37094,5.78787],[0.37094,5.7892],[0.37094,5.80212],[0.3852,5.80212],[0.3852,5.78787]]]},"properties":{"region":"Greater Accra","district":"Dangbe West","floods_1m":1,"floods_2m":1,"floods_3m":1,"first_flood_m":1,"nests":true,"area_km2":2.495}},{"type":"Feature","geometry":{"type":"Polygon","coordinates":[[[0.45649,5.87341],[0.44223,5.87341],[0.44223,5.88767],[0.45649,5.88767],[0.45649,5.87341]]]},"properties":{"region":"Greater Accra","district":"Dangbe West","floods_1m":1,"floods_2m":1,"floods_3m":1,"first_flood_m":1,"nests":true,"area_km2":2.501}},{"type":"Feature","geometry":{"type":"Polygon","coordinates":[[[0.42798,5.85181],[0.42736,5.85181],[0.42736,5.85153],[0.4268,5.85153],[0.4268,5.85125],[0.42653,5.85125],[0.42653,5.85097],[0.42625,5.85097],[0.42625,5.85042],[0.42597,5.85042],[0.42597,5.84958],[0.42625,5.84958],[0.42625,5.84931],[0.42653,5.84931],[0.42653,5.84903],[0.4268,5.84903],[0.4268,5.84875],[0.42736,5.84875],[0.42736,5.84847],[0.42792,5.84847],[0.42792,5.8482],[0.42798,5.8482],[0.42798,5.8449],[0.42708,5.8449],[0.42708,5.84514],[0.4268,5.84514],[0.4268,5.84542],[0.42653,5.84542],[0.42653,5.8457],[0.42625,5.8457],[0.42625,5.84597],[0.42597,5.84597],[0.42597,5.84625],[0.4257,5.84625],[0.4257,5.84653],[0.42458,5.84653],[0.42458,5.84681],[0.42403,5.84681],[0.42403,5.84736],[0.42375,5.84736],[0.42375,5.84764],[0.4232,5.84764],[0.4232,5.84792],[0.42264,5.84792],[0.42264,5.8482],[0.42208,5.8482],[0.42208,5.84847],[0.42125,5.84847],[0.42125,5.84875],[0.41958,5.84875],[0.41958,5.84903],[0.41875,5.84903],[0.41875,5.84931],[0.41764,5.84931],[0.41764,5.84903],[0.41653,5.84903],[0.41653,5.84875],[0.41597,5.84875],[0.41597,5.84847],[0.41569,5.84847],[0.41569,5.8482],[0.41542,5.8482],[0.41542,5.84792],[0.41486,5.84792],[0.41486,5.84736],[0.41458,5.84736],[0.41458,5.84708],[0.41431,5.84708],[0.41431,5.84653],[0.41403,5.84653],[0.41403,5.84597],[0.41375,5.84597],[0.41375,5.8457],[0.41372,5.8457],[0.41372,5.85916],[0.42798,5.85916],[0.42798,5.85181]]]},"properties":{"region":"Greater Accra","district":"Dangbe West","floods_1m":1,"floods_2m":1,"floods_3m":1,"first_flood_m":1,"nests":true,"area_km2":1.951}},{"type":"Feature","geometry":{"type":"Polygon","coordinates":[[[0.42798,5.85916],[0.41372,5.85916],[0.41372,5.87341],[0.42798,5.87341],[0.42798,5.85916]]]},"properties":{"region":"Greater Accra","district":"Dangbe West","floods_1m":1,"floods_2m":1,"floods_3m":1,"first_flood_m":1,"nests":true,"area_km2":2.499}},{"type":"Feature","geometry":{"type":"Polygon","coordinates":[[[0.67036,5.78787],[0.6561,5.78787],[0.6561,5.7892],[0.6561,5.80212],[0.67036,5.80212],[0.67036,5.7892],[0.67036,5.78787]]]},"properties":{"region":"Greater Accra","district":"Dangbe West","floods_1m":1,"floods_2m":1,"floods_3m":1,"first_flood_m":1,"nests":true,"area_km2":2.5}},{"type":"Feature","geometry":{"type":"Polygon","coordinates":[[[0.49927,5.95896],[0.48501,5.95896],[0.48501,5.97322],[0.49927,5.97322],[0.49927,5.95896]]]},"properties":{"region":"Greater Accra","district":"Dangbe West","floods_1m":1,"floods_2m":1,"floods_3m":1,"first_flood_m":1,"nests":true,"area_km2":2.501}},{"type":"Feature","geometry":{"type":"Polygon","coordinates":[[[0.34243,5.80212],[0.32933,5.80212],[0.3293,5.81638],[0.34243,5.81638],[0.34243,5.80212]]]},"properties":{"region":"Greater Accra","district":"Dangbe West","floods_1m":1,"floods_2m":1,"floods_3m":1,"first_flood_m":1,"nests":true,"area_km2":2.301}},{"type":"Feature","geometry":{"type":"Polygon","coordinates":[[[0.57056,5.88767],[0.5563,5.88767],[0.5563,5.90193],[0.57056,5.90193],[0.57056,5.88767]]]},"properties":{"region":"Greater Accra","district":"Dangbe West","floods_1m":1,"floods_2m":1,"floods_3m":1,"first_flood_m":1,"nests":true,"area_km2":2.501}},{"type":"Feature","geometry":{"type":"Polygon","coordinates":[[[0.59907,5.80212],[0.58481,5.80212],[0.58481,5.81638],[0.59907,5.81638],[0.59907,5.80212]]]},"properties":{"region":"Greater Accra","district":"Dangbe West","floods_1m":1,"floods_2m":1,"floods_3m":1,"first_flood_m":1,"nests":true,"area_km2":2.501}},{"type":"Feature","geometry":{"type":"Polygon","coordinates":[[[0.62759,5.84221],[0.62759,5.83064],[0.61333,5.83064],[0.61333,5.8449],[0.62608,5.8449],[0.62705,5.84299],[0.62759,5.84221]]]},"properties":{"region":"Greater Accra","district":"Dangbe West","floods_1m":1,"floods_2m":1,"floods_3m":1,"first_flood_m":1,"nests":true,"area_km2":2.475}},{"type":"Feature","geometry":{"type":"Polygon","coordinates":[[[0.47075,5.85916],[0.45649,5.85916],[0.45649,5.87341],[0.47075,5.87341],[0.47075,5.85916]]]},"properties":{"region":"Greater Accra","district":"Dangbe West","floods_1m":1,"floods_2m":1,"floods_3m":1,"first_flood_m":1,"nests":true,"area_km2":2.499}},{"type":"Feature","geometry":{"type":"Polygon","coordinates":[[[0.49927,5.87341],[0.48501,5.87341],[0.48501,5.88767],[0.49927,5.88767],[0.49927,5.87341]]]},"properties":{"region":"Greater Accra","district":"Dangbe West","floods_1m":1,"floods_2m":1,"floods_3m":1,"first_flood_m":1,"nests":true,"area_km2":2.501}},{"type":"Feature","geometry":{"type":"MultiPolygon","coordinates":[[[[0.46153,5.8449],[0.46653,5.8449],[0.46653,5.84486],[0.46625,5.84486],[0.46625,5.84458],[0.46569,5.84458],[0.46569,5.84431],[0.46542,5.84431],[0.46542,5.84403],[0.46431,5.84403],[0.46431,5.84375],[0.46347,5.84375],[0.46347,5.84347],[0.46153,5.84347],[0.46153,5.84375],[0.46125,5.84375],[0.46125,5.84431],[0.46153,5.84431],[0.46153,5.8449]]],[[[0.45649,5.84458],[0.45649,5.8449],[0.45792,5.8449],[0.45792,5.84486],[0.45764,5.84486],[0.45764,5.84458],[0.45649,5.84458]]],[[[0.47075,5.83458],[0.47075,5.83264],[0.47069,5.83264],[0.47069,5.83292],[0.47042,5.83292],[0.47042,5.83319],[0.46958,5.83319],[0.46958,5.83347],[0.46931,5.83347],[0.46931,5.83375],[0.46903,5.83375],[0.46903,5.83403],[0.46819,5.83403],[0.46819,5.83431],[0.46764,5.83431],[0.46764,5.83458],[0.46708,5.83458],[0.46708,5.83486],[0.46597,5.83486],[0.46597,5.83514],[0.46431,5.83514],[0.46431,5.83486],[0.46319,5.83486],[0.46319,5.83514],[0.46264,5.83514],[0.46264,5.83542],[0.46181,5.83542],[0.46181,5.83569],[0.46125,5.83569],[0.46125,5.83597],[0.46069,5.83597],[0.46069,5.83625],[0.46014,5.83625],[0.46014,5.83653],[0.45958,5.83653],[0.45958,5.83681],[0.45903,5.83681],[0.45903,5.83708],[0.45847,5.83708],[0.45847,5.83736],[0.45764,5.83736],[0.45764,5.83764],[0.45708,5.83764],[0.45708,5.83792],[0.45653,5.83792],[0.45653,5.83819],[0.45649,5.83819],[0.45649,5.84042],[0.4568,5.84042],[0.4568,5.84014],[0.45708,5.84014],[0.45708,5.83986],[0.4582,5.83986],[0.4582,5.83958],[0.45875,5.83958],[0.45875,5.83931],[0.45903,5.83931],[0.45903,5.83903],[0.4593,5.83903],[0.4593,5.83875],[0.45958,5.83875],[0.45958,5.83847],[0.46014,5.83847],[0.46014,5.83819],[0.46097,5.83819],[0.46097,5.83847],[0.46153,5.83847],[0.46153,5.83875],[0.46181,5.83875],[0.46181,5.83903],[0.46208,5.83903],[0.46208,5.83958],[0.46236,5.83958],[0.46236,5.84014],[0.46264,5.84014],[0.46264,5.84042],[0.46292,5.84042],[0.46292,5.84069],[0.46319,5.84069],[0.46319,5.84097],[0.46458,5.84097],[0.46458,5.84069],[0.46542,5.84069],[0.46542,5.84097],[0.46569,5.84097],[0.46569,5.84069],[0.46625,5.84069],[0.46625,5.84014],[0.46653,5.84014],[0.46653,5.83931],[0.46681,5.83931],[0.46681,5.83764],[0.46708,5.83764],[0.46708,5.83736],[0.46736,5.83736],[0.46736,5.83708],[0.46792,5.83708],[0.46792,5.83681],[0.46847,5.83681],[0.46847,5.83708],[0.46875,5.83708],[0.46875,5.83764],[0.46903,5.83764],[0.46903,5.83792],[0.47042,5.83792],[0.47042,5.83681],[0.47014,5.83681],[0.47014,5.83653],[0.46986,5.83653],[0.46986,5.83625],[0.46958,5.83625],[0.46958,5.83569],[0.46986,5.83569],[0.46986,5.83542],[0.47042,5.83542],[0.47042,5.83514],[0.47069,5.83514],[0.47069,5.83458],[0.47075,5.83458]]],[[[0.46903,5.83064],[0.45649,5.83064],[0.45649,5.83681],[0.4568,5.83681],[0.4568,5.83653],[0.45736,5.83653],[0.45736,5.83625],[0.45764,5.83625],[0.45764,5.83597],[0.45792,5.83597],[0.45792,5.83569],[0.45847,5.83569],[0.45847,5.83514],[0.45875,5.83514],[0.45875,5.83486],[0.45958,5.83486],[0.45958,5.83514],[0.46014,5.83514],[0.46014,5.83486],[0.46069,5.83486],[0.46069,5.83458],[0.46125,5.83458],[0.46125,5.83431],[0.46208,5.83431],[0.46208,5.83403],[0.46292,5.83403],[0.46292,5.83375],[0.46403,5.83375],[0.46403,5.83347],[0.46653,5.83347],[0.46653,5.83319],[0.46764,5.83319],[0.46764,5.83292],[0.46819,5.83292],[0.46819,5.83208],[0.46847,5.83208],[0.46847,5.83181],[0.46875,5.83181],[0.46875,5.83125],[0.46903,5.83125],[0.46903,5.83064]]]]},"properties":{"region":"Greater Accra","district":"Dangbe West","floods_1m":1,"floods_2m":1,"floods_3m":1,"first_flood_m":1,"nests":true,"area_km2":1.25}},{"type":"Feature","geometry":{"type":"Polygon","coordinates":[[[0.49927,5.81638],[0.48736,5.81638],[0.48736,5.81653],[0.48708,5.81653],[0.48708,5.81708],[0.4868,5.81708],[0.4868,5.81736],[0.48653,5.81736],[0.48653,5.81792],[0.48625,5.81792],[0.48625,5.81875],[0.4868,5.81875],[0.4868,5.81903],[0.48708,5.81903],[0.48708,5.81986],[0.4868,5.81986],[0.4868,5.82014],[0.48625,5.82014],[0.48625,5.82042],[0.48597,5.82042],[0.48597,5.82208],[0.48625,5.82208],[0.48625,5.82236],[0.48653,5.82236],[0.48653,5.82264],[0.4868,5.82264],[0.4868,5.82292],[0.48708,5.82292],[0.48708,5.82347],[0.48542,5.82347],[0.48542,5.82319],[0.48501,5.82319],[0.48501,5.83064],[0.49927,5.83064],[0.49927,5.81638]]]},"properties":{"region":"Greater Accra","district":"Dangbe West","floods_1m":1,"floods_2m":1,"floods_3m":1,"first_flood_m":1,"nests":true,"area_km2":2.368}},{"type":"Feature","geometry":{"type":"MultiPolygon","coordinates":[[[[0.69888,5.77208],[0.69403,5.77208],[0.69403,5.77236],[0.69264,5.77236],[0.69264,5.77292],[0.69236,5.77292],[0.69236,5.77319],[0.69125,5.77319],[0.69125,5.77347],[0.69097,5.77347],[0.69097,5.77361],[0.69888,5.77361],[0.69888,5.77208]]],[[[0.68819,5.77361],[0.69014,5.77361],[0.69014,5.77347],[0.68986,5.77347],[0.68986,5.77319],[0.68931,5.77319],[0.68931,5.77347],[0.68819,5.77347],[0.68819,5.77361]]]]},"properties":{"region":"Greater Accra","district":"Dangbe West","floods_1m":1,"floods_2m":1,"floods_3m":1,"first_flood_m":1,"nests":true,"area_km2":0.127}},{"type":"Feature","geometry":{"type":"Polygon","coordinates":[[[0.58819,5.9447],[0.58481,5.9447],[0.58481,5.95187],[0.58691,5.94694],[0.58819,5.9447]]]},"properties":{"region":"Greater Accra","district":"Dangbe West","floods_1m":1,"floods_2m":1,"floods_3m":1,"first_flood_m":1,"nests":true,"area_km2":0.139}},{"type":"Feature","geometry":{"type":"Polygon","coordinates":[[[0.61333,5.87666],[0.61333,5.87341],[0.59907,5.87341],[0.59907,5.88767],[0.61202,5.88767],[0.61298,5.87803],[0.61333,5.87666]]]},"properties":{"region":"Greater Accra","district":"Dangbe West","floods_1m":1,"floods_2m":1,"floods_3m":1,"first_flood_m":1,"nests":true,"area_km2":2.4}},{"type":"Feature","geometry":{"type":"Polygon","coordinates":[[[0.48501,5.99103],[0.48501,5.98748],[0.47075,5.98748],[0.47075,5.99218],[0.47662,5.9921],[0.48298,5.99154],[0.48501,5.99103]]]},"properties":{"region":"Greater Accra","district":"Dangbe West","floods_1m":1,"floods_2m":1,"floods_3m":1,"first_flood_m":1,"nests":true,"area_km2":0.771}},{"type":"Feature","geometry":{"type":"Polygon","coordinates":[[[0.58481,5.8449],[0.57056,5.8449],[0.57056,5.85916],[0.58481,5.85916],[0.58481,5.8449]]]},"properties":{"region":"Greater Accra","district":"Dangbe West","floods_1m":1,"floods_2m":1,"floods_3m":1,"first_flood_m":1,"nests":true,"area_km2":2.499}},{"type":"Feature","geometry":{"type":"Polygon","coordinates":[[[0.57056,5.85916],[0.5563,5.85916],[0.5563,5.87341],[0.57056,5.87341],[0.57056,5.85916]]]},"properties":{"region":"Greater Accra","district":"Dangbe West","floods_1m":1,"floods_2m":1,"floods_3m":1,"first_flood_m":1,"nests":true,"area_km2":2.499}},{"type":"Feature","geometry":{"type":"Polygon","coordinates":[[[0.32817,5.78292],[0.32565,5.78292],[0.32774,5.78329],[0.32817,5.7833],[0.32817,5.78292]]]},"properties":{"region":"Greater Accra","district":"Dangbe West","floods_1m":1,"floods_2m":1,"floods_3m":1,"first_flood_m":1,"nests":true,"area_km2":0.007}},{"type":"Feature","geometry":{"type":"Polygon","coordinates":[[[0.57056,5.78787],[0.5563,5.78787],[0.5563,5.7892],[0.5563,5.80212],[0.57056,5.80212],[0.57056,5.7892],[0.57056,5.78787]]]},"properties":{"region":"Greater Accra","district":"Dangbe West","floods_1m":1,"floods_2m":1,"floods_3m":1,"first_flood_m":1,"nests":true,"area_km2":2.5}},{"type":"Feature","geometry":{"type":"Polygon","coordinates":[[[0.71314,5.77347],[0.71314,5.77361],[0.71403,5.77361],[0.71403,5.77319],[0.71347,5.77319],[0.71347,5.77347],[0.71314,5.77347]]]},"properties":{"region":"Greater Accra","district":"Dangbe West","floods_1m":1,"floods_2m":1,"floods_3m":1,"first_flood_m":1,"nests":true,"area_km2":0.003}},{"type":"Feature","geometry":{"type":"Polygon","coordinates":[[[0.41372,5.84458],[0.41372,5.8418],[0.41347,5.8418],[0.41347,5.84153],[0.41292,5.84153],[0.41292,5.84125],[0.41264,5.84125],[0.41264,5.84097],[0.41208,5.84097],[0.41208,5.84069],[0.41125,5.84069],[0.41125,5.84042],[0.41042,5.84042],[0.41042,5.84014],[0.41014,5.84014],[0.41014,5.83958],[0.41042,5.83958],[0.41042,5.83931],[0.41069,5.83931],[0.41069,5.83903],[0.41097,5.83903],[0.41097,5.83875],[0.41125,5.83875],[0.41125,5.83847],[0.41181,5.83847],[0.41181,5.83819],[0.41236,5.83819],[0.41236,5.83792],[0.41292,5.83792],[0.41292,5.83764],[0.41372,5.83764],[0.41372,5.83064],[0.39946,5.83064],[0.39946,5.8449],[0.41347,5.8449],[0.41347,5.84458],[0.41372,5.84458]]]},"properties":{"region":"Greater Accra","district":"Dangbe West","floods_1m":1,"floods_2m":1,"floods_3m":1,"first_flood_m":1,"nests":true,"area_km2":2.39}},{"type":"Feature","geometry":{"type":"Polygon","coordinates":[[[0.5563,5.78097],[0.55375,5.78097],[0.55375,5.78125],[0.54958,5.78125],[0.54958,5.78153],[0.54625,5.78153],[0.54625,5.78181],[0.54236,5.78181],[0.54236,5.78153],[0.54204,5.78153],[0.54204,5.78787],[0.5563,5.78787],[0.5563,5.78097]]]},"properties":{"region":"Greater Accra","district":"Dangbe West","floods_1m":1,"floods_2m":1,"floods_3m":1,"first_flood_m":1,"nests":true,"area_km2":1.131}},{"type":"Feature","geometry":{"type":"Polygon","coordinates":[[[0.51352,5.81236],[0.51347,5.81236],[0.51347,5.81208],[0.51319,5.81208],[0.51319,5.81181],[0.51292,5.81181],[0.51292,5.81153],[0.51264,5.81153],[0.51264,5.81125],[0.51236,5.81125],[0.51236,5.81097],[0.51208,5.81097],[0.51208,5.81042],[0.5118,5.81042],[0.5118,5.80958],[0.51153,5.80958],[0.51153,5.80736],[0.51125,5.80736],[0.51125,5.80653],[0.51097,5.80653],[0.51097,5.80625],[0.51042,5.80625],[0.51042,5.80597],[0.50875,5.80597],[0.50875,5.80569],[0.50653,5.80569],[0.50653,5.80597],[0.50542,5.80597],[0.50542,5.80625],[0.50486,5.80625],[0.50486,5.80653],[0.50431,5.80653],[0.50431,5.80708],[0.50403,5.80708],[0.50403,5.80736],[0.50347,5.80736],[0.50347,5.80764],[0.50236,5.80764],[0.50236,5.80792],[0.50208,5.80792],[0.50208,5.80819],[0.50153,5.80819],[0.50153,5.80847],[0.50097,5.80847],[0.50097,5.80875],[0.50069,5.80875],[0.50069,5.80931],[0.50097,5.80931],[0.50097,5.80958],[0.50125,5.80958],[0.50125,5.81153],[0.50097,5.81153],[0.50097,5.81236],[0.50069,5.81236],[0.50069,5.81264],[0.49986,5.81264],[0.49986,5.81236],[0.49931,5.81236],[0.49931,5.81208],[0.49927,5.81208],[0.49927,5.81638],[0.51352,5.81638],[0.51352,5.81236]]]},"properties":{"region":"Greater Accra","district":"Dangbe West","floods_1m":1,"floods_2m":1,"floods_3m":1,"first_flood_m":1,"nests":true,"area_km2":1.476}},{"type":"Feature","geometry":{"type":"Polygon","coordinates":[[[0.54204,5.85916],[0.52778,5.85916],[0.52778,5.87341],[0.54204,5.87341],[0.54204,5.85916]]]},"properties":{"region":"Greater Accra","district":"Dangbe West","floods_1m":1,"floods_2m":1,"floods_3m":1,"first_flood_m":1,"nests":true,"area_km2":2.499}},{"type":"Feature","geometry":{"type":"Polygon","coordinates":[[[0.58481,5.77875],[0.58403,5.77875],[0.58403,5.77903],[0.58042,5.77903],[0.58042,5.77931],[0.57569,5.77931],[0.57569,5.77958],[0.57153,5.77958],[0.57153,5.77986],[0.57056,5.77986],[0.57056,5.78787],[0.58481,5.78787],[0.58481,5.77875]]]},"properties":{"region":"Greater Accra","district":"Dangbe West","floods_1m":1,"floods_2m":1,"floods_3m":1,"first_flood_m":1,"nests":true,"area_km2":1.498}},{"type":"Feature","geometry":{"type":"Polygon","coordinates":[[[0.5563,5.91619],[0.54204,5.91619],[0.54204,5.93045],[0.5563,5.93045],[0.5563,5.91619]]]},"properties":{"region":"Greater Accra","district":"Dangbe West","floods_1m":1,"floods_2m":1,"floods_3m":1,"first_flood_m":1,"nests":true,"area_km2":2.501}},{"type":"Feature","geometry":{"type":"Polygon","coordinates":[[[0.35669,5.85916],[0.34243,5.85916],[0.34243,5.87341],[0.35669,5.87341],[0.35669,5.85916]]]},"properties":{"region":"Greater Accra","district":"Dangbe West","floods_1m":1,"floods_2m":1,"floods_3m":1,"first_flood_m":1,"nests":true,"area_km2":2.499}},{"type":"Feature","geometry":{"type":"Polygon","coordinates":[[[0.67536,5.81638],[0.67036,5.81638],[0.67036,5.81816],[0.6726,5.81705],[0.67536,5.81638]]]},"properties":{"region":"Greater Accra","district":"Dangbe West","floods_1m":1,"floods_2m":1,"floods_3m":1,"first_flood_m":1,"nests":true,"area_km2":0.045}},{"type":"Feature","geometry":{"type":"Polygon","coordinates":[[[0.5563,5.85916],[0.54204,5.85916],[0.54204,5.87341],[0.5563,5.87341],[0.5563,5.85916]]]},"properties":{"region":"Greater Accra","district":"Dangbe West","floods_1m":1,"floods_2m":1,"floods_3m":1,"first_flood_m":1,"nests":true,"area_km2":2.499}},{"type":"Feature","geometry":{"type":"MultiPolygon","coordinates":[[[[0.39597,5.78787],[0.39708,5.78787],[0.39708,5.78764],[0.39597,5.78764],[0.39597,5.78787]]],[[[0.3852,5.78764],[0.3852,5.78787],[0.38681,5.78787],[0.38681,5.78764],[0.3852,5.78764]]]]},"properties":{"region":"Greater Accra","district":"Dangbe West","floods_1m":1,"floods_2m":1,"floods_3m":1,"first_flood_m":1,"nests":true,"area_km2":0.008}},{"type":"Feature","geometry":{"type":"Polygon","coordinates":[[[0.4928,5.98748],[0.48501,5.98748],[0.48501,5.99103],[0.48597,5.99078],[0.4928,5.98748]]]},"properties":{"region":"Greater Accra","district":"Dangbe West","floods_1m":1,"floods_2m":1,"floods_3m":1,"first_flood_m":1,"nests":true,"area_km2":0.179}},{"type":"Feature","geometry":{"type":"Polygon","coordinates":[[[0.59907,5.87341],[0.58481,5.87341],[0.58481,5.88767],[0.59907,5.88767],[0.59907,5.87341]]]},"properties":{"region":"Greater Accra","district":"Dangbe West","floods_1m":1,"floods_2m":1,"floods_3m":1,"first_flood_m":1,"nests":true,"area_km2":2.501}},{"type":"Feature","geometry":{"type":"MultiPolygon","coordinates":[[[[0.42798,5.84403],[0.42798,5.8449],[0.43014,5.8449],[0.43014,5.84486],[0.43042,5.84486],[0.43042,5.84458],[0.43181,5.84458],[0.43181,5.84486],[0.43264,5.84486],[0.43264,5.84375],[0.43292,5.84375],[0.43292,5.84347],[0.43319,5.84347],[0.43319,5.84236],[0.43264,5.84236],[0.43264,5.84208],[0.43097,5.84208],[0.43097,5.8418],[0.43069,5.8418],[0.43069,5.84208],[0.42986,5.84208],[0.42986,5.84236],[0.42958,5.84236],[0.42958,5.84264],[0.4293,5.84264],[0.4293,5.84292],[0.42875,5.84292],[0.42875,5.84319],[0.42847,5.84319],[0.42847,5.84347],[0.4282,5.84347],[0.4282,5.84403],[0.42798,5.84403]]],[[[0.43292,5.83064],[0.42798,5.83064],[0.42798,5.84042],[0.42875,5.84042],[0.42875,5.84014],[0.42958,5.84014],[0.42958,5.83986],[0.42986,5.83986],[0.42986,5.83958],[0.43042,5.83958],[0.43042,5.83931],[0.43069,5.83931],[0.43069,5.83903],[0.43097,5.83903],[0.43097,5.83875],[0.43153,5.83875],[0.43153,5.83847],[0.43181,5.83847],[0.43181,5.83819],[0.43208,5.83819],[0.43208,5.83792],[0.43236,5.83792],[0.43236,5.83764],[0.43264,5.83764],[0.43264,5.83736],[0.43292,5.83736],[0.43292,5.83708],[0.43319,5.83708],[0.43319,5.83681],[0.43375,5.83681],[0.43375,5.83597],[0.43403,5.83597],[0.43403,5.83569],[0.43431,5.83569],[0.43431,5.83542],[0.43375,5.83542],[0.43375,5.83292],[0.43347,5.83292],[0.43347,5.83181],[0.43319,5.83181],[0.43319,5.83097],[0.43292,5.83097],[0.43292,5.83064]]],[[[0.43625,5.83875],[0.43625,5.83819],[0.43653,5.83819],[0.43653,5.83681],[0.43681,5.83681],[0.43681,5.83653],[0.43653,5.83653],[0.43653,5.83569],[0.43542,5.83569],[0.43542,5.83597],[0.43514,5.83597],[0.43514,5.83653],[0.43486,5.83653],[0.43486,5.83708],[0.43458,5.83708],[0.43458,5.83736],[0.43431,5.83736],[0.43431,5.83764],[0.43403,5.83764],[0.43403,5.83792],[0.43375,5.83792],[0.43375,5.83819],[0.43347,5.83819],[0.43347,5.83875],[0.43625,5.83875]]],[[[0.44223,5.83792],[0.44223,5.83236],[0.44125,5.83236],[0.44125,5.83208],[0.43958,5.83208],[0.43958,5.83181],[0.43903,5.83181],[0.43903,5.83153],[0.43847,5.83153],[0.43847,5.83064],[0.43514,5.83064],[0.43514,5.83097],[0.43542,5.83097],[0.43542,5.83208],[0.43569,5.83208],[0.43569,5.83458],[0.43625,5.83458],[0.43625,5.83431],[0.43875,5.83431],[0.43875,5.83458],[0.43986,5.83458],[0.43986,5.83486],[0.44042,5.83486],[0.44042,5.83514],[0.44069,5.83514],[0.44069,5.83542],[0.44097,5.83542],[0.44097,5.83569],[0.44125,5.83569],[0.44125,5.83625],[0.44153,5.83625],[0.44153,5.83708],[0.44181,5.83708],[0.44181,5.83736],[0.44208,5.83736],[0.44208,5.83792],[0.44223,5.83792]]]]},"properties":{"region":"Greater Accra","district":"Dangbe West","floods_1m":1,"floods_2m":1,"floods_3m":1,"first_flood_m":1,"nests":true,"area_km2":1.085}},{"type":"Feature","geometry":{"type":"Polygon","coordinates":[[[0.57056,5.77986],[0.56931,5.77986],[0.56931,5.78014],[0.56875,5.78014],[0.56875,5.78042],[0.56764,5.78042],[0.56764,5.78014],[0.56486,5.78014],[0.56486,5.78042],[0.56208,5.78042],[0.56208,5.78069],[0.55903,5.78069],[0.55903,5.78097],[0.5563,5.78097],[0.5563,5.78787],[0.57056,5.78787],[0.57056,5.77986]]]},"properties":{"region":"Greater Accra","district":"Dangbe West","floods_1m":1,"floods_2m":1,"floods_3m":1,"first_flood_m":1,"nests":true,"area_km2":1.298}},{"type":"Feature","geometry":{"type":"Polygon","coordinates":[[[0.58481,5.78787],[0.57056,5.78787],[0.57056,5.7892],[0.57056,5.80212],[0.58481,5.80212],[0.58481,5.7892],[0.58481,5.78787]]]},"properties":{"region":"Greater Accra","district":"Dangbe West","floods_1m":1,"floods_2m":1,"floods_3m":1,"first_flood_m":1,"nests":true,"area_km2":2.498}},{"type":"Feature","geometry":{"type":"Polygon","coordinates":[[[0.51352,5.98537],[0.51352,5.97322],[0.49927,5.97322],[0.49927,5.986],[0.50312,5.98564],[0.51352,5.98537]]]},"properties":{"region":"Greater Accra","district":"Dangbe West","floods_1m":1,"floods_2m":1,"floods_3m":1,"first_flood_m":1,"nests":true,"area_km2":2.168}},{"type":"Feature","geometry":{"type":"Polygon","coordinates":[[[0.68462,5.78787],[0.67036,5.78787],[0.67036,5.7892],[0.67036,5.80212],[0.68462,5.80212],[0.68462,5.7892],[0.68462,5.78787]]]},"properties":{"region":"Greater Accra","district":"Dangbe West","floods_1m":1,"floods_2m":1,"floods_3m":1,"first_flood_m":1,"nests":true,"area_km2":2.5}},{"type":"Feature","geometry":{"type":"Polygon","coordinates":[[[0.6561,5.82298],[0.6561,5.81638],[0.64185,5.81638],[0.64185,5.83064],[0.64315,5.83064],[0.64703,5.82763],[0.65133,5.82487],[0.65572,5.82308],[0.6561,5.82298]]]},"properties":{"region":"Greater Accra","district":"Dangbe West","floods_1m":1,"floods_2m":1,"floods_3m":1,"first_flood_m":1,"nests":true,"area_km2":1.8}},{"type":"Feature","geometry":{"type":"Polygon","coordinates":[[[0.58481,5.83064],[0.57056,5.83064],[0.57056,5.8449],[0.58481,5.8449],[0.58481,5.83064]]]},"properties":{"region":"Greater Accra","district":"Dangbe West","floods_1m":1,"floods_2m":1,"floods_3m":1,"first_flood_m":1,"nests":true,"area_km2":2.499}},{"type":"Feature","geometry":{"type":"Polygon","coordinates":[[[0.37094,5.78708],[0.36986,5.78708],[0.36986,5.78681],[0.36875,5.78681],[0.36875,5.78653],[0.36792,5.78653],[0.36792,5.78625],[0.36708,5.78625],[0.36708,5.78613],[0.36708,5.78597],[0.36653,5.78597],[0.36653,5.78613],[0.36653,5.78625],[0.36625,5.78625],[0.36625,5.78653],[0.36542,5.78653],[0.36542,5.78681],[0.36319,5.78681],[0.36319,5.78653],[0.36236,5.78653],[0.36236,5.78625],[0.36097,5.78625],[0.36097,5.78653],[0.35903,5.78653],[0.35903,5.78625],[0.35681,5.78625],[0.35681,5.78597],[0.35669,5.78597],[0.35669,5.78787],[0.37094,5.78787],[0.37094,5.78708]]]},"properties":{"region":"Greater Accra","district":"Dangbe West","floods_1m":1,"floods_2m":1,"floods_3m":1,"first_flood_m":1,"nests":true,"area_km2":0.237}},{"type":"Feature","geometry":{"type":"Polygon","coordinates":[[[0.34243,5.78486],[0.34181,5.78486],[0.34181,5.78458],[0.33819,5.78458],[0.33819,5.78431],[0.33486,5.78431],[0.33486,5.78403],[0.33431,5.78403],[0.33431,5.78375],[0.33403,5.78375],[0.33403,5.78347],[0.33347,5.78347],[0.33347,5.78337],[0.33347,5.78319],[0.32903,5.78319],[0.32903,5.78292],[0.32817,5.78292],[0.32817,5.7833],[0.32906,5.78331],[0.32913,5.7849],[0.32918,5.78787],[0.34243,5.78787],[0.34243,5.78486]]]},"properties":{"region":"Greater Accra","district":"Dangbe West","floods_1m":1,"floods_2m":1,"floods_3m":1,"first_flood_m":1,"nests":true,"area_km2":0.64}},{"type":"Feature","geometry":{"type":"Polygon","coordinates":[[[0.47075,5.84708],[0.47069,5.84708],[0.47069,5.84681],[0.47014,5.84681],[0.47014,5.84653],[0.46958,5.84653],[0.46958,5.84625],[0.46903,5.84625],[0.46903,5.84597],[0.46819,5.84597],[0.46819,5.8457],[0.46764,5.8457],[0.46764,5.84542],[0.46708,5.84542],[0.46708,5.84514],[0.46653,5.84514],[0.46653,5.8449],[0.46153,5.8449],[0.46153,5.84542],[0.46181,5.84542],[0.46181,5.84681],[0.46153,5.84681],[0.46153,5.84708],[0.46125,5.84708],[0.46125,5.84736],[0.45986,5.84736],[0.45986,5.84764],[0.45903,5.84764],[0.45903,5.84736],[0.45875,5.84736],[0.45875,5.84681],[0.45847,5.84681],[0.45847,5.8457],[0.4582,5.8457],[0.4582,5.84514],[0.45792,5.84514],[0.45792,5.8449],[0.45649,5.8449],[0.45649,5.85916],[0.47075,5.85916],[0.47075,5.84708]]]},"properties":{"region":"Greater Accra","district":"Dangbe West","floods_1m":1,"floods_2m":1,"floods_3m":1,"first_flood_m":1,"nests":true,"area_km2":2.344}},{"type":"Feature","geometry":{"type":"Polygon","coordinates":[[[0.49927,5.88767],[0.48501,5.88767],[0.48501,5.90193],[0.49927,5.90193],[0.49927,5.88767]]]},"properties":{"region":"Greater Accra","district":"Dangbe West","floods_1m":0,"floods_2m":1,"floods_3m":1,"first_flood_m":2,"nests":true,"area_km2":2.501}},{"type":"Feature","geometry":{"type":"Polygon","coordinates":[[[0.67036,5.77819],[0.66986,5.77819],[0.66986,5.77792],[0.66931,5.77792],[0.66931,5.77764],[0.66847,5.77764],[0.66847,5.77736],[0.66792,5.77736],[0.66792,5.77708],[0.66736,5.77708],[0.66736,5.77681],[0.66681,5.77681],[0.66681,5.77653],[0.66625,5.77653],[0.66625,5.77625],[0.6657,5.77625],[0.6657,5.77597],[0.66514,5.77597],[0.66514,5.77569],[0.66458,5.77569],[0.66458,5.77542],[0.66403,5.77542],[0.66403,5.77514],[0.6632,5.77514],[0.6632,5.77486],[0.66264,5.77486],[0.66264,5.77458],[0.66208,5.77458],[0.66208,5.7743],[0.66153,5.7743],[0.66153,5.77403],[0.66097,5.77403],[0.66097,5.77375],[0.66069,5.77375],[0.66069,5.77361],[0.6561,5.77361],[0.6561,5.78787],[0.67036,5.78787],[0.67036,5.77819]]]},"properties":{"region":"Greater Accra","district":"Dangbe West","floods_1m":1,"floods_2m":1,"floods_3m":1,"first_flood_m":1,"nests":true,"area_km2":2.212}},{"type":"Feature","geometry":{"type":"Polygon","coordinates":[[[0.6561,5.77361],[0.6443,5.77361],[0.6443,5.77375],[0.64236,5.77375],[0.64236,5.77403],[0.64185,5.77403],[0.64185,5.78787],[0.6561,5.78787],[0.6561,5.77361]]]},"properties":{"region":"Greater Accra","district":"Dangbe West","floods_1m":1,"floods_2m":1,"floods_3m":1,"first_flood_m":1,"nests":true,"area_km2":2.494}},{"type":"Feature","geometry":{"type":"Polygon","coordinates":[[[0.61333,5.77625],[0.61153,5.77625],[0.61153,5.77597],[0.6107,5.77597],[0.6107,5.77625],[0.60847,5.77625],[0.60847,5.77653],[0.60708,5.77653],[0.60708,5.77681],[0.60542,5.77681],[0.60542,5.77708],[0.60403,5.77708],[0.60403,5.77736],[0.60264,5.77736],[0.60264,5.77764],[0.60097,5.77764],[0.60097,5.77792],[0.59958,5.77792],[0.59958,5.77819],[0.59907,5.77819],[0.59907,5.78787],[0.61333,5.78787],[0.61333,5.77625]]]},"properties":{"region":"Greater Accra","district":"Dangbe West","floods_1m":1,"floods_2m":1,"floods_3m":1,"first_flood_m":1,"nests":true,"area_km2":1.923}},{"type":"Feature","geometry":{"type":"Polygon","coordinates":[[[0.35669,5.81638],[0.34243,5.81638],[0.34243,5.83064],[0.35669,5.83064],[0.35669,5.81638]]]},"properties":{"region":"Greater Accra","district":"Dangbe West","floods_1m":1,"floods_2m":1,"floods_3m":1,"first_flood_m":1,"nests":true,"area_km2":2.501}},{"type":"Feature","geometry":{"type":"Polygon","coordinates":[[[0.57056,5.87341],[0.5563,5.87341],[0.5563,5.88767],[0.57056,5.88767],[0.57056,5.87341]]]},"properties":{"region":"Greater Accra","district":"Dangbe West","floods_1m":1,"floods_2m":1,"floods_3m":1,"first_flood_m":1,"nests":true,"area_km2":2.501}},{"type":"Feature","geometry":{"type":"Polygon","coordinates":[[[0.42798,5.78958],[0.42458,5.78958],[0.42458,5.78931],[0.41847,5.78931],[0.41847,5.78903],[0.41372,5.78903],[0.41372,5.80212],[0.42798,5.80212],[0.42798,5.78958]]]},"properties":{"region":"Greater Accra","district":"Dangbe West","floods_1m":1,"floods_2m":1,"floods_3m":1,"first_flood_m":1,"nests":true,"area_km2":2.252}},{"type":"Feature","geometry":{"type":"Polygon","coordinates":[[[0.41372,5.98748],[0.39946,5.98748],[0.39946,5.99648],[0.40138,5.99741],[0.40459,5.99822],[0.40797,5.99861],[0.41372,5.99881],[0.41372,5.98748]]]},"properties":{"region":"Greater Accra","district":"Dangbe West","floods_1m":1,"floods_2m":1,"floods_3m":1,"first_flood_m":1,"nests":true,"area_km2":1.88}},{"type":"Feature","geometry":{"type":"Polygon","coordinates":[[[0.62759,5.77486],[0.62458,5.77486],[0.62458,5.77514],[0.62236,5.77514],[0.62236,5.77542],[0.61847,5.77542],[0.61847,5.77569],[0.61681,5.77569],[0.61681,5.77542],[0.61653,5.77542],[0.61653,5.77569],[0.61597,5.77569],[0.61597,5.77597],[0.61569,5.77597],[0.61569,5.77625],[0.61333,5.77625],[0.61333,5.78787],[0.62759,5.78787],[0.62759,5.77486]]]},"properties":{"region":"Greater Accra","district":"Dangbe West","floods_1m":1,"floods_2m":1,"floods_3m":1,"first_flood_m":1,"nests":true,"area_km2":2.179}},{"type":"Feature","geometry":{"type":"Polygon","coordinates":[[[0.51352,5.95896],[0.49927,5.95896],[0.49927,5.97322],[0.51352,5.97322],[0.51352,5.95896]]]},"properties":{"region":"Greater Accra","district":"Dangbe West","floods_1m":1,"floods_2m":1,"floods_3m":1,"first_flood_m":1,"nests":true,"area_km2":2.499}},{"type":"Feature","geometry":{"type":"Polygon","coordinates":[[[0.35669,5.8449],[0.34243,5.8449],[0.34243,5.85916],[0.35669,5.85916],[0.35669,5.8449]]]},"properties":{"region":"Greater Accra","district":"Dangbe West","floods_1m":1,"floods_2m":1,"floods_3m":1,"first_flood_m":1,"nests":true,"area_km2":2.501}},{"type":"Feature","geometry":{"type":"MultiPolygon","coordinates":[[[[0.43514,5.83064],[0.43847,5.83064],[0.43847,5.82847],[0.43736,5.82847],[0.43736,5.8282],[0.43708,5.8282],[0.43708,5.82847],[0.43597,5.82847],[0.43597,5.82875],[0.43542,5.82875],[0.43542,5.82903],[0.43514,5.82903],[0.43514,5.83064]]],[[[0.42847,5.81638],[0.42798,5.81638],[0.42798,5.83064],[0.43292,5.83064],[0.43292,5.83014],[0.43264,5.83014],[0.43264,5.82903],[0.43236,5.82903],[0.43236,5.8282],[0.43208,5.8282],[0.43208,5.82708],[0.43181,5.82708],[0.43181,5.82597],[0.43153,5.82597],[0.43153,5.82486],[0.43125,5.82486],[0.43125,5.82403],[0.43097,5.82403],[0.43097,5.82292],[0.43069,5.82292],[0.43069,5.8218],[0.43042,5.8218],[0.43042,5.82097],[0.43014,5.82097],[0.43014,5.81986],[0.42986,5.81986],[0.42986,5.81903],[0.42958,5.81903],[0.42958,5.81819],[0.4293,5.81819],[0.4293,5.81708],[0.42903,5.81708],[0.42903,5.8168],[0.42875,5.8168],[0.42875,5.81653],[0.42847,5.81653],[0.42847,5.81638]]],[[[0.44223,5.81638],[0.44014,5.81638],[0.44014,5.81653],[0.44069,5.81653],[0.44069,5.8168],[0.44208,5.8168],[0.44208,5.81708],[0.44223,5.81708],[0.44223,5.81638]]]]},"properties":{"region":"Greater Accra","district":"Dangbe West","floods_1m":1,"floods_2m":1,"floods_3m":1,"first_flood_m":1,"nests":true,"area_km2":0.618}},{"type":"Feature","geometry":{"type":"Polygon","coordinates":[[[0.57056,5.9447],[0.5563,5.9447],[0.5563,5.95896],[0.57056,5.95896],[0.57056,5.9447]]]},"properties":{"region":"Greater Accra","district":"Dangbe West","floods_1m":1,"floods_2m":1,"floods_3m":1,"first_flood_m":1,"nests":true,"area_km2":2.501}},{"type":"Feature","geometry":{"type":"Polygon","coordinates":[[[0.39946,5.83064],[0.3852,5.83064],[0.3852,5.8449],[0.39946,5.8449],[0.39946,5.83064]]]},"properties":{"region":"Greater Accra","district":"Dangbe West","floods_1m":1,"floods_2m":1,"floods_3m":1,"first_flood_m":1,"nests":true,"area_km2":2.501}},{"type":"Feature","geometry":{"type":"Polygon","coordinates":[[[0.61936,5.85916],[0.61333,5.85916],[0.61333,5.87341],[0.61457,5.87341],[0.6176,5.86739],[0.61843,5.86446],[0.61936,5.85916]]]},"properties":{"region":"Greater Accra","district":"Dangbe West","floods_1m":1,"floods_2m":1,"floods_3m":1,"first_flood_m":1,"nests":true,"area_km2":0.736}},{"type":"Feature","geometry":{"type":"Polygon","coordinates":[[[0.5563,5.90193],[0.54204,5.90193],[0.54204,5.91619],[0.5563,5.91619],[0.5563,5.90193]]]},"properties":{"region":"Greater Accra","district":"Dangbe West","floods_1m":1,"floods_2m":1,"floods_3m":1,"first_flood_m":1,"nests":true,"area_km2":2.501}},{"type":"Feature","geometry":{"type":"Polygon","coordinates":[[[0.67036,5.80212],[0.6561,5.80212],[0.6561,5.81638],[0.67036,5.81638],[0.67036,5.80212]]]},"properties":{"region":"Greater Accra","district":"Dangbe West","floods_1m":1,"floods_2m":1,"floods_3m":1,"first_flood_m":1,"nests":true,"area_km2":2.501}},{"type":"Feature","geometry":{"type":"Polygon","coordinates":[[[0.52778,5.87341],[0.51352,5.87341],[0.51352,5.88767],[0.52778,5.88767],[0.52778,5.87341]]]},"properties":{"region":"Greater Accra","district":"Dangbe West","floods_1m":1,"floods_2m":1,"floods_3m":1,"first_flood_m":1,"nests":true,"area_km2":2.501}},{"type":"Feature","geometry":{"type":"Polygon","coordinates":[[[0.39946,5.78792],[0.39708,5.78792],[0.39708,5.78787],[0.39597,5.78787],[0.39597,5.78792],[0.3957,5.78792],[0.3957,5.7882],[0.3932,5.7882],[0.3932,5.78792],[0.38681,5.78792],[0.38681,5.78787],[0.3852,5.78787],[0.3852,5.80212],[0.39946,5.80212],[0.39946,5.78792]]]},"properties":{"region":"Greater Accra","district":"Dangbe West","floods_1m":1,"floods_2m":1,"floods_3m":1,"first_flood_m":1,"nests":true,"area_km2":2.484}},{"type":"Feature","geometry":{"type":"Polygon","coordinates":[[[0.37094,5.88767],[0.35669,5.88767],[0.35669,5.90193],[0.37094,5.90193],[0.37094,5.88767]]]},"properties":{"region":"Greater Accra","district":"Dangbe West","floods_1m":0,"floods_2m":1,"floods_3m":1,"first_flood_m":2,"nests":true,"area_km2":2.499}},{"type":"Feature","geometry":{"type":"Polygon","coordinates":[[[0.64185,5.78787],[0.62759,5.78787],[0.62759,5.7892],[0.62759,5.80212],[0.64185,5.80212],[0.64185,5.7892],[0.64185,5.78787]]]},"properties":{"region":"Greater Accra","district":"Dangbe West","floods_1m":1,"floods_2m":1,"floods_3m":1,"first_flood_m":1,"nests":true,"area_km2":2.5}},{"type":"Feature","geometry":{"type":"Polygon","coordinates":[[[0.54005,5.98292],[0.54204,5.98176],[0.54204,5.97322],[0.52778,5.97322],[0.52778,5.98416],[0.54005,5.98292]]]},"properties":{"region":"Greater Accra","district":"Dangbe West","floods_1m":1,"floods_2m":1,"floods_3m":1,"first_flood_m":1,"nests":true,"area_km2":1.78}},{"type":"Feature","geometry":{"type":"Polygon","coordinates":[[[0.60266,5.91619],[0.59907,5.91619],[0.59907,5.9234],[0.60017,5.92074],[0.60266,5.91619]]]},"properties":{"region":"Greater Accra","district":"Dangbe West","floods_1m":1,"floods_2m":1,"floods_3m":1,"first_flood_m":1,"nests":true,"area_km2":0.149}},{"type":"Feature","geometry":{"type":"Polygon","coordinates":[[[0.58481,5.93045],[0.57056,5.93045],[0.57056,5.9447],[0.58481,5.9447],[0.58481,5.93045]]]},"properties":{"region":"Greater Accra","district":"Dangbe West","floods_1m":1,"floods_2m":1,"floods_3m":1,"first_flood_m":1,"nests":true,"area_km2":2.497}},{"type":"Feature","geometry":{"type":"Polygon","coordinates":[[[0.48501,5.97322],[0.47075,5.97322],[0.47075,5.98748],[0.48501,5.98748],[0.48501,5.97322]]]},"properties":{"region":"Greater Accra","district":"Dangbe West","floods_1m":1,"floods_2m":1,"floods_3m":1,"first_flood_m":1,"nests":true,"area_km2":2.501}},{"type":"Feature","geometry":{"type":"Polygon","coordinates":[[[0.59907,5.9234],[0.59907,5.91619],[0.58481,5.91619],[0.58481,5.93045],[0.59547,5.93045],[0.59786,5.92634],[0.59907,5.9234]]]},"properties":{"region":"Greater Accra","district":"Dangbe West","floods_1m":1,"floods_2m":1,"floods_3m":1,"first_flood_m":1,"nests":true,"area_km2":2.357}},{"type":"Feature","geometry":{"type":"Polygon","coordinates":[[[0.47075,5.95896],[0.45649,5.95896],[0.45649,5.97322],[0.47075,5.97322],[0.47075,5.95896]]]},"properties":{"region":"Greater Accra","district":"Dangbe West","floods_1m":0,"floods_2m":1,"floods_3m":1,"first_flood_m":2,"nests":true,"area_km2":2.501}},{"type":"Feature","geometry":{"type":"Polygon","coordinates":[[[0.49927,5.986],[0.49927,5.97322],[0.48501,5.97322],[0.48501,5.98748],[0.4928,5.98748],[0.49375,5.98702],[0.49673,5.98624],[0.49927,5.986]]]},"properties":{"region":"Greater Accra","district":"Dangbe West","floods_1m":1,"floods_2m":1,"floods_3m":1,"first_flood_m":1,"nests":true,"area_km2":2.424}},{"type":"Feature","geometry":{"type":"Polygon","coordinates":[[[0.44223,5.85916],[0.42798,5.85916],[0.42798,5.87341],[0.44223,5.87341],[0.44223,5.85916]]]},"properties":{"region":"Greater Accra","district":"Dangbe West","floods_1m":1,"floods_2m":1,"floods_3m":1,"first_flood_m":1,"nests":true,"area_km2":2.498}},{"type":"Feature","geometry":{"type":"Polygon","coordinates":[[[0.47075,5.87341],[0.45649,5.87341],[0.45649,5.88767],[0.47075,5.88767],[0.47075,5.87341]]]},"properties":{"region":"Greater Accra","district":"Dangbe West","floods_1m":1,"floods_2m":1,"floods_3m":1,"first_flood_m":1,"nests":true,"area_km2":2.501}},{"type":"Feature","geometry":{"type":"Polygon","coordinates":[[[0.41372,5.81486],[0.41372,5.80212],[0.39946,5.80212],[0.39946,5.81638],[0.40931,5.81638],[0.40931,5.81569],[0.40958,5.81569],[0.40958,5.81542],[0.41125,5.81542],[0.41125,5.81514],[0.41236,5.81514],[0.41236,5.81486],[0.41372,5.81486]]]},"properties":{"region":"Greater Accra","district":"Dangbe West","floods_1m":1,"floods_2m":1,"floods_3m":1,"first_flood_m":1,"nests":true,"area_km2":2.437}},{"type":"Feature","geometry":{"type":"Polygon","coordinates":[[[0.51352,5.78653],[0.51352,5.78542],[0.51264,5.78542],[0.51264,5.78569],[0.50931,5.78569],[0.50931,5.78597],[0.50514,5.78597],[0.50514,5.78569],[0.50431,5.78569],[0.50431,5.78597],[0.50403,5.78597],[0.50403,5.78625],[0.50264,5.78625],[0.50264,5.78597],[0.50236,5.78597],[0.50236,5.78625],[0.49927,5.78625],[0.49927,5.78736],[0.50014,5.78736],[0.50014,5.78764],[0.50042,5.78764],[0.50042,5.78736],[0.50097,5.78736],[0.50097,5.78708],[0.5018,5.78708],[0.5018,5.78736],[0.50764,5.78736],[0.50764,5.78708],[0.50986,5.78708],[0.50986,5.78681],[0.51347,5.78681],[0.51347,5.78653],[0.51352,5.78653]]]},"properties":{"region":"Greater Accra","district":"Dangbe West","floods_1m":1,"floods_2m":1,"floods_3m":1,"first_flood_m":1,"nests":true,"area_km2":0.214}},{"type":"Feature","geometry":{"type":"Polygon","coordinates":[[[0.61333,5.78787],[0.59907,5.78787],[0.59907,5.7892],[0.59907,5.80212],[0.61333,5.80212],[0.61333,5.7892],[0.61333,5.78787]]]},"properties":{"region":"Greater Accra","district":"Dangbe West","floods_1m":1,"floods_2m":1,"floods_3m":1,"first_flood_m":1,"nests":true,"area_km2":2.5}},{"type":"Feature","geometry":{"type":"Polygon","coordinates":[[[0.51352,5.85916],[0.49927,5.85916],[0.49927,5.87341],[0.51352,5.87341],[0.51352,5.85916]]]},"properties":{"region":"Greater Accra","district":"Dangbe West","floods_1m":1,"floods_2m":1,"floods_3m":1,"first_flood_m":1,"nests":true,"area_km2":2.498}},{"type":"Feature","geometry":{"type":"MultiPolygon","coordinates":[[[[0.45792,5.81638],[0.46097,5.81638],[0.46097,5.81625],[0.46069,5.81625],[0.46069,5.81597],[0.45903,5.81597],[0.45903,5.81625],[0.45792,5.81625],[0.45792,5.81638]]],[[[0.45649,5.81625],[0.45649,5.81638],[0.45736,5.81638],[0.45736,5.81625],[0.45708,5.81625],[0.45708,5.81597],[0.45653,5.81597],[0.45653,5.81625],[0.45649,5.81625]]],[[[0.46514,5.81569],[0.46514,5.81542],[0.46542,5.81542],[0.46542,5.81486],[0.46569,5.81486],[0.46569,5.81458],[0.46597,5.81458],[0.46597,5.81431],[0.46625,5.81431],[0.46625,5.81403],[0.46653,5.81403],[0.46653,5.81375],[0.46708,5.81375],[0.46708,5.81347],[0.46792,5.81347],[0.46792,5.81292],[0.46819,5.81292],[0.46819,5.81208],[0.46792,5.81208],[0.46792,5.81153],[0.46764,5.81153],[0.46764,5.81125],[0.46736,5.81125],[0.46736,5.81069],[0.46708,5.81069],[0.46708,5.80958],[0.46736,5.80958],[0.46736,5.80903],[0.46764,5.80903],[0.46764,5.80792],[0.46736,5.80792],[0.46736,5.80736],[0.46708,5.80736],[0.46708,5.80708],[0.46681,5.80708],[0.46681,5.80681],[0.46653,5.80681],[0.46653,5.80653],[0.46542,5.80653],[0.46542,5.80625],[0.46486,5.80625],[0.46486,5.80681],[0.46458,5.80681],[0.46458,5.80708],[0.46431,5.80708],[0.46431,5.80736],[0.46403,5.80736],[0.46403,5.80792],[0.46431,5.80792],[0.46431,5.80819],[0.46458,5.80819],[0.46458,5.80875],[0.46431,5.80875],[0.46431,5.80931],[0.46403,5.80931],[0.46403,5.81014],[0.46431,5.81014],[0.46431,5.81125],[0.46403,5.81125],[0.46403,5.81236],[0.46375,5.81236],[0.46375,5.81264],[0.46403,5.81264],[0.46403,5.81347],[0.46375,5.81347],[0.46375,5.81514],[0.46403,5.81514],[0.46403,5.81542],[0.46458,5.81542],[0.46458,5.81569],[0.46514,5.81569]]],[[[0.45875,5.80212],[0.45649,5.80212],[0.45649,5.80681],[0.45764,5.80681],[0.45764,5.80625],[0.45736,5.80625],[0.45736,5.80403],[0.45764,5.80403],[0.45764,5.80264],[0.45792,5.80264],[0.45792,5.80236],[0.45875,5.80236],[0.45875,5.80212]]]]},"properties":{"region":"Greater Accra","district":"Dangbe West","floods_1m":1,"floods_2m":1,"floods_3m":1,"first_flood_m":1,"nests":true,"area_km2":0.415}},{"type":"Feature","geometry":{"type":"Polygon","coordinates":[[[0.54204,5.88767],[0.52778,5.88767],[0.52778,5.90193],[0.54204,5.90193],[0.54204,5.88767]]]},"properties":{"region":"Greater Accra","district":"Dangbe West","floods_1m":1,"floods_2m":1,"floods_3m":1,"first_flood_m":1,"nests":true,"area_km2":2.501}},{"type":"Feature","geometry":{"type":"Polygon","coordinates":[[[0.64185,5.80212],[0.62759,5.80212],[0.62759,5.81638],[0.64185,5.81638],[0.64185,5.80212]]]},"properties":{"region":"Greater Accra","district":"Dangbe West","floods_1m":1,"floods_2m":1,"floods_3m":1,"first_flood_m":1,"nests":true,"area_km2":2.501}},{"type":"Feature","geometry":{"type":"Polygon","coordinates":[[[0.61333,5.85916],[0.59907,5.85916],[0.59907,5.87341],[0.61333,5.87341],[0.61333,5.85916]]]},"properties":{"region":"Greater Accra","district":"Dangbe West","floods_1m":1,"floods_2m":1,"floods_3m":1,"first_flood_m":1,"nests":true,"area_km2":2.499}},{"type":"Feature","geometry":{"type":"Polygon","coordinates":[[[0.58481,5.91619],[0.57056,5.91619],[0.57056,5.93045],[0.58481,5.93045],[0.58481,5.91619]]]},"properties":{"region":"Greater Accra","district":"Dangbe West","floods_1m":1,"floods_2m":1,"floods_3m":1,"first_flood_m":1,"nests":true,"area_km2":2.499}},{"type":"Feature","geometry":{"type":"Polygon","coordinates":[[[0.58481,5.85916],[0.57056,5.85916],[0.57056,5.87341],[0.58481,5.87341],[0.58481,5.85916]]]},"properties":{"region":"Greater Accra","district":"Dangbe West","floods_1m":1,"floods_2m":1,"floods_3m":1,"first_flood_m":1,"nests":true,"area_km2":2.498}},{"type":"Feature","geometry":{"type":"Polygon","coordinates":[[[0.59907,5.81638],[0.58481,5.81638],[0.58481,5.83064],[0.59907,5.83064],[0.59907,5.81638]]]},"properties":{"region":"Greater Accra","district":"Dangbe West","floods_1m":1,"floods_2m":1,"floods_3m":1,"first_flood_m":1,"nests":true,"area_km2":2.501}},{"type":"Feature","geometry":{"type":"MultiPolygon","coordinates":[[[[0.69888,5.77653],[0.69875,5.77653],[0.69875,5.77625],[0.69847,5.77625],[0.69847,5.77597],[0.69819,5.77597],[0.69819,5.77569],[0.69792,5.77569],[0.69792,5.77542],[0.69736,5.77542],[0.69736,5.77514],[0.69625,5.77514],[0.69625,5.77542],[0.69597,5.77542],[0.69597,5.77569],[0.69542,5.77569],[0.69542,5.77597],[0.69514,5.77597],[0.69514,5.77653],[0.69486,5.77653],[0.69486,5.77708],[0.69458,5.77708],[0.69458,5.77736],[0.69431,5.77736],[0.69431,5.77764],[0.69375,5.77764],[0.69375,5.77792],[0.69319,5.77792],[0.69319,5.77819],[0.69292,5.77819],[0.69292,5.77847],[0.69264,5.77847],[0.69264,5.77875],[0.69181,5.77875],[0.69181,5.77903],[0.69069,5.77903],[0.69069,5.77931],[0.68986,5.77931],[0.68986,5.77958],[0.68903,5.77958],[0.68903,5.77986],[0.68708,5.77986],[0.68708,5.78042],[0.68681,5.78042],[0.68681,5.78069],[0.68625,5.78069],[0.68625,5.78097],[0.68569,5.78097],[0.68569,5.78125],[0.68542,5.78125],[0.68542,5.78153],[0.68514,5.78153],[0.68514,5.78181],[0.68486,5.78181],[0.68486,5.78208],[0.68462,5.78208],[0.68462,5.78787],[0.69888,5.78787],[0.69888,5.77653]]],[[[0.68462,5.77875],[0.68462,5.78069],[0.68486,5.78069],[0.68486,5.78042],[0.68542,5.78042],[0.68542,5.78014],[0.68569,5.78014],[0.68569,5.77986],[0.68597,5.77986],[0.68597,5.77931],[0.68542,5.77931],[0.68542,5.77903],[0.68514,5.77903],[0.68514,5.77875],[0.68462,5.77875]]],[[[0.69888,5.77486],[0.69888,5.77361],[0.69097,5.77361],[0.69097,5.77375],[0.69014,5.77375],[0.69014,5.77361],[0.68819,5.77361],[0.68819,5.77375],[0.68736,5.77375],[0.68736,5.77403],[0.68681,5.77403],[0.68681,5.77458],[0.68653,5.77458],[0.68653,5.77486],[0.68625,5.77486],[0.68625,5.77569],[0.68597,5.77569],[0.68597,5.77681],[0.68625,5.77681],[0.68625,5.77736],[0.68653,5.77736],[0.68653,5.77764],[0.68681,5.77764],[0.68681,5.77792],[0.68708,5.77792],[0.68708,5.77819],[0.68819,5.77819],[0.68819,5.77792],[0.68875,5.77792],[0.68875,5.77764],[0.68931,5.77764],[0.68931,5.77736],[0.68958,5.77736],[0.68958,5.77708],[0.69069,5.77708],[0.69069,5.77681],[0.69125,5.77681],[0.69125,5.77653],[0.69208,5.77653],[0.69208,5.77625],[0.69236,5.77625],[0.69236,5.77597],[0.69264,5.77597],[0.69264,5.77569],[0.69347,5.77569],[0.69347,5.77542],[0.69375,5.77542],[0.69375,5.77514],[0.69458,5.77514],[0.69458,5.77486],[0.69514,5.77486],[0.69514,5.77458],[0.69653,5.77458],[0.69653,5.7743],[0.69819,5.7743],[0.69819,5.77458],[0.69875,5.77458],[0.69875,5.77486],[0.69888,5.77486]]]]},"properties":{"region":"Greater Accra","district":"Dangbe West","floods_1m":1,"floods_2m":1,"floods_3m":1,"first_flood_m":1,"nests":true,"area_km2":2.055}},{"type":"Feature","geometry":{"type":"Polygon","coordinates":[[[0.57929,5.95896],[0.57056,5.95896],[0.57056,5.96506],[0.57127,5.96472],[0.57542,5.96227],[0.57929,5.95896]]]},"properties":{"region":"Greater Accra","district":"Dangbe West","floods_1m":1,"floods_2m":1,"floods_3m":1,"first_flood_m":1,"nests":true,"area_km2":0.362}},{"type":"Feature","geometry":{"type":"Polygon","coordinates":[[[0.69888,5.80368],[0.69888,5.80212],[0.68462,5.80212],[0.68462,5.8137],[0.68817,5.81184],[0.69683,5.80498],[0.69888,5.80368]]]},"properties":{"region":"Greater Accra","district":"Dangbe West","floods_1m":1,"floods_2m":1,"floods_3m":1,"first_flood_m":1,"nests":true,"area_km2":1.191}},{"type":"Feature","geometry":{"type":"Polygon","coordinates":[[[0.54204,5.91619],[0.52778,5.91619],[0.52778,5.93045],[0.54204,5.93045],[0.54204,5.91619]]]},"properties":{"region":"Greater Accra","district":"Dangbe West","floods_1m":0,"floods_2m":1,"floods_3m":1,"first_flood_m":2,"nests":true,"area_km2":2.501}},{"type":"Feature","geometry":{"type":"Polygon","coordinates":[[[0.5563,5.9447],[0.54204,5.9447],[0.54204,5.95896],[0.5563,5.95896],[0.5563,5.9447]]]},"properties":{"region":"Greater Accra","district":"Dangbe West","floods_1m":1,"floods_2m":1,"floods_3m":1,"first_flood_m":1,"nests":true,"area_km2":2.501}},{"type":"Feature","geometry":{"type":"Polygon","coordinates":[[[0.59907,5.78787],[0.58481,5.78787],[0.58481,5.7892],[0.58481,5.80212],[0.59907,5.80212],[0.59907,5.7892],[0.59907,5.78787]]]},"properties":{"region":"Greater Accra","district":"Dangbe West","floods_1m":1,"floods_2m":1,"floods_3m":1,"first_flood_m":1,"nests":true,"area_km2":2.5}},{"type":"Feature","geometry":{"type":"Polygon","coordinates":[[[0.48501,5.95896],[0.47075,5.95896],[0.47075,5.97322],[0.48501,5.97322],[0.48501,5.95896]]]},"properties":{"region":"Greater Accra","district":"Dangbe West","floods_1m":1,"floods_2m":1,"floods_3m":1,"first_flood_m":1,"nests":true,"area_km2":2.501}},{"type":"Feature","geometry":{"type":"Polygon","coordinates":[[[0.5563,5.80212],[0.54204,5.80212],[0.54204,5.81638],[0.5563,5.81638],[0.5563,5.80212]]]},"properties":{"region":"Greater Accra","district":"Dangbe West","floods_1m":1,"floods_2m":1,"floods_3m":1,"first_flood_m":1,"nests":true,"area_km2":2.501}},{"type":"Feature","geometry":{"type":"Polygon","coordinates":[[[0.51903,5.83064],[0.51352,5.83064],[0.51352,5.8449],[0.52042,5.8449],[0.52042,5.84486],[0.52069,5.84486],[0.52069,5.84403],[0.52097,5.84403],[0.52097,5.84375],[0.52069,5.84375],[0.52069,5.84347],[0.52042,5.84347],[0.52042,5.84319],[0.52014,5.84319],[0.52014,5.84292],[0.51986,5.84292],[0.51986,5.84264],[0.51958,5.84264],[0.51958,5.84236],[0.51931,5.84236],[0.51931,5.84208],[0.51903,5.84208],[0.51903,5.8418],[0.51875,5.8418],[0.51875,5.84153],[0.51847,5.84153],[0.51847,5.84125],[0.51819,5.84125],[0.51819,5.84097],[0.51736,5.84097],[0.51736,5.84069],[0.51708,5.84069],[0.51708,5.84042],[0.51681,5.84042],[0.51681,5.84014],[0.51653,5.84014],[0.51653,5.83986],[0.51625,5.83986],[0.51625,5.83958],[0.51597,5.83958],[0.51597,5.83931],[0.51569,5.83931],[0.51569,5.83903],[0.51542,5.83903],[0.51542,5.83875],[0.51514,5.83875],[0.51514,5.83847],[0.51486,5.83847],[0.51486,5.83819],[0.51458,5.83819],[0.51458,5.83792],[0.51431,5.83792],[0.51431,5.83764],[0.51403,5.83764],[0.51403,5.83625],[0.51431,5.83625],[0.51431,5.83569],[0.51458,5.83569],[0.51458,5.83542],[0.51486,5.83542],[0.51486,5.83514],[0.51514,5.83514],[0.51514,5.83486],[0.51569,5.83486],[0.51569,5.83458],[0.51597,5.83458],[0.51597,5.83431],[0.51625,5.83431],[0.51625,5.83375],[0.51653,5.83375],[0.51653,5.83347],[0.51681,5.83347],[0.51681,5.83319],[0.51736,5.83319],[0.51736,5.83292],[0.51764,5.83292],[0.51764,5.83264],[0.51792,5.83264],[0.51792,5.83208],[0.51819,5.83208],[0.51819,5.83181],[0.51847,5.83181],[0.51847,5.83125],[0.51875,5.83125],[0.51875,5.83069],[0.51903,5.83069],[0.51903,5.83064]]]},"properties":{"region":"Greater Accra","district":"Dangbe West","floods_1m":1,"floods_2m":1,"floods_3m":1,"first_flood_m":1,"nests":true,"area_km2":0.63}},{"type":"Feature","geometry":{"type":"Polygon","coordinates":[[[0.57056,5.8449],[0.5563,5.8449],[0.5563,5.85916],[0.57056,5.85916],[0.57056,5.8449]]]},"properties":{"region":"Greater Accra","district":"Dangbe West","floods_1m":1,"floods_2m":1,"floods_3m":1,"first_flood_m":1,"nests":true,"area_km2":2.501}},{"type":"Feature","geometry":{"type":"MultiPolygon","coordinates":[[[[0.51352,5.82375],[0.51352,5.83064],[0.51903,5.83064],[0.51903,5.83042],[0.51931,5.83042],[0.51931,5.82986],[0.51958,5.82986],[0.51958,5.82903],[0.51986,5.82903],[0.51986,5.82875],[0.52042,5.82875],[0.52042,5.82792],[0.52069,5.82792],[0.52069,5.82736],[0.52042,5.82736],[0.52042,5.82653],[0.52014,5.82653],[0.52014,5.82597],[0.51986,5.82597],[0.51986,5.8257],[0.51958,5.8257],[0.51958,5.82542],[0.51931,5.82542],[0.51931,5.82514],[0.51903,5.82514],[0.51903,5.82486],[0.51792,5.82486],[0.51792,5.82458],[0.51542,5.82458],[0.51542,5.82431],[0.51458,5.82431],[0.51458,5.82403],[0.51375,5.82403],[0.51375,5.82375],[0.51352,5.82375]]],[[[0.51903,5.81638],[0.51352,5.81638],[0.51352,5.82069],[0.51403,5.82069],[0.51403,5.82042],[0.51458,5.82042],[0.51458,5.82014],[0.51486,5.82014],[0.51486,5.81986],[0.51514,5.81986],[0.51514,5.8193],[0.51542,5.8193],[0.51542,5.81875],[0.51569,5.81875],[0.51569,5.81819],[0.51597,5.81819],[0.51597,5.81792],[0.51681,5.81792],[0.51681,5.81764],[0.51847,5.81764],[0.51847,5.81736],[0.51875,5.81736],[0.51875,5.81653],[0.51903,5.81653],[0.51903,5.81638]]],[[[0.52208,5.81638],[0.51958,5.81638],[0.51958,5.81653],[0.52208,5.81653],[0.52208,5.81638]]]]},"properties":{"region":"Greater Accra","district":"Dangbe West","floods_1m":1,"floods_2m":1,"floods_3m":1,"first_flood_m":1,"nests":true,"area_km2":0.635}},{"type":"Feature","geometry":{"type":"Polygon","coordinates":[[[0.58481,5.90193],[0.57056,5.90193],[0.57056,5.91619],[0.58481,5.91619],[0.58481,5.90193]]]},"properties":{"region":"Greater Accra","district":"Dangbe West","floods_1m":1,"floods_2m":1,"floods_3m":1,"first_flood_m":1,"nests":true,"area_km2":2.499}},{"type":"Feature","geometry":{"type":"Polygon","coordinates":[[[0.71314,5.77361],[0.69888,5.77361],[0.69888,5.77486],[0.69903,5.77486],[0.69903,5.77514],[0.6993,5.77514],[0.6993,5.77542],[0.69958,5.77542],[0.69958,5.77569],[0.69986,5.77569],[0.69986,5.77597],[0.70014,5.77597],[0.70014,5.77625],[0.70042,5.77625],[0.70042,5.77708],[0.70069,5.77708],[0.7007,5.77764],[0.70097,5.77764],[0.70097,5.77792],[0.70125,5.77792],[0.70125,5.77819],[0.70153,5.77819],[0.70153,5.77847],[0.70208,5.77847],[0.70208,5.77875],[0.70236,5.77875],[0.70236,5.77931],[0.70264,5.77931],[0.70264,5.77958],[0.70292,5.77958],[0.70292,5.77986],[0.70319,5.77986],[0.70319,5.78042],[0.70347,5.78042],[0.70347,5.78069],[0.70375,5.78069],[0.70375,5.78097],[0.70486,5.78097],[0.70486,5.78069],[0.70514,5.78069],[0.70514,5.78014],[0.70542,5.78014],[0.70542,5.77958],[0.70569,5.77958],[0.70569,5.77903],[0.70597,5.77903],[0.70597,5.77875],[0.70625,5.77875],[0.70625,5.77847],[0.70653,5.77847],[0.70653,5.77792],[0.70681,5.77792],[0.70681,5.77764],[0.70708,5.77764],[0.70708,5.77681],[0.70736,5.77681],[0.70736,5.77597],[0.70764,5.77597],[0.70764,5.77542],[0.70792,5.77542],[0.70792,5.77514],[0.70819,5.77514],[0.70819,5.77486],[0.70875,5.77486],[0.70875,5.77569],[0.70847,5.77569],[0.70847,5.77653],[0.70819,5.77653],[0.70819,5.77708],[0.70792,5.77708],[0.70792,5.77792],[0.70764,5.77792],[0.70764,5.77875],[0.70736,5.77875],[0.70736,5.77931],[0.70708,5.77931],[0.70708,5.77958],[0.70681,5.77958],[0.70681,5.78014],[0.70653,5.78014],[0.70653,5.78069],[0.70625,5.78069],[0.70625,5.78125],[0.70597,5.78125],[0.70597,5.78153],[0.70569,5.78153],[0.70569,5.78181],[0.70542,5.78181],[0.70542,5.78208],[0.70514,5.78208],[0.70514,5.78236],[0.70486,5.78236],[0.70486,5.78264],[0.70236,5.78264],[0.70236,5.78236],[0.7018,5.78236],[0.7018,5.78208],[0.70153,5.78208],[0.70153,5.78153],[0.70125,5.78153],[0.70125,5.78097],[0.70097,5.78097],[0.70097,5.78014],[0.70069,5.78014],[0.70069,5.77958],[0.70042,5.77958],[0.70042,5.77875],[0.70014,5.77875],[0.70014,5.77847],[0.69986,5.77847],[0.69986,5.77792],[0.69958,5.77792],[0.69958,5.77736],[0.6993,5.77736],[0.6993,5.77681],[0.69903,5.77681],[0.69903,5.77653],[0.69888,5.77653],[0.69888,5.78787],[0.71314,5.78787],[0.71314,5.77361]]]},"properties":{"region":"Greater Accra","district":"Dangbe West","floods_1m":1,"floods_2m":1,"floods_3m":1,"first_flood_m":1,"nests":true,"area_km2":2.215}},{"type":"Feature","geometry":{"type":"Polygon","coordinates":[[[0.57056,5.90193],[0.5563,5.90193],[0.5563,5.91619],[0.57056,5.91619],[0.57056,5.90193]]]},"properties":{"region":"Greater Accra","district":"Dangbe West","floods_1m":1,"floods_2m":1,"floods_3m":1,"first_flood_m":1,"nests":true,"area_km2":2.501}},{"type":"Feature","geometry":{"type":"Polygon","coordinates":[[[0.5563,5.87341],[0.54204,5.87341],[0.54204,5.88767],[0.5563,5.88767],[0.5563,5.87341]]]},"properties":{"region":"Greater Accra","district":"Dangbe West","floods_1m":1,"floods_2m":1,"floods_3m":1,"first_flood_m":1,"nests":true,"area_km2":2.501}},{"type":"Feature","geometry":{"type":"MultiPolygon","coordinates":[[[[0.54204,5.82458],[0.54069,5.82458],[0.54069,5.82486],[0.54042,5.82486],[0.54042,5.82514],[0.54014,5.82514],[0.54014,5.82542],[0.53875,5.82542],[0.53875,5.82514],[0.53847,5.82514],[0.53847,5.82431],[0.5382,5.82431],[0.5382,5.82403],[0.53792,5.82403],[0.53792,5.82375],[0.53764,5.82375],[0.53764,5.82347],[0.53736,5.82347],[0.53736,5.82319],[0.53708,5.82319],[0.53708,5.82292],[0.5368,5.82292],[0.5368,5.82264],[0.53653,5.82264],[0.53653,5.82208],[0.5357,5.82208],[0.5357,5.8218],[0.53486,5.8218],[0.53486,5.82153],[0.53458,5.82153],[0.53458,5.8218],[0.5343,5.8218],[0.5343,5.82236],[0.53403,5.82236],[0.53403,5.82264],[0.53292,5.82264],[0.53292,5.82236],[0.53236,5.82236],[0.53236,5.82208],[0.53208,5.82208],[0.53208,5.82292],[0.5318,5.82292],[0.5318,5.82319],[0.53208,5.82319],[0.53208,5.82347],[0.53236,5.82347],[0.53236,5.82431],[0.53208,5.82431],[0.53208,5.82458],[0.5318,5.82458],[0.5318,5.82486],[0.53153,5.82486],[0.53153,5.82514],[0.53125,5.82514],[0.53125,5.82542],[0.53097,5.82542],[0.53097,5.82792],[0.53125,5.82792],[0.53125,5.8282],[0.53208,5.8282],[0.53208,5.82847],[0.53236,5.82847],[0.53236,5.82931],[0.53208,5.82931],[0.53208,5.83014],[0.53236,5.83014],[0.53236,5.83064],[0.54204,5.83064],[0.54204,5.82458]]],[[[0.54204,5.82347],[0.54204,5.81638],[0.52847,5.81638],[0.52847,5.81764],[0.52875,5.81764],[0.52875,5.81847],[0.52958,5.81847],[0.52958,5.81875],[0.53014,5.81875],[0.53014,5.81903],[0.5307,5.81903],[0.5307,5.8193],[0.53125,5.8193],[0.53125,5.81958],[0.5318,5.81958],[0.5318,5.81986],[0.53264,5.81986],[0.53264,5.82014],[0.5357,5.82014],[0.5357,5.82042],[0.53653,5.82042],[0.53653,5.82069],[0.53708,5.82069],[0.53708,5.82097],[0.53736,5.82097],[0.53736,5.82125],[0.53792,5.82125],[0.53792,5.82153],[0.5382,5.82153],[0.5382,5.82208],[0.53847,5.82208],[0.53847,5.82236],[0.53903,5.82236],[0.53903,5.82264],[0.53958,5.82264],[0.53958,5.82292],[0.54042,5.82292],[0.54042,5.82319],[0.54125,5.82319],[0.54125,5.82347],[0.54204,5.82347]]]]},"properties":{"region":"Greater Accra","district":"Dangbe West","floods_1m":1,"floods_2m":1,"floods_3m":1,"first_flood_m":1,"nests":true,"area_km2":1.643}},{"type":"Feature","geometry":{"type":"Polygon","coordinates":[[[0.54204,5.95896],[0.52778,5.95896],[0.52778,5.97322],[0.54204,5.97322],[0.54204,5.95896]]]},"properties":{"region":"Greater Accra","district":"Dangbe West","floods_1m":1,"floods_2m":1,"floods_3m":1,"first_flood_m":1,"nests":true,"area_km2":2.501}},{"type":"Feature","geometry":{"type":"Polygon","coordinates":[[[0.34243,5.78787],[0.32918,5.78787],[0.32934,5.79663],[0.32933,5.80212],[0.34243,5.80212],[0.34243,5.7892],[0.34243,5.78787]]]},"properties":{"region":"Greater Accra","district":"Dangbe West","floods_1m":1,"floods_2m":1,"floods_3m":1,"first_flood_m":1,"nests":true,"area_km2":2.304}},{"type":"Feature","geometry":{"type":"Polygon","coordinates":[[[0.47075,5.79514],[0.47075,5.79486],[0.47069,5.79486],[0.47069,5.7943],[0.47075,5.7943],[0.47075,5.7892],[0.47075,5.7882],[0.46486,5.7882],[0.46486,5.78847],[0.46403,5.78847],[0.46403,5.78875],[0.46181,5.78875],[0.46181,5.78903],[0.46153,5.78903],[0.46153,5.78931],[0.46042,5.78931],[0.46042,5.78958],[0.45986,5.78958],[0.45986,5.78931],[0.4593,5.78931],[0.4593,5.78903],[0.45649,5.78903],[0.45649,5.7892],[0.45649,5.80212],[0.45875,5.80212],[0.45875,5.80208],[0.45903,5.80208],[0.45903,5.80181],[0.4593,5.80181],[0.4593,5.80153],[0.45958,5.80153],[0.45958,5.80125],[0.45986,5.80125],[0.45986,5.80042],[0.45958,5.80042],[0.45958,5.80014],[0.45903,5.80014],[0.45903,5.79986],[0.45875,5.79986],[0.45875,5.7993],[0.45736,5.7993],[0.45736,5.79903],[0.45708,5.79903],[0.45708,5.79819],[0.45736,5.79819],[0.45736,5.79792],[0.45764,5.79792],[0.45764,5.79764],[0.4582,5.79764],[0.4582,5.79792],[0.45958,5.79792],[0.45958,5.79764],[0.46097,5.79764],[0.46097,5.79792],[0.46264,5.79792],[0.46264,5.79764],[0.46347,5.79764],[0.46347,5.79736],[0.46431,5.79736],[0.46431,5.79708],[0.46542,5.79708],[0.46542,5.7968],[0.46597,5.7968],[0.46597,5.79653],[0.46625,5.79653],[0.46625,5.79625],[0.46653,5.79625],[0.46653,5.79597],[0.46736,5.79597],[0.46736,5.79569],[0.46792,5.79569],[0.46792,5.79542],[0.46931,5.79542],[0.46931,5.79514],[0.47075,5.79514]]]},"properties":{"region":"Greater Accra","district":"Dangbe West","floods_1m":1,"floods_2m":1,"floods_3m":1,"first_flood_m":1,"nests":true,"area_km2":1.562}},{"type":"Feature","geometry":{"type":"Polygon","coordinates":[[[0.58481,5.81638],[0.57056,5.81638],[0.57056,5.83064],[0.58481,5.83064],[0.58481,5.81638]]]},"properties":{"region":"Greater Accra","district":"Dangbe West","floods_1m":1,"floods_2m":1,"floods_3m":1,"first_flood_m":1,"nests":true,"area_km2":2.5}},{"type":"Feature","geometry":{"type":"Polygon","coordinates":[[[0.44223,5.97322],[0.42798,5.97322],[0.42798,5.98748],[0.44223,5.98748],[0.44223,5.97322]]]},"properties":{"region":"Greater Accra","district":"Dangbe West","floods_1m":1,"floods_2m":1,"floods_3m":1,"first_flood_m":1,"nests":true,"area_km2":2.499}},{"type":"Feature","geometry":{"type":"MultiPolygon","coordinates":[[[[0.57056,5.83064],[0.5563,5.83064],[0.5563,5.83181],[0.55681,5.83181],[0.55681,5.83153],[0.56014,5.83153],[0.56014,5.83181],[0.56097,5.83181],[0.56097,5.83208],[0.56181,5.83208],[0.56181,5.83236],[0.56264,5.83236],[0.56264,5.83264],[0.56292,5.83264],[0.56292,5.83403],[0.56264,5.83403],[0.56264,5.83431],[0.56236,5.83431],[0.56236,5.83486],[0.56208,5.83486],[0.56208,5.83569],[0.56181,5.83569],[0.56181,5.83597],[0.56153,5.83597],[0.56153,5.83708],[0.56125,5.83708],[0.56125,5.83764],[0.56097,5.83764],[0.56097,5.83819],[0.56153,5.83819],[0.56153,5.83847],[0.56181,5.83847],[0.56181,5.83875],[0.56208,5.83875],[0.56208,5.83958],[0.56264,5.83958],[0.56264,5.83931],[0.56319,5.83931],[0.56319,5.83958],[0.56347,5.83958],[0.56347,5.84069],[0.56319,5.84069],[0.56319,5.84125],[0.56292,5.84125],[0.56292,5.84153],[0.56264,5.84153],[0.56264,5.8418],[0.56236,5.8418],[0.56236,5.84208],[0.56208,5.84208],[0.56208,5.84236],[0.56181,5.84236],[0.56181,5.84264],[0.56125,5.84264],[0.56125,5.84292],[0.56097,5.84292],[0.56097,5.84319],[0.56069,5.84319],[0.56069,5.84347],[0.56042,5.84347],[0.56042,5.84375],[0.56014,5.84375],[0.56014,5.84403],[0.55958,5.84403],[0.55958,5.84431],[0.55875,5.84431],[0.55875,5.84458],[0.5563,5.84458],[0.5563,5.8449],[0.57056,5.8449],[0.57056,5.83064]]],[[[0.55819,5.84292],[0.55819,5.84264],[0.55931,5.84264],[0.55931,5.84236],[0.55986,5.84236],[0.55986,5.84208],[0.56014,5.84208],[0.56014,5.8418],[0.56042,5.8418],[0.56042,5.84097],[0.56097,5.84097],[0.56097,5.83931],[0.56069,5.83931],[0.56069,5.83903],[0.56042,5.83903],[0.56042,5.83931],[0.55958,5.83931],[0.55958,5.84014],[0.55931,5.84014],[0.55931,5.84042],[0.55847,5.84042],[0.55847,5.84069],[0.55819,5.84069],[0.55819,5.84097],[0.55792,5.84097],[0.55792,5.84153],[0.55764,5.84153],[0.55764,5.8418],[0.55736,5.8418],[0.55736,5.84208],[0.55708,5.84208],[0.55708,5.84264],[0.55736,5.84264],[0.55736,5.84292],[0.55819,5.84292]]],[[[0.5563,5.83319],[0.5563,5.83458],[0.55653,5.83458],[0.55653,5.83431],[0.55708,5.83431],[0.55708,5.83403],[0.55736,5.83403],[0.55736,5.83375],[0.55764,5.83375],[0.55764,5.83319],[0.55792,5.83319],[0.55792,5.83264],[0.55708,5.83264],[0.55708,5.83292],[0.55653,5.83292],[0.55653,5.83319],[0.5563,5.83319]]]]},"properties":{"region":"Greater Accra","district":"Dangbe West","floods_1m":1,"floods_2m":1,"floods_3m":1,"first_flood_m":1,"nests":true,"area_km2":1.72}},{"type":"Feature","geometry":{"type":"Polygon","coordinates":[[[0.52778,5.9447],[0.51352,5.9447],[0.51352,5.95896],[0.52778,5.95896],[0.52778,5.9447]]]},"properties":{"region":"Greater Accra","district":"Dangbe West","floods_1m":0,"floods_2m":0,"floods_3m":1,"first_flood_m":3,"nests":true,"area_km2":2.501}},{"type":"Feature","geometry":{"type":"Polygon","coordinates":[[[0.44223,5.80153],[0.44223,5.78958],[0.44097,5.78958],[0.44097,5.78986],[0.43597,5.78986],[0.43597,5.79014],[0.43625,5.79014],[0.43625,5.7907],[0.43958,5.7907],[0.43958,5.79153],[0.43847,5.79153],[0.43847,5.79403],[0.43875,5.79403],[0.43875,5.79486],[0.43903,5.79486],[0.43903,5.79569],[0.43931,5.79569],[0.43931,5.79597],[0.43764,5.79597],[0.43764,5.79569],[0.43736,5.79569],[0.43736,5.79542],[0.43708,5.79542],[0.43708,5.79514],[0.43681,5.79514],[0.43681,5.79486],[0.43653,5.79486],[0.43653,5.7943],[0.43625,5.7943],[0.43625,5.79403],[0.43597,5.79403],[0.43597,5.79375],[0.43569,5.79375],[0.43569,5.79347],[0.43486,5.79347],[0.43486,5.79125],[0.43458,5.79125],[0.43458,5.7907],[0.43431,5.7907],[0.43431,5.78986],[0.43069,5.78986],[0.43069,5.78958],[0.42798,5.78958],[0.42798,5.80212],[0.44153,5.80212],[0.44153,5.80208],[0.44181,5.80208],[0.44181,5.80181],[0.44208,5.80181],[0.44208,5.80153],[0.44223,5.80153]]]},"properties":{"region":"Greater Accra","district":"Dangbe West","floods_1m":1,"floods_2m":1,"floods_3m":1,"first_flood_m":1,"nests":true,"area_km2":1.938}},{"type":"Feature","geometry":{"type":"Polygon","coordinates":[[[0.64185,5.83165],[0.64185,5.83064],[0.62759,5.83064],[0.62759,5.84221],[0.62966,5.83922],[0.63119,5.83774],[0.63291,5.83652],[0.63836,5.83398],[0.6406,5.83262],[0.64185,5.83165]]]},"properties":{"region":"Greater Accra","district":"Dangbe West","floods_1m":1,"floods_2m":1,"floods_3m":1,"first_flood_m":1,"nests":true,"area_km2":0.947}},{"type":"Feature","geometry":{"type":"Polygon","coordinates":[[[0.59907,5.90193],[0.58481,5.90193],[0.58481,5.91619],[0.59907,5.91619],[0.59907,5.90193]]]},"properties":{"region":"Greater Accra","district":"Dangbe West","floods_1m":1,"floods_2m":1,"floods_3m":1,"first_flood_m":1,"nests":true,"area_km2":2.501}},{"type":"Feature","geometry":{"type":"Polygon","coordinates":[[[0.48501,5.8449],[0.47403,5.8449],[0.47403,5.84542],[0.47375,5.84542],[0.47375,5.84597],[0.47347,5.84597],[0.47347,5.84625],[0.47292,5.84625],[0.47292,5.84653],[0.47208,5.84653],[0.47208,5.84681],[0.47153,5.84681],[0.47153,5.84708],[0.47075,5.84708],[0.47075,5.85916],[0.48501,5.85916],[0.48501,5.8449]]]},"properties":{"region":"Greater Accra","district":"Dangbe West","floods_1m":1,"floods_2m":1,"floods_3m":1,"first_flood_m":1,"nests":true,"area_km2":2.436}},{"type":"Feature","geometry":{"type":"MultiPolygon","coordinates":[[[[0.68462,5.78208],[0.68458,5.78208],[0.68458,5.78236],[0.68431,5.78236],[0.68431,5.78208],[0.68403,5.78208],[0.68403,5.78181],[0.68375,5.78181],[0.68375,5.78153],[0.68347,5.78153],[0.68347,5.78125],[0.68292,5.78125],[0.68292,5.78097],[0.68153,5.78097],[0.68153,5.78125],[0.68125,5.78125],[0.68125,5.78153],[0.68097,5.78153],[0.68097,5.78181],[0.68069,5.78181],[0.68069,5.78208],[0.68042,5.78208],[0.68042,5.78236],[0.68014,5.78236],[0.68014,5.78264],[0.67931,5.78264],[0.67931,5.78236],[0.67847,5.78236],[0.67847,5.78208],[0.67792,5.78208],[0.67792,5.78181],[0.67736,5.78181],[0.67736,5.78153],[0.67681,5.78153],[0.67681,5.78125],[0.67625,5.78125],[0.67625,5.78097],[0.67569,5.78097],[0.67569,5.78069],[0.67514,5.78069],[0.67514,5.78042],[0.67458,5.78042],[0.67458,5.78014],[0.67403,5.78014],[0.67403,5.77986],[0.6732,5.77986],[0.6732,5.77958],[0.67264,5.77958],[0.67264,5.77931],[0.67208,5.77931],[0.67208,5.77903],[0.67153,5.77903],[0.67153,5.77875],[0.67097,5.77875],[0.67097,5.77847],[0.67042,5.77847],[0.67042,5.77819],[0.67036,5.77819],[0.67036,5.78787],[0.68462,5.78787],[0.68462,5.78208]]],[[[0.68462,5.78069],[0.68462,5.77875],[0.68458,5.77875],[0.68458,5.77847],[0.68431,5.77847],[0.68431,5.77819],[0.68403,5.77819],[0.68403,5.77792],[0.68347,5.77792],[0.68347,5.77819],[0.67986,5.77819],[0.67986,5.77847],[0.68014,5.77847],[0.68014,5.77903],[0.68042,5.77903],[0.68042,5.77958],[0.68125,5.77958],[0.68125,5.77986],[0.68236,5.77986],[0.68236,5.78014],[0.68292,5.78014],[0.68292,5.78042],[0.68347,5.78042],[0.68347,5.78069],[0.68462,5.78069]]]]},"properties":{"region":"Greater Accra","district":"Dangbe West","floods_1m":1,"floods_2m":1,"floods_3m":1,"first_flood_m":1,"nests":true,"area_km2":1.326}},{"type":"Feature","geometry":{"type":"MultiPolygon","coordinates":[[[[0.42798,5.81597],[0.42403,5.81597],[0.42403,5.81625],[0.4232,5.81625],[0.4232,5.81638],[0.42798,5.81638],[0.42798,5.81597]]],[[[0.42798,5.81125],[0.42798,5.80212],[0.41372,5.80212],[0.41372,5.81486],[0.41403,5.81486],[0.41403,5.81458],[0.41514,5.81458],[0.41514,5.81431],[0.41736,5.8143],[0.41736,5.81403],[0.41931,5.81403],[0.41931,5.81375],[0.4207,5.81375],[0.4207,5.81347],[0.42208,5.81347],[0.42208,5.81319],[0.4232,5.81319],[0.4232,5.81292],[0.42403,5.81292],[0.42403,5.81264],[0.42458,5.81264],[0.42458,5.81236],[0.42542,5.81236],[0.42542,5.81208],[0.42625,5.81208],[0.42625,5.81181],[0.4268,5.81181],[0.4268,5.81153],[0.42792,5.81153],[0.42792,5.81125],[0.42798,5.81125]]]]},"properties":{"region":"Greater Accra","district":"Dangbe West","floods_1m":1,"floods_2m":1,"floods_3m":1,"first_flood_m":1,"nests":true,"area_km2":1.993}},{"type":"Feature","geometry":{"type":"Polygon","coordinates":[[[0.61333,5.80212],[0.59907,5.80212],[0.59907,5.81638],[0.61333,5.81638],[0.61333,5.80212]]]},"properties":{"region":"Greater Accra","district":"Dangbe West","floods_1m":1,"floods_2m":1,"floods_3m":1,"first_flood_m":1,"nests":true,"area_km2":2.501}},{"type":"Feature","geometry":{"type":"Polygon","coordinates":[[[0.3852,5.80212],[0.37094,5.80212],[0.37094,5.81638],[0.3852,5.81638],[0.3852,5.80212]]]},"properties":{"region":"Greater Accra","district":"Dangbe West","floods_1m":1,"floods_2m":1,"floods_3m":1,"first_flood_m":1,"nests":true,"area_km2":2.501}},{"type":"Feature","geometry":{"type":"Polygon","coordinates":[[[0.68462,5.8137],[0.68462,5.80212],[0.67036,5.80212],[0.67036,5.81638],[0.67536,5.81638],[0.68172,5.81485],[0.68395,5.81406],[0.68462,5.8137]]]},"properties":{"region":"Greater Accra","district":"Dangbe West","floods_1m":1,"floods_2m":1,"floods_3m":1,"first_flood_m":1,"nests":true,"area_km2":2.368}},{"type":"Feature","geometry":{"type":"Polygon","coordinates":[[[0.5563,5.88767],[0.54204,5.88767],[0.54204,5.90193],[0.5563,5.90193],[0.5563,5.88767]]]},"properties":{"region":"Greater Accra","district":"Dangbe West","floods_1m":1,"floods_2m":1,"floods_3m":1,"first_flood_m":1,"nests":true,"area_km2":2.501}},{"type":"Feature","geometry":{"type":"Polygon","coordinates":[[[-0.3277,5.54548],[-0.34195,5.54548],[-0.34195,5.55974],[-0.3277,5.55974],[-0.3277,5.54548]]]},"properties":{"region":"Greater Accra","district":"Ga West","floods_1m":0,"floods_2m":0,"floods_3m":1,"first_flood_m":3,"nests":true,"area_km2":2.501}},{"type":"Feature","geometry":{"type":"Polygon","coordinates":[[[-0.3277,5.55974],[-0.34195,5.55974],[-0.34195,5.574],[-0.3277,5.574],[-0.3277,5.55974]]]},"properties":{"region":"Greater Accra","district":"Ga West","floods_1m":0,"floods_2m":0,"floods_3m":1,"first_flood_m":3,"nests":true,"area_km2":2.501}},{"type":"Feature","geometry":{"type":"Polygon","coordinates":[[[-0.31344,5.54548],[-0.3277,5.54548],[-0.3277,5.55974],[-0.31344,5.55974],[-0.31344,5.54548]]]},"properties":{"region":"Greater Accra","district":"Ga West","floods_1m":1,"floods_2m":1,"floods_3m":1,"first_flood_m":1,"nests":true,"area_km2":2.502}},{"type":"Feature","geometry":{"type":"Polygon","coordinates":[[[-0.34195,5.50236],[-0.34208,5.50236],[-0.34208,5.50208],[-0.34292,5.50208],[-0.34292,5.5018],[-0.34347,5.5018],[-0.34347,5.50153],[-0.34458,5.50153],[-0.34458,5.50125],[-0.34569,5.50125],[-0.34569,5.50097],[-0.34681,5.50097],[-0.34681,5.5007],[-0.34764,5.5007],[-0.34764,5.50042],[-0.34847,5.50042],[-0.34847,5.50014],[-0.34903,5.50014],[-0.34903,5.49986],[-0.34958,5.49986],[-0.34958,5.49958],[-0.35042,5.49958],[-0.35042,5.4993],[-0.3507,5.4993],[-0.3507,5.49903],[-0.35125,5.49903],[-0.35125,5.49875],[-0.35208,5.49875],[-0.35208,5.49847],[-0.35514,5.49847],[-0.35514,5.4982],[-0.35597,5.4982],[-0.35597,5.49792],[-0.35621,5.49792],[-0.35621,5.50271],[-0.34195,5.50271],[-0.34195,5.50236]]]},"properties":{"region":"Greater Accra","district":"Ga West","floods_1m":1,"floods_2m":1,"floods_3m":1,"first_flood_m":1,"nests":true,"area_km2":0.484}},{"type":"Feature","geometry":{"type":"Polygon","coordinates":[[[-0.29918,5.53122],[-0.31344,5.53122],[-0.31344,5.54548],[-0.29918,5.54548],[-0.29918,5.53122]]]},"properties":{"region":"Greater Accra","district":"Ga West","floods_1m":1,"floods_2m":1,"floods_3m":1,"first_flood_m":1,"nests":true,"area_km2":2.503}},{"type":"Feature","geometry":{"type":"Polygon","coordinates":[[[-0.29918,5.51697],[-0.31344,5.51697],[-0.31344,5.53122],[-0.29918,5.53122],[-0.29918,5.51697]]]},"properties":{"region":"Greater Accra","district":"Ga West","floods_1m":1,"floods_2m":1,"floods_3m":1,"first_flood_m":1,"nests":true,"area_km2":2.501}},{"type":"Feature","geometry":{"type":"Polygon","coordinates":[[[-0.34195,5.55974],[-0.35621,5.55974],[-0.35621,5.574],[-0.34195,5.574],[-0.34195,5.55974]]]},"properties":{"region":"Greater Accra","district":"Ga West","floods_1m":0,"floods_2m":0,"floods_3m":1,"first_flood_m":3,"nests":true,"area_km2":2.502}},{"type":"Feature","geometry":{"type":"Polygon","coordinates":[[[-0.3277,5.51697],[-0.34195,5.51697],[-0.34195,5.53122],[-0.3277,5.53122],[-0.3277,5.51697]]]},"properties":{"region":"Greater Accra","district":"Ga West","floods_1m":0,"floods_2m":0,"floods_3m":1,"first_flood_m":3,"nests":true,"area_km2":2.499}},{"type":"Feature","geometry":{"type":"Polygon","coordinates":[[[-0.29495,5.54548],[-0.29918,5.54548],[-0.29918,5.55974],[-0.29667,5.55974],[-0.29623,5.55804],[-0.29495,5.54548]]]},"properties":{"region":"Greater Accra","district":"Ga West","floods_1m":1,"floods_2m":1,"floods_3m":1,"first_flood_m":1,"nests":true,"area_km2":0.612}},{"type":"Feature","geometry":{"type":"Polygon","coordinates":[[[-0.35621,5.49792],[-0.3568,5.49792],[-0.3568,5.49764],[-0.35847,5.49764],[-0.35847,5.49736],[-0.35903,5.49736],[-0.35903,5.49708],[-0.35958,5.49708],[-0.35958,5.49681],[-0.36014,5.49681],[-0.36014,5.49653],[-0.3607,5.49653],[-0.3607,5.49625],[-0.36125,5.49625],[-0.36125,5.49597],[-0.36181,5.49597],[-0.36181,5.4957],[-0.36236,5.4957],[-0.36236,5.49542],[-0.36347,5.49542],[-0.36347,5.49514],[-0.36403,5.49514],[-0.36408,5.49486],[-0.36463,5.49659],[-0.36619,5.50271],[-0.35621,5.50271],[-0.35621,5.49792]]]},"properties":{"region":"Greater Accra","district":"Ga West","floods_1m":1,"floods_2m":1,"floods_3m":1,"first_flood_m":1,"nests":true,"area_km2":0.697}},{"type":"Feature","geometry":{"type":"Polygon","coordinates":[[[-0.28935,5.53122],[-0.29918,5.53122],[-0.29918,5.54548],[-0.29495,5.54548],[-0.29495,5.54547],[-0.29417,5.54251],[-0.29024,5.53481],[-0.28951,5.53223],[-0.28935,5.53122]]]},"properties":{"region":"Greater Accra","district":"Ga West","floods_1m":1,"floods_2m":1,"floods_3m":1,"first_flood_m":1,"nests":true,"area_km2":1.246}},{"type":"Feature","geometry":{"type":"Polygon","coordinates":[[[-0.34195,5.50271],[-0.35621,5.50271],[-0.35621,5.51697],[-0.34195,5.51697],[-0.34195,5.50271]]]},"properties":{"region":"Greater Accra","district":"Ga West","floods_1m":1,"floods_2m":1,"floods_3m":1,"first_flood_m":1,"nests":true,"area_km2":2.503}},{"type":"Feature","geometry":{"type":"Polygon","coordinates":[[[-0.31344,5.51697],[-0.3277,5.51697],[-0.3277,5.53122],[-0.31344,5.53122],[-0.31344,5.51697]]]},"properties":{"region":"Greater Accra","district":"Ga West","floods_1m":1,"floods_2m":1,"floods_3m":1,"first_flood_m":1,"nests":true,"area_km2":2.501}},{"type":"Feature","geometry":{"type":"Polygon","coordinates":[[[0.64185,5.98748],[0.62759,5.98748],[0.62759,6.00174],[0.64185,6.00174],[0.64185,5.98748]]]},"properties":{"region":"Volta","district":"South Tongu","floods_1m":1,"floods_2m":1,"floods_3m":1,"first_flood_m":1,"nests":true,"area_km2":2.501}},{"type":"Feature","geometry":{"type":"Polygon","coordinates":[[[0.71314,5.93045],[0.69888,5.93045],[0.69888,5.9447],[0.71314,5.9447],[0.71314,5.93045]]]},"properties":{"region":"Volta","district":"South Tongu","floods_1m":1,"floods_2m":1,"floods_3m":1,"first_flood_m":1,"nests":true,"area_km2":2.499}},{"type":"Feature","geometry":{"type":"Polygon","coordinates":[[[0.75113,5.92499],[0.75109,5.91619],[0.74165,5.91619],[0.74165,5.93045],[0.74423,5.93045],[0.74457,5.93014],[0.75113,5.92499]]]},"properties":{"region":"Volta","district":"South Tongu","floods_1m":1,"floods_2m":1,"floods_3m":1,"first_flood_m":1,"nests":true,"area_km2":1.427}},{"type":"Feature","geometry":{"type":"Polygon","coordinates":[[[-0.28819,5.51697],[-0.29918,5.51697],[-0.29918,5.53122],[-0.28935,5.53122],[-0.28908,5.5295],[-0.28819,5.51697]]]},"properties":{"region":"Greater Accra","district":"Ga West","floods_1m":1,"floods_2m":1,"floods_3m":1,"first_flood_m":1,"nests":true,"area_km2":1.837}},{"type":"Feature","geometry":{"type":"Polygon","coordinates":[[[-2.68026,5.00542],[-2.68097,5.00542],[-2.68097,5.00569],[-2.68181,5.00569],[-2.68181,5.00597],[-2.68292,5.00597],[-2.68292,5.00625],[-2.68403,5.00625],[-2.68403,5.00653],[-2.68514,5.00653],[-2.68514,5.00681],[-2.68653,5.00681],[-2.68653,5.00708],[-2.68764,5.00708],[-2.68764,5.00736],[-2.68875,5.00736],[-2.68875,5.00764],[-2.69014,5.00764],[-2.69014,5.00792],[-2.69125,5.00792],[-2.69125,5.00819],[-2.69236,5.00819],[-2.69236,5.00847],[-2.69375,5.00847],[-2.69375,5.00875],[-2.69403,5.00875],[-2.69403,5.00847],[-2.69452,5.00847],[-2.69452,5.01794],[-2.68026,5.01794],[-2.68026,5.00542]]]},"properties":{"region":"Western","district":"Jomoro","floods_1m":1,"floods_2m":1,"floods_3m":1,"first_flood_m":1,"nests":true,"area_km2":1.897}},{"type":"Feature","geometry":{"type":"Polygon","coordinates":[[[-2.87988,5.08923],[-2.89413,5.08923],[-2.89413,5.10348],[-2.87988,5.10348],[-2.87988,5.08923]]]},"properties":{"region":"Western","district":"Jomoro","floods_1m":1,"floods_2m":1,"floods_3m":1,"first_flood_m":1,"nests":true,"area_km2":2.501}},{"type":"Feature","geometry":{"type":"Polygon","coordinates":[[[0.59907,6.03025],[0.58481,6.03025],[0.58481,6.04451],[0.59907,6.04451],[0.59907,6.03025]]]},"properties":{"region":"Volta","district":"South Tongu","floods_1m":1,"floods_2m":1,"floods_3m":1,"first_flood_m":1,"nests":true,"area_km2":2.5}},{"type":"Feature","geometry":{"type":"Polygon","coordinates":[[[0.59907,5.9447],[0.58819,5.9447],[0.58691,5.94694],[0.58481,5.95187],[0.58481,5.95896],[0.59907,5.95896],[0.59907,5.9447]]]},"properties":{"region":"Volta","district":"South Tongu","floods_1m":1,"floods_2m":1,"floods_3m":1,"first_flood_m":1,"nests":true,"area_km2":2.362}},{"type":"Feature","geometry":{"type":"Polygon","coordinates":[[[0.59907,6.00174],[0.58481,6.00174],[0.58481,6.01599],[0.59907,6.01599],[0.59907,6.00174]]]},"properties":{"region":"Volta","district":"South Tongu","floods_1m":1,"floods_2m":1,"floods_3m":1,"first_flood_m":1,"nests":true,"area_km2":2.499}},{"type":"Feature","geometry":{"type":"Polygon","coordinates":[[[0.61333,5.87666],[0.61298,5.87803],[0.61202,5.88767],[0.61333,5.88767],[0.61333,5.87666]]]},"properties":{"region":"Volta","district":"South Tongu","floods_1m":0,"floods_2m":1,"floods_3m":1,"first_flood_m":2,"nests":true,"area_km2":0.101}},{"type":"Feature","geometry":{"type":"Polygon","coordinates":[[[0.67036,5.8449],[0.6561,5.8449],[0.6561,5.85916],[0.67036,5.85916],[0.67036,5.8449]]]},"properties":{"region":"Volta","district":"South Tongu","floods_1m":1,"floods_2m":1,"floods_3m":1,"first_flood_m":1,"nests":true,"area_km2":2.501}},{"type":"Feature","geometry":{"type":"Polygon","coordinates":[[[0.72739,6.01599],[0.71314,6.01599],[0.71314,6.03025],[0.72739,6.03025],[0.72739,6.01599]]]},"properties":{"region":"Volta","district":"South Tongu","floods_1m":1,"floods_2m":1,"floods_3m":1,"first_flood_m":1,"nests":true,"area_km2":2.499}},{"type":"Feature","geometry":{"type":"Polygon","coordinates":[[[-0.3277,5.50819],[-0.3293,5.50819],[-0.3293,5.50792],[-0.33014,5.50792],[-0.33014,5.50764],[-0.33097,5.50764],[-0.33097,5.50736],[-0.33153,5.50736],[-0.33153,5.50708],[-0.3318,5.50708],[-0.3318,5.50681],[-0.33264,5.50681],[-0.33264,5.50653],[-0.33375,5.50653],[-0.33375,5.50625],[-0.33458,5.50625],[-0.33458,5.50569],[-0.33514,5.50569],[-0.33514,5.50542],[-0.33542,5.50542],[-0.33542,5.50514],[-0.33597,5.50514],[-0.33597,5.50497],[-0.33597,5.50458],[-0.33625,5.50458],[-0.33625,5.5043],[-0.33681,5.5043],[-0.33681,5.50403],[-0.33764,5.50403],[-0.33764,5.50375],[-0.33819,5.50375],[-0.33819,5.50347],[-0.33875,5.50347],[-0.33875,5.50319],[-0.33958,5.50319],[-0.33958,5.50292],[-0.33986,5.50292],[-0.33986,5.50271],[-0.34195,5.50271],[-0.34195,5.51697],[-0.3277,5.51697],[-0.3277,5.50819]]]},"properties":{"region":"Greater Accra","district":"Ga West","floods_1m":1,"floods_2m":1,"floods_3m":1,"first_flood_m":1,"nests":true,"area_km2":2.016}},{"type":"Feature","geometry":{"type":"Polygon","coordinates":[[[0.75103,5.90193],[0.74165,5.90193],[0.74165,5.91619],[0.75109,5.91619],[0.75103,5.90193]]]},"properties":{"region":"Volta","district":"South Tongu","floods_1m":1,"floods_2m":1,"floods_3m":1,"first_flood_m":1,"nests":true,"area_km2":1.65}},{"type":"Feature","geometry":{"type":"Polygon","coordinates":[[[0.67036,6.01599],[0.6561,6.01599],[0.6561,6.03025],[0.67036,6.03025],[0.67036,6.01599]]]},"properties":{"region":"Volta","district":"South Tongu","floods_1m":1,"floods_2m":1,"floods_3m":1,"first_flood_m":1,"nests":true,"area_km2":2.5}},{"type":"Feature","geometry":{"type":"Polygon","coordinates":[[[-3.02246,5.07497],[-3.02847,5.07497],[-3.02847,5.07514],[-3.02986,5.07514],[-3.02986,5.07542],[-3.03069,5.07542],[-3.03069,5.0757],[-3.03292,5.0757],[-3.03292,5.07597],[-3.03403,5.07597],[-3.03403,5.07625],[-3.03431,5.07625],[-3.03431,5.07653],[-3.03542,5.07653],[-3.03542,5.07681],[-3.03653,5.07681],[-3.03653,5.07708],[-3.03671,5.07708],[-3.03671,5.08923],[-3.02246,5.08923],[-3.02246,5.07497]]]},"properties":{"region":"Western","district":"Jomoro","floods_1m":1,"floods_2m":1,"floods_3m":1,"first_flood_m":1,"nests":true,"area_km2":2.406}},{"type":"Feature","geometry":{"type":"Polygon","coordinates":[[[0.6561,5.90193],[0.64185,5.90193],[0.64185,5.91619],[0.6561,5.91619],[0.6561,5.90193]]]},"properties":{"region":"Volta","district":"South Tongu","floods_1m":1,"floods_2m":1,"floods_3m":1,"first_flood_m":1,"nests":true,"area_km2":2.499}},{"type":"Feature","geometry":{"type":"Polygon","coordinates":[[[0.69888,5.85916],[0.68462,5.85916],[0.68462,5.87341],[0.69888,5.87341],[0.69888,5.85916]]]},"properties":{"region":"Volta","district":"South Tongu","floods_1m":1,"floods_2m":1,"floods_3m":1,"first_flood_m":1,"nests":true,"area_km2":2.499}},{"type":"Feature","geometry":{"type":"Polygon","coordinates":[[[0.71314,5.97686],[0.71314,5.97322],[0.69888,5.97322],[0.69888,5.98748],[0.71096,5.98748],[0.71084,5.98552],[0.71108,5.98245],[0.71182,5.97952],[0.71308,5.97695],[0.71314,5.97686]]]},"properties":{"region":"Volta","district":"South Tongu","floods_1m":1,"floods_2m":1,"floods_3m":1,"first_flood_m":1,"nests":true,"area_km2":2.282}},{"type":"Feature","geometry":{"type":"Polygon","coordinates":[[[0.69888,5.83064],[0.68462,5.83064],[0.68462,5.8449],[0.69888,5.8449],[0.69888,5.83064]]]},"properties":{"region":"Volta","district":"South Tongu","floods_1m":1,"floods_2m":1,"floods_3m":1,"first_flood_m":1,"nests":true,"area_km2":2.501}},{"type":"Feature","geometry":{"type":"Polygon","coordinates":[[[0.72739,5.88767],[0.71314,5.88767],[0.71314,5.90193],[0.72739,5.90193],[0.72739,5.88767]]]},"properties":{"region":"Volta","district":"South Tongu","floods_1m":1,"floods_2m":1,"floods_3m":1,"first_flood_m":1,"nests":true,"area_km2":2.499}},{"type":"Feature","geometry":{"type":"Polygon","coordinates":[[[0.67036,6.00174],[0.6561,6.00174],[0.6561,6.01599],[0.67036,6.01599],[0.67036,6.00174]]]},"properties":{"region":"Volta","district":"South Tongu","floods_1m":1,"floods_2m":1,"floods_3m":1,"first_flood_m":1,"nests":true,"area_km2":2.499}},{"type":"Feature","geometry":{"type":"Polygon","coordinates":[[[0.6561,5.91619],[0.64185,5.91619],[0.64185,5.93045],[0.6561,5.93045],[0.6561,5.91619]]]},"properties":{"region":"Volta","district":"South Tongu","floods_1m":1,"floods_2m":1,"floods_3m":1,"first_flood_m":1,"nests":true,"area_km2":2.499}},{"type":"Feature","geometry":{"type":"Polygon","coordinates":[[[0.72739,5.86335],[0.72739,5.87341],[0.73866,5.87341],[0.73818,5.87318],[0.7354,5.87142],[0.73035,5.86703],[0.72739,5.86335]]]},"properties":{"region":"Volta","district":"South Tongu","floods_1m":1,"floods_2m":1,"floods_3m":1,"first_flood_m":1,"nests":true,"area_km2":0.598}},{"type":"Feature","geometry":{"type":"Polygon","coordinates":[[[0.71314,6.01599],[0.69888,6.01599],[0.69888,6.03025],[0.71314,6.03025],[0.71314,6.01599]]]},"properties":{"region":"Volta","district":"South Tongu","floods_1m":1,"floods_2m":1,"floods_3m":1,"first_flood_m":1,"nests":true,"area_km2":2.5}},{"type":"Feature","geometry":{"type":"Polygon","coordinates":[[[0.5563,6.01599],[0.55622,6.01599],[0.5563,6.01613],[0.5563,6.01599]]]},"properties":{"region":"Volta","district":"South Tongu","floods_1m":0,"floods_2m":1,"floods_3m":1,"first_flood_m":2,"nests":true,"area_km2":0.0}},{"type":"Feature","geometry":{"type":"Polygon","coordinates":[[[0.6561,5.85916],[0.64185,5.85916],[0.64185,5.87341],[0.6561,5.87341],[0.6561,5.85916]]]},"properties":{"region":"Volta","district":"South Tongu","floods_1m":1,"floods_2m":1,"floods_3m":1,"first_flood_m":1,"nests":true,"area_km2":2.498}},{"type":"Feature","geometry":{"type":"Polygon","coordinates":[[[-0.31344,5.51069],[-0.31347,5.51069],[-0.31347,5.51097],[-0.31514,5.51097],[-0.31514,5.51069],[-0.31653,5.51069],[-0.31653,5.51042],[-0.31847,5.51042],[-0.31847,5.51014],[-0.31903,5.51014],[-0.31903,5.50986],[-0.31931,5.50986],[-0.31931,5.50958],[-0.31958,5.50958],[-0.31958,5.50931],[-0.31986,5.50931],[-0.31986,5.50903],[-0.32014,5.50903],[-0.32014,5.50931],[-0.32042,5.50931],[-0.32042,5.50958],[-0.32542,5.50958],[-0.32542,5.50931],[-0.3257,5.50931],[-0.3257,5.50903],[-0.32597,5.50903],[-0.32597,5.50875],[-0.32736,5.50875],[-0.32736,5.50847],[-0.32764,5.50847],[-0.32764,5.50819],[-0.3277,5.50819],[-0.3277,5.51697],[-0.31344,5.51697],[-0.31344,5.51069]]]},"properties":{"region":"Greater Accra","district":"Ga West","floods_1m":1,"floods_2m":1,"floods_3m":1,"first_flood_m":1,"nests":true,"area_km2":1.25}},{"type":"Feature","geometry":{"type":"Polygon","coordinates":[[[0.68462,5.81638],[0.67536,5.81638],[0.6726,5.81705],[0.67036,5.81816],[0.67036,5.83064],[0.68462,5.83064],[0.68462,5.81638]]]},"properties":{"region":"Volta","district":"South Tongu","floods_1m":1,"floods_2m":1,"floods_3m":1,"first_flood_m":1,"nests":true,"area_km2":2.456}},{"type":"Feature","geometry":{"type":"Polygon","coordinates":[[[0.62759,5.90193],[0.61333,5.90193],[0.61333,5.91619],[0.62759,5.91619],[0.62759,5.90193]]]},"properties":{"region":"Volta","district":"South Tongu","floods_1m":1,"floods_2m":1,"floods_3m":1,"first_flood_m":1,"nests":true,"area_km2":2.501}},{"type":"Feature","geometry":{"type":"Polygon","coordinates":[[[-2.70878,5.01153],[-2.70903,5.01153],[-2.70903,5.01181],[-2.71014,5.01181],[-2.71014,5.01208],[-2.71125,5.01208],[-2.71125,5.01236],[-2.71319,5.01236],[-2.71319,5.01264],[-2.71347,5.01264],[-2.71347,5.01292],[-2.71403,5.01292],[-2.71403,5.0132],[-2.71597,5.0132],[-2.71597,5.01347],[-2.71792,5.01347],[-2.71792,5.01375],[-2.71958,5.01375],[-2.71958,5.01347],[-2.71986,5.01347],[-2.71986,5.0132],[-2.72097,5.0132],[-2.72097,5.01347],[-2.72304,5.01347],[-2.72304,5.01794],[-2.70878,5.01794],[-2.70878,5.01153]]]},"properties":{"region":"Western","district":"Jomoro","floods_1m":1,"floods_2m":1,"floods_3m":1,"first_flood_m":1,"nests":true,"area_km2":0.87}},{"type":"Feature","geometry":{"type":"Polygon","coordinates":[[[0.69888,5.88767],[0.68462,5.88767],[0.68462,5.90193],[0.69888,5.90193],[0.69888,5.88767]]]},"properties":{"region":"Volta","district":"South Tongu","floods_1m":1,"floods_2m":1,"floods_3m":1,"first_flood_m":1,"nests":true,"area_km2":2.501}},{"type":"Feature","geometry":{"type":"Polygon","coordinates":[[[-0.78395,5.23569],[-0.78514,5.23569],[-0.78514,5.23542],[-0.7857,5.23542],[-0.7857,5.23514],[-0.78597,5.23514],[-0.78597,5.23486],[-0.7868,5.23486],[-0.7868,5.23458],[-0.78736,5.23458],[-0.78736,5.2343],[-0.78792,5.2343],[-0.78792,5.23403],[-0.7882,5.23403],[-0.7882,5.23375],[-0.78847,5.23375],[-0.78847,5.23347],[-0.78875,5.23347],[-0.78875,5.23319],[-0.78903,5.23319],[-0.78903,5.23292],[-0.78958,5.23292],[-0.78958,5.23264],[-0.78986,5.23264],[-0.78986,5.23236],[-0.79014,5.23236],[-0.79014,5.23181],[-0.79821,5.23181],[-0.79821,5.24606],[-0.78395,5.24606],[-0.78395,5.23569]]]},"properties":{"region":"Central","district":"Gomoa","floods_1m":1,"floods_2m":1,"floods_3m":1,"first_flood_m":1,"nests":true,"area_km2":2.305}},{"type":"Feature","geometry":{"type":"Polygon","coordinates":[[[0.72275,5.95896],[0.71314,5.95896],[0.71314,5.97322],[0.71528,5.97322],[0.71603,5.97195],[0.71838,5.96634],[0.72275,5.95896]]]},"properties":{"region":"Volta","district":"South Tongu","floods_1m":1,"floods_2m":1,"floods_3m":1,"first_flood_m":1,"nests":true,"area_km2":0.994}},{"type":"Feature","geometry":{"type":"Polygon","coordinates":[[[-0.65563,5.34587],[-0.66989,5.34587],[-0.66989,5.36013],[-0.65563,5.36013],[-0.65563,5.34587]]]},"properties":{"region":"Central","district":"Gomoa","floods_1m":1,"floods_2m":1,"floods_3m":1,"first_flood_m":1,"nests":true,"area_km2":2.503}},{"type":"Feature","geometry":{"type":"Polygon","coordinates":[[[0.74165,6.05877],[0.72739,6.05877],[0.72739,6.07303],[0.74165,6.07303],[0.74165,6.05877]]]},"properties":{"region":"Volta","district":"South Tongu","floods_1m":1,"floods_2m":1,"floods_3m":1,"first_flood_m":1,"nests":true,"area_km2":2.5}},{"type":"Feature","geometry":{"type":"Polygon","coordinates":[[[0.72739,5.91619],[0.71314,5.91619],[0.71314,5.93045],[0.72739,5.93045],[0.72739,5.91619]]]},"properties":{"region":"Volta","district":"South Tongu","floods_1m":1,"floods_2m":1,"floods_3m":1,"first_flood_m":1,"nests":true,"area_km2":2.499}},{"type":"Feature","geometry":{"type":"Polygon","coordinates":[[[-2.26678,4.89125],[-2.2668,4.89125],[-2.2668,4.89097],[-2.26754,4.89097],[-2.26847,4.89097],[-2.26847,4.89069],[-2.26875,4.89069],[-2.26875,4.89042],[-2.26903,4.89042],[-2.26903,4.89014],[-2.2693,4.89014],[-2.2693,4.89042],[-2.26986,4.89042],[-2.26986,4.89181],[-2.26958,4.89181],[-2.26958,4.89375],[-2.2693,4.89375],[-2.2693,4.89514],[-2.26903,4.89514],[-2.26903,4.89597],[-2.26875,4.89597],[-2.26875,4.89681],[-2.26847,4.89681],[-2.26847,4.89792],[-2.26835,4.89792],[-2.26819,4.89792],[-2.26819,4.89847],[-2.26792,4.89847],[-2.26792,4.8993],[-2.26764,4.8993],[-2.26764,4.89986],[-2.26736,4.89986],[-2.26736,4.90069],[-2.26764,4.90069],[-2.26764,4.90097],[-2.26792,4.90097],[-2.26792,4.90153],[-2.26819,4.90153],[-2.26819,4.9018],[-2.26847,4.9018],[-2.26847,4.90208],[-2.26875,4.90208],[-2.26875,4.90292],[-2.26986,4.90292],[-2.26986,4.90042],[-2.27014,4.90042],[-2.27014,4.90014],[-2.27042,4.90014],[-2.27042,4.89986],[-2.27097,4.89986],[-2.27097,4.89958],[-2.27142,4.89958],[-2.27292,4.89958],[-2.27292,4.89986],[-2.27347,4.89986],[-2.27347,4.90014],[-2.27458,4.90014],[-2.27458,4.90042],[-2.27514,4.90042],[-2.27514,4.90069],[-2.27569,4.90069],[-2.27569,4.90097],[-2.27597,4.90097],[-2.27598,4.90122],[-2.27625,4.90125],[-2.27625,4.90153],[-2.27681,4.90153],[-2.27681,4.9018],[-2.27738,4.90181],[-2.27736,4.90208],[-2.27792,4.90208],[-2.27792,4.90236],[-2.27819,4.90236],[-2.27819,4.90264],[-2.27875,4.90264],[-2.27875,4.90292],[-2.27903,4.90292],[-2.27903,4.90319],[-2.27958,4.90319],[-2.27958,4.90347],[-2.28014,4.90347],[-2.28014,4.90375],[-2.28104,4.90375],[-2.28104,4.90387],[-2.26678,4.90387],[-2.26678,4.89125]]]},"properties":{"region":"Western","district":"Nzema East","floods_1m":1,"floods_2m":1,"floods_3m":1,"first_flood_m":1,"nests":true,"area_km2":0.694}},{"type":"Feature","geometry":{"type":"Polygon","coordinates":[[[0.6561,5.82298],[0.65572,5.82308],[0.65133,5.82487],[0.64703,5.82763],[0.64315,5.83064],[0.6561,5.83064],[0.6561,5.82298]]]},"properties":{"region":"Volta","district":"South Tongu","floods_1m":1,"floods_2m":1,"floods_3m":1,"first_flood_m":1,"nests":true,"area_km2":0.699}},{"type":"Feature","geometry":{"type":"Polygon","coordinates":[[[-2.49491,4.98942],[-2.50917,4.98942],[-2.50917,5.00368],[-2.49491,5.00368],[-2.49491,4.98942]]]},"properties":{"region":"Western","district":"Nzema East","floods_1m":1,"floods_2m":1,"floods_3m":1,"first_flood_m":1,"nests":true,"area_km2":2.505}},{"type":"Feature","geometry":{"type":"Polygon","coordinates":[[[0.72739,5.87341],[0.71314,5.87341],[0.71314,5.88767],[0.72739,5.88767],[0.72739,5.87341]]]},"properties":{"region":"Volta","district":"South Tongu","floods_1m":1,"floods_2m":1,"floods_3m":1,"first_flood_m":1,"nests":true,"area_km2":2.499}},{"type":"Feature","geometry":{"type":"Polygon","coordinates":[[[0.58481,6.03025],[0.57056,6.03025],[0.57056,6.04451],[0.58481,6.04451],[0.58481,6.03025]]]},"properties":{"region":"Volta","district":"South Tongu","floods_1m":1,"floods_2m":1,"floods_3m":1,"first_flood_m":1,"nests":true,"area_km2":2.499}},{"type":"Feature","geometry":{"type":"Polygon","coordinates":[[[-0.68415,5.31486],[-0.68431,5.31486],[-0.68431,5.31458],[-0.68486,5.31458],[-0.68486,5.3143],[-0.68597,5.3143],[-0.68597,5.31403],[-0.68681,5.31403],[-0.68681,5.31375],[-0.68792,5.31375],[-0.68792,5.31347],[-0.68903,5.31347],[-0.68903,5.3132],[-0.68958,5.3132],[-0.68958,5.31292],[-0.69097,5.31292],[-0.69097,5.31264],[-0.69208,5.31264],[-0.69208,5.31236],[-0.69292,5.31236],[-0.69292,5.31208],[-0.69458,5.31208],[-0.69458,5.3118],[-0.69542,5.3118],[-0.69542,5.31153],[-0.69569,5.31153],[-0.69569,5.31125],[-0.69625,5.31125],[-0.69625,5.31097],[-0.6968,5.31097],[-0.69681,5.3107],[-0.69708,5.3107],[-0.69708,5.31042],[-0.69736,5.31042],[-0.69736,5.31014],[-0.69764,5.31014],[-0.69764,5.30986],[-0.69792,5.30986],[-0.69792,5.30958],[-0.6984,5.30958],[-0.6984,5.31735],[-0.68415,5.31735],[-0.68415,5.31486]]]},"properties":{"region":"Central","district":"Gomoa","floods_1m":1,"floods_2m":1,"floods_3m":1,"first_flood_m":1,"nests":true,"area_km2":0.835}},{"type":"Feature","geometry":{"type":"Polygon","coordinates":[[[0.6561,5.98748],[0.64185,5.98748],[0.64185,6.00174],[0.6561,6.00174],[0.6561,5.98748]]]},"properties":{"region":"Volta","district":"South Tongu","floods_1m":1,"floods_2m":1,"floods_3m":1,"first_flood_m":1,"nests":true,"area_km2":2.499}},{"type":"Feature","geometry":{"type":"Polygon","coordinates":[[[0.67036,5.97322],[0.6561,5.97322],[0.6561,5.98748],[0.67036,5.98748],[0.67036,5.97322]]]},"properties":{"region":"Volta","district":"South Tongu","floods_1m":1,"floods_2m":1,"floods_3m":1,"first_flood_m":1,"nests":true,"area_km2":2.501}},{"type":"Feature","geometry":{"type":"Polygon","coordinates":[[[-0.28812,5.51597],[-0.28847,5.51597],[-0.28847,5.51569],[-0.28958,5.51569],[-0.28958,5.51542],[-0.29069,5.51542],[-0.29069,5.51514],[-0.29153,5.51514],[-0.29153,5.51486],[-0.29181,5.51486],[-0.29181,5.51458],[-0.2932,5.51458],[-0.2932,5.51431],[-0.29403,5.51431],[-0.29403,5.51403],[-0.29514,5.51403],[-0.29514,5.51375],[-0.2968,5.51375],[-0.2968,5.51347],[-0.29764,5.51347],[-0.29764,5.51319],[-0.29903,5.51319],[-0.29903,5.51292],[-0.29918,5.51292],[-0.29918,5.51697],[-0.28819,5.51697],[-0.28812,5.51597]]]},"properties":{"region":"Greater Accra","district":"Ga West","floods_1m":1,"floods_2m":1,"floods_3m":1,"first_flood_m":1,"nests":true,"area_km2":0.351}},{"type":"Feature","geometry":{"type":"Polygon","coordinates":[[[0.61333,6.04451],[0.59907,6.04451],[0.59907,6.05877],[0.61333,6.05877],[0.61333,6.04451]]]},"properties":{"region":"Volta","district":"South Tongu","floods_1m":1,"floods_2m":1,"floods_3m":1,"first_flood_m":1,"nests":true,"area_km2":2.5}},{"type":"Feature","geometry":{"type":"Polygon","coordinates":[[[-2.18123,4.90387],[-2.19549,4.90387],[-2.19549,4.91813],[-2.18123,4.91813],[-2.18123,4.90387]]]},"properties":{"region":"Western","district":"Nzema East","floods_1m":1,"floods_2m":1,"floods_3m":1,"first_flood_m":1,"nests":true,"area_km2":2.505}},{"type":"Feature","geometry":{"type":"Polygon","coordinates":[[[0.69888,6.01599],[0.68462,6.01599],[0.68462,6.03025],[0.69888,6.03025],[0.69888,6.01599]]]},"properties":{"region":"Volta","district":"South Tongu","floods_1m":0,"floods_2m":1,"floods_3m":1,"first_flood_m":2,"nests":true,"area_km2":2.5}},{"type":"Feature","geometry":{"type":"Polygon","coordinates":[[[-2.36659,4.94665],[-2.38085,4.94665],[-2.38085,4.9609],[-2.36659,4.9609],[-2.36659,4.94665]]]},"properties":{"region":"Western","district":"Nzema East","floods_1m":1,"floods_2m":1,"floods_3m":1,"first_flood_m":1,"nests":true,"area_km2":2.503}},{"type":"Feature","geometry":{"type":"MultiPolygon","coordinates":[[[[-0.64542,5.33161],[-0.6443,5.33161],[-0.6443,5.33069],[-0.64458,5.33069],[-0.64458,5.33042],[-0.64486,5.33042],[-0.64486,5.33014],[-0.64514,5.33014],[-0.64514,5.32986],[-0.64542,5.32986],[-0.64542,5.32958],[-0.64625,5.32958],[-0.64625,5.32986],[-0.64764,5.32986],[-0.64764,5.33042],[-0.64736,5.33042],[-0.64736,5.33069],[-0.64708,5.33069],[-0.64708,5.33097],[-0.64653,5.33097],[-0.64653,5.33125],[-0.64597,5.33125],[-0.64597,5.33097],[-0.64569,5.33097],[-0.64569,5.33069],[-0.64542,5.33069],[-0.64542,5.33097],[-0.64514,5.33097],[-0.64514,5.33153],[-0.64542,5.33153],[-0.64542,5.33161]]],[[[-0.65563,5.32625],[-0.65563,5.33161],[-0.64708,5.33161],[-0.64708,5.33153],[-0.64736,5.33153],[-0.64736,5.33125],[-0.64764,5.33125],[-0.64764,5.33097],[-0.64792,5.33097],[-0.64792,5.33069],[-0.6482,5.33069],[-0.6482,5.33042],[-0.6493,5.33042],[-0.6493,5.32986],[-0.64958,5.32986],[-0.64958,5.32958],[-0.65125,5.32958],[-0.65125,5.32931],[-0.65153,5.32931],[-0.65153,5.32903],[-0.6518,5.32903],[-0.6518,5.32875],[-0.65208,5.32875],[-0.65208,5.32847],[-0.65236,5.32847],[-0.65236,5.32819],[-0.65292,5.32819],[-0.65292,5.32792],[-0.6532,5.32792],[-0.6532,5.32764],[-0.65347,5.32764],[-0.65347,5.32736],[-0.65375,5.32736],[-0.65375,5.32708],[-0.65458,5.32708],[-0.65458,5.32681],[-0.65514,5.32681],[-0.65514,5.32653],[-0.65542,5.32653],[-0.65542,5.32625],[-0.65563,5.32625]]],[[[-0.65097,5.32708],[-0.65208,5.32708],[-0.65208,5.32792],[-0.65153,5.32792],[-0.65153,5.32819],[-0.65125,5.32819],[-0.65125,5.32847],[-0.65097,5.32847],[-0.65097,5.32875],[-0.64986,5.32875],[-0.64986,5.32792],[-0.65014,5.32792],[-0.65014,5.32764],[-0.65042,5.32764],[-0.65042,5.32736],[-0.65097,5.32736],[-0.65097,5.32708]]]]},"properties":{"region":"Central","district":"Gomoa","floods_1m":1,"floods_2m":1,"floods_3m":1,"first_flood_m":1,"nests":true,"area_km2":0.361}},{"type":"Feature","geometry":{"type":"Polygon","coordinates":[[[0.69888,5.90193],[0.68462,5.90193],[0.68462,5.91619],[0.69888,5.91619],[0.69888,5.90193]]]},"properties":{"region":"Volta","district":"South Tongu","floods_1m":1,"floods_2m":1,"floods_3m":1,"first_flood_m":1,"nests":true,"area_km2":2.501}},{"type":"Feature","geometry":{"type":"Polygon","coordinates":[[[0.58481,5.97322],[0.57056,5.97322],[0.57056,5.98748],[0.58481,5.98748],[0.58481,5.97322]]]},"properties":{"region":"Volta","district":"South Tongu","floods_1m":1,"floods_2m":1,"floods_3m":1,"first_flood_m":1,"nests":true,"area_km2":2.499}},{"type":"Feature","geometry":{"type":"Polygon","coordinates":[[[0.67036,5.83064],[0.6561,5.83064],[0.6561,5.8449],[0.67036,5.8449],[0.67036,5.83064]]]},"properties":{"region":"Volta","district":"South Tongu","floods_1m":1,"floods_2m":1,"floods_3m":1,"first_flood_m":1,"nests":true,"area_km2":2.501}},{"type":"Feature","geometry":{"type":"Polygon","coordinates":[[[0.62759,5.9447],[0.61333,5.9447],[0.61333,5.95896],[0.62759,5.95896],[0.62759,5.9447]]]},"properties":{"region":"Volta","district":"South Tongu","floods_1m":1,"floods_2m":1,"floods_3m":1,"first_flood_m":1,"nests":true,"area_km2":2.501}},{"type":"Feature","geometry":{"type":"Polygon","coordinates":[[[-0.31344,5.53122],[-0.3277,5.53122],[-0.3277,5.54548],[-0.31344,5.54548],[-0.31344,5.53122]]]},"properties":{"region":"Greater Accra","district":"Ga West","floods_1m":1,"floods_2m":1,"floods_3m":1,"first_flood_m":1,"nests":true,"area_km2":2.503}},{"type":"Feature","geometry":{"type":"Polygon","coordinates":[[[0.74165,5.87489],[0.74165,5.88767],[0.75058,5.88767],[0.75057,5.88757],[0.74993,5.88449],[0.74864,5.88133],[0.74676,5.87856],[0.74528,5.87708],[0.74359,5.87584],[0.74165,5.87489]]]},"properties":{"region":"Volta","district":"South Tongu","floods_1m":1,"floods_2m":1,"floods_3m":1,"first_flood_m":1,"nests":true,"area_km2":0.973}},{"type":"Feature","geometry":{"type":"Polygon","coordinates":[[[0.62759,5.85916],[0.61936,5.85916],[0.61843,5.86446],[0.6176,5.86739],[0.61457,5.87341],[0.62759,5.87341],[0.62759,5.85916]]]},"properties":{"region":"Volta","district":"South Tongu","floods_1m":1,"floods_2m":1,"floods_3m":1,"first_flood_m":1,"nests":true,"area_km2":1.764}},{"type":"Feature","geometry":{"type":"Polygon","coordinates":[[[-0.72692,5.29792],[-0.72692,5.3031],[-0.71681,5.3031],[-0.71681,5.30292],[-0.71736,5.30292],[-0.71736,5.30264],[-0.71819,5.30264],[-0.71819,5.30236],[-0.71875,5.30236],[-0.71875,5.30208],[-0.71958,5.30208],[-0.71958,5.30181],[-0.72042,5.30181],[-0.72042,5.30153],[-0.72125,5.30153],[-0.72125,5.30125],[-0.72208,5.30125],[-0.72208,5.30097],[-0.72236,5.30097],[-0.72236,5.30069],[-0.72292,5.30069],[-0.72292,5.30042],[-0.72319,5.30042],[-0.72319,5.30014],[-0.72347,5.30014],[-0.72347,5.29986],[-0.72403,5.29986],[-0.72403,5.29958],[-0.72458,5.29958],[-0.72458,5.29931],[-0.72514,5.29931],[-0.72514,5.29903],[-0.72597,5.29903],[-0.72597,5.29875],[-0.72625,5.29875],[-0.72625,5.29847],[-0.72653,5.29847],[-0.72653,5.29819],[-0.7268,5.29819],[-0.7268,5.29792],[-0.72692,5.29792]]]},"properties":{"region":"Central","district":"Gomoa","floods_1m":1,"floods_2m":1,"floods_3m":1,"first_flood_m":1,"nests":true,"area_km2":0.282}},{"type":"Feature","geometry":{"type":"Polygon","coordinates":[[[0.6561,5.95896],[0.64185,5.95896],[0.64185,5.97322],[0.6561,5.97322],[0.6561,5.95896]]]},"properties":{"region":"Volta","district":"South Tongu","floods_1m":1,"floods_2m":1,"floods_3m":1,"first_flood_m":1,"nests":true,"area_km2":2.499}},{"type":"Feature","geometry":{"type":"Polygon","coordinates":[[[0.69888,5.95896],[0.68462,5.95896],[0.68462,5.97322],[0.69888,5.97322],[0.69888,5.95896]]]},"properties":{"region":"Volta","district":"South Tongu","floods_1m":1,"floods_2m":1,"floods_3m":1,"first_flood_m":1,"nests":true,"area_km2":2.501}},{"type":"Feature","geometry":{"type":"Polygon","coordinates":[[[0.67036,5.88767],[0.6561,5.88767],[0.6561,5.90193],[0.67036,5.90193],[0.67036,5.88767]]]},"properties":{"region":"Volta","district":"South Tongu","floods_1m":1,"floods_2m":1,"floods_3m":1,"first_flood_m":1,"nests":true,"area_km2":2.501}},{"type":"Feature","geometry":{"type":"Polygon","coordinates":[[[-0.75544,5.26014],[-0.75544,5.25847],[-0.75569,5.25847],[-0.75569,5.25819],[-0.75597,5.25819],[-0.75597,5.25764],[-0.75625,5.25764],[-0.75625,5.25736],[-0.75653,5.25736],[-0.75653,5.25708],[-0.75681,5.25708],[-0.75681,5.2568],[-0.75708,5.2568],[-0.75708,5.25653],[-0.75736,5.25653],[-0.75736,5.25625],[-0.75764,5.25625],[-0.75764,5.25569],[-0.75792,5.25569],[-0.75792,5.25542],[-0.75819,5.25542],[-0.75819,5.25514],[-0.75847,5.25514],[-0.75847,5.25458],[-0.75875,5.25458],[-0.75875,5.2543],[-0.75931,5.2543],[-0.75931,5.25403],[-0.75958,5.25403],[-0.75958,5.25375],[-0.75986,5.25375],[-0.75986,5.25347],[-0.76014,5.25347],[-0.76014,5.25319],[-0.76042,5.25319],[-0.76042,5.25292],[-0.76097,5.25292],[-0.76097,5.25264],[-0.76208,5.25264],[-0.76208,5.25236],[-0.76264,5.25236],[-0.76264,5.25208],[-0.76292,5.25208],[-0.76292,5.25181],[-0.76403,5.25181],[-0.76403,5.25153],[-0.76514,5.25153],[-0.76514,5.25125],[-0.76681,5.25125],[-0.76681,5.25097],[-0.76736,5.25097],[-0.76736,5.2507],[-0.76792,5.2507],[-0.76792,5.25042],[-0.76904,5.25044],[-0.76903,5.25014],[-0.7696,5.25014],[-0.76969,5.25014],[-0.76969,5.26032],[-0.75569,5.26032],[-0.75569,5.26014],[-0.75544,5.26014]]]},"properties":{"region":"Central","district":"Gomoa","floods_1m":1,"floods_2m":1,"floods_3m":1,"first_flood_m":1,"nests":true,"area_km2":1.294}},{"type":"Feature","geometry":{"type":"Polygon","coordinates":[[[0.54204,5.98176],[0.54005,5.98292],[0.54185,5.98748],[0.54204,5.98748],[0.54204,5.98176]]]},"properties":{"region":"Volta","district":"South Tongu","floods_1m":1,"floods_2m":1,"floods_3m":1,"first_flood_m":1,"nests":true,"area_km2":0.075}},{"type":"Feature","geometry":{"type":"Polygon","coordinates":[[[-0.31344,5.55974],[-0.3277,5.55974],[-0.3277,5.574],[-0.31344,5.574],[-0.31344,5.55974]]]},"properties":{"region":"Greater Accra","district":"Ga West","floods_1m":0,"floods_2m":0,"floods_3m":1,"first_flood_m":3,"nests":true,"area_km2":2.502}},{"type":"Feature","geometry":{"type":"Polygon","coordinates":[[[0.6561,5.9447],[0.64185,5.9447],[0.64185,5.95896],[0.6561,5.95896],[0.6561,5.9447]]]},"properties":{"region":"Volta","district":"South Tongu","floods_1m":1,"floods_2m":1,"floods_3m":1,"first_flood_m":1,"nests":true,"area_km2":2.499}},{"type":"Feature","geometry":{"type":"Polygon","coordinates":[[[0.61333,5.91619],[0.60266,5.91619],[0.60017,5.92074],[0.59907,5.9234],[0.59907,5.93045],[0.61333,5.93045],[0.61333,5.91619]]]},"properties":{"region":"Volta","district":"South Tongu","floods_1m":1,"floods_2m":1,"floods_3m":1,"first_flood_m":1,"nests":true,"area_km2":2.352}},{"type":"Feature","geometry":{"type":"Polygon","coordinates":[[[0.71314,5.85916],[0.69888,5.85916],[0.69888,5.87341],[0.71314,5.87341],[0.71314,5.85916]]]},"properties":{"region":"Volta","district":"South Tongu","floods_1m":1,"floods_2m":1,"floods_3m":1,"first_flood_m":1,"nests":true,"area_km2":2.499}},{"type":"Feature","geometry":{"type":"Polygon","coordinates":[[[-0.29918,5.51292],[-0.30042,5.51292],[-0.30042,5.51264],[-0.30236,5.51264],[-0.30236,5.51236],[-0.30375,5.51236],[-0.30375,5.51208],[-0.30542,5.51208],[-0.30542,5.51181],[-0.30597,5.51181],[-0.30597,5.51153],[-0.30847,5.51153],[-0.30847,5.51125],[-0.30903,5.51125],[-0.30903,5.51097],[-0.30931,5.51097],[-0.30931,5.51069],[-0.30986,5.51069],[-0.30986,5.51042],[-0.31014,5.51042],[-0.31014,5.51014],[-0.31181,5.51014],[-0.31181,5.50986],[-0.31264,5.50986],[-0.31264,5.51014],[-0.31292,5.51014],[-0.31292,5.51042],[-0.31319,5.51042],[-0.31319,5.51069],[-0.31344,5.51069],[-0.31344,5.51697],[-0.29918,5.51697],[-0.29918,5.51292]]]},"properties":{"region":"Greater Accra","district":"Ga West","floods_1m":1,"floods_2m":1,"floods_3m":1,"first_flood_m":1,"nests":true,"area_km2":0.95}},{"type":"Feature","geometry":{"type":"Polygon","coordinates":[[[0.59907,5.9234],[0.59786,5.92634],[0.59547,5.93045],[0.59907,5.93045],[0.59907,5.9234]]]},"properties":{"region":"Volta","district":"South Tongu","floods_1m":1,"floods_2m":1,"floods_3m":1,"first_flood_m":1,"nests":true,"area_km2":0.143}},{"type":"Feature","geometry":{"type":"Polygon","coordinates":[[[0.64185,5.93045],[0.62759,5.93045],[0.62759,5.9447],[0.64185,5.9447],[0.64185,5.93045]]]},"properties":{"region":"Volta","district":"South Tongu","floods_1m":1,"floods_2m":1,"floods_3m":1,"first_flood_m":1,"nests":true,"area_km2":2.499}},{"type":"Feature","geometry":{"type":"Polygon","coordinates":[[[0.74442,6.03025],[0.74218,6.02582],[0.74165,6.02507],[0.74165,6.03025],[0.74442,6.03025]]]},"properties":{"region":"Volta","district":"South Tongu","floods_1m":1,"floods_2m":1,"floods_3m":1,"first_flood_m":1,"nests":true,"area_km2":0.092}},{"type":"Feature","geometry":{"type":"Polygon","coordinates":[[[-2.50917,4.98942],[-2.52343,4.98942],[-2.52343,5.00368],[-2.50917,5.00368],[-2.50917,4.98942]]]},"properties":{"region":"Western","district":"Nzema East","floods_1m":1,"floods_2m":1,"floods_3m":1,"first_flood_m":1,"nests":true,"area_km2":2.505}},{"type":"Feature","geometry":{"type":"Polygon","coordinates":[[[0.6561,5.87341],[0.64185,5.87341],[0.64185,5.88767],[0.6561,5.88767],[0.6561,5.87341]]]},"properties":{"region":"Volta","district":"South Tongu","floods_1m":1,"floods_2m":1,"floods_3m":1,"first_flood_m":1,"nests":true,"area_km2":2.499}},{"type":"Feature","geometry":{"type":"Polygon","coordinates":[[[0.58481,6.01599],[0.57056,6.01599],[0.57056,6.03025],[0.58481,6.03025],[0.58481,6.01599]]]},"properties":{"region":"Volta","district":"South Tongu","floods_1m":1,"floods_2m":1,"floods_3m":1,"first_flood_m":1,"nests":true,"area_km2":2.499}},{"type":"Feature","geometry":{"type":"Polygon","coordinates":[[[0.61333,5.97322],[0.59907,5.97322],[0.59907,5.98748],[0.61333,5.98748],[0.61333,5.97322]]]},"properties":{"region":"Volta","district":"South Tongu","floods_1m":1,"floods_2m":1,"floods_3m":1,"first_flood_m":1,"nests":true,"area_km2":2.501}},{"type":"Feature","geometry":{"type":"Polygon","coordinates":[[[0.59907,5.95896],[0.58481,5.95896],[0.58481,5.97322],[0.59907,5.97322],[0.59907,5.95896]]]},"properties":{"region":"Volta","district":"South Tongu","floods_1m":1,"floods_2m":1,"floods_3m":1,"first_flood_m":1,"nests":true,"area_km2":2.501}},{"type":"Feature","geometry":{"type":"Polygon","coordinates":[[[-0.66989,5.34587],[-0.68415,5.34587],[-0.68415,5.36013],[-0.66989,5.36013],[-0.66989,5.34587]]]},"properties":{"region":"Central","district":"Gomoa","floods_1m":0,"floods_2m":1,"floods_3m":1,"first_flood_m":2,"nests":true,"area_km2":2.503}},{"type":"Feature","geometry":{"type":"Polygon","coordinates":[[[0.67036,5.91619],[0.6561,5.91619],[0.6561,5.93045],[0.67036,5.93045],[0.67036,5.91619]]]},"properties":{"region":"Volta","district":"South Tongu","floods_1m":1,"floods_2m":1,"floods_3m":1,"first_flood_m":1,"nests":true,"area_km2":2.501}},{"type":"Feature","geometry":{"type":"Polygon","coordinates":[[[0.6561,5.88767],[0.64185,5.88767],[0.64185,5.90193],[0.6561,5.90193],[0.6561,5.88767]]]},"properties":{"region":"Volta","district":"South Tongu","floods_1m":1,"floods_2m":1,"floods_3m":1,"first_flood_m":1,"nests":true,"area_km2":2.499}},{"type":"Feature","geometry":{"type":"Polygon","coordinates":[[[0.6561,6.00174],[0.64185,6.00174],[0.64185,6.01599],[0.6561,6.01599],[0.6561,6.00174]]]},"properties":{"region":"Volta","district":"South Tongu","floods_1m":1,"floods_2m":1,"floods_3m":1,"first_flood_m":1,"nests":true,"area_km2":2.497}},{"type":"Feature","geometry":{"type":"Polygon","coordinates":[[[0.58481,5.98748],[0.57056,5.98748],[0.57056,6.00174],[0.58481,6.00174],[0.58481,5.98748]]]},"properties":{"region":"Volta","district":"South Tongu","floods_1m":1,"floods_2m":1,"floods_3m":1,"first_flood_m":1,"nests":true,"area_km2":2.499}},{"type":"Feature","geometry":{"type":"Polygon","coordinates":[[[0.5563,6.00174],[0.54892,6.00174],[0.55116,6.00547],[0.55345,6.01119],[0.55622,6.01599],[0.5563,6.01599],[0.5563,6.00174]]]},"properties":{"region":"Volta","district":"South Tongu","floods_1m":1,"floods_2m":1,"floods_3m":1,"first_flood_m":1,"nests":true,"area_km2":0.655}},{"type":"Feature","geometry":{"type":"Polygon","coordinates":[[[0.64185,5.91619],[0.62759,5.91619],[0.62759,5.93045],[0.64185,5.93045],[0.64185,5.91619]]]},"properties":{"region":"Volta","district":"South Tongu","floods_1m":1,"floods_2m":1,"floods_3m":1,"first_flood_m":1,"nests":true,"area_km2":2.501}},{"type":"Feature","geometry":{"type":"Polygon","coordinates":[[[0.58481,5.95896],[0.57929,5.95896],[0.57542,5.96227],[0.57127,5.96472],[0.57056,5.96506],[0.57056,5.97322],[0.58481,5.97322],[0.58481,5.95896]]]},"properties":{"region":"Volta","district":"South Tongu","floods_1m":1,"floods_2m":1,"floods_3m":1,"first_flood_m":1,"nests":true,"area_km2":2.137}},{"type":"Feature","geometry":{"type":"Polygon","coordinates":[[[0.71314,5.88767],[0.69888,5.88767],[0.69888,5.90193],[0.71314,5.90193],[0.71314,5.88767]]]},"properties":{"region":"Volta","district":"South Tongu","floods_1m":1,"floods_2m":1,"floods_3m":1,"first_flood_m":1,"nests":true,"area_km2":2.501}},{"type":"Feature","geometry":{"type":"Polygon","coordinates":[[[0.69888,5.80368],[0.69683,5.80498],[0.68817,5.81184],[0.68462,5.8137],[0.68462,5.81638],[0.69888,5.81638],[0.69888,5.80368]]]},"properties":{"region":"Volta","district":"South Tongu","floods_1m":1,"floods_2m":1,"floods_3m":1,"first_flood_m":1,"nests":true,"area_km2":1.311}},{"type":"Feature","geometry":{"type":"Polygon","coordinates":[[[-2.49491,4.97516],[-2.50917,4.97516],[-2.50917,4.98942],[-2.49491,4.98942],[-2.49491,4.97516]]]},"properties":{"region":"Western","district":"Nzema East","floods_1m":0,"floods_2m":1,"floods_3m":1,"first_flood_m":2,"nests":true,"area_km2":2.505}},{"type":"Feature","geometry":{"type":"Polygon","coordinates":[[[0.74165,6.03025],[0.72739,6.03025],[0.72739,6.04451],[0.74165,6.04451],[0.74165,6.03025]]]},"properties":{"region":"Volta","district":"South Tongu","floods_1m":1,"floods_2m":1,"floods_3m":1,"first_flood_m":1,"nests":true,"area_km2":2.5}},{"type":"Feature","geometry":{"type":"Polygon","coordinates":[[[-0.04254,5.63103],[-0.05679,5.63103],[-0.05679,5.64529],[-0.04254,5.64529],[-0.04254,5.63103]]]},"properties":{"region":"Greater Accra","district":"Tema","floods_1m":0,"floods_2m":1,"floods_3m":1,"first_flood_m":2,"nests":true,"area_km2":2.5}},{"type":"Feature","geometry":{"type":"Polygon","coordinates":[[[0.68462,5.95896],[0.67036,5.95896],[0.67036,5.97322],[0.68462,5.97322],[0.68462,5.95896]]]},"properties":{"region":"Volta","district":"South Tongu","floods_1m":1,"floods_2m":1,"floods_3m":1,"first_flood_m":1,"nests":true,"area_km2":2.501}},{"type":"Feature","geometry":{"type":"Polygon","coordinates":[[[0.64185,5.85916],[0.62759,5.85916],[0.62759,5.87341],[0.64185,5.87341],[0.64185,5.85916]]]},"properties":{"region":"Volta","district":"South Tongu","floods_1m":1,"floods_2m":1,"floods_3m":1,"first_flood_m":1,"nests":true,"area_km2":2.499}},{"type":"Feature","geometry":{"type":"Polygon","coordinates":[[[0.58481,6.00174],[0.57056,6.00174],[0.57056,6.01599],[0.58481,6.01599],[0.58481,6.00174]]]},"properties":{"region":"Volta","district":"South Tongu","floods_1m":1,"floods_2m":1,"floods_3m":1,"first_flood_m":1,"nests":true,"area_km2":2.497}},{"type":"Feature","geometry":{"type":"Polygon","coordinates":[[[0.68462,5.88767],[0.67036,5.88767],[0.67036,5.90193],[0.68462,5.90193],[0.68462,5.88767]]]},"properties":{"region":"Volta","district":"South Tongu","floods_1m":1,"floods_2m":1,"floods_3m":1,"first_flood_m":1,"nests":true,"area_km2":2.501}},{"type":"Feature","geometry":{"type":"Polygon","coordinates":[[[0.64185,5.97322],[0.62759,5.97322],[0.62759,5.98748],[0.64185,5.98748],[0.64185,5.97322]]]},"properties":{"region":"Volta","district":"South Tongu","floods_1m":1,"floods_2m":1,"floods_3m":1,"first_flood_m":1,"nests":true,"area_km2":2.501}},{"type":"Feature","geometry":{"type":"Polygon","coordinates":[[[-0.07105,5.59292],[-0.07105,5.60251],[-0.06153,5.60251],[-0.06153,5.60208],[-0.0618,5.60208],[-0.0618,5.60181],[-0.06208,5.60181],[-0.06208,5.60097],[-0.06236,5.60097],[-0.06236,5.60042],[-0.06264,5.60042],[-0.06264,5.59958],[-0.06292,5.59958],[-0.06292,5.59931],[-0.06403,5.59931],[-0.06403,5.59903],[-0.06458,5.59903],[-0.06458,5.59875],[-0.06542,5.59875],[-0.06542,5.59847],[-0.06625,5.59847],[-0.06625,5.59819],[-0.06653,5.59819],[-0.06653,5.59792],[-0.06708,5.59792],[-0.06708,5.59764],[-0.06736,5.59764],[-0.06736,5.59708],[-0.06792,5.59708],[-0.06792,5.59681],[-0.06847,5.59681],[-0.06847,5.59653],[-0.06875,5.59653],[-0.06875,5.59625],[-0.06903,5.59625],[-0.06903,5.59597],[-0.06931,5.59597],[-0.06931,5.59542],[-0.06958,5.59542],[-0.06958,5.59486],[-0.07014,5.59486],[-0.07014,5.59458],[-0.07042,5.59458],[-0.07042,5.59431],[-0.07069,5.59431],[-0.07069,5.59319],[-0.07097,5.59319],[-0.07097,5.59292],[-0.07105,5.59292]]]},"properties":{"region":"Greater Accra","district":"Tema","floods_1m":1,"floods_2m":1,"floods_3m":1,"first_flood_m":1,"nests":true,"area_km2":0.55}},{"type":"Feature","geometry":{"type":"Polygon","coordinates":[[[0.68462,5.9447],[0.67036,5.9447],[0.67036,5.95896],[0.68462,5.95896],[0.68462,5.9447]]]},"properties":{"region":"Volta","district":"South Tongu","floods_1m":1,"floods_2m":1,"floods_3m":1,"first_flood_m":1,"nests":true,"area_km2":2.501}},{"type":"Feature","geometry":{"type":"Polygon","coordinates":[[[-2.23827,4.87536],[-2.24681,4.87536],[-2.24681,4.87736],[-2.24708,4.87736],[-2.24708,4.87875],[-2.24681,4.87875],[-2.24681,4.87903],[-2.24708,4.87903],[-2.24708,4.8793],[-2.24736,4.8793],[-2.24736,4.87986],[-2.24764,4.87986],[-2.24764,4.88042],[-2.24792,4.88042],[-2.24792,4.88125],[-2.24819,4.88125],[-2.24819,4.8818],[-2.24875,4.8818],[-2.24875,4.88236],[-2.24903,4.88236],[-2.24903,4.88264],[-2.24986,4.88264],[-2.24986,4.88319],[-2.25042,4.88319],[-2.25042,4.88347],[-2.25069,4.88347],[-2.25069,4.88375],[-2.25097,4.88375],[-2.25097,4.88403],[-2.25153,4.88403],[-2.25153,4.88431],[-2.25181,4.88431],[-2.25181,4.88458],[-2.25208,4.88458],[-2.25208,4.88514],[-2.25252,4.88514],[-2.25252,4.88961],[-2.23827,4.88961],[-2.23827,4.87536]]]},"properties":{"region":"Western","district":"Nzema East","floods_1m":1,"floods_2m":1,"floods_3m":1,"first_flood_m":1,"nests":true,"area_km2":2.001}},{"type":"Feature","geometry":{"type":"Polygon","coordinates":[[[0.74442,6.03025],[0.74165,6.03025],[0.74165,6.04451],[0.7499,6.04451],[0.74964,6.04117],[0.74887,6.0382],[0.74761,6.03562],[0.74461,6.03063],[0.74442,6.03025]]]},"properties":{"region":"Volta","district":"South Tongu","floods_1m":1,"floods_2m":1,"floods_3m":1,"first_flood_m":1,"nests":true,"area_km2":1.107}},{"type":"Feature","geometry":{"type":"Polygon","coordinates":[[[-0.02828,5.61319],[-0.02986,5.61319],[-0.02986,5.61292],[-0.03042,5.61292],[-0.03042,5.61319],[-0.03097,5.61319],[-0.03097,5.61292],[-0.03264,5.61292],[-0.03264,5.61264],[-0.03792,5.61264],[-0.03792,5.61236],[-0.03958,5.61236],[-0.03958,5.61208],[-0.04236,5.61208],[-0.04236,5.6118],[-0.04254,5.6118],[-0.04254,5.61677],[-0.02828,5.61677],[-0.02828,5.61319]]]},"properties":{"region":"Greater Accra","district":"Tema","floods_1m":1,"floods_2m":1,"floods_3m":1,"first_flood_m":1,"nests":true,"area_km2":0.729}},{"type":"Feature","geometry":{"type":"Polygon","coordinates":[[[0.62759,6.07303],[0.61333,6.07303],[0.61333,6.08617],[0.61521,6.08728],[0.62759,6.08728],[0.62759,6.07303]]]},"properties":{"region":"Volta","district":"South Tongu","floods_1m":0,"floods_2m":1,"floods_3m":1,"first_flood_m":2,"nests":true,"area_km2":2.486}},{"type":"Feature","geometry":{"type":"Polygon","coordinates":[[[-0.6984,5.30958],[-0.69847,5.30958],[-0.69847,5.30931],[-0.69958,5.30931],[-0.69958,5.30903],[-0.70014,5.30903],[-0.70014,5.30875],[-0.70042,5.30875],[-0.70042,5.30847],[-0.7018,5.30847],[-0.7018,5.3082],[-0.70264,5.3082],[-0.70264,5.30792],[-0.70292,5.30792],[-0.70292,5.30764],[-0.70347,5.30764],[-0.70347,5.30736],[-0.70403,5.30736],[-0.70403,5.30708],[-0.7043,5.30708],[-0.7043,5.30681],[-0.70486,5.30681],[-0.70486,5.30653],[-0.70569,5.30653],[-0.70569,5.30625],[-0.70653,5.30625],[-0.70653,5.30597],[-0.70764,5.30597],[-0.70764,5.3057],[-0.70819,5.3057],[-0.70819,5.30542],[-0.70986,5.30542],[-0.70986,5.30514],[-0.71153,5.30514],[-0.71153,5.30486],[-0.71208,5.30486],[-0.71208,5.30458],[-0.71264,5.30458],[-0.71264,5.30431],[-0.71266,5.30431],[-0.71266,5.31735],[-0.6984,5.31735],[-0.6984,5.30958]]]},"properties":{"region":"Central","district":"Gomoa","floods_1m":1,"floods_2m":1,"floods_3m":1,"first_flood_m":1,"nests":true,"area_km2":1.855}},{"type":"Feature","geometry":{"type":"Polygon","coordinates":[[[0.61333,5.9447],[0.59907,5.9447],[0.59907,5.95896],[0.61333,5.95896],[0.61333,5.9447]]]},"properties":{"region":"Volta","district":"South Tongu","floods_1m":1,"floods_2m":1,"floods_3m":1,"first_flood_m":1,"nests":true,"area_km2":2.501}},{"type":"Feature","geometry":{"type":"Polygon","coordinates":[[[0.69888,5.81638],[0.68462,5.81638],[0.68462,5.83064],[0.69888,5.83064],[0.69888,5.81638]]]},"properties":{"region":"Volta","district":"South Tongu","floods_1m":1,"floods_2m":1,"floods_3m":1,"first_flood_m":1,"nests":true,"area_km2":2.501}},{"type":"Feature","geometry":{"type":"Polygon","coordinates":[[[0.61333,5.93045],[0.59907,5.93045],[0.59907,5.9447],[0.61333,5.9447],[0.61333,5.93045]]]},"properties":{"region":"Volta","district":"South Tongu","floods_1m":1,"floods_2m":1,"floods_3m":1,"first_flood_m":1,"nests":true,"area_km2":2.499}},{"type":"Feature","geometry":{"type":"Polygon","coordinates":[[[0.64185,5.83165],[0.6406,5.83262],[0.63836,5.83398],[0.63291,5.83652],[0.63119,5.83774],[0.62966,5.83922],[0.62759,5.84221],[0.62759,5.8449],[0.64185,5.8449],[0.64185,5.83165]]]},"properties":{"region":"Volta","district":"South Tongu","floods_1m":1,"floods_2m":1,"floods_3m":1,"first_flood_m":1,"nests":true,"area_km2":1.555}},{"type":"Feature","geometry":{"type":"Polygon","coordinates":[[[0.58481,6.04451],[0.57056,6.04451],[0.57056,6.04454],[0.57075,6.04487],[0.57304,6.05045],[0.57465,6.05302],[0.57877,6.05779],[0.57975,6.05877],[0.58481,6.05877],[0.58481,6.04451]]]},"properties":{"region":"Volta","district":"South Tongu","floods_1m":1,"floods_2m":1,"floods_3m":1,"first_flood_m":1,"nests":true,"area_km2":1.837}},{"type":"Feature","geometry":{"type":"Polygon","coordinates":[[[-0.76969,5.25014],[-0.76986,5.25014],[-0.76986,5.24999],[-0.76986,5.24986],[-0.77014,5.24986],[-0.77014,5.24958],[-0.77069,5.24958],[-0.77069,5.24931],[-0.77097,5.24931],[-0.77097,5.24903],[-0.77168,5.24903],[-0.77208,5.24903],[-0.77208,5.24875],[-0.77264,5.24875],[-0.77264,5.24847],[-0.77292,5.24847],[-0.77292,5.24834],[-0.77292,5.24819],[-0.77317,5.24819],[-0.77347,5.24819],[-0.77347,5.248],[-0.77347,5.24792],[-0.77403,5.24792],[-0.77406,5.24769],[-0.77429,5.24764],[-0.77431,5.24736],[-0.77465,5.24736],[-0.77486,5.24736],[-0.77486,5.24724],[-0.77486,5.24708],[-0.77514,5.24709],[-0.77514,5.24695],[-0.77514,5.24653],[-0.77578,5.24653],[-0.77681,5.24653],[-0.77681,5.24625],[-0.77708,5.24625],[-0.77708,5.24606],[-0.78395,5.24606],[-0.78395,5.24695],[-0.78395,5.26032],[-0.76969,5.26032],[-0.76969,5.25014]]]},"properties":{"region":"Central","district":"Gomoa","floods_1m":1,"floods_2m":1,"floods_3m":1,"first_flood_m":1,"nests":true,"area_km2":2.324}},{"type":"Feature","geometry":{"type":"Polygon","coordinates":[[[0.6561,5.93045],[0.64185,5.93045],[0.64185,5.9447],[0.6561,5.9447],[0.6561,5.93045]]]},"properties":{"region":"Volta","district":"South Tongu","floods_1m":1,"floods_2m":1,"floods_3m":1,"first_flood_m":1,"nests":true,"area_km2":2.497}},{"type":"Feature","geometry":{"type":"Polygon","coordinates":[[[0.67036,5.85916],[0.6561,5.85916],[0.6561,5.87341],[0.67036,5.87341],[0.67036,5.85916]]]},"properties":{"region":"Volta","district":"South Tongu","floods_1m":1,"floods_2m":1,"floods_3m":1,"first_flood_m":1,"nests":true,"area_km2":2.499}},{"type":"Feature","geometry":{"type":"Polygon","coordinates":[[[0.62759,5.93045],[0.61333,5.93045],[0.61333,5.9447],[0.62759,5.9447],[0.62759,5.93045]]]},"properties":{"region":"Volta","district":"South Tongu","floods_1m":1,"floods_2m":1,"floods_3m":1,"first_flood_m":1,"nests":true,"area_km2":2.499}},{"type":"Feature","geometry":{"type":"Polygon","coordinates":[[[0.74964,6.05877],[0.74165,6.05877],[0.74165,6.07303],[0.74351,6.07303],[0.74442,6.07089],[0.74867,6.06334],[0.74948,6.06038],[0.74964,6.05877]]]},"properties":{"region":"Volta","district":"South Tongu","floods_1m":1,"floods_2m":1,"floods_3m":1,"first_flood_m":1,"nests":true,"area_km2":0.942}},{"type":"Feature","geometry":{"type":"Polygon","coordinates":[[[0.67036,5.87341],[0.6561,5.87341],[0.6561,5.88767],[0.67036,5.88767],[0.67036,5.87341]]]},"properties":{"region":"Volta","district":"South Tongu","floods_1m":1,"floods_2m":1,"floods_3m":1,"first_flood_m":1,"nests":true,"area_km2":2.501}},{"type":"Feature","geometry":{"type":"Polygon","coordinates":[[[-0.75544,5.26486],[-0.75597,5.26486],[-0.75597,5.26458],[-0.75625,5.26458],[-0.75625,5.26236],[-0.75597,5.26236],[-0.75597,5.26125],[-0.75569,5.26125],[-0.75569,5.26032],[-0.76969,5.26032],[-0.76969,5.27458],[-0.75544,5.27458],[-0.75544,5.26486]]]},"properties":{"region":"Central","district":"Gomoa","floods_1m":1,"floods_2m":1,"floods_3m":1,"first_flood_m":1,"nests":true,"area_km2":2.468}},{"type":"Feature","geometry":{"type":"Polygon","coordinates":[[[0.68462,6.00174],[0.67036,6.00174],[0.67036,6.01599],[0.68462,6.01599],[0.68462,6.00174]]]},"properties":{"region":"Volta","district":"South Tongu","floods_1m":1,"floods_2m":1,"floods_3m":1,"first_flood_m":1,"nests":true,"area_km2":2.499}},{"type":"Feature","geometry":{"type":"Polygon","coordinates":[[[0.69888,5.97322],[0.68462,5.97322],[0.68462,5.98748],[0.69888,5.98748],[0.69888,5.97322]]]},"properties":{"region":"Volta","district":"South Tongu","floods_1m":1,"floods_2m":1,"floods_3m":1,"first_flood_m":1,"nests":true,"area_km2":2.501}},{"type":"Feature","geometry":{"type":"Polygon","coordinates":[[[0.67036,5.93045],[0.6561,5.93045],[0.6561,5.9447],[0.67036,5.9447],[0.67036,5.93045]]]},"properties":{"region":"Volta","district":"South Tongu","floods_1m":1,"floods_2m":1,"floods_3m":1,"first_flood_m":1,"nests":true,"area_km2":2.499}},{"type":"Feature","geometry":{"type":"Polygon","coordinates":[[[0.08923,5.69903],[0.08764,5.69903],[0.08764,5.69875],[0.08736,5.69875],[0.08736,5.69847],[0.08681,5.69847],[0.08681,5.69819],[0.08625,5.69819],[0.08625,5.69792],[0.08578,5.69792],[0.08578,5.70232],[0.08706,5.70232],[0.08923,5.69903]]]},"properties":{"region":"Greater Accra","district":"Tema","floods_1m":0,"floods_2m":1,"floods_3m":1,"first_flood_m":2,"nests":true,"area_km2":0.113}},{"type":"Feature","geometry":{"type":"Polygon","coordinates":[[[0.04301,5.6738],[0.02875,5.6738],[0.02875,5.68806],[0.04301,5.68806],[0.04301,5.6738]]]},"properties":{"region":"Greater Accra","district":"Tema","floods_1m":1,"floods_2m":1,"floods_3m":1,"first_flood_m":1,"nests":true,"area_km2":2.502}},{"type":"Feature","geometry":{"type":"Polygon","coordinates":[[[0.68462,5.8137],[0.68395,5.81406],[0.68172,5.81485],[0.67536,5.81638],[0.68462,5.81638],[0.68462,5.8137]]]},"properties":{"region":"Volta","district":"South Tongu","floods_1m":1,"floods_2m":1,"floods_3m":1,"first_flood_m":1,"nests":true,"area_km2":0.133}},{"type":"Feature","geometry":{"type":"Polygon","coordinates":[[[0.68462,5.90193],[0.67036,5.90193],[0.67036,5.91619],[0.68462,5.91619],[0.68462,5.90193]]]},"properties":{"region":"Volta","district":"South Tongu","floods_1m":1,"floods_2m":1,"floods_3m":1,"first_flood_m":1,"nests":true,"area_km2":2.501}},{"type":"Feature","geometry":{"type":"Polygon","coordinates":[[[-2.13846,4.80407],[-2.15272,4.80407],[-2.15272,4.81832],[-2.13846,4.81832],[-2.13846,4.80407]]]},"properties":{"region":"Western","district":"Ahanta West","floods_1m":1,"floods_2m":1,"floods_3m":1,"first_flood_m":1,"nests":true,"area_km2":2.504}},{"type":"Feature","geometry":{"type":"Polygon","coordinates":[[[-2.09569,4.80407],[-2.10994,4.80407],[-2.10994,4.81832],[-2.09569,4.81832],[-2.09569,4.80407]]]},"properties":{"region":"Western","district":"Ahanta West","floods_1m":0,"floods_2m":1,"floods_3m":1,"first_flood_m":2,"nests":true,"area_km2":2.502}},{"type":"Feature","geometry":{"type":"Polygon","coordinates":[[[0.02875,5.65153],[0.02875,5.65955],[0.03764,5.65955],[0.03764,5.65931],[0.03736,5.65931],[0.03736,5.65903],[0.03681,5.65903],[0.03681,5.65875],[0.03653,5.65875],[0.03653,5.65847],[0.03597,5.65847],[0.03597,5.6582],[0.03514,5.6582],[0.03514,5.65792],[0.03431,5.65792],[0.03431,5.65764],[0.03375,5.65764],[0.03375,5.65736],[0.03347,5.65736],[0.03347,5.65708],[0.03319,5.65708],[0.03319,5.65681],[0.03292,5.65681],[0.03292,5.65625],[0.03264,5.65625],[0.03264,5.65597],[0.03236,5.65597],[0.03236,5.65458],[0.03264,5.65458],[0.03264,5.6543],[0.03236,5.6543],[0.03236,5.65375],[0.03208,5.65375],[0.03208,5.65347],[0.03153,5.65347],[0.03153,5.65319],[0.03125,5.65319],[0.03125,5.65292],[0.03042,5.65292],[0.03042,5.65264],[0.02986,5.65264],[0.02986,5.65236],[0.02958,5.65236],[0.02958,5.65208],[0.02931,5.65208],[0.02931,5.65181],[0.02903,5.65181],[0.02903,5.65153],[0.02875,5.65153]]]},"properties":{"region":"Greater Accra","district":"Tema","floods_1m":1,"floods_2m":1,"floods_3m":1,"first_flood_m":1,"nests":true,"area_km2":0.41}},{"type":"Feature","geometry":{"type":"MultiPolygon","coordinates":[[[[-2.05291,4.74458],[-2.05292,4.74458],[-2.05292,4.74431],[-2.05347,4.74431],[-2.05347,4.74403],[-2.05375,4.74403],[-2.05375,4.74375],[-2.05403,4.74375],[-2.05403,4.74264],[-2.05431,4.74264],[-2.05431,4.74236],[-2.05403,4.74236],[-2.05403,4.74125],[-2.05431,4.74125],[-2.05431,4.73986],[-2.05542,4.73986],[-2.05542,4.74014],[-2.05569,4.74014],[-2.05569,4.74042],[-2.05597,4.74042],[-2.05597,4.74097],[-2.05625,4.74097],[-2.05625,4.74125],[-2.05681,4.74125],[-2.05681,4.74181],[-2.05653,4.74181],[-2.05653,4.74208],[-2.05681,4.74208],[-2.05681,4.74347],[-2.05708,4.74347],[-2.05708,4.74375],[-2.05792,4.74375],[-2.05792,4.74347],[-2.05875,4.74347],[-2.05875,4.74375],[-2.05903,4.74375],[-2.05903,4.74403],[-2.05931,4.74403],[-2.05931,4.74431],[-2.06097,4.74431],[-2.06097,4.74458],[-2.06125,4.74458],[-2.06125,4.74431],[-2.06181,4.74431],[-2.06181,4.74403],[-2.06208,4.74403],[-2.06208,4.74458],[-2.06236,4.74458],[-2.06236,4.74486],[-2.06264,4.74486],[-2.06264,4.74514],[-2.06403,4.74514],[-2.06403,4.7457],[-2.06431,4.7457],[-2.06431,4.74653],[-2.06403,4.74653],[-2.06403,4.74703],[-2.05291,4.74703],[-2.05291,4.74458]]],[[[-2.06717,4.74347],[-2.06717,4.74703],[-2.06625,4.74703],[-2.06625,4.74597],[-2.06653,4.74597],[-2.06653,4.74486],[-2.06681,4.74486],[-2.06681,4.74403],[-2.06708,4.74403],[-2.06708,4.74347],[-2.06717,4.74347]]]]},"properties":{"region":"Western","district":"Ahanta West","floods_1m":1,"floods_2m":1,"floods_3m":1,"first_flood_m":1,"nests":true,"area_km2":0.536}},{"type":"Feature","geometry":{"type":"Polygon","coordinates":[[[0.02875,5.65153],[0.02875,5.65153],[0.02875,5.65125],[0.02847,5.65125],[0.02847,5.65097],[0.0282,5.65097],[0.0282,5.65042],[0.02792,5.65042],[0.02792,5.64847],[0.0282,5.64847],[0.0282,5.6462],[0.0282,5.64569],[0.02791,5.6457],[0.02791,5.64529],[0.02708,5.64529],[0.02708,5.64542],[0.02625,5.64542],[0.02625,5.64529],[0.0145,5.64529],[0.0145,5.65955],[0.02875,5.65955],[0.02875,5.65153]]]},"properties":{"region":"Greater Accra","district":"Tema","floods_1m":1,"floods_2m":1,"floods_3m":1,"first_flood_m":1,"nests":true,"area_km2":2.451}},{"type":"Feature","geometry":{"type":"Polygon","coordinates":[[[-1.99588,4.76129],[-2.01014,4.76129],[-2.01014,4.77555],[-1.99588,4.77555],[-1.99588,4.76129]]]},"properties":{"region":"Western","district":"Ahanta West","floods_1m":1,"floods_2m":1,"floods_3m":1,"first_flood_m":1,"nests":true,"area_km2":2.506}},{"type":"Feature","geometry":{"type":"Polygon","coordinates":[[[-2.40936,4.94819],[-2.41014,4.94819],[-2.41014,4.94847],[-2.41097,4.94847],[-2.41097,4.94875],[-2.41208,4.94875],[-2.41208,4.94903],[-2.41319,4.94903],[-2.41319,4.94931],[-2.41431,4.94931],[-2.41431,4.94958],[-2.41542,4.94958],[-2.41542,4.94986],[-2.41625,4.94986],[-2.41625,4.95014],[-2.41736,4.95014],[-2.41736,4.95042],[-2.41847,4.95042],[-2.41847,4.95069],[-2.41875,4.95069],[-2.41875,4.95097],[-2.42014,4.95097],[-2.42014,4.95125],[-2.42097,4.95125],[-2.42097,4.95153],[-2.42208,4.95153],[-2.42208,4.95181],[-2.42319,4.95181],[-2.42319,4.95208],[-2.42362,4.95208],[-2.42362,4.9609],[-2.40936,4.9609],[-2.40936,4.94819]]]},"properties":{"region":"Western","district":"Nzema East","floods_1m":1,"floods_2m":1,"floods_3m":1,"first_flood_m":1,"nests":true,"area_km2":1.899}},{"type":"Feature","geometry":{"type":"Polygon","coordinates":[[[0.00024,5.62653],[0.00014,5.62653],[0.0,5.62653],[-0.00014,5.62653],[-0.00042,5.62653],[-0.00042,5.62625],[-0.00042,5.62597],[-0.00069,5.62597],[-0.00069,5.62486],[-0.00042,5.62486],[-0.00042,5.62431],[-0.00125,5.62431],[-0.00125,5.62403],[-0.00264,5.62403],[-0.00264,5.62375],[-0.00319,5.62375],[-0.00319,5.62347],[-0.00375,5.62347],[-0.00375,5.62319],[-0.00403,5.62319],[-0.00403,5.62292],[-0.0043,5.62292],[-0.0043,5.62319],[-0.00458,5.62319],[-0.00458,5.62264],[-0.00486,5.62264],[-0.00486,5.62236],[-0.00514,5.62236],[-0.00514,5.62264],[-0.00597,5.62264],[-0.00597,5.62236],[-0.00736,5.62236],[-0.00736,5.62208],[-0.00847,5.62208],[-0.00847,5.62181],[-0.00958,5.62181],[-0.00958,5.62153],[-0.01014,5.62153],[-0.01014,5.62125],[-0.01069,5.62125],[-0.01069,5.62097],[-0.01125,5.62097],[-0.01125,5.62069],[-0.01153,5.62069],[-0.01153,5.62042],[-0.01236,5.62042],[-0.01236,5.62014],[-0.01264,5.62014],[-0.01264,5.61986],[-0.01292,5.61986],[-0.01292,5.61958],[-0.01319,5.61958],[-0.01319,5.61931],[-0.01347,5.61931],[-0.01347,5.61903],[-0.01375,5.61903],[-0.01375,5.61847],[-0.01402,5.61847],[-0.01402,5.63103],[0.00024,5.63103],[0.00024,5.62653]]]},"properties":{"region":"Greater Accra","district":"Tema","floods_1m":1,"floods_2m":1,"floods_3m":1,"first_flood_m":1,"nests":true,"area_km2":1.527}},{"type":"Feature","geometry":{"type":"Polygon","coordinates":[[[-0.79821,5.22347],[-0.79821,5.23181],[-0.79014,5.23181],[-0.79014,5.2318],[-0.79042,5.2318],[-0.79042,5.23125],[-0.7907,5.23125],[-0.7907,5.2293],[-0.79042,5.2293],[-0.79042,5.22875],[-0.79014,5.22875],[-0.79014,5.22847],[-0.78986,5.22847],[-0.78986,5.2282],[-0.78958,5.2282],[-0.78958,5.22764],[-0.7893,5.22764],[-0.7893,5.22625],[-0.79097,5.22625],[-0.79097,5.22597],[-0.79125,5.22597],[-0.79125,5.22625],[-0.7919,5.22625],[-0.79208,5.22625],[-0.79208,5.22597],[-0.79236,5.22597],[-0.79236,5.2257],[-0.79319,5.2257],[-0.79319,5.22542],[-0.79347,5.22542],[-0.79347,5.22514],[-0.79375,5.22514],[-0.79375,5.22458],[-0.79403,5.22458],[-0.79403,5.22431],[-0.79514,5.22431],[-0.79514,5.22403],[-0.79653,5.22403],[-0.79653,5.22375],[-0.79736,5.22375],[-0.79736,5.22347],[-0.79821,5.22347]]]},"properties":{"region":"Central","district":"Gomoa","floods_1m":1,"floods_2m":1,"floods_3m":1,"first_flood_m":1,"nests":true,"area_km2":0.694}},{"type":"Feature","geometry":{"type":"Polygon","coordinates":[[[-0.68415,5.31486],[-0.68415,5.31735],[-0.67931,5.31735],[-0.67931,5.31708],[-0.67958,5.31708],[-0.67958,5.3168],[-0.67986,5.3168],[-0.67986,5.31653],[-0.68042,5.31653],[-0.68042,5.31625],[-0.68097,5.31625],[-0.68097,5.31597],[-0.68181,5.31597],[-0.68181,5.31569],[-0.68236,5.31569],[-0.68236,5.31542],[-0.68319,5.31542],[-0.68319,5.31514],[-0.68375,5.31514],[-0.68375,5.31486],[-0.68415,5.31486]]]},"properties":{"region":"Central","district":"Gomoa","floods_1m":1,"floods_2m":1,"floods_3m":1,"first_flood_m":1,"nests":true,"area_km2":0.089}},{"type":"Feature","geometry":{"type":"Polygon","coordinates":[[[-1.99588,4.78981],[-2.01014,4.78981],[-2.01014,4.80407],[-1.99588,4.80407],[-1.99588,4.78981]]]},"properties":{"region":"Western","district":"Ahanta West","floods_1m":0,"floods_2m":1,"floods_3m":1,"first_flood_m":2,"nests":true,"area_km2":2.505}},{"type":"Feature","geometry":{"type":"Polygon","coordinates":[[[-1.99588,4.77555],[-2.01014,4.77555],[-2.01014,4.78981],[-1.99588,4.78981],[-1.99588,4.77555]]]},"properties":{"region":"Western","district":"Ahanta West","floods_1m":1,"floods_2m":1,"floods_3m":1,"first_flood_m":1,"nests":true,"area_km2":2.506}},{"type":"Feature","geometry":{"type":"Polygon","coordinates":[[[-1.83904,4.87536],[-1.8533,4.87536],[-1.8533,4.88961],[-1.83904,4.88961],[-1.83904,4.87536]]]},"properties":{"region":"Western","district":"Ahanta West","floods_1m":0,"floods_2m":1,"floods_3m":1,"first_flood_m":2,"nests":true,"area_km2":2.503}},{"type":"Feature","geometry":{"type":"Polygon","coordinates":[[[-0.02828,5.63103],[-0.04254,5.63103],[-0.04254,5.64529],[-0.02828,5.64529],[-0.02828,5.63103]]]},"properties":{"region":"Greater Accra","district":"Tema","floods_1m":1,"floods_2m":1,"floods_3m":1,"first_flood_m":1,"nests":true,"area_km2":2.502}},{"type":"Feature","geometry":{"type":"Polygon","coordinates":[[[-1.78201,4.89623],[-1.78201,4.88961],[-1.79627,4.88961],[-1.79627,4.90387],[-1.78773,4.90387],[-1.78746,4.90322],[-1.7859,4.90078],[-1.78201,4.89623]]]},"properties":{"region":"Western","district":"Ahanta West","floods_1m":1,"floods_2m":1,"floods_3m":1,"first_flood_m":1,"nests":true,"area_km2":2.211}},{"type":"Feature","geometry":{"type":"Polygon","coordinates":[[[-2.43788,4.97516],[-2.45214,4.97516],[-2.45214,4.98942],[-2.43788,4.98942],[-2.43788,4.97516]]]},"properties":{"region":"Western","district":"Nzema East","floods_1m":0,"floods_2m":1,"floods_3m":1,"first_flood_m":2,"nests":true,"area_km2":2.505}},{"type":"Feature","geometry":{"type":"Polygon","coordinates":[[[-0.66989,5.32042],[-0.67097,5.32042],[-0.67097,5.32014],[-0.67153,5.32014],[-0.67153,5.31986],[-0.67181,5.31986],[-0.67181,5.31958],[-0.67236,5.31958],[-0.67236,5.31931],[-0.67403,5.31931],[-0.67403,5.31903],[-0.67458,5.31903],[-0.67458,5.31875],[-0.67597,5.31875],[-0.67597,5.31847],[-0.67653,5.31847],[-0.67653,5.31819],[-0.67681,5.31819],[-0.67681,5.31792],[-0.67764,5.31792],[-0.67764,5.31764],[-0.67819,5.31764],[-0.67819,5.31736],[-0.67931,5.31736],[-0.67931,5.31735],[-0.68415,5.31735],[-0.68415,5.33161],[-0.66989,5.33161],[-0.66989,5.32042]]]},"properties":{"region":"Central","district":"Gomoa","floods_1m":1,"floods_2m":1,"floods_3m":1,"first_flood_m":1,"nests":true,"area_km2":2.325}},{"type":"Feature","geometry":{"type":"Polygon","coordinates":[[[-2.08143,4.74875],[-2.0818,4.74875],[-2.0818,4.74847],[-2.08292,4.74847],[-2.08292,4.7482],[-2.08319,4.7482],[-2.08319,4.74792],[-2.08375,4.74792],[-2.08375,4.74764],[-2.08403,4.74764],[-2.08403,4.74736],[-2.08431,4.74736],[-2.08431,4.74708],[-2.08514,4.74708],[-2.08514,4.74703],[-2.09097,4.74703],[-2.09097,4.74708],[-2.09125,4.74708],[-2.09125,4.74736],[-2.09153,4.74736],[-2.09153,4.74764],[-2.09181,4.74764],[-2.09181,4.74792],[-2.09208,4.74792],[-2.09208,4.74847],[-2.09236,4.74847],[-2.09236,4.74875],[-2.09264,4.74875],[-2.09264,4.74903],[-2.09319,4.74903],[-2.09319,4.7493],[-2.09342,4.7493],[-2.09375,4.7493],[-2.09375,4.74958],[-2.09431,4.74958],[-2.09431,4.74986],[-2.09458,4.74986],[-2.09458,4.75014],[-2.09486,4.75014],[-2.09486,4.75042],[-2.09514,4.75042],[-2.09514,4.75069],[-2.09542,4.75069],[-2.09542,4.75097],[-2.09569,4.75097],[-2.09569,4.76129],[-2.08143,4.76129],[-2.08143,4.74875]]]},"properties":{"region":"Western","district":"Ahanta West","floods_1m":1,"floods_2m":1,"floods_3m":1,"first_flood_m":1,"nests":true,"area_km2":2.342}},{"type":"Feature","geometry":{"type":"Polygon","coordinates":[[[0.0145,5.65955],[0.00024,5.65955],[0.00024,5.6738],[0.0145,5.6738],[0.0145,5.65955]]]},"properties":{"region":"Greater Accra","district":"Tema","floods_1m":0,"floods_2m":0,"floods_3m":1,"first_flood_m":3,"nests":true,"area_km2":2.5}},{"type":"Feature","geometry":{"type":"Polygon","coordinates":[[[-1.92459,4.81832],[-1.93885,4.81832],[-1.93885,4.83258],[-1.92459,4.83258],[-1.92459,4.81832]]]},"properties":{"region":"Western","district":"Ahanta West","floods_1m":0,"floods_2m":1,"floods_3m":1,"first_flood_m":2,"nests":true,"area_km2":2.505}},{"type":"Feature","geometry":{"type":"Polygon","coordinates":[[[-0.65563,5.32625],[-0.6557,5.32625],[-0.6557,5.32597],[-0.65597,5.32597],[-0.65597,5.32569],[-0.65653,5.32569],[-0.65653,5.3239],[-0.65653,5.32347],[-0.65736,5.32347],[-0.65736,5.32319],[-0.65819,5.32319],[-0.65819,5.32292],[-0.66069,5.32292],[-0.66069,5.32264],[-0.662,5.32264],[-0.66292,5.32264],[-0.66292,5.32236],[-0.66375,5.32236],[-0.66375,5.32208],[-0.66458,5.32208],[-0.66458,5.32181],[-0.66542,5.32181],[-0.66542,5.32153],[-0.66597,5.32153],[-0.66597,5.32125],[-0.66653,5.32125],[-0.66653,5.32097],[-0.66819,5.32097],[-0.66819,5.32069],[-0.66903,5.32069],[-0.66903,5.32042],[-0.66989,5.32042],[-0.66989,5.33161],[-0.65563,5.33161],[-0.65563,5.32625]]]},"properties":{"region":"Central","district":"Gomoa","floods_1m":1,"floods_2m":1,"floods_3m":1,"first_flood_m":1,"nests":true,"area_km2":1.629}},{"type":"Feature","geometry":{"type":"Polygon","coordinates":[[[-2.16698,4.81832],[-2.18123,4.81832],[-2.18123,4.83258],[-2.16698,4.83258],[-2.16698,4.81832]]]},"properties":{"region":"Western","district":"Ahanta West","floods_1m":0,"floods_2m":0,"floods_3m":1,"first_flood_m":3,"nests":true,"area_km2":2.504}},{"type":"Feature","geometry":{"type":"Polygon","coordinates":[[[0.0145,5.64529],[0.00024,5.64529],[0.00024,5.65955],[0.0145,5.65955],[0.0145,5.64529]]]},"properties":{"region":"Greater Accra","district":"Tema","floods_1m":1,"floods_2m":1,"floods_3m":1,"first_flood_m":1,"nests":true,"area_km2":2.502}},{"type":"Feature","geometry":{"type":"MultiPolygon","coordinates":[[[[-2.13846,4.79764],[-2.13847,4.79764],[-2.13847,4.79736],[-2.13931,4.79736],[-2.13931,4.79764],[-2.13958,4.79764],[-2.13958,4.79819],[-2.13986,4.79819],[-2.13986,4.79847],[-2.14097,4.79847],[-2.14097,4.79819],[-2.14181,4.79819],[-2.14181,4.79792],[-2.14319,4.79792],[-2.14319,4.79764],[-2.14375,4.79764],[-2.14375,4.7968],[-2.14403,4.7968],[-2.14403,4.79653],[-2.14569,4.79653],[-2.14569,4.7968],[-2.14653,4.7968],[-2.14653,4.79708],[-2.14819,4.79708],[-2.14819,4.79736],[-2.14986,4.79736],[-2.14986,4.79764],[-2.15125,4.79764],[-2.15125,4.79792],[-2.15272,4.79792],[-2.15272,4.80407],[-2.13846,4.80407],[-2.13846,4.79764]]],[[[-2.13846,4.79569],[-2.13846,4.79347],[-2.13847,4.79347],[-2.13847,4.79375],[-2.13875,4.79375],[-2.13875,4.7943],[-2.14014,4.79431],[-2.14014,4.79458],[-2.14069,4.79458],[-2.14069,4.79486],[-2.14097,4.79486],[-2.14097,4.79514],[-2.14125,4.79514],[-2.14125,4.79542],[-2.14097,4.79542],[-2.14097,4.79597],[-2.14069,4.79597],[-2.14069,4.79625],[-2.14042,4.79625],[-2.14042,4.79597],[-2.14014,4.79597],[-2.14014,4.79569],[-2.13958,4.79569],[-2.13958,4.79542],[-2.13875,4.79542],[-2.13875,4.79569],[-2.13846,4.79569]]]]},"properties":{"region":"Western","district":"Ahanta West","floods_1m":1,"floods_2m":1,"floods_3m":1,"first_flood_m":1,"nests":true,"area_km2":1.198}},{"type":"Feature","geometry":{"type":"Polygon","coordinates":[[[-2.30956,4.91813],[-2.31431,4.91813],[-2.31431,4.91819],[-2.31458,4.91819],[-2.31458,4.91847],[-2.31514,4.91847],[-2.31514,4.91875],[-2.3157,4.91875],[-2.3157,4.91903],[-2.31653,4.91903],[-2.31653,4.91931],[-2.31736,4.91931],[-2.31736,4.91958],[-2.31764,4.91958],[-2.31764,4.91986],[-2.31847,4.91986],[-2.31847,4.92014],[-2.31958,4.92014],[-2.31958,4.92042],[-2.31986,4.92042],[-2.31986,4.92069],[-2.32014,4.92069],[-2.32014,4.92097],[-2.32069,4.92097],[-2.32069,4.92125],[-2.3218,4.92125],[-2.3218,4.92153],[-2.32236,4.92153],[-2.32236,4.92181],[-2.3232,4.92181],[-2.3232,4.92208],[-2.32381,4.92208],[-2.32381,4.93239],[-2.30956,4.93239],[-2.30956,4.91813]]]},"properties":{"region":"Western","district":"Nzema East","floods_1m":1,"floods_2m":1,"floods_3m":1,"first_flood_m":1,"nests":true,"area_km2":2.255}},{"type":"Feature","geometry":{"type":"Polygon","coordinates":[[[-1.79627,4.87236],[-1.79653,4.87236],[-1.79653,4.87264],[-1.79708,4.87264],[-1.79708,4.87292],[-1.79736,4.87292],[-1.79736,4.87319],[-1.79792,4.87319],[-1.79792,4.87347],[-1.79847,4.87347],[-1.79847,4.87375],[-1.79958,4.87375],[-1.79958,4.87403],[-1.80313,4.87403],[-1.80347,4.87403],[-1.80347,4.87419],[-1.80347,4.87431],[-1.80371,4.87431],[-1.8043,4.87431],[-1.8043,4.87403],[-1.8054,4.87403],[-1.8057,4.87403],[-1.8057,4.87383],[-1.8057,4.87375],[-1.80708,4.87375],[-1.80708,4.87347],[-1.80847,4.87347],[-1.80847,4.87319],[-1.80958,4.87319],[-1.80958,4.87292],[-1.80986,4.87292],[-1.80986,4.87236],[-1.81014,4.87236],[-1.81014,4.87208],[-1.81053,4.87208],[-1.81053,4.87536],[-1.79627,4.87536],[-1.79627,4.87236]]]},"properties":{"region":"Western","district":"Ahanta West","floods_1m":1,"floods_2m":1,"floods_3m":1,"first_flood_m":1,"nests":true,"area_km2":0.308}},{"type":"Feature","geometry":{"type":"Polygon","coordinates":[[[-0.04254,5.61677],[-0.05679,5.61677],[-0.05679,5.63103],[-0.04254,5.63103],[-0.04254,5.61677]]]},"properties":{"region":"Greater Accra","district":"Tema","floods_1m":1,"floods_2m":1,"floods_3m":1,"first_flood_m":1,"nests":true,"area_km2":2.5}},{"type":"Feature","geometry":{"type":"Polygon","coordinates":[[[-1.92459,4.84684],[-1.93885,4.84684],[-1.93885,4.8611],[-1.92459,4.8611],[-1.92459,4.84684]]]},"properties":{"region":"Western","district":"Ahanta West","floods_1m":0,"floods_2m":0,"floods_3m":1,"first_flood_m":3,"nests":true,"area_km2":2.505}},{"type":"Feature","geometry":{"type":"Polygon","coordinates":[[[0.05727,5.68181],[0.05708,5.68181],[0.05708,5.68153],[0.05625,5.68153],[0.05625,5.68125],[0.05597,5.68125],[0.05597,5.68097],[0.05514,5.68097],[0.05514,5.6807],[0.05403,5.6807],[0.05403,5.68042],[0.05375,5.68042],[0.05375,5.68014],[0.05347,5.68014],[0.05347,5.67986],[0.05319,5.67986],[0.05319,5.67958],[0.05264,5.67958],[0.05264,5.67931],[0.05208,5.67931],[0.05208,5.67903],[0.05097,5.67903],[0.05097,5.67875],[0.05014,5.67875],[0.05014,5.67847],[0.04986,5.67847],[0.04986,5.67819],[0.04903,5.67819],[0.04903,5.67792],[0.04847,5.67792],[0.04847,5.67764],[0.04792,5.67764],[0.04792,5.67736],[0.04736,5.67736],[0.04736,5.67708],[0.04708,5.67708],[0.04708,5.67681],[0.04653,5.67681],[0.04653,5.67653],[0.04625,5.67653],[0.04625,5.67625],[0.04597,5.67625],[0.04597,5.67597],[0.04569,5.67597],[0.04569,5.67486],[0.04542,5.67486],[0.04542,5.67458],[0.04514,5.67458],[0.04514,5.67431],[0.04486,5.67431],[0.04486,5.67403],[0.04458,5.67403],[0.04458,5.6738],[0.04301,5.6738],[0.04301,5.68806],[0.05727,5.68806],[0.05727,5.68181]]]},"properties":{"region":"Greater Accra","district":"Tema","floods_1m":1,"floods_2m":1,"floods_3m":1,"first_flood_m":1,"nests":true,"area_km2":1.741}},{"type":"Feature","geometry":{"type":"Polygon","coordinates":[[[-2.20975,5.03219],[-2.22401,5.03219],[-2.22401,5.04645],[-2.20975,5.04645],[-2.20975,5.03219]]]},"properties":{"region":"Western","district":"Nzema East","floods_1m":0,"floods_2m":0,"floods_3m":1,"first_flood_m":3,"nests":true,"area_km2":2.505}},{"type":"Feature","geometry":{"type":"MultiPolygon","coordinates":[[[[-1.92459,4.81264],[-1.92542,4.81264],[-1.92542,4.81236],[-1.92625,4.81236],[-1.92625,4.81208],[-1.92736,4.81208],[-1.92736,4.81181],[-1.92819,4.81181],[-1.92819,4.81153],[-1.92903,4.81153],[-1.92903,4.81125],[-1.92958,4.81125],[-1.92958,4.81097],[-1.93014,4.81097],[-1.93014,4.81069],[-1.93125,4.81069],[-1.93125,4.81042],[-1.93181,4.81042],[-1.93181,4.81014],[-1.93264,4.81014],[-1.93264,4.80986],[-1.93292,4.80986],[-1.93292,4.80958],[-1.93319,4.80958],[-1.93319,4.80931],[-1.93347,4.80931],[-1.93347,4.80903],[-1.93403,4.80903],[-1.93403,4.80875],[-1.93431,4.80875],[-1.93431,4.80847],[-1.93486,4.80847],[-1.93486,4.80819],[-1.93542,4.80819],[-1.93542,4.80792],[-1.9357,4.80792],[-1.9357,4.80764],[-1.93597,4.80764],[-1.93597,4.80736],[-1.93681,4.80736],[-1.93681,4.80708],[-1.93708,4.80708],[-1.93708,4.80681],[-1.93736,4.80681],[-1.93736,4.80653],[-1.93792,4.80653],[-1.93792,4.80625],[-1.93819,4.80625],[-1.93819,4.80597],[-1.93847,4.80597],[-1.93847,4.8057],[-1.93875,4.8057],[-1.93875,4.80486],[-1.93885,4.80486],[-1.93885,4.81832],[-1.92459,4.81832],[-1.92459,4.81264]]],[[[-1.93874,4.80407],[-1.93885,4.80407],[-1.93885,4.80431],[-1.93875,4.80431],[-1.93874,4.80407]]]]},"properties":{"region":"Western","district":"Ahanta West","floods_1m":1,"floods_2m":1,"floods_3m":1,"first_flood_m":1,"nests":true,"area_km2":1.492}},{"type":"Feature","geometry":{"type":"Polygon","coordinates":[[[-1.82478,4.86458],[-1.82514,4.86458],[-1.82514,4.86431],[-1.82597,4.86431],[-1.82597,4.86403],[-1.82708,4.86403],[-1.82708,4.86375],[-1.82764,4.86375],[-1.82764,4.86347],[-1.82792,4.86347],[-1.82792,4.86319],[-1.82847,4.86319],[-1.82847,4.86292],[-1.82875,4.86292],[-1.82875,4.86264],[-1.82931,4.86264],[-1.82931,4.86236],[-1.82958,4.86236],[-1.82958,4.86208],[-1.83014,4.86208],[-1.83014,4.86181],[-1.83097,4.86181],[-1.83097,4.86153],[-1.83125,4.86153],[-1.83125,4.86125],[-1.83153,4.86125],[-1.83153,4.86264],[-1.8318,4.86264],[-1.8318,4.86375],[-1.83153,4.86375],[-1.83153,4.86431],[-1.83125,4.86431],[-1.83125,4.86458],[-1.83097,4.86458],[-1.83097,4.86486],[-1.8307,4.86486],[-1.8307,4.86514],[-1.83097,4.86514],[-1.83097,4.86542],[-1.83236,4.86542],[-1.83236,4.86458],[-1.83264,4.86458],[-1.83264,4.86375],[-1.83292,4.86375],[-1.83292,4.86292],[-1.83319,4.86292],[-1.83319,4.86153],[-1.83292,4.86153],[-1.83292,4.86125],[-1.83264,4.86125],[-1.83264,4.8611],[-1.83904,4.8611],[-1.83904,4.87536],[-1.82478,4.87536],[-1.82478,4.86458]]]},"properties":{"region":"Western","district":"Ahanta West","floods_1m":1,"floods_2m":1,"floods_3m":1,"first_flood_m":1,"nests":true,"area_km2":2.266}},{"type":"Feature","geometry":{"type":"MultiPolygon","coordinates":[[[[0.02708,5.64529],[0.02791,5.64529],[0.02792,5.64458],[0.02764,5.64458],[0.02764,5.64431],[0.02736,5.64431],[0.02736,5.64473],[0.02736,5.64514],[0.02708,5.64514],[0.02708,5.64529]]],[[[0.01819,5.63103],[0.01708,5.63103],[0.01708,5.63125],[0.01736,5.63125],[0.01736,5.63153],[0.01764,5.63153],[0.01764,5.6332],[0.01738,5.63319],[0.01736,5.63347],[0.01708,5.63347],[0.01708,5.63403],[0.01681,5.63403],[0.01681,5.63431],[0.01625,5.63431],[0.01625,5.63514],[0.01597,5.63514],[0.01597,5.63653],[0.01569,5.63653],[0.01569,5.63681],[0.01458,5.63681],[0.01458,5.63653],[0.0145,5.63653],[0.0145,5.64529],[0.02625,5.64529],[0.02625,5.64514],[0.02569,5.64514],[0.02569,5.64486],[0.02542,5.64486],[0.02542,5.64458],[0.02514,5.64458],[0.02514,5.64431],[0.02458,5.64431],[0.02458,5.64403],[0.02208,5.64403],[0.02208,5.64375],[0.0218,5.64375],[0.0218,5.64319],[0.0207,5.64319],[0.0207,5.64292],[0.02042,5.64292],[0.02042,5.64431],[0.02014,5.64431],[0.02014,5.64458],[0.01958,5.64458],[0.01958,5.64431],[0.01931,5.64431],[0.01931,5.64375],[0.01903,5.64375],[0.01903,5.64347],[0.01875,5.64347],[0.01875,5.64319],[0.01708,5.64319],[0.01708,5.64292],[0.01681,5.64292],[0.01681,5.64153],[0.01708,5.64153],[0.01708,5.64097],[0.01736,5.64097],[0.01736,5.63847],[0.01764,5.63847],[0.01764,5.6382],[0.01819,5.6382],[0.01819,5.63847],[0.01875,5.63847],[0.01875,5.63736],[0.01903,5.63736],[0.01903,5.63708],[0.01931,5.63708],[0.01931,5.63681],[0.01958,5.63681],[0.01958,5.63569],[0.01847,5.63569],[0.01847,5.63542],[0.01819,5.63542],[0.01819,5.63403],[0.01847,5.63403],[0.01847,5.63375],[0.01875,5.63375],[0.01875,5.63356],[0.01875,5.63347],[0.01903,5.63347],[0.01903,5.63236],[0.01875,5.63236],[0.01875,5.63208],[0.01847,5.63208],[0.01847,5.6318],[0.01819,5.6318],[0.01819,5.63103]]]]},"properties":{"region":"Greater Accra","district":"Tema","floods_1m":1,"floods_2m":1,"floods_3m":1,"first_flood_m":1,"nests":true,"area_km2":0.609}},{"type":"Feature","geometry":{"type":"Polygon","coordinates":[[[-1.86756,4.84486],[-1.86756,4.84684],[-1.86097,4.84684],[-1.86097,4.84681],[-1.86125,4.84681],[-1.86125,4.84653],[-1.86153,4.84653],[-1.86153,4.84625],[-1.86208,4.84625],[-1.86208,4.84514],[-1.86236,4.84514],[-1.86241,4.84459],[-1.86319,4.84458],[-1.86319,4.84486],[-1.86486,4.84486],[-1.86486,4.84514],[-1.86542,4.84514],[-1.86542,4.84486],[-1.86756,4.84486]]]},"properties":{"region":"Western","district":"Ahanta West","floods_1m":1,"floods_2m":1,"floods_3m":1,"first_flood_m":1,"nests":true,"area_km2":0.139}},{"type":"Feature","geometry":{"type":"MultiPolygon","coordinates":[[[[-2.10994,4.78981],[-2.11097,4.78981],[-2.11097,4.78986],[-2.11153,4.78986],[-2.11153,4.79014],[-2.11208,4.79014],[-2.11208,4.79042],[-2.11236,4.79042],[-2.11236,4.79069],[-2.11264,4.79069],[-2.11264,4.79097],[-2.11319,4.79097],[-2.11319,4.79125],[-2.11347,4.79125],[-2.11347,4.79153],[-2.11403,4.79153],[-2.11403,4.79208],[-2.11431,4.79208],[-2.11431,4.79236],[-2.11458,4.79236],[-2.11458,4.79292],[-2.11486,4.79292],[-2.11486,4.79319],[-2.11542,4.79319],[-2.11542,4.79347],[-2.11653,4.79347],[-2.11653,4.79375],[-2.11764,4.79375],[-2.11764,4.7943],[-2.11792,4.79431],[-2.11792,4.79458],[-2.11847,4.79458],[-2.11847,4.79486],[-2.11903,4.79486],[-2.11903,4.79514],[-2.12042,4.79514],[-2.12042,4.79542],[-2.12097,4.79542],[-2.12097,4.79569],[-2.12208,4.79569],[-2.12208,4.79597],[-2.12403,4.79597],[-2.12403,4.79625],[-2.1242,4.79625],[-2.1242,4.80407],[-2.10994,4.80407],[-2.10994,4.78981]]],[[[-2.11403,4.78981],[-2.12069,4.78981],[-2.12069,4.78986],[-2.12125,4.78986],[-2.12125,4.79014],[-2.12208,4.79014],[-2.12208,4.79042],[-2.12264,4.79042],[-2.12264,4.79069],[-2.12375,4.79069],[-2.12375,4.79097],[-2.1242,4.79097],[-2.1242,4.79208],[-2.12403,4.79208],[-2.12403,4.79181],[-2.12375,4.79181],[-2.12375,4.79208],[-2.12347,4.79208],[-2.12347,4.79181],[-2.12125,4.79181],[-2.12125,4.79153],[-2.12069,4.79153],[-2.12069,4.79097],[-2.12042,4.79097],[-2.12042,4.79069],[-2.11986,4.79069],[-2.11986,4.79042],[-2.11931,4.79042],[-2.11931,4.79014],[-2.11847,4.79014],[-2.11847,4.78986],[-2.11792,4.78986],[-2.11792,4.79014],[-2.11681,4.79014],[-2.11681,4.78986],[-2.11653,4.78986],[-2.11653,4.79014],[-2.11542,4.79014],[-2.11542,4.78986],[-2.11431,4.78986],[-2.11431,4.79014],[-2.11403,4.79014],[-2.11403,4.78981]]]]},"properties":{"region":"Western","district":"Ahanta West","floods_1m":1,"floods_2m":1,"floods_3m":1,"first_flood_m":1,"nests":true,"area_km2":1.953}},{"type":"Feature","geometry":{"type":"Polygon","coordinates":[[[-1.79627,4.87536],[-1.81053,4.87536],[-1.81053,4.88961],[-1.79627,4.88961],[-1.79627,4.87536]]]},"properties":{"region":"Western","district":"Ahanta West","floods_1m":0,"floods_2m":1,"floods_3m":1,"first_flood_m":2,"nests":true,"area_km2":2.503}},{"type":"Feature","geometry":{"type":"Polygon","coordinates":[[[-0.65563,5.33161],[-0.66989,5.33161],[-0.66989,5.34587],[-0.65563,5.34587],[-0.65563,5.33161]]]},"properties":{"region":"Central","district":"Gomoa","floods_1m":1,"floods_2m":1,"floods_3m":1,"first_flood_m":1,"nests":true,"area_km2":2.503}},{"type":"Feature","geometry":{"type":"Polygon","coordinates":[[[-2.19549,4.83258],[-2.20264,4.83258],[-2.20264,4.83264],[-2.20292,4.83264],[-2.20292,4.83292],[-2.2032,4.83292],[-2.2032,4.83319],[-2.20375,4.83319],[-2.20375,4.83347],[-2.2043,4.83347],[-2.20431,4.83375],[-2.20486,4.83375],[-2.20486,4.83431],[-2.20514,4.83431],[-2.20514,4.83458],[-2.20625,4.83458],[-2.20625,4.83431],[-2.2068,4.83431],[-2.2068,4.83458],[-2.20736,4.83458],[-2.20736,4.83486],[-2.20708,4.83486],[-2.20708,4.83514],[-2.2068,4.83514],[-2.2068,4.83542],[-2.20653,4.83542],[-2.20653,4.83681],[-2.2068,4.83681],[-2.2068,4.83708],[-2.20708,4.83708],[-2.20708,4.83736],[-2.20736,4.83736],[-2.20736,4.83819],[-2.20819,4.83819],[-2.20819,4.83847],[-2.20903,4.83847],[-2.20903,4.83875],[-2.20931,4.83875],[-2.20931,4.83903],[-2.20958,4.83903],[-2.20958,4.83931],[-2.20975,4.83931],[-2.20975,4.84171],[-2.20317,4.84684],[-2.19549,4.84684],[-2.19549,4.83258]]]},"properties":{"region":"Western","district":"Ahanta West","floods_1m":1,"floods_2m":1,"floods_3m":1,"first_flood_m":1,"nests":true,"area_km2":2.024}},{"type":"Feature","geometry":{"type":"Polygon","coordinates":[[[-0.64378,5.33485],[-0.64403,5.33486],[-0.64403,5.33458],[-0.64458,5.33458],[-0.64458,5.3343],[-0.64486,5.3343],[-0.64486,5.33208],[-0.64458,5.33208],[-0.64458,5.33181],[-0.6443,5.33181],[-0.6443,5.33161],[-0.64542,5.33161],[-0.64542,5.33181],[-0.64569,5.33181],[-0.64569,5.33236],[-0.64542,5.33236],[-0.64542,5.33292],[-0.64569,5.33292],[-0.64569,5.3332],[-0.64653,5.3332],[-0.64653,5.33292],[-0.6468,5.33292],[-0.6468,5.33181],[-0.64708,5.33181],[-0.64708,5.33161],[-0.65563,5.33161],[-0.65563,5.34587],[-0.64911,5.34587],[-0.64541,5.33895],[-0.64418,5.3361],[-0.64378,5.33485]]]},"properties":{"region":"Central","district":"Gomoa","floods_1m":1,"floods_2m":1,"floods_3m":1,"first_flood_m":1,"nests":true,"area_km2":1.684}},{"type":"Feature","geometry":{"type":"Polygon","coordinates":[[[-2.16698,4.79708],[-2.16708,4.79708],[-2.16708,4.7968],[-2.16736,4.7968],[-2.16736,4.79537],[-2.16736,4.79514],[-2.16764,4.79514],[-2.16764,4.79375],[-2.16792,4.79375],[-2.16792,4.79292],[-2.16819,4.79292],[-2.16819,4.79264],[-2.16847,4.79264],[-2.16847,4.79208],[-2.16819,4.79208],[-2.16819,4.79181],[-2.16847,4.79181],[-2.16847,4.79153],[-2.16931,4.79153],[-2.16931,4.79181],[-2.16958,4.79181],[-2.16958,4.79208],[-2.16986,4.79208],[-2.16986,4.79236],[-2.17014,4.79236],[-2.17014,4.79292],[-2.17042,4.79292],[-2.17042,4.79375],[-2.17014,4.79375],[-2.17014,4.79486],[-2.16986,4.79486],[-2.16986,4.79514],[-2.16931,4.79514],[-2.16931,4.79542],[-2.16903,4.79542],[-2.16903,4.79569],[-2.16875,4.79569],[-2.16875,4.79597],[-2.16847,4.79597],[-2.16847,4.79625],[-2.16819,4.79625],[-2.16819,4.7968],[-2.16847,4.7968],[-2.16847,4.79736],[-2.16875,4.79736],[-2.16875,4.79764],[-2.16903,4.79764],[-2.16903,4.79792],[-2.16931,4.79792],[-2.16931,4.79819],[-2.16903,4.79819],[-2.16903,4.79847],[-2.16875,4.79847],[-2.16875,4.79875],[-2.16819,4.79875],[-2.16819,4.80042],[-2.16847,4.80042],[-2.16847,4.80069],[-2.16875,4.80069],[-2.16875,4.80097],[-2.16931,4.80097],[-2.16931,4.80069],[-2.16958,4.80069],[-2.16958,4.80097],[-2.16986,4.80097],[-2.16986,4.80153],[-2.17042,4.80153],[-2.17042,4.80181],[-2.17125,4.80181],[-2.17125,4.80208],[-2.17153,4.80208],[-2.17153,4.80236],[-2.17236,4.80236],[-2.17236,4.80264],[-2.17264,4.80264],[-2.17264,4.80292],[-2.17236,4.80292],[-2.17236,4.80319],[-2.17264,4.80319],[-2.17264,4.80375],[-2.17208,4.80375],[-2.17208,4.80407],[-2.16698,4.80407],[-2.16698,4.79708]]]},"properties":{"region":"Western","district":"Ahanta West","floods_1m":1,"floods_2m":1,"floods_3m":1,"first_flood_m":1,"nests":true,"area_km2":0.376}},{"type":"Feature","geometry":{"type":"Polygon","coordinates":[[[-2.50917,4.97014],[-2.50931,4.97014],[-2.50931,4.97042],[-2.51181,4.97042],[-2.51181,4.97069],[-2.51347,4.97069],[-2.51347,4.97097],[-2.51458,4.97097],[-2.51458,4.97125],[-2.51736,4.97125],[-2.51736,4.97153],[-2.51958,4.97153],[-2.51958,4.97181],[-2.52097,4.97181],[-2.52097,4.97208],[-2.52181,4.97208],[-2.52181,4.97236],[-2.52292,4.97236],[-2.52292,4.97264],[-2.52343,4.97264],[-2.52343,4.97516],[-2.50917,4.97516],[-2.50917,4.97014]]]},"properties":{"region":"Western","district":"Nzema East","floods_1m":1,"floods_2m":1,"floods_3m":1,"first_flood_m":1,"nests":true,"area_km2":0.68}},{"type":"Feature","geometry":{"type":"Polygon","coordinates":[[[-1.83904,4.84792],[-1.83904,4.8611],[-1.83264,4.8611],[-1.83264,4.86069],[-1.83236,4.86069],[-1.83236,4.85958],[-1.83319,4.85958],[-1.83319,4.8593],[-1.83347,4.8593],[-1.83347,4.85903],[-1.83375,4.85903],[-1.83375,4.85847],[-1.83403,4.85847],[-1.83403,4.85819],[-1.83319,4.85819],[-1.83319,4.85764],[-1.83292,4.85764],[-1.83292,4.8568],[-1.83319,4.8568],[-1.83319,4.85653],[-1.83347,4.85653],[-1.83347,4.85625],[-1.83375,4.85625],[-1.83375,4.85597],[-1.83431,4.85597],[-1.83431,4.85569],[-1.83486,4.85569],[-1.83486,4.85542],[-1.83514,4.85542],[-1.83514,4.85514],[-1.8357,4.85514],[-1.8357,4.85486],[-1.83597,4.85486],[-1.83597,4.85458],[-1.83625,4.85458],[-1.83625,4.85375],[-1.83653,4.85375],[-1.83653,4.85264],[-1.83625,4.85264],[-1.83625,4.85236],[-1.83597,4.85236],[-1.83597,4.85208],[-1.8357,4.85208],[-1.8357,4.85181],[-1.83458,4.85181],[-1.83458,4.85153],[-1.83403,4.85153],[-1.83403,4.85125],[-1.83375,4.85125],[-1.83375,4.85042],[-1.83403,4.85042],[-1.83403,4.85014],[-1.83431,4.85014],[-1.83431,4.84986],[-1.83607,4.84986],[-1.83625,4.84986],[-1.83625,4.84966],[-1.83625,4.84958],[-1.8368,4.84958],[-1.8368,4.84931],[-1.83708,4.84931],[-1.83708,4.84869],[-1.83708,4.84847],[-1.83736,4.84847],[-1.83736,4.8482],[-1.83792,4.8482],[-1.83792,4.84792],[-1.83904,4.84792]]]},"properties":{"region":"Western","district":"Ahanta West","floods_1m":1,"floods_2m":1,"floods_3m":1,"first_flood_m":1,"nests":true,"area_km2":0.703}},{"type":"Feature","geometry":{"type":"Polygon","coordinates":[[[-2.15272,4.81832],[-2.16698,4.81832],[-2.16698,4.83258],[-2.15272,4.83258],[-2.15272,4.81832]]]},"properties":{"region":"Western","district":"Ahanta West","floods_1m":0,"floods_2m":0,"floods_3m":1,"first_flood_m":3,"nests":true,"area_km2":2.505}},{"type":"Feature","geometry":{"type":"Polygon","coordinates":[[[-1.78773,4.90387],[-1.79627,4.90387],[-1.79627,4.91813],[-1.79491,4.91813],[-1.79417,4.91628],[-1.78978,4.90882],[-1.78773,4.90387]]]},"properties":{"region":"Western","district":"Ahanta West","floods_1m":0,"floods_2m":0,"floods_3m":1,"first_flood_m":3,"nests":true,"area_km2":0.892}},{"type":"Feature","geometry":{"type":"MultiPolygon","coordinates":[[[[0.08578,5.70424],[0.08578,5.70232],[0.07153,5.70232],[0.07153,5.70292],[0.07153,5.70292],[0.07153,5.70431],[0.0718,5.70431],[0.0718,5.70486],[0.07208,5.70486],[0.07208,5.70569],[0.07236,5.70569],[0.07236,5.70625],[0.07264,5.70625],[0.07264,5.70681],[0.07292,5.70681],[0.07292,5.70736],[0.0732,5.70736],[0.0732,5.70764],[0.07347,5.70764],[0.07347,5.7082],[0.07375,5.7082],[0.07375,5.70875],[0.07403,5.70875],[0.07403,5.70903],[0.0743,5.70903],[0.0743,5.70958],[0.07458,5.70958],[0.07458,5.71014],[0.0743,5.71014],[0.0743,5.71153],[0.07458,5.71153],[0.07458,5.71264],[0.07486,5.71264],[0.07486,5.71347],[0.07458,5.71347],[0.07458,5.71625],[0.0743,5.71625],[0.0743,5.71658],[0.07812,5.71658],[0.08045,5.71201],[0.08206,5.70945],[0.08572,5.70434],[0.08578,5.70424]]],[[[0.07153,5.70569],[0.07153,5.71514],[0.07153,5.71514],[0.07153,5.71458],[0.0718,5.71458],[0.0718,5.7143],[0.07208,5.7143],[0.07208,5.71375],[0.07236,5.71375],[0.07236,5.71319],[0.07264,5.71319],[0.07264,5.71292],[0.07292,5.71292],[0.07292,5.71264],[0.0732,5.71264],[0.0732,5.70958],[0.07292,5.70958],[0.07292,5.70931],[0.07264,5.70931],[0.07264,5.70903],[0.07236,5.70903],[0.07236,5.70847],[0.07208,5.70847],[0.07208,5.70764],[0.0718,5.70764],[0.0718,5.70708],[0.07153,5.70708],[0.07153,5.70569],[0.07153,5.70569]]]]},"properties":{"region":"Greater Accra","district":"Tema","floods_1m":1,"floods_2m":1,"floods_3m":1,"first_flood_m":1,"nests":true,"area_km2":1.626}},{"type":"Feature","geometry":{"type":"Polygon","coordinates":[[[0.08578,5.69792],[0.08514,5.69792],[0.08514,5.69819],[0.08292,5.69819],[0.08292,5.69792],[0.08236,5.69792],[0.08236,5.69764],[0.08208,5.69764],[0.08208,5.69736],[0.07958,5.69736],[0.07958,5.69708],[0.07875,5.69708],[0.07875,5.69681],[0.07819,5.69681],[0.07819,5.69653],[0.07736,5.69653],[0.07736,5.69625],[0.07681,5.69625],[0.07681,5.69597],[0.0743,5.69597],[0.0743,5.69569],[0.07403,5.69569],[0.07403,5.69542],[0.07375,5.69542],[0.07375,5.69514],[0.07292,5.69514],[0.07292,5.69486],[0.07153,5.69486],[0.07153,5.69819],[0.07153,5.69819],[0.07153,5.69847],[0.0718,5.69847],[0.0718,5.69875],[0.07264,5.69875],[0.07264,5.69903],[0.0732,5.69903],[0.0732,5.69931],[0.07347,5.69931],[0.07347,5.69958],[0.07375,5.69958],[0.07375,5.69986],[0.07403,5.69986],[0.07403,5.70069],[0.0743,5.70069],[0.0743,5.70153],[0.07403,5.70153],[0.07403,5.70181],[0.07347,5.70181],[0.07347,5.70153],[0.0732,5.70153],[0.0732,5.70125],[0.07292,5.70125],[0.07292,5.70042],[0.07264,5.70042],[0.07264,5.70014],[0.07236,5.70014],[0.07236,5.69986],[0.07153,5.69986],[0.07153,5.70232],[0.08578,5.70232],[0.08578,5.69792]]]},"properties":{"region":"Greater Accra","district":"Tema","floods_1m":1,"floods_2m":1,"floods_3m":1,"first_flood_m":1,"nests":true,"area_km2":0.927}},{"type":"Feature","geometry":{"type":"Polygon","coordinates":[[[-0.78395,5.24606],[-0.79821,5.24606],[-0.79821,5.24695],[-0.79821,5.26032],[-0.78395,5.26032],[-0.78395,5.24695],[-0.78395,5.24606]]]},"properties":{"region":"Central","district":"Gomoa","floods_1m":0,"floods_2m":1,"floods_3m":1,"first_flood_m":2,"nests":true,"area_km2":2.504}},{"type":"Feature","geometry":{"type":"Polygon","coordinates":[[[-1.89607,4.84684],[-1.91033,4.84684],[-1.91033,4.8611],[-1.89607,4.8611],[-1.89607,4.84684]]]},"properties":{"region":"Western","district":"Ahanta West","floods_1m":1,"floods_2m":1,"floods_3m":1,"first_flood_m":1,"nests":true,"area_km2":2.505}},{"type":"Feature","geometry":{"type":"MultiPolygon","coordinates":[[[[0.07153,5.72264],[0.07153,5.72347],[0.07153,5.72347],[0.07153,5.72264],[0.07153,5.72264]]],[[[0.07812,5.71658],[0.0743,5.71658],[0.0743,5.71736],[0.07403,5.71736],[0.07403,5.71764],[0.0732,5.71764],[0.0732,5.71792],[0.07292,5.71792],[0.07292,5.71986],[0.07264,5.71986],[0.07264,5.72014],[0.07236,5.72014],[0.07236,5.72042],[0.0718,5.72042],[0.0718,5.72181],[0.07208,5.72181],[0.07208,5.72292],[0.07236,5.72292],[0.07236,5.72319],[0.0738,5.72216],[0.07534,5.72068],[0.07795,5.7169],[0.07812,5.71658]]]]},"properties":{"region":"Greater Accra","district":"Tema","floods_1m":1,"floods_2m":1,"floods_3m":1,"first_flood_m":1,"nests":true,"area_km2":0.243}},{"type":"Feature","geometry":{"type":"Polygon","coordinates":[[[-0.08182,5.58653],[-0.0794,5.5882],[-0.07945,5.58826],[-0.07708,5.58826],[-0.07708,5.58819],[-0.07792,5.58819],[-0.07792,5.58792],[-0.07847,5.58792],[-0.07847,5.58764],[-0.07903,5.58764],[-0.07903,5.58736],[-0.07986,5.58736],[-0.07986,5.58708],[-0.08042,5.58708],[-0.08042,5.58681],[-0.0807,5.58681],[-0.0807,5.58653],[-0.08182,5.58653]]]},"properties":{"region":"Greater Accra","district":"Tema","floods_1m":1,"floods_2m":1,"floods_3m":1,"first_flood_m":1,"nests":true,"area_km2":0.027}},{"type":"Feature","geometry":{"type":"Polygon","coordinates":[[[0.05727,5.68181],[0.05727,5.68806],[0.06347,5.68806],[0.06347,5.68792],[0.06319,5.68792],[0.06319,5.68764],[0.06292,5.68764],[0.06292,5.68736],[0.06264,5.68736],[0.06264,5.68708],[0.06236,5.68708],[0.06236,5.6868],[0.06208,5.6868],[0.06208,5.68653],[0.06181,5.68653],[0.06181,5.68597],[0.06153,5.68597],[0.06153,5.68542],[0.06125,5.68542],[0.06125,5.68514],[0.06069,5.68514],[0.06069,5.68486],[0.06014,5.68486],[0.06014,5.68458],[0.05986,5.68458],[0.05986,5.68431],[0.05958,5.68431],[0.05958,5.68403],[0.05931,5.68403],[0.05931,5.68347],[0.05958,5.68347],[0.05958,5.6832],[0.05931,5.6832],[0.05931,5.68292],[0.05875,5.68292],[0.05875,5.68264],[0.05819,5.68264],[0.05819,5.68236],[0.05792,5.68236],[0.05792,5.68208],[0.05764,5.68208],[0.05764,5.68181],[0.05727,5.68181]]]},"properties":{"region":"Greater Accra","district":"Tema","floods_1m":1,"floods_2m":1,"floods_3m":1,"first_flood_m":1,"nests":true,"area_km2":0.255}},{"type":"Feature","geometry":{"type":"Polygon","coordinates":[[[-2.38085,4.97516],[-2.3951,4.97516],[-2.3951,4.98942],[-2.38085,4.98942],[-2.38085,4.97516]]]},"properties":{"region":"Western","district":"Nzema East","floods_1m":1,"floods_2m":1,"floods_3m":1,"first_flood_m":1,"nests":true,"area_km2":2.503}},{"type":"Feature","geometry":{"type":"Polygon","coordinates":[[[-2.09569,4.76129],[-2.10994,4.76129],[-2.10994,4.76208],[-2.10958,4.76208],[-2.10958,4.76236],[-2.10931,4.76236],[-2.10931,4.76292],[-2.10903,4.76292],[-2.10903,4.76319],[-2.10931,4.76319],[-2.10931,4.76375],[-2.10958,4.76375],[-2.10958,4.76403],[-2.10986,4.76403],[-2.10986,4.76431],[-2.10994,4.76431],[-2.10994,4.7682],[-2.10986,4.7682],[-2.10986,4.76903],[-2.10958,4.76903],[-2.10958,4.76931],[-2.10931,4.76931],[-2.10931,4.76986],[-2.10903,4.76986],[-2.10903,4.77014],[-2.10875,4.77014],[-2.10875,4.77042],[-2.10847,4.77042],[-2.10847,4.77097],[-2.10819,4.77097],[-2.10819,4.77153],[-2.10792,4.77153],[-2.10792,4.7718],[-2.10764,4.7718],[-2.10764,4.77208],[-2.10736,4.77208],[-2.10736,4.77236],[-2.10681,4.77236],[-2.10681,4.77292],[-2.10625,4.77292],[-2.10625,4.77319],[-2.10597,4.77319],[-2.10597,4.77375],[-2.10542,4.77375],[-2.10542,4.77458],[-2.10514,4.77458],[-2.10514,4.77514],[-2.10542,4.77514],[-2.10542,4.77542],[-2.10514,4.77542],[-2.10514,4.77555],[-2.09569,4.77555],[-2.09569,4.76129]]]},"properties":{"region":"Western","district":"Ahanta West","floods_1m":1,"floods_2m":1,"floods_3m":1,"first_flood_m":1,"nests":true,"area_km2":2.266}},{"type":"Feature","geometry":{"type":"Polygon","coordinates":[[[-0.04254,5.6118],[-0.04292,5.6118],[-0.04292,5.61153],[-0.04347,5.61153],[-0.04347,5.61125],[-0.04403,5.61125],[-0.04403,5.61097],[-0.04486,5.61097],[-0.04486,5.61069],[-0.04569,5.61069],[-0.04569,5.61042],[-0.04653,5.61042],[-0.04653,5.61014],[-0.04708,5.61014],[-0.04708,5.60986],[-0.04819,5.60986],[-0.04819,5.60958],[-0.04958,5.60958],[-0.04958,5.6093],[-0.05014,5.6093],[-0.05014,5.60903],[-0.05042,5.60903],[-0.05042,5.60875],[-0.05153,5.60875],[-0.05153,5.60847],[-0.05208,5.60847],[-0.05208,5.60819],[-0.05236,5.60819],[-0.05236,5.60792],[-0.05347,5.60792],[-0.05347,5.60764],[-0.05403,5.60764],[-0.05403,5.60736],[-0.05679,5.60736],[-0.05679,5.61677],[-0.04254,5.61677],[-0.04254,5.6118]]]},"properties":{"region":"Greater Accra","district":"Tema","floods_1m":1,"floods_2m":1,"floods_3m":1,"first_flood_m":1,"nests":true,"area_km2":1.323}},{"type":"Feature","geometry":{"type":"Polygon","coordinates":[[[-1.98162,4.77555],[-1.99588,4.77555],[-1.99588,4.78981],[-1.98162,4.78981],[-1.98162,4.77555]]]},"properties":{"region":"Western","district":"Ahanta West","floods_1m":0,"floods_2m":1,"floods_3m":1,"first_flood_m":2,"nests":true,"area_km2":2.506}},{"type":"Feature","geometry":{"type":"Polygon","coordinates":[[[-0.04254,5.64529],[-0.05679,5.64529],[-0.05679,5.65955],[-0.04254,5.65955],[-0.04254,5.64529]]]},"properties":{"region":"Greater Accra","district":"Tema","floods_1m":0,"floods_2m":1,"floods_3m":1,"first_flood_m":2,"nests":true,"area_km2":2.5}},{"type":"Feature","geometry":{"type":"Polygon","coordinates":[[[-2.22401,4.93239],[-2.23827,4.93239],[-2.23827,4.94665],[-2.22401,4.94665],[-2.22401,4.93239]]]},"properties":{"region":"Western","district":"Nzema East","floods_1m":1,"floods_2m":1,"floods_3m":1,"first_flood_m":1,"nests":true,"area_km2":2.505}},{"type":"Feature","geometry":{"type":"Polygon","coordinates":[[[-1.86756,4.84486],[-1.86764,4.84486],[-1.86764,4.84458],[-1.86875,4.84458],[-1.86875,4.84431],[-1.86903,4.84431],[-1.86958,4.84431],[-1.86958,4.84403],[-1.86986,4.84403],[-1.86986,4.84375],[-1.87014,4.84375],[-1.87014,4.84347],[-1.87097,4.84347],[-1.87097,4.84319],[-1.87125,4.84319],[-1.87125,4.84292],[-1.87181,4.84292],[-1.87181,4.84264],[-1.87264,4.84264],[-1.87264,4.84236],[-1.87347,4.84236],[-1.87347,4.84208],[-1.87375,4.84208],[-1.87375,4.84181],[-1.87403,4.84181],[-1.87403,4.84014],[-1.87431,4.84014],[-1.87431,4.83986],[-1.87486,4.83986],[-1.87486,4.83958],[-1.87514,4.83958],[-1.87514,4.83931],[-1.87625,4.83931],[-1.87625,4.83903],[-1.87653,4.83903],[-1.87653,4.83875],[-1.87681,4.83875],[-1.87681,4.83847],[-1.87708,4.83847],[-1.87708,4.83819],[-1.87958,4.83819],[-1.87958,4.83792],[-1.88014,4.83792],[-1.88014,4.83764],[-1.88097,4.83764],[-1.88097,4.83736],[-1.88153,4.83736],[-1.88153,4.83708],[-1.88182,4.83708],[-1.88182,4.84684],[-1.86756,4.84684],[-1.86756,4.84486]]]},"properties":{"region":"Western","district":"Ahanta West","floods_1m":1,"floods_2m":1,"floods_3m":1,"first_flood_m":1,"nests":true,"area_km2":1.079}},{"type":"Feature","geometry":{"type":"Polygon","coordinates":[[[-1.7768,4.88961],[-1.78201,4.88961],[-1.78201,4.89623],[-1.77808,4.89164],[-1.7768,4.88961]]]},"properties":{"region":"Western","district":"Ahanta West","floods_1m":0,"floods_2m":1,"floods_3m":1,"first_flood_m":2,"nests":true,"area_km2":0.225}},{"type":"Feature","geometry":{"type":"Polygon","coordinates":[[[-2.48065,4.98942],[-2.49491,4.98942],[-2.49491,5.00368],[-2.48065,5.00368],[-2.48065,4.98942]]]},"properties":{"region":"Western","district":"Nzema East","floods_1m":1,"floods_2m":1,"floods_3m":1,"first_flood_m":1,"nests":true,"area_km2":2.505}},{"type":"Feature","geometry":{"type":"Polygon","coordinates":[[[-2.10994,4.75486],[-2.11125,4.75486],[-2.11125,4.75514],[-2.11153,4.75514],[-2.11153,4.75653],[-2.11125,4.75653],[-2.11125,4.75708],[-2.11069,4.75708],[-2.11069,4.75736],[-2.11042,4.75736],[-2.11042,4.75764],[-2.11014,4.75764],[-2.11014,4.75819],[-2.11042,4.75819],[-2.11042,4.75903],[-2.11069,4.75903],[-2.11069,4.7607],[-2.11097,4.76069],[-2.11097,4.76097],[-2.11125,4.76097],[-2.11125,4.76125],[-2.11097,4.76125],[-2.11097,4.76129],[-2.10994,4.76129],[-2.10994,4.75486]]]},"properties":{"region":"Western","district":"Ahanta West","floods_1m":1,"floods_2m":1,"floods_3m":1,"first_flood_m":1,"nests":true,"area_km2":0.075}},{"type":"Feature","geometry":{"type":"Polygon","coordinates":[[[0.00024,5.62653],[0.00024,5.63103],[0.01042,5.63103],[0.01042,5.63097],[0.01014,5.63097],[0.01014,5.63069],[0.00986,5.63069],[0.00986,5.63042],[0.00958,5.63042],[0.00958,5.63014],[0.00931,5.63014],[0.00931,5.62958],[0.00903,5.62958],[0.00903,5.62903],[0.00875,5.62903],[0.00875,5.62875],[0.00819,5.62875],[0.00819,5.62847],[0.00764,5.62847],[0.00764,5.62819],[0.00736,5.62819],[0.00736,5.6274],[0.00736,5.62708],[0.00764,5.62708],[0.00764,5.62681],[0.00792,5.6268],[0.00792,5.62653],[0.00903,5.62653],[0.00903,5.62625],[0.00931,5.62625],[0.00931,5.62597],[0.00958,5.62597],[0.00958,5.62542],[0.00903,5.62542],[0.00903,5.62514],[0.00875,5.62514],[0.00875,5.62486],[0.00847,5.62486],[0.00847,5.62458],[0.00819,5.62458],[0.00819,5.62431],[0.00792,5.62431],[0.00792,5.62347],[0.00764,5.62347],[0.00764,5.62319],[0.00736,5.62319],[0.00736,5.62292],[0.00708,5.62292],[0.00708,5.62264],[0.00625,5.62264],[0.00625,5.62375],[0.00653,5.62375],[0.00653,5.62431],[0.00625,5.62431],[0.00625,5.62458],[0.00375,5.62458],[0.00319,5.62458],[0.00319,5.62486],[0.00208,5.62486],[0.00208,5.62514],[0.0018,5.62514],[0.0018,5.62542],[0.00153,5.62542],[0.00153,5.62597],[0.00125,5.62597],[0.00125,5.62625],[0.00069,5.62625],[0.00069,5.62653],[0.00024,5.62653]]]},"properties":{"region":"Greater Accra","district":"Tema","floods_1m":1,"floods_2m":1,"floods_3m":1,"first_flood_m":1,"nests":true,"area_km2":0.668}},{"type":"Feature","geometry":{"type":"Polygon","coordinates":[[[-1.93885,4.79764],[-1.93903,4.79764],[-1.93903,4.79736],[-1.9393,4.79736],[-1.9393,4.79625],[-1.93958,4.79625],[-1.93958,4.79542],[-1.93986,4.79542],[-1.93986,4.79514],[-1.94042,4.79514],[-1.94042,4.79486],[-1.94131,4.79486],[-1.94208,4.79486],[-1.94208,4.79458],[-1.94236,4.79458],[-1.94236,4.79431],[-1.94319,4.7943],[-1.94319,4.79375],[-1.94347,4.79375],[-1.94347,4.79347],[-1.94375,4.79347],[-1.94375,4.79273],[-1.94375,4.79264],[-1.94403,4.79264],[-1.94403,4.79208],[-1.9443,4.79208],[-1.9443,4.79181],[-1.94458,4.79181],[-1.94458,4.79208],[-1.94514,4.79208],[-1.94514,4.79218],[-1.94514,4.79236],[-1.94597,4.79236],[-1.94597,4.79264],[-1.94625,4.79264],[-1.94625,4.79319],[-1.94792,4.79319],[-1.94792,4.79292],[-1.9482,4.79292],[-1.9482,4.79208],[-1.94847,4.79208],[-1.94847,4.79125],[-1.9482,4.79125],[-1.9482,4.79097],[-1.94792,4.79097],[-1.94792,4.79069],[-1.94764,4.79069],[-1.94764,4.79042],[-1.94736,4.79042],[-1.94736,4.79014],[-1.94708,4.79014],[-1.94708,4.78986],[-1.94681,4.78986],[-1.94681,4.78981],[-1.95311,4.78981],[-1.95311,4.80407],[-1.93885,4.80407],[-1.93885,4.79764]]]},"properties":{"region":"Western","district":"Ahanta West","floods_1m":1,"floods_2m":1,"floods_3m":1,"first_flood_m":1,"nests":true,"area_km2":2.044}},{"type":"Feature","geometry":{"type":"MultiPolygon","coordinates":[[[[0.07153,5.71514],[0.07153,5.70569],[0.07125,5.70569],[0.07125,5.70458],[0.07097,5.70458],[0.07097,5.70403],[0.07069,5.70403],[0.07069,5.70375],[0.06986,5.70375],[0.06986,5.70232],[0.05727,5.70232],[0.05727,5.71658],[0.07069,5.71658],[0.07069,5.71625],[0.07097,5.71625],[0.07097,5.71597],[0.07125,5.71597],[0.07125,5.71514],[0.07153,5.71514]]],[[[0.07153,5.70232],[0.07125,5.70232],[0.07125,5.70292],[0.07153,5.70292],[0.07153,5.70232]]]]},"properties":{"region":"Greater Accra","district":"Tema","floods_1m":1,"floods_2m":1,"floods_3m":1,"first_flood_m":1,"nests":true,"area_km2":2.456}},{"type":"Feature","geometry":{"type":"Polygon","coordinates":[[[-1.36853,5.07764],[-1.36931,5.07764],[-1.36931,5.07736],[-1.37014,5.07736],[-1.37014,5.07708],[-1.37097,5.07708],[-1.37097,5.07681],[-1.37236,5.07681],[-1.37236,5.07653],[-1.37264,5.07653],[-1.37264,5.07625],[-1.3732,5.07625],[-1.3732,5.07597],[-1.37403,5.07597],[-1.37403,5.0757],[-1.37514,5.0757],[-1.37514,5.07542],[-1.37597,5.07542],[-1.37597,5.07514],[-1.37653,5.07514],[-1.37653,5.07497],[-1.38279,5.07497],[-1.38279,5.08923],[-1.36853,5.08923],[-1.36853,5.07764]]]},"properties":{"region":"Central","district":"Komenda-Edina-Eguafo-Abirem","floods_1m":1,"floods_2m":1,"floods_3m":1,"first_flood_m":1,"nests":true,"area_km2":2.361}},{"type":"Feature","geometry":{"type":"Polygon","coordinates":[[[0.02875,5.65955],[0.0145,5.65955],[0.0145,5.6738],[0.02875,5.6738],[0.02875,5.65955]]]},"properties":{"region":"Greater Accra","district":"Tema","floods_1m":0,"floods_2m":0,"floods_3m":1,"first_flood_m":3,"nests":true,"area_km2":2.498}},{"type":"Feature","geometry":{"type":"Polygon","coordinates":[[[-1.98162,4.80407],[-1.99588,4.80407],[-1.99588,4.81832],[-1.98162,4.81832],[-1.98162,4.80407]]]},"properties":{"region":"Western","district":"Ahanta West","floods_1m":1,"floods_2m":1,"floods_3m":1,"first_flood_m":1,"nests":true,"area_km2":2.504}},{"type":"Feature","geometry":{"type":"Polygon","coordinates":[[[-2.46639,5.00368],[-2.48065,5.00368],[-2.48065,5.01794],[-2.46639,5.01794],[-2.46639,5.00368]]]},"properties":{"region":"Western","district":"Nzema East","floods_1m":1,"floods_2m":1,"floods_3m":1,"first_flood_m":1,"nests":true,"area_km2":2.505}},{"type":"Feature","geometry":{"type":"Polygon","coordinates":[[[-1.81053,4.87536],[-1.82478,4.87536],[-1.82478,4.88961],[-1.81053,4.88961],[-1.81053,4.87536]]]},"properties":{"region":"Western","district":"Ahanta West","floods_1m":1,"floods_2m":1,"floods_3m":1,"first_flood_m":1,"nests":true,"area_km2":2.502}},{"type":"Feature","geometry":{"type":"Polygon","coordinates":[[[-1.51111,5.04264],[-1.51292,5.04264],[-1.51292,5.04236],[-1.51792,5.04236],[-1.51792,5.04208],[-1.52042,5.04208],[-1.52042,5.04223],[-1.52042,5.04236],[-1.52264,5.04236],[-1.52264,5.04208],[-1.52537,5.04208],[-1.52537,5.04645],[-1.51111,5.04645],[-1.51111,5.04264]]]},"properties":{"region":"Central","district":"Komenda-Edina-Eguafo-Abirem","floods_1m":1,"floods_2m":1,"floods_3m":1,"first_flood_m":1,"nests":true,"area_km2":0.73}},{"type":"Feature","geometry":{"type":"Polygon","coordinates":[[[-1.89607,4.83258],[-1.91033,4.83258],[-1.91033,4.84684],[-1.89607,4.84684],[-1.89607,4.83258]]]},"properties":{"region":"Western","district":"Ahanta West","floods_1m":1,"floods_2m":1,"floods_3m":1,"first_flood_m":1,"nests":true,"area_km2":2.505}},{"type":"Feature","geometry":{"type":"Polygon","coordinates":[[[-1.3115,5.12865],[-1.31891,5.11999],[-1.32023,5.11774],[-1.32576,5.11774],[-1.32576,5.132],[-1.3115,5.132],[-1.3115,5.12865]]]},"properties":{"region":"Central","district":"Komenda-Edina-Eguafo-Abirem","floods_1m":0,"floods_2m":0,"floods_3m":1,"first_flood_m":3,"nests":true,"area_km2":1.885}},{"type":"Feature","geometry":{"type":"Polygon","coordinates":[[[-1.35427,5.07958],[-1.35431,5.07958],[-1.35431,5.07931],[-1.35986,5.07931],[-1.35986,5.07903],[-1.36014,5.07903],[-1.36014,5.07931],[-1.36125,5.07931],[-1.36125,5.07903],[-1.36181,5.07903],[-1.36181,5.07875],[-1.36292,5.07875],[-1.36292,5.07847],[-1.36403,5.07847],[-1.36403,5.07819],[-1.36625,5.07819],[-1.36625,5.07792],[-1.36764,5.07792],[-1.36764,5.07764],[-1.36853,5.07764],[-1.36853,5.08923],[-1.35427,5.08923],[-1.35427,5.07958]]]},"properties":{"region":"Central","district":"Komenda-Edina-Eguafo-Abirem","floods_1m":1,"floods_2m":1,"floods_3m":1,"first_flood_m":1,"nests":true,"area_km2":1.837}},{"type":"Feature","geometry":{"type":"Polygon","coordinates":[[[-1.81053,4.90387],[-1.82478,4.90387],[-1.82478,4.91813],[-1.81053,4.91813],[-1.81053,4.90387]]]},"properties":{"region":"Western","district":"Ahanta West","floods_1m":0,"floods_2m":0,"floods_3m":1,"first_flood_m":3,"nests":true,"area_km2":2.503}},{"type":"Feature","geometry":{"type":"Polygon","coordinates":[[[0.07125,5.72374],[0.07125,5.72347],[0.07153,5.72347],[0.07153,5.72264],[0.07125,5.72264],[0.07125,5.72181],[0.07097,5.72181],[0.07097,5.72097],[0.07069,5.72097],[0.07069,5.7207],[0.07042,5.7207],[0.07042,5.7168],[0.07069,5.7168],[0.07069,5.71658],[0.05727,5.71658],[0.05727,5.73084],[0.06001,5.73084],[0.06224,5.72883],[0.0666,5.72584],[0.07125,5.72374]]]},"properties":{"region":"Greater Accra","district":"Tema","floods_1m":1,"floods_2m":1,"floods_3m":1,"first_flood_m":1,"nests":true,"area_km2":1.848}},{"type":"Feature","geometry":{"type":"Polygon","coordinates":[[[-2.36659,4.9368],[-2.36681,4.9368],[-2.36681,4.93708],[-2.36764,4.93708],[-2.36764,4.93736],[-2.36847,4.93736],[-2.36847,4.93764],[-2.3693,4.93764],[-2.3693,4.93792],[-2.3707,4.93792],[-2.3707,4.93819],[-2.37125,4.93819],[-2.37125,4.93847],[-2.3718,4.93847],[-2.3718,4.93875],[-2.37403,4.93875],[-2.37403,4.93903],[-2.37486,4.93903],[-2.37486,4.9393],[-2.37542,4.9393],[-2.37542,4.93958],[-2.37653,4.93958],[-2.37653,4.93986],[-2.37764,4.93986],[-2.37764,4.94014],[-2.37819,4.94014],[-2.37819,4.94042],[-2.38014,4.94042],[-2.38014,4.94069],[-2.38042,4.94069],[-2.38042,4.94097],[-2.38069,4.94097],[-2.38069,4.94125],[-2.38085,4.94125],[-2.38085,4.94665],[-2.36659,4.94665],[-2.36659,4.9368]]]},"properties":{"region":"Western","district":"Nzema East","floods_1m":1,"floods_2m":1,"floods_3m":1,"first_flood_m":1,"nests":true,"area_km2":1.354}},{"type":"Feature","geometry":{"type":"Polygon","coordinates":[[[-1.53963,5.04645],[-1.55388,5.04645],[-1.55388,5.06071],[-1.53963,5.06071],[-1.53963,5.04645]]]},"properties":{"region":"Central","district":"Komenda-Edina-Eguafo-Abirem","floods_1m":1,"floods_2m":1,"floods_3m":1,"first_flood_m":1,"nests":true,"area_km2":2.503}},{"type":"Feature","geometry":{"type":"Polygon","coordinates":[[[-2.13431,4.78981],[-2.13292,4.78981],[-2.13292,4.78958],[-2.13319,4.78958],[-2.13319,4.78931],[-2.13375,4.78931],[-2.13375,4.78958],[-2.13431,4.78958],[-2.13431,4.78981]]]},"properties":{"region":"Western","district":"Ahanta West","floods_1m":0,"floods_2m":0,"floods_3m":1,"first_flood_m":3,"nests":true,"area_km2":0.006}},{"type":"Feature","geometry":{"type":"Polygon","coordinates":[[[-1.88182,4.83708],[-1.88208,4.83708],[-1.88208,4.83681],[-1.88264,4.83681],[-1.88264,4.83653],[-1.88292,4.83653],[-1.88292,4.83625],[-1.8832,4.83625],[-1.8832,4.83597],[-1.88403,4.83597],[-1.88403,4.83569],[-1.88431,4.83569],[-1.88431,4.83542],[-1.88486,4.83542],[-1.88486,4.83375],[-1.88514,4.83375],[-1.88514,4.83258],[-1.89607,4.83258],[-1.89607,4.84684],[-1.88182,4.84684],[-1.88182,4.83708]]]},"properties":{"region":"Western","district":"Ahanta West","floods_1m":1,"floods_2m":1,"floods_3m":1,"first_flood_m":1,"nests":true,"area_km2":2.365}},{"type":"Feature","geometry":{"type":"Polygon","coordinates":[[[-1.46834,5.05653],[-1.47069,5.05653],[-1.47069,5.05625],[-1.47208,5.05625],[-1.47208,5.05597],[-1.47319,5.05597],[-1.47319,5.05569],[-1.47458,5.05569],[-1.47458,5.05542],[-1.47486,5.05542],[-1.47486,5.05569],[-1.47542,5.05569],[-1.47542,5.05542],[-1.47569,5.05542],[-1.47569,5.05514],[-1.47597,5.05514],[-1.47597,5.05486],[-1.47653,5.05486],[-1.47653,5.05458],[-1.47708,5.05458],[-1.47708,5.05431],[-1.47736,5.05431],[-1.47736,5.05403],[-1.47792,5.05403],[-1.47792,5.05375],[-1.47847,5.05375],[-1.47847,5.05347],[-1.47958,5.05347],[-1.47958,5.05319],[-1.47986,5.05319],[-1.47986,5.05292],[-1.4807,5.05292],[-1.4807,5.05264],[-1.4817,5.05264],[-1.4818,5.05264],[-1.4818,5.05236],[-1.48259,5.05236],[-1.48259,5.06071],[-1.4817,5.06071],[-1.46834,5.06071],[-1.46834,5.05653]]]},"properties":{"region":"Central","district":"Komenda-Edina-Eguafo-Abirem","floods_1m":1,"floods_2m":1,"floods_3m":1,"first_flood_m":1,"nests":true,"area_km2":1.031}},{"type":"Feature","geometry":{"type":"Polygon","coordinates":[[[-1.89607,4.82764],[-1.89625,4.82764],[-1.89625,4.82792],[-1.90236,4.82792],[-1.90236,4.82764],[-1.90375,4.82764],[-1.90375,4.82736],[-1.90597,4.82736],[-1.90597,4.82764],[-1.90681,4.82764],[-1.90681,4.82736],[-1.90764,4.82736],[-1.90764,4.82708],[-1.9082,4.82708],[-1.9082,4.82681],[-1.91033,4.82681],[-1.91033,4.83258],[-1.89607,4.83258],[-1.89607,4.82764]]]},"properties":{"region":"Western","district":"Ahanta West","floods_1m":1,"floods_2m":1,"floods_3m":1,"first_flood_m":1,"nests":true,"area_km2":0.883}},{"type":"Feature","geometry":{"type":"Polygon","coordinates":[[[-2.23827,4.85097],[-2.23876,4.85097],[-2.23958,4.85097],[-2.23955,4.85125],[-2.23986,4.85125],[-2.23988,4.85149],[-2.23995,4.85153],[-2.24014,4.85153],[-2.24014,4.85162],[-2.24014,4.85181],[-2.24042,4.85181],[-2.24042,4.85208],[-2.24113,4.85208],[-2.24153,4.85208],[-2.24153,4.85227],[-2.24153,4.85264],[-2.24181,4.85264],[-2.24181,4.85292],[-2.24208,4.85292],[-2.24208,4.8532],[-2.24236,4.8532],[-2.24236,4.85375],[-2.24264,4.85375],[-2.24264,4.85458],[-2.24292,4.85458],[-2.24292,4.85514],[-2.24319,4.85514],[-2.24319,4.85542],[-2.24431,4.85542],[-2.24431,4.85514],[-2.245,4.85514],[-2.24569,4.85514],[-2.24569,4.85486],[-2.24597,4.85486],[-2.24597,4.85514],[-2.24653,4.85514],[-2.24653,4.85542],[-2.24681,4.85542],[-2.24681,4.85597],[-2.24653,4.85597],[-2.24653,4.85625],[-2.24625,4.85625],[-2.24625,4.8568],[-2.24597,4.8568],[-2.24597,4.85708],[-2.24569,4.85708],[-2.24569,4.85764],[-2.24535,4.85764],[-2.24514,4.85764],[-2.24514,4.85792],[-2.24319,4.85792],[-2.24319,4.85875],[-2.24292,4.85875],[-2.24292,4.85903],[-2.24181,4.85903],[-2.24181,4.8593],[-2.24153,4.8593],[-2.24153,4.86041],[-2.24125,4.86042],[-2.24125,4.86097],[-2.24097,4.86097],[-2.24097,4.8611],[-2.23827,4.8611],[-2.23827,4.85097]]]},"properties":{"region":"Western","district":"Nzema East","floods_1m":1,"floods_2m":1,"floods_3m":1,"first_flood_m":1,"nests":true,"area_km2":0.591}},{"type":"Feature","geometry":{"type":"Polygon","coordinates":[[[-1.32576,5.10348],[-1.34001,5.10348],[-1.34001,5.11774],[-1.32576,5.11774],[-1.32576,5.10348]]]},"properties":{"region":"Central","district":"Komenda-Edina-Eguafo-Abirem","floods_1m":0,"floods_2m":1,"floods_3m":1,"first_flood_m":2,"nests":true,"area_km2":2.503}},{"type":"Feature","geometry":{"type":"Polygon","coordinates":[[[-1.83904,4.84792],[-1.83936,4.84792],[-1.83986,4.84792],[-1.83986,4.8482],[-1.84014,4.8482],[-1.84014,4.84875],[-1.84542,4.84875],[-1.84542,4.84847],[-1.84597,4.84847],[-1.84597,4.8482],[-1.84625,4.8482],[-1.84625,4.84847],[-1.84847,4.84847],[-1.84847,4.8482],[-1.84875,4.8482],[-1.84875,4.84792],[-1.84903,4.84792],[-1.84903,4.84764],[-1.84958,4.84764],[-1.84958,4.84792],[-1.85181,4.84792],[-1.85181,4.84764],[-1.85264,4.84764],[-1.85264,4.84736],[-1.8533,4.84736],[-1.8533,4.8611],[-1.83904,4.8611],[-1.83904,4.84792]]]},"properties":{"region":"Western","district":"Ahanta West","floods_1m":1,"floods_2m":1,"floods_3m":1,"first_flood_m":1,"nests":true,"area_km2":2.249}},{"type":"Feature","geometry":{"type":"Polygon","coordinates":[[[-1.34001,5.09208],[-1.34153,5.09208],[-1.34153,5.0918],[-1.34236,5.0918],[-1.34236,5.09153],[-1.34319,5.09153],[-1.34319,5.09125],[-1.34347,5.09125],[-1.34347,5.09069],[-1.34375,5.09069],[-1.34375,5.09042],[-1.34486,5.09042],[-1.34486,5.09014],[-1.3457,5.09014],[-1.3457,5.08986],[-1.34597,5.08986],[-1.34597,5.08958],[-1.34625,5.08958],[-1.34625,5.0893],[-1.34653,5.0893],[-1.34653,5.08923],[-1.35427,5.08923],[-1.35427,5.10348],[-1.34001,5.10348],[-1.34001,5.09208]]]},"properties":{"region":"Central","district":"Komenda-Edina-Eguafo-Abirem","floods_1m":1,"floods_2m":1,"floods_3m":1,"first_flood_m":1,"nests":true,"area_km2":2.358}},{"type":"Feature","geometry":{"type":"Polygon","coordinates":[[[-0.02828,5.61677],[-0.04254,5.61677],[-0.04254,5.63103],[-0.02828,5.63103],[-0.02828,5.61677]]]},"properties":{"region":"Greater Accra","district":"Tema","floods_1m":1,"floods_2m":1,"floods_3m":1,"first_flood_m":1,"nests":true,"area_km2":2.502}},{"type":"Feature","geometry":{"type":"Polygon","coordinates":[[[-1.52537,5.04645],[-1.53069,5.04645],[-1.53069,5.0468],[-1.53097,5.0468],[-1.53097,5.04736],[-1.53125,5.04736],[-1.53125,5.04764],[-1.53153,5.04764],[-1.53153,5.04792],[-1.5318,5.04792],[-1.5318,5.04847],[-1.53208,5.04847],[-1.53208,5.04875],[-1.53236,5.04875],[-1.53236,5.04931],[-1.53264,5.04931],[-1.53264,5.04986],[-1.53347,5.04986],[-1.53347,5.05014],[-1.53514,5.05014],[-1.53514,5.04986],[-1.53542,5.04986],[-1.53542,5.04931],[-1.53403,5.04931],[-1.53403,5.04903],[-1.5332,5.04903],[-1.5332,5.04875],[-1.53292,5.04875],[-1.53292,5.04847],[-1.53264,5.04847],[-1.53264,5.04792],[-1.53236,5.04791],[-1.53236,5.04764],[-1.53208,5.04764],[-1.53208,5.04708],[-1.53181,5.04708],[-1.5318,5.04653],[-1.53153,5.04653],[-1.53153,5.04645],[-1.53963,5.04645],[-1.53963,5.06071],[-1.52537,5.06071],[-1.52537,5.04645]]]},"properties":{"region":"Central","district":"Komenda-Edina-Eguafo-Abirem","floods_1m":1,"floods_2m":1,"floods_3m":1,"first_flood_m":1,"nests":true,"area_km2":2.446}},{"type":"Feature","geometry":{"type":"Polygon","coordinates":[[[-0.02828,5.64529],[-0.04254,5.64529],[-0.04254,5.65955],[-0.02828,5.65955],[-0.02828,5.64529]]]},"properties":{"region":"Greater Accra","district":"Tema","floods_1m":0,"floods_2m":1,"floods_3m":1,"first_flood_m":2,"nests":true,"area_km2":2.502}},{"type":"Feature","geometry":{"type":"Polygon","coordinates":[[[-2.46639,4.98942],[-2.48065,4.98942],[-2.48065,5.00368],[-2.46639,5.00368],[-2.46639,4.98942]]]},"properties":{"region":"Western","district":"Nzema East","floods_1m":0,"floods_2m":0,"floods_3m":1,"first_flood_m":3,"nests":true,"area_km2":2.505}},{"type":"Feature","geometry":{"type":"Polygon","coordinates":[[[-2.06717,4.74703],[-2.06903,4.74703],[-2.06903,4.74708],[-2.0693,4.74708],[-2.06931,4.74736],[-2.06958,4.74736],[-2.06958,4.74708],[-2.07014,4.74708],[-2.07014,4.74703],[-2.07097,4.74703],[-2.07097,4.74847],[-2.07125,4.74847],[-2.07125,4.74875],[-2.07181,4.74875],[-2.07181,4.74903],[-2.07208,4.74903],[-2.07208,4.74875],[-2.07403,4.74875],[-2.07403,4.74903],[-2.07431,4.74903],[-2.07431,4.74875],[-2.07458,4.74875],[-2.07458,4.74847],[-2.0757,4.74847],[-2.0757,4.7482],[-2.07597,4.7482],[-2.07597,4.74847],[-2.07653,4.74847],[-2.07653,4.74875],[-2.07708,4.74875],[-2.07708,4.74903],[-2.0782,4.74903],[-2.0782,4.7493],[-2.07847,4.7493],[-2.07847,4.74903],[-2.08014,4.74903],[-2.08014,4.7493],[-2.08042,4.7493],[-2.08042,4.74903],[-2.0807,4.74903],[-2.0807,4.74875],[-2.08143,4.74875],[-2.08143,4.76129],[-2.06717,4.76129],[-2.06717,4.74703]]]},"properties":{"region":"Western","district":"Ahanta West","floods_1m":1,"floods_2m":1,"floods_3m":1,"first_flood_m":1,"nests":true,"area_km2":2.275}},{"type":"Feature","geometry":{"type":"Polygon","coordinates":[[[-1.89607,4.82764],[-1.89607,4.83258],[-1.88514,4.83258],[-1.88514,4.83208],[-1.88542,4.83208],[-1.88542,4.83134],[-1.88542,4.83125],[-1.88569,4.83125],[-1.88569,4.83105],[-1.88569,4.8307],[-1.88601,4.83073],[-1.88597,4.83014],[-1.88657,4.83014],[-1.88736,4.83014],[-1.88736,4.82986],[-1.88764,4.82986],[-1.88764,4.83014],[-1.88875,4.83014],[-1.88875,4.82986],[-1.8893,4.82986],[-1.8893,4.82958],[-1.88958,4.82958],[-1.88958,4.82875],[-1.88986,4.82875],[-1.88986,4.82847],[-1.88958,4.82847],[-1.88958,4.8282],[-1.88986,4.8282],[-1.88986,4.82792],[-1.88958,4.82792],[-1.88958,4.82736],[-1.88986,4.82736],[-1.88986,4.82708],[-1.88958,4.82708],[-1.88958,4.82681],[-1.88986,4.82681],[-1.88986,4.82653],[-1.89001,4.82654],[-1.89014,4.82655],[-1.89014,4.82625],[-1.89069,4.82625],[-1.89069,4.82653],[-1.89096,4.82653],[-1.89097,4.82736],[-1.89153,4.82736],[-1.89153,4.82764],[-1.89292,4.82764],[-1.89292,4.82736],[-1.89403,4.82736],[-1.89403,4.82764],[-1.89607,4.82764]]]},"properties":{"region":"Western","district":"Ahanta West","floods_1m":1,"floods_2m":1,"floods_3m":1,"first_flood_m":1,"nests":true,"area_km2":0.543}},{"type":"Feature","geometry":{"type":"Polygon","coordinates":[[[-0.02828,5.61319],[-0.02828,5.61677],[-0.01764,5.61677],[-0.01764,5.61653],[-0.01819,5.61653],[-0.01819,5.61625],[-0.01875,5.61625],[-0.01875,5.61597],[-0.01931,5.61597],[-0.01931,5.61569],[-0.01958,5.61569],[-0.01958,5.61542],[-0.02153,5.61542],[-0.02153,5.61514],[-0.02264,5.61514],[-0.02264,5.61486],[-0.02319,5.61486],[-0.02319,5.61458],[-0.02431,5.61458],[-0.02431,5.61431],[-0.02486,5.61431],[-0.02486,5.61403],[-0.02625,5.61403],[-0.02625,5.61375],[-0.02653,5.61375],[-0.02653,5.61347],[-0.02708,5.61347],[-0.02708,5.61319],[-0.02828,5.61319]]]},"properties":{"region":"Greater Accra","district":"Tema","floods_1m":1,"floods_2m":1,"floods_3m":1,"first_flood_m":1,"nests":true,"area_km2":0.261}},{"type":"Feature","geometry":{"type":"Polygon","coordinates":[[[0.0145,5.63653],[0.01431,5.63653],[0.01431,5.63625],[0.01403,5.63625],[0.01403,5.63569],[0.01319,5.63569],[0.01319,5.63542],[0.01292,5.63542],[0.01292,5.63514],[0.01264,5.63514],[0.01264,5.63458],[0.01236,5.63458],[0.01236,5.63319],[0.01208,5.63319],[0.01208,5.63292],[0.01181,5.63292],[0.01181,5.63264],[0.01153,5.63264],[0.01153,5.63236],[0.01125,5.63236],[0.01125,5.63208],[0.01097,5.63208],[0.01097,5.63125],[0.01042,5.63125],[0.01042,5.63103],[0.00024,5.63103],[0.00024,5.64529],[0.0145,5.64529],[0.0145,5.63653]]]},"properties":{"region":"Greater Accra","district":"Tema","floods_1m":1,"floods_2m":1,"floods_3m":1,"first_flood_m":1,"nests":true,"area_km2":2.353}},{"type":"Feature","geometry":{"type":"Polygon","coordinates":[[[-1.43982,5.07497],[-1.45408,5.07497],[-1.45408,5.08923],[-1.43982,5.08923],[-1.43982,5.07497]]]},"properties":{"region":"Central","district":"Komenda-Edina-Eguafo-Abirem","floods_1m":0,"floods_2m":0,"floods_3m":1,"first_flood_m":3,"nests":true,"area_km2":2.504}},{"type":"Feature","geometry":{"type":"Polygon","coordinates":[[[-1.48259,5.06071],[-1.49685,5.06071],[-1.49685,5.07497],[-1.48259,5.07497],[-1.48259,5.06071]]]},"properties":{"region":"Central","district":"Komenda-Edina-Eguafo-Abirem","floods_1m":0,"floods_2m":1,"floods_3m":1,"first_flood_m":2,"nests":true,"area_km2":2.504}},{"type":"Feature","geometry":{"type":"Polygon","coordinates":[[[-2.20975,4.84684],[-2.22401,4.84684],[-2.22401,4.8611],[-2.20975,4.8611],[-2.20975,4.84684]]]},"properties":{"region":"Western","district":"Nzema East","floods_1m":1,"floods_2m":1,"floods_3m":1,"first_flood_m":1,"nests":true,"area_km2":2.505}},{"type":"Feature","geometry":{"type":"Polygon","coordinates":[[[-1.4113,5.06847],[-1.41403,5.06847],[-1.41403,5.06875],[-1.41597,5.06875],[-1.41597,5.06847],[-1.41708,5.06847],[-1.41708,5.06819],[-1.42014,5.06819],[-1.42014,5.06792],[-1.42069,5.06792],[-1.42069,5.06764],[-1.42264,5.06764],[-1.42264,5.06736],[-1.4243,5.06736],[-1.4243,5.06708],[-1.42486,5.06708],[-1.42486,5.0668],[-1.42542,5.0668],[-1.42542,5.06653],[-1.42556,5.06653],[-1.42556,5.07497],[-1.4113,5.07497],[-1.4113,5.06847]]]},"properties":{"region":"Central","district":"Komenda-Edina-Eguafo-Abirem","floods_1m":1,"floods_2m":1,"floods_3m":1,"first_flood_m":1,"nests":true,"area_km2":1.216}},{"type":"Feature","geometry":{"type":"Polygon","coordinates":[[[-0.01402,5.63103],[-0.02828,5.63103],[-0.02828,5.64529],[-0.01402,5.64529],[-0.01402,5.63103]]]},"properties":{"region":"Greater Accra","district":"Tema","floods_1m":1,"floods_2m":1,"floods_3m":1,"first_flood_m":1,"nests":true,"area_km2":2.502}},{"type":"Feature","geometry":{"type":"Polygon","coordinates":[[[-1.76983,4.87536],[-1.76986,4.87486],[-1.77042,4.87486],[-1.77042,4.87514],[-1.77208,4.87514],[-1.77208,4.87536],[-1.76983,4.87536]]]},"properties":{"region":"Western","district":"Ahanta West","floods_1m":1,"floods_2m":1,"floods_3m":1,"first_flood_m":1,"nests":true,"area_km2":0.008}},{"type":"Feature","geometry":{"type":"MultiPolygon","coordinates":[[[[0.07153,5.69986],[0.07125,5.69986],[0.07125,5.70232],[0.07153,5.70232],[0.07153,5.69986]]],[[[0.06347,5.68806],[0.05727,5.68806],[0.05727,5.70232],[0.06986,5.70232],[0.06986,5.70125],[0.06958,5.70125],[0.06958,5.70097],[0.06986,5.70097],[0.06986,5.70069],[0.07014,5.70069],[0.07014,5.69986],[0.06792,5.69986],[0.06792,5.69958],[0.06764,5.69958],[0.06764,5.69903],[0.06736,5.69903],[0.06736,5.69819],[0.06708,5.69819],[0.06708,5.69764],[0.06681,5.69764],[0.06681,5.69681],[0.06653,5.69681],[0.06653,5.69625],[0.06625,5.69625],[0.06625,5.69542],[0.06597,5.69542],[0.06597,5.69458],[0.06569,5.69458],[0.06569,5.69347],[0.06597,5.69347],[0.06597,5.69292],[0.06625,5.69292],[0.06625,5.69264],[0.06681,5.69264],[0.06681,5.6918],[0.06653,5.6918],[0.06653,5.69153],[0.06542,5.69153],[0.06542,5.69125],[0.06514,5.69125],[0.06514,5.69097],[0.06486,5.69097],[0.06486,5.69042],[0.06458,5.69042],[0.06458,5.68958],[0.06431,5.68958],[0.06431,5.68875],[0.06403,5.68875],[0.06403,5.68847],[0.06375,5.68847],[0.06375,5.6882],[0.06347,5.6882],[0.06347,5.68806]]],[[[0.07153,5.69819],[0.07153,5.69486],[0.07097,5.69486],[0.07097,5.69458],[0.06903,5.69458],[0.06903,5.69431],[0.06875,5.69431],[0.06875,5.69403],[0.06847,5.69403],[0.06847,5.69375],[0.06819,5.69375],[0.06819,5.69347],[0.06792,5.69347],[0.06792,5.69542],[0.06903,5.69542],[0.06903,5.69569],[0.06931,5.69569],[0.06931,5.69653],[0.07014,5.69653],[0.07014,5.69681],[0.07042,5.69681],[0.07042,5.69708],[0.07069,5.69708],[0.07069,5.69736],[0.07097,5.69736],[0.07097,5.69792],[0.07125,5.69792],[0.07125,5.69819],[0.07153,5.69819]]]]},"properties":{"region":"Greater Accra","district":"Tema","floods_1m":1,"floods_2m":1,"floods_3m":1,"first_flood_m":1,"nests":true,"area_km2":1.748}},{"type":"Feature","geometry":{"type":"Polygon","coordinates":[[[-2.09569,4.77555],[-2.10514,4.77555],[-2.10514,4.77625],[-2.10486,4.77625],[-2.10486,4.77792],[-2.10514,4.77792],[-2.10514,4.7782],[-2.10542,4.7782],[-2.10542,4.77847],[-2.1057,4.77847],[-2.1057,4.77875],[-2.10597,4.77875],[-2.10597,4.77958],[-2.10625,4.77958],[-2.10625,4.78014],[-2.10653,4.78014],[-2.10653,4.78042],[-2.10764,4.78042],[-2.10764,4.78069],[-2.10792,4.78069],[-2.10792,4.78097],[-2.10819,4.78097],[-2.10819,4.78153],[-2.10847,4.78153],[-2.10847,4.78181],[-2.10875,4.78181],[-2.10875,4.78208],[-2.10958,4.78208],[-2.10958,4.78264],[-2.10986,4.78264],[-2.10986,4.78292],[-2.10994,4.78292],[-2.10994,4.78981],[-2.09569,4.78981],[-2.09569,4.77555]]]},"properties":{"region":"Western","district":"Ahanta West","floods_1m":1,"floods_2m":1,"floods_3m":1,"first_flood_m":1,"nests":true,"area_km2":2.195}},{"type":"Feature","geometry":{"type":"Polygon","coordinates":[[[-2.15272,4.79792],[-2.15347,4.79792],[-2.15347,4.79819],[-2.15542,4.79819],[-2.15542,4.79847],[-2.15847,4.79847],[-2.15847,4.79819],[-2.15986,4.79819],[-2.15986,4.79847],[-2.16208,4.79847],[-2.16208,4.79819],[-2.16292,4.79819],[-2.16292,4.79792],[-2.16347,4.79792],[-2.16347,4.79764],[-2.16458,4.79764],[-2.16458,4.79736],[-2.16514,4.79736],[-2.16514,4.79708],[-2.16542,4.79708],[-2.16542,4.7968],[-2.16653,4.7968],[-2.16653,4.79708],[-2.16698,4.79708],[-2.16698,4.80407],[-2.15272,4.80407],[-2.15272,4.79792]]]},"properties":{"region":"Western","district":"Ahanta West","floods_1m":1,"floods_2m":1,"floods_3m":1,"first_flood_m":1,"nests":true,"area_km2":1.061}},{"type":"Feature","geometry":{"type":"Polygon","coordinates":[[[-1.79627,4.90387],[-1.81053,4.90387],[-1.81053,4.91813],[-1.79627,4.91813],[-1.79627,4.90387]]]},"properties":{"region":"Western","district":"Ahanta West","floods_1m":0,"floods_2m":0,"floods_3m":1,"first_flood_m":3,"nests":true,"area_km2":2.505}},{"type":"Feature","geometry":{"type":"Polygon","coordinates":[[[0.04301,5.6668],[0.04292,5.6668],[0.04292,5.66597],[0.04264,5.66597],[0.04264,5.66375],[0.04292,5.66375],[0.04292,5.6632],[0.04301,5.6632],[0.04301,5.66181],[0.04208,5.66181],[0.04208,5.66153],[0.04181,5.66153],[0.04181,5.66125],[0.04153,5.66125],[0.04153,5.66097],[0.04125,5.66097],[0.04125,5.66042],[0.04097,5.66042],[0.04097,5.66014],[0.04042,5.66014],[0.04042,5.65986],[0.03969,5.65986],[0.03875,5.65986],[0.03875,5.65958],[0.03764,5.65958],[0.03764,5.65955],[0.02875,5.65955],[0.02875,5.6738],[0.04301,5.6738],[0.04301,5.6668]]]},"properties":{"region":"Greater Accra","district":"Tema","floods_1m":1,"floods_2m":1,"floods_3m":1,"first_flood_m":1,"nests":true,"area_km2":2.432}},{"type":"Feature","geometry":{"type":"Polygon","coordinates":[[[-0.05679,5.64529],[-0.07105,5.64529],[-0.07105,5.65955],[-0.05679,5.65955],[-0.05679,5.64529]]]},"properties":{"region":"Greater Accra","district":"Tema","floods_1m":1,"floods_2m":1,"floods_3m":1,"first_flood_m":1,"nests":true,"area_km2":2.502}},{"type":"Feature","geometry":{"type":"Polygon","coordinates":[[[-1.91033,4.83258],[-1.92459,4.83258],[-1.92459,4.84684],[-1.91033,4.84684],[-1.91033,4.83258]]]},"properties":{"region":"Western","district":"Ahanta West","floods_1m":1,"floods_2m":1,"floods_3m":1,"first_flood_m":1,"nests":true,"area_km2":2.505}},{"type":"Feature","geometry":{"type":"Polygon","coordinates":[[[-2.1242,4.80407],[-2.13846,4.80407],[-2.13846,4.81832],[-2.1242,4.81832],[-2.1242,4.80407]]]},"properties":{"region":"Western","district":"Ahanta West","floods_1m":1,"floods_2m":1,"floods_3m":1,"first_flood_m":1,"nests":true,"area_km2":2.504}},{"type":"Feature","geometry":{"type":"Polygon","coordinates":[[[-2.26678,4.91813],[-2.28104,4.91813],[-2.28104,4.93239],[-2.26678,4.93239],[-2.26678,4.91813]]]},"properties":{"region":"Western","district":"Nzema East","floods_1m":1,"floods_2m":1,"floods_3m":1,"first_flood_m":1,"nests":true,"area_km2":2.505}},{"type":"Feature","geometry":{"type":"Polygon","coordinates":[[[-2.32381,4.94665],[-2.33272,4.94665],[-2.33807,4.94665],[-2.33807,4.9609],[-2.33272,4.9609],[-2.32381,4.9609],[-2.32381,4.94665]]]},"properties":{"region":"Western","district":"Nzema East","floods_1m":1,"floods_2m":1,"floods_3m":1,"first_flood_m":1,"nests":true,"area_km2":2.503}},{"type":"Feature","geometry":{"type":"Polygon","coordinates":[[[-1.98162,4.76129],[-1.99588,4.76129],[-1.99588,4.77555],[-1.98162,4.77555],[-1.98162,4.76129]]]},"properties":{"region":"Western","district":"Ahanta West","floods_1m":1,"floods_2m":1,"floods_3m":1,"first_flood_m":1,"nests":true,"area_km2":2.506}},{"type":"Feature","geometry":{"type":"Polygon","coordinates":[[[-1.45408,5.05708],[-1.45653,5.05708],[-1.45653,5.05681],[-1.46264,5.05681],[-1.46264,5.05653],[-1.46834,5.05653],[-1.46834,5.06071],[-1.45408,5.06071],[-1.45408,5.05708]]]},"properties":{"region":"Central","district":"Komenda-Edina-Eguafo-Abirem","floods_1m":1,"floods_2m":1,"floods_3m":1,"first_flood_m":1,"nests":true,"area_km2":0.696}},{"type":"Feature","geometry":{"type":"Polygon","coordinates":[[[-0.05679,5.60736],[-0.05708,5.60736],[-0.05708,5.60708],[-0.05764,5.60708],[-0.05764,5.6068],[-0.05875,5.6068],[-0.05875,5.60653],[-0.05931,5.60653],[-0.05931,5.60625],[-0.05986,5.60625],[-0.05986,5.60597],[-0.06014,5.60597],[-0.06014,5.60569],[-0.06042,5.60569],[-0.06042,5.60514],[-0.0607,5.60514],[-0.0607,5.60486],[-0.06097,5.60486],[-0.06097,5.6043],[-0.06125,5.6043],[-0.06125,5.60324],[-0.06125,5.60264],[-0.06153,5.60264],[-0.06153,5.60251],[-0.07105,5.60251],[-0.07105,5.61677],[-0.05679,5.61677],[-0.05679,5.60736]]]},"properties":{"region":"Greater Accra","district":"Tema","floods_1m":1,"floods_2m":1,"floods_3m":1,"first_flood_m":1,"nests":true,"area_km2":2.295}},{"type":"Feature","geometry":{"type":"Polygon","coordinates":[[[-0.01402,5.61847],[-0.01403,5.61847],[-0.01403,5.61819],[-0.01431,5.61819],[-0.01431,5.61792],[-0.01486,5.61792],[-0.01486,5.61764],[-0.01625,5.61764],[-0.01625,5.61736],[-0.01681,5.61736],[-0.01681,5.61708],[-0.01736,5.61708],[-0.01736,5.61681],[-0.01764,5.61681],[-0.01764,5.61677],[-0.02828,5.61677],[-0.02828,5.63103],[-0.01402,5.63103],[-0.01402,5.61847]]]},"properties":{"region":"Greater Accra","district":"Tema","floods_1m":1,"floods_2m":1,"floods_3m":1,"first_flood_m":1,"nests":true,"area_km2":2.468}},{"type":"Feature","geometry":{"type":"Polygon","coordinates":[[[-1.99588,4.80407],[-2.01014,4.80407],[-2.01014,4.81832],[-1.99588,4.81832],[-1.99588,4.80407]]]},"properties":{"region":"Western","district":"Ahanta West","floods_1m":0,"floods_2m":0,"floods_3m":1,"first_flood_m":3,"nests":true,"area_km2":2.504}},{"type":"Feature","geometry":{"type":"Polygon","coordinates":[[[-1.35427,5.07958],[-1.35427,5.08923],[-1.34653,5.08923],[-1.34653,5.08903],[-1.34708,5.08903],[-1.34708,5.08875],[-1.34764,5.08875],[-1.34764,5.08847],[-1.34819,5.08847],[-1.34819,5.08819],[-1.34847,5.08819],[-1.34847,5.08792],[-1.34875,5.08792],[-1.34875,5.08597],[-1.34903,5.08597],[-1.34903,5.08569],[-1.34931,5.08569],[-1.34931,5.08486],[-1.34903,5.08486],[-1.34903,5.08458],[-1.34875,5.08458],[-1.34875,5.08431],[-1.34847,5.08431],[-1.34847,5.08403],[-1.34819,5.08403],[-1.34819,5.08375],[-1.34764,5.08375],[-1.34764,5.08319],[-1.34736,5.08319],[-1.34736,5.08292],[-1.3468,5.08292],[-1.3468,5.08236],[-1.34653,5.08236],[-1.34653,5.08208],[-1.3468,5.08208],[-1.3468,5.08181],[-1.34708,5.08181],[-1.34708,5.08153],[-1.34847,5.08153],[-1.34847,5.08125],[-1.35107,5.08125],[-1.35208,5.08125],[-1.35208,5.08097],[-1.35319,5.08097],[-1.35319,5.08069],[-1.35347,5.08069],[-1.35347,5.08014],[-1.35375,5.08014],[-1.35375,5.07958],[-1.35427,5.07958]]]},"properties":{"region":"Central","district":"Komenda-Edina-Eguafo-Abirem","floods_1m":1,"floods_2m":1,"floods_3m":1,"first_flood_m":1,"nests":true,"area_km2":0.623}},{"type":"Feature","geometry":{"type":"Polygon","coordinates":[[[-2.03865,4.75597],[-2.03875,4.75597],[-2.03875,4.75569],[-2.03903,4.75569],[-2.03903,4.75514],[-2.03875,4.75514],[-2.03875,4.75458],[-2.03865,4.75458],[-2.03865,4.75431],[-2.03875,4.75431],[-2.03875,4.75347],[-2.03931,4.75347],[-2.03931,4.75319],[-2.03958,4.75319],[-2.03958,4.75347],[-2.03986,4.75347],[-2.03986,4.75375],[-2.04042,4.75375],[-2.04042,4.75403],[-2.04097,4.75403],[-2.04097,4.75431],[-2.04153,4.75431],[-2.04153,4.75403],[-2.04347,4.75403],[-2.04347,4.75431],[-2.04375,4.75431],[-2.04375,4.75403],[-2.04403,4.75403],[-2.04403,4.75375],[-2.04431,4.75375],[-2.04431,4.75347],[-2.04458,4.75347],[-2.04458,4.75319],[-2.04486,4.75319],[-2.04486,4.75347],[-2.04542,4.75347],[-2.04542,4.75292],[-2.0457,4.75292],[-2.0457,4.75264],[-2.04597,4.75264],[-2.04597,4.75125],[-2.04625,4.75125],[-2.04625,4.74986],[-2.04653,4.74986],[-2.04653,4.7493],[-2.0468,4.7493],[-2.0468,4.74903],[-2.04708,4.74903],[-2.04708,4.74875],[-2.04736,4.74875],[-2.04731,4.7482],[-2.04792,4.7482],[-2.04792,4.74792],[-2.04819,4.74792],[-2.04819,4.74736],[-2.04875,4.74736],[-2.04875,4.74708],[-2.04903,4.74708],[-2.04903,4.74703],[-2.05291,4.74703],[-2.05291,4.76129],[-2.03865,4.76129],[-2.03865,4.75597]]]},"properties":{"region":"Western","district":"Ahanta West","floods_1m":1,"floods_2m":1,"floods_3m":1,"first_flood_m":1,"nests":true,"area_km2":1.838}},{"type":"Feature","geometry":{"type":"Polygon","coordinates":[[[-2.53768,4.97516],[-2.53847,4.97516],[-2.53847,4.97542],[-2.53903,4.97542],[-2.53903,4.97569],[-2.53986,4.97569],[-2.53986,4.97597],[-2.54208,4.97597],[-2.54208,4.97625],[-2.54292,4.97625],[-2.54292,4.97653],[-2.54403,4.97653],[-2.54403,4.97681],[-2.54415,4.97681],[-2.5423,4.98014],[-2.53865,4.98671],[-2.53768,4.98889],[-2.53768,4.97516]]]},"properties":{"region":"Western","district":"Nzema East","floods_1m":0,"floods_2m":1,"floods_3m":1,"first_flood_m":2,"nests":true,"area_km2":0.536}},{"type":"Feature","geometry":{"type":"Polygon","coordinates":[[[-2.32381,4.93239],[-2.33272,4.93239],[-2.33807,4.93239],[-2.33807,4.94665],[-2.33272,4.94665],[-2.32381,4.94665],[-2.32381,4.93239]]]},"properties":{"region":"Western","district":"Nzema East","floods_1m":1,"floods_2m":1,"floods_3m":1,"first_flood_m":1,"nests":true,"area_km2":2.505}},{"type":"Feature","geometry":{"type":"Polygon","coordinates":[[[-2.19549,4.82014],[-2.19625,4.82014],[-2.19625,4.81986],[-2.19681,4.81986],[-2.19681,4.82014],[-2.19708,4.82014],[-2.19708,4.82097],[-2.19736,4.82097],[-2.19736,4.82125],[-2.19764,4.82125],[-2.19764,4.82153],[-2.19792,4.82153],[-2.19792,4.82181],[-2.19847,4.82181],[-2.19847,4.82208],[-2.19958,4.82208],[-2.19958,4.82181],[-2.19986,4.82181],[-2.19986,4.82153],[-2.20014,4.82153],[-2.20014,4.82125],[-2.20042,4.82125],[-2.20042,4.82097],[-2.20069,4.82097],[-2.20069,4.82125],[-2.20153,4.82125],[-2.20153,4.82153],[-2.20208,4.82153],[-2.20208,4.82181],[-2.20236,4.82181],[-2.20236,4.82208],[-2.20264,4.82208],[-2.20264,4.82236],[-2.20279,4.82236],[-2.20292,4.82236],[-2.20292,4.82259],[-2.20292,4.82292],[-2.20264,4.82292],[-2.20264,4.82319],[-2.20153,4.82319],[-2.20153,4.82347],[-2.20097,4.82347],[-2.20097,4.82403],[-2.20069,4.82403],[-2.20069,4.82431],[-2.20097,4.82431],[-2.20097,4.82458],[-2.20125,4.82458],[-2.20125,4.82486],[-2.20153,4.82486],[-2.20153,4.82514],[-2.20181,4.82514],[-2.20181,4.8257],[-2.20153,4.8257],[-2.20153,4.82625],[-2.20125,4.82625],[-2.20125,4.82653],[-2.20097,4.82653],[-2.20097,4.82681],[-2.20069,4.82681],[-2.20069,4.82736],[-2.20097,4.82736],[-2.20097,4.82764],[-2.20125,4.82764],[-2.20125,4.82792],[-2.20153,4.82792],[-2.20153,4.8282],[-2.20208,4.8282],[-2.20208,4.82847],[-2.20236,4.82847],[-2.20236,4.82903],[-2.20208,4.82903],[-2.20208,4.82931],[-2.20181,4.82931],[-2.20181,4.82958],[-2.20153,4.82958],[-2.20153,4.82986],[-2.20181,4.82986],[-2.20181,4.8307],[-2.20208,4.8307],[-2.20208,4.83181],[-2.20236,4.83181],[-2.20236,4.83236],[-2.20264,4.83236],[-2.20264,4.83258],[-2.19549,4.83258],[-2.19549,4.82014]]]},"properties":{"region":"Western","district":"Ahanta West","floods_1m":1,"floods_2m":1,"floods_3m":1,"first_flood_m":1,"nests":true,"area_km2":0.882}},{"type":"Feature","geometry":{"type":"Polygon","coordinates":[[[-2.32381,4.92208],[-2.32403,4.92208],[-2.32403,4.92236],[-2.32458,4.92236],[-2.32458,4.92264],[-2.32514,4.92264],[-2.32514,4.92292],[-2.32569,4.92292],[-2.32569,4.92319],[-2.32597,4.92319],[-2.32597,4.92347],[-2.32653,4.92347],[-2.32653,4.92375],[-2.32792,4.92375],[-2.32792,4.92403],[-2.32819,4.92403],[-2.32819,4.92431],[-2.32958,4.92431],[-2.32958,4.92458],[-2.33042,4.92458],[-2.33042,4.92486],[-2.33125,4.92486],[-2.33125,4.92514],[-2.33181,4.92514],[-2.33181,4.92542],[-2.33272,4.92542],[-2.33292,4.92542],[-2.33292,4.92569],[-2.33347,4.92569],[-2.33347,4.92597],[-2.33375,4.92597],[-2.33375,4.92625],[-2.33486,4.92625],[-2.33486,4.92653],[-2.33597,4.92653],[-2.33597,4.92681],[-2.33653,4.92681],[-2.33653,4.92708],[-2.33736,4.92708],[-2.33736,4.92736],[-2.33807,4.92736],[-2.33807,4.93239],[-2.33272,4.93239],[-2.32381,4.93239],[-2.32381,4.92208]]]},"properties":{"region":"Western","district":"Nzema East","floods_1m":1,"floods_2m":1,"floods_3m":1,"first_flood_m":1,"nests":true,"area_km2":1.306}},{"type":"Feature","geometry":{"type":"MultiPolygon","coordinates":[[[[-2.06717,4.74347],[-2.06736,4.74347],[-2.06736,4.7432],[-2.06792,4.7432],[-2.06792,4.74292],[-2.06847,4.74292],[-2.06847,4.74347],[-2.06875,4.74347],[-2.06875,4.74403],[-2.06847,4.74403],[-2.06847,4.74458],[-2.06819,4.74458],[-2.06819,4.74486],[-2.06792,4.74486],[-2.06792,4.74542],[-2.06819,4.74542],[-2.06819,4.7457],[-2.06847,4.7457],[-2.06847,4.74597],[-2.06875,4.74597],[-2.06875,4.74681],[-2.06903,4.74681],[-2.06903,4.74703],[-2.06717,4.74703],[-2.06717,4.74347]]],[[[-2.07097,4.74703],[-2.07014,4.74703],[-2.07014,4.74681],[-2.07042,4.74681],[-2.07042,4.74653],[-2.07097,4.74653],[-2.07097,4.74703]]]]},"properties":{"region":"Western","district":"Ahanta West","floods_1m":1,"floods_2m":1,"floods_3m":1,"first_flood_m":1,"nests":true,"area_km2":0.067}},{"type":"Feature","geometry":{"type":"Polygon","coordinates":[[[-1.38279,5.07431],[-1.38279,5.07497],[-1.37653,5.07497],[-1.37653,5.07486],[-1.3768,5.07486],[-1.3768,5.07458],[-1.37708,5.07458],[-1.37708,5.07431],[-1.37847,5.07431],[-1.37847,5.07458],[-1.38125,5.07458],[-1.38125,5.07431],[-1.38279,5.07431]]]},"properties":{"region":"Central","district":"Komenda-Edina-Eguafo-Abirem","floods_1m":1,"floods_2m":1,"floods_3m":1,"first_flood_m":1,"nests":true,"area_km2":0.039}},{"type":"Feature","geometry":{"type":"Polygon","coordinates":[[[-1.98162,4.78981],[-1.99588,4.78981],[-1.99588,4.80407],[-1.98162,4.80407],[-1.98162,4.78981]]]},"properties":{"region":"Western","district":"Ahanta West","floods_1m":1,"floods_2m":1,"floods_3m":1,"first_flood_m":1,"nests":true,"area_km2":2.505}},{"type":"Feature","geometry":{"type":"Polygon","coordinates":[[[-0.07105,5.59292],[-0.07125,5.59292],[-0.07125,5.59264],[-0.07153,5.59264],[-0.07153,5.59236],[-0.07181,5.59236],[-0.07181,5.59208],[-0.07208,5.59208],[-0.07208,5.59181],[-0.07236,5.59181],[-0.07236,5.59125],[-0.07264,5.59125],[-0.07264,5.59097],[-0.07292,5.59097],[-0.07292,5.59069],[-0.07319,5.59069],[-0.07319,5.59042],[-0.07375,5.59042],[-0.07375,5.59014],[-0.07431,5.59014],[-0.07431,5.58986],[-0.07458,5.58986],[-0.07458,5.58958],[-0.07514,5.58958],[-0.07514,5.58931],[-0.07542,5.58931],[-0.07542,5.58903],[-0.07597,5.58903],[-0.07597,5.58875],[-0.07653,5.58875],[-0.07653,5.58847],[-0.07708,5.58847],[-0.07708,5.58826],[-0.07945,5.58826],[-0.08531,5.59428],[-0.08531,5.60251],[-0.07105,5.60251],[-0.07105,5.59292]]]},"properties":{"region":"Greater Accra","district":"Tema","floods_1m":1,"floods_2m":1,"floods_3m":1,"first_flood_m":1,"nests":true,"area_km2":2.134}},{"type":"Feature","geometry":{"type":"Polygon","coordinates":[[[-1.96736,4.77264],[-1.96764,4.77264],[-1.96764,4.77208],[-1.96819,4.77208],[-1.96819,4.7718],[-1.96847,4.7718],[-1.96847,4.77153],[-1.96903,4.77153],[-1.96903,4.77125],[-1.96931,4.77125],[-1.96931,4.77097],[-1.96986,4.77097],[-1.96986,4.7707],[-1.97097,4.7707],[-1.97097,4.77042],[-1.97125,4.77042],[-1.97125,4.77014],[-1.97153,4.77014],[-1.97153,4.76986],[-1.97208,4.76986],[-1.97208,4.76903],[-1.97236,4.76903],[-1.97236,4.76847],[-1.97264,4.76847],[-1.97264,4.76792],[-1.97292,4.76792],[-1.97292,4.76764],[-1.97236,4.76764],[-1.97236,4.76625],[-1.97208,4.76625],[-1.97208,4.76375],[-1.97236,4.76375],[-1.97236,4.76319],[-1.97264,4.76319],[-1.97264,4.76347],[-1.97292,4.76347],[-1.97292,4.76148],[-1.97292,4.76129],[-1.98162,4.76129],[-1.98162,4.77555],[-1.96736,4.77555],[-1.96736,4.77264]]]},"properties":{"region":"Western","district":"Ahanta West","floods_1m":1,"floods_2m":1,"floods_3m":1,"first_flood_m":1,"nests":true,"area_km2":1.902}},{"type":"Feature","geometry":{"type":"Polygon","coordinates":[[[-1.45408,5.06071],[-1.46834,5.06071],[-1.46834,5.07497],[-1.45408,5.07497],[-1.45408,5.06071]]]},"properties":{"region":"Central","district":"Komenda-Edina-Eguafo-Abirem","floods_1m":0,"floods_2m":0,"floods_3m":1,"first_flood_m":3,"nests":true,"area_km2":2.504}},{"type":"Feature","geometry":{"type":"MultiPolygon","coordinates":[[[[0.04301,5.6668],[0.04301,5.6738],[0.04458,5.6738],[0.04458,5.67375],[0.0443,5.67375],[0.0443,5.67319],[0.04403,5.67319],[0.04403,5.67292],[0.04375,5.67292],[0.04375,5.67208],[0.04347,5.67208],[0.04347,5.67069],[0.04375,5.67069],[0.04375,5.67014],[0.04403,5.67014],[0.04403,5.66986],[0.0443,5.66986],[0.0443,5.66903],[0.04403,5.66903],[0.04403,5.66875],[0.04375,5.66875],[0.04375,5.66813],[0.04375,5.66792],[0.04345,5.66796],[0.04347,5.66708],[0.0432,5.66708],[0.0432,5.6668],[0.04301,5.6668]]],[[[0.04301,5.66181],[0.04301,5.6632],[0.0432,5.6632],[0.0432,5.66292],[0.04347,5.66292],[0.04347,5.66264],[0.04375,5.66264],[0.04375,5.66236],[0.04403,5.66236],[0.04403,5.66208],[0.0432,5.66208],[0.0432,5.66181],[0.04301,5.66181]]]]},"properties":{"region":"Greater Accra","district":"Tema","floods_1m":1,"floods_2m":1,"floods_3m":1,"first_flood_m":1,"nests":true,"area_km2":0.076}},{"type":"Feature","geometry":{"type":"Polygon","coordinates":[[[-1.93885,4.79764],[-1.93885,4.80407],[-1.93874,4.80407],[-1.93869,4.8032],[-1.93847,4.80319],[-1.93847,4.80208],[-1.93819,4.80208],[-1.93819,4.7993],[-1.93847,4.7993],[-1.93847,4.79847],[-1.93875,4.79847],[-1.93875,4.79764],[-1.93885,4.79764]]]},"properties":{"region":"Western","district":"Ahanta West","floods_1m":1,"floods_2m":1,"floods_3m":1,"first_flood_m":1,"nests":true,"area_km2":0.034}},{"type":"Feature","geometry":{"type":"Polygon","coordinates":[[[-2.48065,5.00368],[-2.49491,5.00368],[-2.49491,5.01794],[-2.48065,5.01794],[-2.48065,5.00368]]]},"properties":{"region":"Western","district":"Nzema East","floods_1m":0,"floods_2m":0,"floods_3m":1,"first_flood_m":3,"nests":true,"area_km2":2.505}},{"type":"Feature","geometry":{"type":"Polygon","coordinates":[[[-1.92459,4.83258],[-1.93885,4.83258],[-1.93885,4.84684],[-1.92459,4.84684],[-1.92459,4.83258]]]},"properties":{"region":"Western","district":"Ahanta West","floods_1m":1,"floods_2m":1,"floods_3m":1,"first_flood_m":1,"nests":true,"area_km2":2.505}},{"type":"Feature","geometry":{"type":"Polygon","coordinates":[[[-2.18123,4.81832],[-2.18792,4.81832],[-2.18792,4.81847],[-2.18903,4.81847],[-2.18903,4.81875],[-2.19042,4.81875],[-2.19042,4.81903],[-2.19097,4.81903],[-2.19097,4.8193],[-2.19125,4.8193],[-2.19125,4.81986],[-2.19181,4.81986],[-2.19181,4.82014],[-2.19319,4.82014],[-2.19319,4.81986],[-2.19375,4.81986],[-2.19375,4.81958],[-2.19431,4.81958],[-2.19431,4.81986],[-2.19486,4.81986],[-2.19486,4.82014],[-2.19549,4.82014],[-2.19549,4.83258],[-2.18123,4.83258],[-2.18123,4.81832]]]},"properties":{"region":"Western","district":"Ahanta West","floods_1m":1,"floods_2m":1,"floods_3m":1,"first_flood_m":1,"nests":true,"area_km2":2.402}},{"type":"Feature","geometry":{"type":"Polygon","coordinates":[[[-1.95311,4.78403],[-1.95322,4.78403],[-1.95431,4.78403],[-1.95431,4.78431],[-1.95486,4.78431],[-1.95486,4.78403],[-1.95514,4.78403],[-1.95514,4.78375],[-1.95542,4.78375],[-1.95542,4.78347],[-1.95569,4.78347],[-1.95569,4.78319],[-1.95597,4.78319],[-1.95597,4.78236],[-1.95625,4.78236],[-1.95625,4.78208],[-1.95653,4.78208],[-1.95653,4.78181],[-1.95681,4.78181],[-1.95681,4.78153],[-1.95708,4.78153],[-1.95708,4.78097],[-1.95736,4.78097],[-1.95736,4.78042],[-1.95764,4.78042],[-1.95764,4.77995],[-1.95764,4.77986],[-1.95736,4.77986],[-1.95736,4.77958],[-1.95764,4.77958],[-1.95764,4.7793],[-1.95792,4.7793],[-1.95792,4.77903],[-1.95847,4.77903],[-1.95847,4.77875],[-1.95875,4.77875],[-1.95875,4.77847],[-1.95931,4.77847],[-1.95931,4.7782],[-1.95959,4.7782],[-1.95958,4.77764],[-1.95986,4.77764],[-1.95986,4.77736],[-1.96045,4.7774],[-1.96042,4.77708],[-1.9608,4.77708],[-1.96097,4.77708],[-1.96097,4.77687],[-1.96153,4.7768],[-1.96148,4.77654],[-1.96181,4.77653],[-1.96177,4.77626],[-1.96236,4.77625],[-1.96236,4.77597],[-1.96264,4.77597],[-1.96264,4.77555],[-1.96736,4.77555],[-1.96736,4.78981],[-1.95311,4.78981],[-1.95311,4.78403]]]},"properties":{"region":"Western","district":"Ahanta West","floods_1m":1,"floods_2m":1,"floods_3m":1,"first_flood_m":1,"nests":true,"area_km2":1.962}},{"type":"Feature","geometry":{"type":"Polygon","coordinates":[[[-1.39705,5.07125],[-1.39708,5.07125],[-1.39708,5.0714],[-1.39708,5.07153],[-1.39737,5.07153],[-1.39736,5.0718],[-1.39792,5.0718],[-1.39792,5.07236],[-1.3982,5.07236],[-1.3982,5.07264],[-1.39875,5.07264],[-1.39875,5.07236],[-1.39958,5.07236],[-1.39958,5.07208],[-1.40014,5.07208],[-1.40014,5.07236],[-1.40153,5.07236],[-1.40153,5.07201],[-1.40153,5.07125],[-1.40125,5.07125],[-1.40125,5.07097],[-1.39764,5.07097],[-1.39764,5.07069],[-1.39708,5.07069],[-1.39708,5.07042],[-1.39705,5.07042],[-1.39705,5.07014],[-1.39708,5.07014],[-1.39708,5.06986],[-1.3993,5.06986],[-1.3993,5.06958],[-1.40097,5.06958],[-1.40097,5.0693],[-1.40303,5.0693],[-1.40625,5.0693],[-1.40625,5.06903],[-1.40903,5.06903],[-1.40903,5.06875],[-1.41097,5.06875],[-1.41097,5.06847],[-1.4113,5.06847],[-1.4113,5.07497],[-1.39705,5.07497],[-1.39705,5.07125]]]},"properties":{"region":"Central","district":"Komenda-Edina-Eguafo-Abirem","floods_1m":1,"floods_2m":1,"floods_3m":1,"first_flood_m":1,"nests":true,"area_km2":0.929}},{"type":"Feature","geometry":{"type":"Polygon","coordinates":[[[-1.49685,5.04708],[-1.49764,5.04708],[-1.49764,5.0468],[-1.49792,5.0468],[-1.49792,5.04653],[-1.49819,5.04653],[-1.49819,5.04645],[-1.51111,5.04645],[-1.51111,5.06071],[-1.49685,5.06071],[-1.49685,5.04708]]]},"properties":{"region":"Central","district":"Komenda-Edina-Eguafo-Abirem","floods_1m":0,"floods_2m":1,"floods_3m":1,"first_flood_m":2,"nests":true,"area_km2":2.497}},{"type":"Feature","geometry":{"type":"Polygon","coordinates":[[[-2.09569,4.75097],[-2.09625,4.75097],[-2.09625,4.75125],[-2.0968,4.75125],[-2.0968,4.75153],[-2.09708,4.75153],[-2.09708,4.7518],[-2.09764,4.7518],[-2.09764,4.75208],[-2.09792,4.75208],[-2.09792,4.75236],[-2.09875,4.75236],[-2.09875,4.75264],[-2.0993,4.75264],[-2.0993,4.75292],[-2.09958,4.75292],[-2.09958,4.75319],[-2.09986,4.75319],[-2.09986,4.75347],[-2.10125,4.75347],[-2.10125,4.75319],[-2.1018,4.75319],[-2.1018,4.75292],[-2.10236,4.75292],[-2.10236,4.75264],[-2.10319,4.75264],[-2.10319,4.75292],[-2.10347,4.75292],[-2.10347,4.75319],[-2.10458,4.75319],[-2.10458,4.75292],[-2.10597,4.75292],[-2.10597,4.75347],[-2.10625,4.75347],[-2.10625,4.75375],[-2.10819,4.75375],[-2.10819,4.75403],[-2.10875,4.75403],[-2.10875,4.75458],[-2.10931,4.75458],[-2.10931,4.75486],[-2.10994,4.75486],[-2.10994,4.76129],[-2.09569,4.76129],[-2.09569,4.75097]]]},"properties":{"region":"Western","district":"Ahanta West","floods_1m":1,"floods_2m":1,"floods_3m":1,"first_flood_m":1,"nests":true,"area_km2":1.449}},{"type":"Feature","geometry":{"type":"Polygon","coordinates":[[[0.91275,5.78458],[0.91125,5.78458],[0.91125,5.78431],[0.9107,5.78431],[0.9107,5.78403],[0.91014,5.78403],[0.91014,5.78375],[0.90542,5.78375],[0.90542,5.78347],[0.90514,5.78347],[0.90514,5.78375],[0.90486,5.78375],[0.90486,5.78403],[0.90403,5.78403],[0.90403,5.78375],[0.90375,5.78375],[0.90375,5.78347],[0.90347,5.78347],[0.90347,5.78319],[0.90292,5.78319],[0.90292,5.78292],[0.90069,5.78292],[0.90069,5.78264],[0.89958,5.78264],[0.89958,5.78236],[0.89849,5.78236],[0.89849,5.78787],[0.91275,5.78787],[0.91275,5.78458]]]},"properties":{"region":"Volta","district":"Keta","floods_1m":1,"floods_2m":1,"floods_3m":1,"first_flood_m":1,"nests":true,"area_km2":0.761}},{"type":"Feature","geometry":{"type":"Polygon","coordinates":[[[-1.8533,4.84736],[-1.85347,4.84736],[-1.85347,4.84708],[-1.85542,4.84708],[-1.85542,4.84736],[-1.85819,4.84736],[-1.85819,4.84764],[-1.85931,4.84764],[-1.85931,4.84736],[-1.86042,4.84736],[-1.86042,4.84708],[-1.86097,4.84708],[-1.86097,4.84684],[-1.86756,4.84684],[-1.86756,4.8611],[-1.8533,4.8611],[-1.8533,4.84736]]]},"properties":{"region":"Western","district":"Ahanta West","floods_1m":1,"floods_2m":1,"floods_3m":1,"first_flood_m":1,"nests":true,"area_km2":2.461}},{"type":"Feature","geometry":{"type":"Polygon","coordinates":[[[0.81294,5.87341],[0.79868,5.87341],[0.79868,5.88767],[0.81294,5.88767],[0.81294,5.87341]]]},"properties":{"region":"Volta","district":"Keta","floods_1m":1,"floods_2m":1,"floods_3m":1,"first_flood_m":1,"nests":true,"area_km2":2.501}},{"type":"Feature","geometry":{"type":"Polygon","coordinates":[[[-1.4113,5.07497],[-1.42556,5.07497],[-1.42556,5.08923],[-1.4113,5.08923],[-1.4113,5.07497]]]},"properties":{"region":"Central","district":"Komenda-Edina-Eguafo-Abirem","floods_1m":0,"floods_2m":0,"floods_3m":1,"first_flood_m":3,"nests":true,"area_km2":2.504}},{"type":"Feature","geometry":{"type":"Polygon","coordinates":[[[-2.20975,4.83931],[-2.21014,4.83931],[-2.21014,4.83958],[-2.21042,4.83958],[-2.21042,4.83986],[-2.2107,4.83986],[-2.2107,4.84014],[-2.21125,4.84014],[-2.2113,4.84042],[-2.21131,4.84049],[-2.20975,4.84171],[-2.20975,4.83931]]]},"properties":{"region":"Western","district":"Ahanta West","floods_1m":1,"floods_2m":1,"floods_3m":1,"first_flood_m":1,"nests":true,"area_km2":0.025}},{"type":"Feature","geometry":{"type":"Polygon","coordinates":[[[0.72739,5.81638],[0.72482,5.81638],[0.72462,5.83064],[0.72739,5.83064],[0.72739,5.81638]]]},"properties":{"region":"Volta","district":"Keta","floods_1m":1,"floods_2m":1,"floods_3m":1,"first_flood_m":1,"nests":true,"area_km2":0.468}},{"type":"Feature","geometry":{"type":"Polygon","coordinates":[[[0.96978,5.85916],[0.9682,5.85916],[0.9682,5.85958],[0.96792,5.85958],[0.96792,5.86014],[0.96764,5.86014],[0.96764,5.86069],[0.96736,5.86069],[0.96736,5.86125],[0.96708,5.86125],[0.96708,5.86181],[0.9668,5.86181],[0.9668,5.86264],[0.96653,5.86264],[0.96653,5.86292],[0.96625,5.86292],[0.96625,5.86347],[0.96597,5.86347],[0.96597,5.86403],[0.9657,5.86403],[0.9657,5.86458],[0.96542,5.86458],[0.96542,5.86514],[0.96514,5.86514],[0.96514,5.86569],[0.96486,5.86569],[0.96486,5.86681],[0.96458,5.86681],[0.96458,5.86764],[0.9643,5.86764],[0.9643,5.86819],[0.96403,5.86819],[0.96403,5.86875],[0.96375,5.86875],[0.96375,5.86931],[0.96347,5.86931],[0.96347,5.86986],[0.9632,5.86986],[0.9632,5.8707],[0.96292,5.8707],[0.96292,5.87125],[0.96264,5.87125],[0.96264,5.87181],[0.96236,5.87181],[0.96236,5.87208],[0.96208,5.87208],[0.96208,5.87264],[0.9618,5.87264],[0.9618,5.87341],[0.96978,5.87341],[0.96978,5.85916]]]},"properties":{"region":"Volta","district":"Keta","floods_1m":1,"floods_2m":1,"floods_3m":1,"first_flood_m":1,"nests":true,"area_km2":0.85}},{"type":"Feature","geometry":{"type":"Polygon","coordinates":[[[-1.96736,4.77264],[-1.96736,4.77555],[-1.96264,4.77555],[-1.96264,4.77538],[-1.96264,4.7743],[-1.96347,4.7743],[-1.96347,4.77403],[-1.96409,4.77403],[-1.96514,4.77403],[-1.96514,4.77375],[-1.96542,4.77375],[-1.96542,4.77347],[-1.96597,4.77347],[-1.96597,4.77319],[-1.96625,4.77319],[-1.96625,4.77292],[-1.96708,4.77292],[-1.96708,4.77264],[-1.96736,4.77264]]]},"properties":{"region":"Western","district":"Ahanta West","floods_1m":1,"floods_2m":1,"floods_3m":1,"first_flood_m":1,"nests":true,"area_km2":0.109}},{"type":"Feature","geometry":{"type":"Polygon","coordinates":[[[0.77017,5.7718],[0.76875,5.7718],[0.76875,5.77208],[0.76181,5.77208],[0.76181,5.7718],[0.76014,5.7718],[0.76014,5.77153],[0.75591,5.77153],[0.75591,5.77361],[0.77017,5.77361],[0.77017,5.7718]]]},"properties":{"region":"Volta","district":"Keta","floods_1m":1,"floods_2m":1,"floods_3m":1,"first_flood_m":1,"nests":true,"area_km2":0.308}},{"type":"Feature","geometry":{"type":"Polygon","coordinates":[[[0.74165,5.80212],[0.72739,5.80212],[0.72739,5.80514],[0.72792,5.80514],[0.72792,5.80486],[0.72819,5.80486],[0.72819,5.80458],[0.72875,5.80458],[0.72875,5.80431],[0.72903,5.80431],[0.72903,5.80458],[0.72931,5.80458],[0.72931,5.80486],[0.72903,5.80486],[0.72903,5.80514],[0.72875,5.80514],[0.72875,5.80542],[0.72819,5.80542],[0.72819,5.80569],[0.72792,5.80569],[0.72792,5.80597],[0.72739,5.80597],[0.72739,5.81638],[0.74165,5.81638],[0.74165,5.80212]]]},"properties":{"region":"Volta","district":"Keta","floods_1m":1,"floods_2m":1,"floods_3m":1,"first_flood_m":1,"nests":true,"area_km2":2.484}},{"type":"Feature","geometry":{"type":"Polygon","coordinates":[[[0.79868,5.87341],[0.78443,5.87341],[0.78443,5.88767],[0.79868,5.88767],[0.79868,5.87341]]]},"properties":{"region":"Volta","district":"Keta","floods_1m":1,"floods_2m":1,"floods_3m":1,"first_flood_m":1,"nests":true,"area_km2":2.499}},{"type":"Feature","geometry":{"type":"Polygon","coordinates":[[[-1.88182,4.84684],[-1.89607,4.84684],[-1.89607,4.8611],[-1.88182,4.8611],[-1.88182,4.84684]]]},"properties":{"region":"Western","district":"Ahanta West","floods_1m":1,"floods_2m":1,"floods_3m":1,"first_flood_m":1,"nests":true,"area_km2":2.503}},{"type":"Feature","geometry":{"type":"Polygon","coordinates":[[[0.95552,5.83064],[0.94931,5.83064],[0.94931,5.83069],[0.94958,5.83069],[0.94958,5.83097],[0.95042,5.83097],[0.95042,5.83125],[0.95069,5.83125],[0.95069,5.83153],[0.95097,5.83153],[0.95097,5.83181],[0.95125,5.83181],[0.95125,5.83208],[0.95264,5.83208],[0.95264,5.83236],[0.95292,5.83236],[0.95292,5.83292],[0.95319,5.83292],[0.95319,5.83347],[0.95347,5.83347],[0.95347,5.83375],[0.95375,5.83375],[0.95375,5.83431],[0.95403,5.83431],[0.95403,5.83542],[0.95431,5.83542],[0.95431,5.83569],[0.95458,5.83569],[0.95458,5.83597],[0.95486,5.83597],[0.95486,5.83625],[0.95514,5.83625],[0.95514,5.83653],[0.95542,5.83653],[0.95542,5.83681],[0.95552,5.83681],[0.95552,5.83064]]]},"properties":{"region":"Volta","district":"Keta","floods_1m":1,"floods_2m":1,"floods_3m":1,"first_flood_m":1,"nests":true,"area_km2":0.183}},{"type":"Feature","geometry":{"type":"Polygon","coordinates":[[[0.86997,5.91619],[0.85572,5.91619],[0.85572,5.93045],[0.86997,5.93045],[0.86997,5.91619]]]},"properties":{"region":"Volta","district":"Keta","floods_1m":1,"floods_2m":1,"floods_3m":1,"first_flood_m":1,"nests":true,"area_km2":2.499}},{"type":"Feature","geometry":{"type":"Polygon","coordinates":[[[-1.42556,5.06653],[-1.42597,5.06653],[-1.42597,5.06625],[-1.42625,5.06625],[-1.42625,5.06597],[-1.42653,5.06597],[-1.42653,5.06569],[-1.42708,5.06569],[-1.42708,5.06542],[-1.42764,5.06542],[-1.42764,5.06514],[-1.42903,5.06514],[-1.42903,5.06542],[-1.4293,5.06542],[-1.4293,5.06514],[-1.4307,5.06514],[-1.4307,5.06903],[-1.43042,5.06903],[-1.43042,5.06958],[-1.43014,5.06958],[-1.43014,5.06986],[-1.42819,5.06986],[-1.42819,5.07014],[-1.42736,5.07014],[-1.42736,5.07042],[-1.42681,5.07042],[-1.42681,5.07069],[-1.42625,5.07069],[-1.42625,5.07153],[-1.42764,5.07153],[-1.42764,5.07125],[-1.42875,5.07125],[-1.42875,5.07097],[-1.42903,5.07097],[-1.42903,5.07069],[-1.43014,5.07069],[-1.43014,5.07042],[-1.43153,5.07042],[-1.43153,5.07097],[-1.43181,5.07097],[-1.43181,5.07264],[-1.43236,5.07264],[-1.43236,5.07292],[-1.43264,5.07292],[-1.43264,5.07319],[-1.43292,5.07319],[-1.43292,5.07347],[-1.43319,5.07347],[-1.43319,5.07375],[-1.43375,5.07375],[-1.43375,5.07403],[-1.43458,5.07403],[-1.43458,5.07431],[-1.43653,5.07431],[-1.43653,5.07347],[-1.43486,5.07347],[-1.43486,5.07319],[-1.43403,5.07319],[-1.43403,5.07292],[-1.43375,5.07292],[-1.43375,5.07264],[-1.43347,5.07264],[-1.43347,5.07236],[-1.43319,5.07236],[-1.43319,5.07208],[-1.43292,5.07208],[-1.43292,5.07125],[-1.43264,5.07125],[-1.43264,5.07069],[-1.43236,5.07069],[-1.43236,5.07014],[-1.43208,5.07014],[-1.43208,5.06958],[-1.43181,5.06958],[-1.43181,5.06708],[-1.43208,5.06708],[-1.43208,5.0668],[-1.43236,5.0668],[-1.43236,5.06542],[-1.43208,5.06542],[-1.43208,5.06514],[-1.43292,5.06514],[-1.43292,5.06486],[-1.43375,5.06486],[-1.43375,5.06458],[-1.43542,5.06458],[-1.43542,5.06431],[-1.43597,5.06431],[-1.43597,5.06403],[-1.43653,5.06403],[-1.43653,5.06347],[-1.43736,5.06347],[-1.43736,5.0632],[-1.43792,5.0632],[-1.43792,5.06292],[-1.43819,5.06292],[-1.43819,5.06264],[-1.43847,5.06264],[-1.43847,5.06236],[-1.43903,5.06236],[-1.43903,5.06208],[-1.43931,5.06208],[-1.43931,5.06181],[-1.43958,5.06181],[-1.43958,5.06125],[-1.43982,5.06125],[-1.43982,5.07497],[-1.42556,5.07497],[-1.42556,5.06653]]]},"properties":{"region":"Central","district":"Komenda-Edina-Eguafo-Abirem","floods_1m":1,"floods_2m":1,"floods_3m":1,"first_flood_m":1,"nests":true,"area_km2":1.612}},{"type":"Feature","geometry":{"type":"MultiPolygon","coordinates":[[[[0.74165,5.77236],[0.74153,5.77236],[0.74153,5.77264],[0.74097,5.77264],[0.74097,5.77236],[0.73736,5.77236],[0.73736,5.77264],[0.73708,5.77264],[0.73708,5.77292],[0.73681,5.77292],[0.73681,5.77319],[0.73653,5.77319],[0.73653,5.77347],[0.73597,5.77347],[0.73597,5.77319],[0.73569,5.77319],[0.73569,5.77292],[0.73542,5.77292],[0.73542,5.77264],[0.73431,5.77264],[0.73431,5.77292],[0.73403,5.77292],[0.73403,5.77319],[0.73097,5.77319],[0.73097,5.77347],[0.73042,5.77347],[0.73042,5.77361],[0.74165,5.77361],[0.74165,5.77236]]],[[[0.72739,5.77347],[0.72739,5.77361],[0.72986,5.77361],[0.72986,5.77347],[0.72903,5.77347],[0.72903,5.77319],[0.72875,5.77319],[0.72875,5.77347],[0.72739,5.77347]]]]},"properties":{"region":"Volta","district":"Keta","floods_1m":1,"floods_2m":1,"floods_3m":1,"first_flood_m":1,"nests":true,"area_km2":0.113}},{"type":"Feature","geometry":{"type":"Polygon","coordinates":[[[-1.92459,4.81264],[-1.92459,4.81832],[-1.9143,4.81832],[-1.9143,4.81819],[-1.91458,4.81819],[-1.91458,4.81792],[-1.91486,4.81792],[-1.91486,4.81736],[-1.91542,4.81736],[-1.91542,4.81458],[-1.91569,4.81458],[-1.91569,4.81431],[-1.91597,4.81431],[-1.91597,4.81403],[-1.91625,4.81403],[-1.91625,4.81347],[-1.91653,4.81347],[-1.91653,4.81319],[-1.91681,4.81319],[-1.91681,4.81292],[-1.91894,4.81292],[-1.92097,4.81292],[-1.92097,4.81347],[-1.92292,4.81347],[-1.92292,4.81319],[-1.92319,4.81319],[-1.92319,4.81292],[-1.92431,4.81292],[-1.92431,4.81264],[-1.92459,4.81264]]]},"properties":{"region":"Western","district":"Ahanta West","floods_1m":1,"floods_2m":1,"floods_3m":1,"first_flood_m":1,"nests":true,"area_km2":0.588}},{"type":"Feature","geometry":{"type":"MultiPolygon","coordinates":[[[[-1.38279,5.07431],[-1.38458,5.07431],[-1.38458,5.07403],[-1.3852,5.07403],[-1.38569,5.07403],[-1.38569,5.07375],[-1.38736,5.07375],[-1.38736,5.07347],[-1.38764,5.07347],[-1.38764,5.07319],[-1.38847,5.07319],[-1.38847,5.07292],[-1.38958,5.07292],[-1.38958,5.07264],[-1.39042,5.07264],[-1.39042,5.07236],[-1.39069,5.07236],[-1.39069,5.07208],[-1.39125,5.07208],[-1.39125,5.0718],[-1.39153,5.0718],[-1.39153,5.07153],[-1.39181,5.07153],[-1.39181,5.07125],[-1.39236,5.07125],[-1.39236,5.07097],[-1.39292,5.07097],[-1.39292,5.07069],[-1.39319,5.07069],[-1.39319,5.07042],[-1.39458,5.07042],[-1.39458,5.07014],[-1.39597,5.07014],[-1.39597,5.07069],[-1.39625,5.07069],[-1.39625,5.07097],[-1.39653,5.07097],[-1.39652,5.07132],[-1.39705,5.07125],[-1.39705,5.07497],[-1.38279,5.07497],[-1.38279,5.07431]]],[[[-1.39705,5.07014],[-1.39705,5.07042],[-1.3968,5.07042],[-1.3968,5.07014],[-1.39705,5.07014]]]]},"properties":{"region":"Central","district":"Komenda-Edina-Eguafo-Abirem","floods_1m":1,"floods_2m":1,"floods_3m":1,"first_flood_m":1,"nests":true,"area_km2":0.46}},{"type":"Feature","geometry":{"type":"Polygon","coordinates":[[[0.78443,5.90193],[0.77017,5.90193],[0.77017,5.91619],[0.78443,5.91619],[0.78443,5.90193]]]},"properties":{"region":"Volta","district":"Keta","floods_1m":1,"floods_2m":1,"floods_3m":1,"first_flood_m":1,"nests":true,"area_km2":2.501}},{"type":"Feature","geometry":{"type":"Polygon","coordinates":[[[0.78443,5.81638],[0.77017,5.81638],[0.77017,5.83064],[0.78443,5.83064],[0.78443,5.81638]]]},"properties":{"region":"Volta","district":"Keta","floods_1m":1,"floods_2m":1,"floods_3m":1,"first_flood_m":1,"nests":true,"area_km2":2.501}},{"type":"Feature","geometry":{"type":"Polygon","coordinates":[[[-2.15272,4.80407],[-2.16698,4.80407],[-2.16698,4.81832],[-2.15272,4.81832],[-2.15272,4.80407]]]},"properties":{"region":"Western","district":"Ahanta West","floods_1m":1,"floods_2m":1,"floods_3m":1,"first_flood_m":1,"nests":true,"area_km2":2.504}},{"type":"Feature","geometry":{"type":"Polygon","coordinates":[[[0.77017,5.8449],[0.75591,5.8449],[0.75591,5.85916],[0.77017,5.85916],[0.77017,5.8449]]]},"properties":{"region":"Volta","district":"Keta","floods_1m":1,"floods_2m":1,"floods_3m":1,"first_flood_m":1,"nests":true,"area_km2":2.501}},{"type":"Feature","geometry":{"type":"Polygon","coordinates":[[[-1.93885,4.80486],[-1.93903,4.80486],[-1.93903,4.80431],[-1.93885,4.80431],[-1.93885,4.80407],[-1.95311,4.80407],[-1.95311,4.81832],[-1.93885,4.81832],[-1.93885,4.80486]]]},"properties":{"region":"Western","district":"Ahanta West","floods_1m":1,"floods_2m":1,"floods_3m":1,"first_flood_m":1,"nests":true,"area_km2":2.502}},{"type":"Feature","geometry":{"type":"Polygon","coordinates":[[[0.74165,5.77361],[0.73042,5.77361],[0.73041,5.77375],[0.72986,5.77375],[0.72986,5.77361],[0.72739,5.77361],[0.72739,5.78787],[0.74165,5.78787],[0.74165,5.77361]]]},"properties":{"region":"Volta","district":"Keta","floods_1m":1,"floods_2m":1,"floods_3m":1,"first_flood_m":1,"nests":true,"area_km2":2.501}},{"type":"Feature","geometry":{"type":"Polygon","coordinates":[[[-1.32576,5.09659],[-1.32651,5.09486],[-1.3268,5.09486],[-1.3268,5.09458],[-1.32792,5.09458],[-1.32792,5.09431],[-1.32825,5.09431],[-1.32903,5.09431],[-1.32903,5.09403],[-1.33069,5.09403],[-1.33069,5.09375],[-1.33236,5.09375],[-1.33236,5.09347],[-1.33347,5.09347],[-1.33347,5.09319],[-1.33486,5.09319],[-1.33486,5.09292],[-1.33653,5.09292],[-1.33653,5.09264],[-1.33819,5.09264],[-1.33819,5.09236],[-1.33986,5.09236],[-1.33986,5.09208],[-1.34001,5.09208],[-1.34001,5.10348],[-1.32576,5.10348],[-1.32576,5.09659]]]},"properties":{"region":"Central","district":"Komenda-Edina-Eguafo-Abirem","floods_1m":1,"floods_2m":1,"floods_3m":1,"first_flood_m":1,"nests":true,"area_km2":1.745}},{"type":"Feature","geometry":{"type":"Polygon","coordinates":[[[-2.08143,4.80407],[-2.09569,4.80407],[-2.09569,4.81832],[-2.08143,4.81832],[-2.08143,4.80407]]]},"properties":{"region":"Western","district":"Ahanta West","floods_1m":0,"floods_2m":1,"floods_3m":1,"first_flood_m":2,"nests":true,"area_km2":2.504}},{"type":"Feature","geometry":{"type":"Polygon","coordinates":[[[0.86997,5.85916],[0.85572,5.85916],[0.85572,5.87341],[0.86708,5.87341],[0.86708,5.8732],[0.86764,5.8732],[0.86764,5.87341],[0.86997,5.87341],[0.86997,5.85916]]]},"properties":{"region":"Volta","district":"Keta","floods_1m":1,"floods_2m":1,"floods_3m":1,"first_flood_m":1,"nests":true,"area_km2":2.496}},{"type":"Feature","geometry":{"type":"Polygon","coordinates":[[[-1.45408,5.05708],[-1.45408,5.06071],[-1.43986,5.06071],[-1.43986,5.06042],[-1.44014,5.06042],[-1.44014,5.06014],[-1.44097,5.06014],[-1.44097,5.05986],[-1.44125,5.05986],[-1.44125,5.05958],[-1.44153,5.05958],[-1.44153,5.05903],[-1.44181,5.05903],[-1.44181,5.05875],[-1.44208,5.05875],[-1.44208,5.05847],[-1.44458,5.05847],[-1.44458,5.05819],[-1.44569,5.05819],[-1.44569,5.05792],[-1.4471,5.05798],[-1.44708,5.05764],[-1.44863,5.05764],[-1.45097,5.05764],[-1.45097,5.05736],[-1.45264,5.05736],[-1.45264,5.05708],[-1.45408,5.05708]]]},"properties":{"region":"Central","district":"Komenda-Edina-Eguafo-Abirem","floods_1m":1,"floods_2m":1,"floods_3m":1,"first_flood_m":1,"nests":true,"area_km2":0.457}},{"type":"Feature","geometry":{"type":"Polygon","coordinates":[[[0.79868,5.91619],[0.78443,5.91619],[0.78443,5.92688],[0.78635,5.9271],[0.78954,5.92791],[0.79448,5.93045],[0.79868,5.93045],[0.79868,5.91619]]]},"properties":{"region":"Volta","district":"Keta","floods_1m":1,"floods_2m":1,"floods_3m":1,"first_flood_m":1,"nests":true,"area_km2":2.225}},{"type":"Feature","geometry":{"type":"Polygon","coordinates":[[[-1.79627,4.87236],[-1.79627,4.87536],[-1.78208,4.87536],[-1.78208,4.87514],[-1.78458,4.87514],[-1.78458,4.87486],[-1.78597,4.87486],[-1.78597,4.87458],[-1.78653,4.87458],[-1.78653,4.87431],[-1.78736,4.87431],[-1.78736,4.87403],[-1.78764,4.87403],[-1.78764,4.87375],[-1.78819,4.87375],[-1.78819,4.87347],[-1.78875,4.87347],[-1.78875,4.87319],[-1.78931,4.87319],[-1.78931,4.87292],[-1.78958,4.87292],[-1.78958,4.87264],[-1.78986,4.87264],[-1.78986,4.87236],[-1.79069,4.87236],[-1.79069,4.87208],[-1.79292,4.87208],[-1.79292,4.87236],[-1.79347,4.87236],[-1.79347,4.87208],[-1.79542,4.87208],[-1.79542,4.87236],[-1.79627,4.87236]]]},"properties":{"region":"Western","district":"Ahanta West","floods_1m":1,"floods_2m":1,"floods_3m":1,"first_flood_m":1,"nests":true,"area_km2":0.344}},{"type":"Feature","geometry":{"type":"Polygon","coordinates":[[[0.98404,5.84903],[0.98404,5.85916],[0.9882,5.85916],[0.9882,5.85903],[0.98792,5.85903],[0.98792,5.85875],[0.98764,5.85875],[0.98764,5.85764],[0.98736,5.85764],[0.98736,5.85708],[0.98708,5.85708],[0.98708,5.85597],[0.98681,5.85597],[0.98681,5.85514],[0.98653,5.85514],[0.98653,5.85458],[0.98625,5.85458],[0.98625,5.85347],[0.98597,5.85347],[0.98597,5.85292],[0.9857,5.85292],[0.9857,5.85264],[0.98542,5.85264],[0.98542,5.85125],[0.98514,5.85125],[0.98514,5.85042],[0.98486,5.85042],[0.98486,5.85014],[0.98458,5.85014],[0.98458,5.84931],[0.98431,5.84931],[0.98431,5.84903],[0.98404,5.84903]]]},"properties":{"region":"Volta","district":"Keta","floods_1m":1,"floods_2m":1,"floods_3m":1,"first_flood_m":1,"nests":true,"area_km2":0.272}},{"type":"Feature","geometry":{"type":"MultiPolygon","coordinates":[[[[0.89849,5.92653],[0.89849,5.93042],[0.89875,5.93042],[0.89875,5.93014],[0.89903,5.93014],[0.89903,5.92792],[0.89931,5.92792],[0.89931,5.92764],[0.89903,5.92764],[0.89903,5.92736],[0.89875,5.92736],[0.89875,5.92653],[0.89849,5.92653]]],[[[0.90431,5.92542],[0.90431,5.92514],[0.90458,5.92514],[0.90458,5.9243],[0.90431,5.9243],[0.90431,5.92319],[0.90375,5.92319],[0.90375,5.92292],[0.90347,5.92292],[0.90347,5.92264],[0.90319,5.92264],[0.90319,5.92292],[0.90292,5.92292],[0.90292,5.92319],[0.90236,5.92319],[0.90236,5.92347],[0.90125,5.92347],[0.90125,5.92403],[0.90153,5.92403],[0.90153,5.9243],[0.90181,5.9243],[0.90181,5.92486],[0.90208,5.92486],[0.90208,5.92514],[0.90292,5.92514],[0.90292,5.92486],[0.90375,5.92486],[0.90375,5.92514],[0.90403,5.92514],[0.90403,5.92542],[0.90431,5.92542]]],[[[0.89849,5.92208],[0.89849,5.92319],[0.89875,5.92319],[0.89875,5.92347],[0.89931,5.92347],[0.89931,5.92292],[0.89958,5.92292],[0.89958,5.92236],[0.89931,5.92236],[0.89931,5.92208],[0.89849,5.92208]]],[[[0.90542,5.91619],[0.89958,5.91619],[0.89958,5.91625],[0.90014,5.91625],[0.90014,5.91653],[0.90097,5.91653],[0.90097,5.91681],[0.90153,5.91681],[0.90153,5.91708],[0.90236,5.91708],[0.90236,5.91736],[0.9043,5.91736],[0.90431,5.91764],[0.9057,5.91764],[0.9057,5.91653],[0.90542,5.91653],[0.90542,5.91619]]]]},"properties":{"region":"Volta","district":"Keta","floods_1m":1,"floods_2m":1,"floods_3m":1,"first_flood_m":1,"nests":true,"area_km2":0.173}},{"type":"Feature","geometry":{"type":"Polygon","coordinates":[[[-1.81053,4.87208],[-1.81097,4.87208],[-1.81097,4.87181],[-1.81125,4.87181],[-1.81125,4.87153],[-1.81153,4.87153],[-1.81153,4.87181],[-1.81181,4.87181],[-1.81181,4.87153],[-1.81208,4.87153],[-1.81208,4.87125],[-1.81236,4.87125],[-1.81236,4.87097],[-1.81292,4.87097],[-1.81292,4.87069],[-1.81319,4.87069],[-1.81319,4.86875],[-1.81347,4.86875],[-1.81347,4.86847],[-1.81375,4.86847],[-1.81375,4.86819],[-1.81347,4.86819],[-1.81347,4.86792],[-1.81292,4.86792],[-1.81292,4.86764],[-1.81208,4.86764],[-1.81208,4.86708],[-1.81236,4.86708],[-1.81229,4.86654],[-1.81403,4.86653],[-1.81403,4.86625],[-1.81736,4.86625],[-1.81736,4.86597],[-1.82014,4.86597],[-1.82014,4.86569],[-1.82069,4.86569],[-1.82069,4.86542],[-1.82153,4.86542],[-1.82153,4.86514],[-1.82347,4.86514],[-1.82347,4.86486],[-1.82431,4.86486],[-1.82431,4.86458],[-1.82478,4.86458],[-1.82478,4.87536],[-1.81053,4.87536],[-1.81053,4.87208]]]},"properties":{"region":"Western","district":"Ahanta West","floods_1m":1,"floods_2m":1,"floods_3m":1,"first_flood_m":1,"nests":true,"area_km2":1.509}},{"type":"Feature","geometry":{"type":"Polygon","coordinates":[[[0.86997,6.00174],[0.85572,6.00174],[0.85572,6.01599],[0.86997,6.01599],[0.86997,6.00174]]]},"properties":{"region":"Volta","district":"Keta","floods_1m":1,"floods_2m":1,"floods_3m":1,"first_flood_m":1,"nests":true,"area_km2":2.497}},{"type":"Feature","geometry":{"type":"Polygon","coordinates":[[[-2.10994,4.80407],[-2.1242,4.80407],[-2.1242,4.81832],[-2.10994,4.81832],[-2.10994,4.80407]]]},"properties":{"region":"Western","district":"Ahanta West","floods_1m":1,"floods_2m":1,"floods_3m":1,"first_flood_m":1,"nests":true,"area_km2":2.504}},{"type":"Feature","geometry":{"type":"Polygon","coordinates":[[[0.89849,5.78787],[0.88423,5.78787],[0.88423,5.7892],[0.88423,5.80212],[0.89849,5.80212],[0.89849,5.7892],[0.89849,5.78787]]]},"properties":{"region":"Volta","district":"Keta","floods_1m":1,"floods_2m":1,"floods_3m":1,"first_flood_m":1,"nests":true,"area_km2":2.5}},{"type":"Feature","geometry":{"type":"Polygon","coordinates":[[[-1.95311,4.78403],[-1.95311,4.78981],[-1.94681,4.78981],[-1.94681,4.78792],[-1.94708,4.78792],[-1.94708,4.78736],[-1.94903,4.78736],[-1.94903,4.78708],[-1.94958,4.78708],[-1.94958,4.78681],[-1.94986,4.78681],[-1.94986,4.78625],[-1.95014,4.78625],[-1.95014,4.78597],[-1.95097,4.78597],[-1.95097,4.78569],[-1.95125,4.78569],[-1.95125,4.78514],[-1.95153,4.78514],[-1.95153,4.78486],[-1.95236,4.78486],[-1.95236,4.78458],[-1.95264,4.78458],[-1.95264,4.78431],[-1.95292,4.78431],[-1.95292,4.78403],[-1.95311,4.78403]]]},"properties":{"region":"Western","district":"Ahanta West","floods_1m":1,"floods_2m":1,"floods_3m":1,"first_flood_m":1,"nests":true,"area_km2":0.277}},{"type":"Feature","geometry":{"type":"Polygon","coordinates":[[[0.88423,5.8449],[0.86997,5.8449],[0.86997,5.85916],[0.88423,5.85916],[0.88423,5.8449]]]},"properties":{"region":"Volta","district":"Keta","floods_1m":1,"floods_2m":1,"floods_3m":1,"first_flood_m":1,"nests":true,"area_km2":2.501}},{"type":"Feature","geometry":{"type":"Polygon","coordinates":[[[-2.25252,4.88514],[-2.25292,4.88514],[-2.25292,4.88542],[-2.25319,4.88542],[-2.25319,4.8857],[-2.25347,4.8857],[-2.25347,4.88597],[-2.25403,4.88597],[-2.25403,4.88625],[-2.25431,4.88625],[-2.25431,4.88653],[-2.25486,4.88653],[-2.25486,4.88681],[-2.25542,4.88681],[-2.25542,4.88736],[-2.25597,4.88736],[-2.25597,4.88764],[-2.25653,4.88764],[-2.25653,4.88792],[-2.2568,4.88792],[-2.25681,4.88819],[-2.25819,4.88819],[-2.25819,4.88847],[-2.25875,4.88847],[-2.25875,4.88875],[-2.25903,4.88875],[-2.25903,4.88903],[-2.25931,4.88903],[-2.25931,4.88931],[-2.26069,4.88931],[-2.26069,4.88958],[-2.26097,4.88958],[-2.26097,4.88961],[-2.25252,4.88961],[-2.25252,4.88514]]]},"properties":{"region":"Western","district":"Nzema East","floods_1m":0,"floods_2m":0,"floods_3m":1,"first_flood_m":3,"nests":true,"area_km2":0.203}},{"type":"Feature","geometry":{"type":"Polygon","coordinates":[[[0.77017,5.78787],[0.75591,5.78787],[0.75591,5.7892],[0.75591,5.80212],[0.77017,5.80212],[0.77017,5.7892],[0.77017,5.78787]]]},"properties":{"region":"Volta","district":"Keta","floods_1m":1,"floods_2m":1,"floods_3m":1,"first_flood_m":1,"nests":true,"area_km2":2.5}},{"type":"Feature","geometry":{"type":"MultiPolygon","coordinates":[[[[0.88423,5.90764],[0.88347,5.90764],[0.88347,5.90736],[0.88319,5.90736],[0.88319,5.90681],[0.88292,5.90681],[0.88292,5.90653],[0.88264,5.90653],[0.88264,5.90625],[0.88236,5.90625],[0.88236,5.90597],[0.88208,5.90597],[0.88208,5.90569],[0.88153,5.90569],[0.88153,5.90542],[0.88125,5.90542],[0.88125,5.90514],[0.88097,5.90514],[0.88097,5.90486],[0.88042,5.90486],[0.88042,5.90542],[0.88014,5.90542],[0.88014,5.90569],[0.87931,5.90569],[0.87931,5.90542],[0.87903,5.90542],[0.87903,5.90514],[0.87875,5.90514],[0.87875,5.90486],[0.87847,5.90486],[0.87847,5.90403],[0.87792,5.90403],[0.87792,5.90375],[0.87764,5.90375],[0.87764,5.90347],[0.87736,5.90347],[0.87736,5.90319],[0.87708,5.90319],[0.87708,5.90236],[0.87736,5.90236],[0.87736,5.90193],[0.86997,5.90193],[0.86997,5.91619],[0.88423,5.91619],[0.88423,5.90764]]],[[[0.88423,5.90653],[0.88423,5.90486],[0.88375,5.90486],[0.88375,5.90458],[0.88347,5.90458],[0.88347,5.9043],[0.88319,5.9043],[0.88319,5.90403],[0.88292,5.90403],[0.88292,5.90375],[0.88264,5.90375],[0.88264,5.90319],[0.88236,5.90319],[0.88236,5.90236],[0.88264,5.90236],[0.88264,5.90208],[0.88347,5.90208],[0.88347,5.90236],[0.88375,5.90236],[0.88375,5.90292],[0.88423,5.90292],[0.88423,5.90193],[0.87958,5.90193],[0.87958,5.90292],[0.87986,5.90292],[0.87986,5.90319],[0.88014,5.90319],[0.88014,5.90347],[0.88042,5.90347],[0.88042,5.90375],[0.88069,5.90375],[0.88069,5.90403],[0.88097,5.90403],[0.88097,5.9043],[0.88125,5.9043],[0.88125,5.90458],[0.88153,5.90458],[0.88153,5.90486],[0.88181,5.90486],[0.88181,5.90514],[0.88208,5.90514],[0.88208,5.90542],[0.88264,5.90542],[0.88264,5.90569],[0.88319,5.90569],[0.88319,5.90597],[0.88375,5.90597],[0.88375,5.90625],[0.88403,5.90625],[0.88403,5.90653],[0.88423,5.90653]]]]},"properties":{"region":"Volta","district":"Keta","floods_1m":1,"floods_2m":1,"floods_3m":1,"first_flood_m":1,"nests":true,"area_km2":2.313}},{"type":"Feature","geometry":{"type":"Polygon","coordinates":[[[0.81294,5.85916],[0.79868,5.85916],[0.79868,5.87341],[0.81294,5.87341],[0.81294,5.85916]]]},"properties":{"region":"Volta","district":"Keta","floods_1m":1,"floods_2m":1,"floods_3m":1,"first_flood_m":1,"nests":true,"area_km2":2.499}},{"type":"Feature","geometry":{"type":"Polygon","coordinates":[[[-1.78201,4.87542],[-1.78208,4.87542],[-1.78208,4.87536],[-1.79627,4.87536],[-1.79627,4.88961],[-1.78201,4.88961],[-1.78201,4.87542]]]},"properties":{"region":"Western","district":"Ahanta West","floods_1m":1,"floods_2m":1,"floods_3m":1,"first_flood_m":1,"nests":true,"area_km2":2.503}},{"type":"Feature","geometry":{"type":"MultiPolygon","coordinates":[[[[0.90986,5.8449],[0.9118,5.8449],[0.9118,5.84375],[0.91208,5.84375],[0.91208,5.84319],[0.91097,5.84319],[0.91097,5.84347],[0.9107,5.84347],[0.9107,5.84375],[0.91042,5.84375],[0.91042,5.84458],[0.91014,5.84458],[0.91014,5.84486],[0.90986,5.84486],[0.90986,5.8449]]],[[[0.89849,5.84319],[0.89849,5.8449],[0.90069,5.8449],[0.90069,5.84486],[0.90042,5.84486],[0.90042,5.84403],[0.90014,5.84403],[0.90014,5.84375],[0.89931,5.84375],[0.89931,5.84319],[0.89903,5.84319],[0.89903,5.84292],[0.89875,5.84292],[0.89875,5.84319],[0.89849,5.84319]]]]},"properties":{"region":"Volta","district":"Keta","floods_1m":1,"floods_2m":1,"floods_3m":1,"first_flood_m":1,"nests":true,"area_km2":0.062}},{"type":"Feature","geometry":{"type":"Polygon","coordinates":[[[-1.32312,5.10348],[-1.32576,5.10348],[-1.32576,5.11774],[-1.32023,5.11774],[-1.32038,5.11749],[-1.32113,5.11515],[-1.32219,5.10754],[-1.32301,5.10381],[-1.32312,5.10348]]]},"properties":{"region":"Central","district":"Komenda-Edina-Eguafo-Abirem","floods_1m":1,"floods_2m":1,"floods_3m":1,"first_flood_m":1,"nests":true,"area_km2":0.701}},{"type":"Feature","geometry":{"type":"Polygon","coordinates":[[[0.75591,5.80212],[0.74165,5.80212],[0.74165,5.81638],[0.75591,5.81638],[0.75591,5.80212]]]},"properties":{"region":"Volta","district":"Keta","floods_1m":1,"floods_2m":1,"floods_3m":1,"first_flood_m":1,"nests":true,"area_km2":2.501}},{"type":"Feature","geometry":{"type":"Polygon","coordinates":[[[-2.45214,4.97516],[-2.46639,4.97516],[-2.46639,4.98942],[-2.45214,4.98942],[-2.45214,4.97516]]]},"properties":{"region":"Western","district":"Nzema East","floods_1m":0,"floods_2m":1,"floods_3m":1,"first_flood_m":2,"nests":true,"area_km2":2.503}},{"type":"Feature","geometry":{"type":"Polygon","coordinates":[[[-1.38279,5.07497],[-1.39705,5.07497],[-1.39705,5.08923],[-1.38279,5.08923],[-1.38279,5.07497]]]},"properties":{"region":"Central","district":"Komenda-Edina-Eguafo-Abirem","floods_1m":0,"floods_2m":1,"floods_3m":1,"first_flood_m":2,"nests":true,"area_km2":2.504}},{"type":"Feature","geometry":{"type":"Polygon","coordinates":[[[0.8272,5.83064],[0.81294,5.83064],[0.81294,5.8449],[0.8272,5.8449],[0.8272,5.83064]]]},"properties":{"region":"Volta","district":"Keta","floods_1m":1,"floods_2m":1,"floods_3m":1,"first_flood_m":1,"nests":true,"area_km2":2.501}},{"type":"Feature","geometry":{"type":"Polygon","coordinates":[[[-1.43982,5.06125],[-1.43986,5.06125],[-1.43986,5.06071],[-1.45408,5.06071],[-1.45408,5.07497],[-1.43982,5.07497],[-1.43982,5.06125]]]},"properties":{"region":"Central","district":"Komenda-Edina-Eguafo-Abirem","floods_1m":0,"floods_2m":1,"floods_3m":1,"first_flood_m":2,"nests":true,"area_km2":2.504}},{"type":"Feature","geometry":{"type":"Polygon","coordinates":[[[0.96978,5.83064],[0.95552,5.83064],[0.95552,5.83681],[0.95569,5.83681],[0.95569,5.83708],[0.95597,5.83708],[0.95597,5.83764],[0.95625,5.83764],[0.95625,5.83819],[0.95653,5.83819],[0.95653,5.83875],[0.95681,5.83875],[0.95681,5.83931],[0.95708,5.83931],[0.95708,5.83958],[0.95736,5.83958],[0.95736,5.83986],[0.95764,5.83986],[0.95764,5.84014],[0.95792,5.84014],[0.95792,5.84069],[0.95819,5.84069],[0.95819,5.84097],[0.95847,5.84097],[0.95847,5.84125],[0.95875,5.84125],[0.95875,5.84153],[0.95903,5.84153],[0.95903,5.8418],[0.95958,5.8418],[0.95958,5.84208],[0.96014,5.84208],[0.96014,5.84236],[0.96097,5.84236],[0.96097,5.84264],[0.96153,5.84264],[0.96153,5.84292],[0.9618,5.84292],[0.9618,5.84431],[0.96208,5.84431],[0.96208,5.8449],[0.96978,5.8449],[0.96978,5.83064]]]},"properties":{"region":"Volta","district":"Keta","floods_1m":1,"floods_2m":1,"floods_3m":1,"first_flood_m":1,"nests":true,"area_km2":2.175}},{"type":"Feature","geometry":{"type":"Polygon","coordinates":[[[-1.51111,5.06071],[-1.52537,5.06071],[-1.52537,5.07497],[-1.51111,5.07497],[-1.51111,5.06071]]]},"properties":{"region":"Central","district":"Komenda-Edina-Eguafo-Abirem","floods_1m":0,"floods_2m":1,"floods_3m":1,"first_flood_m":2,"nests":true,"area_km2":2.504}},{"type":"Feature","geometry":{"type":"Polygon","coordinates":[[[0.93097,6.02448],[0.93097,6.02431],[0.93125,6.02431],[0.93125,6.02403],[0.93097,6.02403],[0.93097,6.02264],[0.93069,6.02264],[0.93069,6.02153],[0.93042,6.02153],[0.93042,6.02125],[0.93069,6.02125],[0.93069,6.02014],[0.93153,6.02014],[0.93153,6.02042],[0.93208,6.02042],[0.93208,6.02069],[0.93264,6.02069],[0.93264,6.02097],[0.93292,6.02097],[0.93292,6.02125],[0.93403,6.02125],[0.93403,6.02097],[0.93431,6.02097],[0.93431,6.02069],[0.93458,6.02069],[0.93458,6.02042],[0.93486,6.02042],[0.93486,6.01931],[0.93514,6.01931],[0.93514,6.01764],[0.93486,6.01764],[0.93486,6.01736],[0.93458,6.01736],[0.93458,6.01681],[0.93431,6.01681],[0.93431,6.01599],[0.92701,6.01599],[0.92701,6.02458],[0.93097,6.02448]]]},"properties":{"region":"Volta","district":"Keta","floods_1m":1,"floods_2m":1,"floods_3m":1,"first_flood_m":1,"nests":true,"area_km2":0.633}},{"type":"Feature","geometry":{"type":"Polygon","coordinates":[[[0.91275,5.85181],[0.91275,5.85916],[0.91708,5.85916],[0.91708,5.85903],[0.91681,5.85903],[0.91681,5.85875],[0.91653,5.85875],[0.91653,5.85847],[0.91625,5.85847],[0.91625,5.85819],[0.91597,5.85819],[0.91597,5.85792],[0.9157,5.85792],[0.9157,5.85764],[0.91542,5.85764],[0.91542,5.85736],[0.91514,5.85736],[0.91514,5.85708],[0.91486,5.85708],[0.91486,5.85625],[0.91458,5.85625],[0.91458,5.85486],[0.9143,5.85486],[0.9143,5.85403],[0.91403,5.85403],[0.91403,5.85319],[0.91375,5.85319],[0.91375,5.85264],[0.91347,5.85264],[0.91347,5.85208],[0.91292,5.85208],[0.91292,5.85181],[0.91275,5.85181]]]},"properties":{"region":"Volta","district":"Keta","floods_1m":1,"floods_2m":1,"floods_3m":1,"first_flood_m":1,"nests":true,"area_km2":0.178}},{"type":"Feature","geometry":{"type":"Polygon","coordinates":[[[-1.98162,4.75708],[-1.98181,4.75708],[-1.98181,4.75736],[-1.98208,4.75736],[-1.98208,4.75764],[-1.98264,4.75764],[-1.98264,4.75736],[-1.98292,4.75736],[-1.98292,4.75625],[-1.98319,4.75625],[-1.98319,4.75597],[-1.98403,4.75597],[-1.98403,4.75625],[-1.98431,4.75625],[-1.98431,4.75653],[-1.98514,4.75653],[-1.98514,4.75681],[-1.98542,4.75681],[-1.98542,4.75708],[-1.98569,4.75708],[-1.98569,4.75819],[-1.98597,4.75819],[-1.98597,4.75847],[-1.98625,4.75847],[-1.98625,4.75875],[-1.98653,4.75875],[-1.98653,4.75903],[-1.98764,4.75903],[-1.98764,4.75931],[-1.98903,4.75931],[-1.98903,4.75958],[-1.98986,4.75958],[-1.98986,4.75931],[-1.99097,4.75931],[-1.99097,4.75958],[-1.99208,4.75958],[-1.99208,4.75931],[-1.99588,4.75931],[-1.99588,4.76129],[-1.98162,4.76129],[-1.98162,4.75708]]]},"properties":{"region":"Western","district":"Ahanta West","floods_1m":1,"floods_2m":1,"floods_3m":1,"first_flood_m":1,"nests":true,"area_km2":0.484}},{"type":"Feature","geometry":{"type":"Polygon","coordinates":[[[0.75591,5.77361],[0.74165,5.77361],[0.74165,5.78787],[0.75591,5.78787],[0.75591,5.77361]]]},"properties":{"region":"Volta","district":"Keta","floods_1m":1,"floods_2m":1,"floods_3m":1,"first_flood_m":1,"nests":true,"area_km2":2.501}},{"type":"Feature","geometry":{"type":"MultiPolygon","coordinates":[[[[-2.10994,4.78292],[-2.11097,4.78292],[-2.11097,4.78319],[-2.11153,4.78319],[-2.11153,4.78347],[-2.11181,4.78347],[-2.11181,4.78375],[-2.11153,4.78375],[-2.11153,4.78403],[-2.11181,4.78403],[-2.11181,4.78431],[-2.11153,4.78431],[-2.11153,4.78486],[-2.11125,4.78486],[-2.11125,4.78569],[-2.11153,4.78569],[-2.11153,4.78625],[-2.11181,4.78625],[-2.11181,4.78653],[-2.11236,4.78653],[-2.11236,4.78681],[-2.11264,4.78681],[-2.11264,4.78708],[-2.11292,4.78708],[-2.11292,4.78819],[-2.11264,4.78819],[-2.11264,4.78847],[-2.11236,4.78847],[-2.11236,4.78819],[-2.11208,4.78819],[-2.11208,4.78764],[-2.11125,4.78764],[-2.11125,4.78792],[-2.11097,4.78792],[-2.11097,4.78819],[-2.11069,4.78819],[-2.11069,4.78847],[-2.11042,4.78847],[-2.11042,4.78931],[-2.11069,4.78931],[-2.11069,4.78958],[-2.11097,4.78958],[-2.11097,4.78981],[-2.10994,4.78981],[-2.10994,4.78292]]],[[[-2.12069,4.78981],[-2.11403,4.78981],[-2.11403,4.78903],[-2.11375,4.78903],[-2.11375,4.78875],[-2.11403,4.78875],[-2.11403,4.78847],[-2.11458,4.78847],[-2.11458,4.78819],[-2.11486,4.78819],[-2.11486,4.78736],[-2.11514,4.78736],[-2.11514,4.78708],[-2.11597,4.78708],[-2.11597,4.78736],[-2.11625,4.78736],[-2.11625,4.78708],[-2.11653,4.78708],[-2.11653,4.78764],[-2.11708,4.78764],[-2.11708,4.78792],[-2.11764,4.78792],[-2.11764,4.78819],[-2.11819,4.78819],[-2.11819,4.78847],[-2.11875,4.78847],[-2.11875,4.78875],[-2.11958,4.78875],[-2.11958,4.78903],[-2.12014,4.78903],[-2.12014,4.78931],[-2.12042,4.78931],[-2.12042,4.78958],[-2.12069,4.78958],[-2.12069,4.78981]]]]},"properties":{"region":"Western","district":"Ahanta West","floods_1m":1,"floods_2m":1,"floods_3m":1,"first_flood_m":1,"nests":true,"area_km2":0.271}},{"type":"Feature","geometry":{"type":"Polygon","coordinates":[[[0.84146,5.91619],[0.8272,5.91619],[0.8272,5.93045],[0.84146,5.93045],[0.84146,5.91619]]]},"properties":{"region":"Volta","district":"Keta","floods_1m":1,"floods_2m":1,"floods_3m":1,"first_flood_m":1,"nests":true,"area_km2":2.501}},{"type":"Feature","geometry":{"type":"Polygon","coordinates":[[[-1.48259,5.05236],[-1.48347,5.05236],[-1.48347,5.05208],[-1.48403,5.05208],[-1.48403,5.05153],[-1.48431,5.05153],[-1.48431,5.05125],[-1.4857,5.05125],[-1.4857,5.05097],[-1.48625,5.05097],[-1.48625,5.05125],[-1.4868,5.05125],[-1.4868,5.05097],[-1.48708,5.05097],[-1.48708,5.05069],[-1.48764,5.05069],[-1.48764,5.05014],[-1.48792,5.05014],[-1.48792,5.04903],[-1.48903,5.04903],[-1.48903,5.04875],[-1.48931,5.04875],[-1.48931,5.04847],[-1.48986,5.04847],[-1.48986,5.04819],[-1.49208,5.04819],[-1.49208,5.04792],[-1.49375,5.04792],[-1.49375,5.04764],[-1.49458,5.04764],[-1.49458,5.04736],[-1.49625,5.04736],[-1.49625,5.04708],[-1.49685,5.04708],[-1.49685,5.06071],[-1.48259,5.06071],[-1.48259,5.05236]]]},"properties":{"region":"Central","district":"Komenda-Edina-Eguafo-Abirem","floods_1m":1,"floods_2m":1,"floods_3m":1,"first_flood_m":1,"nests":true,"area_km2":2.011}},{"type":"Feature","geometry":{"type":"Polygon","coordinates":[[[0.85572,5.78787],[0.84146,5.78787],[0.84146,5.7892],[0.84146,5.80212],[0.85572,5.80212],[0.85572,5.7892],[0.85572,5.78787]]]},"properties":{"region":"Volta","district":"Keta","floods_1m":1,"floods_2m":1,"floods_3m":1,"first_flood_m":1,"nests":true,"area_km2":2.5}},{"type":"Feature","geometry":{"type":"Polygon","coordinates":[[[-1.82478,4.87536],[-1.83904,4.87536],[-1.83904,4.88961],[-1.82478,4.88961],[-1.82478,4.87536]]]},"properties":{"region":"Western","district":"Ahanta West","floods_1m":1,"floods_2m":1,"floods_3m":1,"first_flood_m":1,"nests":true,"area_km2":2.503}},{"type":"Feature","geometry":{"type":"Polygon","coordinates":[[[0.91275,5.99264],[0.91275,5.99681],[0.91292,5.99681],[0.91292,5.99653],[0.9132,5.99653],[0.9132,5.99625],[0.91681,5.99625],[0.91681,5.99597],[0.91708,5.99597],[0.91708,5.99569],[0.91764,5.99569],[0.91764,5.99542],[0.91819,5.99542],[0.91819,5.99514],[0.91931,5.99514],[0.91931,5.99542],[0.91958,5.99542],[0.91958,5.99569],[0.92042,5.99569],[0.92042,5.99597],[0.92125,5.99597],[0.92125,5.99625],[0.92181,5.99625],[0.92181,5.99653],[0.92208,5.99653],[0.92208,5.99681],[0.92236,5.99681],[0.92236,5.99792],[0.92264,5.99792],[0.92264,5.99819],[0.92292,5.99819],[0.92292,5.99847],[0.92319,5.99847],[0.92319,5.99819],[0.92347,5.99819],[0.92347,5.99764],[0.92375,5.99764],[0.92375,5.99736],[0.92403,5.99736],[0.92403,5.99708],[0.92569,5.99708],[0.92569,5.99736],[0.92597,5.99736],[0.92597,5.99653],[0.92569,5.99653],[0.92569,5.99625],[0.92542,5.99625],[0.92542,5.99597],[0.92514,5.99597],[0.92514,5.99569],[0.92458,5.99569],[0.92458,5.99542],[0.92431,5.99542],[0.92431,5.99514],[0.92403,5.99514],[0.92403,5.99486],[0.92375,5.99486],[0.92375,5.99458],[0.92347,5.99458],[0.92347,5.99431],[0.92319,5.99431],[0.92319,5.99403],[0.92292,5.99403],[0.92292,5.99375],[0.92264,5.99375],[0.92264,5.99347],[0.92236,5.99347],[0.92236,5.99319],[0.92208,5.99319],[0.92208,5.99292],[0.92181,5.99292],[0.92181,5.99264],[0.92125,5.99264],[0.92125,5.99236],[0.92097,5.99236],[0.92097,5.99208],[0.92069,5.99208],[0.92069,5.99181],[0.91986,5.99181],[0.91986,5.99153],[0.91903,5.99153],[0.91903,5.99181],[0.91875,5.99181],[0.91875,5.99208],[0.91736,5.99208],[0.91736,5.99181],[0.91708,5.99181],[0.91708,5.99208],[0.91625,5.99208],[0.91625,5.99236],[0.91347,5.99236],[0.91347,5.99264],[0.91275,5.99264]]]},"properties":{"region":"Volta","district":"Keta","floods_1m":1,"floods_2m":1,"floods_3m":1,"first_flood_m":1,"nests":true,"area_km2":0.554}},{"type":"Feature","geometry":{"type":"Polygon","coordinates":[[[0.96978,5.88767],[0.96764,5.88767],[0.96764,5.88819],[0.96792,5.88819],[0.96792,5.88847],[0.9682,5.88847],[0.9682,5.88931],[0.96847,5.88931],[0.96847,5.88986],[0.96875,5.88986],[0.96875,5.89014],[0.96903,5.89014],[0.96903,5.89042],[0.96978,5.89042],[0.96978,5.88767]]]},"properties":{"region":"Volta","district":"Keta","floods_1m":1,"floods_2m":1,"floods_3m":1,"first_flood_m":1,"nests":true,"area_km2":0.051}},{"type":"Feature","geometry":{"type":"Polygon","coordinates":[[[0.97264,5.83064],[0.96978,5.83064],[0.96978,5.8449],[0.98181,5.8449],[0.98181,5.84458],[0.98153,5.84458],[0.98153,5.84403],[0.98125,5.84403],[0.98125,5.84375],[0.98097,5.84375],[0.98097,5.84292],[0.98069,5.84292],[0.98069,5.84236],[0.98042,5.84236],[0.98042,5.8418],[0.98014,5.8418],[0.98014,5.84125],[0.97986,5.84125],[0.97986,5.84069],[0.97958,5.84069],[0.97958,5.84042],[0.97931,5.84042],[0.97931,5.84014],[0.97903,5.84014],[0.97903,5.83958],[0.97875,5.83958],[0.97875,5.83819],[0.97847,5.83819],[0.97847,5.83792],[0.97819,5.83792],[0.97819,5.83736],[0.97792,5.83736],[0.97792,5.83681],[0.97764,5.83681],[0.97764,5.83625],[0.97736,5.83625],[0.97736,5.83597],[0.97708,5.83597],[0.97708,5.83569],[0.97681,5.83569],[0.97681,5.83486],[0.97653,5.83486],[0.97653,5.83458],[0.97569,5.83458],[0.97569,5.83431],[0.97542,5.83431],[0.97542,5.83264],[0.97458,5.83264],[0.97458,5.83236],[0.97431,5.83236],[0.97431,5.83208],[0.97403,5.83208],[0.97403,5.83181],[0.97375,5.83181],[0.97375,5.83125],[0.97347,5.83125],[0.97347,5.83097],[0.97292,5.83097],[0.97292,5.83069],[0.97264,5.83069],[0.97264,5.83064]]]},"properties":{"region":"Volta","district":"Keta","floods_1m":1,"floods_2m":1,"floods_3m":1,"first_flood_m":1,"nests":true,"area_km2":1.428}},{"type":"Feature","geometry":{"type":"Polygon","coordinates":[[[0.78443,5.77361],[0.77017,5.77361],[0.77017,5.78787],[0.78443,5.78787],[0.78443,5.77361]]]},"properties":{"region":"Volta","district":"Keta","floods_1m":1,"floods_2m":1,"floods_3m":1,"first_flood_m":1,"nests":true,"area_km2":2.501}},{"type":"Feature","geometry":{"type":"Polygon","coordinates":[[[0.81294,5.90193],[0.79868,5.90193],[0.79868,5.91619],[0.81294,5.91619],[0.81294,5.90193]]]},"properties":{"region":"Volta","district":"Keta","floods_1m":1,"floods_2m":1,"floods_3m":1,"first_flood_m":1,"nests":true,"area_km2":2.501}},{"type":"Feature","geometry":{"type":"Polygon","coordinates":[[[-2.09097,4.74703],[-2.08514,4.74703],[-2.08514,4.74681],[-2.08569,4.74681],[-2.08569,4.74653],[-2.08597,4.74653],[-2.08597,4.74458],[-2.08625,4.74458],[-2.08625,4.74431],[-2.08653,4.74431],[-2.08653,4.74403],[-2.08681,4.74403],[-2.08681,4.74375],[-2.08708,4.74375],[-2.08708,4.74347],[-2.08792,4.74347],[-2.08792,4.7432],[-2.08819,4.7432],[-2.08819,4.74292],[-2.08847,4.74292],[-2.08847,4.74236],[-2.08875,4.74236],[-2.08875,4.74208],[-2.08903,4.74208],[-2.08903,4.74181],[-2.08931,4.74181],[-2.08931,4.74153],[-2.08958,4.74153],[-2.08958,4.74069],[-2.09014,4.74069],[-2.09014,4.74042],[-2.09042,4.74042],[-2.09042,4.74014],[-2.09069,4.74014],[-2.09069,4.73958],[-2.09097,4.73958],[-2.09097,4.73903],[-2.09125,4.73903],[-2.09125,4.73875],[-2.09153,4.73875],[-2.09153,4.73903],[-2.09181,4.73903],[-2.09181,4.7393],[-2.09208,4.7393],[-2.09208,4.73986],[-2.09236,4.73986],[-2.09236,4.74069],[-2.09264,4.74069],[-2.09264,4.74125],[-2.09236,4.74125],[-2.09236,4.74236],[-2.09216,4.74236],[-2.09208,4.74236],[-2.09208,4.7432],[-2.09181,4.7432],[-2.09181,4.74347],[-2.09153,4.74347],[-2.09153,4.74375],[-2.09097,4.74375],[-2.09097,4.74403],[-2.09069,4.74403],[-2.09069,4.74458],[-2.09042,4.74458],[-2.09042,4.74486],[-2.09014,4.74486],[-2.09014,4.7457],[-2.09042,4.7457],[-2.09042,4.74597],[-2.09069,4.74597],[-2.09069,4.74625],[-2.09097,4.74625],[-2.09097,4.74703]]]},"properties":{"region":"Western","district":"Ahanta West","floods_1m":1,"floods_2m":1,"floods_3m":1,"first_flood_m":1,"nests":true,"area_km2":0.348}},{"type":"Feature","geometry":{"type":"Polygon","coordinates":[[[-1.32576,5.09659],[-1.32576,5.10348],[-1.32312,5.10348],[-1.32518,5.0979],[-1.32576,5.09659]]]},"properties":{"region":"Central","district":"Komenda-Edina-Eguafo-Abirem","floods_1m":1,"floods_2m":1,"floods_3m":1,"first_flood_m":1,"nests":true,"area_km2":0.115}},{"type":"Feature","geometry":{"type":"Polygon","coordinates":[[[0.74165,5.87341],[0.73866,5.87341],[0.74165,5.87489],[0.74165,5.87341]]]},"properties":{"region":"Volta","district":"Keta","floods_1m":1,"floods_2m":1,"floods_3m":1,"first_flood_m":1,"nests":true,"area_km2":0.027}},{"type":"Feature","geometry":{"type":"MultiPolygon","coordinates":[[[[0.72739,5.80597],[0.72736,5.80597],[0.72736,5.80625],[0.7268,5.80625],[0.7268,5.80708],[0.72653,5.80708],[0.72653,5.80736],[0.72625,5.80736],[0.72625,5.80875],[0.72597,5.80875],[0.72597,5.80958],[0.7257,5.80958],[0.7257,5.80986],[0.72542,5.80986],[0.72542,5.81014],[0.72514,5.81014],[0.72514,5.81042],[0.72499,5.81042],[0.72486,5.81378],[0.72482,5.81638],[0.72739,5.81638],[0.72739,5.80597]]],[[[0.72739,5.80514],[0.72739,5.80212],[0.71314,5.80212],[0.71314,5.80542],[0.71319,5.80542],[0.71319,5.80569],[0.71347,5.80569],[0.71347,5.80597],[0.71375,5.80597],[0.71375,5.80653],[0.71403,5.80653],[0.71403,5.80681],[0.71431,5.80681],[0.71431,5.80708],[0.71458,5.80708],[0.71458,5.80736],[0.71514,5.80736],[0.71514,5.80764],[0.71542,5.80764],[0.71542,5.80792],[0.71597,5.80792],[0.71597,5.80819],[0.71625,5.80819],[0.71625,5.80847],[0.71653,5.80847],[0.71653,5.80875],[0.71708,5.80875],[0.71708,5.80903],[0.71764,5.80903],[0.71764,5.80931],[0.7182,5.80931],[0.7182,5.80958],[0.71847,5.80958],[0.71847,5.80986],[0.71903,5.80986],[0.71903,5.81014],[0.7207,5.81014],[0.7207,5.80986],[0.72125,5.80986],[0.72125,5.80958],[0.72153,5.80958],[0.72153,5.80931],[0.7218,5.80931],[0.7218,5.80903],[0.72236,5.80903],[0.72236,5.80875],[0.72264,5.80875],[0.72264,5.80847],[0.7232,5.80847],[0.7232,5.80819],[0.72347,5.80819],[0.72347,5.80792],[0.72375,5.80792],[0.72375,5.80764],[0.72403,5.80764],[0.72403,5.80736],[0.72458,5.80736],[0.72458,5.80708],[0.72514,5.80708],[0.72513,5.80681],[0.72542,5.80681],[0.72542,5.80653],[0.7257,5.80653],[0.7257,5.80625],[0.72597,5.80625],[0.72597,5.80597],[0.72653,5.80597],[0.72653,5.80569],[0.7268,5.80569],[0.7268,5.80542],[0.72736,5.80542],[0.72736,5.80514],[0.72739,5.80514]]]]},"properties":{"region":"Volta","district":"Keta","floods_1m":1,"floods_2m":1,"floods_3m":1,"first_flood_m":1,"nests":true,"area_km2":1.296}},{"type":"Feature","geometry":{"type":"Polygon","coordinates":[[[0.81294,5.81638],[0.79868,5.81638],[0.79868,5.83064],[0.81294,5.83064],[0.81294,5.81638]]]},"properties":{"region":"Volta","district":"Keta","floods_1m":1,"floods_2m":1,"floods_3m":1,"first_flood_m":1,"nests":true,"area_km2":2.501}},{"type":"Feature","geometry":{"type":"Polygon","coordinates":[[[-1.35427,5.08923],[-1.36853,5.08923],[-1.36853,5.10348],[-1.35427,5.10348],[-1.35427,5.08923]]]},"properties":{"region":"Central","district":"Komenda-Edina-Eguafo-Abirem","floods_1m":1,"floods_2m":1,"floods_3m":1,"first_flood_m":1,"nests":true,"area_km2":2.503}},{"type":"Feature","geometry":{"type":"Polygon","coordinates":[[[-2.10994,4.81832],[-2.1242,4.81832],[-2.1242,4.83258],[-2.10994,4.83258],[-2.10994,4.81832]]]},"properties":{"region":"Western","district":"Ahanta West","floods_1m":1,"floods_2m":1,"floods_3m":1,"first_flood_m":1,"nests":true,"area_km2":2.505}},{"type":"Feature","geometry":{"type":"Polygon","coordinates":[[[0.95552,5.81069],[0.95542,5.81069],[0.95542,5.81042],[0.95514,5.81042],[0.95514,5.81014],[0.95486,5.81014],[0.95486,5.80986],[0.95514,5.80986],[0.95514,5.80958],[0.95458,5.80958],[0.95458,5.80931],[0.95403,5.80931],[0.95403,5.80903],[0.95375,5.80903],[0.95375,5.80847],[0.95347,5.80847],[0.95347,5.80819],[0.95319,5.80819],[0.95319,5.80792],[0.95264,5.80792],[0.95264,5.80764],[0.95236,5.80764],[0.95236,5.80736],[0.95208,5.80736],[0.95208,5.80708],[0.95181,5.80708],[0.95181,5.80681],[0.95153,5.80681],[0.95153,5.80653],[0.95125,5.80653],[0.95125,5.80625],[0.95097,5.80625],[0.95097,5.80597],[0.95069,5.80597],[0.95069,5.80569],[0.95042,5.80569],[0.95042,5.80542],[0.95014,5.80542],[0.95014,5.80514],[0.94986,5.80514],[0.94986,5.80486],[0.94958,5.80486],[0.94958,5.80458],[0.94931,5.80458],[0.94931,5.80431],[0.94903,5.80431],[0.94903,5.80403],[0.94875,5.80403],[0.94875,5.80375],[0.94847,5.80375],[0.94847,5.80347],[0.94819,5.80347],[0.94819,5.80319],[0.94792,5.80319],[0.94792,5.80292],[0.94764,5.80292],[0.94764,5.80264],[0.94708,5.80264],[0.94708,5.80236],[0.94681,5.80236],[0.94681,5.80212],[0.94126,5.80212],[0.94126,5.81638],[0.95552,5.81638],[0.95552,5.81069]]]},"properties":{"region":"Volta","district":"Keta","floods_1m":1,"floods_2m":1,"floods_3m":1,"first_flood_m":1,"nests":true,"area_km2":2.057}},{"type":"Feature","geometry":{"type":"Polygon","coordinates":[[[-1.91033,4.84684],[-1.92459,4.84684],[-1.92459,4.8611],[-1.91033,4.8611],[-1.91033,4.84684]]]},"properties":{"region":"Western","district":"Ahanta West","floods_1m":1,"floods_2m":1,"floods_3m":1,"first_flood_m":1,"nests":true,"area_km2":2.505}},{"type":"Feature","geometry":{"type":"Polygon","coordinates":[[[0.79868,5.8449],[0.78443,5.8449],[0.78443,5.85916],[0.79868,5.85916],[0.79868,5.8449]]]},"properties":{"region":"Volta","district":"Keta","floods_1m":1,"floods_2m":1,"floods_3m":1,"first_flood_m":1,"nests":true,"area_km2":2.499}},{"type":"Feature","geometry":{"type":"Polygon","coordinates":[[[0.85572,5.78125],[0.85514,5.78125],[0.85514,5.78097],[0.85458,5.78097],[0.85458,5.78069],[0.85431,5.78069],[0.85431,5.78042],[0.85375,5.78042],[0.85375,5.78014],[0.85347,5.78014],[0.85347,5.77986],[0.8532,5.77986],[0.8532,5.77958],[0.85208,5.77958],[0.85208,5.77931],[0.8518,5.77931],[0.8518,5.77903],[0.85097,5.77903],[0.85097,5.77875],[0.85042,5.77875],[0.85042,5.77847],[0.84958,5.77847],[0.84958,5.77819],[0.84903,5.77819],[0.84903,5.77792],[0.84764,5.77792],[0.84764,5.77764],[0.84597,5.77764],[0.84597,5.77792],[0.84514,5.77792],[0.84514,5.77764],[0.84458,5.77764],[0.84458,5.77736],[0.84403,5.77736],[0.84403,5.77708],[0.84292,5.77708],[0.84292,5.77681],[0.84146,5.77681],[0.84146,5.78787],[0.85572,5.78787],[0.85572,5.78125]]]},"properties":{"region":"Volta","district":"Keta","floods_1m":1,"floods_2m":1,"floods_3m":1,"first_flood_m":1,"nests":true,"area_km2":1.651}},{"type":"Feature","geometry":{"type":"Polygon","coordinates":[[[0.94126,5.81638],[0.92708,5.81638],[0.92708,5.8168],[0.92736,5.8168],[0.92736,5.81708],[0.92764,5.81708],[0.92764,5.81736],[0.92819,5.81736],[0.92819,5.81764],[0.92986,5.81764],[0.92986,5.81792],[0.93153,5.81792],[0.93153,5.81819],[0.93292,5.81819],[0.93292,5.81847],[0.93403,5.81847],[0.93403,5.81875],[0.93431,5.81875],[0.93431,5.81903],[0.93458,5.81903],[0.93458,5.8193],[0.93736,5.8193],[0.93736,5.81903],[0.93875,5.81903],[0.93875,5.8193],[0.93931,5.8193],[0.93931,5.81958],[0.94042,5.81958],[0.94042,5.81986],[0.94069,5.81986],[0.94069,5.82014],[0.94097,5.82014],[0.94097,5.82069],[0.94125,5.82069],[0.94125,5.82097],[0.94126,5.82097],[0.94126,5.81638]]]},"properties":{"region":"Volta","district":"Keta","floods_1m":1,"floods_2m":1,"floods_3m":1,"first_flood_m":1,"nests":true,"area_km2":0.393}},{"type":"Feature","geometry":{"type":"Polygon","coordinates":[[[0.85572,5.80212],[0.84146,5.80212],[0.84146,5.81638],[0.85572,5.81638],[0.85572,5.80212]]]},"properties":{"region":"Volta","district":"Keta","floods_1m":1,"floods_2m":1,"floods_3m":1,"first_flood_m":1,"nests":true,"area_km2":2.501}},{"type":"Feature","geometry":{"type":"Polygon","coordinates":[[[-2.0244,4.76129],[-2.03865,4.76129],[-2.03865,4.77555],[-2.0244,4.77555],[-2.0244,4.76129]]]},"properties":{"region":"Western","district":"Ahanta West","floods_1m":0,"floods_2m":0,"floods_3m":1,"first_flood_m":3,"nests":true,"area_km2":2.504}},{"type":"Feature","geometry":{"type":"Polygon","coordinates":[[[-1.46834,5.06071],[-1.4817,5.06071],[-1.48259,5.06071],[-1.48259,5.07497],[-1.4817,5.07497],[-1.46834,5.07497],[-1.46834,5.06071]]]},"properties":{"region":"Central","district":"Komenda-Edina-Eguafo-Abirem","floods_1m":0,"floods_2m":1,"floods_3m":1,"first_flood_m":2,"nests":true,"area_km2":2.503}},{"type":"Feature","geometry":{"type":"Polygon","coordinates":[[[0.8272,5.90193],[0.81294,5.90193],[0.81294,5.91619],[0.8272,5.91619],[0.8272,5.90193]]]},"properties":{"region":"Volta","district":"Keta","floods_1m":1,"floods_2m":1,"floods_3m":1,"first_flood_m":1,"nests":true,"area_km2":2.501}},{"type":"Feature","geometry":{"type":"Polygon","coordinates":[[[0.95153,6.00174],[0.94931,6.00174],[0.94931,6.0018],[0.94903,6.00181],[0.94903,6.00208],[0.94875,6.00208],[0.94875,6.00292],[0.94903,6.00292],[0.94903,6.00319],[0.94931,6.00319],[0.94931,6.00347],[0.94958,6.00347],[0.94958,6.00375],[0.95097,6.00375],[0.95097,6.00347],[0.95125,6.00347],[0.95125,6.00319],[0.95153,6.00319],[0.95153,6.00236],[0.95181,6.00236],[0.95181,6.00208],[0.95153,6.00208],[0.95153,6.00174]]]},"properties":{"region":"Volta","district":"Keta","floods_1m":1,"floods_2m":1,"floods_3m":1,"first_flood_m":1,"nests":true,"area_km2":0.06}},{"type":"Feature","geometry":{"type":"Polygon","coordinates":[[[0.81294,5.93045],[0.79868,5.93045],[0.79868,5.93246],[0.8029,5.93418],[0.81294,5.93988],[0.81294,5.93045]]]},"properties":{"region":"Volta","district":"Keta","floods_1m":1,"floods_2m":1,"floods_3m":1,"first_flood_m":1,"nests":true,"area_km2":0.961}},{"type":"Feature","geometry":{"type":"Polygon","coordinates":[[[0.88423,5.78787],[0.86997,5.78787],[0.86997,5.7892],[0.86997,5.80212],[0.88423,5.80212],[0.88423,5.7892],[0.88423,5.78787]]]},"properties":{"region":"Volta","district":"Keta","floods_1m":1,"floods_2m":1,"floods_3m":1,"first_flood_m":1,"nests":true,"area_km2":2.5}},{"type":"Feature","geometry":{"type":"MultiPolygon","coordinates":[[[[0.86997,5.83903],[0.86958,5.83903],[0.86958,5.83875],[0.86931,5.83875],[0.86931,5.83792],[0.86903,5.83792],[0.86903,5.83597],[0.86875,5.83597],[0.86875,5.83431],[0.86903,5.83431],[0.86903,5.83403],[0.86875,5.83403],[0.86875,5.83319],[0.86847,5.83319],[0.86847,5.83347],[0.86792,5.83347],[0.86792,5.83375],[0.86764,5.83375],[0.86764,5.83347],[0.86736,5.83347],[0.86736,5.83375],[0.86597,5.83375],[0.86597,5.83347],[0.86431,5.83347],[0.86431,5.83375],[0.86375,5.83375],[0.86375,5.83347],[0.86181,5.83347],[0.86181,5.83375],[0.86153,5.83375],[0.86153,5.83403],[0.86125,5.83403],[0.86125,5.83431],[0.86097,5.83431],[0.86097,5.83458],[0.8607,5.83458],[0.8607,5.83514],[0.86042,5.83514],[0.86042,5.83625],[0.86014,5.83625],[0.86014,5.83681],[0.85931,5.83681],[0.85931,5.83708],[0.85903,5.83708],[0.85903,5.83736],[0.85875,5.83736],[0.85875,5.83764],[0.85847,5.83764],[0.85847,5.83819],[0.85875,5.83819],[0.85875,5.83875],[0.85847,5.83875],[0.85847,5.83903],[0.85792,5.83903],[0.85792,5.83875],[0.85764,5.83875],[0.85764,5.83792],[0.85792,5.83792],[0.85792,5.83736],[0.8582,5.83736],[0.8582,5.83681],[0.85847,5.83681],[0.85847,5.83625],[0.85875,5.83625],[0.85875,5.83597],[0.85903,5.83597],[0.85903,5.83569],[0.85931,5.83569],[0.85931,5.83514],[0.85958,5.83514],[0.85958,5.83486],[0.85986,5.83486],[0.85986,5.83458],[0.86014,5.83458],[0.86014,5.83431],[0.86042,5.83431],[0.86042,5.83375],[0.8607,5.83375],[0.8607,5.83319],[0.86097,5.83319],[0.86097,5.83292],[0.86125,5.83292],[0.86125,5.83264],[0.86181,5.83264],[0.86181,5.83236],[0.86208,5.83236],[0.86208,5.83208],[0.86319,5.83208],[0.86319,5.83181],[0.86347,5.83181],[0.86347,5.83208],[0.86375,5.83208],[0.86375,5.83181],[0.86403,5.83181],[0.86403,5.83153],[0.86431,5.83153],[0.86431,5.83125],[0.86486,5.83125],[0.86486,5.83069],[0.86514,5.83069],[0.86514,5.83064],[0.85572,5.83064],[0.85572,5.8449],[0.86997,5.8449],[0.86997,5.83903]]],[[[0.86997,5.83125],[0.86997,5.83064],[0.86625,5.83064],[0.86625,5.83097],[0.86653,5.83097],[0.86653,5.83153],[0.86708,5.83153],[0.86708,5.83181],[0.86736,5.83181],[0.86736,5.83153],[0.86903,5.83153],[0.86903,5.83125],[0.86997,5.83125]]]]},"properties":{"region":"Volta","district":"Keta","floods_1m":1,"floods_2m":1,"floods_3m":1,"first_flood_m":1,"nests":true,"area_km2":2.142}},{"type":"Feature","geometry":{"type":"Polygon","coordinates":[[[-1.36853,5.08923],[-1.38279,5.08923],[-1.38279,5.10348],[-1.36853,5.10348],[-1.36853,5.08923]]]},"properties":{"region":"Central","district":"Komenda-Edina-Eguafo-Abirem","floods_1m":0,"floods_2m":0,"floods_3m":1,"first_flood_m":3,"nests":true,"area_km2":2.503}},{"type":"Feature","geometry":{"type":"MultiPolygon","coordinates":[[[[0.88423,5.90097],[0.88423,5.90193],[0.88736,5.90193],[0.88736,5.9018],[0.88708,5.9018],[0.88708,5.90153],[0.88625,5.90153],[0.88625,5.90125],[0.88458,5.90125],[0.88458,5.90097],[0.88423,5.90097]]],[[[0.89849,5.88767],[0.89319,5.88767],[0.89319,5.88792],[0.89431,5.88792],[0.89431,5.88819],[0.89458,5.88819],[0.89458,5.88847],[0.89486,5.88847],[0.89486,5.88931],[0.89514,5.88931],[0.89514,5.88958],[0.89542,5.88958],[0.89542,5.88986],[0.89597,5.88986],[0.89597,5.89014],[0.89625,5.89014],[0.89625,5.89042],[0.89653,5.89042],[0.89653,5.89069],[0.89681,5.89069],[0.89681,5.89097],[0.89792,5.89097],[0.89792,5.89125],[0.89819,5.89125],[0.89819,5.89153],[0.89849,5.89153],[0.89849,5.88767]]],[[[0.88736,5.88767],[0.88423,5.88767],[0.88423,5.88875],[0.8843,5.88875],[0.8843,5.88903],[0.88458,5.88903],[0.88458,5.88931],[0.88486,5.88931],[0.88486,5.88958],[0.88569,5.88958],[0.88569,5.88986],[0.88597,5.88986],[0.88597,5.89014],[0.88625,5.89014],[0.88625,5.88986],[0.88792,5.88986],[0.88792,5.88958],[0.88847,5.88958],[0.88847,5.88903],[0.88819,5.88903],[0.88819,5.88875],[0.88792,5.88875],[0.88792,5.88847],[0.88764,5.88847],[0.88764,5.88819],[0.88736,5.88819],[0.88736,5.88767]]]]},"properties":{"region":"Volta","district":"Keta","floods_1m":1,"floods_2m":1,"floods_3m":1,"first_flood_m":1,"nests":true,"area_km2":0.249}},{"type":"Feature","geometry":{"type":"Polygon","coordinates":[[[-1.79627,4.88961],[-1.81053,4.88961],[-1.81053,4.90387],[-1.79627,4.90387],[-1.79627,4.88961]]]},"properties":{"region":"Western","district":"Ahanta West","floods_1m":1,"floods_2m":1,"floods_3m":1,"first_flood_m":1,"nests":true,"area_km2":2.505}},{"type":"Feature","geometry":{"type":"Polygon","coordinates":[[[0.77017,5.90193],[0.75591,5.90193],[0.75591,5.91619],[0.77017,5.91619],[0.77017,5.90193]]]},"properties":{"region":"Volta","district":"Keta","floods_1m":1,"floods_2m":1,"floods_3m":1,"first_flood_m":1,"nests":true,"area_km2":2.501}},{"type":"Feature","geometry":{"type":"Polygon","coordinates":[[[-1.99588,4.75931],[-1.99989,4.75931],[-2.0007,4.75931],[-2.0007,4.75958],[-2.00291,4.75958],[-2.00292,4.75931],[-2.00375,4.75931],[-2.00375,4.75903],[-2.00458,4.75903],[-2.00458,4.75875],[-2.00681,4.75875],[-2.00681,4.75847],[-2.00708,4.75847],[-2.00708,4.75875],[-2.00847,4.75875],[-2.00847,4.75847],[-2.00931,4.75847],[-2.00931,4.75819],[-2.00986,4.75819],[-2.00986,4.75792],[-2.01014,4.75792],[-2.01014,4.76129],[-1.99588,4.76129],[-1.99588,4.75931]]]},"properties":{"region":"Western","district":"Ahanta West","floods_1m":1,"floods_2m":1,"floods_3m":1,"first_flood_m":1,"nests":true,"area_km2":0.392}},{"type":"Feature","geometry":{"type":"Polygon","coordinates":[[[0.98404,5.84903],[0.98403,5.84903],[0.98403,5.84875],[0.98375,5.84875],[0.98375,5.8482],[0.98347,5.8482],[0.98347,5.84736],[0.98319,5.84736],[0.98319,5.84708],[0.98292,5.84708],[0.98292,5.84653],[0.98264,5.84653],[0.98264,5.84625],[0.98236,5.84625],[0.98236,5.8457],[0.98208,5.8457],[0.98208,5.84514],[0.98181,5.84514],[0.98181,5.8449],[0.96978,5.8449],[0.96978,5.85916],[0.98404,5.85916],[0.98404,5.84903]]]},"properties":{"region":"Volta","district":"Keta","floods_1m":1,"floods_2m":1,"floods_3m":1,"first_flood_m":1,"nests":true,"area_km2":2.446}},{"type":"Feature","geometry":{"type":"Polygon","coordinates":[[[-2.01014,4.76129],[-2.0244,4.76129],[-2.0244,4.77555],[-2.01014,4.77555],[-2.01014,4.76129]]]},"properties":{"region":"Western","district":"Ahanta West","floods_1m":1,"floods_2m":1,"floods_3m":1,"first_flood_m":1,"nests":true,"area_km2":2.506}},{"type":"Feature","geometry":{"type":"Polygon","coordinates":[[[-2.3951,4.97516],[-2.40936,4.97516],[-2.40936,4.98942],[-2.3951,4.98942],[-2.3951,4.97516]]]},"properties":{"region":"Western","district":"Nzema East","floods_1m":1,"floods_2m":1,"floods_3m":1,"first_flood_m":1,"nests":true,"area_km2":2.505}},{"type":"Feature","geometry":{"type":"Polygon","coordinates":[[[0.92701,5.80212],[0.91275,5.80212],[0.91275,5.80819],[0.91375,5.80819],[0.91375,5.80847],[0.91514,5.80847],[0.91514,5.80875],[0.91542,5.80875],[0.91542,5.80903],[0.9157,5.80903],[0.9157,5.81042],[0.91791,5.81042],[0.91792,5.81069],[0.91819,5.81069],[0.91819,5.81125],[0.91847,5.81125],[0.91847,5.81153],[0.91875,5.81153],[0.91875,5.81181],[0.91903,5.81181],[0.91903,5.81208],[0.91931,5.81208],[0.91931,5.81236],[0.91986,5.81236],[0.91986,5.81264],[0.92125,5.81264],[0.92125,5.81292],[0.92153,5.81292],[0.92153,5.81319],[0.92181,5.81319],[0.92181,5.81375],[0.92236,5.81375],[0.92236,5.81403],[0.92319,5.81403],[0.92319,5.8143],[0.92375,5.81431],[0.92375,5.81458],[0.92403,5.81458],[0.92403,5.81486],[0.92431,5.81486],[0.92431,5.81514],[0.92625,5.81514],[0.92625,5.81542],[0.92653,5.81542],[0.92653,5.81597],[0.92681,5.81597],[0.92681,5.81625],[0.92701,5.81625],[0.92701,5.80212]]]},"properties":{"region":"Volta","district":"Keta","floods_1m":1,"floods_2m":1,"floods_3m":1,"first_flood_m":1,"nests":true,"area_km2":1.751}},{"type":"Feature","geometry":{"type":"Polygon","coordinates":[[[-2.18123,4.81597],[-2.18125,4.81597],[-2.18125,4.81607],[-2.18125,4.81625],[-2.1818,4.81625],[-2.1818,4.81632],[-2.1818,4.81653],[-2.18211,4.81653],[-2.18208,4.81681],[-2.18236,4.81681],[-2.18236,4.81708],[-2.18347,4.81708],[-2.18347,4.81736],[-2.18409,4.81736],[-2.18458,4.81736],[-2.18458,4.81764],[-2.1847,4.81764],[-2.18569,4.81764],[-2.18569,4.81792],[-2.18625,4.81792],[-2.18625,4.81819],[-2.18792,4.81819],[-2.18792,4.81832],[-2.18123,4.81832],[-2.18123,4.81597]]]},"properties":{"region":"Western","district":"Ahanta West","floods_1m":1,"floods_2m":1,"floods_3m":1,"first_flood_m":1,"nests":true,"area_km2":0.071}},{"type":"Feature","geometry":{"type":"Polygon","coordinates":[[[0.79868,5.80212],[0.78443,5.80212],[0.78443,5.81638],[0.79868,5.81638],[0.79868,5.80212]]]},"properties":{"region":"Volta","district":"Keta","floods_1m":1,"floods_2m":1,"floods_3m":1,"first_flood_m":1,"nests":true,"area_km2":2.5}},{"type":"Feature","geometry":{"type":"Polygon","coordinates":[[[-1.91033,4.82681],[-1.91042,4.82681],[-1.91042,4.82653],[-1.91125,4.82653],[-1.91125,4.82625],[-1.91208,4.82625],[-1.91208,4.82597],[-1.91292,4.82597],[-1.91292,4.8257],[-1.91347,4.8257],[-1.91347,4.82542],[-1.91403,4.82542],[-1.91403,4.82514],[-1.9143,4.82514],[-1.9143,4.82486],[-1.91458,4.82486],[-1.91458,4.82458],[-1.91486,4.82458],[-1.91486,4.82431],[-1.91514,4.82431],[-1.91514,4.82403],[-1.91569,4.82403],[-1.91569,4.82347],[-1.91597,4.82347],[-1.91597,4.82292],[-1.91625,4.82292],[-1.91625,4.82236],[-1.91653,4.82236],[-1.91653,4.82097],[-1.91625,4.82097],[-1.91625,4.82069],[-1.91597,4.82069],[-1.91597,4.82042],[-1.91574,4.82042],[-1.91403,4.82042],[-1.91403,4.8193],[-1.91375,4.8193],[-1.91375,4.81875],[-1.9143,4.81875],[-1.9143,4.81832],[-1.92459,4.81832],[-1.92459,4.83258],[-1.91033,4.83258],[-1.91033,4.82681]]]},"properties":{"region":"Western","district":"Ahanta West","floods_1m":1,"floods_2m":1,"floods_3m":1,"first_flood_m":1,"nests":true,"area_km2":2.047}},{"type":"Feature","geometry":{"type":"Polygon","coordinates":[[[0.98404,5.85916],[0.96978,5.85916],[0.96978,5.87341],[0.98404,5.87341],[0.98404,5.85916]]]},"properties":{"region":"Volta","district":"Keta","floods_1m":1,"floods_2m":1,"floods_3m":1,"first_flood_m":1,"nests":true,"area_km2":2.499}},{"type":"Feature","geometry":{"type":"Polygon","coordinates":[[[0.88423,5.94403],[0.88423,5.93045],[0.86997,5.93045],[0.86997,5.94403],[0.87097,5.94403],[0.87097,5.94431],[0.87153,5.94431],[0.87153,5.94458],[0.87292,5.94458],[0.87292,5.94431],[0.87403,5.94431],[0.87403,5.94403],[0.87514,5.94403],[0.87514,5.94375],[0.87569,5.94375],[0.87569,5.94347],[0.87625,5.94347],[0.87625,5.94319],[0.87653,5.94319],[0.87653,5.94292],[0.87736,5.94292],[0.87736,5.94319],[0.87847,5.94319],[0.87847,5.94347],[0.87986,5.94347],[0.87986,5.94375],[0.88069,5.94375],[0.88069,5.94403],[0.88236,5.94403],[0.88236,5.94431],[0.88264,5.94431],[0.88264,5.94403],[0.88423,5.94403]]]},"properties":{"region":"Volta","district":"Keta","floods_1m":1,"floods_2m":1,"floods_3m":1,"first_flood_m":1,"nests":true,"area_km2":2.354}},{"type":"Feature","geometry":{"type":"Polygon","coordinates":[[[0.8272,5.87341],[0.81294,5.87341],[0.81294,5.88767],[0.8272,5.88767],[0.8272,5.87341]]]},"properties":{"region":"Volta","district":"Keta","floods_1m":1,"floods_2m":1,"floods_3m":1,"first_flood_m":1,"nests":true,"area_km2":2.501}},{"type":"Feature","geometry":{"type":"Polygon","coordinates":[[[-1.77051,4.87681],[-1.77125,4.87681],[-1.77125,4.87708],[-1.77153,4.87708],[-1.77153,4.87736],[-1.7718,4.87736],[-1.7718,4.87764],[-1.77208,4.87764],[-1.77208,4.87792],[-1.77236,4.87792],[-1.77236,4.87875],[-1.77264,4.87875],[-1.77264,4.87958],[-1.77292,4.87958],[-1.77292,4.87986],[-1.7732,4.87986],[-1.7732,4.88014],[-1.77514,4.88014],[-1.77514,4.87986],[-1.77653,4.87986],[-1.77653,4.88014],[-1.77792,4.88014],[-1.77792,4.88042],[-1.7782,4.88042],[-1.7782,4.88069],[-1.77847,4.88069],[-1.77847,4.88097],[-1.77875,4.88097],[-1.77875,4.88153],[-1.77903,4.88153],[-1.77903,4.8818],[-1.7793,4.8818],[-1.7793,4.88208],[-1.77958,4.88208],[-1.77958,4.88319],[-1.77986,4.88319],[-1.77986,4.88347],[-1.78014,4.88347],[-1.78014,4.88319],[-1.78042,4.88319],[-1.78042,4.88125],[-1.78014,4.88125],[-1.78014,4.88069],[-1.77986,4.88069],[-1.77986,4.88042],[-1.77958,4.88042],[-1.77958,4.88014],[-1.7793,4.88014],[-1.7793,4.87986],[-1.77903,4.87986],[-1.77903,4.87958],[-1.77792,4.87958],[-1.77792,4.8793],[-1.77653,4.8793],[-1.77653,4.87903],[-1.77625,4.87903],[-1.77625,4.87875],[-1.77569,4.87875],[-1.77569,4.87847],[-1.77542,4.87847],[-1.77542,4.87819],[-1.77514,4.87819],[-1.77514,4.87792],[-1.77292,4.87792],[-1.77292,4.87764],[-1.77264,4.87764],[-1.77264,4.87736],[-1.77236,4.87736],[-1.77236,4.87708],[-1.77208,4.87708],[-1.77208,4.87653],[-1.7718,4.87653],[-1.7718,4.87625],[-1.77125,4.87625],[-1.77125,4.87597],[-1.77042,4.87597],[-1.77042,4.8757],[-1.76981,4.87572],[-1.76983,4.87536],[-1.77208,4.87536],[-1.77208,4.87542],[-1.77292,4.87542],[-1.77292,4.8757],[-1.77347,4.8757],[-1.77347,4.87597],[-1.77653,4.87597],[-1.77653,4.87625],[-1.77764,4.87625],[-1.77764,4.87597],[-1.77875,4.87597],[-1.77875,4.8757],[-1.78042,4.8757],[-1.78042,4.87542],[-1.78201,4.87542],[-1.78201,4.88961],[-1.7768,4.88961],[-1.77652,4.88917],[-1.7743,4.8834],[-1.77246,4.87982],[-1.77051,4.87681]]]},"properties":{"region":"Western","district":"Ahanta West","floods_1m":1,"floods_2m":1,"floods_3m":1,"first_flood_m":1,"nests":true,"area_km2":1.239}},{"type":"Feature","geometry":{"type":"Polygon","coordinates":[[[0.88423,5.78125],[0.88236,5.78125],[0.88236,5.78097],[0.88042,5.78097],[0.88042,5.78069],[0.88014,5.78069],[0.88014,5.78097],[0.87847,5.78097],[0.87847,5.78069],[0.87708,5.78069],[0.87708,5.78042],[0.87292,5.78042],[0.87292,5.78014],[0.87125,5.78014],[0.87125,5.77986],[0.86997,5.77986],[0.86997,5.78787],[0.88423,5.78787],[0.88423,5.78125]]]},"properties":{"region":"Volta","district":"Keta","floods_1m":1,"floods_2m":1,"floods_3m":1,"first_flood_m":1,"nests":true,"area_km2":1.272}},{"type":"Feature","geometry":{"type":"Polygon","coordinates":[[[0.77017,5.91619],[0.75591,5.91619],[0.75591,5.92539],[0.76429,5.92608],[0.77017,5.92628],[0.77017,5.91619]]]},"properties":{"region":"Volta","district":"Keta","floods_1m":1,"floods_2m":1,"floods_3m":1,"first_flood_m":1,"nests":true,"area_km2":1.706}},{"type":"Feature","geometry":{"type":"Polygon","coordinates":[[[0.99375,5.88767],[0.98404,5.88767],[0.98404,5.90193],[0.99375,5.90193],[0.99375,5.9018],[0.99347,5.9018],[0.99347,5.90014],[0.99319,5.90014],[0.99319,5.89764],[0.99347,5.89764],[0.99347,5.89736],[0.99319,5.89736],[0.99319,5.89069],[0.99347,5.89069],[0.99347,5.88819],[0.99375,5.88819],[0.99375,5.88767]]]},"properties":{"region":"Volta","district":"Keta","floods_1m":1,"floods_2m":1,"floods_3m":1,"first_flood_m":1,"nests":true,"area_km2":1.625}},{"type":"Feature","geometry":{"type":"Polygon","coordinates":[[[-2.05291,4.74703],[-2.06403,4.74703],[-2.06403,4.74708],[-2.06431,4.74708],[-2.06431,4.74736],[-2.06486,4.74736],[-2.06486,4.74764],[-2.06542,4.74764],[-2.06542,4.74736],[-2.06597,4.74736],[-2.06597,4.74708],[-2.06625,4.74708],[-2.06625,4.74703],[-2.06717,4.74703],[-2.06717,4.76129],[-2.05291,4.76129],[-2.05291,4.74703]]]},"properties":{"region":"Western","district":"Ahanta West","floods_1m":1,"floods_2m":1,"floods_3m":1,"first_flood_m":1,"nests":true,"area_km2":2.497}},{"type":"Feature","geometry":{"type":"Polygon","coordinates":[[[0.96978,5.8449],[0.96208,5.8449],[0.96208,5.84653],[0.9618,5.84653],[0.9618,5.84681],[0.96264,5.84681],[0.96264,5.84708],[0.96375,5.84708],[0.96375,5.84736],[0.9643,5.84736],[0.9643,5.84764],[0.96458,5.84764],[0.96458,5.84792],[0.96486,5.84792],[0.96486,5.84875],[0.96514,5.84875],[0.96514,5.84903],[0.96542,5.84903],[0.96542,5.84958],[0.9657,5.84958],[0.9657,5.84986],[0.96597,5.84986],[0.96597,5.85014],[0.96625,5.85014],[0.96625,5.85153],[0.96653,5.85153],[0.96653,5.85181],[0.9668,5.85181],[0.9668,5.85208],[0.96708,5.85208],[0.96708,5.85236],[0.96736,5.85236],[0.96736,5.85264],[0.96764,5.85264],[0.96764,5.85292],[0.96792,5.85292],[0.96792,5.85347],[0.9682,5.85347],[0.9682,5.85375],[0.96847,5.85375],[0.96847,5.8543],[0.96875,5.8543],[0.96875,5.85597],[0.96847,5.85597],[0.96847,5.85792],[0.9682,5.85792],[0.9682,5.85916],[0.96978,5.85916],[0.96978,5.8449]]]},"properties":{"region":"Volta","district":"Keta","floods_1m":1,"floods_2m":1,"floods_3m":1,"first_flood_m":1,"nests":true,"area_km2":0.596}},{"type":"Feature","geometry":{"type":"Polygon","coordinates":[[[-1.51111,5.04645],[-1.52537,5.04645],[-1.52537,5.06071],[-1.51111,5.06071],[-1.51111,5.04645]]]},"properties":{"region":"Central","district":"Komenda-Edina-Eguafo-Abirem","floods_1m":1,"floods_2m":1,"floods_3m":1,"first_flood_m":1,"nests":true,"area_km2":2.504}},{"type":"Feature","geometry":{"type":"Polygon","coordinates":[[[-1.53963,5.03875],[-1.54014,5.03875],[-1.54014,5.03847],[-1.54125,5.03847],[-1.54125,5.0382],[-1.54403,5.0382],[-1.54403,5.03792],[-1.54625,5.03792],[-1.54625,5.03764],[-1.54931,5.03764],[-1.54931,5.03736],[-1.55014,5.03736],[-1.55014,5.03708],[-1.55042,5.03708],[-1.55042,5.03681],[-1.55097,5.03681],[-1.55097,5.03625],[-1.55153,5.03625],[-1.55153,5.03653],[-1.55208,5.03653],[-1.55208,5.03625],[-1.55388,5.03625],[-1.55388,5.04645],[-1.53963,5.04645],[-1.53963,5.03875]]]},"properties":{"region":"Central","district":"Komenda-Edina-Eguafo-Abirem","floods_1m":1,"floods_2m":1,"floods_3m":1,"first_flood_m":1,"nests":true,"area_km2":1.559}},{"type":"Feature","geometry":{"type":"Polygon","coordinates":[[[0.89849,5.8449],[0.88423,5.8449],[0.88423,5.85916],[0.89849,5.85916],[0.89849,5.8449]]]},"properties":{"region":"Volta","district":"Keta","floods_1m":1,"floods_2m":1,"floods_3m":1,"first_flood_m":1,"nests":true,"area_km2":2.501}},{"type":"Feature","geometry":{"type":"Polygon","coordinates":[[[-1.42556,5.07497],[-1.43982,5.07497],[-1.43982,5.08923],[-1.42556,5.08923],[-1.42556,5.07497]]]},"properties":{"region":"Central","district":"Komenda-Edina-Eguafo-Abirem","floods_1m":0,"floods_2m":1,"floods_3m":1,"first_flood_m":2,"nests":true,"area_km2":2.504}},{"type":"Feature","geometry":{"type":"Polygon","coordinates":[[[0.84146,6.00174],[0.82923,6.00174],[0.82916,6.00799],[0.82941,6.01139],[0.83002,6.01465],[0.83054,6.01599],[0.84146,6.01599],[0.84146,6.00174]]]},"properties":{"region":"Volta","district":"Keta","floods_1m":1,"floods_2m":1,"floods_3m":1,"first_flood_m":1,"nests":true,"area_km2":2.107}},{"type":"Feature","geometry":{"type":"MultiPolygon","coordinates":[[[[-1.52537,5.04208],[-1.52597,5.04208],[-1.52597,5.0418],[-1.52681,5.0418],[-1.52681,5.04153],[-1.52792,5.04153],[-1.52792,5.04125],[-1.52875,5.04125],[-1.52875,5.04097],[-1.53125,5.04097],[-1.53125,5.04125],[-1.53069,5.04125],[-1.53069,5.04153],[-1.52986,5.04153],[-1.52986,5.0418],[-1.52903,5.0418],[-1.52903,5.04208],[-1.52875,5.04208],[-1.52875,5.04236],[-1.52847,5.04236],[-1.52847,5.04264],[-1.52819,5.04264],[-1.52819,5.04292],[-1.52792,5.04292],[-1.52792,5.04319],[-1.52764,5.04319],[-1.52764,5.04486],[-1.52819,5.04486],[-1.52819,5.04514],[-1.52847,5.04514],[-1.52847,5.04542],[-1.52958,5.04542],[-1.52958,5.04569],[-1.52986,5.04569],[-1.52986,5.04597],[-1.53014,5.04597],[-1.53014,5.04625],[-1.53069,5.04625],[-1.53069,5.04645],[-1.52537,5.04645],[-1.52537,5.04208]]],[[[-1.53963,5.03875],[-1.53963,5.04645],[-1.53153,5.04645],[-1.53153,5.04597],[-1.53125,5.04597],[-1.53125,5.04569],[-1.53097,5.04569],[-1.53097,5.04542],[-1.53069,5.04542],[-1.53069,5.04514],[-1.53014,5.04514],[-1.53014,5.04486],[-1.52958,5.04486],[-1.52958,5.04264],[-1.52986,5.04264],[-1.52986,5.04236],[-1.53042,5.04236],[-1.53042,5.04208],[-1.53097,5.04208],[-1.53097,5.0418],[-1.53208,5.0418],[-1.53208,5.04125],[-1.53236,5.04125],[-1.53236,5.04047],[-1.53236,5.04014],[-1.53208,5.04014],[-1.53208,5.03958],[-1.53264,5.03958],[-1.53264,5.03931],[-1.53486,5.03931],[-1.53486,5.03903],[-1.53792,5.03903],[-1.53792,5.03875],[-1.53963,5.03875]]]]},"properties":{"region":"Central","district":"Komenda-Edina-Eguafo-Abirem","floods_1m":1,"floods_2m":1,"floods_3m":1,"first_flood_m":1,"nests":true,"area_km2":0.993}},{"type":"Feature","geometry":{"type":"Polygon","coordinates":[[[0.94126,5.7968],[0.94125,5.7968],[0.94125,5.79653],[0.94069,5.79653],[0.94069,5.79625],[0.94042,5.79625],[0.94042,5.79597],[0.94014,5.79597],[0.94014,5.79569],[0.93986,5.79569],[0.93986,5.79542],[0.93958,5.79542],[0.93958,5.79514],[0.93903,5.79514],[0.93903,5.79486],[0.93875,5.79486],[0.93875,5.79458],[0.93819,5.79458],[0.93819,5.7943],[0.93792,5.7943],[0.93792,5.79403],[0.93736,5.79403],[0.93736,5.79375],[0.93708,5.79375],[0.93708,5.79347],[0.93653,5.79347],[0.93653,5.79319],[0.93625,5.79319],[0.93625,5.79292],[0.93597,5.79292],[0.93597,5.79264],[0.93569,5.79264],[0.93569,5.79236],[0.93542,5.79236],[0.93542,5.79208],[0.93514,5.79208],[0.93514,5.7918],[0.93458,5.7918],[0.93458,5.79153],[0.93347,5.79153],[0.93347,5.79125],[0.93208,5.79125],[0.93208,5.79097],[0.9318,5.79097],[0.9318,5.7907],[0.93153,5.7907],[0.93153,5.79042],[0.93097,5.79042],[0.93097,5.79014],[0.93014,5.79014],[0.93014,5.78986],[0.92931,5.78986],[0.92931,5.78958],[0.92903,5.78958],[0.92903,5.78931],[0.92792,5.78931],[0.92792,5.7892],[0.92792,5.78903],[0.92736,5.78903],[0.92736,5.78875],[0.92701,5.78875],[0.92701,5.80212],[0.94126,5.80212],[0.94126,5.7968]]]},"properties":{"region":"Volta","district":"Keta","floods_1m":1,"floods_2m":1,"floods_3m":1,"first_flood_m":1,"nests":true,"area_km2":1.752}},{"type":"Feature","geometry":{"type":"Polygon","coordinates":[[[0.89849,6.03456],[0.89849,6.03025],[0.88423,6.03025],[0.88423,6.04451],[0.88735,6.04451],[0.89685,6.03589],[0.89849,6.03456]]]},"properties":{"region":"Volta","district":"Keta","floods_1m":1,"floods_2m":1,"floods_3m":1,"first_flood_m":1,"nests":true,"area_km2":1.81}},{"type":"Feature","geometry":{"type":"Polygon","coordinates":[[[0.78443,5.78787],[0.77017,5.78787],[0.77017,5.7892],[0.77017,5.80212],[0.78443,5.80212],[0.78443,5.7892],[0.78443,5.78787]]]},"properties":{"region":"Volta","district":"Keta","floods_1m":1,"floods_2m":1,"floods_3m":1,"first_flood_m":1,"nests":true,"area_km2":2.5}},{"type":"Feature","geometry":{"type":"Polygon","coordinates":[[[-1.98162,4.75708],[-1.98162,4.76129],[-1.97292,4.76129],[-1.97292,4.76125],[-1.97301,4.76125],[-1.9732,4.76125],[-1.9732,4.76097],[-1.97347,4.76097],[-1.97347,4.76042],[-1.9732,4.76042],[-1.9732,4.75958],[-1.97292,4.75958],[-1.97292,4.75903],[-1.97347,4.75903],[-1.97347,4.75875],[-1.97514,4.75875],[-1.97514,4.75847],[-1.97541,4.75847],[-1.97541,4.75792],[-1.97569,4.75792],[-1.97569,4.75764],[-1.97625,4.75764],[-1.97625,4.75792],[-1.97653,4.75792],[-1.97653,4.75819],[-1.97681,4.75819],[-1.97681,4.75847],[-1.97708,4.75847],[-1.97708,4.75819],[-1.97736,4.75819],[-1.97736,4.75847],[-1.97819,4.75847],[-1.97819,4.75875],[-1.97958,4.75875],[-1.97958,4.75847],[-1.97986,4.75847],[-1.97986,4.75819],[-1.98014,4.75819],[-1.98014,4.75681],[-1.97986,4.75681],[-1.97986,4.75646],[-1.97986,4.75569],[-1.98014,4.75569],[-1.98014,4.75486],[-1.98069,4.75486],[-1.98069,4.75514],[-1.98097,4.75514],[-1.98097,4.75542],[-1.98125,4.75542],[-1.98125,4.75569],[-1.98097,4.75569],[-1.98097,4.75625],[-1.98125,4.75625],[-1.98125,4.75653],[-1.98153,4.75653],[-1.98153,4.75708],[-1.98162,4.75708]]]},"properties":{"region":"Western","district":"Ahanta West","floods_1m":1,"floods_2m":1,"floods_3m":1,"first_flood_m":1,"nests":true,"area_km2":0.349}},{"type":"Feature","geometry":{"type":"Polygon","coordinates":[[[0.98404,5.88767],[0.96978,5.88767],[0.96978,5.89042],[0.96986,5.89042],[0.96986,5.89069],[0.97042,5.89069],[0.97042,5.89097],[0.97069,5.89097],[0.97069,5.89153],[0.97097,5.89153],[0.97097,5.89264],[0.97125,5.89264],[0.97125,5.89292],[0.97153,5.89292],[0.97153,5.89319],[0.97181,5.89319],[0.97181,5.89347],[0.97208,5.89347],[0.97208,5.89403],[0.97264,5.89403],[0.97264,5.89431],[0.97292,5.89431],[0.97292,5.89458],[0.97319,5.89458],[0.97319,5.89681],[0.97347,5.89681],[0.97347,5.89736],[0.97375,5.89736],[0.97375,5.89764],[0.97403,5.89764],[0.97403,5.89792],[0.97431,5.89792],[0.97431,5.89819],[0.97458,5.89819],[0.97458,5.89847],[0.97486,5.89847],[0.97486,5.89875],[0.97514,5.89875],[0.97514,5.89903],[0.97542,5.89903],[0.97542,5.89986],[0.97514,5.89986],[0.97514,5.90014],[0.97486,5.90014],[0.97486,5.90042],[0.97431,5.90042],[0.97431,5.90069],[0.97458,5.90069],[0.97458,5.90153],[0.97431,5.90153],[0.97431,5.90193],[0.98404,5.90193],[0.98404,5.88767]]]},"properties":{"region":"Volta","district":"Keta","floods_1m":1,"floods_2m":1,"floods_3m":1,"first_flood_m":1,"nests":true,"area_km2":2.027}},{"type":"Feature","geometry":{"type":"MultiPolygon","coordinates":[[[[0.86997,5.95514],[0.86875,5.95514],[0.86875,5.95542],[0.86819,5.95542],[0.86819,5.95653],[0.86792,5.95653],[0.86792,5.95736],[0.86764,5.95736],[0.86764,5.95792],[0.86736,5.95792],[0.86736,5.95875],[0.86708,5.95875],[0.86708,5.95896],[0.86997,5.95896],[0.86997,5.95514]]],[[[0.86708,5.9447],[0.85572,5.9447],[0.85572,5.95896],[0.85736,5.95896],[0.85736,5.95875],[0.85708,5.95875],[0.85708,5.9582],[0.85681,5.9582],[0.85681,5.95736],[0.85653,5.95736],[0.85653,5.95625],[0.85625,5.95625],[0.85625,5.95375],[0.85653,5.95375],[0.85653,5.95347],[0.85625,5.95347],[0.85625,5.95264],[0.85653,5.95264],[0.85653,5.95236],[0.85681,5.95236],[0.85681,5.95125],[0.85708,5.95125],[0.85708,5.95097],[0.85736,5.95097],[0.85736,5.9507],[0.85792,5.9507],[0.85792,5.95042],[0.85847,5.95042],[0.85847,5.95014],[0.85875,5.95014],[0.85875,5.94986],[0.85931,5.94986],[0.85931,5.94958],[0.85958,5.94958],[0.85958,5.94931],[0.85986,5.94931],[0.85986,5.94903],[0.86014,5.94903],[0.86014,5.94875],[0.8607,5.94875],[0.8607,5.94847],[0.86125,5.94847],[0.86125,5.94819],[0.86153,5.94819],[0.86153,5.94792],[0.86181,5.94792],[0.86181,5.94764],[0.86208,5.94764],[0.86208,5.94736],[0.86264,5.94736],[0.86264,5.94708],[0.86292,5.94708],[0.86292,5.94681],[0.86347,5.94681],[0.86347,5.94653],[0.86403,5.94653],[0.86403,5.94625],[0.86431,5.94625],[0.86431,5.94597],[0.86486,5.94597],[0.86486,5.94569],[0.86542,5.94569],[0.86542,5.94542],[0.86597,5.94542],[0.86597,5.94514],[0.86681,5.94514],[0.86681,5.94486],[0.86708,5.94486],[0.86708,5.9447]]]]},"properties":{"region":"Volta","district":"Keta","floods_1m":1,"floods_2m":1,"floods_3m":1,"first_flood_m":1,"nests":true,"area_km2":0.66}},{"type":"Feature","geometry":{"type":"Polygon","coordinates":[[[-2.18123,5.00368],[-2.19549,5.00368],[-2.19549,5.01794],[-2.18123,5.01794],[-2.18123,5.00368]]]},"properties":{"region":"Western","district":"Nzema East","floods_1m":0,"floods_2m":0,"floods_3m":1,"first_flood_m":3,"nests":true,"area_km2":2.505}},{"type":"Feature","geometry":{"type":"Polygon","coordinates":[[[-1.92459,4.8611],[-1.93885,4.8611],[-1.93885,4.87536],[-1.92459,4.87536],[-1.92459,4.8611]]]},"properties":{"region":"Western","district":"Ahanta West","floods_1m":0,"floods_2m":0,"floods_3m":1,"first_flood_m":3,"nests":true,"area_km2":2.505}},{"type":"Feature","geometry":{"type":"Polygon","coordinates":[[[0.84146,5.88767],[0.8272,5.88767],[0.8272,5.90193],[0.84146,5.90193],[0.84146,5.88767]]]},"properties":{"region":"Volta","district":"Keta","floods_1m":1,"floods_2m":1,"floods_3m":1,"first_flood_m":1,"nests":true,"area_km2":2.501}},{"type":"Feature","geometry":{"type":"Polygon","coordinates":[[[0.75591,5.77153],[0.75542,5.77153],[0.75542,5.7718],[0.75069,5.7718],[0.75069,5.77208],[0.74542,5.77208],[0.74542,5.77236],[0.74486,5.77236],[0.74486,5.77264],[0.74403,5.77264],[0.74403,5.77236],[0.74375,5.77236],[0.74375,5.77208],[0.74181,5.77208],[0.74181,5.77236],[0.74165,5.77236],[0.74165,5.77361],[0.75591,5.77361],[0.75591,5.77153]]]},"properties":{"region":"Volta","district":"Keta","floods_1m":1,"floods_2m":1,"floods_3m":1,"first_flood_m":1,"nests":true,"area_km2":0.279}},{"type":"Feature","geometry":{"type":"Polygon","coordinates":[[[-1.35427,5.10348],[-1.36853,5.10348],[-1.36853,5.11774],[-1.35427,5.11774],[-1.35427,5.10348]]]},"properties":{"region":"Central","district":"Komenda-Edina-Eguafo-Abirem","floods_1m":0,"floods_2m":0,"floods_3m":1,"first_flood_m":3,"nests":true,"area_km2":2.504}},{"type":"Feature","geometry":{"type":"Polygon","coordinates":[[[-2.16698,4.80407],[-2.17208,4.80407],[-2.17208,4.80431],[-2.17181,4.80431],[-2.17181,4.80458],[-2.17125,4.80458],[-2.17125,4.80486],[-2.17097,4.80486],[-2.17097,4.80458],[-2.16958,4.80458],[-2.16958,4.80486],[-2.16931,4.80486],[-2.16931,4.80736],[-2.16958,4.80736],[-2.16958,4.80764],[-2.16986,4.80764],[-2.16986,4.80819],[-2.17014,4.80819],[-2.17014,4.80847],[-2.17042,4.80847],[-2.17042,4.80875],[-2.17097,4.80875],[-2.17097,4.80931],[-2.17153,4.80931],[-2.17153,4.80958],[-2.17208,4.80958],[-2.17208,4.80931],[-2.17263,4.80932],[-2.17264,4.80903],[-2.17347,4.80903],[-2.17347,4.80931],[-2.17375,4.80931],[-2.17375,4.80958],[-2.17431,4.80958],[-2.17431,4.81078],[-2.17431,4.81097],[-2.17403,4.81097],[-2.17403,4.81125],[-2.17375,4.81125],[-2.17375,4.81236],[-2.17403,4.81236],[-2.17403,4.81264],[-2.17431,4.81264],[-2.17431,4.81292],[-2.17458,4.81292],[-2.17459,4.81347],[-2.17486,4.81347],[-2.17486,4.81375],[-2.17514,4.81375],[-2.17514,4.81403],[-2.17542,4.81403],[-2.17542,4.81431],[-2.17653,4.81431],[-2.17653,4.81458],[-2.1768,4.81458],[-2.1768,4.81486],[-2.17708,4.81486],[-2.17708,4.81514],[-2.17736,4.81514],[-2.17736,4.81542],[-2.17981,4.81542],[-2.18014,4.81542],[-2.18014,4.81556],[-2.18014,4.81569],[-2.18042,4.81569],[-2.18042,4.81597],[-2.18123,4.81597],[-2.18123,4.81832],[-2.16698,4.81832],[-2.16698,4.80407]]]},"properties":{"region":"Western","district":"Ahanta West","floods_1m":1,"floods_2m":1,"floods_3m":1,"first_flood_m":1,"nests":true,"area_km2":1.282}},{"type":"Feature","geometry":{"type":"Polygon","coordinates":[[[0.86997,5.97458],[0.86986,5.97458],[0.86986,5.97375],[0.86997,5.97375],[0.86997,5.97322],[0.85572,5.97322],[0.85572,5.98748],[0.86997,5.98748],[0.86997,5.97458]]]},"properties":{"region":"Volta","district":"Keta","floods_1m":1,"floods_2m":1,"floods_3m":1,"first_flood_m":1,"nests":true,"area_km2":2.498}},{"type":"Feature","geometry":{"type":"Polygon","coordinates":[[[0.86997,5.90193],[0.85572,5.90193],[0.85572,5.91619],[0.86997,5.91619],[0.86997,5.90193]]]},"properties":{"region":"Volta","district":"Keta","floods_1m":1,"floods_2m":1,"floods_3m":1,"first_flood_m":1,"nests":true,"area_km2":2.499}},{"type":"Feature","geometry":{"type":"Polygon","coordinates":[[[-1.52537,5.06071],[-1.53963,5.06071],[-1.53963,5.07497],[-1.52537,5.07497],[-1.52537,5.06071]]]},"properties":{"region":"Central","district":"Komenda-Edina-Eguafo-Abirem","floods_1m":1,"floods_2m":1,"floods_3m":1,"first_flood_m":1,"nests":true,"area_km2":2.504}},{"type":"Feature","geometry":{"type":"MultiPolygon","coordinates":[[[[0.88423,5.84125],[0.88403,5.84125],[0.88403,5.84097],[0.88319,5.84097],[0.88319,5.84069],[0.88292,5.84069],[0.88292,5.84042],[0.88264,5.84042],[0.88264,5.84014],[0.88236,5.84014],[0.88236,5.83986],[0.88181,5.83986],[0.88181,5.83958],[0.88125,5.83958],[0.88125,5.83931],[0.88014,5.83931],[0.88014,5.83903],[0.87931,5.83903],[0.87931,5.83875],[0.87847,5.83875],[0.87847,5.83847],[0.87736,5.83847],[0.87736,5.83819],[0.87708,5.83819],[0.87708,5.83792],[0.87681,5.83792],[0.87681,5.83764],[0.87625,5.83764],[0.87625,5.83736],[0.87458,5.83736],[0.87458,5.83764],[0.87431,5.83764],[0.87431,5.83792],[0.87319,5.83792],[0.87319,5.83819],[0.87292,5.83819],[0.87292,5.83847],[0.87153,5.83847],[0.87153,5.83875],[0.87069,5.83875],[0.87069,5.83903],[0.86997,5.83903],[0.86997,5.8449],[0.88423,5.8449],[0.88423,5.84125]]],[[[0.87764,5.83064],[0.86997,5.83064],[0.86997,5.83125],[0.87153,5.83125],[0.87153,5.83153],[0.87236,5.83153],[0.87236,5.83125],[0.87319,5.83125],[0.87319,5.83097],[0.87347,5.83097],[0.87347,5.83125],[0.87375,5.83125],[0.87375,5.83097],[0.87403,5.83097],[0.87403,5.83125],[0.87486,5.83125],[0.87486,5.83097],[0.87569,5.83097],[0.87569,5.83125],[0.87653,5.83125],[0.87653,5.83097],[0.87681,5.83097],[0.87681,5.83069],[0.87764,5.83069],[0.87764,5.83064]]]]},"properties":{"region":"Volta","district":"Keta","floods_1m":1,"floods_2m":1,"floods_3m":1,"first_flood_m":1,"nests":true,"area_km2":1.122}},{"type":"Feature","geometry":{"type":"MultiPolygon","coordinates":[[[[-2.0244,4.75792],[-2.02458,4.75792],[-2.02458,4.75819],[-2.02542,4.75819],[-2.02542,4.75847],[-2.02625,4.75847],[-2.02625,4.75819],[-2.02653,4.75819],[-2.02653,4.75792],[-2.02764,4.75792],[-2.02764,4.75764],[-2.02819,4.75764],[-2.02819,4.75736],[-2.02875,4.75736],[-2.02875,4.75764],[-2.02903,4.75764],[-2.02903,4.75736],[-2.03181,4.75736],[-2.03181,4.75708],[-2.03264,4.75708],[-2.03264,4.75653],[-2.03319,4.75653],[-2.03319,4.75597],[-2.03347,4.75597],[-2.03347,4.75569],[-2.03375,4.75569],[-2.03375,4.75542],[-2.03403,4.75542],[-2.03403,4.75486],[-2.03458,4.75486],[-2.03458,4.75514],[-2.03514,4.75514],[-2.03514,4.75653],[-2.03458,4.75653],[-2.03458,4.75681],[-2.03347,4.75681],[-2.03347,4.75708],[-2.03319,4.75708],[-2.03319,4.75792],[-2.03347,4.75792],[-2.03347,4.75819],[-2.03403,4.75819],[-2.03403,4.75847],[-2.03431,4.75847],[-2.03431,4.75819],[-2.03486,4.75819],[-2.03486,4.75792],[-2.03514,4.75792],[-2.03514,4.75736],[-2.03542,4.75736],[-2.03542,4.75708],[-2.03569,4.75708],[-2.03569,4.75681],[-2.03597,4.75681],[-2.03597,4.75653],[-2.03625,4.75653],[-2.03625,4.75569],[-2.03708,4.75569],[-2.03708,4.75542],[-2.03764,4.75542],[-2.03764,4.75569],[-2.03792,4.75569],[-2.03792,4.75597],[-2.03865,4.75597],[-2.03865,4.76129],[-2.0244,4.76129],[-2.0244,4.75792]]],[[[-2.03865,4.75431],[-2.03865,4.75458],[-2.03847,4.75458],[-2.03847,4.75431],[-2.03865,4.75431]]],[[[-2.03542,4.7518],[-2.03542,4.75125],[-2.03625,4.75125],[-2.03625,4.75153],[-2.03653,4.75153],[-2.03653,4.75292],[-2.03625,4.75292],[-2.03625,4.75375],[-2.03542,4.75375],[-2.03542,4.75403],[-2.03431,4.75403],[-2.03431,4.75347],[-2.03458,4.75347],[-2.03458,4.75208],[-2.03514,4.75208],[-2.03514,4.7518],[-2.03542,4.7518]]]]},"properties":{"region":"Western","district":"Ahanta West","floods_1m":1,"floods_2m":1,"floods_3m":1,"first_flood_m":1,"nests":true,"area_km2":0.789}},{"type":"Feature","geometry":{"type":"Polygon","coordinates":[[[0.86997,5.95514],[0.86997,5.95896],[0.87097,5.95896],[0.87097,5.95875],[0.87125,5.95875],[0.87125,5.95847],[0.87181,5.95847],[0.87181,5.9582],[0.87264,5.9582],[0.87264,5.95792],[0.87375,5.95792],[0.87375,5.95708],[0.87403,5.95708],[0.87403,5.95542],[0.87375,5.95542],[0.87375,5.95458],[0.87319,5.95458],[0.87319,5.95514],[0.87292,5.95514],[0.87292,5.9557],[0.87264,5.9557],[0.87264,5.95597],[0.87181,5.95597],[0.87181,5.9557],[0.87153,5.9557],[0.87153,5.95542],[0.87125,5.95542],[0.87125,5.95514],[0.86997,5.95514]]]},"properties":{"region":"Volta","district":"Keta","floods_1m":1,"floods_2m":1,"floods_3m":1,"first_flood_m":1,"nests":true,"area_km2":0.148}},{"type":"Feature","geometry":{"type":"Polygon","coordinates":[[[0.86997,5.80212],[0.85572,5.80212],[0.85572,5.81638],[0.86997,5.81638],[0.86997,5.80212]]]},"properties":{"region":"Volta","district":"Keta","floods_1m":1,"floods_2m":1,"floods_3m":1,"first_flood_m":1,"nests":true,"area_km2":2.5}},{"type":"Feature","geometry":{"type":"MultiPolygon","coordinates":[[[[-2.10994,4.76431],[-2.11042,4.76431],[-2.11042,4.76458],[-2.11125,4.76458],[-2.11125,4.76431],[-2.11153,4.76431],[-2.11153,4.76403],[-2.11181,4.76403],[-2.11181,4.76375],[-2.11236,4.76375],[-2.11236,4.76347],[-2.11291,4.76347],[-2.11347,4.76347],[-2.11347,4.76431],[-2.11319,4.76431],[-2.11319,4.76486],[-2.11292,4.76486],[-2.11292,4.76569],[-2.11264,4.76569],[-2.11264,4.76653],[-2.11236,4.76653],[-2.11236,4.76681],[-2.11221,4.76681],[-2.11208,4.76681],[-2.11211,4.76709],[-2.11153,4.76708],[-2.11153,4.76764],[-2.11125,4.76764],[-2.11125,4.76792],[-2.11014,4.76792],[-2.11014,4.7682],[-2.10994,4.7682],[-2.10994,4.76431]]],[[[-2.10994,4.76129],[-2.11097,4.76129],[-2.11097,4.76181],[-2.11069,4.76181],[-2.11069,4.76208],[-2.10994,4.76208],[-2.10994,4.76129]]]]},"properties":{"region":"Western","district":"Ahanta West","floods_1m":1,"floods_2m":1,"floods_3m":1,"first_flood_m":1,"nests":true,"area_km2":0.135}},{"type":"Feature","geometry":{"type":"Polygon","coordinates":[[[0.77017,5.81638],[0.75591,5.81638],[0.75591,5.83064],[0.77017,5.83064],[0.77017,5.81638]]]},"properties":{"region":"Volta","district":"Keta","floods_1m":1,"floods_2m":1,"floods_3m":1,"first_flood_m":1,"nests":true,"area_km2":2.501}},{"type":"Feature","geometry":{"type":"Polygon","coordinates":[[[0.8272,5.77403],[0.82625,5.77403],[0.82625,5.77375],[0.82597,5.77375],[0.82597,5.77403],[0.82264,5.77403],[0.82264,5.77375],[0.82236,5.77375],[0.82236,5.77361],[0.81294,5.77361],[0.81294,5.78787],[0.8272,5.78787],[0.8272,5.77403]]]},"properties":{"region":"Volta","district":"Keta","floods_1m":1,"floods_2m":1,"floods_3m":1,"first_flood_m":1,"nests":true,"area_km2":2.478}},{"type":"Feature","geometry":{"type":"Polygon","coordinates":[[[0.91275,6.00181],[0.91236,6.00181],[0.91236,6.00174],[0.91014,6.00174],[0.91014,6.00181],[0.90958,6.00181],[0.90958,6.00208],[0.90875,6.00208],[0.90875,6.00236],[0.90792,6.00236],[0.90792,6.00174],[0.89849,6.00174],[0.89849,6.01599],[0.91275,6.01599],[0.91275,6.00181]]]},"properties":{"region":"Volta","district":"Keta","floods_1m":1,"floods_2m":1,"floods_3m":1,"first_flood_m":1,"nests":true,"area_km2":2.488}},{"type":"Feature","geometry":{"type":"Polygon","coordinates":[[[0.94126,5.87486],[0.94126,5.88292],[0.94181,5.88292],[0.94181,5.88264],[0.94264,5.88264],[0.94264,5.88236],[0.9432,5.88236],[0.9432,5.88208],[0.94458,5.88208],[0.94458,5.88153],[0.94486,5.88153],[0.94486,5.88125],[0.94569,5.88125],[0.94569,5.88097],[0.94625,5.88097],[0.94625,5.8807],[0.94653,5.8807],[0.94653,5.88042],[0.94681,5.88042],[0.94681,5.87958],[0.94708,5.87958],[0.94708,5.8793],[0.94736,5.8793],[0.94736,5.87847],[0.94625,5.87847],[0.94625,5.87819],[0.94458,5.87819],[0.94458,5.87792],[0.94431,5.87792],[0.94431,5.87708],[0.94458,5.87708],[0.94458,5.8768],[0.94486,5.8768],[0.94486,5.87597],[0.94514,5.87597],[0.94514,5.8757],[0.94542,5.8757],[0.94542,5.87486],[0.94514,5.87486],[0.94514,5.87458],[0.94403,5.87458],[0.94403,5.87486],[0.94375,5.87486],[0.94375,5.87514],[0.9432,5.87514],[0.94319,5.87542],[0.94208,5.87542],[0.94208,5.87514],[0.94153,5.87514],[0.94153,5.87486],[0.94126,5.87486]]]},"properties":{"region":"Volta","district":"Keta","floods_1m":1,"floods_2m":1,"floods_3m":1,"first_flood_m":1,"nests":true,"area_km2":0.394}},{"type":"Feature","geometry":{"type":"Polygon","coordinates":[[[0.81294,5.91619],[0.79868,5.91619],[0.79868,5.93045],[0.81294,5.93045],[0.81294,5.91619]]]},"properties":{"region":"Volta","district":"Keta","floods_1m":1,"floods_2m":1,"floods_3m":1,"first_flood_m":1,"nests":true,"area_km2":2.501}},{"type":"Feature","geometry":{"type":"Polygon","coordinates":[[[-2.1242,4.79625],[-2.12458,4.79625],[-2.12458,4.79597],[-2.12514,4.79597],[-2.12514,4.79625],[-2.12569,4.79625],[-2.12569,4.79597],[-2.12958,4.79597],[-2.12958,4.79569],[-2.13014,4.79569],[-2.13014,4.79542],[-2.13042,4.79542],[-2.13042,4.79514],[-2.1307,4.79514],[-2.1307,4.79486],[-2.13097,4.79486],[-2.13097,4.7943],[-2.13042,4.7943],[-2.13042,4.79347],[-2.13014,4.79347],[-2.13014,4.79319],[-2.12903,4.79319],[-2.12903,4.79292],[-2.12875,4.79292],[-2.12875,4.79264],[-2.12764,4.79264],[-2.12764,4.79236],[-2.12486,4.79236],[-2.12486,4.79208],[-2.1242,4.79208],[-2.1242,4.79097],[-2.12486,4.79097],[-2.12486,4.79125],[-2.12625,4.79125],[-2.12625,4.79153],[-2.12875,4.79153],[-2.12875,4.79181],[-2.1293,4.79181],[-2.1293,4.79208],[-2.13153,4.79208],[-2.13153,4.79181],[-2.1318,4.79181],[-2.1318,4.79153],[-2.13208,4.79153],[-2.13208,4.79125],[-2.13236,4.79125],[-2.13236,4.79069],[-2.13264,4.79069],[-2.13264,4.78986],[-2.13292,4.78986],[-2.13292,4.78981],[-2.13431,4.78981],[-2.13431,4.78986],[-2.13458,4.78986],[-2.13458,4.79042],[-2.13486,4.79042],[-2.13486,4.79208],[-2.13514,4.79208],[-2.13514,4.79236],[-2.1357,4.79236],[-2.1357,4.79264],[-2.13625,4.79264],[-2.13625,4.79292],[-2.13681,4.79292],[-2.13681,4.79319],[-2.13708,4.79319],[-2.13708,4.79347],[-2.13846,4.79347],[-2.13846,4.79569],[-2.13819,4.79569],[-2.13819,4.79625],[-2.13792,4.79625],[-2.13792,4.79653],[-2.13764,4.79653],[-2.13764,4.79736],[-2.13736,4.79736],[-2.13736,4.79764],[-2.13653,4.79764],[-2.13653,4.79792],[-2.1357,4.79792],[-2.1357,4.79819],[-2.13514,4.79819],[-2.13514,4.79847],[-2.13458,4.79847],[-2.13458,4.79875],[-2.13597,4.79875],[-2.13597,4.79903],[-2.13625,4.79903],[-2.13625,4.79875],[-2.13708,4.79875],[-2.13708,4.79792],[-2.13819,4.79792],[-2.13819,4.79764],[-2.13846,4.79764],[-2.13846,4.80407],[-2.1242,4.80407],[-2.1242,4.79625]]]},"properties":{"region":"Western","district":"Ahanta West","floods_1m":1,"floods_2m":1,"floods_3m":1,"first_flood_m":1,"nests":true,"area_km2":1.875}},{"type":"Feature","geometry":{"type":"Polygon","coordinates":[[[-2.19549,4.90387],[-2.20975,4.90387],[-2.20975,4.91813],[-2.19549,4.91813],[-2.19549,4.90387]]]},"properties":{"region":"Western","district":"Nzema East","floods_1m":1,"floods_2m":1,"floods_3m":1,"first_flood_m":1,"nests":true,"area_km2":2.505}},{"type":"Feature","geometry":{"type":"Polygon","coordinates":[[[0.85572,5.91619],[0.84146,5.91619],[0.84146,5.93045],[0.85572,5.93045],[0.85572,5.91619]]]},"properties":{"region":"Volta","district":"Keta","floods_1m":1,"floods_2m":1,"floods_3m":1,"first_flood_m":1,"nests":true,"area_km2":2.501}},{"type":"Feature","geometry":{"type":"Polygon","coordinates":[[[0.78443,5.85916],[0.77017,5.85916],[0.77017,5.87341],[0.78443,5.87341],[0.78443,5.85916]]]},"properties":{"region":"Volta","district":"Keta","floods_1m":1,"floods_2m":1,"floods_3m":1,"first_flood_m":1,"nests":true,"area_km2":2.499}},{"type":"Feature","geometry":{"type":"Polygon","coordinates":[[[-1.91033,4.8611],[-1.92459,4.8611],[-1.92459,4.87536],[-1.91033,4.87536],[-1.91033,4.8611]]]},"properties":{"region":"Western","district":"Ahanta West","floods_1m":0,"floods_2m":0,"floods_3m":1,"first_flood_m":3,"nests":true,"area_km2":2.505}},{"type":"Feature","geometry":{"type":"MultiPolygon","coordinates":[[[[0.92701,6.00875],[0.92701,6.00903],[0.92708,6.00903],[0.92708,6.0093],[0.92736,6.0093],[0.92736,6.00958],[0.92764,6.00958],[0.92764,6.01014],[0.92792,6.01014],[0.92792,6.01042],[0.92819,6.01042],[0.92819,6.01069],[0.92847,6.01069],[0.92847,6.01125],[0.92875,6.01125],[0.92875,6.01208],[0.92903,6.01208],[0.92903,6.01264],[0.92931,6.01264],[0.92931,6.01347],[0.92819,6.01347],[0.92819,6.0132],[0.92764,6.0132],[0.92764,6.01347],[0.92701,6.01347],[0.92701,6.01599],[0.93431,6.01599],[0.93431,6.01597],[0.93403,6.01597],[0.93403,6.01542],[0.93375,6.01542],[0.93375,6.01486],[0.93347,6.01486],[0.93347,6.01458],[0.93319,6.01458],[0.93319,6.01431],[0.93292,6.01431],[0.93292,6.01403],[0.93264,6.01403],[0.93264,6.01375],[0.93236,6.01375],[0.93236,6.0132],[0.93208,6.0132],[0.93208,6.01208],[0.9318,6.01208],[0.9318,6.01181],[0.93153,6.01181],[0.93153,6.01153],[0.93125,6.01153],[0.93125,6.01125],[0.93097,6.01125],[0.93097,6.01069],[0.93069,6.01069],[0.93069,6.01014],[0.93042,6.01014],[0.93042,6.00986],[0.93014,6.00986],[0.93014,6.0093],[0.92986,6.0093],[0.92986,6.00875],[0.92931,6.00875],[0.92931,6.00847],[0.92903,6.00847],[0.92903,6.00819],[0.92875,6.00819],[0.92875,6.00792],[0.92736,6.00792],[0.92736,6.00819],[0.92708,6.00819],[0.92708,6.00875],[0.92701,6.00875]]],[[[0.92701,6.00319],[0.92701,6.00625],[0.92708,6.00625],[0.92708,6.00597],[0.92736,6.00597],[0.92736,6.00542],[0.92764,6.00542],[0.92764,6.00486],[0.92736,6.00486],[0.92736,6.00403],[0.92708,6.00403],[0.92708,6.00319],[0.92701,6.00319]]]]},"properties":{"region":"Volta","district":"Keta","floods_1m":1,"floods_2m":1,"floods_3m":1,"first_flood_m":1,"nests":true,"area_km2":0.389}},{"type":"Feature","geometry":{"type":"Polygon","coordinates":[[[-0.81247,5.21431],[-0.81247,5.21755],[-0.80542,5.21755],[-0.80542,5.21736],[-0.80569,5.21736],[-0.80569,5.21708],[-0.80597,5.21708],[-0.80597,5.21681],[-0.80653,5.21681],[-0.80653,5.21653],[-0.80681,5.21653],[-0.80681,5.21625],[-0.80708,5.21625],[-0.80708,5.21597],[-0.80792,5.21597],[-0.80792,5.21569],[-0.81014,5.21569],[-0.81014,5.21542],[-0.81097,5.21542],[-0.81097,5.21514],[-0.81125,5.21514],[-0.81125,5.21486],[-0.81153,5.21486],[-0.81153,5.21458],[-0.81208,5.21458],[-0.81208,5.21431],[-0.81247,5.21431]]]},"properties":{"region":"Central","district":"Mfantsiman","floods_1m":1,"floods_2m":1,"floods_3m":1,"first_flood_m":1,"nests":true,"area_km2":0.157}},{"type":"Feature","geometry":{"type":"Polygon","coordinates":[[[-2.23827,4.91813],[-2.25252,4.91813],[-2.25252,4.93239],[-2.23827,4.93239],[-2.23827,4.91813]]]},"properties":{"region":"Western","district":"Nzema East","floods_1m":0,"floods_2m":0,"floods_3m":1,"first_flood_m":3,"nests":true,"area_km2":2.503}},{"type":"Feature","geometry":{"type":"Polygon","coordinates":[[[0.85572,5.98748],[0.84146,5.98748],[0.84146,6.00174],[0.85572,6.00174],[0.85572,5.98748]]]},"properties":{"region":"Volta","district":"Keta","floods_1m":1,"floods_2m":1,"floods_3m":1,"first_flood_m":1,"nests":true,"area_km2":2.501}},{"type":"Feature","geometry":{"type":"Polygon","coordinates":[[[0.72739,5.77361],[0.71486,5.77361],[0.71486,5.77375],[0.71458,5.77375],[0.71458,5.77403],[0.71431,5.77403],[0.71431,5.77486],[0.71458,5.77486],[0.71458,5.77514],[0.71486,5.77514],[0.71486,5.77542],[0.71514,5.77542],[0.71514,5.77681],[0.71486,5.77681],[0.71486,5.78042],[0.71458,5.78042],[0.71458,5.78074],[0.71458,5.78125],[0.71486,5.78125],[0.71486,5.78153],[0.71514,5.78153],[0.71514,5.78181],[0.71552,5.78181],[0.71597,5.78181],[0.71597,5.78208],[0.71986,5.78208],[0.71986,5.78236],[0.72042,5.78236],[0.72042,5.78264],[0.7207,5.78264],[0.7207,5.78292],[0.72097,5.78292],[0.72097,5.78347],[0.72125,5.78347],[0.72125,5.78375],[0.72153,5.78375],[0.72153,5.78403],[0.7218,5.78403],[0.7218,5.78486],[0.72153,5.78486],[0.72153,5.78569],[0.72125,5.78569],[0.72125,5.78625],[0.72097,5.78625],[0.72097,5.78681],[0.7207,5.78681],[0.7207,5.78736],[0.72042,5.78736],[0.72042,5.78787],[0.72739,5.78787],[0.72739,5.77361]]]},"properties":{"region":"Volta","district":"Keta","floods_1m":1,"floods_2m":1,"floods_3m":1,"first_flood_m":1,"nests":true,"area_km2":1.757}},{"type":"Feature","geometry":{"type":"Polygon","coordinates":[[[-2.01014,4.75792],[-2.01069,4.75792],[-2.01069,4.75764],[-2.01181,4.75764],[-2.01181,4.75736],[-2.01375,4.75736],[-2.01375,4.75764],[-2.01514,4.75764],[-2.01514,4.75792],[-2.0157,4.75792],[-2.0157,4.75764],[-2.01653,4.75764],[-2.01653,4.75736],[-2.0168,4.75736],[-2.0168,4.75764],[-2.01764,4.75764],[-2.01764,4.75792],[-2.01792,4.75792],[-2.01792,4.75764],[-2.01847,4.75764],[-2.01847,4.75792],[-2.01875,4.75792],[-2.01875,4.75764],[-2.0193,4.75764],[-2.0193,4.75792],[-2.02208,4.75792],[-2.02208,4.75819],[-2.02347,4.75819],[-2.02347,4.75792],[-2.02375,4.75792],[-2.02375,4.75819],[-2.02403,4.75819],[-2.02403,4.75792],[-2.0244,4.75792],[-2.0244,4.76129],[-2.01014,4.76129],[-2.01014,4.75792]]]},"properties":{"region":"Western","district":"Ahanta West","floods_1m":0,"floods_2m":1,"floods_3m":1,"first_flood_m":2,"nests":true,"area_km2":0.62}},{"type":"Feature","geometry":{"type":"Polygon","coordinates":[[[-2.23827,4.94665],[-2.25252,4.94665],[-2.25252,4.9609],[-2.23827,4.9609],[-2.23827,4.94665]]]},"properties":{"region":"Western","district":"Nzema East","floods_1m":1,"floods_2m":1,"floods_3m":1,"first_flood_m":1,"nests":true,"area_km2":2.501}},{"type":"Feature","geometry":{"type":"MultiPolygon","coordinates":[[[[0.98404,5.91486],[0.98404,5.91458],[0.98403,5.91458],[0.98403,5.91486],[0.98404,5.91486]]],[[[0.98404,5.90875],[0.98404,5.90193],[0.97431,5.90193],[0.97431,5.90236],[0.97403,5.90236],[0.97403,5.90264],[0.97375,5.90264],[0.97375,5.90292],[0.97347,5.90292],[0.97347,5.90319],[0.97292,5.90319],[0.97292,5.90347],[0.97319,5.90347],[0.97319,5.9043],[0.97347,5.9043],[0.97347,5.90486],[0.97375,5.90486],[0.97375,5.90514],[0.97458,5.90514],[0.97458,5.90542],[0.97486,5.90542],[0.97486,5.90569],[0.97514,5.90569],[0.97514,5.90597],[0.97542,5.90597],[0.97542,5.90736],[0.97569,5.90736],[0.97569,5.90764],[0.97597,5.90764],[0.97597,5.90875],[0.97569,5.90875],[0.97569,5.91042],[0.97597,5.91042],[0.97597,5.91069],[0.97625,5.91069],[0.97625,5.91097],[0.97653,5.91097],[0.97653,5.91125],[0.97708,5.91125],[0.97708,5.91153],[0.97736,5.91153],[0.97736,5.91181],[0.97764,5.91181],[0.97764,5.91208],[0.97792,5.91208],[0.97792,5.91236],[0.97819,5.91236],[0.97819,5.91264],[0.97847,5.91264],[0.97847,5.91292],[0.97875,5.91292],[0.97875,5.91347],[0.97903,5.91347],[0.97903,5.91375],[0.98014,5.91375],[0.98014,5.91403],[0.98125,5.91403],[0.98125,5.91375],[0.98181,5.91375],[0.98181,5.91347],[0.98236,5.91347],[0.98236,5.91292],[0.98264,5.91292],[0.98264,5.91181],[0.98292,5.91181],[0.98292,5.91014],[0.98264,5.91014],[0.98264,5.90931],[0.98292,5.90931],[0.98292,5.90903],[0.98319,5.90903],[0.98319,5.90875],[0.98404,5.90875]]]]},"properties":{"region":"Volta","district":"Keta","floods_1m":1,"floods_2m":1,"floods_3m":1,"first_flood_m":1,"nests":true,"area_km2":1.148}},{"type":"Feature","geometry":{"type":"Polygon","coordinates":[[[0.88423,6.00174],[0.86997,6.00174],[0.86997,6.01599],[0.88423,6.01599],[0.88423,6.00174]]]},"properties":{"region":"Volta","district":"Keta","floods_1m":1,"floods_2m":1,"floods_3m":1,"first_flood_m":1,"nests":true,"area_km2":2.499}},{"type":"Feature","geometry":{"type":"Polygon","coordinates":[[[-1.11189,5.17931],[-1.11236,5.17931],[-1.11236,5.17903],[-1.1132,5.17903],[-1.1132,5.17875],[-1.11375,5.17875],[-1.11375,5.17847],[-1.11458,5.17847],[-1.11458,5.17819],[-1.11486,5.17819],[-1.11486,5.17792],[-1.11542,5.17792],[-1.11542,5.17764],[-1.11569,5.17764],[-1.11569,5.17736],[-1.11597,5.17736],[-1.11597,5.17708],[-1.11625,5.17708],[-1.11625,5.17653],[-1.11653,5.17653],[-1.11653,5.17625],[-1.11708,5.17625],[-1.11708,5.17597],[-1.11736,5.17597],[-1.11736,5.17569],[-1.11764,5.17569],[-1.11764,5.17514],[-1.11792,5.17514],[-1.11792,5.17486],[-1.11819,5.17486],[-1.11819,5.17477],[-1.12614,5.17477],[-1.12614,5.18903],[-1.11189,5.18903],[-1.11189,5.17931]]]},"properties":{"region":"Central","district":"Mfantsiman","floods_1m":1,"floods_2m":1,"floods_3m":1,"first_flood_m":1,"nests":true,"area_km2":2.282}},{"type":"Feature","geometry":{"type":"Polygon","coordinates":[[[0.84146,5.90193],[0.8272,5.90193],[0.8272,5.91619],[0.84146,5.91619],[0.84146,5.90193]]]},"properties":{"region":"Volta","district":"Keta","floods_1m":1,"floods_2m":1,"floods_3m":1,"first_flood_m":1,"nests":true,"area_km2":2.501}},{"type":"Feature","geometry":{"type":"Polygon","coordinates":[[[0.81294,5.80212],[0.79868,5.80212],[0.79868,5.81638],[0.81294,5.81638],[0.81294,5.80212]]]},"properties":{"region":"Volta","district":"Keta","floods_1m":1,"floods_2m":1,"floods_3m":1,"first_flood_m":1,"nests":true,"area_km2":2.501}},{"type":"Feature","geometry":{"type":"Polygon","coordinates":[[[0.78443,5.80212],[0.77017,5.80212],[0.77017,5.81638],[0.78443,5.81638],[0.78443,5.80212]]]},"properties":{"region":"Volta","district":"Keta","floods_1m":1,"floods_2m":1,"floods_3m":1,"first_flood_m":1,"nests":true,"area_km2":2.501}},{"type":"Feature","geometry":{"type":"Polygon","coordinates":[[[0.81294,5.78787],[0.79868,5.78787],[0.79868,5.7892],[0.79868,5.80212],[0.81294,5.80212],[0.81294,5.7892],[0.81294,5.78787]]]},"properties":{"region":"Volta","district":"Keta","floods_1m":1,"floods_2m":1,"floods_3m":1,"first_flood_m":1,"nests":true,"area_km2":2.5}},{"type":"Feature","geometry":{"type":"Polygon","coordinates":[[[0.74165,5.81638],[0.72739,5.81638],[0.72739,5.83064],[0.74165,5.83064],[0.74165,5.81638]]]},"properties":{"region":"Volta","district":"Keta","floods_1m":1,"floods_2m":1,"floods_3m":1,"first_flood_m":1,"nests":true,"area_km2":2.501}},{"type":"Feature","geometry":{"type":"Polygon","coordinates":[[[0.77017,5.87341],[0.75591,5.87341],[0.75591,5.88767],[0.77017,5.88767],[0.77017,5.87341]]]},"properties":{"region":"Volta","district":"Keta","floods_1m":1,"floods_2m":1,"floods_3m":1,"first_flood_m":1,"nests":true,"area_km2":2.501}},{"type":"Feature","geometry":{"type":"Polygon","coordinates":[[[0.72739,5.85916],[0.72544,5.85916],[0.72593,5.86087],[0.72692,5.86276],[0.72739,5.86335],[0.72739,5.85916]]]},"properties":{"region":"Volta","district":"Keta","floods_1m":1,"floods_2m":1,"floods_3m":1,"first_flood_m":1,"nests":true,"area_km2":0.06}},{"type":"Feature","geometry":{"type":"Polygon","coordinates":[[[0.85572,5.83064],[0.84146,5.83064],[0.84146,5.8449],[0.85572,5.8449],[0.85572,5.83064]]]},"properties":{"region":"Volta","district":"Keta","floods_1m":1,"floods_2m":1,"floods_3m":1,"first_flood_m":1,"nests":true,"area_km2":2.501}},{"type":"Feature","geometry":{"type":"Polygon","coordinates":[[[-1.02634,5.20329],[-1.0406,5.20329],[-1.0406,5.21755],[-1.02634,5.21755],[-1.02634,5.20329]]]},"properties":{"region":"Central","district":"Mfantsiman","floods_1m":1,"floods_2m":1,"floods_3m":1,"first_flood_m":1,"nests":true,"area_km2":2.504}},{"type":"Feature","geometry":{"type":"Polygon","coordinates":[[[-2.48065,5.01794],[-2.49491,5.01794],[-2.49491,5.03219],[-2.48065,5.03219],[-2.48065,5.01794]]]},"properties":{"region":"Western","district":"Nzema East","floods_1m":0,"floods_2m":1,"floods_3m":1,"first_flood_m":2,"nests":true,"area_km2":2.503}},{"type":"Feature","geometry":{"type":"MultiPolygon","coordinates":[[[[0.88423,5.90097],[0.88375,5.90097],[0.88375,5.90069],[0.88042,5.90069],[0.88042,5.90097],[0.87986,5.90097],[0.87986,5.90125],[0.87958,5.90125],[0.87958,5.90193],[0.88423,5.90193],[0.88423,5.90097]]],[[[0.86997,5.89458],[0.86997,5.90193],[0.87736,5.90193],[0.87736,5.90153],[0.87792,5.90153],[0.87792,5.90069],[0.87764,5.90069],[0.87764,5.90042],[0.87736,5.90042],[0.87736,5.90014],[0.87708,5.90014],[0.87708,5.89958],[0.87653,5.89958],[0.87653,5.89986],[0.87597,5.89986],[0.87597,5.90014],[0.87569,5.90014],[0.87569,5.90042],[0.87514,5.90042],[0.87514,5.90069],[0.87486,5.90069],[0.87486,5.90097],[0.87403,5.90097],[0.87403,5.90125],[0.87319,5.90125],[0.87319,5.90097],[0.87181,5.90097],[0.87181,5.90069],[0.87153,5.90069],[0.87153,5.89986],[0.87181,5.89986],[0.87181,5.89958],[0.87264,5.89958],[0.87264,5.89931],[0.87236,5.8993],[0.87236,5.89903],[0.87264,5.89903],[0.87264,5.89875],[0.87236,5.89875],[0.87236,5.89847],[0.87264,5.89847],[0.87264,5.89819],[0.87236,5.89819],[0.87236,5.89764],[0.87208,5.89764],[0.87208,5.89708],[0.87181,5.89708],[0.87181,5.89681],[0.87153,5.89681],[0.87153,5.89625],[0.87125,5.89625],[0.87125,5.8957],[0.87097,5.8957],[0.87097,5.89514],[0.87042,5.89514],[0.87042,5.89486],[0.87014,5.89486],[0.87014,5.89458],[0.86997,5.89458]]],[[[0.88423,5.88875],[0.88423,5.88767],[0.87514,5.88767],[0.87514,5.88847],[0.87625,5.88847],[0.87625,5.88875],[0.87736,5.88875],[0.87736,5.88847],[0.87903,5.88847],[0.87903,5.88875],[0.87931,5.88875],[0.87931,5.88903],[0.87958,5.88903],[0.87958,5.88931],[0.87986,5.88931],[0.87986,5.88958],[0.88014,5.88958],[0.88014,5.88986],[0.88042,5.88986],[0.88042,5.89014],[0.88097,5.89014],[0.88097,5.89042],[0.88125,5.89042],[0.88125,5.89014],[0.88181,5.89014],[0.88181,5.88958],[0.88264,5.88958],[0.88264,5.88903],[0.88319,5.88903],[0.88319,5.88931],[0.88347,5.88931],[0.88347,5.88903],[0.88375,5.88903],[0.88375,5.88875],[0.88423,5.88875]]]]},"properties":{"region":"Volta","district":"Keta","floods_1m":1,"floods_2m":1,"floods_3m":1,"first_flood_m":1,"nests":true,"area_km2":0.48}},{"type":"Feature","geometry":{"type":"Polygon","coordinates":[[[-1.08337,5.19542],[-1.08347,5.19542],[-1.08347,5.19569],[-1.0857,5.19569],[-1.0857,5.19542],[-1.08736,5.19542],[-1.08736,5.19514],[-1.08875,5.19514],[-1.08875,5.19486],[-1.08958,5.19486],[-1.08958,5.19458],[-1.09097,5.19458],[-1.09097,5.19431],[-1.09153,5.19431],[-1.09153,5.19403],[-1.09181,5.19403],[-1.09181,5.19273],[-1.09181,5.19208],[-1.09208,5.19208],[-1.09208,5.19181],[-1.09264,5.19181],[-1.09264,5.19153],[-1.09319,5.19153],[-1.09319,5.19125],[-1.09347,5.19125],[-1.09347,5.19097],[-1.09375,5.19097],[-1.09375,5.19069],[-1.09431,5.19069],[-1.09431,5.19042],[-1.09458,5.19042],[-1.09458,5.19014],[-1.09486,5.19014],[-1.09486,5.18986],[-1.09514,5.18986],[-1.09514,5.18958],[-1.09542,5.18958],[-1.09542,5.18903],[-1.09763,5.18903],[-1.09763,5.20329],[-1.08337,5.20329],[-1.08337,5.19542]]]},"properties":{"region":"Central","district":"Mfantsiman","floods_1m":1,"floods_2m":1,"floods_3m":1,"first_flood_m":1,"nests":true,"area_km2":1.785}},{"type":"Feature","geometry":{"type":"Polygon","coordinates":[[[0.89849,5.91181],[0.89849,5.91486],[0.89875,5.91486],[0.89875,5.91514],[0.89903,5.91514],[0.89903,5.91542],[0.89931,5.91542],[0.89931,5.91597],[0.89958,5.91597],[0.89958,5.91619],[0.90542,5.91619],[0.90542,5.91431],[0.90514,5.91431],[0.90514,5.91403],[0.90458,5.91403],[0.90458,5.91375],[0.90403,5.91375],[0.90403,5.91347],[0.90347,5.91347],[0.90347,5.91319],[0.90292,5.91319],[0.90292,5.91292],[0.90236,5.91292],[0.90236,5.91264],[0.90153,5.91264],[0.90153,5.91236],[0.90097,5.91236],[0.90097,5.91208],[0.89986,5.91208],[0.89986,5.91181],[0.89849,5.91181]]]},"properties":{"region":"Volta","district":"Keta","floods_1m":1,"floods_2m":1,"floods_3m":1,"first_flood_m":1,"nests":true,"area_km2":0.281}},{"type":"Feature","geometry":{"type":"Polygon","coordinates":[[[-2.3951,4.9609],[-2.40936,4.9609],[-2.40936,4.97516],[-2.3951,4.97516],[-2.3951,4.9609]]]},"properties":{"region":"Western","district":"Nzema East","floods_1m":1,"floods_2m":1,"floods_3m":1,"first_flood_m":1,"nests":true,"area_km2":2.505}},{"type":"Feature","geometry":{"type":"Polygon","coordinates":[[[-2.95117,5.06014],[-2.95125,5.06014],[-2.95125,5.06042],[-2.95292,5.06042],[-2.95292,5.06069],[-2.95459,5.06069],[-2.95459,5.06071],[-2.95117,5.06071],[-2.95117,5.06014]]]},"properties":{"region":"Western","district":"Jomoro","floods_1m":1,"floods_2m":1,"floods_3m":1,"first_flood_m":1,"nests":true,"area_km2":0.007}},{"type":"Feature","geometry":{"type":"Polygon","coordinates":[[[0.71314,5.79403],[0.71292,5.79403],[0.71292,5.79375],[0.71264,5.79375],[0.71264,5.79403],[0.71236,5.79403],[0.71236,5.7943],[0.71208,5.7943],[0.71208,5.79458],[0.71181,5.79458],[0.71181,5.79819],[0.71181,5.79903],[0.71208,5.79903],[0.71208,5.80212],[0.71314,5.80212],[0.71314,5.79403]]]},"properties":{"region":"Volta","district":"Keta","floods_1m":1,"floods_2m":1,"floods_3m":1,"first_flood_m":1,"nests":true,"area_km2":0.12}},{"type":"Feature","geometry":{"type":"Polygon","coordinates":[[[0.86997,5.94403],[0.86997,5.93045],[0.85572,5.93045],[0.85572,5.9447],[0.86708,5.9447],[0.86708,5.94458],[0.86736,5.94458],[0.86736,5.94431],[0.86792,5.94431],[0.86792,5.94403],[0.86997,5.94403]]]},"properties":{"region":"Volta","district":"Keta","floods_1m":1,"floods_2m":1,"floods_3m":1,"first_flood_m":1,"nests":true,"area_km2":2.477}},{"type":"Feature","geometry":{"type":"MultiPolygon","coordinates":[[[[0.88423,5.88375],[0.88403,5.88375],[0.88403,5.88403],[0.88347,5.88403],[0.88347,5.88431],[0.88319,5.88431],[0.88319,5.88458],[0.88264,5.88458],[0.88264,5.88514],[0.88236,5.88514],[0.88236,5.88597],[0.88208,5.88597],[0.88208,5.88625],[0.88125,5.88625],[0.88125,5.88597],[0.88097,5.88597],[0.88097,5.88486],[0.87986,5.88486],[0.87986,5.88514],[0.87819,5.88514],[0.87819,5.88542],[0.87708,5.88542],[0.87708,5.88514],[0.87681,5.88514],[0.87681,5.88458],[0.87708,5.88458],[0.87708,5.88236],[0.87736,5.88236],[0.87736,5.88208],[0.87986,5.88208],[0.87986,5.8818],[0.88014,5.8818],[0.88014,5.88153],[0.88125,5.88153],[0.88125,5.88097],[0.88153,5.88097],[0.88153,5.87875],[0.88181,5.87875],[0.88181,5.87847],[0.88208,5.87847],[0.88208,5.87764],[0.88236,5.87764],[0.88236,5.87736],[0.88264,5.87736],[0.88264,5.87708],[0.88319,5.87708],[0.88319,5.87736],[0.88347,5.87736],[0.88347,5.87764],[0.88375,5.87764],[0.88375,5.87819],[0.88403,5.87819],[0.88403,5.87847],[0.88423,5.87847],[0.88423,5.87341],[0.86997,5.87341],[0.86997,5.87375],[0.87014,5.87375],[0.87014,5.87403],[0.87125,5.87403],[0.87125,5.8743],[0.87153,5.8743],[0.87153,5.87458],[0.87264,5.87458],[0.87264,5.87486],[0.87292,5.87486],[0.87292,5.87542],[0.87264,5.87542],[0.87264,5.87597],[0.87236,5.87597],[0.87236,5.87625],[0.87153,5.87625],[0.87153,5.87653],[0.87097,5.87653],[0.87097,5.8768],[0.87069,5.8768],[0.87069,5.87736],[0.87042,5.87736],[0.87042,5.87764],[0.87014,5.87764],[0.87014,5.87792],[0.86997,5.87792],[0.86997,5.87903],[0.87014,5.87903],[0.87014,5.8793],[0.87042,5.8793],[0.87042,5.87958],[0.87097,5.87958],[0.87097,5.87986],[0.87125,5.87986],[0.87125,5.88014],[0.87153,5.88014],[0.87153,5.88042],[0.87181,5.88042],[0.87181,5.88097],[0.87236,5.88097],[0.87236,5.88125],[0.87264,5.88125],[0.87264,5.88153],[0.87292,5.88153],[0.87292,5.8818],[0.87319,5.8818],[0.87319,5.88208],[0.87375,5.88208],[0.87375,5.88264],[0.87403,5.88264],[0.87403,5.88292],[0.87431,5.88292],[0.87431,5.88319],[0.87458,5.88319],[0.87458,5.88347],[0.87486,5.88347],[0.87486,5.88375],[0.87514,5.88375],[0.87514,5.88458],[0.87486,5.88458],[0.87486,5.88486],[0.87431,5.88486],[0.87431,5.88514],[0.87403,5.88514],[0.87403,5.88542],[0.87375,5.88542],[0.87375,5.88625],[0.87403,5.88625],[0.87403,5.88681],[0.87431,5.88681],[0.87431,5.88708],[0.87458,5.88708],[0.87458,5.88736],[0.87486,5.88736],[0.87486,5.88764],[0.87514,5.88764],[0.87514,5.88767],[0.88423,5.88767],[0.88423,5.88375]]],[[[0.88423,5.88153],[0.88403,5.88153],[0.88403,5.88236],[0.88423,5.88236],[0.88423,5.88153]]]]},"properties":{"region":"Volta","district":"Keta","floods_1m":1,"floods_2m":1,"floods_3m":1,"first_flood_m":1,"nests":true,"area_km2":1.63}},{"type":"Feature","geometry":{"type":"Polygon","coordinates":[[[-2.52343,4.97516],[-2.53768,4.97516],[-2.53768,4.98889],[-2.53745,4.98942],[-2.52343,4.98942],[-2.52343,4.97516]]]},"properties":{"region":"Western","district":"Nzema East","floods_1m":0,"floods_2m":1,"floods_3m":1,"first_flood_m":2,"nests":true,"area_km2":2.502}},{"type":"Feature","geometry":{"type":"Polygon","coordinates":[[[0.74165,5.8449],[0.72739,5.8449],[0.72739,5.85916],[0.74165,5.85916],[0.74165,5.8449]]]},"properties":{"region":"Volta","district":"Keta","floods_1m":1,"floods_2m":1,"floods_3m":1,"first_flood_m":1,"nests":true,"area_km2":2.501}},{"type":"Feature","geometry":{"type":"Polygon","coordinates":[[[-0.92653,5.23181],[-0.94079,5.23181],[-0.94079,5.24606],[-0.92653,5.24606],[-0.92653,5.23181]]]},"properties":{"region":"Central","district":"Mfantsiman","floods_1m":0,"floods_2m":0,"floods_3m":1,"first_flood_m":3,"nests":true,"area_km2":2.502}},{"type":"Feature","geometry":{"type":"Polygon","coordinates":[[[0.84146,5.97322],[0.82956,5.97322],[0.8294,5.98748],[0.84146,5.98748],[0.84146,5.97322]]]},"properties":{"region":"Volta","district":"Keta","floods_1m":1,"floods_2m":1,"floods_3m":1,"first_flood_m":1,"nests":true,"area_km2":2.101}},{"type":"Feature","geometry":{"type":"Polygon","coordinates":[[[0.71314,5.80212],[0.71208,5.80212],[0.71208,5.80319],[0.71236,5.80319],[0.71236,5.80403],[0.71264,5.80403],[0.71264,5.80486],[0.71292,5.80486],[0.71292,5.80542],[0.71314,5.80542],[0.71314,5.80212]]]},"properties":{"region":"Volta","district":"Keta","floods_1m":1,"floods_2m":1,"floods_3m":1,"first_flood_m":1,"nests":true,"area_km2":0.029}},{"type":"Feature","geometry":{"type":"Polygon","coordinates":[[[-2.8371,5.03792],[-2.83847,5.03792],[-2.83847,5.0382],[-2.83986,5.0382],[-2.83986,5.03847],[-2.84125,5.03847],[-2.84125,5.03875],[-2.84264,5.03875],[-2.84264,5.03903],[-2.84375,5.03903],[-2.84375,5.03931],[-2.84514,5.03931],[-2.84514,5.03958],[-2.84625,5.03958],[-2.84625,5.03986],[-2.84764,5.03986],[-2.84764,5.04014],[-2.84903,5.04014],[-2.84903,5.04042],[-2.85014,5.04042],[-2.85014,5.0407],[-2.85136,5.0407],[-2.85136,5.04645],[-2.8371,5.04645],[-2.8371,5.03792]]]},"properties":{"region":"Western","district":"Jomoro","floods_1m":1,"floods_2m":1,"floods_3m":1,"first_flood_m":1,"nests":true,"area_km2":1.261}},{"type":"Feature","geometry":{"type":"Polygon","coordinates":[[[-0.99782,5.23181],[-1.01208,5.23181],[-1.01208,5.24606],[-0.99782,5.24606],[-0.99782,5.23181]]]},"properties":{"region":"Central","district":"Mfantsiman","floods_1m":1,"floods_2m":1,"floods_3m":1,"first_flood_m":1,"nests":true,"area_km2":2.502}},{"type":"Feature","geometry":{"type":"Polygon","coordinates":[[[0.75591,5.88767],[0.75058,5.88767],[0.751,5.89411],[0.75103,5.90193],[0.75591,5.90193],[0.75591,5.88767]]]},"properties":{"region":"Volta","district":"Keta","floods_1m":1,"floods_2m":1,"floods_3m":1,"first_flood_m":1,"nests":true,"area_km2":0.876}},{"type":"Feature","geometry":{"type":"MultiPolygon","coordinates":[[[[0.91014,6.00174],[0.91236,6.00174],[0.91236,6.00153],[0.91014,6.00153],[0.91014,6.00174]]],[[[0.91275,5.99681],[0.91275,5.99264],[0.91264,5.99264],[0.91264,5.99292],[0.91236,5.99292],[0.91236,5.99319],[0.91208,5.99319],[0.91208,5.99375],[0.9118,5.99375],[0.9118,5.99403],[0.91153,5.99403],[0.91153,5.99431],[0.91125,5.99431],[0.91125,5.99458],[0.91097,5.99458],[0.91097,5.99486],[0.91014,5.99486],[0.91014,5.99514],[0.90875,5.99514],[0.90875,5.99486],[0.90847,5.99486],[0.90847,5.99514],[0.9082,5.99514],[0.9082,5.99542],[0.90708,5.99542],[0.90708,5.99514],[0.9068,5.99514],[0.9068,5.99375],[0.90708,5.99375],[0.90708,5.99236],[0.9068,5.99236],[0.9068,5.99208],[0.90653,5.99208],[0.90653,5.99153],[0.90625,5.99153],[0.90625,5.99125],[0.90542,5.99125],[0.90542,5.99097],[0.90514,5.99097],[0.90514,5.99069],[0.90458,5.99069],[0.90458,5.99042],[0.90319,5.99042],[0.90319,5.98986],[0.90347,5.98986],[0.90347,5.98958],[0.90375,5.98958],[0.90375,5.98931],[0.90403,5.98931],[0.90403,5.98903],[0.9043,5.98903],[0.9043,5.9882],[0.90347,5.9882],[0.90347,5.98847],[0.90236,5.98847],[0.90236,5.98875],[0.90208,5.98875],[0.90208,5.98903],[0.90042,5.98903],[0.90042,5.98875],[0.89986,5.98875],[0.89986,5.98847],[0.89931,5.98847],[0.89931,5.9882],[0.89875,5.9882],[0.89875,5.98792],[0.89849,5.98792],[0.89849,6.00174],[0.90792,6.00174],[0.90792,6.00153],[0.90764,6.00153],[0.90764,6.00097],[0.9082,6.00097],[0.9082,6.00069],[0.90875,6.00069],[0.90875,5.99986],[0.90875,5.99958],[0.90903,5.99958],[0.90903,5.99875],[0.90958,5.99875],[0.90958,5.99819],[0.91014,5.99819],[0.91014,5.99847],[0.91042,5.99847],[0.91042,5.99875],[0.91125,5.99875],[0.91125,5.99847],[0.91153,5.99847],[0.91153,5.99792],[0.9118,5.99792],[0.9118,5.99764],[0.91208,5.99764],[0.91208,5.99708],[0.91236,5.99708],[0.91236,5.99681],[0.91275,5.99681]]]]},"properties":{"region":"Volta","district":"Keta","floods_1m":1,"floods_2m":1,"floods_3m":1,"first_flood_m":1,"nests":true,"area_km2":1.594}},{"type":"Feature","geometry":{"type":"Polygon","coordinates":[[[0.79868,5.83064],[0.78443,5.83064],[0.78443,5.8449],[0.79868,5.8449],[0.79868,5.83064]]]},"properties":{"region":"Volta","district":"Keta","floods_1m":1,"floods_2m":1,"floods_3m":1,"first_flood_m":1,"nests":true,"area_km2":2.499}},{"type":"Feature","geometry":{"type":"Polygon","coordinates":[[[0.84146,5.81638],[0.8272,5.81638],[0.8272,5.83064],[0.84146,5.83064],[0.84146,5.81638]]]},"properties":{"region":"Volta","district":"Keta","floods_1m":1,"floods_2m":1,"floods_3m":1,"first_flood_m":1,"nests":true,"area_km2":2.501}},{"type":"Feature","geometry":{"type":"Polygon","coordinates":[[[-2.26678,4.90387],[-2.28104,4.90387],[-2.28104,4.91813],[-2.26678,4.91813],[-2.26678,4.90387]]]},"properties":{"region":"Western","district":"Nzema East","floods_1m":1,"floods_2m":1,"floods_3m":1,"first_flood_m":1,"nests":true,"area_km2":2.505}},{"type":"Feature","geometry":{"type":"Polygon","coordinates":[[[0.88423,5.80212],[0.86997,5.80212],[0.86997,5.81638],[0.88423,5.81638],[0.88423,5.80212]]]},"properties":{"region":"Volta","district":"Keta","floods_1m":1,"floods_2m":1,"floods_3m":1,"first_flood_m":1,"nests":true,"area_km2":2.501}},{"type":"Feature","geometry":{"type":"Polygon","coordinates":[[[0.89849,6.00174],[0.88423,6.00174],[0.88423,6.01599],[0.89849,6.01599],[0.89849,6.00174]]]},"properties":{"region":"Volta","district":"Keta","floods_1m":1,"floods_2m":1,"floods_3m":1,"first_flood_m":1,"nests":true,"area_km2":2.499}},{"type":"Feature","geometry":{"type":"MultiPolygon","coordinates":[[[[0.89849,5.93042],[0.89849,5.92653],[0.89847,5.92653],[0.89847,5.92569],[0.89792,5.92569],[0.89792,5.92542],[0.89736,5.92542],[0.89736,5.92514],[0.89653,5.92514],[0.89653,5.92486],[0.89569,5.92486],[0.89569,5.92458],[0.89542,5.92458],[0.89542,5.92347],[0.89514,5.92347],[0.89514,5.92292],[0.89542,5.92292],[0.89542,5.92236],[0.89514,5.92236],[0.89514,5.92153],[0.89486,5.92153],[0.89486,5.92097],[0.89458,5.92097],[0.89458,5.92042],[0.89486,5.92042],[0.89486,5.91958],[0.89458,5.91958],[0.89458,5.91764],[0.89431,5.91764],[0.89431,5.91736],[0.89375,5.91736],[0.89375,5.91708],[0.89347,5.91708],[0.89347,5.91681],[0.89319,5.91681],[0.89319,5.91619],[0.88423,5.91619],[0.88423,5.93045],[0.89847,5.93045],[0.89847,5.93042],[0.89849,5.93042]]],[[[0.89849,5.92208],[0.89847,5.92208],[0.89847,5.9218],[0.89764,5.9218],[0.89764,5.92153],[0.89708,5.92153],[0.89708,5.92125],[0.89681,5.92125],[0.89681,5.92097],[0.89625,5.92097],[0.89625,5.92069],[0.89569,5.92069],[0.89569,5.9218],[0.89597,5.9218],[0.89597,5.92236],[0.89653,5.92236],[0.89653,5.92264],[0.89708,5.92264],[0.89708,5.92292],[0.89792,5.92292],[0.89792,5.92319],[0.89849,5.92319],[0.89849,5.92208]]]]},"properties":{"region":"Volta","district":"Keta","floods_1m":1,"floods_2m":1,"floods_3m":1,"first_flood_m":1,"nests":true,"area_km2":2.136}},{"type":"Feature","geometry":{"type":"Polygon","coordinates":[[[0.8272,5.81638],[0.81294,5.81638],[0.81294,5.83064],[0.8272,5.83064],[0.8272,5.81638]]]},"properties":{"region":"Volta","district":"Keta","floods_1m":1,"floods_2m":1,"floods_3m":1,"first_flood_m":1,"nests":true,"area_km2":2.501}},{"type":"Feature","geometry":{"type":"Polygon","coordinates":[[[-2.89413,5.04903],[-2.89458,5.04903],[-2.89458,5.04931],[-2.89597,5.04931],[-2.89597,5.04958],[-2.89736,5.04958],[-2.89736,5.04986],[-2.89875,5.04986],[-2.89875,5.05014],[-2.90014,5.05014],[-2.90014,5.05042],[-2.90153,5.05042],[-2.90153,5.05069],[-2.90292,5.05069],[-2.90292,5.05097],[-2.9043,5.05097],[-2.9043,5.05125],[-2.90569,5.05125],[-2.90569,5.05153],[-2.90708,5.05153],[-2.90708,5.05181],[-2.90839,5.05181],[-2.90839,5.06071],[-2.89413,5.06071],[-2.89413,5.04903]]]},"properties":{"region":"Western","district":"Jomoro","floods_1m":1,"floods_2m":1,"floods_3m":1,"first_flood_m":1,"nests":true,"area_km2":1.793}},{"type":"Feature","geometry":{"type":"Polygon","coordinates":[[[-1.02634,5.23181],[-1.0406,5.23181],[-1.0406,5.24606],[-1.02634,5.24606],[-1.02634,5.23181]]]},"properties":{"region":"Central","district":"Mfantsiman","floods_1m":0,"floods_2m":1,"floods_3m":1,"first_flood_m":2,"nests":true,"area_km2":2.502}},{"type":"Feature","geometry":{"type":"Polygon","coordinates":[[[0.95552,5.81069],[0.95552,5.81638],[0.96125,5.81638],[0.96125,5.81625],[0.96097,5.81625],[0.96097,5.81597],[0.9607,5.81597],[0.9607,5.81569],[0.96014,5.81569],[0.96014,5.81542],[0.95986,5.81542],[0.95986,5.81458],[0.95958,5.81458],[0.95958,5.81431],[0.95931,5.81431],[0.95931,5.81403],[0.95903,5.81403],[0.95903,5.81375],[0.95875,5.81375],[0.95875,5.81347],[0.95847,5.81347],[0.95847,5.81319],[0.95792,5.81319],[0.95792,5.81292],[0.95764,5.81292],[0.95764,5.81236],[0.95736,5.81236],[0.95736,5.81208],[0.95681,5.81208],[0.95681,5.81181],[0.95653,5.81181],[0.95653,5.81153],[0.95625,5.81153],[0.95625,5.81125],[0.95597,5.81125],[0.95597,5.81097],[0.95569,5.81097],[0.95569,5.81069],[0.95552,5.81069]]]},"properties":{"region":"Volta","district":"Keta","floods_1m":1,"floods_2m":1,"floods_3m":1,"first_flood_m":1,"nests":true,"area_km2":0.207}},{"type":"Feature","geometry":{"type":"MultiPolygon","coordinates":[[[[-0.99782,5.2032],[-0.99792,5.2032],[-0.99792,5.20329],[-0.99782,5.20329],[-0.99782,5.2032]]],[[[-1.00403,5.20329],[-0.99847,5.20329],[-0.99847,5.2032],[-0.99986,5.2032],[-1.00403,5.2032],[-1.00403,5.20329]]],[[[-1.01208,5.20097],[-1.01208,5.20329],[-1.00625,5.20329],[-1.00625,5.20264],[-1.00681,5.20264],[-1.00681,5.20236],[-1.00736,5.20236],[-1.00736,5.20264],[-1.00792,5.20264],[-1.00792,5.20208],[-1.00764,5.20208],[-1.00764,5.20181],[-1.00696,5.20181],[-1.00653,5.20181],[-1.00653,5.20208],[-1.00446,5.20208],[-1.00375,5.20208],[-1.00375,5.20181],[-1.00347,5.20181],[-1.00347,5.20097],[-1.00681,5.20097],[-1.00681,5.2007],[-1.00764,5.2007],[-1.00764,5.20097],[-1.00824,5.20097],[-1.01208,5.20097]]],[[[-0.99782,5.20153],[-0.99988,5.20153],[-1.00042,5.20153],[-1.00042,5.20197],[-1.00042,5.20208],[-0.99986,5.20208],[-0.99903,5.20208],[-0.99903,5.20236],[-0.99792,5.20236],[-0.99792,5.20264],[-0.99782,5.20264],[-0.99782,5.20153]]]]},"properties":{"region":"Central","district":"Mfantsiman","floods_1m":1,"floods_2m":1,"floods_3m":1,"first_flood_m":1,"nests":true,"area_km2":0.221}},{"type":"Feature","geometry":{"type":"Polygon","coordinates":[[[0.8272,5.91619],[0.81294,5.91619],[0.81294,5.93045],[0.8272,5.93045],[0.8272,5.91619]]]},"properties":{"region":"Volta","district":"Keta","floods_1m":1,"floods_2m":1,"floods_3m":1,"first_flood_m":1,"nests":true,"area_km2":2.501}},{"type":"Feature","geometry":{"type":"Polygon","coordinates":[[[-0.88376,5.20681],[-0.88875,5.20681],[-0.88875,5.20653],[-0.89042,5.20653],[-0.89042,5.20625],[-0.89292,5.20625],[-0.89292,5.20597],[-0.89597,5.20597],[-0.89597,5.2057],[-0.89736,5.2057],[-0.89736,5.20597],[-0.89802,5.20597],[-0.89802,5.21755],[-0.88376,5.21755],[-0.88376,5.20681]]]},"properties":{"region":"Central","district":"Mfantsiman","floods_1m":1,"floods_2m":1,"floods_3m":1,"first_flood_m":1,"nests":true,"area_km2":1.966}},{"type":"Feature","geometry":{"type":"Polygon","coordinates":[[[0.78443,5.88767],[0.77017,5.88767],[0.77017,5.90193],[0.78443,5.90193],[0.78443,5.88767]]]},"properties":{"region":"Volta","district":"Keta","floods_1m":1,"floods_2m":1,"floods_3m":1,"first_flood_m":1,"nests":true,"area_km2":2.501}},{"type":"Feature","geometry":{"type":"Polygon","coordinates":[[[0.9093,5.88767],[0.89849,5.88767],[0.89849,5.89153],[0.89875,5.89153],[0.89875,5.89181],[0.89903,5.89181],[0.89903,5.89292],[0.90069,5.89292],[0.90069,5.89319],[0.90208,5.89319],[0.90208,5.89347],[0.90264,5.89347],[0.90264,5.89375],[0.90375,5.89375],[0.90375,5.89403],[0.90597,5.89403],[0.90597,5.89375],[0.90625,5.89375],[0.90625,5.89347],[0.90653,5.89347],[0.90653,5.89319],[0.9068,5.89319],[0.9068,5.89153],[0.90708,5.89153],[0.90708,5.89125],[0.90736,5.89125],[0.90736,5.89097],[0.90792,5.89097],[0.90792,5.89069],[0.9082,5.89069],[0.9082,5.89014],[0.90847,5.89014],[0.90847,5.88986],[0.90875,5.88986],[0.90875,5.88931],[0.90903,5.88931],[0.90903,5.88903],[0.9093,5.88903],[0.9093,5.88767]]]},"properties":{"region":"Volta","district":"Keta","floods_1m":1,"floods_2m":1,"floods_3m":1,"first_flood_m":1,"nests":true,"area_km2":0.669}},{"type":"Feature","geometry":{"type":"Polygon","coordinates":[[[0.8272,5.78787],[0.81294,5.78787],[0.81294,5.7892],[0.81294,5.80212],[0.8272,5.80212],[0.8272,5.7892],[0.8272,5.78787]]]},"properties":{"region":"Volta","district":"Keta","floods_1m":1,"floods_2m":1,"floods_3m":1,"first_flood_m":1,"nests":true,"area_km2":2.5}},{"type":"Feature","geometry":{"type":"Polygon","coordinates":[[[-3.05097,5.07958],[-3.05125,5.07958],[-3.05125,5.07986],[-3.05181,5.07986],[-3.05181,5.08014],[-3.05486,5.08014],[-3.05486,5.08042],[-3.05542,5.08042],[-3.05542,5.08069],[-3.05625,5.08069],[-3.05625,5.08097],[-3.05903,5.08097],[-3.05903,5.08125],[-3.05931,5.08125],[-3.05931,5.08153],[-3.06042,5.08153],[-3.06042,5.08181],[-3.06153,5.08181],[-3.06153,5.08208],[-3.06264,5.08208],[-3.06264,5.08236],[-3.06375,5.08236],[-3.06375,5.08264],[-3.06523,5.08264],[-3.06523,5.08923],[-3.05097,5.08923],[-3.05097,5.07958]]]},"properties":{"region":"Western","district":"Jomoro","floods_1m":1,"floods_2m":1,"floods_3m":1,"first_flood_m":1,"nests":true,"area_km2":1.416}},{"type":"Feature","geometry":{"type":"Polygon","coordinates":[[[0.96847,6.00174],[0.96125,6.00174],[0.96125,6.00181],[0.96097,6.00181],[0.96097,6.00236],[0.96125,6.00236],[0.96125,6.00292],[0.96292,6.00292],[0.96292,6.00264],[0.96347,6.00264],[0.96347,6.00236],[0.96625,6.00236],[0.96625,6.00264],[0.9668,6.00264],[0.9668,6.00236],[0.96764,6.00236],[0.96764,6.00208],[0.96792,6.00208],[0.96792,6.00181],[0.96847,6.0018],[0.96847,6.00174]]]},"properties":{"region":"Volta","district":"Keta","floods_1m":1,"floods_2m":1,"floods_3m":1,"first_flood_m":1,"nests":true,"area_km2":0.068}},{"type":"Feature","geometry":{"type":"Polygon","coordinates":[[[-0.80292,5.22125],[-0.80292,5.22042],[-0.80319,5.22042],[-0.80319,5.22014],[-0.80486,5.22014],[-0.80486,5.21986],[-0.80514,5.21986],[-0.80514,5.21773],[-0.80514,5.21764],[-0.80542,5.21764],[-0.80542,5.21755],[-0.81247,5.21755],[-0.81247,5.23181],[-0.80809,5.23181],[-0.80701,5.2288],[-0.80447,5.22373],[-0.80292,5.22125]]]},"properties":{"region":"Central","district":"Mfantsiman","floods_1m":1,"floods_2m":1,"floods_3m":1,"first_flood_m":1,"nests":true,"area_km2":1.234}},{"type":"Feature","geometry":{"type":"Polygon","coordinates":[[[0.8272,5.88767],[0.81294,5.88767],[0.81294,5.90193],[0.8272,5.90193],[0.8272,5.88767]]]},"properties":{"region":"Volta","district":"Keta","floods_1m":1,"floods_2m":1,"floods_3m":1,"first_flood_m":1,"nests":true,"area_km2":2.501}},{"type":"Feature","geometry":{"type":"MultiPolygon","coordinates":[[[[0.86708,5.87341],[0.85572,5.87341],[0.85572,5.88767],[0.86875,5.88767],[0.86875,5.88736],[0.86903,5.88736],[0.86903,5.88597],[0.86875,5.88597],[0.86875,5.88569],[0.86847,5.88569],[0.86847,5.88486],[0.86819,5.88486],[0.86819,5.88458],[0.86792,5.88458],[0.86792,5.88403],[0.86764,5.88403],[0.86764,5.88347],[0.86736,5.88347],[0.86736,5.88292],[0.86764,5.88292],[0.86764,5.88264],[0.86736,5.88264],[0.86736,5.88236],[0.86708,5.88236],[0.86708,5.88208],[0.86681,5.88208],[0.86681,5.8818],[0.86653,5.8818],[0.86653,5.88153],[0.86625,5.88153],[0.86625,5.88125],[0.86597,5.88125],[0.86597,5.8807],[0.86569,5.8807],[0.86569,5.87986],[0.86597,5.87986],[0.86597,5.87958],[0.86681,5.87958],[0.86681,5.8793],[0.86708,5.8793],[0.86708,5.87764],[0.86736,5.87764],[0.86736,5.87736],[0.86764,5.87736],[0.86764,5.87653],[0.86736,5.87653],[0.86736,5.87625],[0.86708,5.87625],[0.86708,5.87597],[0.86681,5.87597],[0.86681,5.87542],[0.86653,5.87542],[0.86653,5.87486],[0.86625,5.87486],[0.86625,5.87458],[0.86597,5.87458],[0.86597,5.87375],[0.86625,5.87375],[0.86625,5.87347],[0.86708,5.87347],[0.86708,5.87341]]],[[[0.86997,5.87903],[0.86997,5.87792],[0.86986,5.87792],[0.86986,5.87903],[0.86997,5.87903]]],[[[0.86997,5.87375],[0.86997,5.87341],[0.86764,5.87341],[0.86764,5.87347],[0.86792,5.87347],[0.86792,5.87375],[0.86819,5.87375],[0.86819,5.87542],[0.86847,5.87542],[0.86847,5.8757],[0.86903,5.8757],[0.86903,5.87514],[0.86931,5.87514],[0.86931,5.87403],[0.86958,5.87403],[0.86958,5.87375],[0.86997,5.87375]]]]},"properties":{"region":"Volta","district":"Keta","floods_1m":1,"floods_2m":1,"floods_3m":1,"first_flood_m":1,"nests":true,"area_km2":2.058}},{"type":"Feature","geometry":{"type":"Polygon","coordinates":[[[0.85572,5.95896],[0.84146,5.95896],[0.84146,5.97322],[0.85572,5.97322],[0.85572,5.95896]]]},"properties":{"region":"Volta","district":"Keta","floods_1m":1,"floods_2m":1,"floods_3m":1,"first_flood_m":1,"nests":true,"area_km2":2.501}},{"type":"Feature","geometry":{"type":"Polygon","coordinates":[[[0.72739,5.78787],[0.72042,5.78787],[0.72042,5.78792],[0.72014,5.78792],[0.72014,5.78847],[0.71986,5.78847],[0.71986,5.78931],[0.71958,5.78931],[0.71958,5.7907],[0.71986,5.7907],[0.71986,5.79153],[0.71958,5.79153],[0.71958,5.79208],[0.7193,5.79208],[0.7193,5.79264],[0.71903,5.79264],[0.71903,5.79292],[0.71875,5.79292],[0.71875,5.79319],[0.71847,5.79319],[0.71847,5.79347],[0.71792,5.79347],[0.71792,5.79375],[0.71764,5.79375],[0.71764,5.79403],[0.71625,5.79403],[0.71625,5.7943],[0.71597,5.7943],[0.71597,5.79458],[0.71514,5.79458],[0.71514,5.7943],[0.71347,5.7943],[0.71347,5.79403],[0.71314,5.79403],[0.71314,5.80212],[0.72739,5.80212],[0.72739,5.7892],[0.72739,5.78787]]]},"properties":{"region":"Volta","district":"Keta","floods_1m":1,"floods_2m":1,"floods_3m":1,"first_flood_m":1,"nests":true,"area_km2":2.011}},{"type":"Feature","geometry":{"type":"Polygon","coordinates":[[[0.88423,5.98264],[0.88423,5.98569],[0.8843,5.98569],[0.8843,5.98486],[0.88458,5.98486],[0.88458,5.98319],[0.8843,5.98319],[0.8843,5.98264],[0.88423,5.98264]]]},"properties":{"region":"Volta","district":"Keta","floods_1m":1,"floods_2m":1,"floods_3m":1,"first_flood_m":1,"nests":true,"area_km2":0.008}},{"type":"Feature","geometry":{"type":"MultiPolygon","coordinates":[[[[-2.92265,5.08923],[-2.92983,5.08923],[-2.92856,5.09051],[-2.93024,5.10247],[-2.93067,5.10348],[-2.92265,5.10348],[-2.92265,5.08923]]],[[[-2.93586,5.08923],[-2.93691,5.08923],[-2.93691,5.08939],[-2.93586,5.08923]]]]},"properties":{"region":"Western","district":"Jomoro","floods_1m":1,"floods_2m":1,"floods_3m":1,"first_flood_m":1,"nests":true,"area_km2":1.196}},{"type":"Feature","geometry":{"type":"Polygon","coordinates":[[[0.86997,6.01599],[0.85572,6.01599],[0.85572,6.03025],[0.86997,6.03025],[0.86997,6.01599]]]},"properties":{"region":"Volta","district":"Keta","floods_1m":1,"floods_2m":1,"floods_3m":1,"first_flood_m":1,"nests":true,"area_km2":2.499}},{"type":"Feature","geometry":{"type":"Polygon","coordinates":[[[-1.18318,5.14014],[-1.18486,5.14014],[-1.18486,5.13986],[-1.18542,5.13986],[-1.18542,5.14236],[-1.18597,5.14236],[-1.18597,5.14208],[-1.18625,5.14208],[-1.18625,5.14153],[-1.18653,5.14153],[-1.18653,5.14125],[-1.18708,5.14125],[-1.18708,5.14014],[-1.18736,5.14014],[-1.18736,5.13986],[-1.18764,5.13986],[-1.18764,5.13958],[-1.18847,5.13958],[-1.18847,5.13931],[-1.18958,5.13931],[-1.18958,5.13903],[-1.19042,5.13903],[-1.19042,5.13875],[-1.19181,5.13875],[-1.19181,5.13847],[-1.19264,5.13847],[-1.19264,5.13819],[-1.19347,5.13819],[-1.19347,5.13792],[-1.19375,5.13792],[-1.19694,5.14324],[-1.19743,5.14395],[-1.19743,5.14626],[-1.18318,5.14626],[-1.18318,5.14014]]]},"properties":{"region":"Central","district":"Mfantsiman","floods_1m":1,"floods_2m":1,"floods_3m":1,"first_flood_m":1,"nests":true,"area_km2":1.102}},{"type":"Feature","geometry":{"type":"Polygon","coordinates":[[[-2.76581,5.02319],[-2.76597,5.02319],[-2.76597,5.02347],[-2.76764,5.02347],[-2.76764,5.02375],[-2.7693,5.02375],[-2.7693,5.02403],[-2.77069,5.02403],[-2.77069,5.02431],[-2.77125,5.02431],[-2.77125,5.02458],[-2.77181,5.02458],[-2.77181,5.02486],[-2.7732,5.02486],[-2.7732,5.02514],[-2.77458,5.02514],[-2.77458,5.02542],[-2.7768,5.02542],[-2.7768,5.02569],[-2.77819,5.02569],[-2.77819,5.02597],[-2.77958,5.02597],[-2.77958,5.02625],[-2.78007,5.02625],[-2.78007,5.03219],[-2.76581,5.03219],[-2.76581,5.02319]]]},"properties":{"region":"Western","district":"Jomoro","floods_1m":1,"floods_2m":1,"floods_3m":1,"first_flood_m":1,"nests":true,"area_km2":1.3}},{"type":"Feature","geometry":{"type":"Polygon","coordinates":[[[0.86997,5.78787],[0.85572,5.78787],[0.85572,5.7892],[0.85572,5.80212],[0.86997,5.80212],[0.86997,5.7892],[0.86997,5.78787]]]},"properties":{"region":"Volta","district":"Keta","floods_1m":1,"floods_2m":1,"floods_3m":1,"first_flood_m":1,"nests":true,"area_km2":2.498}},{"type":"Feature","geometry":{"type":"Polygon","coordinates":[[[-0.91227,5.20542],[-0.91347,5.20542],[-0.91347,5.20514],[-0.92097,5.20514],[-0.92097,5.20486],[-0.92653,5.20486],[-0.92653,5.21755],[-0.91227,5.21755],[-0.91227,5.20542]]]},"properties":{"region":"Central","district":"Mfantsiman","floods_1m":1,"floods_2m":1,"floods_3m":1,"first_flood_m":1,"nests":true,"area_km2":2.194}},{"type":"Feature","geometry":{"type":"Polygon","coordinates":[[[0.74165,5.83064],[0.72739,5.83064],[0.72739,5.8449],[0.74165,5.8449],[0.74165,5.83064]]]},"properties":{"region":"Volta","district":"Keta","floods_1m":1,"floods_2m":1,"floods_3m":1,"first_flood_m":1,"nests":true,"area_km2":2.501}},{"type":"Feature","geometry":{"type":"Polygon","coordinates":[[[0.77017,5.85916],[0.75591,5.85916],[0.75591,5.87341],[0.77017,5.87341],[0.77017,5.85916]]]},"properties":{"region":"Volta","district":"Keta","floods_1m":1,"floods_2m":1,"floods_3m":1,"first_flood_m":1,"nests":true,"area_km2":2.499}},{"type":"Feature","geometry":{"type":"Polygon","coordinates":[[[0.92701,6.02458],[0.92701,6.01599],[0.91275,6.01599],[0.91275,6.027],[0.91338,6.02665],[0.91535,6.02578],[0.91835,6.02505],[0.92151,6.02472],[0.92701,6.02458]]]},"properties":{"region":"Volta","district":"Keta","floods_1m":1,"floods_2m":1,"floods_3m":1,"first_flood_m":1,"nests":true,"area_km2":1.611}},{"type":"Feature","geometry":{"type":"Polygon","coordinates":[[[-0.96931,5.20329],[-0.98356,5.20329],[-0.98356,5.21755],[-0.96931,5.21755],[-0.96931,5.20329]]]},"properties":{"region":"Central","district":"Mfantsiman","floods_1m":1,"floods_2m":1,"floods_3m":1,"first_flood_m":1,"nests":true,"area_km2":2.502}},{"type":"Feature","geometry":{"type":"Polygon","coordinates":[[[0.89849,5.78236],[0.89819,5.78236],[0.89819,5.78208],[0.89597,5.78208],[0.89597,5.78181],[0.89097,5.78181],[0.89097,5.78153],[0.88542,5.78153],[0.88542,5.78125],[0.88423,5.78125],[0.88423,5.78787],[0.89849,5.78787],[0.89849,5.78236]]]},"properties":{"region":"Volta","district":"Keta","floods_1m":1,"floods_2m":1,"floods_3m":1,"first_flood_m":1,"nests":true,"area_km2":1.081}},{"type":"Feature","geometry":{"type":"Polygon","coordinates":[[[0.94126,5.80212],[0.92701,5.80212],[0.92701,5.81625],[0.92708,5.81625],[0.92708,5.81638],[0.94126,5.81638],[0.94126,5.80212]]]},"properties":{"region":"Volta","district":"Keta","floods_1m":1,"floods_2m":1,"floods_3m":1,"first_flood_m":1,"nests":true,"area_km2":2.499}},{"type":"Feature","geometry":{"type":"Polygon","coordinates":[[[0.72739,5.83064],[0.72462,5.83064],[0.72443,5.84345],[0.72443,5.8449],[0.72739,5.8449],[0.72739,5.83064]]]},"properties":{"region":"Volta","district":"Keta","floods_1m":1,"floods_2m":1,"floods_3m":1,"first_flood_m":1,"nests":true,"area_km2":0.504}},{"type":"Feature","geometry":{"type":"Polygon","coordinates":[[[-1.15466,5.15764],[-1.15486,5.15764],[-1.15486,5.15736],[-1.15542,5.15736],[-1.15542,5.15708],[-1.15569,5.15708],[-1.15569,5.15653],[-1.15625,5.15653],[-1.15625,5.15625],[-1.15736,5.15625],[-1.15736,5.15597],[-1.15792,5.15597],[-1.15792,5.1557],[-1.15847,5.1557],[-1.15847,5.15542],[-1.15875,5.15542],[-1.15875,5.15514],[-1.15903,5.15514],[-1.15903,5.15378],[-1.15903,5.15347],[-1.1593,5.15347],[-1.1593,5.1518],[-1.15958,5.1518],[-1.15958,5.15069],[-1.16014,5.15069],[-1.16014,5.15042],[-1.16042,5.15042],[-1.16042,5.15014],[-1.16069,5.15014],[-1.16069,5.14986],[-1.16097,5.14986],[-1.16097,5.1493],[-1.16125,5.1493],[-1.16125,5.14903],[-1.16153,5.14903],[-1.16153,5.14875],[-1.16181,5.14875],[-1.16181,5.14819],[-1.16208,5.14819],[-1.16208,5.14792],[-1.16264,5.14792],[-1.16264,5.14764],[-1.16292,5.14764],[-1.16292,5.14736],[-1.1632,5.14736],[-1.1632,5.14708],[-1.16347,5.14708],[-1.16347,5.1468],[-1.16375,5.1468],[-1.16375,5.14653],[-1.16458,5.14653],[-1.16458,5.14626],[-1.16892,5.14626],[-1.16892,5.16052],[-1.15466,5.16052],[-1.15466,5.15764]]]},"properties":{"region":"Central","district":"Mfantsiman","floods_1m":1,"floods_2m":1,"floods_3m":1,"first_flood_m":1,"nests":true,"area_km2":1.787}},{"type":"Feature","geometry":{"type":"Polygon","coordinates":[[[0.84146,5.87341],[0.8272,5.87341],[0.8272,5.88767],[0.84146,5.88767],[0.84146,5.87341]]]},"properties":{"region":"Volta","district":"Keta","floods_1m":1,"floods_2m":1,"floods_3m":1,"first_flood_m":1,"nests":true,"area_km2":2.501}},{"type":"Feature","geometry":{"type":"Polygon","coordinates":[[[0.94126,5.9818],[0.94126,5.98736],[0.94292,5.98736],[0.94292,5.98708],[0.94347,5.98708],[0.94347,5.9868],[0.94375,5.9868],[0.94375,5.98653],[0.94458,5.98653],[0.94458,5.9868],[0.94903,5.9868],[0.94903,5.98708],[0.95042,5.98708],[0.95042,5.98736],[0.95153,5.98736],[0.95153,5.98748],[0.95264,5.98748],[0.95264,5.98653],[0.95236,5.98653],[0.95236,5.98569],[0.95208,5.98569],[0.95208,5.9843],[0.95236,5.9843],[0.95236,5.98375],[0.95208,5.98375],[0.95208,5.98347],[0.95125,5.98347],[0.95125,5.98319],[0.95097,5.98319],[0.95097,5.98292],[0.95042,5.98292],[0.95042,5.98264],[0.95014,5.98264],[0.95014,5.98153],[0.94847,5.98153],[0.94847,5.98125],[0.94819,5.98125],[0.94819,5.98097],[0.94792,5.98097],[0.94792,5.98014],[0.94681,5.98014],[0.94681,5.97986],[0.94569,5.97986],[0.94569,5.98014],[0.94514,5.98014],[0.94514,5.98042],[0.94458,5.98042],[0.94458,5.98069],[0.94403,5.98069],[0.94403,5.98097],[0.9432,5.98097],[0.94319,5.98125],[0.94208,5.98125],[0.94208,5.98153],[0.94153,5.98153],[0.94153,5.9818],[0.94126,5.9818]]]},"properties":{"region":"Volta","district":"Keta","floods_1m":1,"floods_2m":1,"floods_3m":1,"first_flood_m":1,"nests":true,"area_km2":0.778}},{"type":"Feature","geometry":{"type":"Polygon","coordinates":[[[-3.0082,5.07097],[-3.00875,5.07097],[-3.00875,5.07125],[-3.01208,5.07125],[-3.01208,5.07153],[-3.01403,5.07153],[-3.01403,5.0718],[-3.01431,5.0718],[-3.01431,5.07208],[-3.01542,5.07208],[-3.01542,5.07236],[-3.0157,5.07236],[-3.0157,5.07264],[-3.01625,5.07264],[-3.01625,5.07292],[-3.01764,5.07292],[-3.01764,5.07319],[-3.01986,5.07319],[-3.01986,5.07347],[-3.02097,5.07347],[-3.02097,5.07375],[-3.02236,5.07375],[-3.02236,5.07403],[-3.02246,5.07403],[-3.02246,5.07497],[-3.0082,5.07497],[-3.0082,5.07097]]]},"properties":{"region":"Western","district":"Jomoro","floods_1m":1,"floods_2m":1,"floods_3m":1,"first_flood_m":1,"nests":true,"area_km2":0.464}},{"type":"Feature","geometry":{"type":"Polygon","coordinates":[[[0.91275,5.87486],[0.91275,5.87341],[0.89849,5.87341],[0.89849,5.88767],[0.9093,5.88767],[0.9093,5.88708],[0.90903,5.88708],[0.90903,5.88431],[0.90875,5.88431],[0.90875,5.88375],[0.90847,5.88375],[0.90847,5.88292],[0.90875,5.88292],[0.90875,5.88264],[0.9093,5.88264],[0.9093,5.88236],[0.90958,5.88236],[0.90958,5.88097],[0.9093,5.88097],[0.9093,5.88042],[0.90903,5.88042],[0.90903,5.88014],[0.90875,5.88014],[0.90875,5.87986],[0.90847,5.87986],[0.90847,5.87958],[0.9082,5.87958],[0.9082,5.87903],[0.90792,5.87903],[0.90792,5.87847],[0.90764,5.87847],[0.90764,5.87792],[0.90736,5.87792],[0.90736,5.87736],[0.90708,5.87736],[0.90708,5.8768],[0.90736,5.8768],[0.90736,5.87653],[0.90986,5.87653],[0.90986,5.87625],[0.91042,5.87625],[0.91042,5.87597],[0.91097,5.87597],[0.91097,5.8757],[0.91125,5.8757],[0.91125,5.87542],[0.91153,5.87542],[0.91153,5.87514],[0.9118,5.87514],[0.9118,5.87486],[0.91275,5.87486]]]},"properties":{"region":"Volta","district":"Keta","floods_1m":1,"floods_2m":1,"floods_3m":1,"first_flood_m":1,"nests":true,"area_km2":1.904}},{"type":"Feature","geometry":{"type":"Polygon","coordinates":[[[0.84146,5.83064],[0.8272,5.83064],[0.8272,5.8449],[0.84146,5.8449],[0.84146,5.83064]]]},"properties":{"region":"Volta","district":"Keta","floods_1m":1,"floods_2m":1,"floods_3m":1,"first_flood_m":1,"nests":true,"area_km2":2.501}},{"type":"Feature","geometry":{"type":"Polygon","coordinates":[[[-2.38085,5.00368],[-2.3951,5.00368],[-2.3951,5.01794],[-2.38085,5.01794],[-2.38085,5.00368]]]},"properties":{"region":"Western","district":"Nzema East","floods_1m":0,"floods_2m":0,"floods_3m":1,"first_flood_m":3,"nests":true,"area_km2":2.503}},{"type":"Feature","geometry":{"type":"Polygon","coordinates":[[[0.8272,5.85916],[0.81294,5.85916],[0.81294,5.87341],[0.8272,5.87341],[0.8272,5.85916]]]},"properties":{"region":"Volta","district":"Keta","floods_1m":1,"floods_2m":1,"floods_3m":1,"first_flood_m":1,"nests":true,"area_km2":2.499}},{"type":"Feature","geometry":{"type":"Polygon","coordinates":[[[-1.02634,5.21755],[-1.0406,5.21755],[-1.0406,5.23181],[-1.02634,5.23181],[-1.02634,5.21755]]]},"properties":{"region":"Central","district":"Mfantsiman","floods_1m":1,"floods_2m":1,"floods_3m":1,"first_flood_m":1,"nests":true,"area_km2":2.504}},{"type":"Feature","geometry":{"type":"Polygon","coordinates":[[[0.84146,5.78787],[0.8272,5.78787],[0.8272,5.7892],[0.8272,5.80212],[0.84146,5.80212],[0.84146,5.7892],[0.84146,5.78787]]]},"properties":{"region":"Volta","district":"Keta","floods_1m":1,"floods_2m":1,"floods_3m":1,"first_flood_m":1,"nests":true,"area_km2":2.5}},{"type":"Feature","geometry":{"type":"Polygon","coordinates":[[[0.77017,5.83064],[0.75591,5.83064],[0.75591,5.8449],[0.77017,5.8449],[0.77017,5.83064]]]},"properties":{"region":"Volta","district":"Keta","floods_1m":1,"floods_2m":1,"floods_3m":1,"first_flood_m":1,"nests":true,"area_km2":2.501}},{"type":"Feature","geometry":{"type":"Polygon","coordinates":[[[0.72739,5.8449],[0.72443,5.8449],[0.72443,5.85067],[0.72501,5.85765],[0.72544,5.85916],[0.72739,5.85916],[0.72739,5.8449]]]},"properties":{"region":"Volta","district":"Keta","floods_1m":1,"floods_2m":1,"floods_3m":1,"first_flood_m":1,"nests":true,"area_km2":0.48}},{"type":"Feature","geometry":{"type":"Polygon","coordinates":[[[-2.95117,5.06071],[-2.95459,5.06071],[-2.95459,5.06097],[-2.95597,5.06097],[-2.95597,5.06125],[-2.95708,5.06125],[-2.95708,5.06153],[-2.95847,5.06153],[-2.95847,5.06181],[-2.95986,5.06181],[-2.95986,5.06208],[-2.96125,5.06208],[-2.96125,5.06236],[-2.96264,5.06236],[-2.96264,5.06264],[-2.96403,5.06264],[-2.96403,5.06292],[-2.96486,5.06292],[-2.96486,5.0632],[-2.96542,5.0632],[-2.96542,5.06347],[-2.96542,5.06347],[-2.96542,5.07497],[-2.95117,5.07497],[-2.95117,5.06071]]]},"properties":{"region":"Western","district":"Jomoro","floods_1m":1,"floods_2m":1,"floods_3m":1,"first_flood_m":1,"nests":true,"area_km2":2.333}},{"type":"Feature","geometry":{"type":"Polygon","coordinates":[[[0.94126,5.98736],[0.94126,5.9818],[0.94097,5.9818],[0.94097,5.98208],[0.94042,5.98208],[0.94042,5.98236],[0.94014,5.98236],[0.94014,5.98264],[0.93986,5.98264],[0.93986,5.98292],[0.93958,5.98292],[0.93958,5.98319],[0.93931,5.98319],[0.93931,5.98347],[0.93875,5.98347],[0.93875,5.98375],[0.93792,5.98375],[0.93792,5.98403],[0.93681,5.98403],[0.93681,5.9843],[0.93597,5.9843],[0.93597,5.98458],[0.93569,5.98458],[0.93569,5.98486],[0.93542,5.98486],[0.93542,5.98514],[0.93375,5.98514],[0.93375,5.98542],[0.93319,5.98542],[0.93319,5.98569],[0.93292,5.98569],[0.93292,5.98597],[0.93236,5.98597],[0.93236,5.98625],[0.9318,5.98625],[0.9318,5.98653],[0.93125,5.98653],[0.93125,5.9868],[0.93069,5.9868],[0.93069,5.98708],[0.93014,5.98708],[0.93014,5.98736],[0.92986,5.98736],[0.92986,5.98748],[0.93792,5.98748],[0.93792,5.98736],[0.93819,5.98736],[0.93819,5.98708],[0.94125,5.98708],[0.94125,5.98736],[0.94126,5.98736]]]},"properties":{"region":"Volta","district":"Keta","floods_1m":1,"floods_2m":1,"floods_3m":1,"first_flood_m":1,"nests":true,"area_km2":0.371}},{"type":"Feature","geometry":{"type":"Polygon","coordinates":[[[0.75591,5.85916],[0.74165,5.85916],[0.74165,5.87341],[0.75591,5.87341],[0.75591,5.85916]]]},"properties":{"region":"Volta","district":"Keta","floods_1m":1,"floods_2m":1,"floods_3m":1,"first_flood_m":1,"nests":true,"area_km2":2.499}},{"type":"Feature","geometry":{"type":"Polygon","coordinates":[[[0.90208,5.81638],[0.89849,5.81638],[0.89849,5.82597],[0.89931,5.82597],[0.89931,5.82542],[0.89958,5.82542],[0.89958,5.82514],[0.90014,5.82514],[0.90014,5.82486],[0.90069,5.82486],[0.90069,5.82431],[0.90097,5.82431],[0.90097,5.82403],[0.90125,5.82403],[0.90125,5.82319],[0.90153,5.82319],[0.90153,5.82292],[0.90181,5.82292],[0.90181,5.82264],[0.90208,5.82264],[0.90208,5.82153],[0.90181,5.82153],[0.90181,5.82097],[0.90208,5.82097],[0.90208,5.82042],[0.90236,5.82042],[0.90236,5.82014],[0.90208,5.82014],[0.90208,5.81792],[0.90236,5.81792],[0.90236,5.81736],[0.90208,5.81736],[0.90208,5.81638]]]},"properties":{"region":"Volta","district":"Keta","floods_1m":1,"floods_2m":1,"floods_3m":1,"first_flood_m":1,"nests":true,"area_km2":0.366}},{"type":"Feature","geometry":{"type":"Polygon","coordinates":[[[0.85572,5.90193],[0.84146,5.90193],[0.84146,5.91619],[0.85572,5.91619],[0.85572,5.90193]]]},"properties":{"region":"Volta","district":"Keta","floods_1m":1,"floods_2m":1,"floods_3m":1,"first_flood_m":1,"nests":true,"area_km2":2.501}},{"type":"Feature","geometry":{"type":"Polygon","coordinates":[[[-2.90839,5.05181],[-2.90847,5.05181],[-2.90847,5.05208],[-2.90986,5.05208],[-2.90986,5.05236],[-2.91125,5.05236],[-2.91125,5.05264],[-2.91264,5.05264],[-2.91264,5.05292],[-2.91403,5.05292],[-2.91403,5.05319],[-2.91542,5.05319],[-2.91542,5.05347],[-2.91681,5.05347],[-2.91681,5.05375],[-2.91819,5.05375],[-2.91819,5.05403],[-2.91931,5.05403],[-2.91931,5.05431],[-2.92069,5.05431],[-2.92069,5.05458],[-2.92208,5.05458],[-2.92208,5.05486],[-2.92265,5.05486],[-2.92265,5.06071],[-2.90839,5.06071],[-2.90839,5.05181]]]},"properties":{"region":"Western","district":"Jomoro","floods_1m":1,"floods_2m":1,"floods_3m":1,"first_flood_m":1,"nests":true,"area_km2":1.289}},{"type":"Feature","geometry":{"type":"Polygon","coordinates":[[[0.96978,6.00069],[0.96978,5.99819],[0.96958,5.99819],[0.96958,5.99792],[0.96903,5.99792],[0.96903,5.99764],[0.96736,5.99764],[0.96736,5.99736],[0.96653,5.99736],[0.96653,5.99764],[0.96542,5.99764],[0.96542,5.99792],[0.9643,5.99792],[0.9643,5.99819],[0.96347,5.99819],[0.96347,5.99847],[0.9632,5.99847],[0.9632,5.99875],[0.96292,5.99875],[0.96292,5.99903],[0.96236,5.99903],[0.96236,5.99931],[0.96208,5.99931],[0.96208,5.99958],[0.9618,5.99958],[0.9618,6.00014],[0.9618,6.00069],[0.96153,6.00069],[0.96153,6.00125],[0.96125,6.00125],[0.96125,6.00174],[0.96847,6.00174],[0.96847,6.00153],[0.96903,6.00153],[0.96903,6.00125],[0.9693,6.00125],[0.9693,6.00069],[0.96978,6.00069]]]},"properties":{"region":"Volta","district":"Keta","floods_1m":1,"floods_2m":1,"floods_3m":1,"first_flood_m":1,"nests":true,"area_km2":0.36}},{"type":"Feature","geometry":{"type":"Polygon","coordinates":[[[-1.0406,5.19986],[-1.04264,5.19986],[-1.04264,5.19958],[-1.04458,5.19958],[-1.04458,5.19931],[-1.04986,5.19931],[-1.04986,5.19903],[-1.05485,5.19903],[-1.05485,5.20329],[-1.0406,5.20329],[-1.0406,5.19986]]]},"properties":{"region":"Central","district":"Mfantsiman","floods_1m":0,"floods_2m":0,"floods_3m":1,"first_flood_m":3,"nests":true,"area_km2":0.695}},{"type":"Feature","geometry":{"type":"Polygon","coordinates":[[[0.91275,6.027],[0.91275,6.01599],[0.89849,6.01599],[0.89849,6.03025],[0.90666,6.03025],[0.90768,6.02983],[0.91275,6.027]]]},"properties":{"region":"Volta","district":"Keta","floods_1m":1,"floods_2m":1,"floods_3m":1,"first_flood_m":1,"nests":true,"area_km2":2.383}},{"type":"Feature","geometry":{"type":"Polygon","coordinates":[[[-3.09375,5.08923],[-3.09764,5.08923],[-3.09764,5.0893],[-3.09875,5.0893],[-3.09875,5.08958],[-3.09958,5.08958],[-3.09958,5.08986],[-3.10069,5.08986],[-3.10069,5.09014],[-3.10153,5.09014],[-3.10153,5.09042],[-3.10292,5.09042],[-3.10292,5.09069],[-3.10431,5.09069],[-3.10431,5.09097],[-3.10569,5.09097],[-3.10569,5.09125],[-3.10736,5.09125],[-3.10736,5.09153],[-3.108,5.09153],[-3.108,5.10348],[-3.09375,5.10348],[-3.09375,5.08923]]]},"properties":{"region":"Western","district":"Jomoro","floods_1m":1,"floods_2m":1,"floods_3m":1,"first_flood_m":1,"nests":true,"area_km2":2.344}},{"type":"Feature","geometry":{"type":"MultiPolygon","coordinates":[[[[0.92701,6.01347],[0.92597,6.01347],[0.92597,6.01375],[0.92375,6.01375],[0.92375,6.01403],[0.92236,6.01403],[0.92236,6.01431],[0.92097,6.01431],[0.92097,6.01458],[0.92042,6.01458],[0.92042,6.01431],[0.92014,6.01431],[0.92014,6.01403],[0.91986,6.01403],[0.91986,6.01347],[0.91958,6.01347],[0.91958,6.0132],[0.91903,6.0132],[0.91903,6.01292],[0.91875,6.01292],[0.91875,6.01264],[0.91847,6.01264],[0.91847,6.01181],[0.91819,6.01181],[0.91819,6.01097],[0.91791,6.01097],[0.91791,6.01069],[0.91764,6.01069],[0.91764,6.00986],[0.91791,6.00986],[0.91791,6.0093],[0.91819,6.0093],[0.91819,6.00875],[0.91875,6.00875],[0.91875,6.00847],[0.91903,6.00847],[0.91903,6.00819],[0.91958,6.00819],[0.91958,6.00764],[0.91986,6.00764],[0.91986,6.00736],[0.92014,6.00736],[0.92014,6.0068],[0.91986,6.0068],[0.91986,6.00597],[0.91958,6.00597],[0.91958,6.00514],[0.91931,6.00514],[0.91931,6.00486],[0.91875,6.00486],[0.91875,6.00458],[0.91791,6.00458],[0.91791,6.0043],[0.91736,6.0043],[0.91736,6.00403],[0.91681,6.00403],[0.91681,6.00375],[0.91625,6.00375],[0.91625,6.00347],[0.91514,6.00347],[0.91514,6.00319],[0.91458,6.00319],[0.91458,6.00292],[0.91403,6.00292],[0.91403,6.00264],[0.91375,6.00264],[0.91375,6.00236],[0.91347,6.00236],[0.91347,6.00208],[0.91292,6.00208],[0.91292,6.00181],[0.91275,6.00181],[0.91275,6.01599],[0.92701,6.01599],[0.92701,6.01347]]],[[[0.92701,6.00875],[0.92681,6.00875],[0.92681,6.00903],[0.92701,6.00903],[0.92701,6.00875]]],[[[0.92701,6.00625],[0.92701,6.00319],[0.92681,6.00319],[0.92681,6.00292],[0.92653,6.00292],[0.92653,6.00236],[0.92625,6.00236],[0.92625,6.00181],[0.92542,6.00181],[0.92542,6.00514],[0.92569,6.00514],[0.92569,6.00542],[0.92597,6.00542],[0.92597,6.00569],[0.92625,6.00569],[0.92625,6.00597],[0.92653,6.00597],[0.92653,6.00625],[0.92701,6.00625]]]]},"properties":{"region":"Volta","district":"Keta","floods_1m":1,"floods_2m":1,"floods_3m":1,"first_flood_m":1,"nests":true,"area_km2":1.22}},{"type":"Feature","geometry":{"type":"Polygon","coordinates":[[[-1.01208,5.20097],[-1.01986,5.20097],[-1.01986,5.2007],[-1.02292,5.2007],[-1.02292,5.20042],[-1.02347,5.20042],[-1.02347,5.2007],[-1.02634,5.2007],[-1.02634,5.20329],[-1.01208,5.20329],[-1.01208,5.20097]]]},"properties":{"region":"Central","district":"Mfantsiman","floods_1m":0,"floods_2m":1,"floods_3m":1,"first_flood_m":2,"nests":true,"area_km2":0.431}},{"type":"Feature","geometry":{"type":"Polygon","coordinates":[[[0.85572,5.93045],[0.84146,5.93045],[0.84146,5.9447],[0.85572,5.9447],[0.85572,5.93045]]]},"properties":{"region":"Volta","district":"Keta","floods_1m":1,"floods_2m":1,"floods_3m":1,"first_flood_m":1,"nests":true,"area_km2":2.499}},{"type":"Feature","geometry":{"type":"Polygon","coordinates":[[[0.96978,5.82681],[0.96978,5.83064],[0.97264,5.83064],[0.97264,5.82986],[0.97236,5.82986],[0.97236,5.82958],[0.97208,5.82958],[0.97208,5.82903],[0.97181,5.82903],[0.97181,5.82875],[0.97153,5.82875],[0.97153,5.82847],[0.97125,5.82847],[0.97125,5.8282],[0.97097,5.8282],[0.97097,5.82792],[0.97069,5.82792],[0.97069,5.82764],[0.97042,5.82764],[0.97042,5.82736],[0.97014,5.82736],[0.97014,5.82708],[0.96986,5.82708],[0.96986,5.82681],[0.96978,5.82681]]]},"properties":{"region":"Volta","district":"Keta","floods_1m":1,"floods_2m":1,"floods_3m":1,"first_flood_m":1,"nests":true,"area_km2":0.081}},{"type":"Feature","geometry":{"type":"Polygon","coordinates":[[[-0.96931,5.21755],[-0.98356,5.21755],[-0.98356,5.23181],[-0.96931,5.23181],[-0.96931,5.21755]]]},"properties":{"region":"Central","district":"Mfantsiman","floods_1m":1,"floods_2m":1,"floods_3m":1,"first_flood_m":1,"nests":true,"area_km2":2.502}},{"type":"Feature","geometry":{"type":"Polygon","coordinates":[[[0.78443,5.77236],[0.78403,5.77236],[0.78403,5.77264],[0.7807,5.77264],[0.7807,5.77292],[0.77875,5.77292],[0.77875,5.77264],[0.7782,5.77264],[0.7782,5.77236],[0.7768,5.77236],[0.7768,5.77208],[0.77625,5.77208],[0.77625,5.7718],[0.77486,5.7718],[0.77486,5.77153],[0.77153,5.77153],[0.77153,5.7718],[0.77017,5.7718],[0.77017,5.77361],[0.78443,5.77361],[0.78443,5.77236]]]},"properties":{"region":"Volta","district":"Keta","floods_1m":1,"floods_2m":1,"floods_3m":1,"first_flood_m":1,"nests":true,"area_km2":0.247}},{"type":"Feature","geometry":{"type":"Polygon","coordinates":[[[-0.95505,5.20329],[-0.96931,5.20329],[-0.96931,5.21755],[-0.95505,5.21755],[-0.95505,5.20329]]]},"properties":{"region":"Central","district":"Mfantsiman","floods_1m":0,"floods_2m":1,"floods_3m":1,"first_flood_m":2,"nests":true,"area_km2":2.504}},{"type":"Feature","geometry":{"type":"Polygon","coordinates":[[[0.88423,5.91619],[0.86997,5.91619],[0.86997,5.93045],[0.88423,5.93045],[0.88423,5.91619]]]},"properties":{"region":"Volta","district":"Keta","floods_1m":1,"floods_2m":1,"floods_3m":1,"first_flood_m":1,"nests":true,"area_km2":2.501}},{"type":"Feature","geometry":{"type":"Polygon","coordinates":[[[0.75591,5.91619],[0.75109,5.91619],[0.75113,5.92499],[0.75591,5.92539],[0.75591,5.91619]]]},"properties":{"region":"Volta","district":"Keta","floods_1m":1,"floods_2m":1,"floods_3m":1,"first_flood_m":1,"nests":true,"area_km2":0.531}},{"type":"Feature","geometry":{"type":"Polygon","coordinates":[[[0.84146,5.77681],[0.83986,5.77681],[0.83986,5.77653],[0.83736,5.77653],[0.83736,5.77625],[0.83514,5.77625],[0.83514,5.77597],[0.83347,5.77597],[0.83347,5.77569],[0.8318,5.77569],[0.8318,5.77542],[0.83125,5.77542],[0.83125,5.77514],[0.83097,5.77514],[0.83097,5.77486],[0.83014,5.77486],[0.83014,5.77458],[0.82958,5.77458],[0.82958,5.7743],[0.82819,5.7743],[0.82819,5.77403],[0.8272,5.77403],[0.8272,5.78787],[0.84146,5.78787],[0.84146,5.77681]]]},"properties":{"region":"Volta","district":"Keta","floods_1m":1,"floods_2m":1,"floods_3m":1,"first_flood_m":1,"nests":true,"area_km2":2.132}},{"type":"Feature","geometry":{"type":"Polygon","coordinates":[[[0.86997,5.77986],[0.86931,5.77986],[0.86931,5.77958],[0.86681,5.77958],[0.86681,5.77931],[0.86403,5.77931],[0.86403,5.77903],[0.86375,5.77903],[0.86375,5.77875],[0.86292,5.77875],[0.86292,5.77903],[0.86264,5.77903],[0.86264,5.77931],[0.86236,5.77931],[0.86236,5.77986],[0.86264,5.77986],[0.86264,5.78014],[0.86236,5.78014],[0.86236,5.78042],[0.86208,5.78042],[0.86208,5.78069],[0.86181,5.78069],[0.86181,5.78097],[0.86153,5.78097],[0.86153,5.78125],[0.86014,5.78125],[0.86014,5.78153],[0.85875,5.78153],[0.85875,5.78181],[0.85625,5.78181],[0.85625,5.78153],[0.85597,5.78153],[0.85597,5.78125],[0.85572,5.78125],[0.85572,5.78787],[0.86997,5.78787],[0.86997,5.77986]]]},"properties":{"region":"Volta","district":"Keta","floods_1m":1,"floods_2m":1,"floods_3m":1,"first_flood_m":1,"nests":true,"area_km2":1.319}},{"type":"Feature","geometry":{"type":"Polygon","coordinates":[[[0.89849,5.93236],[0.89849,5.93403],[0.89931,5.93403],[0.89931,5.9332],[0.89958,5.9332],[0.89958,5.93236],[0.89849,5.93236]]]},"properties":{"region":"Volta","district":"Keta","floods_1m":1,"floods_2m":1,"floods_3m":1,"first_flood_m":1,"nests":true,"area_km2":0.02}},{"type":"Feature","geometry":{"type":"Polygon","coordinates":[[[-0.84098,5.21755],[-0.85524,5.21755],[-0.85524,5.23181],[-0.84098,5.23181],[-0.84098,5.21755]]]},"properties":{"region":"Central","district":"Mfantsiman","floods_1m":0,"floods_2m":0,"floods_3m":1,"first_flood_m":3,"nests":true,"area_km2":2.504}},{"type":"Feature","geometry":{"type":"Polygon","coordinates":[[[0.81294,5.8449],[0.79868,5.8449],[0.79868,5.85916],[0.81294,5.85916],[0.81294,5.8449]]]},"properties":{"region":"Volta","district":"Keta","floods_1m":1,"floods_2m":1,"floods_3m":1,"first_flood_m":1,"nests":true,"area_km2":2.501}},{"type":"Feature","geometry":{"type":"Polygon","coordinates":[[[0.75591,5.90193],[0.75103,5.90193],[0.75109,5.91619],[0.75591,5.91619],[0.75591,5.90193]]]},"properties":{"region":"Volta","district":"Keta","floods_1m":1,"floods_2m":1,"floods_3m":1,"first_flood_m":1,"nests":true,"area_km2":0.851}},{"type":"Feature","geometry":{"type":"Polygon","coordinates":[[[0.84146,5.95896],[0.82791,5.95896],[0.82828,5.95976],[0.82906,5.96292],[0.82942,5.96625],[0.82956,5.97312],[0.82956,5.97322],[0.84146,5.97322],[0.84146,5.95896]]]},"properties":{"region":"Volta","district":"Keta","floods_1m":1,"floods_2m":1,"floods_3m":1,"first_flood_m":1,"nests":true,"area_km2":2.155}},{"type":"Feature","geometry":{"type":"Polygon","coordinates":[[[0.79868,5.88767],[0.78443,5.88767],[0.78443,5.90193],[0.79868,5.90193],[0.79868,5.88767]]]},"properties":{"region":"Volta","district":"Keta","floods_1m":1,"floods_2m":1,"floods_3m":1,"first_flood_m":1,"nests":true,"area_km2":2.499}},{"type":"Feature","geometry":{"type":"Polygon","coordinates":[[[0.88423,5.8257],[0.88423,5.82319],[0.88347,5.82319],[0.88347,5.82292],[0.88319,5.82292],[0.88319,5.82319],[0.88292,5.82319],[0.88292,5.82347],[0.88097,5.82347],[0.88097,5.82319],[0.88014,5.82319],[0.88014,5.82292],[0.87931,5.82292],[0.87931,5.82264],[0.87819,5.82264],[0.87819,5.82236],[0.87792,5.82236],[0.87792,5.82125],[0.87819,5.82125],[0.87819,5.82097],[0.87903,5.82097],[0.87903,5.82125],[0.87931,5.82125],[0.87931,5.82208],[0.87958,5.82208],[0.87958,5.82236],[0.88042,5.82236],[0.88042,5.82208],[0.88125,5.82208],[0.88125,5.8218],[0.88208,5.8218],[0.88208,5.82208],[0.88236,5.82208],[0.88236,5.82153],[0.88264,5.82153],[0.88264,5.82125],[0.88319,5.82125],[0.88319,5.82153],[0.88347,5.82153],[0.88347,5.8218],[0.88403,5.8218],[0.88403,5.82208],[0.88423,5.82208],[0.88423,5.81638],[0.86997,5.81638],[0.86997,5.83064],[0.87764,5.83064],[0.87764,5.83042],[0.87792,5.83042],[0.87792,5.82986],[0.87819,5.82986],[0.87819,5.82958],[0.87903,5.82958],[0.87903,5.82986],[0.87986,5.82986],[0.87986,5.82958],[0.88069,5.82958],[0.88069,5.82931],[0.88125,5.82931],[0.88125,5.82875],[0.88153,5.82875],[0.88153,5.82847],[0.88236,5.82847],[0.88236,5.8282],[0.88264,5.8282],[0.88264,5.82792],[0.88319,5.82792],[0.88319,5.82736],[0.88375,5.82736],[0.88375,5.82653],[0.88403,5.82653],[0.88403,5.8257],[0.88423,5.8257]]]},"properties":{"region":"Volta","district":"Keta","floods_1m":1,"floods_2m":1,"floods_3m":1,"first_flood_m":1,"nests":true,"area_km2":2.247}},{"type":"Feature","geometry":{"type":"Polygon","coordinates":[[[-1.16892,5.14626],[-1.18318,5.14626],[-1.18318,5.16052],[-1.16892,5.16052],[-1.16892,5.14626]]]},"properties":{"region":"Central","district":"Mfantsiman","floods_1m":0,"floods_2m":1,"floods_3m":1,"first_flood_m":2,"nests":true,"area_km2":2.504}},{"type":"Feature","geometry":{"type":"Polygon","coordinates":[[[0.85572,5.88767],[0.84146,5.88767],[0.84146,5.90193],[0.85572,5.90193],[0.85572,5.88767]]]},"properties":{"region":"Volta","district":"Keta","floods_1m":1,"floods_2m":1,"floods_3m":1,"first_flood_m":1,"nests":true,"area_km2":2.501}},{"type":"Feature","geometry":{"type":"Polygon","coordinates":[[[0.72739,5.77347],[0.72736,5.77347],[0.72736,5.77319],[0.7268,5.77319],[0.7268,5.77347],[0.72542,5.77347],[0.72542,5.77319],[0.7243,5.77319],[0.7243,5.77292],[0.72375,5.77292],[0.72375,5.77264],[0.72236,5.77264],[0.72236,5.77236],[0.7182,5.77236],[0.7182,5.77264],[0.71764,5.77264],[0.71764,5.77292],[0.7157,5.77292],[0.7157,5.77319],[0.71486,5.77319],[0.71486,5.77361],[0.72739,5.77361],[0.72739,5.77347]]]},"properties":{"region":"Volta","district":"Keta","floods_1m":1,"floods_2m":1,"floods_3m":1,"first_flood_m":1,"nests":true,"area_km2":0.124}},{"type":"Feature","geometry":{"type":"Polygon","coordinates":[[[-2.97968,5.08255],[-2.97968,5.07497],[-2.99394,5.07497],[-2.99394,5.08923],[-2.98717,5.08923],[-2.97968,5.08255]]]},"properties":{"region":"Western","district":"Jomoro","floods_1m":0,"floods_2m":0,"floods_3m":1,"first_flood_m":3,"nests":true,"area_km2":2.196}},{"type":"Feature","geometry":{"type":"Polygon","coordinates":[[[0.74165,5.85916],[0.72739,5.85916],[0.72739,5.86335],[0.73035,5.86703],[0.7354,5.87142],[0.73818,5.87318],[0.73866,5.87341],[0.74165,5.87341],[0.74165,5.85916]]]},"properties":{"region":"Volta","district":"Keta","floods_1m":1,"floods_2m":1,"floods_3m":1,"first_flood_m":1,"nests":true,"area_km2":1.902}},{"type":"Feature","geometry":{"type":"Polygon","coordinates":[[[-1.16892,5.14375],[-1.16931,5.14375],[-1.16931,5.14347],[-1.16986,5.14347],[-1.16986,5.1432],[-1.17042,5.1432],[-1.17042,5.14292],[-1.17097,5.14292],[-1.17097,5.14264],[-1.17238,5.14267],[-1.17236,5.14236],[-1.17295,5.14243],[-1.17292,5.14208],[-1.17377,5.14208],[-1.17403,5.14208],[-1.17403,5.14197],[-1.17403,5.14181],[-1.17458,5.14181],[-1.17458,5.14153],[-1.17523,5.14153],[-1.17597,5.14153],[-1.17597,5.14125],[-1.17847,5.14125],[-1.17847,5.14097],[-1.18069,5.14097],[-1.18069,5.14069],[-1.18097,5.14069],[-1.18097,5.14042],[-1.18181,5.14042],[-1.18181,5.14014],[-1.18318,5.14014],[-1.18318,5.14626],[-1.16892,5.14626],[-1.16892,5.14375]]]},"properties":{"region":"Central","district":"Mfantsiman","floods_1m":1,"floods_2m":1,"floods_3m":1,"first_flood_m":1,"nests":true,"area_km2":0.813}},{"type":"Feature","geometry":{"type":"Polygon","coordinates":[[[0.88423,5.85916],[0.86997,5.85916],[0.86997,5.87341],[0.88423,5.87341],[0.88423,5.85916]]]},"properties":{"region":"Volta","district":"Keta","floods_1m":1,"floods_2m":1,"floods_3m":1,"first_flood_m":1,"nests":true,"area_km2":2.499}},{"type":"Feature","geometry":{"type":"Polygon","coordinates":[[[-2.99394,5.06847],[-2.99458,5.06847],[-2.99458,5.06875],[-2.99597,5.06875],[-2.99597,5.06903],[-2.99764,5.06903],[-2.99764,5.0693],[-2.99986,5.0693],[-3.00097,5.0693],[-3.00097,5.06958],[-3.00181,5.06958],[-3.00181,5.06986],[-3.00292,5.06986],[-3.00292,5.07014],[-3.00431,5.07014],[-3.00431,5.07042],[-3.00708,5.07042],[-3.00708,5.07069],[-3.00792,5.07069],[-3.00792,5.07097],[-3.0082,5.07097],[-3.0082,5.07497],[-2.99394,5.07497],[-2.99394,5.06847]]]},"properties":{"region":"Western","district":"Jomoro","floods_1m":1,"floods_2m":1,"floods_3m":1,"first_flood_m":1,"nests":true,"area_km2":0.934}},{"type":"Feature","geometry":{"type":"Polygon","coordinates":[[[0.84146,5.98748],[0.8294,5.98748],[0.82923,6.00174],[0.84146,6.00174],[0.84146,5.98748]]]},"properties":{"region":"Volta","district":"Keta","floods_1m":1,"floods_2m":1,"floods_3m":1,"first_flood_m":1,"nests":true,"area_km2":2.13}},{"type":"Feature","geometry":{"type":"Polygon","coordinates":[[[0.8272,5.8449],[0.81294,5.8449],[0.81294,5.85916],[0.8272,5.85916],[0.8272,5.8449]]]},"properties":{"region":"Volta","district":"Keta","floods_1m":1,"floods_2m":1,"floods_3m":1,"first_flood_m":1,"nests":true,"area_km2":2.501}},{"type":"Feature","geometry":{"type":"Polygon","coordinates":[[[0.85572,5.87341],[0.84146,5.87341],[0.84146,5.88767],[0.85572,5.88767],[0.85572,5.87341]]]},"properties":{"region":"Volta","district":"Keta","floods_1m":1,"floods_2m":1,"floods_3m":1,"first_flood_m":1,"nests":true,"area_km2":2.501}},{"type":"Feature","geometry":{"type":"MultiPolygon","coordinates":[[[[0.94931,6.00174],[0.95153,6.00174],[0.95153,6.00153],[0.95125,6.00153],[0.95125,6.00125],[0.95069,6.00125],[0.95069,6.00097],[0.94986,6.00097],[0.94986,6.00125],[0.94958,6.00125],[0.94958,6.00153],[0.94931,6.00153],[0.94931,6.00174]]],[[[0.95264,5.98748],[0.95153,5.98748],[0.95153,5.98764],[0.95264,5.98764],[0.95264,5.98748]]]]},"properties":{"region":"Volta","district":"Keta","floods_1m":1,"floods_2m":1,"floods_3m":1,"first_flood_m":1,"nests":true,"area_km2":0.017}},{"type":"Feature","geometry":{"type":"Polygon","coordinates":[[[-0.96931,5.20208],[-0.97708,5.20208],[-0.97708,5.20181],[-0.98319,5.20181],[-0.98319,5.20153],[-0.98356,5.20153],[-0.98356,5.20329],[-0.96931,5.20329],[-0.96931,5.20208]]]},"properties":{"region":"Central","district":"Mfantsiman","floods_1m":0,"floods_2m":1,"floods_3m":1,"first_flood_m":2,"nests":true,"area_km2":0.235}},{"type":"Feature","geometry":{"type":"Polygon","coordinates":[[[0.77017,5.77361],[0.75591,5.77361],[0.75591,5.78787],[0.77017,5.78787],[0.77017,5.77361]]]},"properties":{"region":"Volta","district":"Keta","floods_1m":1,"floods_2m":1,"floods_3m":1,"first_flood_m":1,"nests":true,"area_km2":2.501}},{"type":"Feature","geometry":{"type":"Polygon","coordinates":[[[0.89849,5.80212],[0.88423,5.80212],[0.88423,5.81638],[0.89849,5.81638],[0.89849,5.80212]]]},"properties":{"region":"Volta","district":"Keta","floods_1m":1,"floods_2m":1,"floods_3m":1,"first_flood_m":1,"nests":true,"area_km2":2.501}},{"type":"Feature","geometry":{"type":"Polygon","coordinates":[[[0.95552,5.81638],[0.94126,5.81638],[0.94126,5.82097],[0.94153,5.82097],[0.94153,5.82125],[0.94181,5.82125],[0.94181,5.82153],[0.94208,5.82153],[0.94208,5.8218],[0.94236,5.8218],[0.94236,5.82208],[0.94264,5.82208],[0.94264,5.82292],[0.94292,5.82292],[0.94292,5.82431],[0.9432,5.82431],[0.9432,5.82458],[0.94347,5.82458],[0.94347,5.82486],[0.94375,5.82486],[0.94375,5.82514],[0.94403,5.82514],[0.94403,5.82736],[0.94486,5.82736],[0.94486,5.82764],[0.94514,5.82764],[0.94514,5.8282],[0.94542,5.8282],[0.94542,5.82847],[0.94597,5.82847],[0.94597,5.82875],[0.94625,5.82875],[0.94625,5.82903],[0.94653,5.82903],[0.94653,5.82931],[0.94681,5.82931],[0.94681,5.82958],[0.94736,5.82958],[0.94736,5.82986],[0.94847,5.82986],[0.94847,5.83014],[0.94875,5.83014],[0.94875,5.83042],[0.94931,5.83042],[0.94931,5.83064],[0.95552,5.83064],[0.95552,5.81638]]]},"properties":{"region":"Volta","district":"Keta","floods_1m":1,"floods_2m":1,"floods_3m":1,"first_flood_m":1,"nests":true,"area_km2":2.135}},{"type":"Feature","geometry":{"type":"Polygon","coordinates":[[[0.86997,5.81638],[0.85572,5.81638],[0.85572,5.83064],[0.86514,5.83064],[0.86514,5.83042],[0.86542,5.83042],[0.86542,5.83014],[0.86597,5.83014],[0.86597,5.83042],[0.86625,5.83042],[0.86625,5.83064],[0.86997,5.83064],[0.86997,5.81638]]]},"properties":{"region":"Volta","district":"Keta","floods_1m":1,"floods_2m":1,"floods_3m":1,"first_flood_m":1,"nests":true,"area_km2":2.495}},{"type":"Feature","geometry":{"type":"Polygon","coordinates":[[[0.84146,5.8449],[0.8272,5.8449],[0.8272,5.85916],[0.84146,5.85916],[0.84146,5.8449]]]},"properties":{"region":"Volta","district":"Keta","floods_1m":1,"floods_2m":1,"floods_3m":1,"first_flood_m":1,"nests":true,"area_km2":2.501}},{"type":"Feature","geometry":{"type":"Polygon","coordinates":[[[-2.20975,4.94665],[-2.22401,4.94665],[-2.22401,4.9609],[-2.20975,4.9609],[-2.20975,4.94665]]]},"properties":{"region":"Western","district":"Nzema East","floods_1m":0,"floods_2m":1,"floods_3m":1,"first_flood_m":2,"nests":true,"area_km2":2.503}},{"type":"Feature","geometry":{"type":"Polygon","coordinates":[[[0.9882,5.85916],[0.98404,5.85916],[0.98404,5.87341],[0.99236,5.87341],[0.99236,5.87312],[0.99236,5.87237],[0.99208,5.87236],[0.99208,5.8707],[0.99181,5.8707],[0.99181,5.87014],[0.99153,5.87014],[0.99153,5.86958],[0.99125,5.86958],[0.99125,5.86903],[0.99097,5.86903],[0.99097,5.86819],[0.99069,5.86819],[0.99069,5.86681],[0.99042,5.86681],[0.99042,5.86542],[0.99014,5.86542],[0.99014,5.86458],[0.98986,5.86458],[0.98986,5.86375],[0.98958,5.86375],[0.98958,5.86292],[0.98931,5.86292],[0.98931,5.86236],[0.98903,5.86236],[0.98903,5.86153],[0.98875,5.86153],[0.98875,5.86042],[0.98847,5.86042],[0.98847,5.85958],[0.9882,5.85958],[0.9882,5.85916]]]},"properties":{"region":"Volta","district":"Keta","floods_1m":1,"floods_2m":1,"floods_3m":1,"first_flood_m":1,"nests":true,"area_km2":1.117}},{"type":"Feature","geometry":{"type":"Polygon","coordinates":[[[-0.98356,5.21755],[-0.99782,5.21755],[-0.99782,5.23181],[-0.98356,5.23181],[-0.98356,5.21755]]]},"properties":{"region":"Central","district":"Mfantsiman","floods_1m":0,"floods_2m":1,"floods_3m":1,"first_flood_m":2,"nests":true,"area_km2":2.504}},{"type":"Feature","geometry":{"type":"Polygon","coordinates":[[[0.91275,5.8732],[0.91264,5.8732],[0.91264,5.87264],[0.91275,5.87264],[0.91275,5.85916],[0.89849,5.85916],[0.89849,5.87341],[0.91275,5.87341],[0.91275,5.8732]]]},"properties":{"region":"Volta","district":"Keta","floods_1m":1,"floods_2m":1,"floods_3m":1,"first_flood_m":1,"nests":true,"area_km2":2.499}},{"type":"Feature","geometry":{"type":"MultiPolygon","coordinates":[[[[0.93792,5.98748],[0.92986,5.98748],[0.92986,5.98764],[0.92931,5.98764],[0.92931,5.98792],[0.92903,5.98792],[0.92903,5.9882],[0.92819,5.9882],[0.92819,5.98847],[0.92792,5.98847],[0.92792,5.98931],[0.92819,5.98931],[0.92819,5.98958],[0.92875,5.98958],[0.92875,5.98931],[0.92903,5.98931],[0.92903,5.98958],[0.92931,5.98958],[0.92931,5.98986],[0.92986,5.98986],[0.92986,5.99014],[0.93042,5.99014],[0.93042,5.99042],[0.93069,5.99042],[0.93069,5.99069],[0.93125,5.99069],[0.93125,5.99097],[0.93153,5.99097],[0.93153,5.99125],[0.93264,5.99125],[0.93264,5.99153],[0.93319,5.99153],[0.93319,5.99181],[0.93347,5.99181],[0.93347,5.99153],[0.93431,5.99153],[0.93431,5.99181],[0.93486,5.99181],[0.93486,5.99208],[0.93514,5.99208],[0.93514,5.99181],[0.93542,5.99181],[0.93542,5.99042],[0.93569,5.99042],[0.93569,5.98986],[0.93597,5.98986],[0.93597,5.98958],[0.93625,5.98958],[0.93625,5.98931],[0.93653,5.98931],[0.93653,5.98903],[0.93681,5.98903],[0.93681,5.98847],[0.93708,5.98847],[0.93708,5.9882],[0.93736,5.9882],[0.93736,5.98792],[0.93764,5.98792],[0.93764,5.98764],[0.93792,5.98764],[0.93792,5.98748]]],[[[0.93986,5.99153],[0.93986,5.99125],[0.94042,5.99125],[0.94042,5.99097],[0.94069,5.99097],[0.94069,5.99069],[0.94097,5.99069],[0.94097,5.98958],[0.94069,5.98958],[0.94069,5.98931],[0.94014,5.98931],[0.94014,5.98903],[0.93903,5.98903],[0.93903,5.98931],[0.93792,5.98931],[0.93792,5.98958],[0.93708,5.98958],[0.93708,5.99014],[0.93681,5.99014],[0.93681,5.99097],[0.93708,5.99097],[0.93708,5.99125],[0.93736,5.99125],[0.93736,5.99153],[0.93986,5.99153]]]]},"properties":{"region":"Volta","district":"Keta","floods_1m":1,"floods_2m":1,"floods_3m":1,"first_flood_m":1,"nests":true,"area_km2":0.441}},{"type":"Feature","geometry":{"type":"Polygon","coordinates":[[[-2.92265,5.05486],[-2.92319,5.05486],[-2.92319,5.05514],[-2.92458,5.05514],[-2.92458,5.05542],[-2.92597,5.05542],[-2.92597,5.05569],[-2.92764,5.05569],[-2.92764,5.05597],[-2.92931,5.05597],[-2.92931,5.05625],[-2.93097,5.05625],[-2.93097,5.05653],[-2.93264,5.05653],[-2.93264,5.05681],[-2.9343,5.05681],[-2.9343,5.05708],[-2.93597,5.05708],[-2.93597,5.05736],[-2.93691,5.05736],[-2.93691,5.06071],[-2.92265,5.06071],[-2.92265,5.05486]]]},"properties":{"region":"Western","district":"Jomoro","floods_1m":1,"floods_2m":1,"floods_3m":1,"first_flood_m":1,"nests":true,"area_km2":0.796}},{"type":"Feature","geometry":{"type":"Polygon","coordinates":[[[0.89849,5.85916],[0.88423,5.85916],[0.88423,5.87341],[0.89849,5.87341],[0.89849,5.85916]]]},"properties":{"region":"Volta","district":"Keta","floods_1m":1,"floods_2m":1,"floods_3m":1,"first_flood_m":1,"nests":true,"area_km2":2.499}},{"type":"Feature","geometry":{"type":"MultiPolygon","coordinates":[[[[0.88423,5.98569],[0.88423,5.98264],[0.88403,5.98264],[0.88403,5.98236],[0.88375,5.98236],[0.88375,5.98153],[0.88403,5.98153],[0.88403,5.98069],[0.88375,5.98069],[0.88375,5.98014],[0.88347,5.98014],[0.88347,5.97986],[0.88292,5.97986],[0.88292,5.97958],[0.88208,5.97958],[0.88208,5.97986],[0.88181,5.97986],[0.88181,5.98014],[0.88153,5.98014],[0.88153,5.98069],[0.88125,5.98069],[0.88125,5.98125],[0.88153,5.98125],[0.88153,5.98208],[0.88181,5.98208],[0.88181,5.98319],[0.88153,5.98319],[0.88153,5.98375],[0.88125,5.98375],[0.88125,5.98403],[0.88014,5.98403],[0.88014,5.98375],[0.87931,5.98375],[0.87931,5.98347],[0.87847,5.98347],[0.87847,5.98375],[0.87736,5.98375],[0.87736,5.98403],[0.87708,5.98403],[0.87708,5.9843],[0.87625,5.9843],[0.87625,5.98403],[0.87597,5.98403],[0.87597,5.98347],[0.87569,5.98347],[0.87569,5.98319],[0.87597,5.98319],[0.87597,5.98292],[0.87764,5.98292],[0.87764,5.98264],[0.87903,5.98264],[0.87903,5.98236],[0.87931,5.98236],[0.87931,5.98208],[0.87986,5.98208],[0.87986,5.9818],[0.88042,5.9818],[0.88042,5.98153],[0.88014,5.98153],[0.88014,5.98042],[0.88042,5.98042],[0.88042,5.97958],[0.88069,5.97958],[0.88069,5.97931],[0.88097,5.97931],[0.88097,5.97903],[0.88125,5.97903],[0.88125,5.9782],[0.88097,5.9782],[0.88097,5.97736],[0.88069,5.97736],[0.88069,5.97681],[0.88042,5.97681],[0.88042,5.97653],[0.88014,5.97653],[0.88014,5.97625],[0.87986,5.97625],[0.87986,5.97597],[0.87958,5.97597],[0.87958,5.97486],[0.87931,5.97486],[0.87931,5.97431],[0.87903,5.97431],[0.87903,5.97375],[0.87847,5.97375],[0.87847,5.97347],[0.87764,5.97347],[0.87764,5.97375],[0.87736,5.97375],[0.87736,5.97486],[0.87764,5.97486],[0.87764,5.97597],[0.87792,5.97597],[0.87792,5.97653],[0.87819,5.97653],[0.87819,5.97708],[0.87792,5.97708],[0.87792,5.97736],[0.87736,5.97736],[0.87736,5.97764],[0.87681,5.97764],[0.87681,5.97792],[0.87653,5.97792],[0.87653,5.97847],[0.87625,5.97847],[0.87625,5.97903],[0.87597,5.97903],[0.87597,5.97931],[0.87569,5.97931],[0.87569,5.97958],[0.87458,5.97958],[0.87458,5.97931],[0.87375,5.97931],[0.87375,5.97958],[0.87347,5.97958],[0.87347,5.97986],[0.87319,5.97986],[0.87319,5.98014],[0.87236,5.98014],[0.87236,5.98125],[0.87208,5.98125],[0.87208,5.9818],[0.87181,5.9818],[0.87181,5.98208],[0.87097,5.98208],[0.87097,5.9818],[0.87069,5.9818],[0.87069,5.98042],[0.87097,5.98042],[0.87097,5.97958],[0.87125,5.97958],[0.87125,5.9782],[0.87097,5.9782],[0.87097,5.97792],[0.87069,5.97792],[0.87069,5.97681],[0.87042,5.97681],[0.87042,5.97486],[0.87014,5.97486],[0.87014,5.97458],[0.86997,5.97458],[0.86997,5.98748],[0.88181,5.98748],[0.88181,5.98736],[0.88208,5.98736],[0.88208,5.98708],[0.88264,5.98708],[0.88264,5.9868],[0.88292,5.9868],[0.88292,5.98653],[0.88319,5.98653],[0.88319,5.98625],[0.88347,5.98625],[0.88347,5.98597],[0.88375,5.98597],[0.88375,5.98569],[0.88423,5.98569]]],[[[0.87014,5.97322],[0.86997,5.97322],[0.86997,5.97375],[0.87014,5.97375],[0.87014,5.97322]]]]},"properties":{"region":"Volta","district":"Keta","floods_1m":1,"floods_2m":1,"floods_3m":1,"first_flood_m":1,"nests":true,"area_km2":1.418}},{"type":"Feature","geometry":{"type":"Polygon","coordinates":[[[-1.05485,5.19903],[-1.06125,5.19903],[-1.06125,5.19875],[-1.06347,5.19875],[-1.06347,5.19847],[-1.06736,5.19847],[-1.06736,5.19819],[-1.06911,5.19819],[-1.06911,5.20329],[-1.05485,5.20329],[-1.05485,5.19903]]]},"properties":{"region":"Central","district":"Mfantsiman","floods_1m":1,"floods_2m":1,"floods_3m":1,"first_flood_m":1,"nests":true,"area_km2":0.801}},{"type":"Feature","geometry":{"type":"Polygon","coordinates":[[[-2.86562,5.04347],[-2.86653,5.04347],[-2.86653,5.04375],[-2.86819,5.04375],[-2.86819,5.04403],[-2.86958,5.04403],[-2.86958,5.0443],[-2.87069,5.0443],[-2.87069,5.04458],[-2.87208,5.04458],[-2.87208,5.04486],[-2.87375,5.04486],[-2.87375,5.04514],[-2.87514,5.04514],[-2.87514,5.04542],[-2.87653,5.04542],[-2.87653,5.04569],[-2.87764,5.04569],[-2.87764,5.04597],[-2.87875,5.04597],[-2.87875,5.04625],[-2.87988,5.04625],[-2.87988,5.04645],[-2.86562,5.04645],[-2.86562,5.04347]]]},"properties":{"region":"Western","district":"Jomoro","floods_1m":1,"floods_2m":1,"floods_3m":1,"first_flood_m":1,"nests":true,"area_km2":0.284}},{"type":"Feature","geometry":{"type":"MultiPolygon","coordinates":[[[[0.96978,5.99819],[0.96978,6.00069],[0.96986,6.00069],[0.96986,5.99994],[0.96986,5.99819],[0.96978,5.99819]]],[[[0.97708,5.98748],[0.97514,5.98748],[0.97514,5.98764],[0.97403,5.98764],[0.97403,5.98792],[0.97347,5.98792],[0.97347,5.9882],[0.97208,5.9882],[0.97208,5.98847],[0.97153,5.98847],[0.97153,5.98875],[0.97097,5.98875],[0.97097,5.98903],[0.97125,5.98903],[0.97125,5.98958],[0.97292,5.98958],[0.97292,5.98986],[0.97403,5.98986],[0.97403,5.99014],[0.97736,5.99014],[0.97736,5.98986],[0.97764,5.98986],[0.97764,5.98958],[0.97819,5.98958],[0.97819,5.98903],[0.97792,5.98903],[0.97792,5.98847],[0.97764,5.98847],[0.97764,5.98792],[0.97736,5.98792],[0.97736,5.98764],[0.97708,5.98764],[0.97708,5.98748]]]]},"properties":{"region":"Volta","district":"Keta","floods_1m":1,"floods_2m":1,"floods_3m":1,"first_flood_m":1,"nests":true,"area_km2":0.171}},{"type":"Feature","geometry":{"type":"MultiPolygon","coordinates":[[[[0.88423,5.90764],[0.88423,5.91619],[0.89319,5.91619],[0.89319,5.91431],[0.89292,5.91431],[0.89292,5.91375],[0.89264,5.91375],[0.89264,5.91319],[0.89208,5.91319],[0.89208,5.91292],[0.8907,5.91292],[0.8907,5.91264],[0.89014,5.91264],[0.89014,5.91236],[0.88986,5.91236],[0.88986,5.91181],[0.88958,5.91181],[0.88958,5.91153],[0.8893,5.91153],[0.8893,5.91125],[0.88903,5.91125],[0.88903,5.91069],[0.88847,5.91069],[0.88847,5.91042],[0.88792,5.91042],[0.88792,5.91014],[0.88736,5.91014],[0.88736,5.90986],[0.8868,5.90986],[0.8868,5.90958],[0.88653,5.90958],[0.88653,5.90931],[0.88569,5.90931],[0.88569,5.90903],[0.88542,5.90903],[0.88542,5.90875],[0.88486,5.90875],[0.88486,5.90847],[0.88458,5.90847],[0.88458,5.90792],[0.8843,5.90792],[0.8843,5.90764],[0.88423,5.90764]]],[[[0.89849,5.91486],[0.89849,5.91181],[0.89847,5.91181],[0.89847,5.91208],[0.89736,5.91208],[0.89736,5.91236],[0.89681,5.91236],[0.89681,5.91292],[0.89653,5.91292],[0.89653,5.91375],[0.89681,5.91375],[0.89681,5.91403],[0.89708,5.91403],[0.89708,5.91431],[0.89792,5.91431],[0.89792,5.91458],[0.89819,5.91458],[0.89819,5.91486],[0.89849,5.91486]]],[[[0.88423,5.90486],[0.88423,5.90653],[0.88486,5.90653],[0.88486,5.90681],[0.88597,5.90681],[0.88597,5.90625],[0.88569,5.90625],[0.88569,5.90597],[0.88514,5.90597],[0.88514,5.90569],[0.88486,5.90569],[0.88486,5.90542],[0.88458,5.90542],[0.88458,5.90486],[0.88423,5.90486]]],[[[0.88736,5.90193],[0.88423,5.90193],[0.88423,5.90292],[0.88597,5.90292],[0.88597,5.90319],[0.88653,5.90319],[0.88653,5.90347],[0.8868,5.90347],[0.8868,5.90375],[0.88708,5.90375],[0.88708,5.90486],[0.88736,5.90486],[0.88736,5.90514],[0.88764,5.90514],[0.88764,5.90542],[0.88792,5.90542],[0.88792,5.90569],[0.88819,5.90569],[0.88819,5.90597],[0.88875,5.90597],[0.88875,5.90569],[0.88903,5.90569],[0.88903,5.90458],[0.88875,5.90458],[0.88875,5.9043],[0.88847,5.9043],[0.88847,5.90375],[0.88819,5.90375],[0.88819,5.90292],[0.88847,5.90292],[0.88847,5.90264],[0.88792,5.90264],[0.88792,5.90236],[0.88736,5.90236],[0.88736,5.90193]]]]},"properties":{"region":"Volta","district":"Keta","floods_1m":1,"floods_2m":1,"floods_3m":1,"first_flood_m":1,"nests":true,"area_km2":0.74}},{"type":"Feature","geometry":{"type":"MultiPolygon","coordinates":[[[[0.96978,5.8818],[0.96958,5.8818],[0.96958,5.88292],[0.9693,5.88292],[0.9693,5.88403],[0.96903,5.88403],[0.96903,5.88431],[0.96875,5.88431],[0.96875,5.88486],[0.96847,5.88486],[0.96847,5.88542],[0.9682,5.88542],[0.9682,5.88569],[0.96792,5.88569],[0.96792,5.88625],[0.96764,5.88625],[0.96764,5.88767],[0.96978,5.88767],[0.96978,5.8818]]],[[[0.96978,5.87986],[0.96978,5.87341],[0.9618,5.87341],[0.9618,5.87347],[0.96153,5.87347],[0.96153,5.8743],[0.96125,5.8743],[0.96125,5.87542],[0.96097,5.87542],[0.96097,5.8757],[0.9607,5.8757],[0.9607,5.87625],[0.96042,5.87625],[0.96042,5.87736],[0.96014,5.87736],[0.96014,5.87819],[0.96042,5.87819],[0.96042,5.87847],[0.9607,5.87847],[0.9607,5.87875],[0.96125,5.87875],[0.96125,5.87847],[0.9618,5.87847],[0.9618,5.87819],[0.96264,5.87819],[0.96264,5.87792],[0.96347,5.87792],[0.96347,5.87764],[0.96375,5.87764],[0.96375,5.87736],[0.96458,5.87736],[0.96458,5.87764],[0.96486,5.87764],[0.96486,5.87736],[0.9657,5.87736],[0.9657,5.87708],[0.96708,5.87708],[0.96708,5.87736],[0.96736,5.87736],[0.96736,5.87792],[0.96764,5.87792],[0.96764,5.87847],[0.96792,5.87847],[0.96792,5.8793],[0.9682,5.8793],[0.9682,5.87958],[0.96847,5.87958],[0.96847,5.87986],[0.96978,5.87986]]]]},"properties":{"region":"Volta","district":"Keta","floods_1m":1,"floods_2m":1,"floods_3m":1,"first_flood_m":1,"nests":true,"area_km2":0.606}},{"type":"Feature","geometry":{"type":"Polygon","coordinates":[[[-1.02634,5.2007],[-1.02681,5.2007],[-1.02681,5.20042],[-1.0282,5.20042],[-1.0282,5.20014],[-1.02847,5.20014],[-1.02847,5.20042],[-1.03236,5.20042],[-1.03236,5.20014],[-1.03542,5.20014],[-1.03542,5.19986],[-1.03597,5.19986],[-1.03597,5.20014],[-1.03792,5.20014],[-1.03792,5.19986],[-1.0406,5.19986],[-1.0406,5.20329],[-1.02634,5.20329],[-1.02634,5.2007]]]},"properties":{"region":"Central","district":"Mfantsiman","floods_1m":1,"floods_2m":1,"floods_3m":1,"first_flood_m":1,"nests":true,"area_km2":0.543}},{"type":"Feature","geometry":{"type":"Polygon","coordinates":[[[0.88423,6.01599],[0.86997,6.01599],[0.86997,6.03025],[0.88423,6.03025],[0.88423,6.01599]]]},"properties":{"region":"Volta","district":"Keta","floods_1m":1,"floods_2m":1,"floods_3m":1,"first_flood_m":1,"nests":true,"area_km2":2.5}},{"type":"Feature","geometry":{"type":"MultiPolygon","coordinates":[[[[0.86997,5.96431],[0.86997,5.97322],[0.87014,5.97322],[0.87014,5.97319],[0.87042,5.97319],[0.87042,5.97292],[0.87069,5.97292],[0.87069,5.97264],[0.87153,5.97264],[0.87153,5.97236],[0.87208,5.97236],[0.87208,5.97208],[0.87292,5.97208],[0.87292,5.97181],[0.87458,5.97181],[0.87458,5.97153],[0.87514,5.97153],[0.87514,5.97125],[0.87597,5.97125],[0.87597,5.97097],[0.87653,5.97097],[0.87653,5.97069],[0.87681,5.97069],[0.87681,5.97014],[0.87708,5.97014],[0.87708,5.96986],[0.87736,5.96986],[0.87736,5.96819],[0.87708,5.96819],[0.87708,5.96792],[0.87681,5.96792],[0.87681,5.96736],[0.87708,5.96736],[0.87708,5.96681],[0.87681,5.96681],[0.87681,5.96653],[0.87625,5.96653],[0.87625,5.96625],[0.87597,5.96625],[0.87597,5.96597],[0.87569,5.96597],[0.87569,5.96569],[0.87542,5.96569],[0.87542,5.96542],[0.87514,5.96542],[0.87514,5.96514],[0.87458,5.96514],[0.87458,5.96486],[0.87375,5.96486],[0.87375,5.96458],[0.87292,5.96458],[0.87292,5.96486],[0.87264,5.96486],[0.87264,5.96514],[0.87153,5.96514],[0.87153,5.96486],[0.87125,5.96486],[0.87125,5.96458],[0.87069,5.96458],[0.87069,5.96431],[0.86997,5.96431]]],[[[0.87097,5.95896],[0.86997,5.95896],[0.86997,5.95958],[0.87014,5.95958],[0.87014,5.9593],[0.87069,5.9593],[0.87069,5.95903],[0.87097,5.95903],[0.87097,5.95896]]]]},"properties":{"region":"Volta","district":"Keta","floods_1m":1,"floods_2m":1,"floods_3m":1,"first_flood_m":1,"nests":true,"area_km2":0.592}},{"type":"Feature","geometry":{"type":"MultiPolygon","coordinates":[[[[0.92701,5.87653],[0.92701,5.87514],[0.92653,5.87514],[0.92653,5.87597],[0.92681,5.87597],[0.92681,5.87653],[0.92701,5.87653]]],[[[0.91292,5.87341],[0.91275,5.87341],[0.91275,5.87486],[0.91292,5.87486],[0.91292,5.87341]]]]},"properties":{"region":"Volta","district":"Keta","floods_1m":1,"floods_2m":1,"floods_3m":1,"first_flood_m":1,"nests":true,"area_km2":0.009}},{"type":"Feature","geometry":{"type":"Polygon","coordinates":[[[-0.88376,5.23181],[-0.89802,5.23181],[-0.89802,5.24606],[-0.88376,5.24606],[-0.88376,5.23181]]]},"properties":{"region":"Central","district":"Mfantsiman","floods_1m":0,"floods_2m":0,"floods_3m":1,"first_flood_m":3,"nests":true,"area_km2":2.502}},{"type":"Feature","geometry":{"type":"Polygon","coordinates":[[[0.75591,5.78787],[0.74165,5.78787],[0.74165,5.7892],[0.74165,5.80212],[0.75591,5.80212],[0.75591,5.7892],[0.75591,5.78787]]]},"properties":{"region":"Volta","district":"Keta","floods_1m":1,"floods_2m":1,"floods_3m":1,"first_flood_m":1,"nests":true,"area_km2":2.5}},{"type":"Feature","geometry":{"type":"Polygon","coordinates":[[[-1.01208,5.20329],[-1.02634,5.20329],[-1.02634,5.21755],[-1.01208,5.21755],[-1.01208,5.20329]]]},"properties":{"region":"Central","district":"Mfantsiman","floods_1m":1,"floods_2m":1,"floods_3m":1,"first_flood_m":1,"nests":true,"area_km2":2.504}},{"type":"Feature","geometry":{"type":"Polygon","coordinates":[[[0.75591,5.87341],[0.74165,5.87341],[0.74165,5.87489],[0.74359,5.87584],[0.74528,5.87708],[0.74676,5.87856],[0.74864,5.88133],[0.74993,5.88449],[0.75057,5.88757],[0.75058,5.88767],[0.75591,5.88767],[0.75591,5.87341]]]},"properties":{"region":"Volta","district":"Keta","floods_1m":1,"floods_2m":1,"floods_3m":1,"first_flood_m":1,"nests":true,"area_km2":1.528}},{"type":"Feature","geometry":{"type":"Polygon","coordinates":[[[0.89849,5.93403],[0.89849,5.93236],[0.89847,5.93236],[0.89847,5.93208],[0.89819,5.93208],[0.89819,5.9307],[0.89847,5.9307],[0.89847,5.93045],[0.88423,5.93045],[0.88423,5.94403],[0.8843,5.94403],[0.8843,5.94431],[0.88597,5.94431],[0.88597,5.94403],[0.88625,5.94403],[0.88625,5.94375],[0.88653,5.94375],[0.88653,5.94347],[0.8868,5.94347],[0.8868,5.94319],[0.88708,5.94319],[0.88708,5.94125],[0.88736,5.94125],[0.88736,5.94042],[0.88764,5.94042],[0.88764,5.94014],[0.88819,5.94014],[0.88819,5.93986],[0.88847,5.93986],[0.88847,5.93958],[0.88903,5.93958],[0.88903,5.93931],[0.89014,5.93931],[0.89014,5.93958],[0.89097,5.93958],[0.89097,5.93986],[0.89292,5.93986],[0.89292,5.93958],[0.89403,5.93958],[0.89403,5.93931],[0.89514,5.93931],[0.89514,5.93903],[0.89625,5.93903],[0.89625,5.93931],[0.89653,5.93931],[0.89653,5.93875],[0.89681,5.93875],[0.89681,5.93847],[0.89764,5.93847],[0.89764,5.93819],[0.89792,5.93819],[0.89792,5.93792],[0.89819,5.93792],[0.89819,5.93708],[0.89792,5.93708],[0.89792,5.93681],[0.89764,5.93681],[0.89764,5.93625],[0.89736,5.93625],[0.89736,5.9357],[0.89708,5.93569],[0.89708,5.93542],[0.89681,5.93542],[0.89681,5.93431],[0.89708,5.93431],[0.89708,5.93403],[0.89849,5.93403]]]},"properties":{"region":"Volta","district":"Keta","floods_1m":1,"floods_2m":1,"floods_3m":1,"first_flood_m":1,"nests":true,"area_km2":1.674}},{"type":"Feature","geometry":{"type":"Polygon","coordinates":[[[-2.96542,5.06347],[-2.96847,5.06347],[-2.96847,5.06375],[-2.96958,5.06375],[-2.96958,5.06403],[-2.97097,5.06403],[-2.97097,5.06431],[-2.97208,5.06431],[-2.97208,5.06458],[-2.97347,5.06458],[-2.97347,5.06486],[-2.97486,5.06486],[-2.97486,5.06514],[-2.97597,5.06514],[-2.97597,5.06542],[-2.97736,5.06542],[-2.97736,5.06569],[-2.97903,5.06569],[-2.97903,5.06597],[-2.97968,5.06597],[-2.97968,5.07497],[-2.96542,5.07497],[-2.96542,5.06347]]]},"properties":{"region":"Western","district":"Jomoro","floods_1m":1,"floods_2m":1,"floods_3m":1,"first_flood_m":1,"nests":true,"area_km2":1.83}},{"type":"Feature","geometry":{"type":"Polygon","coordinates":[[[0.85572,5.81638],[0.84146,5.81638],[0.84146,5.83064],[0.85572,5.83064],[0.85572,5.81638]]]},"properties":{"region":"Volta","district":"Keta","floods_1m":1,"floods_2m":1,"floods_3m":1,"first_flood_m":1,"nests":true,"area_km2":2.501}},{"type":"Feature","geometry":{"type":"Polygon","coordinates":[[[-3.06523,5.08264],[-3.06597,5.08264],[-3.06597,5.08292],[-3.0668,5.08292],[-3.0668,5.08319],[-3.06764,5.08319],[-3.06764,5.08347],[-3.06847,5.08347],[-3.06847,5.08375],[-3.06986,5.08375],[-3.06986,5.08403],[-3.07097,5.08403],[-3.07097,5.08431],[-3.07208,5.08431],[-3.07208,5.08458],[-3.07403,5.08458],[-3.07403,5.08486],[-3.07514,5.08486],[-3.07514,5.08514],[-3.07625,5.08514],[-3.07625,5.08542],[-3.07792,5.08542],[-3.07792,5.08569],[-3.07931,5.08569],[-3.07931,5.08597],[-3.07949,5.08597],[-3.07949,5.08923],[-3.06523,5.08923],[-3.06523,5.08264]]]},"properties":{"region":"Western","district":"Jomoro","floods_1m":1,"floods_2m":1,"floods_3m":1,"first_flood_m":1,"nests":true,"area_km2":0.852}},{"type":"Feature","geometry":{"type":"Polygon","coordinates":[[[0.74165,5.78787],[0.72739,5.78787],[0.72739,5.7892],[0.72739,5.80212],[0.74165,5.80212],[0.74165,5.7892],[0.74165,5.78787]]]},"properties":{"region":"Volta","district":"Keta","floods_1m":1,"floods_2m":1,"floods_3m":1,"first_flood_m":1,"nests":true,"area_km2":2.5}},{"type":"Feature","geometry":{"type":"Polygon","coordinates":[[[0.79868,5.93045],[0.79448,5.93045],[0.79724,5.93187],[0.79868,5.93246],[0.79868,5.93045]]]},"properties":{"region":"Volta","district":"Keta","floods_1m":1,"floods_2m":1,"floods_3m":1,"first_flood_m":1,"nests":true,"area_km2":0.054}},{"type":"Feature","geometry":{"type":"Polygon","coordinates":[[[0.91275,5.80819],[0.91275,5.80212],[0.89849,5.80212],[0.89849,5.81638],[0.90208,5.81638],[0.90208,5.81486],[0.90236,5.81486],[0.90236,5.81458],[0.90264,5.81458],[0.90264,5.81431],[0.90292,5.8143],[0.90292,5.81375],[0.90319,5.81375],[0.90319,5.81319],[0.90347,5.81319],[0.90347,5.81292],[0.90208,5.81292],[0.90208,5.81264],[0.90181,5.81264],[0.90181,5.81153],[0.90208,5.81153],[0.90208,5.81125],[0.90236,5.81125],[0.90236,5.81097],[0.90375,5.81097],[0.90375,5.80986],[0.90403,5.80986],[0.90403,5.80958],[0.9043,5.80958],[0.90431,5.80931],[0.90458,5.80931],[0.90458,5.80903],[0.90486,5.80903],[0.90486,5.80653],[0.90514,5.80653],[0.90514,5.80597],[0.90542,5.80597],[0.90542,5.80569],[0.90625,5.80569],[0.90625,5.80597],[0.90653,5.80597],[0.90653,5.80625],[0.90736,5.80625],[0.90736,5.80653],[0.90764,5.80653],[0.90764,5.80681],[0.9082,5.80681],[0.9082,5.80708],[0.90847,5.80708],[0.90847,5.80736],[0.90986,5.80736],[0.90986,5.80764],[0.91208,5.80764],[0.91208,5.80792],[0.91264,5.80792],[0.91264,5.80819],[0.91275,5.80819]]]},"properties":{"region":"Volta","district":"Keta","floods_1m":1,"floods_2m":1,"floods_3m":1,"first_flood_m":1,"nests":true,"area_km2":1.402}},{"type":"Feature","geometry":{"type":"Polygon","coordinates":[[[-3.00315,5.10348],[-3.0082,5.10348],[-3.0082,5.10714],[-3.00512,5.10524],[-3.00315,5.10348]]]},"properties":{"region":"Western","district":"Jomoro","floods_1m":0,"floods_2m":0,"floods_3m":1,"first_flood_m":3,"nests":true,"area_km2":0.124}},{"type":"Feature","geometry":{"type":"MultiPolygon","coordinates":[[[[0.89849,5.84319],[0.89847,5.84319],[0.89847,5.84347],[0.89708,5.84347],[0.89708,5.84375],[0.89653,5.84375],[0.89653,5.84403],[0.89625,5.84403],[0.89625,5.84431],[0.89597,5.84431],[0.89597,5.84458],[0.89486,5.84458],[0.89486,5.84431],[0.89458,5.84431],[0.89458,5.84403],[0.89375,5.84403],[0.89375,5.84431],[0.89347,5.84431],[0.89347,5.84458],[0.89153,5.84458],[0.89153,5.84431],[0.89097,5.84431],[0.89097,5.84403],[0.8907,5.84403],[0.8907,5.84375],[0.89042,5.84375],[0.89042,5.84319],[0.89014,5.84319],[0.89014,5.84264],[0.88986,5.84264],[0.88986,5.84236],[0.8893,5.84236],[0.8893,5.8418],[0.88903,5.8418],[0.88903,5.84153],[0.88875,5.84153],[0.88875,5.84125],[0.88792,5.84125],[0.88792,5.84097],[0.8868,5.84097],[0.8868,5.84069],[0.88514,5.84069],[0.88514,5.84097],[0.88458,5.84097],[0.88458,5.84125],[0.88423,5.84125],[0.88423,5.8449],[0.89849,5.8449],[0.89849,5.84319]]],[[[0.89597,5.83064],[0.89569,5.83064],[0.89569,5.83069],[0.89597,5.83069],[0.89597,5.83064]]]]},"properties":{"region":"Volta","district":"Keta","floods_1m":1,"floods_2m":1,"floods_3m":1,"first_flood_m":1,"nests":true,"area_km2":0.347}},{"type":"Feature","geometry":{"type":"Polygon","coordinates":[[[0.97514,5.98748],[0.97708,5.98748],[0.97708,5.98736],[0.97514,5.98736],[0.97514,5.98748]]]},"properties":{"region":"Volta","district":"Keta","floods_1m":1,"floods_2m":1,"floods_3m":1,"first_flood_m":1,"nests":true,"area_km2":0.003}},{"type":"Feature","geometry":{"type":"Polygon","coordinates":[[[-2.87988,5.07497],[-2.89413,5.07497],[-2.89413,5.08923],[-2.87988,5.08923],[-2.87988,5.07497]]]},"properties":{"region":"Western","district":"Jomoro","floods_1m":1,"floods_2m":1,"floods_3m":1,"first_flood_m":1,"nests":true,"area_km2":2.503}},{"type":"Feature","geometry":{"type":"Polygon","coordinates":[[[0.86997,5.89458],[0.86986,5.89458],[0.86986,5.89431],[0.86958,5.89431],[0.86958,5.89403],[0.86931,5.89403],[0.86931,5.89347],[0.86903,5.89347],[0.86903,5.89236],[0.86875,5.89236],[0.86875,5.88958],[0.86903,5.88958],[0.86903,5.88931],[0.86875,5.88931],[0.86875,5.88767],[0.85572,5.88767],[0.85572,5.90193],[0.86997,5.90193],[0.86997,5.89458]]]},"properties":{"region":"Volta","district":"Keta","floods_1m":1,"floods_2m":1,"floods_3m":1,"first_flood_m":1,"nests":true,"area_km2":2.411}},{"type":"Feature","geometry":{"type":"Polygon","coordinates":[[[-0.91227,5.21755],[-0.92653,5.21755],[-0.92653,5.23181],[-0.91227,5.23181],[-0.91227,5.21755]]]},"properties":{"region":"Central","district":"Mfantsiman","floods_1m":1,"floods_2m":1,"floods_3m":1,"first_flood_m":1,"nests":true,"area_km2":2.504}},{"type":"Feature","geometry":{"type":"Polygon","coordinates":[[[-1.06911,5.19819],[-1.06931,5.19819],[-1.06931,5.19792],[-1.06986,5.19792],[-1.06986,5.19764],[-1.07042,5.19764],[-1.07042,5.19792],[-1.07181,5.19792],[-1.07181,5.19764],[-1.07514,5.19764],[-1.07514,5.19736],[-1.07625,5.19736],[-1.07625,5.19708],[-1.07653,5.19708],[-1.07653,5.1968],[-1.07958,5.1968],[-1.07958,5.19653],[-1.08042,5.19653],[-1.08042,5.19625],[-1.08153,5.19625],[-1.08153,5.19597],[-1.08236,5.19597],[-1.08236,5.19569],[-1.08319,5.19569],[-1.08319,5.19542],[-1.08337,5.19542],[-1.08337,5.20329],[-1.06911,5.20329],[-1.06911,5.19819]]]},"properties":{"region":"Central","district":"Mfantsiman","floods_1m":1,"floods_2m":1,"floods_3m":1,"first_flood_m":1,"nests":true,"area_km2":1.094}},{"type":"Feature","geometry":{"type":"Polygon","coordinates":[[[0.81294,5.77361],[0.79868,5.77361],[0.79868,5.78787],[0.81294,5.78787],[0.81294,5.77361]]]},"properties":{"region":"Volta","district":"Keta","floods_1m":1,"floods_2m":1,"floods_3m":1,"first_flood_m":1,"nests":true,"area_km2":2.501}},{"type":"Feature","geometry":{"type":"Polygon","coordinates":[[[-2.7373,5.01794],[-2.74292,5.01794],[-2.74292,5.0182],[-2.74403,5.0182],[-2.74403,5.01847],[-2.74542,5.01847],[-2.74542,5.01875],[-2.74653,5.01875],[-2.74653,5.01903],[-2.74764,5.01903],[-2.74764,5.01931],[-2.74875,5.01931],[-2.74875,5.01958],[-2.75042,5.01958],[-2.75042,5.01986],[-2.75125,5.01986],[-2.75125,5.02014],[-2.75155,5.02014],[-2.75155,5.03219],[-2.7373,5.03219],[-2.7373,5.01794]]]},"properties":{"region":"Western","district":"Jomoro","floods_1m":0,"floods_2m":1,"floods_3m":1,"first_flood_m":2,"nests":true,"area_km2":2.382}},{"type":"Feature","geometry":{"type":"Polygon","coordinates":[[[0.99375,5.90193],[0.98404,5.90193],[0.98404,5.90875],[0.98431,5.90875],[0.98431,5.90903],[0.98458,5.90903],[0.98458,5.90931],[0.98514,5.90931],[0.98514,5.90958],[0.98542,5.90958],[0.98542,5.91097],[0.98514,5.91097],[0.98514,5.91125],[0.98486,5.91125],[0.98486,5.91347],[0.98458,5.91347],[0.98458,5.91375],[0.98431,5.91375],[0.98431,5.91458],[0.98404,5.91458],[0.98404,5.91486],[0.98597,5.91486],[0.98597,5.91458],[0.98625,5.91458],[0.98625,5.91431],[0.98653,5.91431],[0.98653,5.91375],[0.98681,5.91375],[0.98681,5.91236],[0.98653,5.91236],[0.98653,5.91208],[0.98681,5.91208],[0.98681,5.91181],[0.98736,5.91181],[0.98736,5.91208],[0.98764,5.91208],[0.98764,5.91403],[0.98736,5.91403],[0.98736,5.91431],[0.98708,5.91431],[0.98708,5.91458],[0.98681,5.91458],[0.98681,5.91514],[0.98708,5.91514],[0.98708,5.91542],[0.98681,5.91542],[0.98681,5.91597],[0.98764,5.91597],[0.98764,5.91619],[0.99181,5.91619],[0.99181,5.91264],[0.99208,5.91264],[0.99208,5.90986],[0.99236,5.90986],[0.99236,5.90847],[0.99264,5.90847],[0.99264,5.90764],[0.99292,5.90764],[0.99292,5.90653],[0.99319,5.90653],[0.99319,5.90569],[0.99347,5.90569],[0.99347,5.90458],[0.99375,5.90458],[0.99375,5.90375],[0.99403,5.90375],[0.99403,5.90236],[0.99375,5.90236],[0.99375,5.90193]]]},"properties":{"region":"Volta","district":"Keta","floods_1m":1,"floods_2m":1,"floods_3m":1,"first_flood_m":1,"nests":true,"area_km2":1.368}},{"type":"Feature","geometry":{"type":"Polygon","coordinates":[[[0.92701,5.78875],[0.92681,5.78875],[0.92681,5.78847],[0.92625,5.78847],[0.92625,5.7882],[0.92458,5.7882],[0.92458,5.78792],[0.92431,5.78792],[0.92431,5.78787],[0.91275,5.78787],[0.91275,5.7892],[0.91275,5.80212],[0.92701,5.80212],[0.92701,5.78875]]]},"properties":{"region":"Volta","district":"Keta","floods_1m":1,"floods_2m":1,"floods_3m":1,"first_flood_m":1,"nests":true,"area_km2":2.486}},{"type":"Feature","geometry":{"type":"Polygon","coordinates":[[[-1.18318,5.14626],[-1.19743,5.14626],[-1.19743,5.16052],[-1.18318,5.16052],[-1.18318,5.14626]]]},"properties":{"region":"Central","district":"Mfantsiman","floods_1m":0,"floods_2m":1,"floods_3m":1,"first_flood_m":2,"nests":true,"area_km2":2.502}},{"type":"Feature","geometry":{"type":"Polygon","coordinates":[[[0.99236,5.87341],[0.98404,5.87341],[0.98404,5.88767],[0.99375,5.88767],[0.99375,5.88208],[0.99347,5.88208],[0.99347,5.87986],[0.99319,5.87986],[0.99319,5.87764],[0.99292,5.87764],[0.99292,5.87597],[0.99264,5.87597],[0.99264,5.87403],[0.99236,5.87402],[0.99236,5.87341]]]},"properties":{"region":"Volta","district":"Keta","floods_1m":1,"floods_2m":1,"floods_3m":1,"first_flood_m":1,"nests":true,"area_km2":1.626}},{"type":"Feature","geometry":{"type":"Polygon","coordinates":[[[-1.1404,5.16708],[-1.14069,5.16708],[-1.14069,5.16681],[-1.14125,5.16681],[-1.14125,5.16653],[-1.14153,5.16653],[-1.14153,5.16625],[-1.14181,5.16625],[-1.14181,5.16597],[-1.14403,5.16597],[-1.14403,5.16569],[-1.14514,5.16569],[-1.14514,5.16542],[-1.14542,5.16542],[-1.14542,5.16514],[-1.14597,5.16514],[-1.14597,5.16486],[-1.14625,5.16486],[-1.14625,5.16458],[-1.14681,5.16458],[-1.14681,5.16431],[-1.14792,5.16431],[-1.14792,5.16403],[-1.14819,5.16403],[-1.14819,5.16375],[-1.14847,5.16375],[-1.14847,5.16347],[-1.14875,5.16347],[-1.14875,5.16292],[-1.14903,5.16292],[-1.14903,5.16264],[-1.14931,5.16264],[-1.14931,5.16208],[-1.14958,5.16208],[-1.14958,5.16175],[-1.14958,5.16153],[-1.14988,5.16156],[-1.14986,5.16097],[-1.15014,5.16097],[-1.15014,5.16052],[-1.15466,5.16052],[-1.15466,5.17477],[-1.1404,5.17477],[-1.1404,5.16708]]]},"properties":{"region":"Central","district":"Mfantsiman","floods_1m":1,"floods_2m":1,"floods_3m":1,"first_flood_m":1,"nests":true,"area_km2":1.973}},{"type":"Feature","geometry":{"type":"Polygon","coordinates":[[[0.79868,5.90193],[0.78443,5.90193],[0.78443,5.91619],[0.79868,5.91619],[0.79868,5.90193]]]},"properties":{"region":"Volta","district":"Keta","floods_1m":1,"floods_2m":1,"floods_3m":1,"first_flood_m":1,"nests":true,"area_km2":2.499}},{"type":"Feature","geometry":{"type":"Polygon","coordinates":[[[-1.15466,5.15764],[-1.15466,5.16052],[-1.15014,5.16052],[-1.15014,5.16042],[-1.15042,5.16042],[-1.15042,5.15986],[-1.15069,5.15986],[-1.15069,5.15958],[-1.15097,5.15958],[-1.15097,5.15931],[-1.15125,5.15931],[-1.15125,5.15903],[-1.15208,5.15903],[-1.15208,5.15875],[-1.15236,5.15875],[-1.15236,5.15847],[-1.15292,5.15847],[-1.15292,5.15819],[-1.15347,5.15819],[-1.15347,5.15792],[-1.15431,5.15792],[-1.1543,5.15764],[-1.15451,5.15764],[-1.15466,5.15764]]]},"properties":{"region":"Central","district":"Mfantsiman","floods_1m":1,"floods_2m":1,"floods_3m":1,"first_flood_m":1,"nests":true,"area_km2":0.101}},{"type":"Feature","geometry":{"type":"Polygon","coordinates":[[[-0.94079,5.20347],[-0.94264,5.20347],[-0.94264,5.20375],[-0.94458,5.20375],[-0.94458,5.20347],[-0.94736,5.20347],[-0.94736,5.20329],[-0.94764,5.20329],[-0.94764,5.20347],[-0.94986,5.20347],[-0.94986,5.20329],[-0.95505,5.20329],[-0.95505,5.21755],[-0.94079,5.21755],[-0.94079,5.20347]]]},"properties":{"region":"Central","district":"Mfantsiman","floods_1m":0,"floods_2m":1,"floods_3m":1,"first_flood_m":2,"nests":true,"area_km2":2.478}},{"type":"Feature","geometry":{"type":"Polygon","coordinates":[[[-2.93691,5.07497],[-2.95117,5.07497],[-2.95117,5.08147],[-2.94471,5.08923],[-2.93691,5.08923],[-2.93691,5.07497]]]},"properties":{"region":"Western","district":"Jomoro","floods_1m":1,"floods_2m":1,"floods_3m":1,"first_flood_m":1,"nests":true,"area_km2":2.196}},{"type":"Feature","geometry":{"type":"Polygon","coordinates":[[[0.91275,5.78458],[0.91275,5.78787],[0.92431,5.78787],[0.92431,5.78764],[0.92403,5.78764],[0.92403,5.78736],[0.92375,5.78736],[0.92375,5.78681],[0.92319,5.78681],[0.92319,5.78653],[0.92292,5.78653],[0.92292,5.78625],[0.92236,5.78625],[0.92236,5.78653],[0.92208,5.78653],[0.92208,5.78681],[0.92097,5.78681],[0.92097,5.78653],[0.92014,5.78653],[0.92014,5.78625],[0.91931,5.78625],[0.91931,5.78597],[0.91903,5.78597],[0.91903,5.78542],[0.91819,5.78542],[0.91819,5.78569],[0.91736,5.78569],[0.91736,5.78542],[0.91597,5.78542],[0.91597,5.78514],[0.91486,5.78514],[0.91486,5.78486],[0.91375,5.78486],[0.91375,5.78458],[0.91275,5.78458]]]},"properties":{"region":"Volta","district":"Keta","floods_1m":1,"floods_2m":1,"floods_3m":1,"first_flood_m":1,"nests":true,"area_km2":0.29}},{"type":"Feature","geometry":{"type":"Polygon","coordinates":[[[0.79868,5.85916],[0.78443,5.85916],[0.78443,5.87341],[0.79868,5.87341],[0.79868,5.85916]]]},"properties":{"region":"Volta","district":"Keta","floods_1m":1,"floods_2m":1,"floods_3m":1,"first_flood_m":1,"nests":true,"area_km2":2.498}},{"type":"Feature","geometry":{"type":"Polygon","coordinates":[[[-0.95505,5.2032],[-0.95597,5.2032],[-0.95597,5.20292],[-0.95792,5.20292],[-0.95792,5.20264],[-0.96264,5.20264],[-0.96264,5.20236],[-0.96347,5.20236],[-0.96347,5.20264],[-0.96431,5.20264],[-0.96431,5.20236],[-0.96903,5.20236],[-0.96903,5.20208],[-0.96931,5.20208],[-0.96931,5.20329],[-0.95505,5.20329],[-0.95505,5.2032]]]},"properties":{"region":"Central","district":"Mfantsiman","floods_1m":1,"floods_2m":1,"floods_3m":1,"first_flood_m":1,"nests":true,"area_km2":0.122}},{"type":"Feature","geometry":{"type":"MultiPolygon","coordinates":[[[[0.89569,5.83064],[0.89597,5.83064],[0.89597,5.83042],[0.89625,5.83042],[0.89625,5.83014],[0.89653,5.83014],[0.89653,5.82986],[0.89708,5.82986],[0.89708,5.82958],[0.89736,5.82958],[0.89736,5.82931],[0.89764,5.82931],[0.89764,5.82903],[0.89625,5.82903],[0.89625,5.82875],[0.89514,5.82875],[0.89514,5.82847],[0.89347,5.82847],[0.89347,5.82903],[0.89319,5.82903],[0.89319,5.82931],[0.89292,5.82931],[0.89292,5.82958],[0.89319,5.82958],[0.89319,5.83014],[0.89347,5.83014],[0.89347,5.83042],[0.89569,5.83042],[0.89569,5.83064]]],[[[0.89236,5.8282],[0.89236,5.82792],[0.89264,5.82792],[0.89264,5.82736],[0.89236,5.82736],[0.89236,5.82681],[0.89208,5.82681],[0.89208,5.82625],[0.89181,5.82625],[0.89181,5.8257],[0.89153,5.8257],[0.89153,5.82514],[0.89125,5.82514],[0.89125,5.82486],[0.89042,5.82486],[0.89042,5.82514],[0.89014,5.82514],[0.89014,5.82542],[0.88986,5.82542],[0.88986,5.8257],[0.88958,5.8257],[0.88958,5.82597],[0.8893,5.82597],[0.8893,5.82625],[0.88903,5.82625],[0.88903,5.82708],[0.88958,5.82708],[0.88958,5.82736],[0.89014,5.82736],[0.89014,5.82764],[0.8907,5.82764],[0.8907,5.82792],[0.89125,5.82792],[0.89125,5.8282],[0.89236,5.8282]]],[[[0.89849,5.82597],[0.89849,5.81638],[0.88423,5.81638],[0.88423,5.82208],[0.88458,5.82208],[0.88458,5.82236],[0.88542,5.82236],[0.88542,5.82264],[0.88597,5.82264],[0.88597,5.82292],[0.88625,5.82292],[0.88625,5.82347],[0.88597,5.82347],[0.88597,5.82403],[0.88569,5.82403],[0.88569,5.82458],[0.88597,5.82458],[0.88597,5.82486],[0.88625,5.82486],[0.88625,5.82597],[0.8868,5.82597],[0.8868,5.82625],[0.88708,5.82625],[0.88708,5.82653],[0.88736,5.82653],[0.88736,5.82625],[0.88764,5.82625],[0.88764,5.82542],[0.88736,5.82542],[0.88736,5.82486],[0.88708,5.82486],[0.88708,5.82431],[0.88736,5.82431],[0.88736,5.82403],[0.88875,5.82403],[0.88875,5.82431],[0.89236,5.82431],[0.89236,5.82458],[0.89319,5.82458],[0.89319,5.82486],[0.89458,5.82486],[0.89458,5.82514],[0.89653,5.82514],[0.89653,5.82542],[0.89736,5.82542],[0.89736,5.8257],[0.89764,5.8257],[0.89764,5.82625],[0.89819,5.82625],[0.89819,5.82597],[0.89849,5.82597]]],[[[0.88423,5.82319],[0.88423,5.8257],[0.88458,5.8257],[0.88458,5.82542],[0.88514,5.82542],[0.88514,5.82431],[0.88486,5.82431],[0.88486,5.82347],[0.8843,5.82347],[0.8843,5.82319],[0.88423,5.82319]]]]},"properties":{"region":"Volta","district":"Keta","floods_1m":1,"floods_2m":1,"floods_3m":1,"first_flood_m":1,"nests":true,"area_km2":1.632}},{"type":"Feature","geometry":{"type":"Polygon","coordinates":[[[0.81294,5.77236],[0.81292,5.77236],[0.81292,5.77208],[0.81153,5.77208],[0.81153,5.7718],[0.8082,5.7718],[0.8082,5.77153],[0.79868,5.77153],[0.79868,5.77361],[0.81294,5.77361],[0.81294,5.77236]]]},"properties":{"region":"Volta","district":"Keta","floods_1m":1,"floods_2m":1,"floods_3m":1,"first_flood_m":1,"nests":true,"area_km2":0.344}},{"type":"Feature","geometry":{"type":"Polygon","coordinates":[[[-2.78007,5.02625],[-2.78097,5.02625],[-2.78097,5.02653],[-2.78236,5.02653],[-2.78236,5.02681],[-2.78347,5.02681],[-2.78347,5.02708],[-2.78458,5.02708],[-2.78458,5.02736],[-2.78542,5.02736],[-2.78542,5.02764],[-2.78569,5.02764],[-2.78569,5.02736],[-2.78625,5.02736],[-2.78625,5.02764],[-2.78792,5.02764],[-2.78792,5.02792],[-2.78903,5.02792],[-2.78903,5.02819],[-2.79125,5.02819],[-2.79125,5.02847],[-2.79264,5.02847],[-2.79264,5.02875],[-2.79403,5.02875],[-2.79403,5.02903],[-2.79433,5.02903],[-2.79433,5.03219],[-2.78007,5.03219],[-2.78007,5.02625]]]},"properties":{"region":"Western","district":"Jomoro","floods_1m":1,"floods_2m":1,"floods_3m":1,"first_flood_m":1,"nests":true,"area_km2":0.8}},{"type":"Feature","geometry":{"type":"Polygon","coordinates":[[[0.85572,5.85916],[0.84146,5.85916],[0.84146,5.87341],[0.85572,5.87341],[0.85572,5.85916]]]},"properties":{"region":"Volta","district":"Keta","floods_1m":1,"floods_2m":1,"floods_3m":1,"first_flood_m":1,"nests":true,"area_km2":2.499}},{"type":"Feature","geometry":{"type":"Polygon","coordinates":[[[-2.72304,5.01347],[-2.72347,5.01347],[-2.72347,5.01375],[-2.72403,5.01375],[-2.72403,5.01403],[-2.72486,5.01403],[-2.72486,5.01431],[-2.72542,5.01431],[-2.72542,5.01458],[-2.7268,5.01458],[-2.7268,5.01486],[-2.72736,5.01486],[-2.72736,5.01514],[-2.72847,5.01514],[-2.72847,5.01542],[-2.73014,5.01542],[-2.73014,5.0157],[-2.73153,5.0157],[-2.73153,5.01597],[-2.73292,5.01597],[-2.73292,5.01625],[-2.73458,5.01625],[-2.73458,5.01653],[-2.73597,5.01653],[-2.73597,5.01681],[-2.7373,5.01681],[-2.7373,5.01794],[-2.72304,5.01794],[-2.72304,5.01347]]]},"properties":{"region":"Western","district":"Jomoro","floods_1m":1,"floods_2m":1,"floods_3m":1,"first_flood_m":1,"nests":true,"area_km2":0.435}},{"type":"Feature","geometry":{"type":"Polygon","coordinates":[[[-0.91227,5.23181],[-0.92653,5.23181],[-0.92653,5.24606],[-0.91227,5.24606],[-0.91227,5.23181]]]},"properties":{"region":"Central","district":"Mfantsiman","floods_1m":0,"floods_2m":1,"floods_3m":1,"first_flood_m":2,"nests":true,"area_km2":2.502}},{"type":"Feature","geometry":{"type":"Polygon","coordinates":[[[0.81294,5.88767],[0.79868,5.88767],[0.79868,5.90193],[0.81294,5.90193],[0.81294,5.88767]]]},"properties":{"region":"Volta","district":"Keta","floods_1m":1,"floods_2m":1,"floods_3m":1,"first_flood_m":1,"nests":true,"area_km2":2.501}},{"type":"Feature","geometry":{"type":"Polygon","coordinates":[[[0.91275,5.78787],[0.89849,5.78787],[0.89849,5.7892],[0.89849,5.80212],[0.91275,5.80212],[0.91275,5.7892],[0.91275,5.78787]]]},"properties":{"region":"Volta","district":"Keta","floods_1m":1,"floods_2m":1,"floods_3m":1,"first_flood_m":1,"nests":true,"area_km2":2.5}},{"type":"Feature","geometry":{"type":"Polygon","coordinates":[[[0.8272,5.9447],[0.81956,5.9447],[0.82101,5.94648],[0.82708,5.95716],[0.8272,5.95743],[0.8272,5.9447]]]},"properties":{"region":"Volta","district":"Keta","floods_1m":1,"floods_2m":1,"floods_3m":1,"first_flood_m":1,"nests":true,"area_km2":0.566}},{"type":"Feature","geometry":{"type":"Polygon","coordinates":[[[-1.12614,5.17153],[-1.12625,5.17153],[-1.12625,5.17125],[-1.12708,5.17125],[-1.12708,5.17097],[-1.12903,5.17097],[-1.12903,5.17069],[-1.12958,5.17069],[-1.12958,5.17042],[-1.13125,5.17042],[-1.13125,5.17014],[-1.13153,5.17014],[-1.13153,5.16986],[-1.13264,5.16986],[-1.13264,5.16903],[-1.13292,5.16903],[-1.13292,5.16847],[-1.13375,5.16847],[-1.13375,5.16875],[-1.13458,5.16875],[-1.13458,5.16847],[-1.13514,5.16847],[-1.13514,5.16819],[-1.13625,5.16819],[-1.13625,5.16792],[-1.13708,5.16792],[-1.13708,5.16764],[-1.13847,5.16764],[-1.13847,5.16736],[-1.1393,5.16736],[-1.1393,5.16708],[-1.1404,5.16708],[-1.1404,5.17477],[-1.12614,5.17477],[-1.12614,5.17153]]]},"properties":{"region":"Central","district":"Mfantsiman","floods_1m":1,"floods_2m":1,"floods_3m":1,"first_flood_m":1,"nests":true,"area_km2":0.983}},{"type":"Feature","geometry":{"type":"Polygon","coordinates":[[[0.78443,5.8449],[0.77017,5.8449],[0.77017,5.85916],[0.78443,5.85916],[0.78443,5.8449]]]},"properties":{"region":"Volta","district":"Keta","floods_1m":1,"floods_2m":1,"floods_3m":1,"first_flood_m":1,"nests":true,"area_km2":2.501}},{"type":"Feature","geometry":{"type":"Polygon","coordinates":[[[0.79868,5.81638],[0.78443,5.81638],[0.78443,5.83064],[0.79868,5.83064],[0.79868,5.81638]]]},"properties":{"region":"Volta","district":"Keta","floods_1m":1,"floods_2m":1,"floods_3m":1,"first_flood_m":1,"nests":true,"area_km2":2.5}},{"type":"Feature","geometry":{"type":"Polygon","coordinates":[[[-3.09375,5.08847],[-3.09431,5.08847],[-3.09431,5.08875],[-3.09597,5.08875],[-3.09597,5.08903],[-3.09764,5.08903],[-3.09764,5.08923],[-3.09375,5.08923],[-3.09375,5.08847]]]},"properties":{"region":"Western","district":"Jomoro","floods_1m":1,"floods_2m":1,"floods_3m":1,"first_flood_m":1,"nests":true,"area_km2":0.019}},{"type":"Feature","geometry":{"type":"Polygon","coordinates":[[[0.77017,5.88767],[0.75591,5.88767],[0.75591,5.90193],[0.77017,5.90193],[0.77017,5.88767]]]},"properties":{"region":"Volta","district":"Keta","floods_1m":1,"floods_2m":1,"floods_3m":1,"first_flood_m":1,"nests":true,"area_km2":2.501}},{"type":"Feature","geometry":{"type":"Polygon","coordinates":[[[-2.52343,5.00368],[-2.5344,5.00368],[-2.53414,5.00764],[-2.53379,5.01085],[-2.53306,5.0139],[-2.53112,5.01783],[-2.53105,5.01794],[-2.52343,5.01794],[-2.52343,5.00368]]]},"properties":{"region":"Western","district":"Nzema East","floods_1m":0,"floods_2m":1,"floods_3m":1,"first_flood_m":2,"nests":true,"area_km2":1.75}},{"type":"Feature","geometry":{"type":"Polygon","coordinates":[[[0.75591,5.83064],[0.74165,5.83064],[0.74165,5.8449],[0.75591,5.8449],[0.75591,5.83064]]]},"properties":{"region":"Volta","district":"Keta","floods_1m":1,"floods_2m":1,"floods_3m":1,"first_flood_m":1,"nests":true,"area_km2":2.501}},{"type":"Feature","geometry":{"type":"Polygon","coordinates":[[[-2.53768,4.98889],[-2.53865,4.98671],[-2.5423,4.98014],[-2.54415,4.97681],[-2.54569,4.97681],[-2.54569,4.97708],[-2.54708,4.97708],[-2.54708,4.97736],[-2.54792,4.97736],[-2.54792,4.97764],[-2.54986,4.97764],[-2.54986,4.97792],[-2.55069,4.97792],[-2.55069,4.97819],[-2.55125,4.97819],[-2.55125,4.97847],[-2.55194,4.97847],[-2.55194,4.98942],[-2.53768,4.98942],[-2.53768,4.98889]]]},"properties":{"region":"Western","district":"Jomoro","floods_1m":1,"floods_2m":1,"floods_3m":1,"first_flood_m":1,"nests":true,"area_km2":1.683}},{"type":"Feature","geometry":{"type":"Polygon","coordinates":[[[-2.50917,4.97516],[-2.52343,4.97516],[-2.52343,4.98942],[-2.50917,4.98942],[-2.50917,4.97516]]]},"properties":{"region":"Western","district":"Nzema East","floods_1m":1,"floods_2m":1,"floods_3m":1,"first_flood_m":1,"nests":true,"area_km2":2.505}},{"type":"Feature","geometry":{"type":"Polygon","coordinates":[[[0.8272,5.80212],[0.81294,5.80212],[0.81294,5.81638],[0.8272,5.81638],[0.8272,5.80212]]]},"properties":{"region":"Volta","district":"Keta","floods_1m":1,"floods_2m":1,"floods_3m":1,"first_flood_m":1,"nests":true,"area_km2":2.501}},{"type":"Feature","geometry":{"type":"Polygon","coordinates":[[[0.94126,5.7968],[0.94126,5.80212],[0.94681,5.80212],[0.94681,5.80208],[0.94653,5.80208],[0.94653,5.80181],[0.94625,5.80181],[0.94625,5.80153],[0.94569,5.80153],[0.94569,5.80125],[0.94542,5.80125],[0.94542,5.80097],[0.94514,5.80097],[0.94514,5.8007],[0.94486,5.8007],[0.94486,5.80042],[0.94458,5.80042],[0.94458,5.80014],[0.94431,5.80014],[0.94431,5.79986],[0.94458,5.79986],[0.94458,5.79958],[0.94431,5.79958],[0.94431,5.7993],[0.94403,5.7993],[0.94403,5.79903],[0.9432,5.79903],[0.94319,5.79875],[0.94292,5.79875],[0.94292,5.79847],[0.94264,5.79847],[0.94264,5.79792],[0.94236,5.79792],[0.94236,5.79736],[0.94208,5.79736],[0.94208,5.79708],[0.94153,5.79708],[0.94153,5.7968],[0.94126,5.7968]]]},"properties":{"region":"Volta","district":"Keta","floods_1m":1,"floods_2m":1,"floods_3m":1,"first_flood_m":1,"nests":true,"area_km2":0.178}},{"type":"Feature","geometry":{"type":"Polygon","coordinates":[[[0.86997,5.98748],[0.85572,5.98748],[0.85572,6.00174],[0.86997,6.00174],[0.86997,5.98748]]]},"properties":{"region":"Volta","district":"Keta","floods_1m":1,"floods_2m":1,"floods_3m":1,"first_flood_m":1,"nests":true,"area_km2":2.499}},{"type":"Feature","geometry":{"type":"Polygon","coordinates":[[[0.94126,5.88292],[0.94126,5.87486],[0.94125,5.87486],[0.94125,5.87458],[0.94097,5.87458],[0.94097,5.87403],[0.94125,5.87403],[0.94125,5.87347],[0.94014,5.87347],[0.94014,5.87341],[0.93014,5.87341],[0.93014,5.87347],[0.92931,5.87347],[0.92931,5.87375],[0.92875,5.87375],[0.92875,5.87403],[0.92819,5.87403],[0.92819,5.8743],[0.92764,5.8743],[0.92764,5.87458],[0.92736,5.87458],[0.92736,5.87486],[0.92708,5.87486],[0.92708,5.87514],[0.92701,5.87514],[0.92701,5.87653],[0.92708,5.87653],[0.92708,5.87708],[0.92736,5.87708],[0.92736,5.87736],[0.92764,5.87736],[0.92764,5.87764],[0.92792,5.87764],[0.92792,5.87792],[0.92875,5.87792],[0.92875,5.87819],[0.92931,5.87819],[0.92931,5.87847],[0.93014,5.87847],[0.93014,5.87875],[0.93042,5.87875],[0.93042,5.87847],[0.93069,5.87847],[0.93069,5.87819],[0.93153,5.87819],[0.93153,5.87847],[0.9318,5.87847],[0.9318,5.87903],[0.93153,5.87903],[0.93153,5.87958],[0.93208,5.87958],[0.93208,5.87986],[0.93264,5.87986],[0.93264,5.88014],[0.93319,5.88014],[0.93319,5.88042],[0.93375,5.88042],[0.93375,5.8807],[0.93458,5.8807],[0.93458,5.88097],[0.93486,5.88097],[0.93486,5.88125],[0.93514,5.88125],[0.93514,5.88153],[0.93542,5.88153],[0.93542,5.8818],[0.93569,5.8818],[0.93569,5.88208],[0.93597,5.88208],[0.93597,5.88236],[0.93625,5.88236],[0.93625,5.88264],[0.93653,5.88264],[0.93653,5.88292],[0.93681,5.88292],[0.93681,5.88319],[0.93708,5.88319],[0.93708,5.88347],[0.93736,5.88347],[0.93736,5.88375],[0.94042,5.88375],[0.94042,5.88319],[0.94069,5.88319],[0.94069,5.88292],[0.94126,5.88292]]]},"properties":{"region":"Volta","district":"Keta","floods_1m":1,"floods_2m":1,"floods_3m":1,"first_flood_m":1,"nests":true,"area_km2":1.274}},{"type":"Feature","geometry":{"type":"Polygon","coordinates":[[[0.89849,5.98792],[0.88986,5.98792],[0.88986,5.9882],[0.88903,5.9882],[0.88903,5.98847],[0.88764,5.98847],[0.88764,5.98875],[0.8868,5.98875],[0.8868,5.98903],[0.88625,5.98903],[0.88625,5.98931],[0.88597,5.98931],[0.88597,5.98958],[0.88569,5.98958],[0.88569,5.98986],[0.88542,5.98986],[0.88542,5.99125],[0.88569,5.99125],[0.88569,5.99153],[0.88625,5.99153],[0.88625,5.99181],[0.88736,5.99181],[0.88736,5.99208],[0.88792,5.99208],[0.88792,5.99236],[0.88875,5.99236],[0.88875,5.99264],[0.88903,5.99264],[0.88903,5.99292],[0.89042,5.99292],[0.89042,5.99319],[0.89097,5.99319],[0.89097,5.99347],[0.89125,5.99347],[0.89125,5.99431],[0.89181,5.99431],[0.89181,5.99458],[0.89208,5.99458],[0.89208,5.99486],[0.89236,5.99486],[0.89236,5.99514],[0.89264,5.99514],[0.89264,5.99542],[0.89292,5.99542],[0.89292,5.99597],[0.89319,5.99597],[0.89319,5.99625],[0.89347,5.99625],[0.89347,5.99653],[0.89431,5.99653],[0.89431,5.99681],[0.89514,5.99681],[0.89514,5.99708],[0.89569,5.99708],[0.89569,5.99736],[0.89625,5.99736],[0.89625,5.99764],[0.89653,5.99764],[0.89653,5.99792],[0.89764,5.99792],[0.89764,5.99819],[0.89792,5.99819],[0.89792,5.99847],[0.89819,5.99847],[0.89819,5.99875],[0.89847,5.99875],[0.89847,5.99986],[0.89847,6.00014],[0.89764,6.00014],[0.89764,6.00042],[0.89736,6.00042],[0.89736,6.00069],[0.89708,6.00069],[0.89708,6.00097],[0.89681,6.00097],[0.89681,6.00125],[0.89625,6.00125],[0.89625,6.00153],[0.89569,6.00153],[0.89569,6.00125],[0.89486,6.00125],[0.89486,6.00097],[0.89403,6.00097],[0.89403,6.00069],[0.89292,6.00069],[0.89292,6.00042],[0.89264,6.00042],[0.89264,6.00014],[0.89264,5.99986],[0.89236,5.99986],[0.89236,5.99958],[0.89208,5.99958],[0.89208,5.99931],[0.89153,5.99931],[0.89153,5.99903],[0.89097,5.99903],[0.89097,5.99875],[0.8907,5.99875],[0.8907,5.99819],[0.89042,5.99819],[0.89042,5.99653],[0.89014,5.99653],[0.89014,5.99625],[0.88986,5.99625],[0.88986,5.99597],[0.8893,5.99597],[0.8893,5.99569],[0.88819,5.99569],[0.88819,5.99597],[0.8868,5.99597],[0.8868,5.99625],[0.88597,5.99625],[0.88597,5.99653],[0.88423,5.99653],[0.88423,6.00174],[0.89849,6.00174],[0.89849,5.98792]]]},"properties":{"region":"Volta","district":"Keta","floods_1m":1,"floods_2m":1,"floods_3m":1,"first_flood_m":1,"nests":true,"area_km2":1.618}},{"type":"Feature","geometry":{"type":"Polygon","coordinates":[[[0.78443,5.83064],[0.77017,5.83064],[0.77017,5.8449],[0.78443,5.8449],[0.78443,5.83064]]]},"properties":{"region":"Volta","district":"Keta","floods_1m":1,"floods_2m":1,"floods_3m":1,"first_flood_m":1,"nests":true,"area_km2":2.501}},{"type":"Feature","geometry":{"type":"Polygon","coordinates":[[[-2.23827,4.8611],[-2.24097,4.8611],[-2.24097,4.86181],[-2.24125,4.86181],[-2.24125,4.86264],[-2.24153,4.86264],[-2.24153,4.86292],[-2.24181,4.86292],[-2.24181,4.86319],[-2.24236,4.86319],[-2.24236,4.86347],[-2.24292,4.86347],[-2.24292,4.86375],[-2.24319,4.86375],[-2.24319,4.86403],[-2.24347,4.86403],[-2.24347,4.86431],[-2.24375,4.86431],[-2.24375,4.86458],[-2.24403,4.86458],[-2.24403,4.86486],[-2.24431,4.86486],[-2.24431,4.86597],[-2.24403,4.86597],[-2.24403,4.86653],[-2.24431,4.86653],[-2.24431,4.86708],[-2.24458,4.86708],[-2.24458,4.86958],[-2.24486,4.86958],[-2.24486,4.87236],[-2.24569,4.87236],[-2.24569,4.87319],[-2.24542,4.87319],[-2.24542,4.87431],[-2.24597,4.87431],[-2.24597,4.87458],[-2.24625,4.87458],[-2.24625,4.87486],[-2.24653,4.87486],[-2.24653,4.87514],[-2.24681,4.87514],[-2.24681,4.87536],[-2.23827,4.87536],[-2.23827,4.8611]]]},"properties":{"region":"Western","district":"Nzema East","floods_1m":1,"floods_2m":1,"floods_3m":1,"first_flood_m":1,"nests":true,"area_km2":1.043}},{"type":"Feature","geometry":{"type":"Polygon","coordinates":[[[0.81294,5.77236],[0.81294,5.77361],[0.82236,5.77361],[0.82236,5.77347],[0.82181,5.77347],[0.82181,5.77319],[0.81847,5.77319],[0.81847,5.77292],[0.81514,5.77292],[0.81514,5.77264],[0.81375,5.77264],[0.81375,5.77236],[0.81294,5.77236]]]},"properties":{"region":"Volta","district":"Keta","floods_1m":1,"floods_2m":1,"floods_3m":1,"first_flood_m":1,"nests":true,"area_km2":0.076}},{"type":"Feature","geometry":{"type":"Polygon","coordinates":[[[-0.89802,5.21755],[-0.91227,5.21755],[-0.91227,5.23181],[-0.89802,5.23181],[-0.89802,5.21755]]]},"properties":{"region":"Central","district":"Mfantsiman","floods_1m":1,"floods_2m":1,"floods_3m":1,"first_flood_m":1,"nests":true,"area_km2":2.502}},{"type":"Feature","geometry":{"type":"Polygon","coordinates":[[[0.96978,5.82681],[0.96958,5.82681],[0.96958,5.82542],[0.9693,5.82542],[0.9693,5.82486],[0.96903,5.82486],[0.96903,5.82458],[0.96875,5.82458],[0.96875,5.82431],[0.96847,5.82431],[0.96847,5.82403],[0.9682,5.82403],[0.9682,5.82375],[0.96792,5.82375],[0.96792,5.82347],[0.96708,5.82347],[0.96708,5.82319],[0.9668,5.82319],[0.9668,5.82236],[0.96653,5.82236],[0.96653,5.82208],[0.96625,5.82208],[0.96625,5.82153],[0.96597,5.82153],[0.96597,5.82125],[0.9657,5.82125],[0.9657,5.82069],[0.96542,5.82069],[0.96542,5.82042],[0.96486,5.82042],[0.96486,5.82014],[0.96458,5.82014],[0.96458,5.81986],[0.9643,5.81986],[0.9643,5.81958],[0.96403,5.81958],[0.96403,5.8193],[0.96375,5.8193],[0.96375,5.81903],[0.96347,5.81903],[0.96347,5.81875],[0.9632,5.81875],[0.9632,5.81847],[0.96292,5.81847],[0.96292,5.81819],[0.96264,5.81819],[0.96264,5.81792],[0.96236,5.81792],[0.96236,5.81736],[0.96208,5.81736],[0.96208,5.81708],[0.96153,5.81708],[0.96153,5.8168],[0.96125,5.8168],[0.96125,5.81638],[0.95552,5.81638],[0.95552,5.83064],[0.96978,5.83064],[0.96978,5.82681]]]},"properties":{"region":"Volta","district":"Keta","floods_1m":1,"floods_2m":1,"floods_3m":1,"first_flood_m":1,"nests":true,"area_km2":2.006}},{"type":"Feature","geometry":{"type":"Polygon","coordinates":[[[0.77017,5.80212],[0.75591,5.80212],[0.75591,5.81638],[0.77017,5.81638],[0.77017,5.80212]]]},"properties":{"region":"Volta","district":"Keta","floods_1m":1,"floods_2m":1,"floods_3m":1,"first_flood_m":1,"nests":true,"area_km2":2.501}},{"type":"Feature","geometry":{"type":"Polygon","coordinates":[[[0.84146,5.80212],[0.8272,5.80212],[0.8272,5.81638],[0.84146,5.81638],[0.84146,5.80212]]]},"properties":{"region":"Volta","district":"Keta","floods_1m":1,"floods_2m":1,"floods_3m":1,"first_flood_m":1,"nests":true,"area_km2":2.501}},{"type":"Feature","geometry":{"type":"Polygon","coordinates":[[[0.78443,5.87341],[0.77017,5.87341],[0.77017,5.88767],[0.78443,5.88767],[0.78443,5.87341]]]},"properties":{"region":"Volta","district":"Keta","floods_1m":1,"floods_2m":1,"floods_3m":1,"first_flood_m":1,"nests":true,"area_km2":2.501}},{"type":"Feature","geometry":{"type":"Polygon","coordinates":[[[-1.09763,5.18736],[-1.09764,5.18736],[-1.09764,5.18708],[-1.09822,5.18711],[-1.09819,5.18681],[-1.09851,5.18684],[-1.09847,5.18653],[-1.09883,5.18653],[-1.09903,5.18653],[-1.09903,5.18634],[-1.09903,5.18625],[-1.09931,5.18625],[-1.09931,5.18603],[-1.10014,5.18597],[-1.10014,5.18569],[-1.1007,5.18569],[-1.1007,5.18542],[-1.10208,5.18542],[-1.10208,5.18514],[-1.10236,5.18514],[-1.10236,5.18486],[-1.10292,5.18486],[-1.10292,5.18458],[-1.10319,5.18458],[-1.10319,5.18431],[-1.10347,5.18431],[-1.10347,5.18375],[-1.10375,5.18375],[-1.10375,5.18347],[-1.10403,5.18347],[-1.10403,5.1832],[-1.10431,5.1832],[-1.10431,5.18292],[-1.10458,5.18292],[-1.10458,5.18264],[-1.10514,5.18264],[-1.10514,5.18236],[-1.10542,5.18236],[-1.10542,5.18208],[-1.10597,5.18208],[-1.10597,5.18181],[-1.10625,5.18181],[-1.10625,5.18125],[-1.10601,5.18125],[-1.10597,5.18097],[-1.10625,5.18097],[-1.10625,5.1807],[-1.10653,5.1807],[-1.10653,5.18042],[-1.1068,5.18042],[-1.1068,5.18014],[-1.10764,5.18014],[-1.10764,5.17986],[-1.10847,5.17986],[-1.10847,5.17958],[-1.10903,5.17958],[-1.10903,5.17986],[-1.1107,5.17986],[-1.1107,5.17958],[-1.11125,5.17958],[-1.11125,5.17931],[-1.11189,5.17931],[-1.11189,5.18903],[-1.09763,5.18903],[-1.09763,5.18736]]]},"properties":{"region":"Central","district":"Mfantsiman","floods_1m":1,"floods_2m":1,"floods_3m":1,"first_flood_m":1,"nests":true,"area_km2":1.091}},{"type":"Feature","geometry":{"type":"Polygon","coordinates":[[[-3.05097,5.08923],[-3.06523,5.08923],[-3.06523,5.10348],[-3.05097,5.10348],[-3.05097,5.08923]]]},"properties":{"region":"Western","district":"Jomoro","floods_1m":0,"floods_2m":0,"floods_3m":1,"first_flood_m":3,"nests":true,"area_km2":2.503}},{"type":"Feature","geometry":{"type":"Polygon","coordinates":[[[0.85572,5.8449],[0.84146,5.8449],[0.84146,5.85916],[0.85572,5.85916],[0.85572,5.8449]]]},"properties":{"region":"Volta","district":"Keta","floods_1m":1,"floods_2m":1,"floods_3m":1,"first_flood_m":1,"nests":true,"area_km2":2.501}},{"type":"Feature","geometry":{"type":"Polygon","coordinates":[[[-0.84098,5.20958],[-0.84208,5.20958],[-0.84208,5.2093],[-0.84681,5.2093],[-0.84681,5.20903],[-0.84847,5.20903],[-0.84847,5.2093],[-0.84958,5.2093],[-0.84958,5.20903],[-0.84986,5.20903],[-0.84986,5.20875],[-0.85208,5.20875],[-0.85208,5.20847],[-0.85347,5.20847],[-0.85347,5.20875],[-0.85458,5.20875],[-0.85458,5.20847],[-0.85524,5.20847],[-0.85524,5.21755],[-0.84098,5.21755],[-0.84098,5.20958]]]},"properties":{"region":"Central","district":"Mfantsiman","floods_1m":0,"floods_2m":0,"floods_3m":1,"first_flood_m":3,"nests":true,"area_km2":1.495}},{"type":"Feature","geometry":{"type":"Polygon","coordinates":[[[-2.85136,5.0407],[-2.85153,5.0407],[-2.85153,5.04097],[-2.85264,5.04097],[-2.85264,5.04125],[-2.85403,5.04125],[-2.85403,5.04153],[-2.8557,5.04153],[-2.8557,5.0418],[-2.85736,5.0418],[-2.85736,5.04208],[-2.85875,5.04208],[-2.85875,5.04236],[-2.86042,5.04236],[-2.86042,5.04264],[-2.8618,5.04264],[-2.8618,5.04292],[-2.86347,5.04292],[-2.86347,5.04319],[-2.86514,5.04319],[-2.86514,5.04347],[-2.86562,5.04347],[-2.86562,5.04645],[-2.85136,5.04645],[-2.85136,5.0407]]]},"properties":{"region":"Western","district":"Jomoro","floods_1m":1,"floods_2m":1,"floods_3m":1,"first_flood_m":1,"nests":true,"area_km2":0.753}},{"type":"Feature","geometry":{"type":"Polygon","coordinates":[[[0.85572,5.9447],[0.84146,5.9447],[0.84146,5.95896],[0.85572,5.95896],[0.85572,5.9447]]]},"properties":{"region":"Volta","district":"Keta","floods_1m":1,"floods_2m":1,"floods_3m":1,"first_flood_m":1,"nests":true,"area_km2":2.501}},{"type":"Feature","geometry":{"type":"Polygon","coordinates":[[[0.79868,5.77361],[0.78443,5.77361],[0.78443,5.78787],[0.79868,5.78787],[0.79868,5.77361]]]},"properties":{"region":"Volta","district":"Keta","floods_1m":1,"floods_2m":1,"floods_3m":1,"first_flood_m":1,"nests":true,"area_km2":2.5}},{"type":"Feature","geometry":{"type":"Polygon","coordinates":[[[0.84146,5.9447],[0.8272,5.9447],[0.8272,5.95743],[0.82791,5.95896],[0.84146,5.95896],[0.84146,5.9447]]]},"properties":{"region":"Volta","district":"Keta","floods_1m":1,"floods_2m":1,"floods_3m":1,"first_flood_m":1,"nests":true,"area_km2":2.494}},{"type":"Feature","geometry":{"type":"Polygon","coordinates":[[[0.84146,5.85916],[0.8272,5.85916],[0.8272,5.87341],[0.84146,5.87341],[0.84146,5.85916]]]},"properties":{"region":"Volta","district":"Keta","floods_1m":1,"floods_2m":1,"floods_3m":1,"first_flood_m":1,"nests":true,"area_km2":2.499}},{"type":"Feature","geometry":{"type":"Polygon","coordinates":[[[0.86997,5.8449],[0.85572,5.8449],[0.85572,5.85916],[0.86997,5.85916],[0.86997,5.8449]]]},"properties":{"region":"Volta","district":"Keta","floods_1m":1,"floods_2m":1,"floods_3m":1,"first_flood_m":1,"nests":true,"area_km2":2.499}},{"type":"Feature","geometry":{"type":"Polygon","coordinates":[[[0.79868,5.77153],[0.79764,5.77153],[0.79764,5.7718],[0.79486,5.7718],[0.79486,5.77208],[0.79375,5.77208],[0.79375,5.77236],[0.79125,5.77236],[0.79125,5.77208],[0.78653,5.77208],[0.78653,5.77236],[0.78443,5.77236],[0.78443,5.77361],[0.79868,5.77361],[0.79868,5.77153]]]},"properties":{"region":"Volta","district":"Keta","floods_1m":1,"floods_2m":1,"floods_3m":1,"first_flood_m":1,"nests":true,"area_km2":0.269}},{"type":"Feature","geometry":{"type":"Polygon","coordinates":[[[0.98404,5.87341],[0.96978,5.87341],[0.96978,5.87986],[0.96986,5.87986],[0.96986,5.88014],[0.97014,5.88014],[0.97014,5.88125],[0.96986,5.88125],[0.96986,5.8818],[0.96978,5.8818],[0.96978,5.88767],[0.98404,5.88767],[0.98404,5.87341]]]},"properties":{"region":"Volta","district":"Keta","floods_1m":1,"floods_2m":1,"floods_3m":1,"first_flood_m":1,"nests":true,"area_km2":2.495}},{"type":"Feature","geometry":{"type":"Polygon","coordinates":[[[-0.94079,5.21755],[-0.95505,5.21755],[-0.95505,5.23181],[-0.94079,5.23181],[-0.94079,5.21755]]]},"properties":{"region":"Central","district":"Mfantsiman","floods_1m":1,"floods_2m":1,"floods_3m":1,"first_flood_m":1,"nests":true,"area_km2":2.504}},{"type":"Feature","geometry":{"type":"Polygon","coordinates":[[[0.85572,5.97322],[0.84146,5.97322],[0.84146,5.98748],[0.85572,5.98748],[0.85572,5.97322]]]},"properties":{"region":"Volta","district":"Keta","floods_1m":1,"floods_2m":1,"floods_3m":1,"first_flood_m":1,"nests":true,"area_km2":2.501}},{"type":"Feature","geometry":{"type":"Polygon","coordinates":[[[0.84146,6.01599],[0.83054,6.01599],[0.83126,6.01783],[0.8331,6.02063],[0.83456,6.02213],[0.83624,6.02337],[0.84146,6.02588],[0.84146,6.01599]]]},"properties":{"region":"Volta","district":"Keta","floods_1m":0,"floods_2m":0,"floods_3m":1,"first_flood_m":3,"nests":true,"area_km2":0.872}},{"type":"Feature","geometry":{"type":"MultiPolygon","coordinates":[[[[0.86997,5.96431],[0.86958,5.96431],[0.86958,5.96403],[0.86764,5.96403],[0.86764,5.96431],[0.86708,5.96431],[0.86708,5.96458],[0.86625,5.96458],[0.86625,5.96486],[0.86542,5.96486],[0.86542,5.96514],[0.86403,5.96514],[0.86403,5.96486],[0.86375,5.96486],[0.86375,5.96431],[0.86347,5.96431],[0.86347,5.96403],[0.86319,5.96403],[0.86319,5.96375],[0.86208,5.96375],[0.86208,5.96347],[0.8607,5.96347],[0.8607,5.96319],[0.86014,5.96319],[0.86014,5.96292],[0.85931,5.96292],[0.85931,5.96264],[0.85903,5.96264],[0.85903,5.96208],[0.85875,5.96208],[0.85875,5.96153],[0.85847,5.96153],[0.85847,5.96097],[0.8582,5.96097],[0.8582,5.96069],[0.85792,5.96069],[0.85792,5.96042],[0.85764,5.96042],[0.85764,5.95986],[0.85736,5.95986],[0.85736,5.95896],[0.85572,5.95896],[0.85572,5.97322],[0.86997,5.97322],[0.86997,5.96431]]],[[[0.86997,5.95958],[0.86997,5.95896],[0.86708,5.95896],[0.86708,5.95903],[0.86681,5.95903],[0.86681,5.95986],[0.86708,5.95986],[0.86708,5.96042],[0.86736,5.96042],[0.86736,5.96069],[0.86903,5.96069],[0.86903,5.96014],[0.86931,5.96014],[0.86931,5.95986],[0.86986,5.95986],[0.86986,5.95958],[0.86997,5.95958]]]]},"properties":{"region":"Volta","district":"Keta","floods_1m":1,"floods_2m":1,"floods_3m":1,"first_flood_m":1,"nests":true,"area_km2":1.826}},{"type":"Feature","geometry":{"type":"Polygon","coordinates":[[[0.88423,5.99653],[0.88403,5.99653],[0.88403,5.99625],[0.88347,5.99625],[0.88347,5.99597],[0.88264,5.99597],[0.88264,5.99569],[0.88181,5.99569],[0.88181,5.99542],[0.88097,5.99542],[0.88097,5.99514],[0.88069,5.99514],[0.88069,5.99486],[0.88042,5.99486],[0.88042,5.99458],[0.88014,5.99458],[0.88014,5.99431],[0.87986,5.99431],[0.87986,5.99375],[0.87958,5.99375],[0.87958,5.99347],[0.87931,5.99347],[0.87931,5.99292],[0.87903,5.99292],[0.87903,5.99208],[0.87875,5.99208],[0.87875,5.99069],[0.87903,5.99069],[0.87903,5.99014],[0.87931,5.99014],[0.87931,5.98958],[0.87958,5.98958],[0.87958,5.98903],[0.87986,5.98903],[0.87986,5.98847],[0.88014,5.98847],[0.88014,5.9882],[0.88069,5.9882],[0.88069,5.98792],[0.88153,5.98792],[0.88153,5.98764],[0.88181,5.98764],[0.88181,5.98748],[0.86997,5.98748],[0.86997,6.00174],[0.88423,6.00174],[0.88423,5.99653]]]},"properties":{"region":"Volta","district":"Keta","floods_1m":1,"floods_2m":1,"floods_3m":1,"first_flood_m":1,"nests":true,"area_km2":2.036}},{"type":"Feature","geometry":{"type":"Polygon","coordinates":[[[0.75591,5.81638],[0.74165,5.81638],[0.74165,5.83064],[0.75591,5.83064],[0.75591,5.81638]]]},"properties":{"region":"Volta","district":"Keta","floods_1m":1,"floods_2m":1,"floods_3m":1,"first_flood_m":1,"nests":true,"area_km2":2.501}},{"type":"Feature","geometry":{"type":"Polygon","coordinates":[[[0.99181,5.91619],[0.98764,5.91619],[0.98764,5.91625],[0.98792,5.91625],[0.98792,5.91653],[0.9882,5.91653],[0.9882,5.91736],[0.98792,5.91736],[0.98792,5.91764],[0.98736,5.91764],[0.98736,5.91792],[0.98681,5.91792],[0.98681,5.91819],[0.98653,5.91819],[0.98653,5.91903],[0.98681,5.91903],[0.98681,5.91931],[0.98708,5.91931],[0.98708,5.91958],[0.98875,5.91958],[0.98875,5.91986],[0.98903,5.91986],[0.98903,5.92042],[0.98931,5.92042],[0.98931,5.92125],[0.98958,5.92125],[0.98958,5.9218],[0.98986,5.9218],[0.98986,5.92264],[0.99014,5.92264],[0.99014,5.92292],[0.99042,5.92292],[0.99042,5.9243],[0.99125,5.9243],[0.99125,5.92458],[0.99153,5.92458],[0.99153,5.92486],[0.99181,5.92486],[0.99181,5.92514],[0.99208,5.92514],[0.99208,5.92542],[0.99236,5.92542],[0.99236,5.92569],[0.99264,5.92569],[0.99264,5.92653],[0.99292,5.92653],[0.99292,5.92681],[0.99431,5.92681],[0.99431,5.92569],[0.99403,5.92569],[0.99403,5.92347],[0.99431,5.92347],[0.99431,5.92208],[0.99403,5.92208],[0.99403,5.92153],[0.99375,5.92153],[0.99375,5.92097],[0.99347,5.92097],[0.99347,5.92042],[0.99319,5.92042],[0.99319,5.91986],[0.99292,5.91986],[0.99292,5.91931],[0.99264,5.91931],[0.99264,5.91875],[0.99236,5.91875],[0.99236,5.91819],[0.99208,5.91819],[0.99208,5.91681],[0.99181,5.91681],[0.99181,5.91619]]]},"properties":{"region":"Volta","district":"Keta","floods_1m":1,"floods_2m":1,"floods_3m":1,"first_flood_m":1,"nests":true,"area_km2":0.502}},{"type":"Feature","geometry":{"type":"Polygon","coordinates":[[[0.8272,5.93045],[0.81294,5.93045],[0.81294,5.93988],[0.81618,5.94172],[0.81885,5.94384],[0.81956,5.9447],[0.8272,5.9447],[0.8272,5.93045]]]},"properties":{"region":"Volta","district":"Keta","floods_1m":1,"floods_2m":1,"floods_3m":1,"first_flood_m":1,"nests":true,"area_km2":2.277}},{"type":"Feature","geometry":{"type":"Polygon","coordinates":[[[-0.98356,5.20153],[-0.98431,5.20153],[-0.98431,5.20181],[-0.98986,5.20181],[-0.98986,5.20168],[-0.98986,5.20153],[-0.99782,5.20153],[-0.99782,5.20264],[-0.99764,5.20264],[-0.99764,5.20236],[-0.99625,5.20236],[-0.99625,5.20292],[-0.99708,5.20292],[-0.99708,5.2032],[-0.99782,5.2032],[-0.99782,5.20329],[-0.98356,5.20329],[-0.98356,5.20153]]]},"properties":{"region":"Central","district":"Mfantsiman","floods_1m":0,"floods_2m":0,"floods_3m":1,"first_flood_m":3,"nests":true,"area_km2":0.277}},{"type":"Feature","geometry":{"type":"MultiPolygon","coordinates":[[[[0.91275,5.8732],[0.91275,5.87341],[0.91292,5.87341],[0.91292,5.8732],[0.91275,5.8732]]],[[[0.91708,5.85916],[0.91275,5.85916],[0.91275,5.87264],[0.91292,5.87264],[0.91292,5.87208],[0.9132,5.87208],[0.9132,5.87181],[0.91347,5.87181],[0.91347,5.87153],[0.91375,5.87153],[0.91375,5.87125],[0.9143,5.87125],[0.9143,5.87153],[0.91458,5.87153],[0.91458,5.87097],[0.91681,5.87097],[0.91681,5.8707],[0.91903,5.8707],[0.91903,5.87042],[0.91931,5.87042],[0.91931,5.86986],[0.91958,5.86986],[0.91958,5.86958],[0.91986,5.86958],[0.91986,5.86931],[0.92014,5.86931],[0.92014,5.86903],[0.92042,5.86903],[0.92042,5.86875],[0.92069,5.86875],[0.92069,5.86847],[0.92097,5.86847],[0.92097,5.86792],[0.92125,5.86792],[0.92125,5.86764],[0.92153,5.86764],[0.92153,5.86736],[0.92181,5.86736],[0.92181,5.86681],[0.92208,5.86681],[0.92208,5.86653],[0.92236,5.86653],[0.92236,5.86625],[0.92208,5.86625],[0.92208,5.86514],[0.92236,5.86514],[0.92236,5.86403],[0.92208,5.86403],[0.92208,5.86375],[0.92181,5.86375],[0.92181,5.86347],[0.92153,5.86347],[0.92153,5.86319],[0.91986,5.86319],[0.91986,5.86292],[0.91958,5.86292],[0.91958,5.86236],[0.91931,5.86236],[0.91931,5.86208],[0.91875,5.86208],[0.91875,5.86181],[0.91819,5.86181],[0.91819,5.86153],[0.91791,5.86153],[0.91791,5.86097],[0.91764,5.86097],[0.91764,5.85986],[0.91736,5.85986],[0.91736,5.85958],[0.91708,5.85958],[0.91708,5.85916]]]]},"properties":{"region":"Volta","district":"Keta","floods_1m":1,"floods_2m":1,"floods_3m":1,"first_flood_m":1,"nests":true,"area_km2":1.089}},{"type":"Feature","geometry":{"type":"MultiPolygon","coordinates":[[[[0.89849,5.87341],[0.88423,5.87341],[0.88423,5.87847],[0.8843,5.87847],[0.8843,5.87875],[0.88458,5.87875],[0.88458,5.8793],[0.88486,5.8793],[0.88486,5.88042],[0.88458,5.88042],[0.88458,5.88097],[0.8843,5.88097],[0.8843,5.88153],[0.88423,5.88153],[0.88423,5.88236],[0.88653,5.88236],[0.88653,5.88208],[0.8868,5.88208],[0.8868,5.88097],[0.88708,5.88097],[0.88708,5.8807],[0.88847,5.8807],[0.88847,5.88097],[0.88875,5.88097],[0.88875,5.88153],[0.8893,5.88153],[0.8893,5.8818],[0.88958,5.8818],[0.88958,5.88319],[0.8893,5.88319],[0.8893,5.88347],[0.88847,5.88347],[0.88847,5.88375],[0.88819,5.88375],[0.88819,5.88486],[0.88847,5.88486],[0.88847,5.88514],[0.88903,5.88514],[0.88903,5.88542],[0.8893,5.88542],[0.8893,5.88569],[0.88958,5.88569],[0.88958,5.88597],[0.88986,5.88597],[0.88986,5.88625],[0.88958,5.88625],[0.88958,5.88653],[0.8893,5.88653],[0.8893,5.88681],[0.88958,5.88681],[0.88958,5.88764],[0.89042,5.88764],[0.89042,5.88736],[0.89125,5.88736],[0.89125,5.88708],[0.89208,5.88708],[0.89208,5.88736],[0.89264,5.88736],[0.89264,5.88764],[0.89319,5.88764],[0.89319,5.88767],[0.89849,5.88767],[0.89849,5.87341]]],[[[0.88423,5.88375],[0.88423,5.88767],[0.88736,5.88767],[0.88736,5.88764],[0.88764,5.88764],[0.88764,5.88736],[0.88736,5.88736],[0.88736,5.88569],[0.88708,5.88569],[0.88708,5.88486],[0.8868,5.88486],[0.8868,5.88375],[0.88653,5.88375],[0.88653,5.88347],[0.88486,5.88347],[0.88486,5.88375],[0.88423,5.88375]]]]},"properties":{"region":"Volta","district":"Keta","floods_1m":1,"floods_2m":1,"floods_3m":1,"first_flood_m":1,"nests":true,"area_km2":2.257}},{"type":"Feature","geometry":{"type":"Polygon","coordinates":[[[-2.89413,5.07497],[-2.90839,5.07497],[-2.90839,5.08923],[-2.89413,5.08923],[-2.89413,5.07497]]]},"properties":{"region":"Western","district":"Jomoro","floods_1m":1,"floods_2m":1,"floods_3m":1,"first_flood_m":1,"nests":true,"area_km2":2.504}},{"type":"Feature","geometry":{"type":"Polygon","coordinates":[[[-2.35233,4.93264],[-2.35264,4.93264],[-2.35264,4.93292],[-2.35347,4.93292],[-2.35347,4.9332],[-2.35431,4.9332],[-2.35431,4.93347],[-2.35542,4.93347],[-2.35542,4.93375],[-2.35764,4.93375],[-2.35764,4.93403],[-2.35819,4.93403],[-2.35819,4.93431],[-2.35875,4.93431],[-2.35875,4.93458],[-2.36014,4.93458],[-2.36014,4.93486],[-2.36069,4.93486],[-2.36069,4.93514],[-2.36125,4.93514],[-2.36125,4.93542],[-2.36264,4.93542],[-2.36264,4.9357],[-2.36347,4.9357],[-2.36347,4.93597],[-2.36431,4.93597],[-2.36431,4.93625],[-2.36514,4.93625],[-2.36514,4.93653],[-2.36625,4.93653],[-2.36625,4.9368],[-2.36659,4.9368],[-2.36659,4.94665],[-2.35233,4.94665],[-2.35233,4.93264]]]},"properties":{"region":"Western","district":"Nzema East","floods_1m":1,"floods_2m":1,"floods_3m":1,"first_flood_m":1,"nests":true,"area_km2":2.103}},{"type":"Feature","geometry":{"type":"Polygon","coordinates":[[[0.79868,5.78787],[0.78443,5.78787],[0.78443,5.7892],[0.78443,5.80212],[0.79868,5.80212],[0.79868,5.7892],[0.79868,5.78787]]]},"properties":{"region":"Volta","district":"Keta","floods_1m":1,"floods_2m":1,"floods_3m":1,"first_flood_m":1,"nests":true,"area_km2":2.498}},{"type":"Feature","geometry":{"type":"Polygon","coordinates":[[[-1.09763,5.18736],[-1.09763,5.18903],[-1.09542,5.18903],[-1.09542,5.18875],[-1.09569,5.18875],[-1.09569,5.18792],[-1.09597,5.18792],[-1.09597,5.18764],[-1.09708,5.18764],[-1.09708,5.18736],[-1.09763,5.18736]]]},"properties":{"region":"Central","district":"Mfantsiman","floods_1m":1,"floods_2m":1,"floods_3m":1,"first_flood_m":1,"nests":true,"area_km2":0.035}},{"type":"Feature","geometry":{"type":"Polygon","coordinates":[[[0.75591,5.8449],[0.74165,5.8449],[0.74165,5.85916],[0.75591,5.85916],[0.75591,5.8449]]]},"properties":{"region":"Volta","district":"Keta","floods_1m":1,"floods_2m":1,"floods_3m":1,"first_flood_m":1,"nests":true,"area_km2":2.501}},{"type":"Feature","geometry":{"type":"Polygon","coordinates":[[[-0.81247,5.21431],[-0.81264,5.21431],[-0.81264,5.21403],[-0.81319,5.21403],[-0.81319,5.21375],[-0.81403,5.21375],[-0.81403,5.21347],[-0.81458,5.21347],[-0.81458,5.21319],[-0.81597,5.21319],[-0.81597,5.21292],[-0.81764,5.21292],[-0.81764,5.21264],[-0.81931,5.21264],[-0.81931,5.21236],[-0.82014,5.21236],[-0.82014,5.21208],[-0.82042,5.21208],[-0.82042,5.21236],[-0.82125,5.21236],[-0.82125,5.21208],[-0.82292,5.21208],[-0.82292,5.21181],[-0.82319,5.21181],[-0.82319,5.21153],[-0.82625,5.21153],[-0.82625,5.21125],[-0.82673,5.21125],[-0.82673,5.21755],[-0.81247,5.21755],[-0.81247,5.21431]]]},"properties":{"region":"Central","district":"Mfantsiman","floods_1m":1,"floods_2m":1,"floods_3m":1,"first_flood_m":1,"nests":true,"area_km2":0.889}},{"type":"Feature","geometry":{"type":"Polygon","coordinates":[[[-2.3951,4.94665],[-2.40097,4.94665],[-2.40097,4.94681],[-2.40292,4.94681],[-2.40292,4.94708],[-2.40458,4.94708],[-2.40458,4.94736],[-2.40569,4.94736],[-2.40569,4.94764],[-2.40625,4.94764],[-2.40625,4.94792],[-2.40847,4.94792],[-2.40847,4.94819],[-2.40936,4.94819],[-2.40936,4.9609],[-2.3951,4.9609],[-2.3951,4.94665]]]},"properties":{"region":"Western","district":"Nzema East","floods_1m":1,"floods_2m":1,"floods_3m":1,"first_flood_m":1,"nests":true,"area_km2":2.422}},{"type":"Feature","geometry":{"type":"Polygon","coordinates":[[[0.81294,5.83064],[0.79868,5.83064],[0.79868,5.8449],[0.81294,5.8449],[0.81294,5.83064]]]},"properties":{"region":"Volta","district":"Keta","floods_1m":1,"floods_2m":1,"floods_3m":1,"first_flood_m":1,"nests":true,"area_km2":2.501}},{"type":"Feature","geometry":{"type":"Polygon","coordinates":[[[-1.01208,5.21755],[-1.02634,5.21755],[-1.02634,5.23181],[-1.01208,5.23181],[-1.01208,5.21755]]]},"properties":{"region":"Central","district":"Mfantsiman","floods_1m":1,"floods_2m":1,"floods_3m":1,"first_flood_m":1,"nests":true,"area_km2":2.504}},{"type":"Feature","geometry":{"type":"Polygon","coordinates":[[[0.91275,5.85181],[0.91264,5.85181],[0.91264,5.85153],[0.91236,5.85153],[0.91236,5.85097],[0.91208,5.85097],[0.91208,5.84903],[0.91236,5.84903],[0.91236,5.84875],[0.91208,5.84875],[0.91208,5.84708],[0.9118,5.84708],[0.9118,5.84653],[0.91153,5.84653],[0.91153,5.8457],[0.9118,5.8457],[0.9118,5.8449],[0.90986,5.8449],[0.90986,5.84514],[0.90958,5.84514],[0.90958,5.8457],[0.9093,5.8457],[0.9093,5.84597],[0.90903,5.84597],[0.90903,5.84625],[0.9082,5.84625],[0.9082,5.84653],[0.90764,5.84653],[0.90764,5.84681],[0.9068,5.84681],[0.9068,5.84708],[0.90653,5.84708],[0.90653,5.84736],[0.90486,5.84736],[0.90486,5.84764],[0.90347,5.84764],[0.90347,5.84736],[0.90264,5.84736],[0.90264,5.84708],[0.90208,5.84708],[0.90208,5.84681],[0.90153,5.84681],[0.90153,5.84653],[0.90125,5.84653],[0.90125,5.84625],[0.90097,5.84625],[0.90097,5.84597],[0.90069,5.84597],[0.90069,5.8449],[0.89849,5.8449],[0.89849,5.85916],[0.91275,5.85916],[0.91275,5.85181]]]},"properties":{"region":"Volta","district":"Keta","floods_1m":1,"floods_2m":1,"floods_3m":1,"first_flood_m":1,"nests":true,"area_km2":2.215}},{"type":"Feature","geometry":{"type":"Polygon","coordinates":[[[0.89849,6.01599],[0.88423,6.01599],[0.88423,6.03025],[0.89849,6.03025],[0.89849,6.01599]]]},"properties":{"region":"Volta","district":"Keta","floods_1m":1,"floods_2m":1,"floods_3m":1,"first_flood_m":1,"nests":true,"area_km2":2.5}},{"type":"Feature","geometry":{"type":"Polygon","coordinates":[[[-2.55194,4.98942],[-2.5662,4.98942],[-2.5662,5.00368],[-2.55194,5.00368],[-2.55194,4.98942]]]},"properties":{"region":"Western","district":"Jomoro","floods_1m":0,"floods_2m":0,"floods_3m":1,"first_flood_m":3,"nests":true,"area_km2":2.505}},{"type":"Feature","geometry":{"type":"Polygon","coordinates":[[[0.78443,5.91619],[0.77017,5.91619],[0.77017,5.92628],[0.78297,5.92671],[0.78443,5.92688],[0.78443,5.91619]]]},"properties":{"region":"Volta","district":"Keta","floods_1m":1,"floods_2m":1,"floods_3m":1,"first_flood_m":1,"nests":true,"area_km2":1.813}},{"type":"Feature","geometry":{"type":"Polygon","coordinates":[[[0.84146,5.93045],[0.8272,5.93045],[0.8272,5.9447],[0.84146,5.9447],[0.84146,5.93045]]]},"properties":{"region":"Volta","district":"Keta","floods_1m":1,"floods_2m":1,"floods_3m":1,"first_flood_m":1,"nests":true,"area_km2":2.499}},{"type":"Feature","geometry":{"type":"Polygon","coordinates":[[[-0.89802,5.20597],[-0.89903,5.20597],[-0.89903,5.2057],[-0.90014,5.2057],[-0.90014,5.20597],[-0.90431,5.20597],[-0.90431,5.2057],[-0.90653,5.2057],[-0.90653,5.20542],[-0.90931,5.20542],[-0.90931,5.20514],[-0.91042,5.20514],[-0.91042,5.20542],[-0.91227,5.20542],[-0.91227,5.21755],[-0.89802,5.21755],[-0.89802,5.20597]]]},"properties":{"region":"Central","district":"Mfantsiman","floods_1m":1,"floods_2m":1,"floods_3m":1,"first_flood_m":1,"nests":true,"area_km2":2.086}},{"type":"Feature","geometry":{"type":"Polygon","coordinates":[[[0.93014,5.87341],[0.94014,5.87341],[0.94014,5.8732],[0.93986,5.8732],[0.93986,5.87264],[0.93958,5.87264],[0.93958,5.87236],[0.93819,5.87236],[0.93819,5.87264],[0.93708,5.87264],[0.93708,5.87236],[0.93681,5.87236],[0.93681,5.87208],[0.93653,5.87208],[0.93653,5.87181],[0.93514,5.87181],[0.93514,5.87208],[0.93458,5.87208],[0.93458,5.87236],[0.93431,5.87236],[0.93431,5.87264],[0.93403,5.87264],[0.93403,5.87292],[0.93319,5.87292],[0.93319,5.87264],[0.93292,5.87264],[0.93292,5.87236],[0.93264,5.87236],[0.93264,5.87181],[0.93292,5.87181],[0.93292,5.87153],[0.93236,5.87153],[0.93236,5.87181],[0.93208,5.87181],[0.93208,5.87236],[0.9318,5.87236],[0.9318,5.87264],[0.93153,5.87264],[0.93153,5.87292],[0.93097,5.87292],[0.93097,5.8732],[0.93014,5.8732],[0.93014,5.87341]]]},"properties":{"region":"Volta","district":"Keta","floods_1m":1,"floods_2m":1,"floods_3m":1,"first_flood_m":1,"nests":true,"area_km2":0.118}},{"type":"Feature","geometry":{"type":"Polygon","coordinates":[[[1.11236,6.08728],[1.0981,6.08728],[1.0981,6.10154],[1.11236,6.10154],[1.11236,6.08728]]]},"properties":{"region":"Volta","district":"Ketu","floods_1m":1,"floods_2m":1,"floods_3m":1,"first_flood_m":1,"nests":true,"area_km2":2.5}},{"type":"Feature","geometry":{"type":"Polygon","coordinates":[[[0.95552,6.04451],[0.94126,6.04451],[0.94126,6.05877],[0.95552,6.05877],[0.95552,6.04451]]]},"properties":{"region":"Volta","district":"Ketu","floods_1m":1,"floods_2m":1,"floods_3m":1,"first_flood_m":1,"nests":true,"area_km2":2.5}},{"type":"Feature","geometry":{"type":"Polygon","coordinates":[[[0.96978,6.05877],[0.95552,6.05877],[0.95552,6.07303],[0.96978,6.07303],[0.96978,6.05877]]]},"properties":{"region":"Volta","district":"Ketu","floods_1m":1,"floods_2m":1,"floods_3m":1,"first_flood_m":1,"nests":true,"area_km2":2.5}},{"type":"Feature","geometry":{"type":"Polygon","coordinates":[[[-0.89802,5.23181],[-0.91227,5.23181],[-0.91227,5.24606],[-0.89802,5.24606],[-0.89802,5.23181]]]},"properties":{"region":"Central","district":"Mfantsiman","floods_1m":0,"floods_2m":1,"floods_3m":1,"first_flood_m":2,"nests":true,"area_km2":2.5}},{"type":"Feature","geometry":{"type":"MultiPolygon","coordinates":[[[[1.02347,5.97014],[1.02347,5.97181],[1.02319,5.97181],[1.02319,5.97322],[1.02569,5.97322],[1.02569,5.97292],[1.02542,5.97292],[1.02542,5.97264],[1.02514,5.97264],[1.02514,5.97236],[1.02486,5.97236],[1.02486,5.97208],[1.02458,5.97208],[1.02458,5.97181],[1.0243,5.97181],[1.0243,5.97125],[1.02403,5.97125],[1.02403,5.97014],[1.02347,5.97014]]],[[[1.02347,5.97014],[1.02347,5.96958],[1.02319,5.96958],[1.02319,5.96903],[1.02292,5.96903],[1.02292,5.96875],[1.02319,5.96875],[1.02319,5.96819],[1.02292,5.96819],[1.02292,5.96764],[1.02264,5.96764],[1.02264,5.96736],[1.02236,5.96736],[1.02236,5.96708],[1.02181,5.96708],[1.02181,5.96681],[1.02153,5.96681],[1.02153,5.96653],[1.02125,5.96653],[1.02125,5.96625],[1.02069,5.96625],[1.02069,5.96597],[1.01958,5.96597],[1.01958,5.96569],[1.01903,5.96569],[1.01903,5.96514],[1.0193,5.96514],[1.0193,5.96375],[1.0182,5.96375],[1.0182,5.96347],[1.01792,5.96347],[1.01792,5.96319],[1.01764,5.96319],[1.01764,5.96292],[1.01736,5.96292],[1.01736,5.96264],[1.01708,5.96264],[1.01708,5.96236],[1.01653,5.96236],[1.01653,5.96208],[1.01625,5.96208],[1.01625,5.9618],[1.01597,5.9618],[1.01597,5.96097],[1.01569,5.96097],[1.01569,5.95986],[1.01542,5.95986],[1.01542,5.9593],[1.01514,5.9593],[1.01514,5.95896],[1.01255,5.95896],[1.01255,5.96347],[1.01264,5.96347],[1.01264,5.96375],[1.0132,5.96375],[1.0132,5.96403],[1.01486,5.96403],[1.01486,5.96431],[1.01597,5.96431],[1.01597,5.96458],[1.01681,5.96458],[1.01681,5.96486],[1.01708,5.96486],[1.01708,5.96514],[1.01764,5.96514],[1.01764,5.96542],[1.01792,5.96542],[1.01792,5.96569],[1.0182,5.96569],[1.0182,5.96597],[1.01847,5.96597],[1.01847,5.96653],[1.01875,5.96653],[1.01875,5.96708],[1.01903,5.96708],[1.01903,5.96764],[1.0193,5.96764],[1.0193,5.96792],[1.01958,5.96792],[1.01958,5.96847],[1.01986,5.96847],[1.01986,5.97014],[1.02125,5.97014],[1.02125,5.97042],[1.02153,5.97042],[1.02153,5.97097],[1.02181,5.97097],[1.02181,5.97069],[1.02236,5.97069],[1.02236,5.97042],[1.02264,5.97042],[1.02264,5.97014],[1.02347,5.97014]]]]},"properties":{"region":"Volta","district":"Ketu","floods_1m":1,"floods_2m":1,"floods_3m":1,"first_flood_m":1,"nests":true,"area_km2":0.52}},{"type":"Feature","geometry":{"type":"Polygon","coordinates":[[[-2.59472,4.98708],[-2.59514,4.98708],[-2.59514,4.98736],[-2.59542,4.98736],[-2.59542,4.98764],[-2.59625,4.98764],[-2.59625,4.98792],[-2.59764,4.98792],[-2.59764,4.98819],[-2.59986,4.98819],[-2.59986,4.98847],[-2.60042,4.98847],[-2.60042,4.98819],[-2.60097,4.98819],[-2.60097,4.98847],[-2.60181,4.98847],[-2.60181,4.98875],[-2.60264,4.98875],[-2.60264,4.98847],[-2.60292,4.98847],[-2.60292,4.98875],[-2.60319,4.98875],[-2.60319,4.98903],[-2.60347,4.98903],[-2.60347,4.98931],[-2.60375,4.98931],[-2.60375,4.98903],[-2.60403,4.98903],[-2.60403,4.98931],[-2.60625,4.98931],[-2.60625,4.98942],[-2.59472,4.98942],[-2.59472,4.98708]]]},"properties":{"region":"Western","district":"Jomoro","floods_1m":1,"floods_2m":1,"floods_3m":1,"first_flood_m":1,"nests":true,"area_km2":0.14}},{"type":"Feature","geometry":{"type":"Polygon","coordinates":[[[1.04107,6.01599],[1.02681,6.01599],[1.02681,6.03025],[1.04107,6.03025],[1.04107,6.01599]]]},"properties":{"region":"Volta","district":"Ketu","floods_1m":1,"floods_2m":1,"floods_3m":1,"first_flood_m":1,"nests":true,"area_km2":2.5}},{"type":"Feature","geometry":{"type":"Polygon","coordinates":[[[-2.3951,4.98942],[-2.40936,4.98942],[-2.40936,5.00368],[-2.3951,5.00368],[-2.3951,4.98942]]]},"properties":{"region":"Western","district":"Nzema East","floods_1m":0,"floods_2m":0,"floods_3m":1,"first_flood_m":3,"nests":true,"area_km2":2.505}},{"type":"Feature","geometry":{"type":"MultiPolygon","coordinates":[[[[0.9983,6.01153],[0.9983,6.00514],[0.99792,6.00514],[0.99792,6.00542],[0.99681,6.00542],[0.99681,6.00514],[0.99653,6.00514],[0.99653,6.00486],[0.99569,6.00486],[0.99569,6.00458],[0.99375,6.00458],[0.99375,6.0043],[0.99347,6.0043],[0.99347,6.00403],[0.99153,6.00403],[0.99153,6.0043],[0.99125,6.0043],[0.99125,6.00542],[0.99181,6.00542],[0.99181,6.00569],[0.99236,6.00569],[0.99236,6.00597],[0.99264,6.00597],[0.99264,6.00764],[0.99236,6.00764],[0.99236,6.00819],[0.99264,6.00819],[0.99264,6.0093],[0.99153,6.0093],[0.99153,6.00958],[0.99125,6.00958],[0.99125,6.00986],[0.99097,6.00986],[0.99097,6.01014],[0.99069,6.01014],[0.99069,6.01069],[0.99042,6.01069],[0.99042,6.01125],[0.99069,6.01125],[0.99069,6.01181],[0.99097,6.01181],[0.99097,6.01292],[0.99069,6.01292],[0.99069,6.0132],[0.99042,6.0132],[0.99042,6.01347],[0.99014,6.01347],[0.99014,6.01375],[0.98986,6.01375],[0.98986,6.01403],[0.98958,6.01403],[0.98958,6.01486],[0.98986,6.01486],[0.98986,6.01514],[0.99014,6.01514],[0.99014,6.01542],[0.99042,6.01542],[0.99042,6.0157],[0.99069,6.0157],[0.99069,6.01597],[0.99097,6.01597],[0.99097,6.01599],[0.99181,6.01599],[0.99181,6.01597],[0.99208,6.01597],[0.99208,6.01486],[0.99236,6.01486],[0.99236,6.01458],[0.99292,6.01458],[0.99292,6.01431],[0.99347,6.01431],[0.99347,6.01403],[0.99403,6.01403],[0.99403,6.01375],[0.99431,6.01375],[0.99431,6.01347],[0.99458,6.01347],[0.99458,6.01292],[0.99542,6.01292],[0.99542,6.01264],[0.99597,6.01264],[0.99597,6.01236],[0.99708,6.01236],[0.99708,6.01208],[0.99792,6.01208],[0.99792,6.01181],[0.99819,6.01181],[0.99819,6.01153],[0.9983,6.01153]]],[[[0.98404,6.00958],[0.98404,6.01264],[0.98458,6.01264],[0.98458,6.01236],[0.98542,6.01236],[0.98542,6.01208],[0.98653,6.01208],[0.98653,6.01236],[0.98708,6.01236],[0.98708,6.01181],[0.98736,6.01181],[0.98736,6.01125],[0.98708,6.01125],[0.98708,6.0093],[0.98431,6.0093],[0.98431,6.00958],[0.98404,6.00958]]],[[[0.99681,6.00174],[0.98708,6.00174],[0.98708,6.0018],[0.98736,6.00181],[0.98736,6.00208],[0.98764,6.00208],[0.98764,6.00236],[0.98792,6.00236],[0.98792,6.00264],[0.9882,6.00264],[0.9882,6.00319],[0.99069,6.00319],[0.99069,6.00292],[0.99375,6.00292],[0.99375,6.00319],[0.99403,6.00319],[0.99403,6.00347],[0.99653,6.00347],[0.99653,6.00319],[0.99681,6.00319],[0.99681,6.00292],[0.99708,6.00292],[0.99708,6.00181],[0.99681,6.00181],[0.99681,6.00174]]],[[[0.9983,6.00236],[0.9983,6.00174],[0.99819,6.00174],[0.99819,6.00236],[0.9983,6.00236]]]]},"properties":{"region":"Volta","district":"Ketu","floods_1m":1,"floods_2m":1,"floods_3m":1,"first_flood_m":1,"nests":true,"area_km2":1.043}},{"type":"Feature","geometry":{"type":"Polygon","coordinates":[[[-2.93691,5.05736],[-2.93736,5.05736],[-2.93736,5.05764],[-2.93847,5.05764],[-2.93847,5.05792],[-2.93986,5.05792],[-2.93986,5.05819],[-2.94097,5.05819],[-2.94097,5.05847],[-2.94208,5.05847],[-2.94208,5.05875],[-2.94347,5.05875],[-2.94347,5.05903],[-2.94458,5.05903],[-2.94458,5.05931],[-2.94625,5.05931],[-2.94625,5.05958],[-2.94792,5.05958],[-2.94792,5.05986],[-2.94958,5.05986],[-2.94958,5.06014],[-2.95117,5.06014],[-2.95117,5.06071],[-2.93691,5.06071],[-2.93691,5.05736]]]},"properties":{"region":"Western","district":"Jomoro","floods_1m":1,"floods_2m":1,"floods_3m":1,"first_flood_m":1,"nests":true,"area_km2":0.31}},{"type":"Feature","geometry":{"type":"Polygon","coordinates":[[[1.0981,6.08728],[1.08384,6.08728],[1.08384,6.10154],[1.0981,6.10154],[1.0981,6.08728]]]},"properties":{"region":"Volta","district":"Ketu","floods_1m":1,"floods_2m":1,"floods_3m":1,"first_flood_m":1,"nests":true,"area_km2":2.5}},{"type":"Feature","geometry":{"type":"Polygon","coordinates":[[[-2.87988,5.04645],[-2.88014,5.04645],[-2.88014,5.04653],[-2.88208,5.04653],[-2.88208,5.0468],[-2.88347,5.0468],[-2.88347,5.04708],[-2.88486,5.04708],[-2.88486,5.04736],[-2.88625,5.04736],[-2.88625,5.04764],[-2.88764,5.04764],[-2.88764,5.04792],[-2.88903,5.04792],[-2.88903,5.04819],[-2.89042,5.04819],[-2.89042,5.04847],[-2.89181,5.04847],[-2.89181,5.04875],[-2.89319,5.04875],[-2.89319,5.04903],[-2.89413,5.04903],[-2.89413,5.06071],[-2.87988,5.06071],[-2.87988,5.04645]]]},"properties":{"region":"Western","district":"Jomoro","floods_1m":1,"floods_2m":1,"floods_3m":1,"first_flood_m":1,"nests":true,"area_km2":2.29}},{"type":"Feature","geometry":{"type":"Polygon","coordinates":[[[1.06959,6.03431],[1.06959,6.04451],[1.07137,6.04451],[1.07958,6.04451],[1.07958,6.04431],[1.07931,6.04431],[1.07931,6.04403],[1.07903,6.04403],[1.07903,6.04375],[1.07875,6.04375],[1.07875,6.04347],[1.07847,6.04347],[1.07847,6.04319],[1.0782,6.04319],[1.07819,6.04292],[1.07792,6.04292],[1.07792,6.04264],[1.07764,6.04264],[1.07764,6.04236],[1.07736,6.04236],[1.07736,6.04208],[1.07708,6.04208],[1.07708,6.0418],[1.0768,6.0418],[1.0768,6.04153],[1.07653,6.04153],[1.07653,6.04125],[1.07625,6.04125],[1.07625,6.04069],[1.07597,6.04069],[1.07597,6.04042],[1.0757,6.04042],[1.0757,6.04014],[1.07542,6.04014],[1.07542,6.03986],[1.07514,6.03986],[1.07514,6.03958],[1.07458,6.03958],[1.07458,6.03931],[1.07431,6.03931],[1.07431,6.03903],[1.07403,6.03903],[1.07403,6.03875],[1.07375,6.03875],[1.07375,6.0382],[1.07319,6.0382],[1.07319,6.03792],[1.07292,6.03792],[1.07292,6.03764],[1.07264,6.03764],[1.07264,6.03708],[1.07236,6.03708],[1.07236,6.03681],[1.07208,6.03681],[1.07208,6.03653],[1.0718,6.03653],[1.0718,6.03625],[1.07153,6.03625],[1.07153,6.03597],[1.07125,6.03597],[1.07125,6.0357],[1.07097,6.0357],[1.07097,6.03542],[1.0707,6.03542],[1.0707,6.03514],[1.07042,6.03514],[1.07042,6.03486],[1.07014,6.03486],[1.07014,6.03458],[1.06986,6.03458],[1.06986,6.03431],[1.06959,6.03431]]]},"properties":{"region":"Volta","district":"Ketu","floods_1m":1,"floods_2m":1,"floods_3m":1,"first_flood_m":1,"nests":true,"area_km2":0.638}},{"type":"Feature","geometry":{"type":"Polygon","coordinates":[[[-0.98356,5.20329],[-0.99782,5.20329],[-0.99782,5.21755],[-0.98356,5.21755],[-0.98356,5.20329]]]},"properties":{"region":"Central","district":"Mfantsiman","floods_1m":1,"floods_2m":1,"floods_3m":1,"first_flood_m":1,"nests":true,"area_km2":2.504}},{"type":"Feature","geometry":{"type":"Polygon","coordinates":[[[0.9983,5.93458],[0.99819,5.93458],[0.99819,5.93403],[0.99792,5.93403],[0.99792,5.93375],[0.99736,5.93375],[0.99736,5.93347],[0.99708,5.93347],[0.99708,5.93292],[0.99736,5.93292],[0.99736,5.93181],[0.99708,5.93181],[0.99708,5.93153],[0.99542,5.93153],[0.99542,5.93264],[0.99514,5.93264],[0.99514,5.93403],[0.99486,5.93403],[0.99486,5.93486],[0.99458,5.93486],[0.99458,5.93569],[0.99431,5.9357],[0.99431,5.93597],[0.99403,5.93597],[0.99403,5.93653],[0.99375,5.93653],[0.99375,5.93708],[0.99403,5.93708],[0.99403,5.93736],[0.99514,5.93736],[0.99514,5.93764],[0.99542,5.93764],[0.99542,5.93931],[0.99514,5.93931],[0.99514,5.94097],[0.99542,5.94097],[0.99542,5.94125],[0.99625,5.94125],[0.99625,5.94153],[0.99681,5.94153],[0.99681,5.94181],[0.9983,5.94181],[0.9983,5.93458]]]},"properties":{"region":"Volta","district":"Ketu","floods_1m":1,"floods_2m":1,"floods_3m":1,"first_flood_m":1,"nests":true,"area_km2":0.381}},{"type":"Feature","geometry":{"type":"Polygon","coordinates":[[[1.04107,6.03025],[1.02681,6.03025],[1.02681,6.04451],[1.04107,6.04451],[1.04107,6.03025]]]},"properties":{"region":"Volta","district":"Ketu","floods_1m":1,"floods_2m":1,"floods_3m":1,"first_flood_m":1,"nests":true,"area_km2":2.5}},{"type":"Feature","geometry":{"type":"Polygon","coordinates":[[[-2.92265,5.07497],[-2.93691,5.07497],[-2.93691,5.08923],[-2.93586,5.08923],[-2.93061,5.08843],[-2.92983,5.08923],[-2.92265,5.08923],[-2.92265,5.07497]]]},"properties":{"region":"Western","district":"Jomoro","floods_1m":0,"floods_2m":1,"floods_3m":1,"first_flood_m":2,"nests":true,"area_km2":2.475}},{"type":"Feature","geometry":{"type":"Polygon","coordinates":[[[-0.99782,5.21755],[-1.01208,5.21755],[-1.01208,5.23181],[-0.99782,5.23181],[-0.99782,5.21755]]]},"properties":{"region":"Central","district":"Mfantsiman","floods_1m":1,"floods_2m":1,"floods_3m":1,"first_flood_m":1,"nests":true,"area_km2":2.504}},{"type":"Feature","geometry":{"type":"Polygon","coordinates":[[[0.95552,6.1158],[0.94126,6.1158],[0.94126,6.13006],[0.95552,6.13006],[0.95552,6.1158]]]},"properties":{"region":"Volta","district":"Ketu","floods_1m":1,"floods_2m":1,"floods_3m":1,"first_flood_m":1,"nests":true,"area_km2":2.5}},{"type":"Feature","geometry":{"type":"Polygon","coordinates":[[[-0.8695,5.20792],[-0.87236,5.20792],[-0.87236,5.20764],[-0.87458,5.20764],[-0.87458,5.20736],[-0.87625,5.20736],[-0.87625,5.20708],[-0.88181,5.20708],[-0.88181,5.20681],[-0.88376,5.20681],[-0.88376,5.21755],[-0.8695,5.21755],[-0.8695,5.20792]]]},"properties":{"region":"Central","district":"Mfantsiman","floods_1m":1,"floods_2m":1,"floods_3m":1,"first_flood_m":1,"nests":true,"area_km2":1.794}},{"type":"Feature","geometry":{"type":"Polygon","coordinates":[[[-2.18123,5.01794],[-2.19549,5.01794],[-2.19549,5.03219],[-2.18123,5.03219],[-2.18123,5.01794]]]},"properties":{"region":"Western","district":"Nzema East","floods_1m":0,"floods_2m":0,"floods_3m":1,"first_flood_m":3,"nests":true,"area_km2":2.503}},{"type":"Feature","geometry":{"type":"Polygon","coordinates":[[[1.01255,5.95458],[1.01255,5.95896],[1.01514,5.95896],[1.01514,5.95875],[1.01486,5.95875],[1.01486,5.95847],[1.01458,5.95847],[1.01458,5.95792],[1.0143,5.95792],[1.0143,5.95764],[1.01403,5.95764],[1.01403,5.95736],[1.01375,5.95736],[1.01375,5.95653],[1.01347,5.95653],[1.01347,5.95597],[1.0132,5.95597],[1.0132,5.95542],[1.01292,5.95542],[1.01292,5.95514],[1.01264,5.95514],[1.01264,5.95458],[1.01255,5.95458]]]},"properties":{"region":"Volta","district":"Ketu","floods_1m":1,"floods_2m":1,"floods_3m":1,"first_flood_m":1,"nests":true,"area_km2":0.064}},{"type":"Feature","geometry":{"type":"Polygon","coordinates":[[[-2.90839,5.07497],[-2.92265,5.07497],[-2.92265,5.08923],[-2.90839,5.08923],[-2.90839,5.07497]]]},"properties":{"region":"Western","district":"Jomoro","floods_1m":0,"floods_2m":0,"floods_3m":1,"first_flood_m":3,"nests":true,"area_km2":2.504}},{"type":"Feature","geometry":{"type":"Polygon","coordinates":[[[0.9983,5.93458],[0.9983,5.94181],[0.99931,5.94181],[0.99931,5.94153],[0.99986,5.94153],[1.00014,5.94153],[1.00069,5.94153],[1.00069,5.94181],[1.00097,5.94181],[1.00097,5.94208],[1.00125,5.94208],[1.00125,5.94236],[1.00153,5.94236],[1.00153,5.94319],[1.00181,5.94319],[1.00181,5.94403],[1.00264,5.94403],[1.00264,5.94431],[1.00292,5.94431],[1.00292,5.9447],[1.00542,5.9447],[1.00542,5.94458],[1.00514,5.94458],[1.00514,5.94431],[1.00458,5.94431],[1.00458,5.94403],[1.00431,5.94403],[1.00431,5.94375],[1.00375,5.94375],[1.00375,5.94292],[1.00347,5.94292],[1.00347,5.94264],[1.00319,5.94264],[1.00319,5.94236],[1.00292,5.94236],[1.00292,5.94097],[1.00264,5.94097],[1.00264,5.94042],[1.00236,5.94042],[1.00236,5.93986],[1.00208,5.93986],[1.00208,5.93958],[1.00181,5.93958],[1.00181,5.93931],[1.00153,5.93931],[1.00153,5.93875],[1.00125,5.93875],[1.00125,5.93847],[1.00097,5.93847],[1.00097,5.93819],[1.00069,5.93819],[1.00069,5.93792],[1.00042,5.93792],[1.00042,5.93681],[0.99986,5.93681],[0.99958,5.93681],[0.99958,5.93653],[0.99931,5.93653],[0.99931,5.93625],[0.99903,5.93625],[0.99903,5.93597],[0.99875,5.93597],[0.99875,5.93514],[0.99847,5.93514],[0.99847,5.93458],[0.9983,5.93458]]]},"properties":{"region":"Volta","district":"Ketu","floods_1m":1,"floods_2m":1,"floods_3m":1,"first_flood_m":1,"nests":true,"area_km2":0.291}},{"type":"Feature","geometry":{"type":"Polygon","coordinates":[[[-2.99394,5.07497],[-3.0082,5.07497],[-3.0082,5.08923],[-2.99394,5.08923],[-2.99394,5.07497]]]},"properties":{"region":"Western","district":"Jomoro","floods_1m":1,"floods_2m":1,"floods_3m":1,"first_flood_m":1,"nests":true,"area_km2":2.504}},{"type":"Feature","geometry":{"type":"Polygon","coordinates":[[[-1.12614,5.17153],[-1.12614,5.17477],[-1.11819,5.17477],[-1.11819,5.17403],[-1.11847,5.17403],[-1.11851,5.17381],[-1.11871,5.17368],[-1.11875,5.17347],[-1.11904,5.17348],[-1.11903,5.17319],[-1.11931,5.17319],[-1.11931,5.17292],[-1.11998,5.17292],[-1.12042,5.17292],[-1.12042,5.17264],[-1.12097,5.17264],[-1.12097,5.17236],[-1.12181,5.17236],[-1.12181,5.17208],[-1.12458,5.17208],[-1.12458,5.1718],[-1.12486,5.1718],[-1.12486,5.17153],[-1.12614,5.17153]]]},"properties":{"region":"Central","district":"Mfantsiman","floods_1m":1,"floods_2m":1,"floods_3m":1,"first_flood_m":1,"nests":true,"area_km2":0.234}},{"type":"Feature","geometry":{"type":"Polygon","coordinates":[[[-2.89413,5.06071],[-2.90839,5.06071],[-2.90839,5.07497],[-2.89413,5.07497],[-2.89413,5.06071]]]},"properties":{"region":"Western","district":"Jomoro","floods_1m":1,"floods_2m":1,"floods_3m":1,"first_flood_m":1,"nests":true,"area_km2":2.504}},{"type":"Feature","geometry":{"type":"Polygon","coordinates":[[[1.04107,6.07303],[1.02681,6.07303],[1.02681,6.08728],[1.04107,6.08728],[1.04107,6.07303]]]},"properties":{"region":"Volta","district":"Ketu","floods_1m":1,"floods_2m":1,"floods_3m":1,"first_flood_m":1,"nests":true,"area_km2":2.498}},{"type":"Feature","geometry":{"type":"Polygon","coordinates":[[[-2.90839,5.06071],[-2.92265,5.06071],[-2.92265,5.07497],[-2.90839,5.07497],[-2.90839,5.06071]]]},"properties":{"region":"Western","district":"Jomoro","floods_1m":0,"floods_2m":1,"floods_3m":1,"first_flood_m":2,"nests":true,"area_km2":2.504}},{"type":"Feature","geometry":{"type":"Polygon","coordinates":[[[1.01255,6.05877],[0.9983,6.05877],[0.9983,6.07303],[1.01255,6.07303],[1.01255,6.05877]]]},"properties":{"region":"Volta","district":"Ketu","floods_1m":1,"floods_2m":1,"floods_3m":1,"first_flood_m":1,"nests":true,"area_km2":2.498}},{"type":"Feature","geometry":{"type":"Polygon","coordinates":[[[1.05533,6.01653],[1.05533,6.03025],[1.06653,6.03025],[1.06653,6.02986],[1.06625,6.02986],[1.06625,6.02958],[1.0657,6.02958],[1.0657,6.02931],[1.06542,6.02931],[1.06542,6.02903],[1.06514,6.02903],[1.06514,6.02875],[1.06486,6.02875],[1.06486,6.02819],[1.06458,6.02819],[1.06458,6.02792],[1.06431,6.02792],[1.06431,6.02764],[1.06403,6.02764],[1.06403,6.02736],[1.06375,6.02736],[1.06375,6.02708],[1.06347,6.02708],[1.06347,6.02681],[1.06319,6.02681],[1.06319,6.02653],[1.06292,6.02653],[1.06292,6.02569],[1.06264,6.02569],[1.06264,6.02542],[1.06236,6.02542],[1.06236,6.02514],[1.06208,6.02514],[1.06208,6.02486],[1.06181,6.02486],[1.06181,6.02458],[1.06153,6.02458],[1.06153,6.02375],[1.06125,6.02375],[1.06125,6.02347],[1.06097,6.02347],[1.06097,6.02319],[1.06069,6.02319],[1.06069,6.02264],[1.06042,6.02264],[1.06042,6.02208],[1.05931,6.02208],[1.05931,6.02181],[1.05903,6.02181],[1.05903,6.02153],[1.05875,6.02153],[1.05875,6.02097],[1.05847,6.02097],[1.05847,6.02014],[1.05764,6.02014],[1.05764,6.01986],[1.05736,6.01986],[1.05736,6.01958],[1.05708,6.01958],[1.05708,6.01903],[1.05681,6.01903],[1.05681,6.01847],[1.05653,6.01847],[1.05653,6.0182],[1.05625,6.0182],[1.05625,6.01792],[1.05597,6.01792],[1.05597,6.01764],[1.05569,6.01764],[1.05569,6.01708],[1.05542,6.01708],[1.05542,6.01653],[1.05533,6.01653]]]},"properties":{"region":"Volta","district":"Ketu","floods_1m":1,"floods_2m":1,"floods_3m":1,"first_flood_m":1,"nests":true,"area_km2":0.912}},{"type":"Feature","geometry":{"type":"Polygon","coordinates":[[[0.94126,6.08728],[0.92701,6.08728],[0.92701,6.10154],[0.94126,6.10154],[0.94126,6.08728]]]},"properties":{"region":"Volta","district":"Ketu","floods_1m":1,"floods_2m":1,"floods_3m":1,"first_flood_m":1,"nests":true,"area_km2":2.498}},{"type":"Feature","geometry":{"type":"Polygon","coordinates":[[[-2.45214,4.95875],[-2.45236,4.95875],[-2.45236,4.95903],[-2.4532,4.95903],[-2.4532,4.9593],[-2.45514,4.9593],[-2.45514,4.95958],[-2.45597,4.95958],[-2.45597,4.95986],[-2.45903,4.95986],[-2.45903,4.96014],[-2.45986,4.96014],[-2.45986,4.96042],[-2.46125,4.96042],[-2.46125,4.96069],[-2.46292,4.96069],[-2.46292,4.9609],[-2.45214,4.9609],[-2.45214,4.95875]]]},"properties":{"region":"Western","district":"Nzema East","floods_1m":1,"floods_2m":1,"floods_3m":1,"first_flood_m":1,"nests":true,"area_km2":0.136}},{"type":"Feature","geometry":{"type":"Polygon","coordinates":[[[-3.02246,5.11234],[-3.02246,5.10348],[-3.03671,5.10348],[-3.03671,5.11515],[-3.03436,5.11772],[-3.0256,5.11248],[-3.02246,5.11234]]]},"properties":{"region":"Western","district":"Jomoro","floods_1m":0,"floods_2m":1,"floods_3m":1,"first_flood_m":2,"nests":true,"area_km2":1.974}},{"type":"Feature","geometry":{"type":"Polygon","coordinates":[[[-0.92653,5.21755],[-0.94079,5.21755],[-0.94079,5.23181],[-0.92653,5.23181],[-0.92653,5.21755]]]},"properties":{"region":"Central","district":"Mfantsiman","floods_1m":1,"floods_2m":1,"floods_3m":1,"first_flood_m":1,"nests":true,"area_km2":2.504}},{"type":"Feature","geometry":{"type":"Polygon","coordinates":[[[0.93097,6.02448],[0.92701,6.02458],[0.92701,6.03025],[0.93042,6.03025],[0.93042,6.02903],[0.93069,6.02903],[0.93069,6.02514],[0.93097,6.02514],[0.93097,6.02448]]]},"properties":{"region":"Volta","district":"Ketu","floods_1m":1,"floods_2m":1,"floods_3m":1,"first_flood_m":1,"nests":true,"area_km2":0.257}},{"type":"Feature","geometry":{"type":"Polygon","coordinates":[[[0.96978,6.03025],[0.95552,6.03025],[0.95552,6.03292],[0.95569,6.03292],[0.95569,6.0332],[0.95625,6.0332],[0.95625,6.03347],[0.95708,6.03347],[0.95708,6.03375],[0.95681,6.03375],[0.95681,6.03403],[0.95653,6.03403],[0.95653,6.03431],[0.95625,6.03431],[0.95625,6.03403],[0.95569,6.03403],[0.95569,6.03431],[0.95552,6.03431],[0.95552,6.04451],[0.96978,6.04451],[0.96978,6.03025]]]},"properties":{"region":"Volta","district":"Ketu","floods_1m":1,"floods_2m":1,"floods_3m":1,"first_flood_m":1,"nests":true,"area_km2":2.486}},{"type":"Feature","geometry":{"type":"Polygon","coordinates":[[[-2.7373,5.15225],[-2.73833,5.15194],[-2.74086,5.15354],[-2.73814,5.15862],[-2.74435,5.1602],[-2.74454,5.16052],[-2.7373,5.16052],[-2.7373,5.15225]]]},"properties":{"region":"Western","district":"Jomoro","floods_1m":0,"floods_2m":0,"floods_3m":1,"first_flood_m":3,"nests":true,"area_km2":0.286}},{"type":"Feature","geometry":{"type":"Polygon","coordinates":[[[-3.03671,5.10348],[-3.05097,5.10348],[-3.05097,5.11471],[-3.03733,5.11448],[-3.03671,5.11515],[-3.03671,5.10348]]]},"properties":{"region":"Western","district":"Jomoro","floods_1m":1,"floods_2m":1,"floods_3m":1,"first_flood_m":1,"nests":true,"area_km2":1.954}},{"type":"Feature","geometry":{"type":"Polygon","coordinates":[[[-0.82673,5.21125],[-0.82736,5.21125],[-0.82736,5.21097],[-0.82986,5.21097],[-0.82986,5.21069],[-0.83125,5.21069],[-0.83125,5.21042],[-0.83375,5.21042],[-0.83375,5.21014],[-0.8368,5.21014],[-0.8368,5.20986],[-0.84014,5.20986],[-0.84014,5.20958],[-0.84098,5.20958],[-0.84098,5.21755],[-0.82673,5.21755],[-0.82673,5.21125]]]},"properties":{"region":"Central","district":"Mfantsiman","floods_1m":1,"floods_2m":1,"floods_3m":1,"first_flood_m":1,"nests":true,"area_km2":1.265}},{"type":"Feature","geometry":{"type":"Polygon","coordinates":[[[1.08384,6.1158],[1.07137,6.1158],[1.06959,6.1158],[1.06959,6.13006],[1.07137,6.13006],[1.08384,6.13006],[1.08384,6.1158]]]},"properties":{"region":"Volta","district":"Ketu","floods_1m":1,"floods_2m":1,"floods_3m":1,"first_flood_m":1,"nests":true,"area_km2":2.498}},{"type":"Feature","geometry":{"type":"Polygon","coordinates":[[[1.14088,6.08625],[1.14088,6.08728],[1.14208,6.08728],[1.14208,6.08708],[1.14181,6.08708],[1.14181,6.08681],[1.14153,6.0868],[1.14153,6.08653],[1.14097,6.08653],[1.14097,6.08625],[1.14088,6.08625]]]},"properties":{"region":"Volta","district":"Ketu","floods_1m":1,"floods_2m":1,"floods_3m":1,"first_flood_m":1,"nests":true,"area_km2":0.009}},{"type":"Feature","geometry":{"type":"Polygon","coordinates":[[[0.95552,6.02403],[0.95542,6.02403],[0.95542,6.02431],[0.95486,6.02431],[0.95486,6.02458],[0.95458,6.02458],[0.95458,6.02486],[0.95403,6.02486],[0.95403,6.02542],[0.95347,6.02542],[0.95347,6.02569],[0.95319,6.02569],[0.95319,6.02597],[0.95292,6.02597],[0.95292,6.02625],[0.95264,6.02625],[0.95264,6.02653],[0.95236,6.02653],[0.95236,6.02708],[0.95208,6.02708],[0.95208,6.02736],[0.95153,6.02736],[0.95153,6.02764],[0.95125,6.02764],[0.95125,6.02847],[0.95153,6.02847],[0.95153,6.02958],[0.95181,6.02958],[0.95181,6.03014],[0.95208,6.03014],[0.95208,6.03025],[0.95552,6.03025],[0.95552,6.02403]]]},"properties":{"region":"Volta","district":"Ketu","floods_1m":1,"floods_2m":1,"floods_3m":1,"first_flood_m":1,"nests":true,"area_km2":0.225}},{"type":"Feature","geometry":{"type":"Polygon","coordinates":[[[-2.19549,5.01794],[-2.20975,5.01794],[-2.20975,5.03219],[-2.19549,5.03219],[-2.19549,5.01794]]]},"properties":{"region":"Western","district":"Nzema East","floods_1m":0,"floods_2m":0,"floods_3m":1,"first_flood_m":3,"nests":true,"area_km2":2.503}},{"type":"Feature","geometry":{"type":"Polygon","coordinates":[[[1.11236,6.13006],[1.0981,6.13006],[1.0981,6.14432],[1.11236,6.14432],[1.11236,6.13006]]]},"properties":{"region":"Volta","district":"Ketu","floods_1m":0,"floods_2m":1,"floods_3m":1,"first_flood_m":2,"nests":true,"area_km2":2.5}},{"type":"Feature","geometry":{"type":"Polygon","coordinates":[[[-2.40936,4.9609],[-2.42362,4.9609],[-2.42362,4.97516],[-2.40936,4.97516],[-2.40936,4.9609]]]},"properties":{"region":"Western","district":"Nzema East","floods_1m":1,"floods_2m":1,"floods_3m":1,"first_flood_m":1,"nests":true,"area_km2":2.505}},{"type":"Feature","geometry":{"type":"Polygon","coordinates":[[[0.96978,6.02097],[0.9693,6.02097],[0.9693,6.02125],[0.96875,6.02125],[0.96875,6.02153],[0.9682,6.02153],[0.9682,6.02181],[0.9668,6.02181],[0.9668,6.02153],[0.96653,6.02153],[0.96653,6.02125],[0.96597,6.02125],[0.96597,6.02097],[0.96458,6.02097],[0.96458,6.02125],[0.96375,6.02125],[0.96375,6.02097],[0.96264,6.02097],[0.96264,6.02125],[0.96097,6.02125],[0.96097,6.02153],[0.96014,6.02153],[0.96014,6.02181],[0.95958,6.02181],[0.95958,6.02208],[0.95875,6.02208],[0.95875,6.02236],[0.95792,6.02236],[0.95792,6.02264],[0.95764,6.02264],[0.95764,6.02292],[0.95708,6.02292],[0.95708,6.02319],[0.95681,6.02319],[0.95681,6.02347],[0.95625,6.02347],[0.95625,6.02375],[0.95569,6.02375],[0.95569,6.02403],[0.95552,6.02403],[0.95552,6.03025],[0.96978,6.03025],[0.96978,6.02097]]]},"properties":{"region":"Volta","district":"Ketu","floods_1m":1,"floods_2m":1,"floods_3m":1,"first_flood_m":1,"nests":true,"area_km2":1.488}},{"type":"Feature","geometry":{"type":"Polygon","coordinates":[[[-2.80859,5.03153],[-2.80903,5.03153],[-2.80903,5.03181],[-2.80986,5.03181],[-2.80986,5.03208],[-2.81042,5.03208],[-2.81042,5.03219],[-2.80859,5.03219],[-2.80859,5.03153]]]},"properties":{"region":"Western","district":"Jomoro","floods_1m":0,"floods_2m":1,"floods_3m":1,"first_flood_m":2,"nests":true,"area_km2":0.008}},{"type":"Feature","geometry":{"type":"Polygon","coordinates":[[[-2.45214,5.00368],[-2.46639,5.00368],[-2.46639,5.01794],[-2.45214,5.01794],[-2.45214,5.00368]]]},"properties":{"region":"Western","district":"Nzema East","floods_1m":0,"floods_2m":0,"floods_3m":1,"first_flood_m":3,"nests":true,"area_km2":2.503}},{"type":"Feature","geometry":{"type":"Polygon","coordinates":[[[-2.87988,5.04625],[-2.88014,5.04625],[-2.88014,5.04645],[-2.87988,5.04645],[-2.87988,5.04625]]]},"properties":{"region":"Western","district":"Jomoro","floods_1m":0,"floods_2m":1,"floods_3m":1,"first_flood_m":2,"nests":true,"area_km2":0.001}},{"type":"Feature","geometry":{"type":"Polygon","coordinates":[[[1.02681,6.04451],[1.01255,6.04451],[1.01255,6.05877],[1.02681,6.05877],[1.02681,6.04451]]]},"properties":{"region":"Volta","district":"Ketu","floods_1m":1,"floods_2m":1,"floods_3m":1,"first_flood_m":1,"nests":true,"area_km2":2.5}},{"type":"Feature","geometry":{"type":"Polygon","coordinates":[[[-2.33807,4.94665],[-2.35233,4.94665],[-2.35233,4.9609],[-2.33807,4.9609],[-2.33807,4.94665]]]},"properties":{"region":"Western","district":"Nzema East","floods_1m":0,"floods_2m":1,"floods_3m":1,"first_flood_m":2,"nests":true,"area_km2":2.503}},{"type":"Feature","geometry":{"type":"Polygon","coordinates":[[[0.94126,6.03847],[0.93903,6.03847],[0.93903,6.03875],[0.93819,6.03875],[0.93819,6.03903],[0.93708,6.03903],[0.93708,6.03875],[0.93653,6.03875],[0.93653,6.03847],[0.93625,6.03847],[0.93625,6.0382],[0.93597,6.0382],[0.93597,6.03653],[0.93569,6.03653],[0.93569,6.03625],[0.93542,6.03625],[0.93542,6.03542],[0.93514,6.03542],[0.93514,6.03514],[0.93486,6.03514],[0.93486,6.03486],[0.93458,6.03486],[0.93458,6.03458],[0.93431,6.03458],[0.93431,6.03403],[0.93403,6.03403],[0.93403,6.03347],[0.93375,6.03347],[0.93375,6.0332],[0.93347,6.0332],[0.93347,6.03292],[0.93236,6.03292],[0.93236,6.03264],[0.93097,6.03264],[0.93097,6.03236],[0.93069,6.03236],[0.93069,6.0318],[0.93097,6.0318],[0.93097,6.03153],[0.93125,6.03153],[0.93125,6.03125],[0.93097,6.03125],[0.93097,6.03069],[0.93042,6.03069],[0.93042,6.03025],[0.92701,6.03025],[0.92701,6.04451],[0.94126,6.04451],[0.94126,6.03847]]]},"properties":{"region":"Volta","district":"Ketu","floods_1m":1,"floods_2m":1,"floods_3m":1,"first_flood_m":1,"nests":true,"area_km2":1.73}},{"type":"Feature","geometry":{"type":"Polygon","coordinates":[[[0.96978,6.08728],[0.95552,6.08728],[0.95552,6.10154],[0.96978,6.10154],[0.96978,6.08728]]]},"properties":{"region":"Volta","district":"Ketu","floods_1m":1,"floods_2m":1,"floods_3m":1,"first_flood_m":1,"nests":true,"area_km2":2.5}},{"type":"Feature","geometry":{"type":"Polygon","coordinates":[[[-0.92653,5.20486],[-0.92708,5.20486],[-0.92708,5.20458],[-0.92958,5.20458],[-0.92958,5.20431],[-0.93458,5.20431],[-0.93458,5.20458],[-0.93514,5.20458],[-0.93514,5.20431],[-0.93708,5.20431],[-0.93708,5.20403],[-0.93819,5.20403],[-0.93819,5.20375],[-0.94014,5.20375],[-0.94014,5.20347],[-0.94079,5.20347],[-0.94079,5.21755],[-0.92653,5.21755],[-0.92653,5.20486]]]},"properties":{"region":"Central","district":"Mfantsiman","floods_1m":1,"floods_2m":1,"floods_3m":1,"first_flood_m":1,"nests":true,"area_km2":2.335}},{"type":"Feature","geometry":{"type":"Polygon","coordinates":[[[-2.5662,4.98942],[-2.58046,4.98942],[-2.58046,5.00368],[-2.5662,5.00368],[-2.5662,4.98942]]]},"properties":{"region":"Western","district":"Jomoro","floods_1m":1,"floods_2m":1,"floods_3m":1,"first_flood_m":1,"nests":true,"area_km2":2.505}},{"type":"Feature","geometry":{"type":"Polygon","coordinates":[[[1.01255,5.98347],[1.01236,5.98347],[1.01236,5.98375],[1.01181,5.98375],[1.01181,5.98403],[1.01153,5.98403],[1.01153,5.9843],[1.01125,5.9843],[1.01125,5.98458],[1.01097,5.98458],[1.01097,5.98486],[1.01069,5.98486],[1.01069,5.98514],[1.01042,5.98514],[1.01042,5.98542],[1.01014,5.98542],[1.01014,5.98569],[1.00986,5.98569],[1.00986,5.98597],[1.00959,5.98597],[1.00959,5.98653],[1.00931,5.98653],[1.00931,5.9868],[1.00903,5.9868],[1.00903,5.98708],[1.00847,5.98708],[1.00847,5.98736],[1.00819,5.98736],[1.00819,5.98748],[1.01255,5.98748],[1.01255,5.98347]]]},"properties":{"region":"Volta","district":"Ketu","floods_1m":1,"floods_2m":1,"floods_3m":1,"first_flood_m":1,"nests":true,"area_km2":0.111}},{"type":"Feature","geometry":{"type":"Polygon","coordinates":[[[-0.88376,5.21755],[-0.89802,5.21755],[-0.89802,5.23181],[-0.88376,5.23181],[-0.88376,5.21755]]]},"properties":{"region":"Central","district":"Mfantsiman","floods_1m":0,"floods_2m":1,"floods_3m":1,"first_flood_m":2,"nests":true,"area_km2":2.504}},{"type":"Feature","geometry":{"type":"Polygon","coordinates":[[[1.16939,6.10154],[1.15513,6.10154],[1.15513,6.1158],[1.16939,6.1158],[1.16939,6.10154]]]},"properties":{"region":"Volta","district":"Ketu","floods_1m":1,"floods_2m":1,"floods_3m":1,"first_flood_m":1,"nests":true,"area_km2":2.5}},{"type":"Feature","geometry":{"type":"Polygon","coordinates":[[[1.16939,6.1158],[1.15513,6.1158],[1.15513,6.13006],[1.16939,6.13006],[1.16939,6.1158]]]},"properties":{"region":"Volta","district":"Ketu","floods_1m":1,"floods_2m":1,"floods_3m":1,"first_flood_m":1,"nests":true,"area_km2":2.5}},{"type":"Feature","geometry":{"type":"Polygon","coordinates":[[[-0.85524,5.20847],[-0.8582,5.20847],[-0.8582,5.20875],[-0.85847,5.20875],[-0.85847,5.21042],[-0.8593,5.21042],[-0.8593,5.21069],[-0.85986,5.21069],[-0.85986,5.21153],[-0.85958,5.21153],[-0.85958,5.21208],[-0.86042,5.21208],[-0.86042,5.21236],[-0.86097,5.21236],[-0.86097,5.21264],[-0.86153,5.21264],[-0.86153,5.21292],[-0.86181,5.21292],[-0.86181,5.21319],[-0.86236,5.21319],[-0.86236,5.21347],[-0.8632,5.21347],[-0.8632,5.21292],[-0.86292,5.21292],[-0.86292,5.21264],[-0.86208,5.21264],[-0.86208,5.21236],[-0.86181,5.21236],[-0.86181,5.21208],[-0.86153,5.21208],[-0.86153,5.21153],[-0.86097,5.21153],[-0.86097,5.21125],[-0.8607,5.21125],[-0.8607,5.21097],[-0.86042,5.21097],[-0.86042,5.21042],[-0.86014,5.21042],[-0.86014,5.21014],[-0.85958,5.21014],[-0.85958,5.20986],[-0.8593,5.20986],[-0.8593,5.20958],[-0.85903,5.20958],[-0.85903,5.20819],[-0.86347,5.20819],[-0.86347,5.20792],[-0.86514,5.20792],[-0.86514,5.20819],[-0.8657,5.20819],[-0.8657,5.20792],[-0.8695,5.20792],[-0.8695,5.21755],[-0.85524,5.21755],[-0.85524,5.20847]]]},"properties":{"region":"Central","district":"Mfantsiman","floods_1m":1,"floods_2m":1,"floods_3m":1,"first_flood_m":1,"nests":true,"area_km2":1.581}},{"type":"Feature","geometry":{"type":"Polygon","coordinates":[[[-2.50917,5.03219],[-2.52343,5.03219],[-2.52343,5.04645],[-2.50917,5.04645],[-2.50917,5.03219]]]},"properties":{"region":"Western","district":"Jomoro","floods_1m":0,"floods_2m":0,"floods_3m":1,"first_flood_m":3,"nests":true,"area_km2":2.505}},{"type":"Feature","geometry":{"type":"Polygon","coordinates":[[[1.01255,5.95458],[1.01236,5.95458],[1.01236,5.95403],[1.01181,5.95403],[1.01181,5.95375],[1.01153,5.95375],[1.01153,5.95292],[1.01125,5.95292],[1.01125,5.95236],[1.01097,5.95236],[1.01097,5.95181],[1.01069,5.95181],[1.01069,5.95153],[1.01042,5.95153],[1.01042,5.95125],[1.01014,5.95125],[1.01014,5.95097],[1.00986,5.95097],[1.00986,5.9507],[1.00959,5.9507],[1.00959,5.95014],[1.00931,5.95014],[1.00931,5.94958],[1.00903,5.94958],[1.00903,5.94931],[1.00847,5.94931],[1.00847,5.94875],[1.00819,5.94875],[1.00819,5.94819],[1.00792,5.94819],[1.00792,5.94792],[1.00764,5.94792],[1.00764,5.94736],[1.00736,5.94736],[1.00736,5.94681],[1.00681,5.94681],[1.00681,5.94653],[1.00653,5.94653],[1.00653,5.94597],[1.00625,5.94597],[1.00625,5.94569],[1.00597,5.94569],[1.00597,5.94514],[1.00569,5.94514],[1.00569,5.94486],[1.00542,5.94486],[1.00542,5.9447],[1.00292,5.9447],[1.00292,5.94486],[1.00347,5.94486],[1.00347,5.94514],[1.00375,5.94514],[1.00375,5.94542],[1.00403,5.94542],[1.00403,5.94569],[1.00431,5.94569],[1.00431,5.94597],[1.00458,5.94597],[1.00458,5.94653],[1.00486,5.94653],[1.00486,5.94708],[1.00514,5.94708],[1.00514,5.94764],[1.00542,5.94764],[1.00542,5.94792],[1.00569,5.94792],[1.00569,5.94819],[1.00597,5.94819],[1.00597,5.94847],[1.00625,5.94847],[1.00625,5.94875],[1.00653,5.94875],[1.00653,5.94986],[1.00681,5.94986],[1.00681,5.95042],[1.00653,5.95042],[1.00653,5.9507],[1.00597,5.9507],[1.00597,5.95153],[1.00569,5.95153],[1.00569,5.95208],[1.00597,5.95208],[1.00597,5.95236],[1.00625,5.95236],[1.00625,5.95514],[1.00653,5.95514],[1.00653,5.95653],[1.00681,5.95653],[1.00681,5.95708],[1.00708,5.95708],[1.00708,5.95792],[1.00736,5.95792],[1.00736,5.9582],[1.00764,5.9582],[1.00764,5.95875],[1.00792,5.95875],[1.00792,5.95896],[1.01255,5.95896],[1.01255,5.95458]]]},"properties":{"region":"Volta","district":"Ketu","floods_1m":1,"floods_2m":1,"floods_3m":1,"first_flood_m":1,"nests":true,"area_km2":0.715}},{"type":"Feature","geometry":{"type":"Polygon","coordinates":[[[1.12662,6.07875],[1.12653,6.07875],[1.12653,6.07847],[1.12597,6.07847],[1.12597,6.07819],[1.12569,6.07819],[1.12569,6.07792],[1.12542,6.07792],[1.12542,6.07736],[1.12514,6.07736],[1.12514,6.07708],[1.12458,6.07708],[1.12458,6.07681],[1.12403,6.07681],[1.12403,6.07653],[1.12347,6.07653],[1.12347,6.07625],[1.12292,6.07625],[1.12292,6.07597],[1.12208,6.07597],[1.12208,6.07569],[1.12153,6.07569],[1.12153,6.07542],[1.12125,6.07542],[1.12125,6.07514],[1.12097,6.07514],[1.12097,6.07486],[1.12014,6.07486],[1.12014,6.07458],[1.11958,6.07458],[1.11958,6.07431],[1.11903,6.07431],[1.11903,6.07403],[1.11875,6.07403],[1.11875,6.07375],[1.11847,6.07375],[1.11847,6.07347],[1.11819,6.07347],[1.11819,6.07319],[1.11792,6.07319],[1.11792,6.07303],[1.11236,6.07303],[1.11236,6.08728],[1.12662,6.08728],[1.12662,6.07875]]]},"properties":{"region":"Volta","district":"Ketu","floods_1m":1,"floods_2m":1,"floods_3m":1,"first_flood_m":1,"nests":true,"area_km2":2.197}},{"type":"Feature","geometry":{"type":"MultiPolygon","coordinates":[[[[0.9983,6.00125],[0.99819,6.00125],[0.99819,6.00174],[0.9983,6.00174],[0.9983,6.00125]]],[[[0.98404,5.99819],[0.98404,5.99958],[0.98514,5.99958],[0.98514,5.99986],[0.98514,6.00042],[0.98542,6.00042],[0.98542,6.00069],[0.98597,6.00069],[0.98597,6.00097],[0.98653,6.00097],[0.98653,6.00125],[0.98681,6.00125],[0.98681,6.00153],[0.98708,6.00153],[0.98708,6.00174],[0.99681,6.00174],[0.99681,6.00153],[0.99653,6.00153],[0.99653,6.00125],[0.99569,6.00125],[0.99569,6.00153],[0.99486,6.00153],[0.99486,6.00125],[0.99458,6.00125],[0.99458,6.00097],[0.99403,6.00097],[0.99403,6.00069],[0.99319,6.00069],[0.99319,6.00042],[0.99292,6.00042],[0.99292,6.00014],[0.99292,5.99958],[0.99264,5.99958],[0.99264,5.99903],[0.99236,5.99903],[0.99236,5.99875],[0.99208,5.99875],[0.99208,5.99847],[0.99125,5.99847],[0.99125,5.99875],[0.99097,5.99875],[0.99097,5.99903],[0.99069,5.99903],[0.99069,5.99931],[0.99042,5.99931],[0.99042,5.99958],[0.98847,5.99958],[0.98847,5.99931],[0.98792,5.99931],[0.98792,5.99903],[0.98736,5.99903],[0.98736,5.99875],[0.98708,5.99875],[0.98708,5.99847],[0.98625,5.99847],[0.98625,5.99819],[0.98404,5.99819]]]]},"properties":{"region":"Volta","district":"Ketu","floods_1m":1,"floods_2m":1,"floods_3m":1,"first_flood_m":1,"nests":true,"area_km2":0.297}},{"type":"Feature","geometry":{"type":"Polygon","coordinates":[[[-0.99782,5.20329],[-0.99792,5.20329],[-0.99792,5.20347],[-0.99847,5.20347],[-0.99847,5.20329],[-1.00403,5.20329],[-1.00403,5.20347],[-1.00431,5.20347],[-1.00431,5.20375],[-1.00486,5.20375],[-1.00486,5.20403],[-1.00542,5.20403],[-1.00542,5.20431],[-1.00569,5.20431],[-1.00569,5.20458],[-1.00681,5.20458],[-1.00681,5.20431],[-1.00681,5.20375],[-1.00653,5.20375],[-1.00653,5.20347],[-1.00625,5.20347],[-1.00625,5.20329],[-1.01208,5.20329],[-1.01208,5.21755],[-0.99782,5.21755],[-0.99782,5.20329]]]},"properties":{"region":"Central","district":"Mfantsiman","floods_1m":1,"floods_2m":1,"floods_3m":1,"first_flood_m":1,"nests":true,"area_km2":2.475}},{"type":"Feature","geometry":{"type":"Polygon","coordinates":[[[0.95552,6.05877],[0.94126,6.05877],[0.94126,6.07303],[0.95552,6.07303],[0.95552,6.05877]]]},"properties":{"region":"Volta","district":"Ketu","floods_1m":1,"floods_2m":1,"floods_3m":1,"first_flood_m":1,"nests":true,"area_km2":2.5}},{"type":"Feature","geometry":{"type":"Polygon","coordinates":[[[1.19175,6.1158],[1.18365,6.1158],[1.18365,6.13006],[1.19171,6.13006],[1.19175,6.1158]]]},"properties":{"region":"Volta","district":"Ketu","floods_1m":1,"floods_2m":1,"floods_3m":1,"first_flood_m":1,"nests":true,"area_km2":1.417}},{"type":"Feature","geometry":{"type":"Polygon","coordinates":[[[-2.33807,4.92736],[-2.3382,4.92736],[-2.3382,4.92764],[-2.33903,4.92764],[-2.33903,4.92792],[-2.33958,4.92792],[-2.33958,4.9282],[-2.34042,4.9282],[-2.34042,4.92847],[-2.34153,4.92847],[-2.34153,4.92875],[-2.34236,4.92875],[-2.34236,4.92903],[-2.34292,4.92903],[-2.34292,4.92931],[-2.34375,4.92931],[-2.34375,4.92958],[-2.34431,4.92958],[-2.34431,4.92986],[-2.34486,4.92986],[-2.34486,4.93014],[-2.3457,4.93014],[-2.3457,4.93042],[-2.34681,4.93042],[-2.34681,4.9307],[-2.34764,4.9307],[-2.34764,4.93097],[-2.3482,4.93097],[-2.3482,4.9307],[-2.34875,4.9307],[-2.34875,4.93097],[-2.3493,4.93097],[-2.3493,4.93125],[-2.34986,4.93125],[-2.34986,4.93153],[-2.35042,4.93153],[-2.35042,4.93208],[-2.35097,4.93208],[-2.35097,4.93236],[-2.35153,4.93236],[-2.35153,4.93239],[-2.33807,4.93239],[-2.33807,4.92736]]]},"properties":{"region":"Western","district":"Nzema East","floods_1m":1,"floods_2m":1,"floods_3m":1,"first_flood_m":1,"nests":true,"area_km2":0.427}},{"type":"Feature","geometry":{"type":"Polygon","coordinates":[[[-1.01208,5.23181],[-1.02634,5.23181],[-1.02634,5.24606],[-1.01208,5.24606],[-1.01208,5.23181]]]},"properties":{"region":"Central","district":"Mfantsiman","floods_1m":1,"floods_2m":1,"floods_3m":1,"first_flood_m":1,"nests":true,"area_km2":2.502}},{"type":"Feature","geometry":{"type":"Polygon","coordinates":[[[-2.58046,5.00368],[-2.59472,5.00368],[-2.59472,5.01794],[-2.58046,5.01794],[-2.58046,5.00368]]]},"properties":{"region":"Western","district":"Jomoro","floods_1m":0,"floods_2m":0,"floods_3m":1,"first_flood_m":3,"nests":true,"area_km2":2.505}},{"type":"Feature","geometry":{"type":"Polygon","coordinates":[[[0.95552,6.07303],[0.94126,6.07303],[0.94126,6.08728],[0.95552,6.08728],[0.95552,6.07303]]]},"properties":{"region":"Volta","district":"Ketu","floods_1m":1,"floods_2m":1,"floods_3m":1,"first_flood_m":1,"nests":true,"area_km2":2.498}},{"type":"Feature","geometry":{"type":"Polygon","coordinates":[[[-0.25641,5.52236],[-0.25681,5.52236],[-0.25681,5.52208],[-0.25764,5.52208],[-0.25764,5.52181],[-0.25819,5.52181],[-0.25819,5.52153],[-0.25958,5.52153],[-0.25958,5.52125],[-0.26097,5.52125],[-0.26097,5.52097],[-0.26181,5.52097],[-0.26181,5.5207],[-0.26375,5.5207],[-0.26375,5.52042],[-0.26542,5.52042],[-0.26542,5.52014],[-0.26736,5.52014],[-0.26736,5.51986],[-0.2693,5.51986],[-0.2693,5.51958],[-0.27066,5.51958],[-0.27066,5.53122],[-0.25641,5.53122],[-0.25641,5.52236]]]},"properties":{"region":"Greater Accra","district":"Accra","floods_1m":1,"floods_2m":1,"floods_3m":1,"first_flood_m":1,"nests":true,"area_km2":1.847}},{"type":"Feature","geometry":{"type":"Polygon","coordinates":[[[-2.59472,4.98942],[-2.60625,4.98942],[-2.60625,4.98958],[-2.60736,4.98958],[-2.60736,4.98986],[-2.60897,4.98986],[-2.60897,5.00368],[-2.59472,5.00368],[-2.59472,4.98942]]]},"properties":{"region":"Western","district":"Jomoro","floods_1m":0,"floods_2m":0,"floods_3m":1,"first_flood_m":3,"nests":true,"area_km2":2.492}},{"type":"Feature","geometry":{"type":"Polygon","coordinates":[[[-2.20975,4.84171],[-2.21131,4.84049],[-2.2113,4.84042],[-2.21149,4.84042],[-2.21153,4.84069],[-2.21208,4.84069],[-2.21208,4.84097],[-2.2132,4.84097],[-2.2132,4.84125],[-2.21375,4.84125],[-2.21375,4.84153],[-2.21458,4.84153],[-2.21458,4.84181],[-2.21486,4.84181],[-2.21486,4.84208],[-2.21542,4.84208],[-2.21542,4.84236],[-2.21597,4.84236],[-2.21597,4.84264],[-2.21625,4.84264],[-2.21625,4.84292],[-2.21736,4.84292],[-2.21736,4.84319],[-2.21764,4.84319],[-2.21764,4.84347],[-2.21792,4.84347],[-2.21792,4.84375],[-2.21847,4.84375],[-2.21847,4.84431],[-2.21875,4.84431],[-2.21875,4.84458],[-2.21986,4.84458],[-2.21986,4.84486],[-2.22097,4.84486],[-2.22097,4.84514],[-2.22125,4.84514],[-2.22125,4.84542],[-2.22153,4.84542],[-2.22153,4.84569],[-2.22181,4.84569],[-2.22181,4.84597],[-2.22208,4.84597],[-2.22208,4.84625],[-2.22236,4.84625],[-2.22236,4.84653],[-2.22319,4.84653],[-2.22319,4.84681],[-2.22401,4.84681],[-2.22401,4.84684],[-2.20975,4.84684],[-2.20975,4.84171]]]},"properties":{"region":"Western","district":"Nzema East","floods_1m":1,"floods_2m":1,"floods_3m":1,"first_flood_m":1,"nests":true,"area_km2":0.626}},{"type":"Feature","geometry":{"type":"Polygon","coordinates":[[[1.06959,6.05877],[1.05533,6.05877],[1.05533,6.07303],[1.06959,6.07303],[1.06959,6.05877]]]},"properties":{"region":"Volta","district":"Ketu","floods_1m":1,"floods_2m":1,"floods_3m":1,"first_flood_m":1,"nests":true,"area_km2":2.5}},{"type":"Feature","geometry":{"type":"Polygon","coordinates":[[[-2.7373,5.11774],[-2.7406,5.11774],[-2.74046,5.12477],[-2.7373,5.12924],[-2.7373,5.11774]]]},"properties":{"region":"Western","district":"Jomoro","floods_1m":0,"floods_2m":1,"floods_3m":1,"first_flood_m":2,"nests":true,"area_km2":0.367}},{"type":"Feature","geometry":{"type":"Polygon","coordinates":[[[-2.38085,4.94125],[-2.38125,4.94125],[-2.38125,4.94153],[-2.38208,4.94153],[-2.38208,4.94181],[-2.38236,4.94181],[-2.38236,4.94236],[-2.38208,4.94236],[-2.38208,4.94319],[-2.38181,4.94319],[-2.38181,4.94347],[-2.38208,4.94347],[-2.38208,4.94403],[-2.38319,4.94403],[-2.38319,4.94431],[-2.38458,4.94431],[-2.38458,4.94403],[-2.38486,4.94403],[-2.38486,4.94375],[-2.38458,4.94375],[-2.38458,4.94347],[-2.38403,4.94347],[-2.38403,4.94236],[-2.38431,4.94236],[-2.38431,4.94208],[-2.38458,4.94208],[-2.38458,4.94236],[-2.38542,4.94236],[-2.38542,4.94264],[-2.38597,4.94264],[-2.38597,4.94292],[-2.38708,4.94292],[-2.38708,4.94319],[-2.38819,4.94319],[-2.38819,4.94347],[-2.38903,4.94347],[-2.38903,4.94375],[-2.39097,4.94375],[-2.39097,4.94403],[-2.39125,4.94403],[-2.39125,4.94375],[-2.3918,4.94375],[-2.39181,4.94403],[-2.39208,4.94403],[-2.39208,4.94431],[-2.39292,4.94431],[-2.39292,4.94458],[-2.3951,4.94458],[-2.3951,4.94665],[-2.38085,4.94665],[-2.38085,4.94125]]]},"properties":{"region":"Western","district":"Nzema East","floods_1m":1,"floods_2m":1,"floods_3m":1,"first_flood_m":1,"nests":true,"area_km2":0.553}},{"type":"Feature","geometry":{"type":"Polygon","coordinates":[[[1.01255,6.03025],[0.9983,6.03025],[0.9983,6.04451],[1.01255,6.04451],[1.01255,6.03025]]]},"properties":{"region":"Volta","district":"Ketu","floods_1m":1,"floods_2m":1,"floods_3m":1,"first_flood_m":1,"nests":true,"area_km2":2.499}},{"type":"Feature","geometry":{"type":"Polygon","coordinates":[[[-0.28492,5.51681],[-0.28492,5.51697],[-0.28347,5.51697],[-0.28347,5.51681],[-0.28492,5.51681]]]},"properties":{"region":"Greater Accra","district":"Accra","floods_1m":0,"floods_2m":1,"floods_3m":1,"first_flood_m":2,"nests":true,"area_km2":0.003}},{"type":"Feature","geometry":{"type":"Polygon","coordinates":[[[0.92701,6.05877],[0.91275,6.05877],[0.91275,6.07303],[0.92701,6.07303],[0.92701,6.05877]]]},"properties":{"region":"Volta","district":"Ketu","floods_1m":1,"floods_2m":1,"floods_3m":1,"first_flood_m":1,"nests":true,"area_km2":2.5}},{"type":"Feature","geometry":{"type":"Polygon","coordinates":[[[0.92701,6.07303],[0.91275,6.07303],[0.91275,6.08728],[0.92701,6.08728],[0.92701,6.07303]]]},"properties":{"region":"Volta","district":"Ketu","floods_1m":1,"floods_2m":1,"floods_3m":1,"first_flood_m":1,"nests":true,"area_km2":2.498}},{"type":"Feature","geometry":{"type":"Polygon","coordinates":[[[-0.28492,5.55974],[-0.29667,5.55974],[-0.297,5.561],[-0.29918,5.5653],[-0.29918,5.574],[-0.28492,5.574],[-0.28492,5.55974]]]},"properties":{"region":"Greater Accra","district":"Accra","floods_1m":1,"floods_2m":1,"floods_3m":1,"first_flood_m":1,"nests":true,"area_km2":2.408}},{"type":"Feature","geometry":{"type":"Polygon","coordinates":[[[0.94126,6.10154],[0.92701,6.10154],[0.92701,6.1158],[0.94126,6.1158],[0.94126,6.10154]]]},"properties":{"region":"Volta","district":"Ketu","floods_1m":1,"floods_2m":1,"floods_3m":1,"first_flood_m":1,"nests":true,"area_km2":2.498}},{"type":"Feature","geometry":{"type":"Polygon","coordinates":[[[1.05533,6.10154],[1.04107,6.10154],[1.04107,6.1158],[1.05533,6.1158],[1.05533,6.10154]]]},"properties":{"region":"Volta","district":"Ketu","floods_1m":0,"floods_2m":1,"floods_3m":1,"first_flood_m":2,"nests":true,"area_km2":2.5}},{"type":"Feature","geometry":{"type":"Polygon","coordinates":[[[-0.24215,5.52459],[-0.24293,5.52463],[-0.24292,5.5243],[-0.24412,5.5243],[-0.24625,5.5243],[-0.24625,5.52403],[-0.24736,5.52403],[-0.24736,5.52375],[-0.24792,5.52375],[-0.24792,5.52347],[-0.24847,5.52347],[-0.24846,5.52319],[-0.25097,5.52319],[-0.25097,5.52292],[-0.25347,5.52292],[-0.25347,5.52264],[-0.25431,5.52264],[-0.25431,5.52236],[-0.25641,5.52236],[-0.25641,5.53122],[-0.24215,5.53122],[-0.24215,5.52459]]]},"properties":{"region":"Greater Accra","district":"Accra","floods_1m":1,"floods_2m":1,"floods_3m":1,"first_flood_m":1,"nests":true,"area_km2":1.368}},{"type":"Feature","geometry":{"type":"Polygon","coordinates":[[[-2.20975,4.93239],[-2.22401,4.93239],[-2.22401,4.94665],[-2.20975,4.94665],[-2.20975,4.93239]]]},"properties":{"region":"Western","district":"Nzema East","floods_1m":0,"floods_2m":1,"floods_3m":1,"first_flood_m":2,"nests":true,"area_km2":2.505}},{"type":"Feature","geometry":{"type":"Polygon","coordinates":[[[1.05533,6.08728],[1.04107,6.08728],[1.04107,6.10154],[1.05533,6.10154],[1.05533,6.08728]]]},"properties":{"region":"Volta","district":"Ketu","floods_1m":1,"floods_2m":1,"floods_3m":1,"first_flood_m":1,"nests":true,"area_km2":2.5}},{"type":"Feature","geometry":{"type":"Polygon","coordinates":[[[1.12662,6.10154],[1.11236,6.10154],[1.11236,6.1158],[1.12662,6.1158],[1.12662,6.10154]]]},"properties":{"region":"Volta","district":"Ketu","floods_1m":1,"floods_2m":1,"floods_3m":1,"first_flood_m":1,"nests":true,"area_km2":2.5}},{"type":"Feature","geometry":{"type":"Polygon","coordinates":[[[-2.48065,4.97516],[-2.49491,4.97516],[-2.49491,4.98942],[-2.48065,4.98942],[-2.48065,4.97516]]]},"properties":{"region":"Western","district":"Nzema East","floods_1m":1,"floods_2m":1,"floods_3m":1,"first_flood_m":1,"nests":true,"area_km2":2.505}},{"type":"Feature","geometry":{"type":"Polygon","coordinates":[[[-0.18512,5.54542],[-0.18654,5.54545],[-0.18653,5.54514],[-0.18767,5.54514],[-0.1882,5.54514],[-0.1882,5.54499],[-0.1882,5.54486],[-0.18875,5.54486],[-0.18875,5.54458],[-0.18903,5.54458],[-0.18903,5.54431],[-0.19014,5.54431],[-0.19014,5.54447],[-0.19014,5.54458],[-0.1907,5.54458],[-0.1907,5.54431],[-0.19097,5.54431],[-0.19097,5.54458],[-0.19181,5.54458],[-0.19181,5.54431],[-0.19292,5.5443],[-0.19292,5.54403],[-0.19347,5.54403],[-0.19347,5.54375],[-0.19403,5.54375],[-0.19401,5.54348],[-0.19514,5.54347],[-0.19514,5.54319],[-0.19625,5.54319],[-0.19625,5.54292],[-0.19708,5.54292],[-0.19708,5.54264],[-0.19736,5.54264],[-0.19736,5.54244],[-0.19736,5.54236],[-0.19763,5.54236],[-0.1979,5.54236],[-0.19792,5.54264],[-0.19847,5.54264],[-0.19847,5.54292],[-0.19903,5.54292],[-0.19903,5.54264],[-0.19937,5.54264],[-0.19937,5.54548],[-0.18512,5.54548],[-0.18512,5.54542]]]},"properties":{"region":"Greater Accra","district":"Accra","floods_1m":1,"floods_2m":1,"floods_3m":1,"first_flood_m":1,"nests":true,"area_km2":0.253}},{"type":"Feature","geometry":{"type":"Polygon","coordinates":[[[-0.27066,5.53122],[-0.28492,5.53122],[-0.28492,5.54548],[-0.27066,5.54548],[-0.27066,5.53122]]]},"properties":{"region":"Greater Accra","district":"Accra","floods_1m":1,"floods_2m":1,"floods_3m":1,"first_flood_m":1,"nests":true,"area_km2":2.503}},{"type":"Feature","geometry":{"type":"Polygon","coordinates":[[[1.16939,6.10014],[1.16903,6.10014],[1.16903,6.09986],[1.16847,6.09986],[1.16847,6.09958],[1.16792,6.09958],[1.16792,6.09931],[1.16764,6.09931],[1.16764,6.09903],[1.16708,6.09903],[1.16708,6.09875],[1.16569,6.09875],[1.16569,6.09847],[1.16514,6.09847],[1.16514,6.0982],[1.16458,6.0982],[1.16458,6.09792],[1.16375,6.09792],[1.16375,6.09764],[1.16347,6.09764],[1.16347,6.09736],[1.16319,6.09736],[1.16319,6.09708],[1.16292,6.09708],[1.16292,6.09681],[1.16264,6.09681],[1.16264,6.09653],[1.16208,6.09653],[1.16208,6.09625],[1.16125,6.09625],[1.16125,6.09597],[1.16069,6.09597],[1.16069,6.0957],[1.15986,6.0957],[1.15986,6.09542],[1.15875,6.09542],[1.15875,6.09514],[1.15792,6.09514],[1.15792,6.09486],[1.15764,6.09486],[1.15764,6.09458],[1.15736,6.09458],[1.15736,6.09431],[1.15708,6.09431],[1.15708,6.09403],[1.15653,6.09403],[1.15653,6.09375],[1.15597,6.09375],[1.15597,6.09347],[1.15569,6.09347],[1.15569,6.09319],[1.15542,6.09319],[1.15542,6.09292],[1.15514,6.09292],[1.15514,6.09264],[1.15513,6.09264],[1.15513,6.10154],[1.16939,6.10154],[1.16939,6.10014]]]},"properties":{"region":"Volta","district":"Ketu","floods_1m":1,"floods_2m":1,"floods_3m":1,"first_flood_m":1,"nests":true,"area_km2":0.841}},{"type":"Feature","geometry":{"type":"Polygon","coordinates":[[[-0.1566,5.55597],[-0.1566,5.55974],[-0.14458,5.55974],[-0.14458,5.55958],[-0.14514,5.55958],[-0.14514,5.55931],[-0.14708,5.55931],[-0.14708,5.55903],[-0.14847,5.55903],[-0.14847,5.55875],[-0.14903,5.55875],[-0.14903,5.55847],[-0.14958,5.55847],[-0.14958,5.5582],[-0.15042,5.5582],[-0.15042,5.55792],[-0.15153,5.55792],[-0.15153,5.55764],[-0.15236,5.55764],[-0.15236,5.55736],[-0.15319,5.55736],[-0.15319,5.55708],[-0.15431,5.55708],[-0.15431,5.55681],[-0.15486,5.55681],[-0.15486,5.55653],[-0.15569,5.55653],[-0.15569,5.55625],[-0.15653,5.55625],[-0.15653,5.55597],[-0.1566,5.55597]]]},"properties":{"region":"Greater Accra","district":"Accra","floods_1m":1,"floods_2m":1,"floods_3m":1,"first_flood_m":1,"nests":true,"area_km2":0.254}},{"type":"Feature","geometry":{"type":"Polygon","coordinates":[[[0.92701,6.04451],[0.91275,6.04451],[0.91275,6.05877],[0.92701,6.05877],[0.92701,6.04451]]]},"properties":{"region":"Volta","district":"Ketu","floods_1m":1,"floods_2m":1,"floods_3m":1,"first_flood_m":1,"nests":true,"area_km2":2.5}},{"type":"Feature","geometry":{"type":"Polygon","coordinates":[[[1.0981,6.13006],[1.08384,6.13006],[1.08384,6.14432],[1.0981,6.14432],[1.0981,6.13006]]]},"properties":{"region":"Volta","district":"Ketu","floods_1m":1,"floods_2m":1,"floods_3m":1,"first_flood_m":1,"nests":true,"area_km2":2.5}},{"type":"Feature","geometry":{"type":"Polygon","coordinates":[[[0.96978,6.10154],[0.95552,6.10154],[0.95552,6.1158],[0.96978,6.1158],[0.96978,6.10154]]]},"properties":{"region":"Volta","district":"Ketu","floods_1m":1,"floods_2m":1,"floods_3m":1,"first_flood_m":1,"nests":true,"area_km2":2.5}},{"type":"Feature","geometry":{"type":"Polygon","coordinates":[[[-2.86562,5.04645],[-2.87988,5.04645],[-2.87988,5.06071],[-2.86562,5.06071],[-2.86562,5.04645]]]},"properties":{"region":"Western","district":"Jomoro","floods_1m":0,"floods_2m":0,"floods_3m":1,"first_flood_m":3,"nests":true,"area_km2":2.504}},{"type":"Feature","geometry":{"type":"Polygon","coordinates":[[[1.0981,6.05986],[1.09764,6.05986],[1.09764,6.05958],[1.09736,6.05958],[1.09736,6.05931],[1.09708,6.05931],[1.09708,6.05903],[1.0968,6.05903],[1.0968,6.05877],[1.08384,6.05877],[1.08384,6.07303],[1.0981,6.07303],[1.0981,6.05986]]]},"properties":{"region":"Volta","district":"Ketu","floods_1m":1,"floods_2m":1,"floods_3m":1,"first_flood_m":1,"nests":true,"area_km2":2.488}},{"type":"Feature","geometry":{"type":"Polygon","coordinates":[[[-2.16698,4.93239],[-2.18123,4.93239],[-2.18123,4.94665],[-2.16698,4.94665],[-2.16698,4.93239]]]},"properties":{"region":"Western","district":"Nzema East","floods_1m":0,"floods_2m":0,"floods_3m":1,"first_flood_m":3,"nests":true,"area_km2":2.503}},{"type":"Feature","geometry":{"type":"Polygon","coordinates":[[[1.06959,6.03431],[1.06958,6.03431],[1.06958,6.03403],[1.0693,6.03403],[1.0693,6.03375],[1.06903,6.03375],[1.06903,6.03347],[1.06875,6.03347],[1.06875,6.0332],[1.06847,6.0332],[1.06847,6.03264],[1.06819,6.03264],[1.06819,6.03236],[1.06792,6.03236],[1.06792,6.0318],[1.06764,6.0318],[1.06764,6.03153],[1.06736,6.03153],[1.06736,6.03097],[1.06708,6.03097],[1.06708,6.03069],[1.0668,6.03069],[1.0668,6.03042],[1.06653,6.03042],[1.06653,6.03025],[1.05533,6.03025],[1.05533,6.04451],[1.06959,6.04451],[1.06959,6.03431]]]},"properties":{"region":"Volta","district":"Ketu","floods_1m":1,"floods_2m":1,"floods_3m":1,"first_flood_m":1,"nests":true,"area_km2":2.424}},{"type":"Feature","geometry":{"type":"Polygon","coordinates":[[[1.02681,5.97569],[1.02681,5.97569],[1.02681,5.97486],[1.02653,5.97486],[1.02653,5.97458],[1.02625,5.97458],[1.02625,5.97403],[1.02597,5.97403],[1.02597,5.97347],[1.0257,5.97347],[1.02569,5.97322],[1.02319,5.97322],[1.02319,5.97347],[1.0243,5.97347],[1.0243,5.97403],[1.02375,5.97403],[1.02375,5.97458],[1.02347,5.97458],[1.02347,5.97486],[1.02292,5.97486],[1.02292,5.97458],[1.02236,5.97458],[1.02236,5.97486],[1.02181,5.97486],[1.02181,5.97514],[1.02125,5.97514],[1.02125,5.97542],[1.02069,5.97542],[1.02069,5.97569],[1.02042,5.97569],[1.02042,5.97597],[1.01958,5.97597],[1.01958,5.97625],[1.0193,5.97625],[1.0193,5.97653],[1.01903,5.97653],[1.01903,5.97681],[1.01875,5.97681],[1.01875,5.97708],[1.01847,5.97708],[1.01847,5.97764],[1.0182,5.97764],[1.0182,5.9782],[1.01792,5.9782],[1.01792,5.97847],[1.01764,5.97847],[1.01764,5.97875],[1.01736,5.97875],[1.01736,5.97903],[1.01708,5.97903],[1.01708,5.97931],[1.01681,5.97931],[1.01681,5.97958],[1.01653,5.97958],[1.01653,5.97986],[1.01625,5.97986],[1.01625,5.98014],[1.01597,5.98014],[1.01597,5.98042],[1.01569,5.98042],[1.01569,5.98069],[1.01542,5.98069],[1.01542,5.98097],[1.01514,5.98097],[1.01514,5.98125],[1.01458,5.98125],[1.01458,5.98153],[1.0143,5.98153],[1.0143,5.9818],[1.01375,5.9818],[1.01375,5.98236],[1.01347,5.98236],[1.01347,5.98264],[1.0132,5.98264],[1.0132,5.98292],[1.01292,5.98292],[1.01292,5.98319],[1.01264,5.98319],[1.01264,5.98347],[1.01255,5.98347],[1.01255,5.98748],[1.02681,5.98748],[1.02681,5.97569]]]},"properties":{"region":"Volta","district":"Ketu","floods_1m":1,"floods_2m":1,"floods_3m":1,"first_flood_m":1,"nests":true,"area_km2":1.798}},{"type":"Feature","geometry":{"type":"Polygon","coordinates":[[[0.94126,6.04451],[0.92701,6.04451],[0.92701,6.05877],[0.94126,6.05877],[0.94126,6.04451]]]},"properties":{"region":"Volta","district":"Ketu","floods_1m":1,"floods_2m":1,"floods_3m":1,"first_flood_m":1,"nests":true,"area_km2":2.498}},{"type":"Feature","geometry":{"type":"Polygon","coordinates":[[[-2.33807,4.93239],[-2.35153,4.93239],[-2.35153,4.93264],[-2.35233,4.93264],[-2.35233,4.94665],[-2.33807,4.94665],[-2.33807,4.93239]]]},"properties":{"region":"Western","district":"Nzema East","floods_1m":1,"floods_2m":1,"floods_3m":1,"first_flood_m":1,"nests":true,"area_km2":2.502}},{"type":"Feature","geometry":{"type":"Polygon","coordinates":[[[1.04107,6.00174],[1.02681,6.00174],[1.02681,6.01599],[1.04107,6.01599],[1.04107,6.00174]]]},"properties":{"region":"Volta","district":"Ketu","floods_1m":1,"floods_2m":1,"floods_3m":1,"first_flood_m":1,"nests":true,"area_km2":2.499}},{"type":"Feature","geometry":{"type":"Polygon","coordinates":[[[-0.27066,5.54548],[-0.28492,5.54548],[-0.28492,5.55974],[-0.27066,5.55974],[-0.27066,5.54548]]]},"properties":{"region":"Greater Accra","district":"Accra","floods_1m":1,"floods_2m":1,"floods_3m":1,"first_flood_m":1,"nests":true,"area_km2":2.502}},{"type":"Feature","geometry":{"type":"Polygon","coordinates":[[[-0.27066,5.574],[-0.28492,5.574],[-0.28492,5.58826],[-0.27066,5.58826],[-0.27066,5.574]]]},"properties":{"region":"Greater Accra","district":"Accra","floods_1m":0,"floods_2m":1,"floods_3m":1,"first_flood_m":2,"nests":true,"area_km2":2.502}},{"type":"Feature","geometry":{"type":"Polygon","coordinates":[[[-2.19549,4.93239],[-2.20975,4.93239],[-2.20975,4.94665],[-2.19549,4.94665],[-2.19549,4.93239]]]},"properties":{"region":"Western","district":"Nzema East","floods_1m":1,"floods_2m":1,"floods_3m":1,"first_flood_m":1,"nests":true,"area_km2":2.505}},{"type":"Feature","geometry":{"type":"Polygon","coordinates":[[[1.18365,6.13006],[1.16939,6.13006],[1.16939,6.14432],[1.18365,6.14432],[1.18365,6.13006]]]},"properties":{"region":"Volta","district":"Ketu","floods_1m":1,"floods_2m":1,"floods_3m":1,"first_flood_m":1,"nests":true,"area_km2":2.5}},{"type":"Feature","geometry":{"type":"Polygon","coordinates":[[[-0.28492,5.54548],[-0.29495,5.54548],[-0.29623,5.55804],[-0.29667,5.55974],[-0.28492,5.55974],[-0.28492,5.54548]]]},"properties":{"region":"Greater Accra","district":"Accra","floods_1m":1,"floods_2m":1,"floods_3m":1,"first_flood_m":1,"nests":true,"area_km2":1.89}},{"type":"Feature","geometry":{"type":"Polygon","coordinates":[[[-0.21363,5.53122],[-0.22789,5.53122],[-0.22789,5.54548],[-0.21363,5.54548],[-0.21363,5.53122]]]},"properties":{"region":"Greater Accra","district":"Accra","floods_1m":0,"floods_2m":1,"floods_3m":1,"first_flood_m":2,"nests":true,"area_km2":2.503}},{"type":"Feature","geometry":{"type":"Polygon","coordinates":[[[1.11236,6.06958],[1.11181,6.06958],[1.11181,6.0693],[1.11097,6.0693],[1.11097,6.06903],[1.11069,6.06903],[1.11069,6.06875],[1.11042,6.06875],[1.11042,6.06819],[1.11014,6.06819],[1.11014,6.06792],[1.10986,6.06792],[1.10986,6.06736],[1.10958,6.06736],[1.10958,6.06708],[1.10931,6.06708],[1.10931,6.0668],[1.10903,6.0668],[1.10903,6.06653],[1.10847,6.06653],[1.10847,6.06625],[1.10819,6.06625],[1.10819,6.06597],[1.10708,6.06597],[1.10708,6.06569],[1.10681,6.06569],[1.10681,6.06542],[1.10653,6.06542],[1.10653,6.06514],[1.10625,6.06514],[1.10625,6.06486],[1.10597,6.06486],[1.10597,6.06458],[1.10569,6.06458],[1.10569,6.0643],[1.10542,6.0643],[1.10542,6.06403],[1.10514,6.06403],[1.10514,6.06375],[1.10458,6.06375],[1.10458,6.06347],[1.10403,6.06347],[1.10403,6.0632],[1.10347,6.0632],[1.10347,6.06292],[1.10264,6.06292],[1.10264,6.06264],[1.10208,6.06264],[1.10208,6.06236],[1.10153,6.06236],[1.10153,6.06208],[1.10097,6.06208],[1.10097,6.0618],[1.1007,6.0618],[1.1007,6.06153],[1.10014,6.06153],[1.10014,6.06125],[1.09958,6.06125],[1.09958,6.06097],[1.09931,6.06097],[1.09931,6.0607],[1.09875,6.0607],[1.09875,6.06042],[1.09847,6.06042],[1.09847,6.06014],[1.09819,6.06014],[1.09819,6.05986],[1.0981,6.05986],[1.0981,6.07303],[1.11236,6.07303],[1.11236,6.06958]]]},"properties":{"region":"Volta","district":"Ketu","floods_1m":1,"floods_2m":1,"floods_3m":1,"first_flood_m":1,"nests":true,"area_km2":1.487}},{"type":"Feature","geometry":{"type":"Polygon","coordinates":[[[-2.90839,5.10348],[-2.92265,5.10348],[-2.92265,5.11228],[-2.92077,5.11371],[-2.90839,5.11561],[-2.90839,5.10348]]]},"properties":{"region":"Western","district":"Jomoro","floods_1m":1,"floods_2m":1,"floods_3m":1,"first_flood_m":1,"nests":true,"area_km2":1.925}},{"type":"Feature","geometry":{"type":"Polygon","coordinates":[[[1.02681,5.97569],[1.02681,5.98748],[1.03569,5.98748],[1.03569,5.98736],[1.03542,5.98736],[1.03542,5.98708],[1.03514,5.98708],[1.03514,5.9868],[1.03486,5.9868],[1.03486,5.98625],[1.03431,5.98625],[1.03431,5.98597],[1.03347,5.98597],[1.03347,5.98569],[1.03319,5.98569],[1.03319,5.98514],[1.03292,5.98514],[1.03292,5.98486],[1.03264,5.98486],[1.03264,5.98458],[1.03236,5.98458],[1.03236,5.9843],[1.03208,5.9843],[1.03208,5.98292],[1.03181,5.98292],[1.03181,5.98236],[1.03153,5.98236],[1.03153,5.98208],[1.03125,5.98208],[1.03125,5.9818],[1.03097,5.9818],[1.03097,5.98125],[1.03069,5.98125],[1.03069,5.98097],[1.03042,5.98097],[1.03042,5.98069],[1.03014,5.98069],[1.03014,5.98042],[1.02986,5.98042],[1.02986,5.98014],[1.02958,5.98014],[1.02958,5.97986],[1.02931,5.97986],[1.02931,5.97958],[1.02903,5.97958],[1.02903,5.97931],[1.02875,5.97931],[1.02875,5.97903],[1.02847,5.97903],[1.02847,5.97847],[1.02819,5.97847],[1.02819,5.9782],[1.02792,5.9782],[1.02792,5.97792],[1.02764,5.97792],[1.02764,5.97778],[1.02764,5.97736],[1.02736,5.97736],[1.02736,5.97681],[1.02708,5.97681],[1.02708,5.97569],[1.02681,5.97569]]]},"properties":{"region":"Volta","district":"Ketu","floods_1m":1,"floods_2m":1,"floods_3m":1,"first_flood_m":1,"nests":true,"area_km2":0.574}},{"type":"Feature","geometry":{"type":"Polygon","coordinates":[[[1.02681,6.00174],[1.01255,6.00174],[1.01255,6.01599],[1.02681,6.01599],[1.02681,6.00174]]]},"properties":{"region":"Volta","district":"Ketu","floods_1m":1,"floods_2m":1,"floods_3m":1,"first_flood_m":1,"nests":true,"area_km2":2.499}},{"type":"Feature","geometry":{"type":"Polygon","coordinates":[[[-0.28492,5.53122],[-0.28935,5.53122],[-0.28951,5.53223],[-0.29024,5.53481],[-0.29417,5.54251],[-0.29495,5.54547],[-0.29495,5.54548],[-0.28492,5.54548],[-0.28492,5.53122]]]},"properties":{"region":"Greater Accra","district":"Accra","floods_1m":1,"floods_2m":1,"floods_3m":1,"first_flood_m":1,"nests":true,"area_km2":1.256}},{"type":"Feature","geometry":{"type":"Polygon","coordinates":[[[-2.78007,5.11116],[-2.78007,5.10348],[-2.79433,5.10348],[-2.79433,5.10527],[-2.79362,5.10513],[-2.79065,5.10675],[-2.7868,5.11621],[-2.784,5.10956],[-2.78034,5.11119],[-2.78007,5.11116]]]},"properties":{"region":"Western","district":"Jomoro","floods_1m":1,"floods_2m":1,"floods_3m":1,"first_flood_m":1,"nests":true,"area_km2":1.145}},{"type":"Feature","geometry":{"type":"Polygon","coordinates":[[[1.04107,6.04451],[1.02681,6.04451],[1.02681,6.05877],[1.04107,6.05877],[1.04107,6.04451]]]},"properties":{"region":"Volta","district":"Ketu","floods_1m":1,"floods_2m":1,"floods_3m":1,"first_flood_m":1,"nests":true,"area_km2":2.5}},{"type":"Feature","geometry":{"type":"Polygon","coordinates":[[[1.14088,6.1158],[1.12662,6.1158],[1.12662,6.13006],[1.14088,6.13006],[1.14088,6.1158]]]},"properties":{"region":"Volta","district":"Ketu","floods_1m":1,"floods_2m":1,"floods_3m":1,"first_flood_m":1,"nests":true,"area_km2":2.5}},{"type":"Feature","geometry":{"type":"Polygon","coordinates":[[[0.96978,6.1158],[0.95552,6.1158],[0.95552,6.13006],[0.96978,6.13006],[0.96978,6.1158]]]},"properties":{"region":"Volta","district":"Ketu","floods_1m":1,"floods_2m":1,"floods_3m":1,"first_flood_m":1,"nests":true,"area_km2":2.5}},{"type":"Feature","geometry":{"type":"Polygon","coordinates":[[[-0.1566,5.55597],[-0.15764,5.55597],[-0.15764,5.5557],[-0.15819,5.5557],[-0.15819,5.55542],[-0.15875,5.55542],[-0.15875,5.55514],[-0.15903,5.55514],[-0.15903,5.55486],[-0.15958,5.55486],[-0.15958,5.55458],[-0.16014,5.55458],[-0.16014,5.55431],[-0.16042,5.55431],[-0.16042,5.55403],[-0.16097,5.55403],[-0.16097,5.55375],[-0.16125,5.55375],[-0.16125,5.55347],[-0.16181,5.55347],[-0.16181,5.5532],[-0.16208,5.5532],[-0.16208,5.55292],[-0.16236,5.55292],[-0.16236,5.55264],[-0.16264,5.55264],[-0.16264,5.55236],[-0.16292,5.55236],[-0.16292,5.55208],[-0.16542,5.55208],[-0.16542,5.55181],[-0.16708,5.55181],[-0.16708,5.55153],[-0.16764,5.55153],[-0.16764,5.55125],[-0.16847,5.55125],[-0.16847,5.55097],[-0.16903,5.55097],[-0.16903,5.55069],[-0.17069,5.55069],[-0.1707,5.55042],[-0.17086,5.55042],[-0.17086,5.55974],[-0.1566,5.55974],[-0.1566,5.55597]]]},"properties":{"region":"Greater Accra","district":"Accra","floods_1m":1,"floods_2m":1,"floods_3m":1,"first_flood_m":1,"nests":true,"area_km2":1.212}},{"type":"Feature","geometry":{"type":"Polygon","coordinates":[[[1.14088,6.08728],[1.12662,6.08728],[1.12662,6.10154],[1.14088,6.10154],[1.14088,6.08728]]]},"properties":{"region":"Volta","district":"Ketu","floods_1m":1,"floods_2m":1,"floods_3m":1,"first_flood_m":1,"nests":true,"area_km2":2.5}},{"type":"Feature","geometry":{"type":"Polygon","coordinates":[[[-0.22789,5.52819],[-0.22819,5.52819],[-0.22819,5.52792],[-0.22958,5.52792],[-0.22958,5.52764],[-0.23069,5.52764],[-0.23069,5.52736],[-0.23125,5.52736],[-0.23125,5.52708],[-0.23153,5.52708],[-0.23153,5.5268],[-0.23208,5.5268],[-0.23208,5.52667],[-0.23208,5.52653],[-0.233,5.52653],[-0.23375,5.52653],[-0.23375,5.52641],[-0.23375,5.52625],[-0.23403,5.52625],[-0.23403,5.52597],[-0.23598,5.52597],[-0.23597,5.52569],[-0.23736,5.52569],[-0.23736,5.52542],[-0.23979,5.52542],[-0.24014,5.52542],[-0.24014,5.52533],[-0.24014,5.52514],[-0.24082,5.52514],[-0.24097,5.52514],[-0.24097,5.52486],[-0.24208,5.52486],[-0.24208,5.52458],[-0.24215,5.52459],[-0.24215,5.53122],[-0.22789,5.53122],[-0.22789,5.52819]]]},"properties":{"region":"Greater Accra","district":"Accra","floods_1m":1,"floods_2m":1,"floods_3m":1,"first_flood_m":1,"nests":true,"area_km2":0.874}},{"type":"Feature","geometry":{"type":"Polygon","coordinates":[[[0.9983,6.04451],[0.98404,6.04451],[0.98404,6.05877],[0.9983,6.05877],[0.9983,6.04451]]]},"properties":{"region":"Volta","district":"Ketu","floods_1m":1,"floods_2m":1,"floods_3m":1,"first_flood_m":1,"nests":true,"area_km2":2.5}},{"type":"Feature","geometry":{"type":"Polygon","coordinates":[[[0.96978,6.00347],[0.96978,6.00319],[0.96958,6.00319],[0.96958,6.00347],[0.96978,6.00347]]]},"properties":{"region":"Volta","district":"Ketu","floods_1m":1,"floods_2m":1,"floods_3m":1,"first_flood_m":1,"nests":true,"area_km2":0.001}},{"type":"Feature","geometry":{"type":"Polygon","coordinates":[[[1.08384,6.10154],[1.07137,6.10154],[1.06959,6.10154],[1.06959,6.1158],[1.07137,6.1158],[1.08384,6.1158],[1.08384,6.10154]]]},"properties":{"region":"Volta","district":"Ketu","floods_1m":1,"floods_2m":1,"floods_3m":1,"first_flood_m":1,"nests":true,"area_km2":2.498}},{"type":"Feature","geometry":{"type":"Polygon","coordinates":[[[1.01255,5.98748],[1.00819,5.98748],[1.00819,5.98764],[1.00792,5.98764],[1.00792,5.98792],[1.00764,5.98792],[1.00764,5.9882],[1.00736,5.9882],[1.00736,5.98847],[1.00681,5.98847],[1.00681,5.98931],[1.00653,5.98931],[1.00653,5.99014],[1.00625,5.99014],[1.00623,5.99097],[1.00597,5.99097],[1.00597,5.99106],[1.00597,5.99125],[1.00569,5.99125],[1.00569,5.99236],[1.00542,5.99236],[1.00542,5.99264],[1.00514,5.99264],[1.00514,5.99292],[1.00458,5.99292],[1.00458,5.99319],[1.00431,5.99319],[1.00431,5.99347],[1.00403,5.99347],[1.00403,5.99375],[1.00375,5.99375],[1.00375,5.99431],[1.00347,5.99431],[1.00347,5.99569],[1.00375,5.99569],[1.00375,5.99597],[1.00431,5.99597],[1.00431,5.99653],[1.00403,5.99653],[1.00403,5.99681],[1.00319,5.99681],[1.00319,5.99736],[1.00292,5.99736],[1.00292,5.99792],[1.00264,5.99792],[1.00264,5.99819],[1.00236,5.99819],[1.00236,5.99847],[1.00208,5.99847],[1.00208,5.99875],[1.00181,5.99875],[1.00181,5.99903],[1.00153,5.99903],[1.00153,5.99931],[1.00125,5.99931],[1.00125,5.99958],[1.00069,5.99958],[1.00069,5.99986],[1.00042,5.99986],[1.00042,6.00014],[1.00042,6.00042],[1.00014,6.00042],[0.99931,6.00042],[0.99931,6.00069],[0.99903,6.00069],[0.99903,6.00097],[0.99847,6.00097],[0.99847,6.00125],[0.9983,6.00125],[0.9983,6.00174],[1.00097,6.00174],[1.00097,6.00153],[1.00125,6.00153],[1.00125,6.00097],[1.00153,6.00097],[1.00153,6.00042],[1.00181,6.00042],[1.00181,6.00014],[1.00208,6.00014],[1.00208,5.99986],[1.00236,5.99986],[1.00236,5.99958],[1.00264,5.99958],[1.00264,5.99986],[1.00292,5.99986],[1.00292,6.00014],[1.00292,6.00097],[1.00264,6.00097],[1.00264,6.00125],[1.00236,6.00125],[1.00236,6.00174],[1.01255,6.00174],[1.01255,5.98748]]]},"properties":{"region":"Volta","district":"Ketu","floods_1m":1,"floods_2m":1,"floods_3m":1,"first_flood_m":1,"nests":true,"area_km2":1.491}},{"type":"Feature","geometry":{"type":"Polygon","coordinates":[[[-2.87988,5.10348],[-2.89413,5.10348],[-2.89413,5.11409],[-2.89138,5.1136],[-2.88925,5.11774],[-2.88459,5.11774],[-2.88358,5.11731],[-2.88242,5.11774],[-2.87988,5.11774],[-2.87988,5.10348]]]},"properties":{"region":"Western","district":"Jomoro","floods_1m":1,"floods_2m":1,"floods_3m":1,"first_flood_m":1,"nests":true,"area_km2":2.311}},{"type":"Feature","geometry":{"type":"Polygon","coordinates":[[[-0.11383,5.57069],[-0.11403,5.57069],[-0.11403,5.57042],[-0.11514,5.57042],[-0.11514,5.57014],[-0.11569,5.57014],[-0.11569,5.56986],[-0.11597,5.56986],[-0.11597,5.56958],[-0.11625,5.56958],[-0.11625,5.56931],[-0.11653,5.56931],[-0.11653,5.56903],[-0.11681,5.56903],[-0.11681,5.56875],[-0.11764,5.56875],[-0.11764,5.56847],[-0.11819,5.56847],[-0.11819,5.56819],[-0.11958,5.56819],[-0.11958,5.56792],[-0.11986,5.56792],[-0.11986,5.56764],[-0.12042,5.56764],[-0.12042,5.56736],[-0.12097,5.56736],[-0.12097,5.56708],[-0.12153,5.56708],[-0.12153,5.56681],[-0.12181,5.56681],[-0.12181,5.56653],[-0.12208,5.56653],[-0.12208,5.56625],[-0.12292,5.56625],[-0.12292,5.56597],[-0.12347,5.56597],[-0.12347,5.56569],[-0.12403,5.56569],[-0.12403,5.56542],[-0.12514,5.56542],[-0.12514,5.56514],[-0.12653,5.56514],[-0.12653,5.56486],[-0.12736,5.56486],[-0.12736,5.56458],[-0.12764,5.56458],[-0.12764,5.56431],[-0.12808,5.56431],[-0.12808,5.574],[-0.11383,5.574],[-0.11383,5.57069]]]},"properties":{"region":"Greater Accra","district":"Accra","floods_1m":1,"floods_2m":1,"floods_3m":1,"first_flood_m":1,"nests":true,"area_km2":1.182}},{"type":"Feature","geometry":{"type":"Polygon","coordinates":[[[-0.19937,5.54264],[-0.20014,5.54264],[-0.20014,5.54236],[-0.20069,5.54236],[-0.20069,5.54208],[-0.20153,5.54208],[-0.20153,5.54181],[-0.20292,5.54181],[-0.20292,5.54153],[-0.20319,5.54153],[-0.20319,5.54125],[-0.20375,5.54125],[-0.20375,5.54097],[-0.20403,5.54097],[-0.20403,5.54069],[-0.20431,5.54069],[-0.20431,5.54042],[-0.20486,5.54042],[-0.20486,5.54033],[-0.20486,5.54014],[-0.20514,5.54014],[-0.20514,5.53986],[-0.20542,5.53986],[-0.20542,5.53958],[-0.20569,5.53958],[-0.20569,5.53931],[-0.20597,5.53931],[-0.20597,5.53903],[-0.20681,5.53903],[-0.20681,5.53875],[-0.20708,5.53875],[-0.20708,5.53847],[-0.20736,5.53847],[-0.20736,5.53819],[-0.20764,5.53819],[-0.20764,5.53792],[-0.20792,5.53792],[-0.20792,5.53764],[-0.20819,5.53764],[-0.20819,5.53736],[-0.20847,5.53736],[-0.20847,5.53486],[-0.20819,5.53486],[-0.20819,5.53403],[-0.20792,5.53403],[-0.20792,5.53347],[-0.20819,5.53347],[-0.20819,5.53319],[-0.20875,5.53319],[-0.20875,5.53292],[-0.20903,5.53292],[-0.20903,5.53264],[-0.20931,5.53264],[-0.20931,5.53236],[-0.21069,5.53236],[-0.21069,5.53208],[-0.21204,5.53208],[-0.21236,5.53208],[-0.21236,5.53181],[-0.21292,5.53181],[-0.21292,5.53153],[-0.21319,5.53153],[-0.21319,5.53125],[-0.21347,5.53125],[-0.21347,5.53122],[-0.21363,5.53122],[-0.21363,5.54548],[-0.19937,5.54548],[-0.19937,5.54264]]]},"properties":{"region":"Greater Accra","district":"Accra","floods_1m":1,"floods_2m":1,"floods_3m":1,"first_flood_m":1,"nests":true,"area_km2":1.405}},{"type":"Feature","geometry":{"type":"Polygon","coordinates":[[[1.05533,6.04451],[1.04107,6.04451],[1.04107,6.05877],[1.05533,6.05877],[1.05533,6.04451]]]},"properties":{"region":"Volta","district":"Ketu","floods_1m":1,"floods_2m":1,"floods_3m":1,"first_flood_m":1,"nests":true,"area_km2":2.5}},{"type":"Feature","geometry":{"type":"Polygon","coordinates":[[[-0.08182,5.58653],[-0.08236,5.58653],[-0.08233,5.58625],[-0.08264,5.58625],[-0.08264,5.58597],[-0.08292,5.58597],[-0.08295,5.58575],[-0.08316,5.58563],[-0.0832,5.58542],[-0.08343,5.58542],[-0.08375,5.58542],[-0.08375,5.58569],[-0.08531,5.58569],[-0.08531,5.58826],[-0.07945,5.58826],[-0.0794,5.5882],[-0.08182,5.58653]]]},"properties":{"region":"Greater Accra","district":"Accra","floods_1m":1,"floods_2m":1,"floods_3m":1,"first_flood_m":1,"nests":true,"area_km2":0.13}},{"type":"Feature","geometry":{"type":"Polygon","coordinates":[[[-0.22789,5.54548],[-0.24215,5.54548],[-0.24215,5.55974],[-0.22789,5.55974],[-0.22789,5.54548]]]},"properties":{"region":"Greater Accra","district":"Accra","floods_1m":1,"floods_2m":1,"floods_3m":1,"first_flood_m":1,"nests":true,"area_km2":2.502}},{"type":"Feature","geometry":{"type":"Polygon","coordinates":[[[1.05533,6.01653],[1.05514,6.01653],[1.05514,6.01625],[1.05486,6.01625],[1.05486,6.01599],[1.04107,6.01599],[1.04107,6.03025],[1.05533,6.03025],[1.05533,6.01653]]]},"properties":{"region":"Volta","district":"Ketu","floods_1m":1,"floods_2m":1,"floods_3m":1,"first_flood_m":1,"nests":true,"area_km2":2.498}},{"type":"Feature","geometry":{"type":"Polygon","coordinates":[[[1.08384,6.08728],[1.07137,6.08728],[1.06959,6.08728],[1.06959,6.10154],[1.07137,6.10154],[1.08384,6.10154],[1.08384,6.08728]]]},"properties":{"region":"Volta","district":"Ketu","floods_1m":1,"floods_2m":1,"floods_3m":1,"first_flood_m":1,"nests":true,"area_km2":2.498}},{"type":"Feature","geometry":{"type":"Polygon","coordinates":[[[-0.12808,5.56431],[-0.12819,5.56431],[-0.12819,5.56403],[-0.12875,5.56403],[-0.12875,5.56375],[-0.12931,5.56375],[-0.12931,5.56347],[-0.13014,5.56347],[-0.13014,5.56319],[-0.13042,5.56319],[-0.13042,5.56347],[-0.13236,5.56347],[-0.13236,5.56319],[-0.13264,5.56319],[-0.13264,5.56292],[-0.13458,5.56292],[-0.13458,5.56264],[-0.13486,5.56264],[-0.13486,5.56292],[-0.13597,5.56292],[-0.13597,5.56264],[-0.13653,5.56264],[-0.13653,5.56236],[-0.13736,5.56236],[-0.13736,5.56208],[-0.14125,5.56208],[-0.14125,5.56181],[-0.14153,5.56181],[-0.14153,5.56153],[-0.1418,5.56153],[-0.1418,5.56125],[-0.14208,5.56125],[-0.14208,5.56097],[-0.14234,5.56097],[-0.14234,5.574],[-0.12808,5.574],[-0.12808,5.56431]]]},"properties":{"region":"Greater Accra","district":"Accra","floods_1m":1,"floods_2m":1,"floods_3m":1,"first_flood_m":1,"nests":true,"area_km2":1.978}},{"type":"Feature","geometry":{"type":"Polygon","coordinates":[[[0.94126,6.1158],[0.92701,6.1158],[0.92701,6.13006],[0.94126,6.13006],[0.94126,6.1158]]]},"properties":{"region":"Volta","district":"Ketu","floods_1m":1,"floods_2m":1,"floods_3m":1,"first_flood_m":1,"nests":true,"area_km2":2.498}},{"type":"Feature","geometry":{"type":"Polygon","coordinates":[[[-2.46639,4.97516],[-2.48065,4.97516],[-2.48065,4.98942],[-2.46639,4.98942],[-2.46639,4.97516]]]},"properties":{"region":"Western","district":"Nzema East","floods_1m":1,"floods_2m":1,"floods_3m":1,"first_flood_m":1,"nests":true,"area_km2":2.505}},{"type":"Feature","geometry":{"type":"Polygon","coordinates":[[[1.06959,6.04451],[1.05533,6.04451],[1.05533,6.05877],[1.06959,6.05877],[1.06959,6.04451]]]},"properties":{"region":"Volta","district":"Ketu","floods_1m":1,"floods_2m":1,"floods_3m":1,"first_flood_m":1,"nests":true,"area_km2":2.5}},{"type":"Feature","geometry":{"type":"MultiPolygon","coordinates":[[[[0.95552,6.03431],[0.95542,6.03431],[0.95542,6.03458],[0.95486,6.03458],[0.95486,6.03486],[0.95458,6.03486],[0.95458,6.03458],[0.95431,6.03458],[0.95431,6.03431],[0.95403,6.03431],[0.95403,6.03403],[0.95347,6.03403],[0.95347,6.03347],[0.95319,6.03347],[0.95319,6.0332],[0.95292,6.0332],[0.95292,6.03292],[0.95264,6.03292],[0.95264,6.03264],[0.95181,6.03264],[0.95181,6.03292],[0.95153,6.03292],[0.95153,6.0332],[0.95125,6.0332],[0.95125,6.03347],[0.95097,6.03347],[0.95097,6.03458],[0.95069,6.03458],[0.95069,6.03514],[0.95042,6.03514],[0.95042,6.0357],[0.95014,6.0357],[0.95014,6.03597],[0.94986,6.03597],[0.94986,6.03625],[0.94903,6.03625],[0.94903,6.03653],[0.94847,6.03653],[0.94847,6.03681],[0.94792,6.03681],[0.94792,6.03708],[0.94708,6.03708],[0.94708,6.03681],[0.94681,6.03681],[0.94681,6.03625],[0.94653,6.03625],[0.94653,6.03514],[0.94625,6.03514],[0.94625,6.03486],[0.94597,6.03486],[0.94597,6.03458],[0.94458,6.03458],[0.94458,6.03486],[0.94403,6.03486],[0.94403,6.03514],[0.94375,6.03514],[0.94375,6.03542],[0.9432,6.03542],[0.9432,6.03625],[0.94347,6.03625],[0.94347,6.03681],[0.94375,6.03681],[0.94375,6.03764],[0.94347,6.03764],[0.94347,6.03792],[0.94292,6.03792],[0.94292,6.0382],[0.94236,6.0382],[0.94236,6.03847],[0.94126,6.03847],[0.94126,6.04451],[0.95552,6.04451],[0.95552,6.03431]]],[[[0.95552,6.03025],[0.95208,6.03025],[0.95208,6.03069],[0.95236,6.03069],[0.95236,6.03097],[0.95292,6.03097],[0.95292,6.03125],[0.95319,6.03125],[0.95319,6.03153],[0.95347,6.03153],[0.95347,6.0318],[0.95403,6.0318],[0.95403,6.03208],[0.95458,6.03208],[0.95458,6.03236],[0.95486,6.03236],[0.95486,6.03264],[0.95542,6.03264],[0.95542,6.03292],[0.95552,6.03292],[0.95552,6.03025]]]]},"properties":{"region":"Volta","district":"Ketu","floods_1m":1,"floods_2m":1,"floods_3m":1,"first_flood_m":1,"nests":true,"area_km2":1.653}},{"type":"Feature","geometry":{"type":"Polygon","coordinates":[[[-0.28492,5.51697],[-0.28819,5.51697],[-0.28908,5.5295],[-0.28935,5.53122],[-0.28492,5.53122],[-0.28492,5.51697]]]},"properties":{"region":"Greater Accra","district":"Accra","floods_1m":1,"floods_2m":1,"floods_3m":1,"first_flood_m":1,"nests":true,"area_km2":0.664}},{"type":"Feature","geometry":{"type":"Polygon","coordinates":[[[0.92701,6.02458],[0.92151,6.02472],[0.91835,6.02505],[0.91535,6.02578],[0.91338,6.02665],[0.91275,6.027],[0.91275,6.03025],[0.92701,6.03025],[0.92701,6.02458]]]},"properties":{"region":"Volta","district":"Ketu","floods_1m":1,"floods_2m":1,"floods_3m":1,"first_flood_m":1,"nests":true,"area_km2":0.89}},{"type":"Feature","geometry":{"type":"Polygon","coordinates":[[[1.06959,6.10154],[1.05533,6.10154],[1.05533,6.1158],[1.06959,6.1158],[1.06959,6.10154]]]},"properties":{"region":"Volta","district":"Ketu","floods_1m":1,"floods_2m":1,"floods_3m":1,"first_flood_m":1,"nests":true,"area_km2":2.5}},{"type":"Feature","geometry":{"type":"Polygon","coordinates":[[[-2.2953,4.91042],[-2.29569,4.91042],[-2.29569,4.9107],[-2.29653,4.9107],[-2.29653,4.91097],[-2.29764,4.91097],[-2.29764,4.91125],[-2.29819,4.91125],[-2.29819,4.91153],[-2.29875,4.91153],[-2.29875,4.91181],[-2.29903,4.91181],[-2.29903,4.91208],[-2.29958,4.91208],[-2.29958,4.91236],[-2.30069,4.91236],[-2.30069,4.91264],[-2.30125,4.91264],[-2.30125,4.91292],[-2.30181,4.91292],[-2.30181,4.9132],[-2.30264,4.9132],[-2.30264,4.91347],[-2.30319,4.91347],[-2.30319,4.91375],[-2.30403,4.91375],[-2.30403,4.91403],[-2.30458,4.91403],[-2.30458,4.91431],[-2.30542,4.91431],[-2.30542,4.91458],[-2.30653,4.91458],[-2.30653,4.91486],[-2.30736,4.91486],[-2.30736,4.91514],[-2.30792,4.91514],[-2.30792,4.91542],[-2.30903,4.91542],[-2.30903,4.91569],[-2.30931,4.91569],[-2.30931,4.91597],[-2.30956,4.91597],[-2.30956,4.91813],[-2.2953,4.91813],[-2.2953,4.91042]]]},"properties":{"region":"Western","district":"Nzema East","floods_1m":1,"floods_2m":1,"floods_3m":1,"first_flood_m":1,"nests":true,"area_km2":0.869}},{"type":"Feature","geometry":{"type":"Polygon","coordinates":[[[-0.21363,5.53097],[-0.2168,5.53097],[-0.2168,5.53069],[-0.21875,5.53069],[-0.21875,5.53042],[-0.2193,5.53042],[-0.2193,5.53014],[-0.22097,5.53014],[-0.22097,5.52986],[-0.22236,5.52986],[-0.22236,5.52958],[-0.22347,5.52958],[-0.22347,5.5293],[-0.22431,5.5293],[-0.22431,5.52903],[-0.22486,5.52903],[-0.22486,5.52875],[-0.2257,5.52875],[-0.2257,5.52847],[-0.22653,5.52847],[-0.22653,5.52819],[-0.22789,5.52819],[-0.22789,5.53122],[-0.21363,5.53122],[-0.21363,5.53097]]]},"properties":{"region":"Greater Accra","district":"Accra","floods_1m":1,"floods_2m":1,"floods_3m":1,"first_flood_m":1,"nests":true,"area_km2":0.235}},{"type":"Feature","geometry":{"type":"Polygon","coordinates":[[[1.02681,6.03025],[1.01255,6.03025],[1.01255,6.04451],[1.02681,6.04451],[1.02681,6.03025]]]},"properties":{"region":"Volta","district":"Ketu","floods_1m":1,"floods_2m":1,"floods_3m":1,"first_flood_m":1,"nests":true,"area_km2":2.5}},{"type":"Feature","geometry":{"type":"Polygon","coordinates":[[[0.92701,6.03025],[0.91275,6.03025],[0.91275,6.04451],[0.92701,6.04451],[0.92701,6.03025]]]},"properties":{"region":"Volta","district":"Ketu","floods_1m":1,"floods_2m":1,"floods_3m":1,"first_flood_m":1,"nests":true,"area_km2":2.5}},{"type":"Feature","geometry":{"type":"Polygon","coordinates":[[[1.14088,6.10154],[1.12662,6.10154],[1.12662,6.1158],[1.14088,6.1158],[1.14088,6.10154]]]},"properties":{"region":"Volta","district":"Ketu","floods_1m":1,"floods_2m":1,"floods_3m":1,"first_flood_m":1,"nests":true,"area_km2":2.5}},{"type":"Feature","geometry":{"type":"Polygon","coordinates":[[[-0.12808,5.574],[-0.14234,5.574],[-0.14234,5.58826],[-0.12808,5.58826],[-0.12808,5.574]]]},"properties":{"region":"Greater Accra","district":"Accra","floods_1m":0,"floods_2m":1,"floods_3m":1,"first_flood_m":2,"nests":true,"area_km2":2.502}},{"type":"Feature","geometry":{"type":"Polygon","coordinates":[[[1.08384,6.07303],[1.07137,6.07303],[1.06959,6.07303],[1.06959,6.08728],[1.07137,6.08728],[1.08384,6.08728],[1.08384,6.07303]]]},"properties":{"region":"Volta","district":"Ketu","floods_1m":1,"floods_2m":1,"floods_3m":1,"first_flood_m":1,"nests":true,"area_km2":2.497}},{"type":"Feature","geometry":{"type":"Polygon","coordinates":[[[-3.09375,5.11009],[-3.09375,5.10348],[-3.108,5.10348],[-3.108,5.10996],[-3.10292,5.10883],[-3.09815,5.11139],[-3.09375,5.11009]]]},"properties":{"region":"Western","district":"Jomoro","floods_1m":0,"floods_2m":1,"floods_3m":1,"first_flood_m":2,"nests":true,"area_km2":1.153}},{"type":"Feature","geometry":{"type":"Polygon","coordinates":[[[1.04107,5.99514],[1.04097,5.99514],[1.04097,5.99486],[1.04069,5.99486],[1.04069,5.99431],[1.04042,5.99431],[1.04042,5.99403],[1.04014,5.99403],[1.04014,5.99375],[1.03986,5.99375],[1.03986,5.99347],[1.03958,5.99347],[1.03958,5.99319],[1.0393,5.99319],[1.0393,5.99264],[1.03903,5.99264],[1.03903,5.99236],[1.03847,5.99236],[1.03847,5.99208],[1.0382,5.99208],[1.0382,5.99181],[1.03792,5.99181],[1.03792,5.99125],[1.03764,5.99125],[1.03764,5.99069],[1.03736,5.99069],[1.03736,5.99014],[1.03708,5.99014],[1.03708,5.98986],[1.03681,5.98986],[1.03681,5.98958],[1.03653,5.98958],[1.03653,5.98903],[1.03625,5.98903],[1.03625,5.98847],[1.03597,5.98847],[1.03597,5.98792],[1.03569,5.98792],[1.03569,5.98748],[1.02681,5.98748],[1.02681,6.00174],[1.04107,6.00174],[1.04107,5.99514]]]},"properties":{"region":"Volta","district":"Ketu","floods_1m":1,"floods_2m":1,"floods_3m":1,"first_flood_m":1,"nests":true,"area_km2":2.219}},{"type":"Feature","geometry":{"type":"Polygon","coordinates":[[[1.06959,6.07303],[1.05533,6.07303],[1.05533,6.08728],[1.06959,6.08728],[1.06959,6.07303]]]},"properties":{"region":"Volta","district":"Ketu","floods_1m":1,"floods_2m":1,"floods_3m":1,"first_flood_m":1,"nests":true,"area_km2":2.498}},{"type":"Feature","geometry":{"type":"Polygon","coordinates":[[[1.11236,6.07303],[1.0981,6.07303],[1.0981,6.08728],[1.11236,6.08728],[1.11236,6.07303]]]},"properties":{"region":"Volta","district":"Ketu","floods_1m":1,"floods_2m":1,"floods_3m":1,"first_flood_m":1,"nests":true,"area_km2":2.498}},{"type":"Feature","geometry":{"type":"Polygon","coordinates":[[[-3.03671,5.08923],[-3.05097,5.08923],[-3.05097,5.10348],[-3.03671,5.10348],[-3.03671,5.08923]]]},"properties":{"region":"Western","district":"Jomoro","floods_1m":0,"floods_2m":0,"floods_3m":1,"first_flood_m":3,"nests":true,"area_km2":2.503}},{"type":"Feature","geometry":{"type":"Polygon","coordinates":[[[-0.27066,5.51958],[-0.2707,5.51958],[-0.2707,5.51931],[-0.27236,5.51931],[-0.27236,5.51903],[-0.27319,5.51903],[-0.27319,5.51875],[-0.2743,5.51875],[-0.2743,5.51847],[-0.27597,5.51847],[-0.27597,5.51819],[-0.27764,5.51819],[-0.27764,5.51792],[-0.27875,5.51792],[-0.27875,5.51764],[-0.27986,5.51764],[-0.27986,5.51736],[-0.28097,5.51736],[-0.28097,5.51708],[-0.28347,5.51708],[-0.28347,5.51697],[-0.28492,5.51697],[-0.28492,5.53122],[-0.27066,5.53122],[-0.27066,5.51958]]]},"properties":{"region":"Greater Accra","district":"Accra","floods_1m":1,"floods_2m":1,"floods_3m":1,"first_flood_m":1,"nests":true,"area_km2":2.32}},{"type":"Feature","geometry":{"type":"Polygon","coordinates":[[[-2.62323,4.9932],[-2.62347,4.9932],[-2.62347,4.99347],[-2.62431,4.99347],[-2.62431,4.99375],[-2.62486,4.99375],[-2.62486,4.99403],[-2.62542,4.99403],[-2.62542,4.99431],[-2.62653,4.99431],[-2.62653,4.99458],[-2.62958,4.99458],[-2.62958,4.99486],[-2.63181,4.99486],[-2.63181,4.99514],[-2.63236,4.99514],[-2.63236,4.99542],[-2.63292,4.99542],[-2.63292,4.9957],[-2.6343,4.9957],[-2.6343,4.99597],[-2.63514,4.99597],[-2.63514,4.99625],[-2.63597,4.99625],[-2.63597,4.99653],[-2.63736,4.99653],[-2.63736,4.99681],[-2.63749,4.99681],[-2.63749,5.00368],[-2.62323,5.00368],[-2.62323,4.9932]]]},"properties":{"region":"Western","district":"Jomoro","floods_1m":1,"floods_2m":1,"floods_3m":1,"first_flood_m":1,"nests":true,"area_km2":1.522}},{"type":"Feature","geometry":{"type":"MultiPolygon","coordinates":[[[[1.01255,6.00174],[1.00236,6.00174],[1.00236,6.00181],[1.00208,6.00181],[1.00208,6.00208],[1.00181,6.00208],[1.00181,6.00236],[1.00153,6.00236],[1.00153,6.00264],[1.00125,6.00264],[1.00125,6.00292],[1.00097,6.00292],[1.00097,6.00319],[1.00069,6.00319],[1.00069,6.00347],[1.00014,6.00347],[0.99986,6.00347],[0.99986,6.00375],[0.99958,6.00375],[0.99958,6.00403],[0.99903,6.00403],[0.99903,6.0043],[0.99875,6.0043],[0.99875,6.00486],[0.99847,6.00486],[0.99847,6.00514],[0.9983,6.00514],[0.9983,6.01153],[0.99847,6.01153],[0.99847,6.01125],[0.99903,6.01125],[0.99903,6.01097],[0.99986,6.01097],[1.00042,6.01097],[1.00042,6.01069],[1.00097,6.01069],[1.00097,6.01014],[1.00236,6.01014],[1.00236,6.01042],[1.00264,6.01042],[1.00264,6.01069],[1.00375,6.01069],[1.00375,6.01097],[1.00431,6.01097],[1.00431,6.01153],[1.00319,6.01153],[1.00319,6.01181],[1.00292,6.01181],[1.00292,6.01208],[1.00236,6.01208],[1.00236,6.01236],[1.00208,6.01236],[1.00208,6.01292],[1.00181,6.01292],[1.00181,6.01347],[1.00153,6.01347],[1.00153,6.01375],[1.00125,6.01375],[1.00125,6.01458],[1.00097,6.01458],[1.00097,6.01486],[1.00042,6.01486],[1.00042,6.01514],[1.00014,6.01514],[1.00014,6.01542],[0.99986,6.01542],[0.99986,6.01514],[0.99931,6.01514],[0.99931,6.01542],[0.99875,6.01542],[0.99875,6.01599],[1.01255,6.01599],[1.01255,6.00174]]],[[[1.00097,6.00174],[0.9983,6.00174],[0.9983,6.00236],[0.99931,6.00236],[0.99931,6.00208],[0.99958,6.00208],[0.99958,6.00181],[0.99986,6.00181],[1.00097,6.0018],[1.00097,6.00174]]]]},"properties":{"region":"Volta","district":"Ketu","floods_1m":1,"floods_2m":1,"floods_3m":1,"first_flood_m":1,"nests":true,"area_km2":2.203}},{"type":"Feature","geometry":{"type":"Polygon","coordinates":[[[-2.58046,4.9843],[-2.58097,4.9843],[-2.58097,4.98458],[-2.58347,4.98458],[-2.58347,4.98486],[-2.58375,4.98486],[-2.58375,4.98514],[-2.58458,4.98514],[-2.58458,4.98486],[-2.58542,4.98486],[-2.58542,4.98514],[-2.58653,4.98514],[-2.58653,4.98542],[-2.58681,4.98542],[-2.58681,4.98569],[-2.58708,4.98569],[-2.58708,4.98597],[-2.58847,4.98597],[-2.58847,4.98625],[-2.59042,4.98625],[-2.59042,4.98653],[-2.59125,4.98653],[-2.59125,4.9868],[-2.59208,4.9868],[-2.59208,4.98708],[-2.59472,4.98708],[-2.59472,4.98942],[-2.58046,4.98942],[-2.58046,4.9843]]]},"properties":{"region":"Western","district":"Jomoro","floods_1m":1,"floods_2m":1,"floods_3m":1,"first_flood_m":1,"nests":true,"area_km2":0.64}},{"type":"Feature","geometry":{"type":"Polygon","coordinates":[[[0.91275,6.027],[0.90768,6.02983],[0.90666,6.03025],[0.91275,6.03025],[0.91275,6.027]]]},"properties":{"region":"Volta","district":"Ketu","floods_1m":1,"floods_2m":1,"floods_3m":1,"first_flood_m":1,"nests":true,"area_km2":0.117}},{"type":"Feature","geometry":{"type":"Polygon","coordinates":[[[0.92701,6.08728],[0.91275,6.08728],[0.91275,6.10154],[0.92701,6.10154],[0.92701,6.08728]]]},"properties":{"region":"Volta","district":"Ketu","floods_1m":1,"floods_2m":1,"floods_3m":1,"first_flood_m":1,"nests":true,"area_km2":2.5}},{"type":"Feature","geometry":{"type":"Polygon","coordinates":[[[0.9983,6.05877],[0.98404,6.05877],[0.98404,6.07303],[0.9983,6.07303],[0.9983,6.05877]]]},"properties":{"region":"Volta","district":"Ketu","floods_1m":1,"floods_2m":1,"floods_3m":1,"first_flood_m":1,"nests":true,"area_km2":2.5}},{"type":"Feature","geometry":{"type":"Polygon","coordinates":[[[-0.27066,5.55974],[-0.28492,5.55974],[-0.28492,5.574],[-0.27066,5.574],[-0.27066,5.55974]]]},"properties":{"region":"Greater Accra","district":"Accra","floods_1m":0,"floods_2m":1,"floods_3m":1,"first_flood_m":2,"nests":true,"area_km2":2.502}},{"type":"Feature","geometry":{"type":"Polygon","coordinates":[[[1.04107,5.99514],[1.04107,6.00174],[1.04458,6.00174],[1.04458,6.00097],[1.0443,6.00097],[1.0443,6.00014],[1.0443,5.99958],[1.04403,5.99958],[1.04403,5.99931],[1.04375,5.99931],[1.04375,5.99875],[1.04347,5.99875],[1.04347,5.99819],[1.0432,5.99819],[1.0432,5.99764],[1.04292,5.99764],[1.04292,5.99736],[1.04264,5.99736],[1.04264,5.99708],[1.04236,5.99708],[1.04236,5.99736],[1.04181,5.99736],[1.04181,5.99625],[1.04153,5.99625],[1.04153,5.99569],[1.04125,5.99569],[1.04125,5.99514],[1.04107,5.99514]]]},"properties":{"region":"Volta","district":"Ketu","floods_1m":1,"floods_2m":1,"floods_3m":1,"first_flood_m":1,"nests":true,"area_km2":0.169}},{"type":"Feature","geometry":{"type":"Polygon","coordinates":[[[-3.05097,5.11471],[-3.05097,5.10348],[-3.06523,5.10348],[-3.06523,5.11298],[-3.05328,5.10665],[-3.05396,5.11476],[-3.05097,5.11471]]]},"properties":{"region":"Western","district":"Jomoro","floods_1m":0,"floods_2m":1,"floods_3m":1,"first_flood_m":2,"nests":true,"area_km2":1.286}},{"type":"Feature","geometry":{"type":"Polygon","coordinates":[[[1.15513,6.1158],[1.14088,6.1158],[1.14088,6.13006],[1.15513,6.13006],[1.15513,6.1158]]]},"properties":{"region":"Volta","district":"Ketu","floods_1m":1,"floods_2m":1,"floods_3m":1,"first_flood_m":1,"nests":true,"area_km2":2.498}},{"type":"Feature","geometry":{"type":"Polygon","coordinates":[[[1.08384,6.04875],[1.08375,6.04875],[1.08375,6.04847],[1.08319,6.04847],[1.08319,6.04819],[1.08292,6.04819],[1.08292,6.04764],[1.08264,6.04764],[1.08264,6.04736],[1.08208,6.04736],[1.08208,6.04708],[1.08181,6.04708],[1.08181,6.04681],[1.08153,6.04681],[1.08153,6.04625],[1.08125,6.04625],[1.08125,6.04597],[1.08069,6.04597],[1.08069,6.04569],[1.08042,6.04569],[1.08042,6.04542],[1.08014,6.04542],[1.08014,6.04514],[1.07986,6.04514],[1.07986,6.04486],[1.07958,6.04486],[1.07958,6.04451],[1.07137,6.04451],[1.06959,6.04451],[1.06959,6.05877],[1.07137,6.05877],[1.08384,6.05877],[1.08384,6.04875]]]},"properties":{"region":"Volta","district":"Ketu","floods_1m":1,"floods_2m":1,"floods_3m":1,"first_flood_m":1,"nests":true,"area_km2":2.381}},{"type":"Feature","geometry":{"type":"Polygon","coordinates":[[[0.98404,6.05877],[0.96978,6.05877],[0.96978,6.07303],[0.98404,6.07303],[0.98404,6.05877]]]},"properties":{"region":"Volta","district":"Ketu","floods_1m":1,"floods_2m":1,"floods_3m":1,"first_flood_m":1,"nests":true,"area_km2":2.5}},{"type":"Feature","geometry":{"type":"Polygon","coordinates":[[[0.9983,6.03025],[0.98404,6.03025],[0.98404,6.04451],[0.9983,6.04451],[0.9983,6.03025]]]},"properties":{"region":"Volta","district":"Ketu","floods_1m":1,"floods_2m":1,"floods_3m":1,"first_flood_m":1,"nests":true,"area_km2":2.5}},{"type":"Feature","geometry":{"type":"Polygon","coordinates":[[[-0.28492,5.51681],[-0.28542,5.51681],[-0.28542,5.51653],[-0.28681,5.51653],[-0.28681,5.51625],[-0.28764,5.51625],[-0.28764,5.51597],[-0.28812,5.51597],[-0.28819,5.51697],[-0.28492,5.51697],[-0.28492,5.51681]]]},"properties":{"region":"Greater Accra","district":"Accra","floods_1m":1,"floods_2m":1,"floods_3m":1,"first_flood_m":1,"nests":true,"area_km2":0.022}},{"type":"Feature","geometry":{"type":"Polygon","coordinates":[[[0.98404,6.02319],[0.98403,6.02319],[0.98403,6.02292],[0.98347,6.02292],[0.98347,6.02264],[0.98208,6.02264],[0.98208,6.02236],[0.98042,6.02236],[0.98042,6.02264],[0.97903,6.02264],[0.97903,6.02208],[0.97792,6.02208],[0.97792,6.02181],[0.97764,6.02181],[0.97764,6.02208],[0.97681,6.02208],[0.97681,6.02181],[0.97653,6.02181],[0.97653,6.02153],[0.97625,6.02153],[0.97625,6.02125],[0.97597,6.02125],[0.97597,6.02097],[0.97569,6.02097],[0.97569,6.02069],[0.97542,6.02069],[0.97542,6.02042],[0.97514,6.02042],[0.97514,6.01986],[0.97486,6.01986],[0.97486,6.01958],[0.97347,6.01958],[0.97347,6.01986],[0.97319,6.01986],[0.97319,6.02014],[0.97208,6.02014],[0.97208,6.02042],[0.97042,6.02042],[0.97042,6.02069],[0.96986,6.02069],[0.96986,6.02097],[0.96978,6.02097],[0.96978,6.03025],[0.98404,6.03025],[0.98404,6.02319]]]},"properties":{"region":"Volta","district":"Ketu","floods_1m":1,"floods_2m":1,"floods_3m":1,"first_flood_m":1,"nests":true,"area_km2":1.552}},{"type":"Feature","geometry":{"type":"Polygon","coordinates":[[[-0.14234,5.56097],[-0.14236,5.56097],[-0.14236,5.5607],[-0.14292,5.56069],[-0.14292,5.56042],[-0.1432,5.56042],[-0.1432,5.56014],[-0.14347,5.56014],[-0.14347,5.55986],[-0.14458,5.55986],[-0.14458,5.55974],[-0.1566,5.55974],[-0.1566,5.574],[-0.14234,5.574],[-0.14234,5.56097]]]},"properties":{"region":"Greater Accra","district":"Accra","floods_1m":1,"floods_2m":1,"floods_3m":1,"first_flood_m":1,"nests":true,"area_km2":2.49}},{"type":"Feature","geometry":{"type":"Polygon","coordinates":[[[-2.42362,4.97516],[-2.43788,4.97516],[-2.43788,4.98942],[-2.42362,4.98942],[-2.42362,4.97516]]]},"properties":{"region":"Western","district":"Nzema East","floods_1m":1,"floods_2m":1,"floods_3m":1,"first_flood_m":1,"nests":true,"area_km2":2.505}},{"type":"Feature","geometry":{"type":"Polygon","coordinates":[[[-0.18512,5.54548],[-0.19937,5.54548],[-0.19937,5.55974],[-0.18512,5.55974],[-0.18512,5.54548]]]},"properties":{"region":"Greater Accra","district":"Accra","floods_1m":1,"floods_2m":1,"floods_3m":1,"first_flood_m":1,"nests":true,"area_km2":2.501}},{"type":"Feature","geometry":{"type":"Polygon","coordinates":[[[0.96978,6.07303],[0.95552,6.07303],[0.95552,6.08728],[0.96978,6.08728],[0.96978,6.07303]]]},"properties":{"region":"Volta","district":"Ketu","floods_1m":1,"floods_2m":1,"floods_3m":1,"first_flood_m":1,"nests":true,"area_km2":2.498}},{"type":"Feature","geometry":{"type":"Polygon","coordinates":[[[-0.17086,5.55042],[-0.17125,5.55042],[-0.17125,5.55014],[-0.1718,5.55014],[-0.1718,5.54986],[-0.17347,5.54986],[-0.17347,5.54958],[-0.17375,5.54958],[-0.17375,5.5493],[-0.17792,5.5493],[-0.17792,5.54903],[-0.17903,5.54903],[-0.17903,5.54875],[-0.17986,5.54875],[-0.17986,5.54847],[-0.18042,5.54847],[-0.18042,5.54819],[-0.18069,5.54819],[-0.18069,5.54792],[-0.18097,5.54792],[-0.18097,5.54764],[-0.18125,5.54764],[-0.18125,5.54736],[-0.18181,5.54736],[-0.18181,5.54708],[-0.18208,5.54708],[-0.18206,5.54681],[-0.18264,5.5468],[-0.18264,5.54653],[-0.18319,5.54653],[-0.18319,5.54639],[-0.18319,5.54625],[-0.18349,5.54631],[-0.18347,5.54597],[-0.18459,5.546],[-0.18458,5.54569],[-0.18486,5.54569],[-0.18486,5.54548],[-0.18512,5.54548],[-0.18512,5.55974],[-0.17086,5.55974],[-0.17086,5.55042]]]},"properties":{"region":"Greater Accra","district":"Accra","floods_1m":1,"floods_2m":1,"floods_3m":1,"first_flood_m":1,"nests":true,"area_km2":1.975}},{"type":"Feature","geometry":{"type":"Polygon","coordinates":[[[0.94126,6.05877],[0.92701,6.05877],[0.92701,6.07303],[0.94126,6.07303],[0.94126,6.05877]]]},"properties":{"region":"Volta","district":"Ketu","floods_1m":1,"floods_2m":1,"floods_3m":1,"first_flood_m":1,"nests":true,"area_km2":2.498}},{"type":"Feature","geometry":{"type":"Polygon","coordinates":[[[-2.89413,5.11409],[-2.89413,5.10348],[-2.90839,5.10348],[-2.90839,5.11561],[-2.90677,5.11586],[-2.9054,5.11608],[-2.89413,5.11409]]]},"properties":{"region":"Western","district":"Jomoro","floods_1m":1,"floods_2m":1,"floods_3m":1,"first_flood_m":1,"nests":true,"area_km2":2.066}},{"type":"Feature","geometry":{"type":"Polygon","coordinates":[[[1.0981,6.1158],[1.08384,6.1158],[1.08384,6.13006],[1.0981,6.13006],[1.0981,6.1158]]]},"properties":{"region":"Volta","district":"Ketu","floods_1m":1,"floods_2m":1,"floods_3m":1,"first_flood_m":1,"nests":true,"area_km2":2.5}},{"type":"Feature","geometry":{"type":"Polygon","coordinates":[[[-0.11383,5.57069],[-0.11383,5.574],[-0.10514,5.574],[-0.10514,5.57375],[-0.1057,5.57375],[-0.1057,5.57347],[-0.10625,5.57347],[-0.10625,5.57319],[-0.1068,5.57319],[-0.1068,5.57292],[-0.10792,5.57292],[-0.10792,5.57264],[-0.10819,5.57264],[-0.10819,5.57236],[-0.10847,5.57236],[-0.10847,5.57208],[-0.10875,5.57208],[-0.10875,5.57181],[-0.10931,5.57181],[-0.10931,5.57153],[-0.10958,5.57153],[-0.10958,5.57125],[-0.11069,5.57125],[-0.11069,5.57097],[-0.11153,5.57097],[-0.11153,5.57125],[-0.11208,5.57125],[-0.11208,5.57097],[-0.1132,5.57097],[-0.1132,5.57069],[-0.11383,5.57069]]]},"properties":{"region":"Greater Accra","district":"Accra","floods_1m":1,"floods_2m":1,"floods_3m":1,"first_flood_m":1,"nests":true,"area_km2":0.221}},{"type":"Feature","geometry":{"type":"Polygon","coordinates":[[[-2.90839,5.08923],[-2.92265,5.08923],[-2.92265,5.10348],[-2.90839,5.10348],[-2.90839,5.08923]]]},"properties":{"region":"Western","district":"Jomoro","floods_1m":1,"floods_2m":1,"floods_3m":1,"first_flood_m":1,"nests":true,"area_km2":2.503}},{"type":"Feature","geometry":{"type":"Polygon","coordinates":[[[1.04107,6.05877],[1.02681,6.05877],[1.02681,6.07303],[1.04107,6.07303],[1.04107,6.05877]]]},"properties":{"region":"Volta","district":"Ketu","floods_1m":1,"floods_2m":1,"floods_3m":1,"first_flood_m":1,"nests":true,"area_km2":2.5}},{"type":"Feature","geometry":{"type":"Polygon","coordinates":[[[-3.108,5.09153],[-3.10903,5.09153],[-3.10903,5.0918],[-3.11042,5.0918],[-3.11042,5.09208],[-3.11073,5.09208],[-3.1109,5.09449],[-3.11074,5.09445],[-3.11117,5.10348],[-3.108,5.10348],[-3.108,5.09153]]]},"properties":{"region":"Western","district":"Jomoro","floods_1m":1,"floods_2m":1,"floods_3m":1,"first_flood_m":1,"nests":true,"area_km2":0.423}},{"type":"Feature","geometry":{"type":"Polygon","coordinates":[[[1.11236,6.10154],[1.0981,6.10154],[1.0981,6.1158],[1.11236,6.1158],[1.11236,6.10154]]]},"properties":{"region":"Volta","district":"Ketu","floods_1m":1,"floods_2m":1,"floods_3m":1,"first_flood_m":1,"nests":true,"area_km2":2.5}},{"type":"Feature","geometry":{"type":"Polygon","coordinates":[[[1.02681,6.01599],[1.01255,6.01599],[1.01255,6.03025],[1.02681,6.03025],[1.02681,6.01599]]]},"properties":{"region":"Volta","district":"Ketu","floods_1m":1,"floods_2m":1,"floods_3m":1,"first_flood_m":1,"nests":true,"area_km2":2.5}},{"type":"Feature","geometry":{"type":"MultiPolygon","coordinates":[[[[0.9983,6.02347],[0.99542,6.02347],[0.99542,6.02319],[0.99486,6.02319],[0.99486,6.02292],[0.99431,6.02292],[0.99431,6.02264],[0.99264,6.02264],[0.99264,6.02292],[0.99181,6.02292],[0.99181,6.02319],[0.99042,6.02319],[0.99042,6.02292],[0.99014,6.02292],[0.99014,6.02264],[0.98986,6.02264],[0.98986,6.02236],[0.98958,6.02236],[0.98958,6.02125],[0.98986,6.02125],[0.98986,6.02069],[0.99014,6.02069],[0.99014,6.02042],[0.99042,6.02042],[0.99042,6.01903],[0.99069,6.01903],[0.99069,6.01875],[0.99097,6.01875],[0.99097,6.0182],[0.99125,6.01819],[0.99125,6.01764],[0.99042,6.01764],[0.99042,6.01792],[0.99014,6.01792],[0.99014,6.01875],[0.98986,6.01875],[0.98986,6.01903],[0.98958,6.01903],[0.98958,6.02014],[0.98931,6.02014],[0.98931,6.02097],[0.98875,6.02097],[0.98875,6.02153],[0.98847,6.02153],[0.98847,6.02208],[0.9882,6.02208],[0.9882,6.02292],[0.98792,6.02292],[0.98792,6.02319],[0.98764,6.02319],[0.98764,6.02347],[0.98708,6.02347],[0.98708,6.02375],[0.98653,6.02375],[0.98653,6.02347],[0.9857,6.02347],[0.9857,6.02319],[0.98404,6.02319],[0.98404,6.03025],[0.9983,6.03025],[0.9983,6.02347]]],[[[0.9983,6.01958],[0.99736,6.01958],[0.99736,6.01931],[0.99653,6.01931],[0.99653,6.01958],[0.99597,6.01958],[0.99597,6.01986],[0.99569,6.01986],[0.99569,6.02014],[0.99542,6.02014],[0.99542,6.02042],[0.99569,6.02042],[0.99569,6.02069],[0.99597,6.02069],[0.99597,6.02097],[0.99653,6.02097],[0.99653,6.02069],[0.99681,6.02069],[0.99681,6.02042],[0.99764,6.02042],[0.99764,6.02069],[0.99792,6.02069],[0.99792,6.02097],[0.99819,6.02097],[0.99819,6.02236],[0.9983,6.02236],[0.9983,6.01958]]],[[[0.99181,6.01599],[0.99097,6.01599],[0.99097,6.01625],[0.99125,6.01625],[0.99125,6.01653],[0.99181,6.01653],[0.99181,6.01599]]]]},"properties":{"region":"Volta","district":"Ketu","floods_1m":1,"floods_2m":1,"floods_3m":1,"first_flood_m":1,"nests":true,"area_km2":1.355}},{"type":"Feature","geometry":{"type":"Polygon","coordinates":[[[-0.09957,5.5782],[-0.09958,5.5782],[-0.09958,5.57792],[-0.09986,5.57792],[-0.09986,5.57764],[-0.10042,5.57764],[-0.10042,5.57736],[-0.10069,5.57736],[-0.10065,5.57681],[-0.10097,5.57681],[-0.10097,5.57651],[-0.10097,5.5757],[-0.10125,5.5757],[-0.10125,5.57542],[-0.10181,5.57542],[-0.10181,5.57514],[-0.10292,5.57514],[-0.10292,5.57486],[-0.10323,5.57491],[-0.10319,5.57458],[-0.10375,5.57458],[-0.10375,5.5743],[-0.10412,5.5743],[-0.10431,5.5743],[-0.10431,5.57417],[-0.10431,5.57403],[-0.10449,5.57403],[-0.10514,5.57403],[-0.10514,5.574],[-0.11383,5.574],[-0.11383,5.58826],[-0.09957,5.58826],[-0.09957,5.5782]]]},"properties":{"region":"Greater Accra","district":"Accra","floods_1m":1,"floods_2m":1,"floods_3m":1,"first_flood_m":1,"nests":true,"area_km2":2.402}},{"type":"Feature","geometry":{"type":"Polygon","coordinates":[[[0.96978,6.04451],[0.95552,6.04451],[0.95552,6.05877],[0.96978,6.05877],[0.96978,6.04451]]]},"properties":{"region":"Volta","district":"Ketu","floods_1m":1,"floods_2m":1,"floods_3m":1,"first_flood_m":1,"nests":true,"area_km2":2.5}},{"type":"Feature","geometry":{"type":"MultiPolygon","coordinates":[[[[-2.75155,5.11424],[-2.75155,5.10348],[-2.75762,5.10348],[-2.75623,5.11179],[-2.75441,5.11433],[-2.75155,5.11424]]],[[[-2.7635,5.10348],[-2.76581,5.10348],[-2.76581,5.10584],[-2.7635,5.10348]]]]},"properties":{"region":"Western","district":"Jomoro","floods_1m":0,"floods_2m":0,"floods_3m":1,"first_flood_m":3,"nests":true,"area_km2":0.7}},{"type":"Feature","geometry":{"type":"Polygon","coordinates":[[[1.05533,6.07303],[1.04107,6.07303],[1.04107,6.08728],[1.05533,6.08728],[1.05533,6.07303]]]},"properties":{"region":"Volta","district":"Ketu","floods_1m":1,"floods_2m":1,"floods_3m":1,"first_flood_m":1,"nests":true,"area_km2":2.498}},{"type":"Feature","geometry":{"type":"Polygon","coordinates":[[[-2.99394,5.09527],[-2.99394,5.08923],[-3.0082,5.08923],[-3.0082,5.10348],[-3.00315,5.10348],[-2.99394,5.09527]]]},"properties":{"region":"Western","district":"Jomoro","floods_1m":0,"floods_2m":0,"floods_3m":1,"first_flood_m":3,"nests":true,"area_km2":2.037}},{"type":"Feature","geometry":{"type":"Polygon","coordinates":[[[1.01255,6.07303],[0.9983,6.07303],[0.9983,6.08728],[1.01255,6.08728],[1.01255,6.07303]]]},"properties":{"region":"Volta","district":"Ketu","floods_1m":1,"floods_2m":1,"floods_3m":1,"first_flood_m":1,"nests":true,"area_km2":2.497}},{"type":"Feature","geometry":{"type":"Polygon","coordinates":[[[-0.08531,5.58569],[-0.08625,5.58569],[-0.08625,5.58542],[-0.08736,5.58542],[-0.08736,5.58514],[-0.08792,5.58514],[-0.08792,5.58542],[-0.08847,5.58542],[-0.08847,5.58514],[-0.08986,5.58514],[-0.08986,5.58486],[-0.09042,5.58486],[-0.09042,5.58458],[-0.09097,5.58458],[-0.09097,5.5843],[-0.09236,5.5843],[-0.09236,5.58403],[-0.09292,5.58403],[-0.09292,5.58375],[-0.09319,5.58375],[-0.09319,5.58347],[-0.09347,5.58347],[-0.09347,5.5832],[-0.09375,5.5832],[-0.09375,5.58292],[-0.09431,5.58292],[-0.09431,5.58264],[-0.09458,5.58264],[-0.09458,5.58236],[-0.09486,5.58236],[-0.09486,5.58208],[-0.09514,5.58208],[-0.09514,5.58181],[-0.09542,5.58181],[-0.09542,5.58125],[-0.09569,5.58125],[-0.09569,5.58097],[-0.09597,5.58097],[-0.09597,5.58042],[-0.09625,5.58042],[-0.09625,5.58014],[-0.09681,5.58014],[-0.09681,5.57986],[-0.09736,5.57986],[-0.09736,5.57958],[-0.09792,5.57958],[-0.09792,5.57931],[-0.09847,5.57931],[-0.09847,5.57903],[-0.09875,5.57903],[-0.09875,5.57875],[-0.09903,5.57875],[-0.09903,5.57847],[-0.09931,5.57847],[-0.09931,5.5782],[-0.09957,5.5782],[-0.09957,5.58826],[-0.08531,5.58826],[-0.08531,5.58569]]]},"properties":{"region":"Greater Accra","district":"Accra","floods_1m":1,"floods_2m":1,"floods_3m":1,"first_flood_m":1,"nests":true,"area_km2":0.915}},{"type":"Feature","geometry":{"type":"Polygon","coordinates":[[[-0.21363,5.54548],[-0.22789,5.54548],[-0.22789,5.55974],[-0.21363,5.55974],[-0.21363,5.54548]]]},"properties":{"region":"Greater Accra","district":"Accra","floods_1m":0,"floods_2m":1,"floods_3m":1,"first_flood_m":2,"nests":true,"area_km2":2.502}},{"type":"Feature","geometry":{"type":"Polygon","coordinates":[[[-2.63749,4.99681],[-2.63792,4.99681],[-2.63792,4.99708],[-2.63847,4.99708],[-2.63847,4.99736],[-2.63875,4.99736],[-2.63875,4.99708],[-2.63958,4.99708],[-2.63958,4.99681],[-2.64014,4.99681],[-2.64014,4.99708],[-2.6407,4.99708],[-2.6407,4.99736],[-2.64125,4.99736],[-2.64125,4.99764],[-2.64403,4.99764],[-2.64403,4.99792],[-2.64458,4.99792],[-2.64458,4.99819],[-2.64486,4.99819],[-2.64486,4.99847],[-2.64597,4.99847],[-2.64597,4.99875],[-2.64903,4.99875],[-2.64903,4.99903],[-2.65042,4.99903],[-2.65042,4.99875],[-2.65069,4.99875],[-2.65069,4.99903],[-2.65097,4.99903],[-2.65097,4.99931],[-2.65175,4.99931],[-2.65175,5.00368],[-2.63749,5.00368],[-2.63749,4.99681]]]},"properties":{"region":"Western","district":"Jomoro","floods_1m":1,"floods_2m":1,"floods_3m":1,"first_flood_m":1,"nests":true,"area_km2":0.982}},{"type":"Feature","geometry":{"type":"Polygon","coordinates":[[[0.98404,5.99958],[0.98404,5.99819],[0.98347,5.99819],[0.98347,5.99847],[0.98125,5.99847],[0.98125,5.99875],[0.98097,5.99875],[0.98097,5.99903],[0.98069,5.99903],[0.98069,5.99931],[0.98042,5.99931],[0.98042,5.99958],[0.97903,5.99958],[0.97903,6.00014],[0.97903,6.00042],[0.97875,6.00042],[0.97875,6.00069],[0.97819,6.00069],[0.97819,6.00097],[0.97736,6.00097],[0.97736,6.00125],[0.97486,6.00125],[0.97486,6.00153],[0.97347,6.00153],[0.97347,6.00174],[0.98181,6.00174],[0.98181,6.00153],[0.98208,6.00153],[0.98208,6.00125],[0.98236,6.00125],[0.98236,6.00097],[0.98264,6.00097],[0.98264,6.00069],[0.98319,6.00069],[0.98319,6.00042],[0.98347,6.00042],[0.98347,5.99986],[0.98347,5.99958],[0.98404,5.99958]]]},"properties":{"region":"Volta","district":"Ketu","floods_1m":1,"floods_2m":1,"floods_3m":1,"first_flood_m":1,"nests":true,"area_km2":0.185}},{"type":"Feature","geometry":{"type":"Polygon","coordinates":[[[1.04107,6.08728],[1.02681,6.08728],[1.02681,6.10154],[1.04107,6.10154],[1.04107,6.08728]]]},"properties":{"region":"Volta","district":"Ketu","floods_1m":0,"floods_2m":0,"floods_3m":1,"first_flood_m":3,"nests":true,"area_km2":2.5}},{"type":"Feature","geometry":{"type":"Polygon","coordinates":[[[-2.86562,5.06071],[-2.87988,5.06071],[-2.87988,5.07497],[-2.86562,5.07497],[-2.86562,5.06071]]]},"properties":{"region":"Western","district":"Jomoro","floods_1m":0,"floods_2m":1,"floods_3m":1,"first_flood_m":2,"nests":true,"area_km2":2.504}},{"type":"Feature","geometry":{"type":"Polygon","coordinates":[[[0.18559,5.74509],[0.17133,5.74509],[0.17133,5.75935],[0.18559,5.75935],[0.18559,5.74509]]]},"properties":{"region":"Greater Accra","district":"Dangbe East","floods_1m":1,"floods_2m":1,"floods_3m":1,"first_flood_m":1,"nests":true,"area_km2":2.502}},{"type":"Feature","geometry":{"type":"Polygon","coordinates":[[[1.08384,6.04875],[1.08384,6.05877],[1.0968,6.05877],[1.0968,6.05875],[1.09625,6.05875],[1.09625,6.05847],[1.0957,6.05847],[1.0957,6.0582],[1.09542,6.0582],[1.09542,6.05792],[1.09514,6.05792],[1.09514,6.05764],[1.09486,6.05764],[1.09486,6.05708],[1.09458,6.05708],[1.09458,6.05681],[1.09403,6.05681],[1.09403,6.05653],[1.09347,6.05653],[1.09347,6.05625],[1.09319,6.05625],[1.09319,6.05597],[1.09292,6.05597],[1.09292,6.05569],[1.09236,6.05569],[1.09236,6.05542],[1.09181,6.05542],[1.09181,6.05514],[1.09153,6.05514],[1.09153,6.05486],[1.09125,6.05486],[1.09125,6.05458],[1.09097,6.05458],[1.09097,6.05431],[1.09069,6.05431],[1.09069,6.05403],[1.09042,6.05403],[1.09042,6.05375],[1.09014,6.05375],[1.09014,6.05347],[1.08958,6.05347],[1.08958,6.05319],[1.08903,6.05319],[1.08903,6.05292],[1.08875,6.05292],[1.08875,6.05264],[1.08847,6.05264],[1.08847,6.05236],[1.08819,6.05236],[1.08819,6.05208],[1.08792,6.05208],[1.08792,6.05181],[1.08764,6.05181],[1.08764,6.05153],[1.08736,6.05153],[1.08736,6.05125],[1.08708,6.05125],[1.08708,6.05097],[1.08681,6.05097],[1.08681,6.05069],[1.08653,6.05069],[1.08653,6.05042],[1.08625,6.05042],[1.08625,6.05014],[1.08569,6.05014],[1.08569,6.04986],[1.08514,6.04986],[1.08514,6.04958],[1.08486,6.04958],[1.08486,6.04931],[1.08458,6.04931],[1.08458,6.04903],[1.08403,6.04903],[1.08403,6.04875],[1.08384,6.04875]]]},"properties":{"region":"Volta","district":"Ketu","floods_1m":1,"floods_2m":1,"floods_3m":1,"first_flood_m":1,"nests":true,"area_km2":0.786}},{"type":"Feature","geometry":{"type":"Polygon","coordinates":[[[-2.18123,4.93239],[-2.19549,4.93239],[-2.19549,4.94665],[-2.18123,4.94665],[-2.18123,4.93239]]]},"properties":{"region":"Western","district":"Nzema East","floods_1m":1,"floods_2m":1,"floods_3m":1,"first_flood_m":1,"nests":true,"area_km2":2.505}},{"type":"Feature","geometry":{"type":"Polygon","coordinates":[[[-3.06523,5.11298],[-3.06523,5.10348],[-3.07949,5.10348],[-3.07949,5.1059],[-3.07651,5.10503],[-3.07429,5.10663],[-3.07365,5.11078],[-3.06952,5.11525],[-3.06523,5.11298]]]},"properties":{"region":"Western","district":"Jomoro","floods_1m":0,"floods_2m":0,"floods_3m":1,"first_flood_m":3,"nests":true,"area_km2":1.225}},{"type":"Feature","geometry":{"type":"Polygon","coordinates":[[[0.07153,5.74509],[0.05727,5.74509],[0.05727,5.75935],[0.07153,5.75935],[0.07153,5.74509]]]},"properties":{"region":"Greater Accra","district":"Dangbe East","floods_1m":0,"floods_2m":1,"floods_3m":1,"first_flood_m":2,"nests":true,"area_km2":2.502}},{"type":"Feature","geometry":{"type":"Polygon","coordinates":[[[0.94126,6.07303],[0.92701,6.07303],[0.92701,6.08728],[0.94126,6.08728],[0.94126,6.07303]]]},"properties":{"region":"Volta","district":"Ketu","floods_1m":1,"floods_2m":1,"floods_3m":1,"first_flood_m":1,"nests":true,"area_km2":2.497}},{"type":"Feature","geometry":{"type":"Polygon","coordinates":[[[0.15707,5.72931],[0.15707,5.73084],[0.16097,5.73084],[0.16097,5.73069],[0.16014,5.73069],[0.16014,5.73042],[0.15958,5.73042],[0.15958,5.73014],[0.15903,5.73014],[0.15903,5.72986],[0.15875,5.72986],[0.15875,5.72958],[0.15764,5.72958],[0.15764,5.72931],[0.15707,5.72931]]]},"properties":{"region":"Greater Accra","district":"Dangbe East","floods_1m":1,"floods_2m":1,"floods_3m":1,"first_flood_m":1,"nests":true,"area_km2":0.04}},{"type":"Feature","geometry":{"type":"Polygon","coordinates":[[[0.29965,6.03025],[0.2854,6.03025],[0.2854,6.04451],[0.29965,6.04451],[0.29965,6.03025]]]},"properties":{"region":"Greater Accra","district":"Dangbe East","floods_1m":0,"floods_2m":1,"floods_3m":1,"first_flood_m":2,"nests":true,"area_km2":2.499}},{"type":"Feature","geometry":{"type":"Polygon","coordinates":[[[0.19985,5.77361],[0.18559,5.77361],[0.18559,5.78787],[0.19985,5.78787],[0.19985,5.77361]]]},"properties":{"region":"Greater Accra","district":"Dangbe East","floods_1m":1,"floods_2m":1,"floods_3m":1,"first_flood_m":1,"nests":true,"area_km2":2.501}},{"type":"Feature","geometry":{"type":"Polygon","coordinates":[[[1.05533,6.03025],[1.04107,6.03025],[1.04107,6.04451],[1.05533,6.04451],[1.05533,6.03025]]]},"properties":{"region":"Volta","district":"Ketu","floods_1m":1,"floods_2m":1,"floods_3m":1,"first_flood_m":1,"nests":true,"area_km2":2.5}},{"type":"Feature","geometry":{"type":"Polygon","coordinates":[[[1.19177,6.10958],[1.19177,6.10931],[1.19125,6.10931],[1.19125,6.10903],[1.19069,6.10903],[1.19069,6.10875],[1.19014,6.10875],[1.19014,6.10847],[1.18903,6.10847],[1.18903,6.10819],[1.18847,6.10819],[1.18847,6.10792],[1.18792,6.10792],[1.18792,6.10764],[1.18708,6.10764],[1.18708,6.10736],[1.18653,6.10736],[1.18653,6.10708],[1.18597,6.10708],[1.18597,6.10681],[1.18542,6.10681],[1.18542,6.10653],[1.1843,6.10653],[1.1843,6.10625],[1.18365,6.10625],[1.18365,6.1158],[1.19175,6.1158],[1.19177,6.10958]]]},"properties":{"region":"Volta","district":"Ketu","floods_1m":1,"floods_2m":1,"floods_3m":1,"first_flood_m":1,"nests":true,"area_km2":0.807}},{"type":"Feature","geometry":{"type":"Polygon","coordinates":[[[-2.80859,5.03219],[-2.81042,5.03219],[-2.81042,5.03236],[-2.81181,5.03236],[-2.81181,5.03264],[-2.81236,5.03264],[-2.81236,5.03292],[-2.81347,5.03292],[-2.81347,5.03319],[-2.81597,5.03319],[-2.81597,5.03347],[-2.81708,5.03347],[-2.81708,5.03375],[-2.81847,5.03375],[-2.81847,5.03403],[-2.81986,5.03403],[-2.81986,5.03431],[-2.82097,5.03431],[-2.82097,5.03458],[-2.82236,5.03458],[-2.82236,5.03486],[-2.82284,5.03486],[-2.82284,5.04645],[-2.80859,5.04645],[-2.80859,5.03219]]]},"properties":{"region":"Western","district":"Jomoro","floods_1m":1,"floods_2m":1,"floods_3m":1,"first_flood_m":1,"nests":true,"area_km2":2.295}},{"type":"Feature","geometry":{"type":"Polygon","coordinates":[[[0.98404,6.04451],[0.96978,6.04451],[0.96978,6.05877],[0.98404,6.05877],[0.98404,6.04451]]]},"properties":{"region":"Volta","district":"Ketu","floods_1m":1,"floods_2m":1,"floods_3m":1,"first_flood_m":1,"nests":true,"area_km2":2.5}},{"type":"Feature","geometry":{"type":"Polygon","coordinates":[[[-2.75155,5.02014],[-2.75236,5.02014],[-2.75236,5.02042],[-2.75375,5.02042],[-2.75375,5.02069],[-2.75458,5.02069],[-2.75458,5.02042],[-2.75486,5.02042],[-2.75486,5.02069],[-2.75514,5.02069],[-2.75514,5.02097],[-2.75653,5.02097],[-2.75653,5.02125],[-2.75792,5.02125],[-2.75792,5.02153],[-2.75986,5.02153],[-2.75986,5.02181],[-2.76069,5.02181],[-2.76069,5.02208],[-2.76125,5.02208],[-2.76125,5.02236],[-2.76208,5.02236],[-2.76208,5.02264],[-2.76292,5.02264],[-2.76292,5.02292],[-2.76403,5.02292],[-2.76403,5.02319],[-2.76581,5.02319],[-2.76581,5.03219],[-2.75155,5.03219],[-2.75155,5.02014]]]},"properties":{"region":"Western","district":"Jomoro","floods_1m":1,"floods_2m":1,"floods_3m":1,"first_flood_m":1,"nests":true,"area_km2":1.853}},{"type":"Feature","geometry":{"type":"Polygon","coordinates":[[[-2.66601,5.00368],[-2.67292,5.00368],[-2.67292,5.00375],[-2.67458,5.00375],[-2.67458,5.00403],[-2.67542,5.00403],[-2.67542,5.00431],[-2.67597,5.00431],[-2.67597,5.00458],[-2.67708,5.00458],[-2.67708,5.00486],[-2.67819,5.00486],[-2.67819,5.00514],[-2.67903,5.00514],[-2.67903,5.00542],[-2.68026,5.00542],[-2.68026,5.01794],[-2.66601,5.01794],[-2.66601,5.00368]]]},"properties":{"region":"Western","district":"Jomoro","floods_1m":1,"floods_2m":1,"floods_3m":1,"first_flood_m":1,"nests":true,"area_km2":2.424}},{"type":"Feature","geometry":{"type":"Polygon","coordinates":[[[-2.38085,4.98942],[-2.3951,4.98942],[-2.3951,5.00368],[-2.38085,5.00368],[-2.38085,4.98942]]]},"properties":{"region":"Western","district":"Nzema East","floods_1m":0,"floods_2m":1,"floods_3m":1,"first_flood_m":2,"nests":true,"area_km2":2.503}},{"type":"Feature","geometry":{"type":"Polygon","coordinates":[[[0.31391,6.01599],[0.29965,6.01599],[0.29965,6.03025],[0.31391,6.03025],[0.31391,6.01599]]]},"properties":{"region":"Greater Accra","district":"Dangbe East","floods_1m":0,"floods_2m":1,"floods_3m":1,"first_flood_m":2,"nests":true,"area_km2":2.5}},{"type":"Feature","geometry":{"type":"Polygon","coordinates":[[[1.01255,5.96347],[1.01255,5.95896],[1.00792,5.95896],[1.00792,5.9593],[1.00819,5.9593],[1.00819,5.95958],[1.00847,5.95958],[1.00847,5.95986],[1.00875,5.95986],[1.00875,5.96014],[1.00903,5.96014],[1.00903,5.96097],[1.00931,5.96097],[1.00931,5.96153],[1.00959,5.96153],[1.00959,5.9618],[1.01014,5.9618],[1.01014,5.96208],[1.01042,5.96208],[1.01042,5.96236],[1.01069,5.96236],[1.01069,5.96264],[1.01125,5.96264],[1.01125,5.96292],[1.01181,5.96292],[1.01181,5.96319],[1.01208,5.96319],[1.01208,5.96347],[1.01255,5.96347]]]},"properties":{"region":"Volta","district":"Ketu","floods_1m":1,"floods_2m":1,"floods_3m":1,"first_flood_m":1,"nests":true,"area_km2":0.16}},{"type":"Feature","geometry":{"type":"Polygon","coordinates":[[[1.12662,6.08728],[1.11236,6.08728],[1.11236,6.10154],[1.12662,6.10154],[1.12662,6.08728]]]},"properties":{"region":"Volta","district":"Ketu","floods_1m":1,"floods_2m":1,"floods_3m":1,"first_flood_m":1,"nests":true,"area_km2":2.5}},{"type":"Feature","geometry":{"type":"Polygon","coordinates":[[[-2.18123,4.91813],[-2.19549,4.91813],[-2.19549,4.93239],[-2.18123,4.93239],[-2.18123,4.91813]]]},"properties":{"region":"Western","district":"Nzema East","floods_1m":1,"floods_2m":1,"floods_3m":1,"first_flood_m":1,"nests":true,"area_km2":2.505}},{"type":"Feature","geometry":{"type":"Polygon","coordinates":[[[0.9983,6.08728],[0.98404,6.08728],[0.98404,6.10154],[0.9983,6.10154],[0.9983,6.08728]]]},"properties":{"region":"Volta","district":"Ketu","floods_1m":0,"floods_2m":0,"floods_3m":1,"first_flood_m":3,"nests":true,"area_km2":2.5}},{"type":"Feature","geometry":{"type":"Polygon","coordinates":[[[0.2854,6.04451],[0.27114,6.04451],[0.27114,6.05877],[0.2854,6.05877],[0.2854,6.04451]]]},"properties":{"region":"Greater Accra","district":"Dangbe East","floods_1m":0,"floods_2m":1,"floods_3m":1,"first_flood_m":2,"nests":true,"area_km2":2.5}},{"type":"Feature","geometry":{"type":"Polygon","coordinates":[[[1.16939,6.10014],[1.16939,6.10154],[1.17347,6.10154],[1.17347,6.10153],[1.17236,6.10153],[1.17236,6.10125],[1.17181,6.10125],[1.17181,6.10097],[1.17097,6.10097],[1.17097,6.10069],[1.17042,6.10069],[1.17042,6.10042],[1.16986,6.10042],[1.16986,6.10014],[1.16939,6.10014]]]},"properties":{"region":"Volta","district":"Ketu","floods_1m":1,"floods_2m":1,"floods_3m":1,"first_flood_m":1,"nests":true,"area_km2":0.03}},{"type":"Feature","geometry":{"type":"Polygon","coordinates":[[[-2.43788,4.9609],[-2.45214,4.9609],[-2.45214,4.97516],[-2.43788,4.97516],[-2.43788,4.9609]]]},"properties":{"region":"Western","district":"Nzema East","floods_1m":1,"floods_2m":1,"floods_3m":1,"first_flood_m":1,"nests":true,"area_km2":2.505}},{"type":"Feature","geometry":{"type":"Polygon","coordinates":[[[0.91275,6.03025],[0.90666,6.03025],[0.90203,6.03218],[0.89938,6.03385],[0.89849,6.03456],[0.89849,6.04451],[0.91275,6.04451],[0.91275,6.03025]]]},"properties":{"region":"Volta","district":"Ketu","floods_1m":1,"floods_2m":1,"floods_3m":1,"first_flood_m":1,"nests":true,"area_km2":2.312}},{"type":"Feature","geometry":{"type":"Polygon","coordinates":[[[1.08384,6.05877],[1.07137,6.05877],[1.06959,6.05877],[1.06959,6.07303],[1.07137,6.07303],[1.08384,6.07303],[1.08384,6.05877]]]},"properties":{"region":"Volta","district":"Ketu","floods_1m":1,"floods_2m":1,"floods_3m":1,"first_flood_m":1,"nests":true,"area_km2":2.498}},{"type":"Feature","geometry":{"type":"Polygon","coordinates":[[[1.14088,6.08625],[1.14042,6.08625],[1.14042,6.08597],[1.13986,6.08597],[1.13986,6.08569],[1.13931,6.08569],[1.13931,6.08542],[1.13875,6.08542],[1.13875,6.08514],[1.13819,6.08514],[1.13819,6.08486],[1.13792,6.08486],[1.13792,6.08458],[1.13764,6.08458],[1.13764,6.08431],[1.13708,6.08431],[1.13708,6.08403],[1.13653,6.08403],[1.13653,6.08375],[1.13597,6.08375],[1.13597,6.08347],[1.13542,6.08347],[1.13542,6.08319],[1.13486,6.08319],[1.13486,6.08292],[1.13431,6.08292],[1.13431,6.08264],[1.13403,6.08264],[1.13403,6.08236],[1.13347,6.08236],[1.13347,6.08208],[1.13292,6.08208],[1.13292,6.08181],[1.13208,6.08181],[1.13208,6.08153],[1.13153,6.08153],[1.13153,6.08125],[1.13125,6.08125],[1.13125,6.08097],[1.13042,6.08097],[1.13042,6.08069],[1.12986,6.08069],[1.12986,6.08042],[1.12958,6.08042],[1.12958,6.08014],[1.12903,6.08014],[1.12903,6.07986],[1.12847,6.07986],[1.12847,6.07958],[1.1282,6.07958],[1.1282,6.07931],[1.12764,6.07931],[1.12764,6.07903],[1.12736,6.07903],[1.12736,6.07875],[1.12662,6.07875],[1.12662,6.08728],[1.14088,6.08728],[1.14088,6.08625]]]},"properties":{"region":"Volta","district":"Ketu","floods_1m":1,"floods_2m":1,"floods_3m":1,"first_flood_m":1,"nests":true,"area_km2":0.841}},{"type":"Feature","geometry":{"type":"Polygon","coordinates":[[[0.94126,6.13006],[0.92701,6.13006],[0.92701,6.14432],[0.94126,6.14432],[0.94126,6.13006]]]},"properties":{"region":"Volta","district":"Ketu","floods_1m":0,"floods_2m":1,"floods_3m":1,"first_flood_m":2,"nests":true,"area_km2":2.498}},{"type":"Feature","geometry":{"type":"Polygon","coordinates":[[[0.31391,5.83064],[0.29965,5.83064],[0.29965,5.8449],[0.31391,5.8449],[0.31391,5.83064]]]},"properties":{"region":"Greater Accra","district":"Dangbe East","floods_1m":1,"floods_2m":1,"floods_3m":1,"first_flood_m":1,"nests":true,"area_km2":2.501}},{"type":"Feature","geometry":{"type":"Polygon","coordinates":[[[1.0981,6.07303],[1.08384,6.07303],[1.08384,6.08728],[1.0981,6.08728],[1.0981,6.07303]]]},"properties":{"region":"Volta","district":"Ketu","floods_1m":1,"floods_2m":1,"floods_3m":1,"first_flood_m":1,"nests":true,"area_km2":2.498}},{"type":"Feature","geometry":{"type":"Polygon","coordinates":[[[-2.96542,5.08224],[-2.96542,5.07497],[-2.97968,5.07497],[-2.97968,5.08255],[-2.97949,5.08238],[-2.96542,5.08224]]]},"properties":{"region":"Western","district":"Jomoro","floods_1m":0,"floods_2m":0,"floods_3m":1,"first_flood_m":3,"nests":true,"area_km2":1.289}},{"type":"Feature","geometry":{"type":"Polygon","coordinates":[[[0.95552,6.08728],[0.94126,6.08728],[0.94126,6.10154],[0.95552,6.10154],[0.95552,6.08728]]]},"properties":{"region":"Volta","district":"Ketu","floods_1m":1,"floods_2m":1,"floods_3m":1,"first_flood_m":1,"nests":true,"area_km2":2.5}},{"type":"Feature","geometry":{"type":"Polygon","coordinates":[[[-2.85136,5.06071],[-2.86562,5.06071],[-2.86562,5.07497],[-2.85136,5.07497],[-2.85136,5.06071]]]},"properties":{"region":"Western","district":"Jomoro","floods_1m":0,"floods_2m":1,"floods_3m":1,"first_flood_m":2,"nests":true,"area_km2":2.504}},{"type":"Feature","geometry":{"type":"Polygon","coordinates":[[[1.11236,6.06958],[1.11236,6.07303],[1.11792,6.07303],[1.11792,6.07292],[1.11764,6.07292],[1.11764,6.07264],[1.11708,6.07264],[1.11708,6.07236],[1.11681,6.07236],[1.11681,6.07208],[1.11653,6.07208],[1.11653,6.07181],[1.11625,6.07181],[1.11625,6.07153],[1.11569,6.07153],[1.11569,6.07125],[1.11514,6.07125],[1.11514,6.07097],[1.11458,6.07097],[1.11458,6.07069],[1.11431,6.07069],[1.11431,6.07042],[1.11319,6.07042],[1.11319,6.07014],[1.11292,6.07014],[1.11292,6.06986],[1.11236,6.06986],[1.11236,6.06958],[1.11236,6.06958]]]},"properties":{"region":"Volta","district":"Ketu","floods_1m":1,"floods_2m":1,"floods_3m":1,"first_flood_m":1,"nests":true,"area_km2":0.124}},{"type":"Feature","geometry":{"type":"MultiPolygon","coordinates":[[[[-2.72304,5.132],[-2.73084,5.132],[-2.72881,5.1352],[-2.72768,5.13774],[-2.73145,5.14626],[-2.72304,5.14626],[-2.72304,5.132]]],[[[-2.73165,5.132],[-2.73534,5.132],[-2.73522,5.13217],[-2.73165,5.132]]]]},"properties":{"region":"Western","district":"Jomoro","floods_1m":0,"floods_2m":0,"floods_3m":1,"first_flood_m":3,"nests":true,"area_km2":1.119}},{"type":"Feature","geometry":{"type":"Polygon","coordinates":[[[1.04458,6.00174],[1.04107,6.00174],[1.04107,6.01599],[1.05486,6.01599],[1.05486,6.01597],[1.05458,6.01597],[1.05458,6.0157],[1.05431,6.0157],[1.05431,6.01514],[1.05403,6.01514],[1.05403,6.01486],[1.05375,6.01486],[1.05375,6.01458],[1.05347,6.01458],[1.05347,6.01403],[1.05319,6.01403],[1.05319,6.01375],[1.05291,6.01375],[1.05291,6.01347],[1.05264,6.01347],[1.05264,6.0132],[1.05236,6.0132],[1.05236,6.01264],[1.05208,6.01264],[1.05208,6.01208],[1.05181,6.01208],[1.05181,6.01181],[1.05153,6.01181],[1.05153,6.01153],[1.05125,6.01153],[1.05125,6.01125],[1.0507,6.01125],[1.0507,6.01097],[1.05042,6.01097],[1.05042,6.01069],[1.05014,6.01069],[1.05014,6.01014],[1.04986,6.01014],[1.04986,6.00986],[1.04958,6.00986],[1.04958,6.0093],[1.0493,6.0093],[1.0493,6.00875],[1.04903,6.00875],[1.04903,6.00819],[1.04875,6.00819],[1.04875,6.00764],[1.04764,6.00764],[1.04764,6.00736],[1.04736,6.00736],[1.04736,6.00708],[1.04708,6.00708],[1.04708,6.00653],[1.04681,6.00653],[1.04681,6.00625],[1.04653,6.00625],[1.04653,6.00486],[1.04625,6.00486],[1.04625,6.00458],[1.04597,6.00458],[1.04597,6.0043],[1.04569,6.0043],[1.04569,6.00403],[1.04542,6.00403],[1.04542,6.00347],[1.04514,6.00347],[1.04514,6.00319],[1.04486,6.00319],[1.04486,6.00292],[1.04514,6.00292],[1.04514,6.00264],[1.04486,6.00264],[1.04486,6.00181],[1.04458,6.00181],[1.04458,6.00174]]]},"properties":{"region":"Volta","district":"Ketu","floods_1m":1,"floods_2m":1,"floods_3m":1,"first_flood_m":1,"nests":true,"area_km2":1.431}},{"type":"Feature","geometry":{"type":"Polygon","coordinates":[[[0.15707,5.72931],[0.15653,5.72931],[0.15653,5.72903],[0.15542,5.72903],[0.15542,5.72875],[0.15458,5.72875],[0.15458,5.72847],[0.1543,5.72847],[0.1543,5.72819],[0.15125,5.72819],[0.15125,5.72792],[0.15014,5.72792],[0.15014,5.72764],[0.14958,5.72764],[0.14958,5.72736],[0.14903,5.72736],[0.14903,5.72708],[0.14875,5.72708],[0.14875,5.72681],[0.14847,5.72681],[0.14847,5.72653],[0.14819,5.72653],[0.14819,5.72625],[0.14792,5.72625],[0.14792,5.72597],[0.14764,5.72597],[0.14764,5.72569],[0.14708,5.72569],[0.14708,5.72542],[0.14653,5.72542],[0.14653,5.72514],[0.14597,5.72514],[0.14597,5.72486],[0.14514,5.72486],[0.14514,5.72458],[0.14431,5.72458],[0.14431,5.72431],[0.14347,5.72431],[0.14347,5.72403],[0.14282,5.72403],[0.14282,5.73084],[0.15707,5.73084],[0.15707,5.72931]]]},"properties":{"region":"Greater Accra","district":"Dangbe East","floods_1m":1,"floods_2m":1,"floods_3m":1,"first_flood_m":1,"nests":true,"area_km2":0.682}},{"type":"Feature","geometry":{"type":"Polygon","coordinates":[[[1.02681,6.07303],[1.01255,6.07303],[1.01255,6.08728],[1.02681,6.08728],[1.02681,6.07303]]]},"properties":{"region":"Volta","district":"Ketu","floods_1m":1,"floods_2m":1,"floods_3m":1,"first_flood_m":1,"nests":true,"area_km2":2.498}},{"type":"Feature","geometry":{"type":"MultiPolygon","coordinates":[[[[0.97847,6.01292],[0.97847,6.01264],[0.97903,6.01264],[0.97903,6.01236],[0.97931,6.01236],[0.97931,6.01208],[0.97958,6.01208],[0.97958,6.01181],[0.97986,6.01181],[0.97986,6.01153],[0.98014,6.01153],[0.98014,6.01125],[0.97986,6.01125],[0.97986,6.01097],[0.97931,6.01097],[0.97931,6.01069],[0.97875,6.01069],[0.97875,6.01097],[0.97708,6.01097],[0.97708,6.01069],[0.97653,6.01069],[0.97653,6.01042],[0.97569,6.01042],[0.97569,6.01069],[0.97542,6.01069],[0.97542,6.01097],[0.97431,6.01097],[0.97431,6.01153],[0.97458,6.01153],[0.97458,6.01181],[0.97486,6.01181],[0.97486,6.01208],[0.97542,6.01208],[0.97542,6.01236],[0.97569,6.01236],[0.97569,6.01264],[0.97653,6.01264],[0.97653,6.01292],[0.97847,6.01292]]],[[[0.98404,6.00958],[0.98347,6.00958],[0.98347,6.0093],[0.98264,6.0093],[0.98264,6.00903],[0.98236,6.00903],[0.98236,6.00875],[0.98208,6.00875],[0.98208,6.00819],[0.98181,6.00819],[0.98181,6.00764],[0.98125,6.00764],[0.98125,6.00736],[0.98097,6.00736],[0.98097,6.00708],[0.98069,6.00708],[0.98069,6.00653],[0.98042,6.00653],[0.98042,6.00569],[0.98014,6.00569],[0.98014,6.00542],[0.98042,6.00542],[0.98042,6.0043],[0.98069,6.0043],[0.98066,6.00375],[0.98097,6.00375],[0.98097,6.0035],[0.98097,6.00319],[0.98125,6.00319],[0.98125,6.00236],[0.98153,6.00236],[0.98153,6.00208],[0.98181,6.00208],[0.98181,6.00174],[0.97347,6.00174],[0.97347,6.00181],[0.97292,6.00181],[0.97292,6.00208],[0.97125,6.00208],[0.97125,6.00236],[0.97069,6.00236],[0.97069,6.00264],[0.97014,6.00264],[0.97014,6.00292],[0.96986,6.00292],[0.96986,6.00319],[0.96978,6.00319],[0.96978,6.00347],[0.96986,6.00347],[0.96986,6.00403],[0.97125,6.00403],[0.97125,6.0043],[0.97181,6.0043],[0.97181,6.00458],[0.97208,6.00458],[0.97208,6.00486],[0.97236,6.00486],[0.97236,6.00514],[0.97208,6.00514],[0.97208,6.00569],[0.97292,6.00569],[0.97292,6.00597],[0.97375,6.00597],[0.97375,6.00625],[0.97431,6.00625],[0.97431,6.00653],[0.97458,6.00653],[0.97458,6.0068],[0.97486,6.0068],[0.97486,6.00708],[0.97542,6.00708],[0.97542,6.00736],[0.97597,6.00736],[0.97597,6.00764],[0.97653,6.00764],[0.97653,6.00792],[0.97681,6.00792],[0.97681,6.00819],[0.97736,6.00819],[0.97736,6.00847],[0.97764,6.00847],[0.97764,6.00875],[0.97819,6.00875],[0.97819,6.00903],[0.97875,6.00903],[0.97875,6.0093],[0.97931,6.0093],[0.97931,6.00958],[0.98125,6.00958],[0.98125,6.00986],[0.98181,6.00986],[0.98181,6.01014],[0.98208,6.01014],[0.98208,6.01042],[0.98236,6.01042],[0.98236,6.01097],[0.98264,6.01097],[0.98264,6.01125],[0.98236,6.01125],[0.98236,6.01208],[0.98292,6.01208],[0.98292,6.01236],[0.98347,6.01236],[0.98347,6.01264],[0.98404,6.01264],[0.98404,6.00958]]]]},"properties":{"region":"Volta","district":"Ketu","floods_1m":1,"floods_2m":1,"floods_3m":1,"first_flood_m":1,"nests":true,"area_km2":0.905}},{"type":"Feature","geometry":{"type":"Polygon","coordinates":[[[-2.78007,5.03219],[-2.79433,5.03219],[-2.79433,5.04645],[-2.78007,5.04645],[-2.78007,5.03219]]]},"properties":{"region":"Western","district":"Jomoro","floods_1m":1,"floods_2m":1,"floods_3m":1,"first_flood_m":1,"nests":true,"area_km2":2.505}},{"type":"Feature","geometry":{"type":"Polygon","coordinates":[[[-2.35233,4.94665],[-2.36659,4.94665],[-2.36659,4.9609],[-2.35233,4.9609],[-2.35233,4.94665]]]},"properties":{"region":"Western","district":"Nzema East","floods_1m":0,"floods_2m":1,"floods_3m":1,"first_flood_m":2,"nests":true,"area_km2":2.503}},{"type":"Feature","geometry":{"type":"Polygon","coordinates":[[[-2.92265,5.10348],[-2.93067,5.10348],[-2.93155,5.10552],[-2.92265,5.11228],[-2.92265,5.10348]]]},"properties":{"region":"Western","district":"Jomoro","floods_1m":1,"floods_2m":1,"floods_3m":1,"first_flood_m":1,"nests":true,"area_km2":0.583}},{"type":"Feature","geometry":{"type":"Polygon","coordinates":[[[1.06959,6.08728],[1.05533,6.08728],[1.05533,6.10154],[1.06959,6.10154],[1.06959,6.08728]]]},"properties":{"region":"Volta","district":"Ketu","floods_1m":1,"floods_2m":1,"floods_3m":1,"first_flood_m":1,"nests":true,"area_km2":2.5}},{"type":"Feature","geometry":{"type":"Polygon","coordinates":[[[1.19171,6.13006],[1.18365,6.13006],[1.18365,6.14432],[1.19168,6.14432],[1.19171,6.13006]]]},"properties":{"region":"Volta","district":"Ketu","floods_1m":1,"floods_2m":1,"floods_3m":1,"first_flood_m":1,"nests":true,"area_km2":1.41}},{"type":"Feature","geometry":{"type":"Polygon","coordinates":[[[1.0981,6.15795],[1.0981,6.14432],[1.08384,6.14432],[1.08384,6.15857],[1.09295,6.15857],[1.0981,6.15795]]]},"properties":{"region":"Volta","district":"Ketu","floods_1m":1,"floods_2m":1,"floods_3m":1,"first_flood_m":1,"nests":true,"area_km2":2.478}},{"type":"Feature","geometry":{"type":"Polygon","coordinates":[[[1.11236,6.1158],[1.0981,6.1158],[1.0981,6.13006],[1.11236,6.13006],[1.11236,6.1158]]]},"properties":{"region":"Volta","district":"Ketu","floods_1m":1,"floods_2m":1,"floods_3m":1,"first_flood_m":1,"nests":true,"area_km2":2.5}},{"type":"Feature","geometry":{"type":"Polygon","coordinates":[[[-2.25252,4.91813],[-2.26678,4.91813],[-2.26678,4.93239],[-2.25252,4.93239],[-2.25252,4.91813]]]},"properties":{"region":"Western","district":"Nzema East","floods_1m":0,"floods_2m":0,"floods_3m":1,"first_flood_m":3,"nests":true,"area_km2":2.505}},{"type":"Feature","geometry":{"type":"Polygon","coordinates":[[[1.05533,6.05877],[1.04107,6.05877],[1.04107,6.07303],[1.05533,6.07303],[1.05533,6.05877]]]},"properties":{"region":"Volta","district":"Ketu","floods_1m":1,"floods_2m":1,"floods_3m":1,"first_flood_m":1,"nests":true,"area_km2":2.5}},{"type":"Feature","geometry":{"type":"Polygon","coordinates":[[[-2.28104,4.90375],[-2.28125,4.90375],[-2.28125,4.90387],[-2.28104,4.90387],[-2.28104,4.90375]]]},"properties":{"region":"Western","district":"Nzema East","floods_1m":1,"floods_2m":1,"floods_3m":1,"first_flood_m":1,"nests":true,"area_km2":0.0}},{"type":"Feature","geometry":{"type":"Polygon","coordinates":[[[1.01255,6.08728],[0.9983,6.08728],[0.9983,6.10154],[1.01255,6.10154],[1.01255,6.08728]]]},"properties":{"region":"Volta","district":"Ketu","floods_1m":0,"floods_2m":1,"floods_3m":1,"first_flood_m":2,"nests":true,"area_km2":2.498}},{"type":"Feature","geometry":{"type":"Polygon","coordinates":[[[-2.22401,4.84684],[-2.22403,4.84684],[-2.22403,4.84708],[-2.22431,4.84708],[-2.22431,4.84736],[-2.22486,4.84736],[-2.22486,4.84764],[-2.22542,4.84764],[-2.22542,4.84792],[-2.22569,4.84792],[-2.22569,4.8482],[-2.22625,4.8482],[-2.22625,4.84847],[-2.22653,4.84847],[-2.22653,4.84875],[-2.22736,4.84875],[-2.22736,4.84903],[-2.22792,4.84903],[-2.22792,4.84931],[-2.22875,4.84931],[-2.22875,4.84958],[-2.22931,4.84958],[-2.22931,4.84986],[-2.22986,4.84986],[-2.22986,4.85014],[-2.23153,4.85014],[-2.23153,4.85042],[-2.23208,4.85042],[-2.23208,4.8507],[-2.23264,4.8507],[-2.23264,4.85097],[-2.23375,4.85097],[-2.23375,4.8507],[-2.2343,4.8507],[-2.2343,4.85042],[-2.23458,4.85042],[-2.23458,4.85014],[-2.23542,4.85014],[-2.23542,4.85042],[-2.23597,4.85042],[-2.23597,4.8507],[-2.23792,4.8507],[-2.23792,4.85097],[-2.23827,4.85097],[-2.23827,4.8611],[-2.22401,4.8611],[-2.22401,4.84684]]]},"properties":{"region":"Western","district":"Nzema East","floods_1m":1,"floods_2m":1,"floods_3m":1,"first_flood_m":1,"nests":true,"area_km2":1.995}},{"type":"Feature","geometry":{"type":"Polygon","coordinates":[[[1.02681,6.05877],[1.01255,6.05877],[1.01255,6.07303],[1.02681,6.07303],[1.02681,6.05877]]]},"properties":{"region":"Volta","district":"Ketu","floods_1m":1,"floods_2m":1,"floods_3m":1,"first_flood_m":1,"nests":true,"area_km2":2.5}},{"type":"Feature","geometry":{"type":"Polygon","coordinates":[[[1.18365,6.10625],[1.18347,6.10625],[1.18347,6.10597],[1.18264,6.10597],[1.18264,6.10569],[1.18208,6.10569],[1.18208,6.10542],[1.18153,6.10542],[1.18153,6.10514],[1.18097,6.10514],[1.18097,6.10486],[1.18042,6.10486],[1.18042,6.10458],[1.17986,6.10458],[1.17986,6.10431],[1.17958,6.10431],[1.17958,6.10403],[1.17903,6.10403],[1.17903,6.10375],[1.17819,6.10375],[1.17819,6.10347],[1.17736,6.10347],[1.17736,6.10319],[1.17653,6.10319],[1.17653,6.10292],[1.17625,6.10292],[1.17625,6.10264],[1.17569,6.10264],[1.17569,6.10236],[1.17514,6.10236],[1.17514,6.10208],[1.17458,6.10208],[1.17458,6.10181],[1.17347,6.10181],[1.17347,6.10154],[1.16939,6.10154],[1.16939,6.1158],[1.18365,6.1158],[1.18365,6.10625]]]},"properties":{"region":"Volta","district":"Ketu","floods_1m":1,"floods_2m":1,"floods_3m":1,"first_flood_m":1,"nests":true,"area_km2":2.21}},{"type":"Feature","geometry":{"type":"Polygon","coordinates":[[[-3.02246,5.08923],[-3.03671,5.08923],[-3.03671,5.10348],[-3.02246,5.10348],[-3.02246,5.08923]]]},"properties":{"region":"Western","district":"Jomoro","floods_1m":1,"floods_2m":1,"floods_3m":1,"first_flood_m":1,"nests":true,"area_km2":2.501}},{"type":"Feature","geometry":{"type":"Polygon","coordinates":[[[0.2854,6.01599],[0.27114,6.01599],[0.27114,6.03025],[0.2854,6.03025],[0.2854,6.01599]]]},"properties":{"region":"Greater Accra","district":"Dangbe East","floods_1m":1,"floods_2m":1,"floods_3m":1,"first_flood_m":1,"nests":true,"area_km2":2.5}},{"type":"Feature","geometry":{"type":"Polygon","coordinates":[[[-2.58046,4.98942],[-2.59472,4.98942],[-2.59472,5.00368],[-2.58046,5.00368],[-2.58046,4.98942]]]},"properties":{"region":"Western","district":"Jomoro","floods_1m":1,"floods_2m":1,"floods_3m":1,"first_flood_m":1,"nests":true,"area_km2":2.505}},{"type":"Feature","geometry":{"type":"Polygon","coordinates":[[[0.21411,5.78787],[0.19985,5.78787],[0.19985,5.7892],[0.19985,5.80212],[0.21411,5.80212],[0.21411,5.7892],[0.21411,5.78787]]]},"properties":{"region":"Greater Accra","district":"Dangbe East","floods_1m":1,"floods_2m":1,"floods_3m":1,"first_flood_m":1,"nests":true,"area_km2":2.5}},{"type":"Feature","geometry":{"type":"Polygon","coordinates":[[[-3.07949,5.08597],[-3.08319,5.08597],[-3.08319,5.08625],[-3.08403,5.08625],[-3.08403,5.08653],[-3.08514,5.08653],[-3.08514,5.08681],[-3.08597,5.08681],[-3.08597,5.08708],[-3.08681,5.08708],[-3.08681,5.08736],[-3.08819,5.08736],[-3.08819,5.08764],[-3.08959,5.08764],[-3.08959,5.08792],[-3.09055,5.08792],[-3.09153,5.08792],[-3.09151,5.08825],[-3.09319,5.08819],[-3.09319,5.08847],[-3.09375,5.08847],[-3.09375,5.08923],[-3.07949,5.08923],[-3.07949,5.08597]]]},"properties":{"region":"Western","district":"Jomoro","floods_1m":1,"floods_2m":1,"floods_3m":1,"first_flood_m":1,"nests":true,"area_km2":0.38}},{"type":"Feature","geometry":{"type":"Polygon","coordinates":[[[0.15707,5.77361],[0.14282,5.77361],[0.14282,5.78787],[0.15707,5.78787],[0.15707,5.77361]]]},"properties":{"region":"Greater Accra","district":"Dangbe East","floods_1m":0,"floods_2m":1,"floods_3m":1,"first_flood_m":2,"nests":true,"area_km2":2.5}},{"type":"Feature","geometry":{"type":"Polygon","coordinates":[[[0.95552,6.10154],[0.94126,6.10154],[0.94126,6.1158],[0.95552,6.1158],[0.95552,6.10154]]]},"properties":{"region":"Volta","district":"Ketu","floods_1m":1,"floods_2m":1,"floods_3m":1,"first_flood_m":1,"nests":true,"area_km2":2.5}},{"type":"Feature","geometry":{"type":"Polygon","coordinates":[[[0.18559,5.78787],[0.17133,5.78787],[0.17133,5.7892],[0.17133,5.80212],[0.18559,5.80212],[0.18559,5.7892],[0.18559,5.78787]]]},"properties":{"region":"Greater Accra","district":"Dangbe East","floods_1m":0,"floods_2m":1,"floods_3m":1,"first_flood_m":2,"nests":true,"area_km2":2.5}},{"type":"Feature","geometry":{"type":"Polygon","coordinates":[[[1.15513,6.10154],[1.14088,6.10154],[1.14088,6.1158],[1.15513,6.1158],[1.15513,6.10154]]]},"properties":{"region":"Volta","district":"Ketu","floods_1m":1,"floods_2m":1,"floods_3m":1,"first_flood_m":1,"nests":true,"area_km2":2.498}},{"type":"Feature","geometry":{"type":"Polygon","coordinates":[[[0.98404,6.03025],[0.96978,6.03025],[0.96978,6.04451],[0.98404,6.04451],[0.98404,6.03025]]]},"properties":{"region":"Volta","district":"Ketu","floods_1m":1,"floods_2m":1,"floods_3m":1,"first_flood_m":1,"nests":true,"area_km2":2.5}},{"type":"Feature","geometry":{"type":"Polygon","coordinates":[[[1.15513,6.09264],[1.15486,6.09264],[1.15486,6.09236],[1.15403,6.09236],[1.15403,6.09208],[1.15347,6.09208],[1.15347,6.09236],[1.15208,6.09236],[1.15208,6.09208],[1.15153,6.09208],[1.15153,6.0918],[1.15069,6.0918],[1.15069,6.09153],[1.14986,6.09153],[1.14986,6.09125],[1.1493,6.09125],[1.1493,6.09097],[1.14875,6.09097],[1.14875,6.09069],[1.1482,6.09069],[1.1482,6.09042],[1.14764,6.09042],[1.14764,6.09014],[1.14681,6.09014],[1.14681,6.08986],[1.14625,6.08986],[1.14625,6.08958],[1.14597,6.08958],[1.14597,6.0893],[1.14542,6.0893],[1.14542,6.08903],[1.14458,6.08903],[1.14458,6.08875],[1.14403,6.08875],[1.14403,6.08847],[1.14347,6.08847],[1.14347,6.08819],[1.14292,6.08819],[1.14292,6.08792],[1.14264,6.08792],[1.14264,6.08764],[1.14236,6.08764],[1.14236,6.08736],[1.14208,6.08736],[1.14208,6.08728],[1.14088,6.08728],[1.14088,6.10154],[1.15513,6.10154],[1.15513,6.09264]]]},"properties":{"region":"Volta","district":"Ketu","floods_1m":1,"floods_2m":1,"floods_3m":1,"first_flood_m":1,"nests":true,"area_km2":1.975}},{"type":"Feature","geometry":{"type":"Polygon","coordinates":[[[0.2854,5.78787],[0.27114,5.78787],[0.27114,5.7892],[0.27114,5.80212],[0.2854,5.80212],[0.2854,5.7892],[0.2854,5.78787]]]},"properties":{"region":"Greater Accra","district":"Dangbe East","floods_1m":0,"floods_2m":1,"floods_3m":1,"first_flood_m":2,"nests":true,"area_km2":2.5}},{"type":"Feature","geometry":{"type":"Polygon","coordinates":[[[1.01255,6.04451],[0.9983,6.04451],[0.9983,6.05877],[1.01255,6.05877],[1.01255,6.04451]]]},"properties":{"region":"Volta","district":"Ketu","floods_1m":1,"floods_2m":1,"floods_3m":1,"first_flood_m":1,"nests":true,"area_km2":2.498}},{"type":"Feature","geometry":{"type":"Polygon","coordinates":[[[-2.45214,4.9609],[-2.46292,4.9609],[-2.46292,4.96097],[-2.46319,4.96097],[-2.46319,4.96125],[-2.46431,4.96125],[-2.46431,4.96153],[-2.46542,4.96153],[-2.46542,4.9618],[-2.46639,4.9618],[-2.46639,4.97516],[-2.45214,4.97516],[-2.45214,4.9609]]]},"properties":{"region":"Western","district":"Nzema East","floods_1m":1,"floods_2m":1,"floods_3m":1,"first_flood_m":1,"nests":true,"area_km2":2.479}},{"type":"Feature","geometry":{"type":"Polygon","coordinates":[[[1.02681,5.98748],[1.01255,5.98748],[1.01255,6.00174],[1.02681,6.00174],[1.02681,5.98748]]]},"properties":{"region":"Volta","district":"Ketu","floods_1m":1,"floods_2m":1,"floods_3m":1,"first_flood_m":1,"nests":true,"area_km2":2.501}},{"type":"Feature","geometry":{"type":"Polygon","coordinates":[[[-2.22401,4.84681],[-2.22403,4.84681],[-2.22403,4.84684],[-2.22401,4.84684],[-2.22401,4.84681]]]},"properties":{"region":"Western","district":"Nzema East","floods_1m":1,"floods_2m":1,"floods_3m":1,"first_flood_m":1,"nests":true,"area_km2":0.0}},{"type":"Feature","geometry":{"type":"Polygon","coordinates":[[[-2.93691,5.08939],[-2.93691,5.08923],[-2.94471,5.08923],[-2.94372,5.09042],[-2.93691,5.08939]]]},"properties":{"region":"Western","district":"Jomoro","floods_1m":0,"floods_2m":0,"floods_3m":1,"first_flood_m":3,"nests":true,"area_km2":0.064}},{"type":"Feature","geometry":{"type":"Polygon","coordinates":[[[0.17133,5.74509],[0.15707,5.74509],[0.15707,5.75935],[0.17133,5.75935],[0.17133,5.74509]]]},"properties":{"region":"Greater Accra","district":"Dangbe East","floods_1m":1,"floods_2m":1,"floods_3m":1,"first_flood_m":1,"nests":true,"area_km2":2.502}},{"type":"Feature","geometry":{"type":"Polygon","coordinates":[[[-2.22401,4.94665],[-2.23827,4.94665],[-2.23827,4.9609],[-2.22401,4.9609],[-2.22401,4.94665]]]},"properties":{"region":"Western","district":"Nzema East","floods_1m":1,"floods_2m":1,"floods_3m":1,"first_flood_m":1,"nests":true,"area_km2":2.503}},{"type":"Feature","geometry":{"type":"Polygon","coordinates":[[[1.18365,6.1158],[1.16939,6.1158],[1.16939,6.13006],[1.18365,6.13006],[1.18365,6.1158]]]},"properties":{"region":"Volta","district":"Ketu","floods_1m":1,"floods_2m":1,"floods_3m":1,"first_flood_m":1,"nests":true,"area_km2":2.5}},{"type":"Feature","geometry":{"type":"Polygon","coordinates":[[[-2.72304,5.11774],[-2.7373,5.11774],[-2.7373,5.12924],[-2.73534,5.132],[-2.73165,5.132],[-2.73086,5.13196],[-2.73084,5.132],[-2.72304,5.132],[-2.72304,5.11774]]]},"properties":{"region":"Western","district":"Jomoro","floods_1m":0,"floods_2m":0,"floods_3m":1,"first_flood_m":3,"nests":true,"area_km2":2.471}},{"type":"Feature","geometry":{"type":"Polygon","coordinates":[[[-2.42362,4.95208],[-2.42486,4.95208],[-2.42486,4.95236],[-2.42708,4.95236],[-2.42708,4.95264],[-2.42847,4.95264],[-2.42847,4.95292],[-2.42931,4.95292],[-2.42931,4.95319],[-2.42986,4.95319],[-2.42986,4.95347],[-2.43069,4.95347],[-2.43069,4.95375],[-2.43208,4.95375],[-2.43208,4.95403],[-2.43319,4.95403],[-2.43319,4.95431],[-2.43514,4.95431],[-2.43514,4.95458],[-2.43569,4.95458],[-2.43569,4.95486],[-2.43653,4.95486],[-2.43653,4.95514],[-2.43764,4.95514],[-2.43764,4.95542],[-2.43788,4.95542],[-2.43788,4.9609],[-2.42362,4.9609],[-2.42362,4.95208]]]},"properties":{"region":"Western","district":"Nzema East","floods_1m":1,"floods_2m":1,"floods_3m":1,"first_flood_m":1,"nests":true,"area_km2":1.295}},{"type":"Feature","geometry":{"type":"Polygon","coordinates":[[[0.21411,5.74625],[0.21375,5.74625],[0.21375,5.74597],[0.21208,5.74597],[0.21208,5.74625],[0.21181,5.74625],[0.21181,5.74653],[0.21125,5.74653],[0.21125,5.74625],[0.20847,5.74625],[0.20847,5.74597],[0.20681,5.74597],[0.20681,5.74681],[0.20764,5.74681],[0.20764,5.74653],[0.20903,5.74653],[0.20903,5.74681],[0.20986,5.74681],[0.20986,5.74708],[0.21125,5.74708],[0.21125,5.74681],[0.21181,5.74681],[0.21181,5.74708],[0.21208,5.74708],[0.21208,5.74736],[0.21236,5.74736],[0.21236,5.74764],[0.21264,5.74764],[0.21264,5.74792],[0.21236,5.74792],[0.21236,5.74819],[0.21125,5.7482],[0.21125,5.74847],[0.21097,5.74847],[0.21097,5.74875],[0.21014,5.74875],[0.21014,5.74847],[0.20986,5.74847],[0.20986,5.74792],[0.20958,5.74792],[0.20958,5.74764],[0.20681,5.74764],[0.20681,5.74736],[0.20625,5.74736],[0.20625,5.74708],[0.20597,5.74708],[0.20597,5.74597],[0.20625,5.74597],[0.20625,5.7457],[0.20597,5.7457],[0.20597,5.74542],[0.20292,5.74542],[0.20292,5.74514],[0.20014,5.74514],[0.20014,5.74509],[0.19985,5.74509],[0.19985,5.75935],[0.21411,5.75935],[0.21411,5.74625]]]},"properties":{"region":"Greater Accra","district":"Dangbe East","floods_1m":1,"floods_2m":1,"floods_3m":1,"first_flood_m":1,"nests":true,"area_km2":2.291}},{"type":"Feature","geometry":{"type":"Polygon","coordinates":[[[1.01255,6.01599],[0.99875,6.01599],[0.99875,6.01625],[0.99847,6.01625],[0.99847,6.01653],[0.99875,6.01653],[0.99875,6.01681],[0.99903,6.01681],[0.99903,6.01708],[0.99958,6.01708],[0.99958,6.01736],[1.00009,6.01736],[1.00236,6.01736],[1.00236,6.01708],[1.00264,6.01708],[1.00264,6.01681],[1.00292,6.01681],[1.00292,6.01653],[1.00486,6.01653],[1.00486,6.01736],[1.00458,6.01736],[1.00458,6.01764],[1.00347,6.01764],[1.00347,6.01792],[1.00292,6.01792],[1.00292,6.01986],[1.00236,6.01986],[1.00236,6.02014],[1.00125,6.02014],[1.00125,6.01986],[1.00125,6.01931],[1.00042,6.01931],[1.00042,6.01986],[1.00014,6.01986],[0.99986,6.01986],[0.99986,6.01958],[0.9983,6.01958],[0.9983,6.02236],[0.99847,6.02236],[0.99847,6.02264],[0.99875,6.02264],[0.99875,6.02292],[0.99958,6.02292],[0.99958,6.02319],[0.99995,6.02319],[1.00014,6.02319],[1.00014,6.02292],[1.00069,6.02292],[1.00069,6.02319],[1.00097,6.02319],[1.00097,6.02347],[1.00125,6.02347],[1.00125,6.02375],[1.00319,6.02375],[1.00319,6.02403],[1.00375,6.02403],[1.00375,6.02431],[1.00431,6.02431],[1.00431,6.02486],[1.00403,6.02486],[1.00403,6.02514],[1.00319,6.02514],[1.00319,6.02486],[1.00208,6.02486],[1.00208,6.02458],[1.00097,6.02458],[1.00097,6.02431],[1.00069,6.02431],[1.00069,6.02458],[1.00014,6.02458],[0.99986,6.02458],[0.99931,6.02458],[0.99931,6.02431],[0.99903,6.02431],[0.99903,6.02375],[0.99875,6.02375],[0.99875,6.02347],[0.9983,6.02347],[0.9983,6.03025],[1.01255,6.03025],[1.01255,6.01599]]]},"properties":{"region":"Volta","district":"Ketu","floods_1m":1,"floods_2m":1,"floods_3m":1,"first_flood_m":1,"nests":true,"area_km2":2.24}},{"type":"Feature","geometry":{"type":"Polygon","coordinates":[[[0.74423,5.93045],[0.74165,5.93045],[0.74165,5.93279],[0.74182,5.93261],[0.74423,5.93045]]]},"properties":{"region":"Volta","district":"South Tongu","floods_1m":1,"floods_2m":1,"floods_3m":1,"first_flood_m":1,"nests":true,"area_km2":0.037}},{"type":"Feature","geometry":{"type":"Polygon","coordinates":[[[0.71314,5.9447],[0.69888,5.9447],[0.69888,5.95896],[0.71314,5.95896],[0.71314,5.9447]]]},"properties":{"region":"Volta","district":"South Tongu","floods_1m":1,"floods_2m":1,"floods_3m":1,"first_flood_m":1,"nests":true,"area_km2":2.501}},{"type":"Feature","geometry":{"type":"Polygon","coordinates":[[[0.72482,5.81638],[0.71314,5.81638],[0.71314,5.83064],[0.72462,5.83064],[0.72482,5.81638]]]},"properties":{"region":"Volta","district":"South Tongu","floods_1m":1,"floods_2m":1,"floods_3m":1,"first_flood_m":1,"nests":true,"area_km2":2.031}},{"type":"Feature","geometry":{"type":"Polygon","coordinates":[[[0.57056,5.97322],[0.55678,5.97322],[0.5563,5.9735],[0.5563,5.98748],[0.57056,5.98748],[0.57056,5.97322]]]},"properties":{"region":"Volta","district":"South Tongu","floods_1m":1,"floods_2m":1,"floods_3m":1,"first_flood_m":1,"nests":true,"area_km2":2.5}},{"type":"Feature","geometry":{"type":"Polygon","coordinates":[[[-2.55194,4.97847],[-2.55264,4.97847],[-2.55264,4.97875],[-2.55292,4.97875],[-2.55292,4.97903],[-2.55458,4.97903],[-2.55458,4.97931],[-2.55542,4.97931],[-2.55542,4.97903],[-2.55625,4.97903],[-2.55625,4.97931],[-2.55708,4.97931],[-2.55708,4.97958],[-2.5582,4.97958],[-2.5582,4.97931],[-2.55903,4.97931],[-2.55903,4.97958],[-2.56014,4.97958],[-2.56014,4.97986],[-2.56125,4.97986],[-2.56125,4.98014],[-2.56181,4.98014],[-2.56181,4.98042],[-2.56264,4.98042],[-2.56264,4.98069],[-2.56486,4.98069],[-2.56486,4.98097],[-2.56542,4.98097],[-2.56542,4.98125],[-2.5662,4.98125],[-2.5662,4.98942],[-2.55194,4.98942],[-2.55194,4.97847]]]},"properties":{"region":"Western","district":"Jomoro","floods_1m":1,"floods_2m":1,"floods_3m":1,"first_flood_m":1,"nests":true,"area_km2":1.694}},{"type":"Feature","geometry":{"type":"Polygon","coordinates":[[[0.64185,5.95896],[0.62759,5.95896],[0.62759,5.97322],[0.64185,5.97322],[0.64185,5.95896]]]},"properties":{"region":"Volta","district":"South Tongu","floods_1m":1,"floods_2m":1,"floods_3m":1,"first_flood_m":1,"nests":true,"area_km2":2.501}},{"type":"Feature","geometry":{"type":"Polygon","coordinates":[[[0.58481,5.95187],[0.58454,5.95253],[0.5834,5.95437],[0.58003,5.95833],[0.57929,5.95896],[0.58481,5.95896],[0.58481,5.95187]]]},"properties":{"region":"Volta","district":"South Tongu","floods_1m":1,"floods_2m":1,"floods_3m":1,"first_flood_m":1,"nests":true,"area_km2":0.211}},{"type":"Feature","geometry":{"type":"Polygon","coordinates":[[[0.69888,5.9447],[0.68462,5.9447],[0.68462,5.95896],[0.69888,5.95896],[0.69888,5.9447]]]},"properties":{"region":"Volta","district":"South Tongu","floods_1m":1,"floods_2m":1,"floods_3m":1,"first_flood_m":1,"nests":true,"area_km2":2.501}},{"type":"Feature","geometry":{"type":"Polygon","coordinates":[[[0.61333,5.98748],[0.59907,5.98748],[0.59907,6.00174],[0.61333,6.00174],[0.61333,5.98748]]]},"properties":{"region":"Volta","district":"South Tongu","floods_1m":1,"floods_2m":1,"floods_3m":1,"first_flood_m":1,"nests":true,"area_km2":2.501}},{"type":"Feature","geometry":{"type":"Polygon","coordinates":[[[0.27114,6.05877],[0.25688,6.05877],[0.25688,6.07303],[0.27114,6.07303],[0.27114,6.05877]]]},"properties":{"region":"Greater Accra","district":"Dangbe East","floods_1m":0,"floods_2m":1,"floods_3m":1,"first_flood_m":2,"nests":true,"area_km2":2.5}},{"type":"Feature","geometry":{"type":"Polygon","coordinates":[[[0.67036,5.98748],[0.6561,5.98748],[0.6561,6.00174],[0.67036,6.00174],[0.67036,5.98748]]]},"properties":{"region":"Volta","district":"South Tongu","floods_1m":1,"floods_2m":1,"floods_3m":1,"first_flood_m":1,"nests":true,"area_km2":2.501}},{"type":"Feature","geometry":{"type":"Polygon","coordinates":[[[0.62759,5.91619],[0.61333,5.91619],[0.61333,5.93045],[0.62759,5.93045],[0.62759,5.91619]]]},"properties":{"region":"Volta","district":"South Tongu","floods_1m":1,"floods_2m":1,"floods_3m":1,"first_flood_m":1,"nests":true,"area_km2":2.501}},{"type":"Feature","geometry":{"type":"Polygon","coordinates":[[[0.59907,6.05877],[0.58481,6.05877],[0.58481,6.06384],[0.59252,6.07156],[0.59404,6.07303],[0.59907,6.07303],[0.59907,6.05877]]]},"properties":{"region":"Volta","district":"South Tongu","floods_1m":1,"floods_2m":1,"floods_3m":1,"first_flood_m":1,"nests":true,"area_km2":1.981}},{"type":"Feature","geometry":{"type":"Polygon","coordinates":[[[0.71314,5.90193],[0.69888,5.90193],[0.69888,5.91619],[0.71314,5.91619],[0.71314,5.90193]]]},"properties":{"region":"Volta","district":"South Tongu","floods_1m":1,"floods_2m":1,"floods_3m":1,"first_flood_m":1,"nests":true,"area_km2":2.501}},{"type":"Feature","geometry":{"type":"Polygon","coordinates":[[[0.57056,5.98748],[0.5563,5.98748],[0.5563,6.00174],[0.57056,6.00174],[0.57056,5.98748]]]},"properties":{"region":"Volta","district":"South Tongu","floods_1m":1,"floods_2m":1,"floods_3m":1,"first_flood_m":1,"nests":true,"area_km2":2.501}},{"type":"Feature","geometry":{"type":"Polygon","coordinates":[[[-2.28104,4.90387],[-2.28125,4.90387],[-2.28125,4.90403],[-2.28181,4.90403],[-2.28181,4.9043],[-2.28264,4.9043],[-2.28264,4.90458],[-2.28292,4.90458],[-2.28292,4.90486],[-2.28319,4.90486],[-2.28319,4.90514],[-2.28403,4.90514],[-2.28403,4.90542],[-2.28458,4.90542],[-2.28458,4.90569],[-2.28514,4.90569],[-2.28514,4.90597],[-2.2857,4.90597],[-2.2857,4.90625],[-2.28625,4.90625],[-2.28625,4.90653],[-2.2868,4.90653],[-2.2868,4.90681],[-2.28736,4.90681],[-2.28736,4.90708],[-2.28819,4.90708],[-2.28819,4.90736],[-2.28875,4.90736],[-2.28875,4.90764],[-2.2893,4.90764],[-2.2893,4.90792],[-2.29069,4.90792],[-2.29069,4.9082],[-2.29097,4.9082],[-2.29097,4.90847],[-2.29125,4.90847],[-2.29125,4.90875],[-2.29153,4.90875],[-2.29153,4.90903],[-2.29181,4.90903],[-2.29181,4.90931],[-2.29236,4.90931],[-2.29236,4.90958],[-2.29292,4.90958],[-2.29292,4.90931],[-2.29375,4.90931],[-2.29375,4.90903],[-2.29403,4.90903],[-2.29403,4.90931],[-2.29431,4.90931],[-2.29431,4.90958],[-2.29458,4.90958],[-2.29458,4.90986],[-2.29486,4.90986],[-2.29486,4.91014],[-2.29514,4.91014],[-2.29514,4.91042],[-2.2953,4.91042],[-2.2953,4.91813],[-2.28104,4.91813],[-2.28104,4.90387]]]},"properties":{"region":"Western","district":"Nzema East","floods_1m":1,"floods_2m":1,"floods_3m":1,"first_flood_m":1,"nests":true,"area_km2":1.929}},{"type":"Feature","geometry":{"type":"Polygon","coordinates":[[[-2.89413,5.08923],[-2.90839,5.08923],[-2.90839,5.10348],[-2.89413,5.10348],[-2.89413,5.08923]]]},"properties":{"region":"Western","district":"Jomoro","floods_1m":1,"floods_2m":1,"floods_3m":1,"first_flood_m":1,"nests":true,"area_km2":2.503}},{"type":"Feature","geometry":{"type":"Polygon","coordinates":[[[0.59907,5.98748],[0.58481,5.98748],[0.58481,6.00174],[0.59907,6.00174],[0.59907,5.98748]]]},"properties":{"region":"Volta","district":"South Tongu","floods_1m":1,"floods_2m":1,"floods_3m":1,"first_flood_m":1,"nests":true,"area_km2":2.501}},{"type":"Feature","geometry":{"type":"Polygon","coordinates":[[[0.31391,5.78787],[0.29965,5.78787],[0.29965,5.7892],[0.29965,5.80212],[0.31391,5.80212],[0.31391,5.7892],[0.31391,5.78787]]]},"properties":{"region":"Greater Accra","district":"Dangbe East","floods_1m":1,"floods_2m":1,"floods_3m":1,"first_flood_m":1,"nests":true,"area_km2":2.5}},{"type":"Feature","geometry":{"type":"Polygon","coordinates":[[[0.59907,6.07303],[0.59404,6.07303],[0.59707,6.07595],[0.59907,6.07762],[0.59907,6.07303]]]},"properties":{"region":"Volta","district":"South Tongu","floods_1m":0,"floods_2m":1,"floods_3m":1,"first_flood_m":2,"nests":true,"area_km2":0.147}},{"type":"Feature","geometry":{"type":"Polygon","coordinates":[[[0.31781,5.98748],[0.31391,5.98748],[0.31391,6.00174],[0.3217,6.00174],[0.32125,5.99608],[0.32043,5.99281],[0.31781,5.98748]]]},"properties":{"region":"Greater Accra","district":"Dangbe East","floods_1m":1,"floods_2m":1,"floods_3m":1,"first_flood_m":1,"nests":true,"area_km2":1.147}},{"type":"Feature","geometry":{"type":"Polygon","coordinates":[[[0.72739,6.03025],[0.71314,6.03025],[0.71314,6.04451],[0.72739,6.04451],[0.72739,6.03025]]]},"properties":{"region":"Volta","district":"South Tongu","floods_1m":1,"floods_2m":1,"floods_3m":1,"first_flood_m":1,"nests":true,"area_km2":2.499}},{"type":"Feature","geometry":{"type":"Polygon","coordinates":[[[-2.23827,4.93239],[-2.25252,4.93239],[-2.25252,4.94665],[-2.23827,4.94665],[-2.23827,4.93239]]]},"properties":{"region":"Western","district":"Nzema East","floods_1m":1,"floods_2m":1,"floods_3m":1,"first_flood_m":1,"nests":true,"area_km2":2.503}},{"type":"Feature","geometry":{"type":"Polygon","coordinates":[[[-3.0082,5.07497],[-3.02246,5.07497],[-3.02246,5.08923],[-3.0082,5.08923],[-3.0082,5.07497]]]},"properties":{"region":"Western","district":"Jomoro","floods_1m":1,"floods_2m":1,"floods_3m":1,"first_flood_m":1,"nests":true,"area_km2":2.504}},{"type":"Feature","geometry":{"type":"Polygon","coordinates":[[[0.71314,5.83064],[0.69888,5.83064],[0.69888,5.8449],[0.71314,5.8449],[0.71314,5.83064]]]},"properties":{"region":"Volta","district":"South Tongu","floods_1m":1,"floods_2m":1,"floods_3m":1,"first_flood_m":1,"nests":true,"area_km2":2.501}},{"type":"Feature","geometry":{"type":"Polygon","coordinates":[[[0.69888,5.98748],[0.68462,5.98748],[0.68462,6.00174],[0.69888,6.00174],[0.69888,5.98748]]]},"properties":{"region":"Volta","district":"South Tongu","floods_1m":1,"floods_2m":1,"floods_3m":1,"first_flood_m":1,"nests":true,"area_km2":2.501}},{"type":"Feature","geometry":{"type":"Polygon","coordinates":[[[0.07153,5.75935],[0.05727,5.75935],[0.05727,5.77361],[0.07153,5.77361],[0.07153,5.75935]]]},"properties":{"region":"Greater Accra","district":"Dangbe East","floods_1m":0,"floods_2m":0,"floods_3m":1,"first_flood_m":3,"nests":true,"area_km2":2.502}},{"type":"Feature","geometry":{"type":"Polygon","coordinates":[[[0.64185,5.8449],[0.62759,5.8449],[0.62759,5.85916],[0.64185,5.85916],[0.64185,5.8449]]]},"properties":{"region":"Volta","district":"South Tongu","floods_1m":1,"floods_2m":1,"floods_3m":1,"first_flood_m":1,"nests":true,"area_km2":2.501}},{"type":"Feature","geometry":{"type":"Polygon","coordinates":[[[0.17133,5.77361],[0.15707,5.77361],[0.15707,5.78787],[0.17133,5.78787],[0.17133,5.77361]]]},"properties":{"region":"Greater Accra","district":"Dangbe East","floods_1m":1,"floods_2m":1,"floods_3m":1,"first_flood_m":1,"nests":true,"area_km2":2.501}},{"type":"Feature","geometry":{"type":"Polygon","coordinates":[[[0.64185,5.90193],[0.62759,5.90193],[0.62759,5.91619],[0.64185,5.91619],[0.64185,5.90193]]]},"properties":{"region":"Volta","district":"South Tongu","floods_1m":1,"floods_2m":1,"floods_3m":1,"first_flood_m":1,"nests":true,"area_km2":2.501}},{"type":"Feature","geometry":{"type":"Polygon","coordinates":[[[-2.43788,4.95542],[-2.43931,4.95542],[-2.43931,4.9557],[-2.43986,4.9557],[-2.43986,4.95542],[-2.44014,4.95542],[-2.44014,4.9557],[-2.44069,4.9557],[-2.44069,4.95597],[-2.44153,4.95597],[-2.44153,4.95625],[-2.44292,4.95625],[-2.44292,4.95653],[-2.44319,4.95653],[-2.44319,4.95625],[-2.44347,4.95625],[-2.44347,4.95653],[-2.44431,4.95653],[-2.44431,4.95681],[-2.44514,4.95681],[-2.44514,4.95708],[-2.44625,4.95708],[-2.44625,4.95736],[-2.44764,4.95736],[-2.44764,4.95764],[-2.44819,4.95764],[-2.44819,4.95792],[-2.44986,4.95792],[-2.44986,4.9582],[-2.45125,4.9582],[-2.45125,4.95847],[-2.45181,4.95847],[-2.45181,4.95875],[-2.45214,4.95875],[-2.45214,4.9609],[-2.43788,4.9609],[-2.43788,4.95542]]]},"properties":{"region":"Western","district":"Nzema East","floods_1m":1,"floods_2m":1,"floods_3m":1,"first_flood_m":1,"nests":true,"area_km2":0.702}},{"type":"Feature","geometry":{"type":"Polygon","coordinates":[[[0.72739,6.01472],[0.72739,6.01599],[0.7292,6.01599],[0.72856,6.01561],[0.72739,6.01472]]]},"properties":{"region":"Volta","district":"South Tongu","floods_1m":1,"floods_2m":1,"floods_3m":1,"first_flood_m":1,"nests":true,"area_km2":0.013}},{"type":"Feature","geometry":{"type":"Polygon","coordinates":[[[0.67036,5.81816],[0.66485,5.82089],[0.6561,5.82298],[0.6561,5.83064],[0.67036,5.83064],[0.67036,5.81816]]]},"properties":{"region":"Volta","district":"South Tongu","floods_1m":1,"floods_2m":1,"floods_3m":1,"first_flood_m":1,"nests":true,"area_km2":1.69}},{"type":"Feature","geometry":{"type":"Polygon","coordinates":[[[0.59907,5.97322],[0.58481,5.97322],[0.58481,5.98748],[0.59907,5.98748],[0.59907,5.97322]]]},"properties":{"region":"Volta","district":"South Tongu","floods_1m":1,"floods_2m":1,"floods_3m":1,"first_flood_m":1,"nests":true,"area_km2":2.501}},{"type":"Feature","geometry":{"type":"Polygon","coordinates":[[[0.57056,6.03025],[0.56341,6.03025],[0.56428,6.03179],[0.56649,6.0374],[0.57054,6.04451],[0.57056,6.04451],[0.57056,6.03025]]]},"properties":{"region":"Volta","district":"South Tongu","floods_1m":1,"floods_2m":1,"floods_3m":1,"first_flood_m":1,"nests":true,"area_km2":0.663}},{"type":"Feature","geometry":{"type":"Polygon","coordinates":[[[0.74165,5.87489],[0.73866,5.87341],[0.72739,5.87341],[0.72739,5.88767],[0.74165,5.88767],[0.74165,5.87489]]]},"properties":{"region":"Volta","district":"South Tongu","floods_1m":1,"floods_2m":1,"floods_3m":1,"first_flood_m":1,"nests":true,"area_km2":2.474}},{"type":"Feature","geometry":{"type":"Polygon","coordinates":[[[0.62759,5.87341],[0.61457,5.87341],[0.61374,5.87507],[0.61333,5.87666],[0.61333,5.88767],[0.62759,5.88767],[0.62759,5.87341]]]},"properties":{"region":"Volta","district":"South Tongu","floods_1m":1,"floods_2m":1,"floods_3m":1,"first_flood_m":1,"nests":true,"area_km2":2.48}},{"type":"Feature","geometry":{"type":"Polygon","coordinates":[[[0.61333,5.90193],[0.60689,5.90193],[0.60625,5.90416],[0.60515,5.91026],[0.60431,5.91319],[0.60266,5.91619],[0.61333,5.91619],[0.61333,5.90193]]]},"properties":{"region":"Volta","district":"South Tongu","floods_1m":1,"floods_2m":1,"floods_3m":1,"first_flood_m":1,"nests":true,"area_km2":1.431}},{"type":"Feature","geometry":{"type":"Polygon","coordinates":[[[-3.06523,5.08923],[-3.07949,5.08923],[-3.07949,5.10348],[-3.06523,5.10348],[-3.06523,5.08923]]]},"properties":{"region":"Western","district":"Jomoro","floods_1m":0,"floods_2m":0,"floods_3m":1,"first_flood_m":3,"nests":true,"area_km2":2.503}},{"type":"Feature","geometry":{"type":"Polygon","coordinates":[[[0.72499,5.81042],[0.7243,5.81042],[0.7243,5.81069],[0.7218,5.81069],[0.7218,5.81042],[0.72153,5.81042],[0.72153,5.81069],[0.7207,5.81069],[0.7207,5.81097],[0.71903,5.81097],[0.71903,5.81069],[0.71847,5.81069],[0.71847,5.81042],[0.7182,5.81042],[0.7182,5.81014],[0.71764,5.81014],[0.71764,5.80986],[0.71708,5.80986],[0.71708,5.80958],[0.71681,5.80958],[0.71681,5.80986],[0.71625,5.80986],[0.71625,5.80958],[0.71597,5.80958],[0.71597,5.80931],[0.7157,5.80931],[0.7157,5.80903],[0.71542,5.80903],[0.71542,5.80875],[0.71514,5.80875],[0.71514,5.80847],[0.71486,5.80847],[0.71486,5.80819],[0.71458,5.80819],[0.71458,5.80792],[0.71431,5.80792],[0.71431,5.80764],[0.71403,5.80764],[0.71403,5.80736],[0.71375,5.80736],[0.71375,5.80708],[0.71347,5.80708],[0.71347,5.80681],[0.71319,5.80681],[0.71319,5.80653],[0.71314,5.80653],[0.71314,5.81638],[0.72482,5.81638],[0.72486,5.81378],[0.72499,5.81042]]]},"properties":{"region":"Volta","district":"South Tongu","floods_1m":1,"floods_2m":1,"floods_3m":1,"first_flood_m":1,"nests":true,"area_km2":0.936}},{"type":"Feature","geometry":{"type":"Polygon","coordinates":[[[0.59907,6.01599],[0.58481,6.01599],[0.58481,6.03025],[0.59907,6.03025],[0.59907,6.01599]]]},"properties":{"region":"Volta","district":"South Tongu","floods_1m":1,"floods_2m":1,"floods_3m":1,"first_flood_m":1,"nests":true,"area_km2":2.5}},{"type":"Feature","geometry":{"type":"MultiPolygon","coordinates":[[[[0.19985,5.74486],[0.19431,5.74486],[0.19431,5.74509],[0.19985,5.74509],[0.19985,5.74486]]],[[[0.18559,5.74431],[0.18559,5.74509],[0.18736,5.74509],[0.18736,5.74486],[0.18653,5.74486],[0.18653,5.74458],[0.1857,5.74458],[0.1857,5.74431],[0.18559,5.74431]]]]},"properties":{"region":"Greater Accra","district":"Dangbe East","floods_1m":1,"floods_2m":1,"floods_3m":1,"first_flood_m":1,"nests":true,"area_km2":0.024}},{"type":"Feature","geometry":{"type":"Polygon","coordinates":[[[0.5563,5.98748],[0.54204,5.98748],[0.54204,5.98796],[0.54289,5.99011],[0.54575,5.99647],[0.54892,6.00174],[0.5563,6.00174],[0.5563,5.98748]]]},"properties":{"region":"Volta","district":"South Tongu","floods_1m":1,"floods_2m":1,"floods_3m":1,"first_flood_m":1,"nests":true,"area_km2":1.968}},{"type":"Feature","geometry":{"type":"Polygon","coordinates":[[[0.69888,5.93045],[0.68462,5.93045],[0.68462,5.9447],[0.69888,5.9447],[0.69888,5.93045]]]},"properties":{"region":"Volta","district":"South Tongu","floods_1m":1,"floods_2m":1,"floods_3m":1,"first_flood_m":1,"nests":true,"area_km2":2.499}},{"type":"Feature","geometry":{"type":"Polygon","coordinates":[[[-2.97968,5.06597],[-2.98069,5.06597],[-2.98069,5.06625],[-2.98236,5.06625],[-2.98236,5.06653],[-2.98403,5.06653],[-2.98403,5.0668],[-2.98569,5.0668],[-2.98569,5.06708],[-2.98736,5.06708],[-2.98736,5.06736],[-2.98875,5.06736],[-2.98875,5.06764],[-2.99014,5.06764],[-2.99014,5.06792],[-2.99181,5.06792],[-2.99181,5.06819],[-2.9932,5.06819],[-2.9932,5.06847],[-2.99394,5.06847],[-2.99394,5.07497],[-2.97968,5.07497],[-2.97968,5.06597]]]},"properties":{"region":"Western","district":"Jomoro","floods_1m":1,"floods_2m":1,"floods_3m":1,"first_flood_m":1,"nests":true,"area_km2":1.37}},{"type":"Feature","geometry":{"type":"Polygon","coordinates":[[[0.6561,5.83064],[0.64315,5.83064],[0.64185,5.83165],[0.64185,5.8449],[0.6561,5.8449],[0.6561,5.83064]]]},"properties":{"region":"Volta","district":"South Tongu","floods_1m":1,"floods_2m":1,"floods_3m":1,"first_flood_m":1,"nests":true,"area_km2":2.491}},{"type":"Feature","geometry":{"type":"Polygon","coordinates":[[[0.74165,6.04451],[0.72739,6.04451],[0.72739,6.05877],[0.74165,6.05877],[0.74165,6.04451]]]},"properties":{"region":"Volta","district":"South Tongu","floods_1m":1,"floods_2m":1,"floods_3m":1,"first_flood_m":1,"nests":true,"area_km2":2.5}},{"type":"Feature","geometry":{"type":"Polygon","coordinates":[[[0.31391,6.00174],[0.29965,6.00174],[0.29965,6.01599],[0.31391,6.01599],[0.31391,6.00174]]]},"properties":{"region":"Greater Accra","district":"Dangbe East","floods_1m":1,"floods_2m":1,"floods_3m":1,"first_flood_m":1,"nests":true,"area_km2":2.499}},{"type":"Feature","geometry":{"type":"Polygon","coordinates":[[[0.72739,5.95008],[0.72739,5.9447],[0.71314,5.9447],[0.71314,5.95896],[0.72275,5.95896],[0.72281,5.95887],[0.7252,5.95327],[0.72676,5.95081],[0.72739,5.95008]]]},"properties":{"region":"Volta","district":"South Tongu","floods_1m":1,"floods_2m":1,"floods_3m":1,"first_flood_m":1,"nests":true,"area_km2":2.215}},{"type":"Feature","geometry":{"type":"Polygon","coordinates":[[[0.68462,5.85916],[0.67036,5.85916],[0.67036,5.87341],[0.68462,5.87341],[0.68462,5.85916]]]},"properties":{"region":"Volta","district":"South Tongu","floods_1m":1,"floods_2m":1,"floods_3m":1,"first_flood_m":1,"nests":true,"area_km2":2.499}},{"type":"Feature","geometry":{"type":"Polygon","coordinates":[[[0.24262,5.75792],[0.24262,5.75935],[0.24653,5.75935],[0.24653,5.75931],[0.24625,5.75931],[0.24625,5.75903],[0.24597,5.75903],[0.24597,5.75847],[0.24542,5.75847],[0.24542,5.75819],[0.24514,5.75819],[0.24514,5.75792],[0.24262,5.75792]]]},"properties":{"region":"Greater Accra","district":"Dangbe East","floods_1m":1,"floods_2m":1,"floods_3m":1,"first_flood_m":1,"nests":true,"area_km2":0.056}},{"type":"Feature","geometry":{"type":"Polygon","coordinates":[[[0.69888,5.87341],[0.68462,5.87341],[0.68462,5.88767],[0.69888,5.88767],[0.69888,5.87341]]]},"properties":{"region":"Volta","district":"South Tongu","floods_1m":1,"floods_2m":1,"floods_3m":1,"first_flood_m":1,"nests":true,"area_km2":2.501}},{"type":"Feature","geometry":{"type":"Polygon","coordinates":[[[0.72739,6.01472],[0.72644,6.01399],[0.72248,6.0103],[0.71933,6.00655],[0.71819,6.0047],[0.71693,6.00174],[0.71314,6.00174],[0.71314,6.01599],[0.72739,6.01599],[0.72739,6.01472]]]},"properties":{"region":"Volta","district":"South Tongu","floods_1m":1,"floods_2m":1,"floods_3m":1,"first_flood_m":1,"nests":true,"area_km2":1.507}},{"type":"Feature","geometry":{"type":"Polygon","coordinates":[[[0.69888,5.91619],[0.68462,5.91619],[0.68462,5.93045],[0.69888,5.93045],[0.69888,5.91619]]]},"properties":{"region":"Volta","district":"South Tongu","floods_1m":1,"floods_2m":1,"floods_3m":1,"first_flood_m":1,"nests":true,"area_km2":2.501}},{"type":"Feature","geometry":{"type":"Polygon","coordinates":[[[0.71314,5.8449],[0.69888,5.8449],[0.69888,5.85916],[0.71314,5.85916],[0.71314,5.8449]]]},"properties":{"region":"Volta","district":"South Tongu","floods_1m":1,"floods_2m":1,"floods_3m":1,"first_flood_m":1,"nests":true,"area_km2":2.501}},{"type":"Feature","geometry":{"type":"Polygon","coordinates":[[[-3.108,5.10996],[-3.108,5.10348],[-3.11117,5.10348],[-3.11151,5.11073],[-3.108,5.10996]]]},"properties":{"region":"Western","district":"Jomoro","floods_1m":0,"floods_2m":0,"floods_3m":1,"first_flood_m":3,"nests":true,"area_km2":0.282}},{"type":"Feature","geometry":{"type":"Polygon","coordinates":[[[0.10004,5.70125],[0.09792,5.70125],[0.09792,5.70097],[0.09764,5.70097],[0.09764,5.70069],[0.09708,5.70069],[0.09708,5.70042],[0.09653,5.70042],[0.09653,5.69986],[0.09625,5.69986],[0.09625,5.69958],[0.09514,5.69958],[0.09514,5.69931],[0.09403,5.69931],[0.09403,5.69958],[0.09264,5.69958],[0.09264,5.69931],[0.09208,5.69931],[0.09208,5.69903],[0.08923,5.69903],[0.08706,5.70232],[0.10004,5.70232],[0.10004,5.70125]]]},"properties":{"region":"Greater Accra","district":"Dangbe East","floods_1m":1,"floods_2m":1,"floods_3m":1,"first_flood_m":1,"nests":true,"area_km2":0.371}},{"type":"Feature","geometry":{"type":"Polygon","coordinates":[[[0.6561,5.8449],[0.64185,5.8449],[0.64185,5.85916],[0.6561,5.85916],[0.6561,5.8449]]]},"properties":{"region":"Volta","district":"South Tongu","floods_1m":1,"floods_2m":1,"floods_3m":1,"first_flood_m":1,"nests":true,"area_km2":2.499}},{"type":"Feature","geometry":{"type":"Polygon","coordinates":[[[0.68462,5.97322],[0.67036,5.97322],[0.67036,5.98748],[0.68462,5.98748],[0.68462,5.97322]]]},"properties":{"region":"Volta","district":"South Tongu","floods_1m":1,"floods_2m":1,"floods_3m":1,"first_flood_m":1,"nests":true,"area_km2":2.501}},{"type":"Feature","geometry":{"type":"Polygon","coordinates":[[[0.68462,5.83064],[0.67036,5.83064],[0.67036,5.8449],[0.68462,5.8449],[0.68462,5.83064]]]},"properties":{"region":"Volta","district":"South Tongu","floods_1m":1,"floods_2m":1,"floods_3m":1,"first_flood_m":1,"nests":true,"area_km2":2.501}},{"type":"Feature","geometry":{"type":"Polygon","coordinates":[[[0.74165,5.88767],[0.72739,5.88767],[0.72739,5.90193],[0.74165,5.90193],[0.74165,5.88767]]]},"properties":{"region":"Volta","district":"South Tongu","floods_1m":1,"floods_2m":1,"floods_3m":1,"first_flood_m":1,"nests":true,"area_km2":2.501}},{"type":"Feature","geometry":{"type":"Polygon","coordinates":[[[0.71314,5.81638],[0.69888,5.81638],[0.69888,5.83064],[0.71314,5.83064],[0.71314,5.81638]]]},"properties":{"region":"Volta","district":"South Tongu","floods_1m":1,"floods_2m":1,"floods_3m":1,"first_flood_m":1,"nests":true,"area_km2":2.501}},{"type":"Feature","geometry":{"type":"Polygon","coordinates":[[[0.7499,6.04451],[0.74165,6.04451],[0.74165,6.05877],[0.74964,6.05877],[0.75008,6.05404],[0.75014,6.04753],[0.7499,6.04451]]]},"properties":{"region":"Volta","district":"South Tongu","floods_1m":1,"floods_2m":1,"floods_3m":1,"first_flood_m":1,"nests":true,"area_km2":1.465}},{"type":"Feature","geometry":{"type":"Polygon","coordinates":[[[0.61333,6.05877],[0.59907,6.05877],[0.59907,6.07303],[0.61333,6.07303],[0.61333,6.05877]]]},"properties":{"region":"Volta","district":"South Tongu","floods_1m":1,"floods_2m":1,"floods_3m":1,"first_flood_m":1,"nests":true,"area_km2":2.5}},{"type":"Feature","geometry":{"type":"Polygon","coordinates":[[[0.71314,5.87341],[0.69888,5.87341],[0.69888,5.88767],[0.71314,5.88767],[0.71314,5.87341]]]},"properties":{"region":"Volta","district":"South Tongu","floods_1m":1,"floods_2m":1,"floods_3m":1,"first_flood_m":1,"nests":true,"area_km2":2.501}},{"type":"Feature","geometry":{"type":"Polygon","coordinates":[[[0.61333,5.88767],[0.61202,5.88767],[0.61173,5.89061],[0.61096,5.89357],[0.60709,5.90124],[0.60689,5.90193],[0.61333,5.90193],[0.61333,5.88767]]]},"properties":{"region":"Volta","district":"South Tongu","floods_1m":1,"floods_2m":1,"floods_3m":1,"first_flood_m":1,"nests":true,"area_km2":0.585}},{"type":"Feature","geometry":{"type":"Polygon","coordinates":[[[-3.07949,5.1059],[-3.07949,5.10348],[-3.09375,5.10348],[-3.09375,5.11009],[-3.07949,5.1059]]]},"properties":{"region":"Western","district":"Jomoro","floods_1m":0,"floods_2m":0,"floods_3m":1,"first_flood_m":3,"nests":true,"area_km2":0.793}},{"type":"Feature","geometry":{"type":"Polygon","coordinates":[[[0.64185,5.9447],[0.62759,5.9447],[0.62759,5.95896],[0.64185,5.95896],[0.64185,5.9447]]]},"properties":{"region":"Volta","district":"South Tongu","floods_1m":1,"floods_2m":1,"floods_3m":1,"first_flood_m":1,"nests":true,"area_km2":2.501}},{"type":"Feature","geometry":{"type":"Polygon","coordinates":[[[0.59907,5.93045],[0.59547,5.93045],[0.5935,5.93381],[0.59122,5.93943],[0.58819,5.9447],[0.59907,5.9447],[0.59907,5.93045]]]},"properties":{"region":"Volta","district":"South Tongu","floods_1m":1,"floods_2m":1,"floods_3m":1,"first_flood_m":1,"nests":true,"area_km2":1.26}},{"type":"Feature","geometry":{"type":"Polygon","coordinates":[[[-3.0082,5.08923],[-3.02246,5.08923],[-3.02246,5.10348],[-3.0082,5.10348],[-3.0082,5.08923]]]},"properties":{"region":"Western","district":"Jomoro","floods_1m":0,"floods_2m":1,"floods_3m":1,"first_flood_m":2,"nests":true,"area_km2":2.503}},{"type":"Feature","geometry":{"type":"Polygon","coordinates":[[[0.68462,5.91619],[0.67036,5.91619],[0.67036,5.93045],[0.68462,5.93045],[0.68462,5.91619]]]},"properties":{"region":"Volta","district":"South Tongu","floods_1m":1,"floods_2m":1,"floods_3m":1,"first_flood_m":1,"nests":true,"area_km2":2.501}},{"type":"Feature","geometry":{"type":"Polygon","coordinates":[[[0.68462,5.98748],[0.67036,5.98748],[0.67036,6.00174],[0.68462,6.00174],[0.68462,5.98748]]]},"properties":{"region":"Volta","district":"South Tongu","floods_1m":1,"floods_2m":1,"floods_3m":1,"first_flood_m":1,"nests":true,"area_km2":2.501}},{"type":"Feature","geometry":{"type":"Polygon","coordinates":[[[0.62759,5.8449],[0.62608,5.8449],[0.62461,5.84781],[0.62162,5.85282],[0.62034,5.8554],[0.61951,5.85834],[0.61936,5.85916],[0.62759,5.85916],[0.62759,5.8449]]]},"properties":{"region":"Volta","district":"South Tongu","floods_1m":1,"floods_2m":1,"floods_3m":1,"first_flood_m":1,"nests":true,"area_km2":0.925}},{"type":"Feature","geometry":{"type":"Polygon","coordinates":[[[0.32817,5.78787],[0.31391,5.78787],[0.31391,5.7892],[0.31391,5.80212],[0.32817,5.80212],[0.32817,5.7892],[0.32817,5.78787]]]},"properties":{"region":"Greater Accra","district":"Dangbe East","floods_1m":1,"floods_2m":1,"floods_3m":1,"first_flood_m":1,"nests":true,"area_km2":2.5}},{"type":"Feature","geometry":{"type":"Polygon","coordinates":[[[-2.25252,4.93239],[-2.26678,4.93239],[-2.26678,4.94665],[-2.25252,4.94665],[-2.25252,4.93239]]]},"properties":{"region":"Western","district":"Nzema East","floods_1m":0,"floods_2m":0,"floods_3m":1,"first_flood_m":3,"nests":true,"area_km2":2.505}},{"type":"Feature","geometry":{"type":"Polygon","coordinates":[[[0.57056,6.01599],[0.5563,6.01599],[0.5563,6.01613],[0.55778,6.0187],[0.56,6.02432],[0.56341,6.03025],[0.57056,6.03025],[0.57056,6.01599]]]},"properties":{"region":"Volta","district":"South Tongu","floods_1m":1,"floods_2m":1,"floods_3m":1,"first_flood_m":1,"nests":true,"area_km2":1.904}},{"type":"Feature","geometry":{"type":"Polygon","coordinates":[[[0.72739,5.86335],[0.72692,5.86276],[0.72593,5.86087],[0.72544,5.85916],[0.71314,5.85916],[0.71314,5.87341],[0.72739,5.87341],[0.72739,5.86335]]]},"properties":{"region":"Volta","district":"South Tongu","floods_1m":1,"floods_2m":1,"floods_3m":1,"first_flood_m":1,"nests":true,"area_km2":2.438}},{"type":"Feature","geometry":{"type":"Polygon","coordinates":[[[-2.76581,5.10584],[-2.76581,5.10348],[-2.78007,5.10348],[-2.78007,5.11116],[-2.76977,5.10987],[-2.76581,5.10584]]]},"properties":{"region":"Western","district":"Jomoro","floods_1m":0,"floods_2m":1,"floods_3m":1,"first_flood_m":2,"nests":true,"area_km2":1.106}},{"type":"Feature","geometry":{"type":"Polygon","coordinates":[[[0.74165,6.02507],[0.73957,6.02208],[0.73804,6.02061],[0.73631,6.01941],[0.7308,6.01696],[0.7292,6.01599],[0.72739,6.01599],[0.72739,6.03025],[0.74165,6.03025],[0.74165,6.02507]]]},"properties":{"region":"Volta","district":"South Tongu","floods_1m":1,"floods_2m":1,"floods_3m":1,"first_flood_m":1,"nests":true,"area_km2":1.962}},{"type":"Feature","geometry":{"type":"Polygon","coordinates":[[[0.62759,5.98748],[0.61333,5.98748],[0.61333,6.00174],[0.62759,6.00174],[0.62759,5.98748]]]},"properties":{"region":"Volta","district":"South Tongu","floods_1m":1,"floods_2m":1,"floods_3m":1,"first_flood_m":1,"nests":true,"area_km2":2.501}},{"type":"Feature","geometry":{"type":"Polygon","coordinates":[[[0.71097,5.79848],[0.70893,5.7992],[0.7029,5.80157],[0.70173,5.80212],[0.71125,5.80212],[0.71125,5.79903],[0.71097,5.79903],[0.71097,5.79848]]]},"properties":{"region":"Volta","district":"South Tongu","floods_1m":1,"floods_2m":1,"floods_3m":1,"first_flood_m":1,"nests":true,"area_km2":0.226}},{"type":"Feature","geometry":{"type":"Polygon","coordinates":[[[-2.42362,4.9609],[-2.43788,4.9609],[-2.43788,4.97516],[-2.42362,4.97516],[-2.42362,4.9609]]]},"properties":{"region":"Western","district":"Nzema East","floods_1m":1,"floods_2m":1,"floods_3m":1,"first_flood_m":1,"nests":true,"area_km2":2.505}},{"type":"Feature","geometry":{"type":"Polygon","coordinates":[[[-2.5662,4.98125],[-2.56625,4.98125],[-2.56625,4.98153],[-2.56653,4.98153],[-2.56653,4.98125],[-2.56708,4.98125],[-2.56708,4.98153],[-2.56792,4.98153],[-2.56792,4.9818],[-2.57208,4.98181],[-2.57208,4.98208],[-2.57264,4.98208],[-2.57264,4.98236],[-2.57375,4.98236],[-2.57375,4.98264],[-2.57431,4.98264],[-2.57431,4.98292],[-2.57486,4.98292],[-2.57486,4.98319],[-2.57597,4.98319],[-2.57597,4.98347],[-2.57681,4.98347],[-2.57681,4.98375],[-2.57958,4.98375],[-2.57958,4.98403],[-2.58014,4.98403],[-2.58014,4.9843],[-2.58046,4.9843],[-2.58046,4.98942],[-2.5662,4.98942],[-2.5662,4.98125]]]},"properties":{"region":"Western","district":"Jomoro","floods_1m":1,"floods_2m":1,"floods_3m":1,"first_flood_m":1,"nests":true,"area_km2":1.195}},{"type":"Feature","geometry":{"type":"Polygon","coordinates":[[[0.73207,5.9447],[0.72739,5.9447],[0.72739,5.95008],[0.73207,5.9447]]]},"properties":{"region":"Volta","district":"South Tongu","floods_1m":1,"floods_2m":1,"floods_3m":1,"first_flood_m":1,"nests":true,"area_km2":0.155}},{"type":"Feature","geometry":{"type":"Polygon","coordinates":[[[0.68462,5.93045],[0.67036,5.93045],[0.67036,5.9447],[0.68462,5.9447],[0.68462,5.93045]]]},"properties":{"region":"Volta","district":"South Tongu","floods_1m":1,"floods_2m":1,"floods_3m":1,"first_flood_m":1,"nests":true,"area_km2":2.499}},{"type":"Feature","geometry":{"type":"Polygon","coordinates":[[[0.5563,5.9735],[0.54204,5.98176],[0.54204,5.98748],[0.5563,5.98748],[0.5563,5.9735]]]},"properties":{"region":"Volta","district":"South Tongu","floods_1m":1,"floods_2m":1,"floods_3m":1,"first_flood_m":1,"nests":true,"area_km2":1.727}},{"type":"Feature","geometry":{"type":"Polygon","coordinates":[[[0.68462,5.8449],[0.67036,5.8449],[0.67036,5.85916],[0.68462,5.85916],[0.68462,5.8449]]]},"properties":{"region":"Volta","district":"South Tongu","floods_1m":1,"floods_2m":1,"floods_3m":1,"first_flood_m":1,"nests":true,"area_km2":2.501}},{"type":"Feature","geometry":{"type":"Polygon","coordinates":[[[-2.76581,5.03219],[-2.78007,5.03219],[-2.78007,5.04645],[-2.76581,5.04645],[-2.76581,5.03219]]]},"properties":{"region":"Western","district":"Jomoro","floods_1m":0,"floods_2m":0,"floods_3m":1,"first_flood_m":3,"nests":true,"area_km2":2.505}},{"type":"Feature","geometry":{"type":"Polygon","coordinates":[[[0.57056,6.00174],[0.5563,6.00174],[0.5563,6.01599],[0.57056,6.01599],[0.57056,6.00174]]]},"properties":{"region":"Volta","district":"South Tongu","floods_1m":1,"floods_2m":1,"floods_3m":1,"first_flood_m":1,"nests":true,"area_km2":2.499}},{"type":"Feature","geometry":{"type":"Polygon","coordinates":[[[0.71528,5.97322],[0.71314,5.97322],[0.71314,5.97686],[0.71528,5.97322]]]},"properties":{"region":"Volta","district":"South Tongu","floods_1m":1,"floods_2m":1,"floods_3m":1,"first_flood_m":1,"nests":true,"area_km2":0.048}},{"type":"Feature","geometry":{"type":"Polygon","coordinates":[[[0.32175,6.01599],[0.31391,6.01599],[0.31391,6.03025],[0.31984,6.03025],[0.31991,6.03011],[0.32073,6.02797],[0.32142,6.02459],[0.32173,6.02107],[0.32175,6.01599]]]},"properties":{"region":"Greater Accra","district":"Dangbe East","floods_1m":0,"floods_2m":1,"floods_3m":1,"first_flood_m":2,"nests":true,"area_km2":1.298}},{"type":"Feature","geometry":{"type":"Polygon","coordinates":[[[0.64185,6.00174],[0.62759,6.00174],[0.62759,6.01599],[0.64185,6.01599],[0.64185,6.00174]]]},"properties":{"region":"Volta","district":"South Tongu","floods_1m":1,"floods_2m":1,"floods_3m":1,"first_flood_m":1,"nests":true,"area_km2":2.499}},{"type":"Feature","geometry":{"type":"Polygon","coordinates":[[[-2.25252,4.88961],[-2.26097,4.88961],[-2.26097,4.88986],[-2.26208,4.88986],[-2.26208,4.89014],[-2.26347,4.89014],[-2.26347,4.89042],[-2.26514,4.89042],[-2.26514,4.89069],[-2.26542,4.89069],[-2.26542,4.89097],[-2.26597,4.89097],[-2.26597,4.89125],[-2.26678,4.89125],[-2.26678,4.90387],[-2.25252,4.90387],[-2.25252,4.88961]]]},"properties":{"region":"Western","district":"Nzema East","floods_1m":0,"floods_2m":0,"floods_3m":1,"first_flood_m":3,"nests":true,"area_km2":2.447}},{"type":"Feature","geometry":{"type":"Polygon","coordinates":[[[-2.87988,5.06071],[-2.89413,5.06071],[-2.89413,5.07497],[-2.87988,5.07497],[-2.87988,5.06071]]]},"properties":{"region":"Western","district":"Jomoro","floods_1m":0,"floods_2m":0,"floods_3m":1,"first_flood_m":3,"nests":true,"area_km2":2.503}},{"type":"Feature","geometry":{"type":"Polygon","coordinates":[[[0.71314,5.80653],[0.71292,5.80653],[0.71292,5.80625],[0.71264,5.80625],[0.71264,5.80597],[0.71236,5.80597],[0.71236,5.80542],[0.71208,5.80542],[0.71208,5.80514],[0.71181,5.80514],[0.71181,5.80403],[0.71153,5.80403],[0.71153,5.80319],[0.71125,5.80319],[0.71125,5.80212],[0.70173,5.80212],[0.70011,5.8029],[0.69888,5.80368],[0.69888,5.81638],[0.71314,5.81638],[0.71314,5.80653]]]},"properties":{"region":"Volta","district":"South Tongu","floods_1m":1,"floods_2m":1,"floods_3m":1,"first_flood_m":1,"nests":true,"area_km2":2.405}},{"type":"Feature","geometry":{"type":"Polygon","coordinates":[[[0.75058,5.88767],[0.74165,5.88767],[0.74165,5.90193],[0.75103,5.90193],[0.751,5.89411],[0.75058,5.88767]]]},"properties":{"region":"Volta","district":"South Tongu","floods_1m":1,"floods_2m":1,"floods_3m":1,"first_flood_m":1,"nests":true,"area_km2":1.625}},{"type":"Feature","geometry":{"type":"Polygon","coordinates":[[[0.6561,5.97322],[0.64185,5.97322],[0.64185,5.98748],[0.6561,5.98748],[0.6561,5.97322]]]},"properties":{"region":"Volta","district":"South Tongu","floods_1m":1,"floods_2m":1,"floods_3m":1,"first_flood_m":1,"nests":true,"area_km2":2.499}},{"type":"Feature","geometry":{"type":"Polygon","coordinates":[[[0.67036,5.9447],[0.6561,5.9447],[0.6561,5.95896],[0.67036,5.95896],[0.67036,5.9447]]]},"properties":{"region":"Volta","district":"South Tongu","floods_1m":1,"floods_2m":1,"floods_3m":1,"first_flood_m":1,"nests":true,"area_km2":2.501}},{"type":"Feature","geometry":{"type":"Polygon","coordinates":[[[0.57056,5.96506],[0.56623,5.96713],[0.55745,5.97283],[0.55678,5.97322],[0.57056,5.97322],[0.57056,5.96506]]]},"properties":{"region":"Volta","district":"South Tongu","floods_1m":1,"floods_2m":1,"floods_3m":1,"first_flood_m":1,"nests":true,"area_km2":0.731}},{"type":"Feature","geometry":{"type":"Polygon","coordinates":[[[-2.52343,4.98942],[-2.53745,4.98942],[-2.53585,4.993],[-2.5348,4.99758],[-2.5344,5.00368],[-2.52343,5.00368],[-2.52343,4.98942]]]},"properties":{"region":"Western","district":"Nzema East","floods_1m":1,"floods_2m":1,"floods_3m":1,"first_flood_m":1,"nests":true,"area_km2":2.093}},{"type":"Feature","geometry":{"type":"Polygon","coordinates":[[[-2.38085,4.94665],[-2.3951,4.94665],[-2.3951,4.9609],[-2.38085,4.9609],[-2.38085,4.94665]]]},"properties":{"region":"Western","district":"Nzema East","floods_1m":1,"floods_2m":1,"floods_3m":1,"first_flood_m":1,"nests":true,"area_km2":2.501}},{"type":"Feature","geometry":{"type":"Polygon","coordinates":[[[0.64185,6.01599],[0.62759,6.01599],[0.62759,6.03025],[0.64185,6.03025],[0.64185,6.01599]]]},"properties":{"region":"Volta","district":"South Tongu","floods_1m":0,"floods_2m":1,"floods_3m":1,"first_flood_m":2,"nests":true,"area_km2":2.5}},{"type":"Feature","geometry":{"type":"Polygon","coordinates":[[[0.68462,5.87341],[0.67036,5.87341],[0.67036,5.88767],[0.68462,5.88767],[0.68462,5.87341]]]},"properties":{"region":"Volta","district":"South Tongu","floods_1m":1,"floods_2m":1,"floods_3m":1,"first_flood_m":1,"nests":true,"area_km2":2.501}},{"type":"Feature","geometry":{"type":"Polygon","coordinates":[[[-2.22401,4.91813],[-2.23827,4.91813],[-2.23827,4.93239],[-2.22401,4.93239],[-2.22401,4.91813]]]},"properties":{"region":"Western","district":"Nzema East","floods_1m":0,"floods_2m":1,"floods_3m":1,"first_flood_m":2,"nests":true,"area_km2":2.505}},{"type":"Feature","geometry":{"type":"Polygon","coordinates":[[[0.64185,5.87341],[0.62759,5.87341],[0.62759,5.88767],[0.64185,5.88767],[0.64185,5.87341]]]},"properties":{"region":"Volta","district":"South Tongu","floods_1m":1,"floods_2m":1,"floods_3m":1,"first_flood_m":1,"nests":true,"area_km2":2.501}},{"type":"Feature","geometry":{"type":"Polygon","coordinates":[[[0.69888,5.8449],[0.68462,5.8449],[0.68462,5.85916],[0.69888,5.85916],[0.69888,5.8449]]]},"properties":{"region":"Volta","district":"South Tongu","floods_1m":1,"floods_2m":1,"floods_3m":1,"first_flood_m":1,"nests":true,"area_km2":2.501}},{"type":"Feature","geometry":{"type":"Polygon","coordinates":[[[-2.18123,4.88961],[-2.19549,4.88961],[-2.19549,4.90387],[-2.18123,4.90387],[-2.18123,4.88961]]]},"properties":{"region":"Western","district":"Nzema East","floods_1m":0,"floods_2m":0,"floods_3m":1,"first_flood_m":3,"nests":true,"area_km2":2.505}},{"type":"Feature","geometry":{"type":"Polygon","coordinates":[[[0.67036,5.90193],[0.6561,5.90193],[0.6561,5.91619],[0.67036,5.91619],[0.67036,5.90193]]]},"properties":{"region":"Volta","district":"South Tongu","floods_1m":1,"floods_2m":1,"floods_3m":1,"first_flood_m":1,"nests":true,"area_km2":2.501}},{"type":"Feature","geometry":{"type":"Polygon","coordinates":[[[0.71314,6.00174],[0.69888,6.00174],[0.69888,6.01599],[0.71314,6.01599],[0.71314,6.00174]]]},"properties":{"region":"Volta","district":"South Tongu","floods_1m":1,"floods_2m":1,"floods_3m":1,"first_flood_m":1,"nests":true,"area_km2":2.499}},{"type":"Feature","geometry":{"type":"Polygon","coordinates":[[[0.25688,5.95896],[0.24262,5.95896],[0.24262,5.97322],[0.25688,5.97322],[0.25688,5.95896]]]},"properties":{"region":"Greater Accra","district":"Dangbe East","floods_1m":1,"floods_2m":1,"floods_3m":1,"first_flood_m":1,"nests":true,"area_km2":2.501}},{"type":"Feature","geometry":{"type":"Polygon","coordinates":[[[0.72739,5.93045],[0.71314,5.93045],[0.71314,5.9447],[0.72739,5.9447],[0.72739,5.93045]]]},"properties":{"region":"Volta","district":"South Tongu","floods_1m":1,"floods_2m":1,"floods_3m":1,"first_flood_m":1,"nests":true,"area_km2":2.497}},{"type":"Feature","geometry":{"type":"Polygon","coordinates":[[[0.74165,5.90193],[0.72739,5.90193],[0.72739,5.91619],[0.74165,5.91619],[0.74165,5.90193]]]},"properties":{"region":"Volta","district":"South Tongu","floods_1m":1,"floods_2m":1,"floods_3m":1,"first_flood_m":1,"nests":true,"area_km2":2.501}},{"type":"Feature","geometry":{"type":"Polygon","coordinates":[[[0.61333,6.07303],[0.59907,6.07303],[0.59907,6.07762],[0.60176,6.07984],[0.60584,6.08229],[0.61077,6.08466],[0.61333,6.08617],[0.61333,6.07303]]]},"properties":{"region":"Volta","district":"South Tongu","floods_1m":1,"floods_2m":1,"floods_3m":1,"first_flood_m":1,"nests":true,"area_km2":1.615}},{"type":"Feature","geometry":{"type":"Polygon","coordinates":[[[0.61333,5.95896],[0.59907,5.95896],[0.59907,5.97322],[0.61333,5.97322],[0.61333,5.95896]]]},"properties":{"region":"Volta","district":"South Tongu","floods_1m":1,"floods_2m":1,"floods_3m":1,"first_flood_m":1,"nests":true,"area_km2":2.501}},{"type":"Feature","geometry":{"type":"Polygon","coordinates":[[[0.27114,5.77361],[0.25688,5.77361],[0.25688,5.78787],[0.27114,5.78787],[0.27114,5.77361]]]},"properties":{"region":"Greater Accra","district":"Dangbe East","floods_1m":1,"floods_2m":1,"floods_3m":1,"first_flood_m":1,"nests":true,"area_km2":2.501}},{"type":"Feature","geometry":{"type":"Polygon","coordinates":[[[0.71314,5.91619],[0.69888,5.91619],[0.69888,5.93045],[0.71314,5.93045],[0.71314,5.91619]]]},"properties":{"region":"Volta","district":"South Tongu","floods_1m":1,"floods_2m":1,"floods_3m":1,"first_flood_m":1,"nests":true,"area_km2":2.501}},{"type":"Feature","geometry":{"type":"Polygon","coordinates":[[[0.62759,5.97322],[0.61333,5.97322],[0.61333,5.98748],[0.62759,5.98748],[0.62759,5.97322]]]},"properties":{"region":"Volta","district":"South Tongu","floods_1m":1,"floods_2m":1,"floods_3m":1,"first_flood_m":1,"nests":true,"area_km2":2.501}},{"type":"Feature","geometry":{"type":"Polygon","coordinates":[[[0.71314,5.95896],[0.69888,5.95896],[0.69888,5.97322],[0.71314,5.97322],[0.71314,5.95896]]]},"properties":{"region":"Volta","district":"South Tongu","floods_1m":1,"floods_2m":1,"floods_3m":1,"first_flood_m":1,"nests":true,"area_km2":2.501}},{"type":"Feature","geometry":{"type":"Polygon","coordinates":[[[0.64185,5.88767],[0.62759,5.88767],[0.62759,5.90193],[0.64185,5.90193],[0.64185,5.88767]]]},"properties":{"region":"Volta","district":"South Tongu","floods_1m":1,"floods_2m":1,"floods_3m":1,"first_flood_m":1,"nests":true,"area_km2":2.501}},{"type":"Feature","geometry":{"type":"Polygon","coordinates":[[[0.72462,5.83064],[0.71314,5.83064],[0.71314,5.8449],[0.72443,5.8449],[0.72443,5.84345],[0.72462,5.83064]]]},"properties":{"region":"Volta","district":"South Tongu","floods_1m":1,"floods_2m":1,"floods_3m":1,"first_flood_m":1,"nests":true,"area_km2":1.995}},{"type":"Feature","geometry":{"type":"Polygon","coordinates":[[[0.74165,5.91619],[0.72739,5.91619],[0.72739,5.93045],[0.74165,5.93045],[0.74165,5.91619]]]},"properties":{"region":"Volta","district":"South Tongu","floods_1m":1,"floods_2m":1,"floods_3m":1,"first_flood_m":1,"nests":true,"area_km2":2.501}},{"type":"Feature","geometry":{"type":"Polygon","coordinates":[[[-2.20975,4.91813],[-2.22401,4.91813],[-2.22401,4.93239],[-2.20975,4.93239],[-2.20975,4.91813]]]},"properties":{"region":"Western","district":"Nzema East","floods_1m":1,"floods_2m":1,"floods_3m":1,"first_flood_m":1,"nests":true,"area_km2":2.505}},{"type":"Feature","geometry":{"type":"Polygon","coordinates":[[[-2.46639,4.9618],[-2.46681,4.9618],[-2.46681,4.96153],[-2.46708,4.96153],[-2.46708,4.9618],[-2.46903,4.9618],[-2.46903,4.96208],[-2.47014,4.96208],[-2.47014,4.96236],[-2.47097,4.96236],[-2.47097,4.96264],[-2.47264,4.96264],[-2.47264,4.96292],[-2.47569,4.96292],[-2.47569,4.96319],[-2.47625,4.96319],[-2.47625,4.96347],[-2.4768,4.96347],[-2.4768,4.96375],[-2.47764,4.96375],[-2.47764,4.96403],[-2.47847,4.96403],[-2.47847,4.9643],[-2.48065,4.9643],[-2.48065,4.97516],[-2.46639,4.97516],[-2.46639,4.9618]]]},"properties":{"region":"Western","district":"Nzema East","floods_1m":0,"floods_2m":1,"floods_3m":1,"first_flood_m":2,"nests":true,"area_km2":2.148}},{"type":"Feature","geometry":{"type":"Polygon","coordinates":[[[-2.19549,4.91813],[-2.20975,4.91813],[-2.20975,4.93239],[-2.19549,4.93239],[-2.19549,4.91813]]]},"properties":{"region":"Western","district":"Nzema East","floods_1m":1,"floods_2m":1,"floods_3m":1,"first_flood_m":1,"nests":true,"area_km2":2.505}},{"type":"Feature","geometry":{"type":"Polygon","coordinates":[[[-2.40936,4.97516],[-2.42362,4.97516],[-2.42362,4.98942],[-2.40936,4.98942],[-2.40936,4.97516]]]},"properties":{"region":"Western","district":"Nzema East","floods_1m":1,"floods_2m":1,"floods_3m":1,"first_flood_m":1,"nests":true,"area_km2":2.505}},{"type":"Feature","geometry":{"type":"Polygon","coordinates":[[[-1.61092,5.06071],[-1.62517,5.06071],[-1.62517,5.07497],[-1.61092,5.07497],[-1.61092,5.06071]]]},"properties":{"region":"Western","district":"Shama Ahanta East","floods_1m":1,"floods_2m":1,"floods_3m":1,"first_flood_m":1,"nests":true,"area_km2":2.503}},{"type":"Feature","geometry":{"type":"Polygon","coordinates":[[[-1.78201,4.89623],[-1.7859,4.90078],[-1.78746,4.90322],[-1.78773,4.90387],[-1.78201,4.90387],[-1.78201,4.89623]]]},"properties":{"region":"Western","district":"Shama Ahanta East","floods_1m":0,"floods_2m":1,"floods_3m":1,"first_flood_m":2,"nests":true,"area_km2":0.294}},{"type":"Feature","geometry":{"type":"MultiPolygon","coordinates":[[[[-1.73924,4.88125],[-1.73924,4.88042],[-1.73986,4.88042],[-1.73986,4.88069],[-1.74486,4.88069],[-1.74486,4.88097],[-1.74597,4.88097],[-1.74597,4.88069],[-1.74653,4.88069],[-1.74653,4.88042],[-1.74736,4.88042],[-1.74736,4.88014],[-1.74764,4.88014],[-1.74764,4.87986],[-1.7482,4.87986],[-1.7482,4.87958],[-1.74847,4.87958],[-1.74847,4.8793],[-1.74903,4.8793],[-1.74903,4.87903],[-1.7496,4.87903],[-1.75014,4.87903],[-1.75014,4.87875],[-1.75153,4.87875],[-1.75153,4.87847],[-1.75208,4.87847],[-1.75208,4.87819],[-1.75349,4.87819],[-1.75349,4.88961],[-1.74236,4.88961],[-1.74236,4.88931],[-1.74292,4.88931],[-1.74292,4.88958],[-1.74375,4.88958],[-1.74375,4.88875],[-1.74347,4.88875],[-1.74347,4.88847],[-1.74264,4.88847],[-1.74264,4.88819],[-1.74208,4.88819],[-1.74208,4.88764],[-1.74181,4.88764],[-1.74181,4.88708],[-1.74153,4.88708],[-1.74153,4.88597],[-1.74181,4.88597],[-1.74181,4.88625],[-1.74208,4.88625],[-1.74208,4.88653],[-1.74514,4.88653],[-1.74514,4.88681],[-1.74542,4.88681],[-1.74542,4.88708],[-1.74597,4.88708],[-1.74597,4.88681],[-1.7468,4.88681],[-1.7468,4.88653],[-1.74708,4.88653],[-1.74708,4.88458],[-1.74653,4.88458],[-1.74653,4.88403],[-1.74625,4.88403],[-1.74625,4.88375],[-1.74569,4.88375],[-1.74569,4.88347],[-1.74542,4.88347],[-1.74542,4.88319],[-1.74514,4.88319],[-1.74514,4.88264],[-1.74486,4.88264],[-1.74486,4.88236],[-1.74431,4.88236],[-1.74431,4.88208],[-1.74403,4.88208],[-1.74403,4.8818],[-1.74375,4.8818],[-1.74375,4.88153],[-1.74236,4.88153],[-1.74236,4.88125],[-1.73924,4.88125]]],[[[-1.73924,4.88597],[-1.74014,4.88597],[-1.74014,4.88625],[-1.74042,4.88625],[-1.74042,4.88708],[-1.73958,4.88708],[-1.73958,4.88736],[-1.73931,4.88736],[-1.73931,4.88764],[-1.73924,4.88764],[-1.73924,4.88597]]]]},"properties":{"region":"Western","district":"Shama Ahanta East","floods_1m":1,"floods_2m":1,"floods_3m":1,"first_flood_m":1,"nests":true,"area_km2":1.165}},{"type":"Feature","geometry":{"type":"Polygon","coordinates":[[[-1.62517,5.08923],[-1.63943,5.08923],[-1.63943,5.10348],[-1.62517,5.10348],[-1.62517,5.08923]]]},"properties":{"region":"Western","district":"Shama Ahanta East","floods_1m":0,"floods_2m":1,"floods_3m":1,"first_flood_m":2,"nests":true,"area_km2":2.503}},{"type":"Feature","geometry":{"type":"MultiPolygon","coordinates":[[[[-1.73924,4.88597],[-1.73924,4.88764],[-1.73847,4.88764],[-1.73847,4.88708],[-1.73792,4.88708],[-1.73792,4.88736],[-1.73764,4.88736],[-1.73764,4.88764],[-1.73681,4.88764],[-1.73681,4.88736],[-1.73653,4.88736],[-1.73653,4.88708],[-1.73569,4.88708],[-1.73569,4.88681],[-1.73542,4.88681],[-1.73542,4.88653],[-1.73597,4.88653],[-1.73597,4.88625],[-1.73653,4.88625],[-1.73653,4.88597],[-1.73924,4.88597]]],[[[-1.73924,4.88042],[-1.73924,4.88125],[-1.73708,4.88125],[-1.73708,4.88153],[-1.73597,4.88153],[-1.73597,4.8818],[-1.73542,4.8818],[-1.73542,4.88208],[-1.73514,4.88208],[-1.73514,4.88236],[-1.73486,4.88236],[-1.73486,4.88264],[-1.73458,4.88264],[-1.73458,4.88347],[-1.73431,4.88347],[-1.73431,4.88514],[-1.73403,4.88514],[-1.73403,4.88653],[-1.73375,4.88653],[-1.73375,4.88708],[-1.73319,4.88708],[-1.73319,4.88653],[-1.73347,4.88653],[-1.73347,4.88514],[-1.73375,4.88514],[-1.73375,4.88375],[-1.73403,4.88375],[-1.73403,4.88264],[-1.73431,4.88264],[-1.73431,4.88208],[-1.73458,4.88208],[-1.73458,4.8818],[-1.73486,4.8818],[-1.73486,4.88153],[-1.73514,4.88153],[-1.73514,4.88125],[-1.73569,4.88125],[-1.73569,4.88097],[-1.73625,4.88097],[-1.73625,4.88069],[-1.73819,4.88069],[-1.73819,4.88042],[-1.73924,4.88042]]]]},"properties":{"region":"Western","district":"Shama Ahanta East","floods_1m":1,"floods_2m":1,"floods_3m":1,"first_flood_m":1,"nests":true,"area_km2":0.132}},{"type":"Feature","geometry":{"type":"Polygon","coordinates":[[[-1.59666,5.04645],[-1.61092,5.04645],[-1.61092,5.06071],[-1.59666,5.06071],[-1.59666,5.04645]]]},"properties":{"region":"Western","district":"Shama Ahanta East","floods_1m":1,"floods_2m":1,"floods_3m":1,"first_flood_m":1,"nests":true,"area_km2":2.504}},{"type":"Feature","geometry":{"type":"Polygon","coordinates":[[[-1.56814,5.03347],[-1.57458,5.03347],[-1.57458,5.03375],[-1.57514,5.03375],[-1.57514,5.03347],[-1.5824,5.03347],[-1.5824,5.04645],[-1.56814,5.04645],[-1.56814,5.03347]]]},"properties":{"region":"Western","district":"Shama Ahanta East","floods_1m":1,"floods_2m":1,"floods_3m":1,"first_flood_m":1,"nests":true,"area_km2":2.278}},{"type":"Feature","geometry":{"type":"Polygon","coordinates":[[[-1.65369,4.98942],[-1.66795,4.98942],[-1.66795,5.00368],[-1.65369,5.00368],[-1.65369,4.98942]]]},"properties":{"region":"Western","district":"Shama Ahanta East","floods_1m":0,"floods_2m":0,"floods_3m":1,"first_flood_m":3,"nests":true,"area_km2":2.505}},{"type":"Feature","geometry":{"type":"Polygon","coordinates":[[[-1.71072,4.93292],[-1.71153,4.93292],[-1.71153,4.93264],[-1.71208,4.93264],[-1.71208,4.93239],[-1.72498,4.93239],[-1.72498,4.94665],[-1.71072,4.94665],[-1.71072,4.93292]]]},"properties":{"region":"Western","district":"Shama Ahanta East","floods_1m":1,"floods_2m":1,"floods_3m":1,"first_flood_m":1,"nests":true,"area_km2":2.498}},{"type":"Feature","geometry":{"type":"Polygon","coordinates":[[[-1.72498,4.92792],[-1.72498,4.93239],[-1.71208,4.93239],[-1.71208,4.93236],[-1.71292,4.93236],[-1.71292,4.93208],[-1.71403,4.93208],[-1.71403,4.93181],[-1.71514,4.93181],[-1.71514,4.93153],[-1.71625,4.93153],[-1.71625,4.93125],[-1.71681,4.93125],[-1.71681,4.93097],[-1.71736,4.93097],[-1.71736,4.9307],[-1.71819,4.9307],[-1.71819,4.93042],[-1.71875,4.93042],[-1.71875,4.93014],[-1.71958,4.93014],[-1.71958,4.92986],[-1.7207,4.92986],[-1.7207,4.92958],[-1.7218,4.92958],[-1.7218,4.92931],[-1.72236,4.92931],[-1.72236,4.92903],[-1.72292,4.92903],[-1.72292,4.92875],[-1.72347,4.92875],[-1.72347,4.92847],[-1.72403,4.92847],[-1.72403,4.9282],[-1.72458,4.9282],[-1.72458,4.92792],[-1.72498,4.92792]]]},"properties":{"region":"Western","district":"Shama Ahanta East","floods_1m":1,"floods_2m":1,"floods_3m":1,"first_flood_m":1,"nests":true,"area_km2":0.315}},{"type":"Feature","geometry":{"type":"Polygon","coordinates":[[[-1.61092,5.08923],[-1.62517,5.08923],[-1.62517,5.10348],[-1.61092,5.10348],[-1.61092,5.08923]]]},"properties":{"region":"Western","district":"Shama Ahanta East","floods_1m":1,"floods_2m":1,"floods_3m":1,"first_flood_m":1,"nests":true,"area_km2":2.501}},{"type":"Feature","geometry":{"type":"Polygon","coordinates":[[[-1.69646,4.9393],[-1.69646,4.93847],[-1.69681,4.93847],[-1.69681,4.93875],[-1.69708,4.93875],[-1.69708,4.93847],[-1.69819,4.93847],[-1.69819,4.93875],[-1.69847,4.93875],[-1.69847,4.93903],[-1.69875,4.93903],[-1.69875,4.9393],[-1.69958,4.9393],[-1.69958,4.93958],[-1.70125,4.93958],[-1.70125,4.93986],[-1.70458,4.93986],[-1.70458,4.93819],[-1.70486,4.93819],[-1.70486,4.93736],[-1.70458,4.93736],[-1.70458,4.9368],[-1.70431,4.9368],[-1.70431,4.93653],[-1.70403,4.93653],[-1.70403,4.93458],[-1.70347,4.93458],[-1.70347,4.93431],[-1.70292,4.93431],[-1.70292,4.93403],[-1.7007,4.93403],[-1.7007,4.93375],[-1.69903,4.93375],[-1.69903,4.93347],[-1.69646,4.93347],[-1.69646,4.93264],[-1.69653,4.93264],[-1.69653,4.93239],[-1.69708,4.93239],[-1.69708,4.93264],[-1.69958,4.93264],[-1.69958,4.93292],[-1.7007,4.93292],[-1.7007,4.9332],[-1.70208,4.9332],[-1.70208,4.93347],[-1.70403,4.93347],[-1.70403,4.93375],[-1.70597,4.93375],[-1.70597,4.93347],[-1.70708,4.93347],[-1.70708,4.9332],[-1.70736,4.9332],[-1.70736,4.93347],[-1.70903,4.93347],[-1.70903,4.93335],[-1.70903,4.93324],[-1.70986,4.9332],[-1.70986,4.93292],[-1.71072,4.93292],[-1.71072,4.94665],[-1.70375,4.94665],[-1.70375,4.94653],[-1.70292,4.94653],[-1.70292,4.94625],[-1.70264,4.94625],[-1.70264,4.94597],[-1.70292,4.94597],[-1.70292,4.94569],[-1.70347,4.94569],[-1.70347,4.94597],[-1.70375,4.94597],[-1.70375,4.94625],[-1.70431,4.94625],[-1.70431,4.94653],[-1.70542,4.94653],[-1.70542,4.94625],[-1.70597,4.94625],[-1.70597,4.94597],[-1.70681,4.94597],[-1.70681,4.94569],[-1.70708,4.94569],[-1.70708,4.94542],[-1.70764,4.94542],[-1.70764,4.94514],[-1.70792,4.94514],[-1.70792,4.94458],[-1.70819,4.94458],[-1.70819,4.94347],[-1.70847,4.94347],[-1.70847,4.94292],[-1.70764,4.94292],[-1.70764,4.94264],[-1.70736,4.94264],[-1.70736,4.94236],[-1.70708,4.94236],[-1.70708,4.94208],[-1.70736,4.94208],[-1.70736,4.94153],[-1.70764,4.94153],[-1.70764,4.94125],[-1.70792,4.94125],[-1.70792,4.94097],[-1.70819,4.94097],[-1.70819,4.93903],[-1.70792,4.93903],[-1.70792,4.93875],[-1.70708,4.93875],[-1.70708,4.93903],[-1.70653,4.93903],[-1.70653,4.9393],[-1.70569,4.9393],[-1.70569,4.93986],[-1.70542,4.93986],[-1.70542,4.94042],[-1.70514,4.94042],[-1.70514,4.94097],[-1.70403,4.94097],[-1.70403,4.94069],[-1.70292,4.94069],[-1.70292,4.94042],[-1.69875,4.94042],[-1.69875,4.94069],[-1.69847,4.94069],[-1.69847,4.94042],[-1.69819,4.94042],[-1.69819,4.94014],[-1.69792,4.94014],[-1.69792,4.93986],[-1.69708,4.93986],[-1.69708,4.93958],[-1.69653,4.93958],[-1.69653,4.9393],[-1.69646,4.9393]]]},"properties":{"region":"Western","district":"Shama Ahanta East","floods_1m":1,"floods_2m":1,"floods_3m":1,"first_flood_m":1,"nests":true,"area_km2":0.94}},{"type":"Feature","geometry":{"type":"Polygon","coordinates":[[[-1.78201,4.90387],[-1.78773,4.90387],[-1.78978,4.90882],[-1.79417,4.91628],[-1.79491,4.91813],[-1.78201,4.91813],[-1.78201,4.90387]]]},"properties":{"region":"Western","district":"Shama Ahanta East","floods_1m":0,"floods_2m":0,"floods_3m":1,"first_flood_m":3,"nests":true,"area_km2":1.613}},{"type":"Feature","geometry":{"type":"Polygon","coordinates":[[[-1.5824,5.07497],[-1.59666,5.07497],[-1.59666,5.08923],[-1.5824,5.08923],[-1.5824,5.07497]]]},"properties":{"region":"Western","district":"Shama Ahanta East","floods_1m":0,"floods_2m":0,"floods_3m":1,"first_flood_m":3,"nests":true,"area_km2":2.504}},{"type":"Feature","geometry":{"type":"Polygon","coordinates":[[[-1.69646,4.9582],[-1.69646,4.9609],[-1.69153,4.9609],[-1.69153,4.96069],[-1.69208,4.96069],[-1.69208,4.96042],[-1.69181,4.96042],[-1.69181,4.96014],[-1.69208,4.96014],[-1.69208,4.95986],[-1.69375,4.95986],[-1.69375,4.95958],[-1.69403,4.95958],[-1.69403,4.9593],[-1.6943,4.9593],[-1.6943,4.95903],[-1.69486,4.95903],[-1.69486,4.95875],[-1.69542,4.95875],[-1.69542,4.95847],[-1.69597,4.95847],[-1.69597,4.9582],[-1.69646,4.9582]]]},"properties":{"region":"Western","district":"Shama Ahanta East","floods_1m":0,"floods_2m":1,"floods_3m":1,"first_flood_m":2,"nests":true,"area_km2":0.094}},{"type":"Feature","geometry":{"type":"MultiPolygon","coordinates":[[[[-1.69646,4.93847],[-1.69646,4.9393],[-1.69625,4.9393],[-1.69625,4.93903],[-1.6957,4.93903],[-1.6957,4.93875],[-1.69542,4.93875],[-1.69542,4.93847],[-1.69514,4.93847],[-1.69514,4.93764],[-1.69542,4.93764],[-1.69542,4.93736],[-1.6957,4.93736],[-1.6957,4.93764],[-1.69597,4.93764],[-1.69597,4.93819],[-1.69625,4.93819],[-1.69625,4.93847],[-1.69646,4.93847]]],[[[-1.69646,4.93264],[-1.69646,4.93347],[-1.6957,4.93347],[-1.6957,4.93375],[-1.69514,4.93375],[-1.69514,4.93403],[-1.69486,4.93403],[-1.69486,4.93458],[-1.69458,4.93458],[-1.69458,4.93486],[-1.6943,4.93486],[-1.6943,4.93542],[-1.69403,4.93542],[-1.69403,4.9357],[-1.69375,4.9357],[-1.69375,4.93597],[-1.69347,4.93597],[-1.69347,4.93653],[-1.69319,4.93653],[-1.69319,4.9368],[-1.69292,4.9368],[-1.69292,4.93736],[-1.69208,4.93736],[-1.69208,4.93708],[-1.69236,4.93708],[-1.69236,4.93653],[-1.69264,4.93653],[-1.69264,4.93597],[-1.69292,4.93597],[-1.69292,4.9357],[-1.69319,4.9357],[-1.69319,4.93514],[-1.69347,4.93514],[-1.69347,4.93486],[-1.69375,4.93486],[-1.69375,4.93458],[-1.69403,4.93458],[-1.69403,4.93403],[-1.6943,4.93403],[-1.6943,4.93375],[-1.69458,4.93375],[-1.69458,4.93347],[-1.69486,4.93347],[-1.69486,4.9332],[-1.69514,4.9332],[-1.69514,4.93292],[-1.69542,4.93292],[-1.69542,4.93264],[-1.69646,4.93264]]]]},"properties":{"region":"Western","district":"Shama Ahanta East","floods_1m":1,"floods_2m":1,"floods_3m":1,"first_flood_m":1,"nests":true,"area_km2":0.072}},{"type":"Feature","geometry":{"type":"Polygon","coordinates":[[[-1.59666,5.03125],[-1.59666,5.03219],[-1.5893,5.03219],[-1.58931,5.03208],[-1.5918,5.03208],[-1.5918,5.03181],[-1.59264,5.03181],[-1.59264,5.03153],[-1.59542,5.03153],[-1.59542,5.03125],[-1.59666,5.03125]]]},"properties":{"region":"Western","district":"Shama Ahanta East","floods_1m":0,"floods_2m":0,"floods_3m":1,"first_flood_m":3,"nests":true,"area_km2":0.044}},{"type":"Feature","geometry":{"type":"Polygon","coordinates":[[[-1.76775,4.88961],[-1.7768,4.88961],[-1.77808,4.89164],[-1.78201,4.89623],[-1.78201,4.90387],[-1.76775,4.90387],[-1.76775,4.88961]]]},"properties":{"region":"Western","district":"Shama Ahanta East","floods_1m":1,"floods_2m":1,"floods_3m":1,"first_flood_m":1,"nests":true,"area_km2":2.28}},{"type":"Feature","geometry":{"type":"Polygon","coordinates":[[[-1.66795,4.96708],[-1.6682,4.96708],[-1.6682,4.9668],[-1.66875,4.9668],[-1.66874,4.96653],[-1.67042,4.96653],[-1.67042,4.96625],[-1.67153,4.96625],[-1.67153,4.96597],[-1.67181,4.96597],[-1.67181,4.96569],[-1.67208,4.96569],[-1.67208,4.96542],[-1.67264,4.96542],[-1.67264,4.96514],[-1.67458,4.96514],[-1.67458,4.96533],[-1.67458,4.96542],[-1.67514,4.96542],[-1.67514,4.96514],[-1.67875,4.96514],[-1.67875,4.96486],[-1.67931,4.96486],[-1.67931,4.96514],[-1.67958,4.96514],[-1.67958,4.96486],[-1.68042,4.96486],[-1.68042,4.96514],[-1.68125,4.96514],[-1.68125,4.96486],[-1.68153,4.96486],[-1.68153,4.96458],[-1.68181,4.96458],[-1.68181,4.9643],[-1.68208,4.9643],[-1.68208,4.96403],[-1.68221,4.96403],[-1.68221,4.97516],[-1.66795,4.97516],[-1.66795,4.96708]]]},"properties":{"region":"Western","district":"Shama Ahanta East","floods_1m":1,"floods_2m":1,"floods_3m":1,"first_flood_m":1,"nests":true,"area_km2":1.703}},{"type":"Feature","geometry":{"type":"Polygon","coordinates":[[[-1.62517,5.02153],[-1.62542,5.02153],[-1.62542,5.02125],[-1.62569,5.02125],[-1.62569,5.02097],[-1.62597,5.02097],[-1.62597,5.02042],[-1.62625,5.02042],[-1.62625,5.02014],[-1.62653,5.02014],[-1.62653,5.01958],[-1.62708,5.01958],[-1.62708,5.01931],[-1.62764,5.01931],[-1.62764,5.01875],[-1.62792,5.01875],[-1.62792,5.01855],[-1.62792,5.01847],[-1.62819,5.01847],[-1.62819,5.01829],[-1.62819,5.01794],[-1.63943,5.01794],[-1.63943,5.03219],[-1.62517,5.03219],[-1.62517,5.02153]]]},"properties":{"region":"Western","district":"Shama Ahanta East","floods_1m":1,"floods_2m":1,"floods_3m":1,"first_flood_m":1,"nests":true,"area_km2":2.429}},{"type":"Feature","geometry":{"type":"Polygon","coordinates":[[[-1.63943,5.03219],[-1.65369,5.03219],[-1.65369,5.04645],[-1.63943,5.04645],[-1.63943,5.03219]]]},"properties":{"region":"Western","district":"Shama Ahanta East","floods_1m":0,"floods_2m":1,"floods_3m":0,"first_flood_m":2,"nests":false,"area_km2":2.505}},{"type":"Feature","geometry":{"type":"Polygon","coordinates":[[[-1.61092,5.03219],[-1.62517,5.03219],[-1.62517,5.04645],[-1.61092,5.04645],[-1.61092,5.03219]]]},"properties":{"region":"Western","district":"Shama Ahanta East","floods_1m":1,"floods_2m":1,"floods_3m":1,"first_flood_m":1,"nests":true,"area_km2":2.503}},{"type":"Feature","geometry":{"type":"Polygon","coordinates":[[[-1.72498,4.92792],[-1.72514,4.92792],[-1.72514,4.92764],[-1.7257,4.92764],[-1.7257,4.92736],[-1.72653,4.92736],[-1.72653,4.92708],[-1.72736,4.92708],[-1.72736,4.92681],[-1.72764,4.92681],[-1.72764,4.92653],[-1.72819,4.92653],[-1.72819,4.92625],[-1.72847,4.92625],[-1.72847,4.92597],[-1.72903,4.92597],[-1.72903,4.92569],[-1.72986,4.92569],[-1.72986,4.92542],[-1.73042,4.92542],[-1.73042,4.92514],[-1.73125,4.92514],[-1.73125,4.92486],[-1.7318,4.92486],[-1.7318,4.92458],[-1.73319,4.92458],[-1.73319,4.92431],[-1.73375,4.92431],[-1.73375,4.92403],[-1.73403,4.92403],[-1.73403,4.92375],[-1.73458,4.92375],[-1.73458,4.92347],[-1.73569,4.92347],[-1.73569,4.92319],[-1.73625,4.92319],[-1.73625,4.92292],[-1.73653,4.92292],[-1.73653,4.92264],[-1.73708,4.92264],[-1.73708,4.92236],[-1.73736,4.92236],[-1.73736,4.92181],[-1.73764,4.92181],[-1.73764,4.92153],[-1.73792,4.92153],[-1.73792,4.92097],[-1.73819,4.92097],[-1.73819,4.92042],[-1.73847,4.92042],[-1.73847,4.92014],[-1.73875,4.92014],[-1.73875,4.91986],[-1.73903,4.91986],[-1.73903,4.91958],[-1.73924,4.91958],[-1.73924,4.93239],[-1.72498,4.93239],[-1.72498,4.92792]]]},"properties":{"region":"Western","district":"Shama Ahanta East","floods_1m":1,"floods_2m":1,"floods_3m":1,"first_flood_m":1,"nests":true,"area_km2":1.381}},{"type":"Feature","geometry":{"type":"Polygon","coordinates":[[[-1.75349,4.91813],[-1.76775,4.91813],[-1.76775,4.93239],[-1.75349,4.93239],[-1.75349,4.91813]]]},"properties":{"region":"Western","district":"Shama Ahanta East","floods_1m":0,"floods_2m":0,"floods_3m":1,"first_flood_m":3,"nests":true,"area_km2":2.505}},{"type":"Feature","geometry":{"type":"Polygon","coordinates":[[[-1.61092,5.10348],[-1.62517,5.10348],[-1.62517,5.11774],[-1.61092,5.11774],[-1.61092,5.10348]]]},"properties":{"region":"Western","district":"Shama Ahanta East","floods_1m":1,"floods_2m":1,"floods_3m":1,"first_flood_m":1,"nests":true,"area_km2":2.503}},{"type":"Feature","geometry":{"type":"Polygon","coordinates":[[[-1.68221,4.96403],[-1.68347,4.96403],[-1.68347,4.96375],[-1.68403,4.96375],[-1.68403,4.96347],[-1.68458,4.96347],[-1.68458,4.96319],[-1.68486,4.96319],[-1.68486,4.96347],[-1.68708,4.96347],[-1.68708,4.96319],[-1.68764,4.96319],[-1.68764,4.96292],[-1.68819,4.96292],[-1.68819,4.96264],[-1.68958,4.96264],[-1.68958,4.96236],[-1.68986,4.96236],[-1.68986,4.96208],[-1.69014,4.96208],[-1.69014,4.9618],[-1.69069,4.9618],[-1.69069,4.96153],[-1.69097,4.96153],[-1.69097,4.96125],[-1.69125,4.96125],[-1.69125,4.96097],[-1.69153,4.96097],[-1.69153,4.9609],[-1.69646,4.9609],[-1.69646,4.97516],[-1.68221,4.97516],[-1.68221,4.96403]]]},"properties":{"region":"Western","district":"Shama Ahanta East","floods_1m":1,"floods_2m":1,"floods_3m":1,"first_flood_m":1,"nests":true,"area_km2":2.261}},{"type":"Feature","geometry":{"type":"Polygon","coordinates":[[[-1.56814,5.04645],[-1.5824,5.04645],[-1.5824,5.06071],[-1.56814,5.06071],[-1.56814,5.04645]]]},"properties":{"region":"Western","district":"Shama Ahanta East","floods_1m":1,"floods_2m":1,"floods_3m":1,"first_flood_m":1,"nests":true,"area_km2":2.504}},{"type":"Feature","geometry":{"type":"Polygon","coordinates":[[[-1.59666,5.08923],[-1.61092,5.08923],[-1.61092,5.10348],[-1.59666,5.10348],[-1.59666,5.08923]]]},"properties":{"region":"Western","district":"Shama Ahanta East","floods_1m":0,"floods_2m":1,"floods_3m":1,"first_flood_m":2,"nests":true,"area_km2":2.503}},{"type":"Feature","geometry":{"type":"Polygon","coordinates":[[[-1.63943,5.08923],[-1.65369,5.08923],[-1.65369,5.0914],[-1.65272,5.09331],[-1.65195,5.09549],[-1.6506,5.10239],[-1.65028,5.10348],[-1.63943,5.10348],[-1.63943,5.08923]]]},"properties":{"region":"Western","district":"Shama Ahanta East","floods_1m":0,"floods_2m":1,"floods_3m":1,"first_flood_m":2,"nests":true,"area_km2":2.206}},{"type":"Feature","geometry":{"type":"Polygon","coordinates":[[[-1.63125,5.00368],[-1.63943,5.00368],[-1.63943,5.01794],[-1.62819,5.01794],[-1.62819,5.01764],[-1.62847,5.01764],[-1.62847,5.01736],[-1.62875,5.01736],[-1.62875,5.01708],[-1.62903,5.01708],[-1.62903,5.01681],[-1.62931,5.01681],[-1.62931,5.01625],[-1.62958,5.01625],[-1.62958,5.0157],[-1.62986,5.0157],[-1.62986,5.01542],[-1.63014,5.01542],[-1.63014,5.01486],[-1.63042,5.01486],[-1.63042,5.01375],[-1.63014,5.01375],[-1.63014,5.01347],[-1.62986,5.01347],[-1.62986,5.0132],[-1.62931,5.0132],[-1.62931,5.01292],[-1.62903,5.01292],[-1.62903,5.01264],[-1.62875,5.01264],[-1.62875,5.01236],[-1.62847,5.01236],[-1.62847,5.01208],[-1.62819,5.01208],[-1.62819,5.01181],[-1.62792,5.01181],[-1.62792,5.01153],[-1.62764,5.01153],[-1.62764,5.00958],[-1.62792,5.00958],[-1.62792,5.00875],[-1.62819,5.00875],[-1.62819,5.00847],[-1.62847,5.00847],[-1.62847,5.00792],[-1.62875,5.00792],[-1.62875,5.00736],[-1.62903,5.00736],[-1.62903,5.00708],[-1.62931,5.00708],[-1.62931,5.00653],[-1.62958,5.00653],[-1.62958,5.00597],[-1.62986,5.00597],[-1.62986,5.00514],[-1.63014,5.00514],[-1.63014,5.00458],[-1.63042,5.00458],[-1.63042,5.00431],[-1.63069,5.00431],[-1.63069,5.00403],[-1.63097,5.00403],[-1.63097,5.00375],[-1.63125,5.00375],[-1.63125,5.00368]]]},"properties":{"region":"Western","district":"Shama Ahanta East","floods_1m":1,"floods_2m":1,"floods_3m":1,"first_flood_m":1,"nests":true,"area_km2":1.812}},{"type":"Feature","geometry":{"type":"Polygon","coordinates":[[[-1.62517,5.03219],[-1.63943,5.03219],[-1.63943,5.04645],[-1.62517,5.04645],[-1.62517,5.03219]]]},"properties":{"region":"Western","district":"Shama Ahanta East","floods_1m":1,"floods_2m":1,"floods_3m":1,"first_flood_m":1,"nests":true,"area_km2":2.505}},{"type":"Feature","geometry":{"type":"MultiPolygon","coordinates":[[[[-1.74375,4.90387],[-1.74319,4.90387],[-1.74319,4.90347],[-1.74375,4.90347],[-1.74375,4.90387]]],[[[-1.74236,4.88961],[-1.75349,4.88961],[-1.75349,4.90387],[-1.74486,4.90387],[-1.74486,4.90375],[-1.74514,4.90375],[-1.74514,4.90347],[-1.74542,4.90347],[-1.74542,4.90319],[-1.74569,4.90319],[-1.74569,4.90264],[-1.74597,4.90264],[-1.74597,4.90208],[-1.74625,4.90208],[-1.74625,4.90125],[-1.74653,4.90125],[-1.74653,4.90042],[-1.7468,4.90042],[-1.7468,4.89986],[-1.74708,4.89986],[-1.74708,4.89903],[-1.74736,4.89903],[-1.74736,4.89847],[-1.74764,4.89847],[-1.74764,4.89708],[-1.74792,4.89708],[-1.74792,4.89486],[-1.74764,4.89486],[-1.74764,4.89458],[-1.74737,4.89458],[-1.74625,4.89458],[-1.74625,4.89431],[-1.74569,4.89431],[-1.74569,4.89403],[-1.74514,4.89403],[-1.74514,4.89375],[-1.74486,4.89375],[-1.74486,4.89236],[-1.74459,4.89236],[-1.74459,4.89181],[-1.74431,4.89181],[-1.74431,4.89097],[-1.74403,4.89097],[-1.74403,4.89042],[-1.74347,4.89042],[-1.74347,4.89069],[-1.74264,4.89069],[-1.74264,4.88986],[-1.74236,4.88986],[-1.74236,4.88961]]]]},"properties":{"region":"Western","district":"Shama Ahanta East","floods_1m":1,"floods_2m":1,"floods_3m":1,"first_flood_m":1,"nests":true,"area_km2":1.308}},{"type":"Feature","geometry":{"type":"Polygon","coordinates":[[[-1.62517,5.06071],[-1.63943,5.06071],[-1.63943,5.07497],[-1.62517,5.07497],[-1.62517,5.06071]]]},"properties":{"region":"Western","district":"Shama Ahanta East","floods_1m":0,"floods_2m":1,"floods_3m":1,"first_flood_m":2,"nests":true,"area_km2":2.504}},{"type":"Feature","geometry":{"type":"Polygon","coordinates":[[[-1.61092,5.04645],[-1.62517,5.04645],[-1.62517,5.06071],[-1.61092,5.06071],[-1.61092,5.04645]]]},"properties":{"region":"Western","district":"Shama Ahanta East","floods_1m":1,"floods_2m":1,"floods_3m":1,"first_flood_m":1,"nests":true,"area_km2":2.503}},{"type":"Feature","geometry":{"type":"Polygon","coordinates":[[[-1.66795,4.98942],[-1.68221,4.98942],[-1.68221,5.00368],[-1.66795,5.00368],[-1.66795,4.98942]]]},"properties":{"region":"Western","district":"Shama Ahanta East","floods_1m":0,"floods_2m":0,"floods_3m":1,"first_flood_m":3,"nests":true,"area_km2":2.505}},{"type":"Feature","geometry":{"type":"Polygon","coordinates":[[[-1.5824,5.04645],[-1.59666,5.04645],[-1.59666,5.06071],[-1.5824,5.06071],[-1.5824,5.04645]]]},"properties":{"region":"Western","district":"Shama Ahanta East","floods_1m":1,"floods_2m":1,"floods_3m":1,"first_flood_m":1,"nests":true,"area_km2":2.504}},{"type":"Feature","geometry":{"type":"Polygon","coordinates":[[[-1.59666,5.03219],[-1.61092,5.03219],[-1.61092,5.04645],[-1.59666,5.04645],[-1.59666,5.03219]]]},"properties":{"region":"Western","district":"Shama Ahanta East","floods_1m":1,"floods_2m":1,"floods_3m":1,"first_flood_m":1,"nests":true,"area_km2":2.505}},{"type":"Feature","geometry":{"type":"Polygon","coordinates":[[[-1.74319,4.90387],[-1.74375,4.90387],[-1.74375,4.90403],[-1.74386,4.90403],[-1.74486,4.90403],[-1.74486,4.90387],[-1.75349,4.90387],[-1.75349,4.91813],[-1.74042,4.91813],[-1.74042,4.91792],[-1.74074,4.91798],[-1.74069,4.91764],[-1.74097,4.91764],[-1.74097,4.91736],[-1.74125,4.91736],[-1.74125,4.91708],[-1.74153,4.91708],[-1.74153,4.91681],[-1.74181,4.91681],[-1.74181,4.91625],[-1.7421,4.91626],[-1.74208,4.91486],[-1.74236,4.91486],[-1.74236,4.91458],[-1.74264,4.91458],[-1.74264,4.91431],[-1.74292,4.91431],[-1.74292,4.91403],[-1.74325,4.91405],[-1.74319,4.91375],[-1.74347,4.91375],[-1.74347,4.91362],[-1.74347,4.91321],[-1.74375,4.9132],[-1.74375,4.91292],[-1.74403,4.91292],[-1.74403,4.91153],[-1.74375,4.91153],[-1.74375,4.91097],[-1.74347,4.91097],[-1.74347,4.9107],[-1.74319,4.9107],[-1.74319,4.91014],[-1.74292,4.91014],[-1.74292,4.90986],[-1.74275,4.90986],[-1.74236,4.90986],[-1.74236,4.90958],[-1.74181,4.90958],[-1.74181,4.90875],[-1.74208,4.90875],[-1.74208,4.90653],[-1.74236,4.90653],[-1.74236,4.90597],[-1.74264,4.90597],[-1.74264,4.90569],[-1.74319,4.90569],[-1.74319,4.90542],[-1.74331,4.90542],[-1.74347,4.90542],[-1.74347,4.905],[-1.74347,4.90486],[-1.74375,4.90486],[-1.74375,4.90458],[-1.74364,4.90458],[-1.74347,4.90458],[-1.74347,4.90403],[-1.74319,4.90403],[-1.74319,4.90387]]]},"properties":{"region":"Western","district":"Shama Ahanta East","floods_1m":1,"floods_2m":1,"floods_3m":1,"first_flood_m":1,"nests":true,"area_km2":1.904}},{"type":"Feature","geometry":{"type":"Polygon","coordinates":[[[-1.63943,4.98014],[-1.63943,4.98942],[-1.63319,4.98942],[-1.63319,4.98931],[-1.63354,4.98934],[-1.63347,4.98875],[-1.63375,4.98875],[-1.63375,4.98847],[-1.63402,4.98851],[-1.63403,4.98819],[-1.63433,4.98819],[-1.63458,4.98819],[-1.63458,4.98792],[-1.63514,4.98792],[-1.63514,4.98764],[-1.63542,4.98764],[-1.63542,4.98736],[-1.63569,4.98736],[-1.63569,4.98625],[-1.63542,4.98625],[-1.63542,4.98569],[-1.63569,4.98569],[-1.63569,4.98542],[-1.63597,4.98542],[-1.63597,4.98486],[-1.63569,4.98486],[-1.63569,4.9843],[-1.63542,4.9843],[-1.63542,4.98403],[-1.63486,4.98403],[-1.63486,4.98375],[-1.63458,4.98375],[-1.63458,4.98292],[-1.63486,4.98292],[-1.63486,4.98264],[-1.63458,4.98264],[-1.63458,4.98181],[-1.63486,4.9818],[-1.63486,4.98097],[-1.63792,4.98097],[-1.63792,4.98069],[-1.63875,4.98069],[-1.63875,4.98042],[-1.63903,4.98042],[-1.63903,4.98014],[-1.63943,4.98014]]]},"properties":{"region":"Western","district":"Shama Ahanta East","floods_1m":1,"floods_2m":1,"floods_3m":1,"first_flood_m":1,"nests":true,"area_km2":0.473}},{"type":"Feature","geometry":{"type":"Polygon","coordinates":[[[-1.62517,5.04645],[-1.63943,5.04645],[-1.63943,5.06071],[-1.62517,5.06071],[-1.62517,5.04645]]]},"properties":{"region":"Western","district":"Shama Ahanta East","floods_1m":1,"floods_2m":1,"floods_3m":1,"first_flood_m":1,"nests":true,"area_km2":2.504}},{"type":"Feature","geometry":{"type":"Polygon","coordinates":[[[-1.59666,5.10348],[-1.61092,5.10348],[-1.61092,5.11774],[-1.59666,5.11774],[-1.59666,5.10348]]]},"properties":{"region":"Western","district":"Shama Ahanta East","floods_1m":1,"floods_2m":1,"floods_3m":1,"first_flood_m":1,"nests":true,"area_km2":2.504}},{"type":"Feature","geometry":{"type":"Polygon","coordinates":[[[-1.72498,4.93239],[-1.73924,4.93239],[-1.73924,4.94665],[-1.72498,4.94665],[-1.72498,4.93239]]]},"properties":{"region":"Western","district":"Shama Ahanta East","floods_1m":0,"floods_2m":0,"floods_3m":1,"first_flood_m":3,"nests":true,"area_km2":2.505}},{"type":"Feature","geometry":{"type":"Polygon","coordinates":[[[-1.65369,4.96931],[-1.65431,4.96931],[-1.65431,4.96903],[-1.65597,4.96903],[-1.65597,4.96875],[-1.65792,4.96875],[-1.65792,4.96847],[-1.65931,4.96847],[-1.65931,4.96819],[-1.66014,4.96819],[-1.66014,4.96792],[-1.66042,4.96792],[-1.66042,4.96764],[-1.66403,4.96764],[-1.66403,4.96736],[-1.66514,4.96736],[-1.66514,4.96708],[-1.66736,4.96708],[-1.66736,4.9668],[-1.66792,4.9668],[-1.66792,4.96708],[-1.66795,4.96708],[-1.66795,4.97516],[-1.65369,4.97516],[-1.65369,4.96931]]]},"properties":{"region":"Western","district":"Shama Ahanta East","floods_1m":1,"floods_2m":1,"floods_3m":1,"first_flood_m":1,"nests":true,"area_km2":1.257}},{"type":"Feature","geometry":{"type":"Polygon","coordinates":[[[-1.61092,5.11774],[-1.62517,5.11774],[-1.62517,5.132],[-1.61092,5.132],[-1.61092,5.11774]]]},"properties":{"region":"Western","district":"Shama Ahanta East","floods_1m":0,"floods_2m":1,"floods_3m":1,"first_flood_m":2,"nests":true,"area_km2":2.502}},{"type":"Feature","geometry":{"type":"Polygon","coordinates":[[[-1.65369,4.96931],[-1.65369,4.97516],[-1.64347,4.97516],[-1.64347,4.97477],[-1.64347,4.97431],[-1.64378,4.97432],[-1.64375,4.97375],[-1.64403,4.97375],[-1.64403,4.97347],[-1.64375,4.97347],[-1.64375,4.97292],[-1.64347,4.97292],[-1.64347,4.97208],[-1.64375,4.97208],[-1.64375,4.97125],[-1.64486,4.97125],[-1.64486,4.97097],[-1.64604,4.97097],[-1.64625,4.97097],[-1.64625,4.97069],[-1.64708,4.97069],[-1.64708,4.97042],[-1.64736,4.97042],[-1.64733,4.97014],[-1.65014,4.97014],[-1.65014,4.96986],[-1.65236,4.96986],[-1.65236,4.96958],[-1.65292,4.96958],[-1.65292,4.96931],[-1.65369,4.96931]]]},"properties":{"region":"Western","district":"Shama Ahanta East","floods_1m":1,"floods_2m":1,"floods_3m":1,"first_flood_m":1,"nests":true,"area_km2":0.603}},{"type":"Feature","geometry":{"type":"Polygon","coordinates":[[[-1.63943,4.98014],[-1.63958,4.98014],[-1.63958,4.97986],[-1.63986,4.97986],[-1.63986,4.97958],[-1.64017,4.9796],[-1.64014,4.97931],[-1.64042,4.97931],[-1.64042,4.97903],[-1.64069,4.97903],[-1.64069,4.97889],[-1.64069,4.9788],[-1.64097,4.97875],[-1.64097,4.97847],[-1.64153,4.97847],[-1.64153,4.97819],[-1.64181,4.97819],[-1.64181,4.97764],[-1.64208,4.97764],[-1.64208,4.97736],[-1.64236,4.97736],[-1.64236,4.97708],[-1.64264,4.97708],[-1.64264,4.97653],[-1.64292,4.97653],[-1.64292,4.97625],[-1.6432,4.97625],[-1.6432,4.97597],[-1.64347,4.97597],[-1.64347,4.97516],[-1.65369,4.97516],[-1.65369,4.98942],[-1.63943,4.98942],[-1.63943,4.98014]]]},"properties":{"region":"Western","district":"Shama Ahanta East","floods_1m":1,"floods_2m":1,"floods_3m":1,"first_flood_m":1,"nests":true,"area_km2":2.357}},{"type":"Feature","geometry":{"type":"Polygon","coordinates":[[[-1.63943,5.00368],[-1.65369,5.00368],[-1.65369,5.01794],[-1.63943,5.01794],[-1.63943,5.00368]]]},"properties":{"region":"Western","district":"Shama Ahanta East","floods_1m":1,"floods_2m":1,"floods_3m":1,"first_flood_m":1,"nests":true,"area_km2":2.505}},{"type":"Feature","geometry":{"type":"Polygon","coordinates":[[[-1.63943,5.06071],[-1.65369,5.06071],[-1.65369,5.07497],[-1.63943,5.07497],[-1.63943,5.06071]]]},"properties":{"region":"Western","district":"Shama Ahanta East","floods_1m":0,"floods_2m":0,"floods_3m":1,"first_flood_m":3,"nests":true,"area_km2":2.504}},{"type":"Feature","geometry":{"type":"Polygon","coordinates":[[[-1.69646,4.9582],[-1.69792,4.9582],[-1.69792,4.95792],[-1.69819,4.95792],[-1.69819,4.95764],[-1.69847,4.95764],[-1.69847,4.95736],[-1.69875,4.95736],[-1.69875,4.95653],[-1.69903,4.95653],[-1.69903,4.95681],[-1.70042,4.95681],[-1.70042,4.95653],[-1.7007,4.95653],[-1.7007,4.95625],[-1.70125,4.95625],[-1.70125,4.95597],[-1.7018,4.95597],[-1.7018,4.9557],[-1.70236,4.9557],[-1.70236,4.95542],[-1.70264,4.95542],[-1.70264,4.95514],[-1.70292,4.95514],[-1.70292,4.95486],[-1.70347,4.95486],[-1.70347,4.95458],[-1.70375,4.95458],[-1.70375,4.95431],[-1.70403,4.95431],[-1.70403,4.95403],[-1.70458,4.95403],[-1.70458,4.95375],[-1.70486,4.95375],[-1.70486,4.95319],[-1.70514,4.95319],[-1.70514,4.95264],[-1.70542,4.95264],[-1.70542,4.95208],[-1.70569,4.95208],[-1.70569,4.95125],[-1.70542,4.95125],[-1.70542,4.95045],[-1.70542,4.95014],[-1.70514,4.95014],[-1.70514,4.94986],[-1.70486,4.94986],[-1.70486,4.94847],[-1.70458,4.94847],[-1.70458,4.94819],[-1.70431,4.94819],[-1.70431,4.94708],[-1.70403,4.94708],[-1.70403,4.94681],[-1.70375,4.94681],[-1.70375,4.94665],[-1.71072,4.94665],[-1.71072,4.9609],[-1.69646,4.9609],[-1.69646,4.9582]]]},"properties":{"region":"Western","district":"Shama Ahanta East","floods_1m":1,"floods_2m":1,"floods_3m":1,"first_flood_m":1,"nests":true,"area_km2":1.497}},{"type":"Feature","geometry":{"type":"Polygon","coordinates":[[[-1.63319,4.98942],[-1.63943,4.98942],[-1.63943,5.00368],[-1.63125,5.00368],[-1.63125,5.00347],[-1.63153,5.00347],[-1.63153,5.00319],[-1.63181,5.00319],[-1.63181,5.00292],[-1.63214,5.00292],[-1.63208,5.00236],[-1.63221,5.00236],[-1.63236,5.00236],[-1.63236,5.0018],[-1.63264,5.00181],[-1.63264,5.00125],[-1.63292,5.00125],[-1.63292,5.00097],[-1.63319,5.00097],[-1.63319,5.00069],[-1.63347,5.00069],[-1.63347,5.00014],[-1.63347,4.99986],[-1.63347,4.99903],[-1.63403,4.99903],[-1.63403,4.99542],[-1.63375,4.99542],[-1.63375,4.99458],[-1.63319,4.99458],[-1.63319,4.99431],[-1.63236,4.99431],[-1.63236,4.99403],[-1.63208,4.99403],[-1.63208,4.99375],[-1.63181,4.99375],[-1.63181,4.99347],[-1.63136,4.99347],[-1.63125,4.99347],[-1.63125,4.9932],[-1.63097,4.9932],[-1.63097,4.99181],[-1.63125,4.99181],[-1.63125,4.99125],[-1.63153,4.99125],[-1.63153,4.99097],[-1.63181,4.99097],[-1.63181,4.99069],[-1.63208,4.99069],[-1.63208,4.99042],[-1.63236,4.99042],[-1.63236,4.99014],[-1.63264,4.99014],[-1.63264,4.98986],[-1.63319,4.98986],[-1.63319,4.98942]]]},"properties":{"region":"Western","district":"Shama Ahanta East","floods_1m":1,"floods_2m":1,"floods_3m":1,"first_flood_m":1,"nests":true,"area_km2":1.169}},{"type":"Feature","geometry":{"type":"Polygon","coordinates":[[[-1.75349,4.87819],[-1.75403,4.87819],[-1.75403,4.87847],[-1.75569,4.87847],[-1.75569,4.87819],[-1.75653,4.87819],[-1.75653,4.87764],[-1.75708,4.87764],[-1.75708,4.87736],[-1.75736,4.87736],[-1.75736,4.87708],[-1.75764,4.87708],[-1.75764,4.87681],[-1.75792,4.87681],[-1.75792,4.87653],[-1.75819,4.87653],[-1.75819,4.87625],[-1.75847,4.87625],[-1.75847,4.87597],[-1.75875,4.87597],[-1.75875,4.8757],[-1.75958,4.8757],[-1.75958,4.87542],[-1.76069,4.87542],[-1.76069,4.8757],[-1.76236,4.8757],[-1.76236,4.87597],[-1.76264,4.87597],[-1.76264,4.87625],[-1.76292,4.87625],[-1.76292,4.87653],[-1.76347,4.87653],[-1.76347,4.87681],[-1.76514,4.87681],[-1.76514,4.87625],[-1.76542,4.87625],[-1.76542,4.8757],[-1.76569,4.8757],[-1.76569,4.87542],[-1.76597,4.87542],[-1.76597,4.87536],[-1.76736,4.87536],[-1.76736,4.8757],[-1.76775,4.8757],[-1.76775,4.88961],[-1.75349,4.88961],[-1.75349,4.87819]]]},"properties":{"region":"Western","district":"Shama Ahanta East","floods_1m":1,"floods_2m":1,"floods_3m":1,"first_flood_m":1,"nests":true,"area_km2":2.289}},{"type":"Feature","geometry":{"type":"Polygon","coordinates":[[[-1.66795,4.97516],[-1.68221,4.97516],[-1.68221,4.98942],[-1.66795,4.98942],[-1.66795,4.97516]]]},"properties":{"region":"Western","district":"Shama Ahanta East","floods_1m":1,"floods_2m":1,"floods_3m":1,"first_flood_m":1,"nests":true,"area_km2":2.505}},{"type":"Feature","geometry":{"type":"Polygon","coordinates":[[[-1.5824,5.03347],[-1.58375,5.03347],[-1.58375,5.03319],[-1.5843,5.03319],[-1.5843,5.03292],[-1.58514,5.03292],[-1.58514,5.03264],[-1.58653,5.03264],[-1.58653,5.03236],[-1.58681,5.03236],[-1.58681,5.03264],[-1.58708,5.03264],[-1.58708,5.03236],[-1.5893,5.03242],[-1.5893,5.03219],[-1.59666,5.03219],[-1.59666,5.04645],[-1.5824,5.04645],[-1.5824,5.03347]]]},"properties":{"region":"Western","district":"Shama Ahanta East","floods_1m":1,"floods_2m":1,"floods_3m":1,"first_flood_m":1,"nests":true,"area_km2":2.454}},{"type":"Feature","geometry":{"type":"Polygon","coordinates":[[[-1.73924,4.91958],[-1.73931,4.91958],[-1.73931,4.91931],[-1.73958,4.91931],[-1.73958,4.91875],[-1.73986,4.91875],[-1.73986,4.91854],[-1.74012,4.91848],[-1.74014,4.91819],[-1.74042,4.9182],[-1.74042,4.91813],[-1.75349,4.91813],[-1.75349,4.93239],[-1.73924,4.93239],[-1.73924,4.91958]]]},"properties":{"region":"Western","district":"Shama Ahanta East","floods_1m":1,"floods_2m":1,"floods_3m":1,"first_flood_m":1,"nests":true,"area_km2":2.494}},{"type":"Feature","geometry":{"type":"Polygon","coordinates":[[[-1.76736,4.87536],[-1.76597,4.87536],[-1.76597,4.87486],[-1.76625,4.87486],[-1.76625,4.87458],[-1.76653,4.87461],[-1.76653,4.87403],[-1.76681,4.87403],[-1.76681,4.87375],[-1.76764,4.87375],[-1.76764,4.87464],[-1.76764,4.87486],[-1.76736,4.87486],[-1.76736,4.87536]]]},"properties":{"region":"Western","district":"Shama Ahanta East","floods_1m":1,"floods_2m":1,"floods_3m":1,"first_flood_m":1,"nests":true,"area_km2":0.024}},{"type":"Feature","geometry":{"type":"Polygon","coordinates":[[[-1.59666,5.03125],[-1.59792,5.03125],[-1.59792,5.03097],[-1.60042,5.03097],[-1.60042,5.03069],[-1.60097,5.03069],[-1.60097,5.03042],[-1.60181,5.03042],[-1.60181,5.03014],[-1.60264,5.03014],[-1.60264,5.02986],[-1.60375,5.02986],[-1.60375,5.02958],[-1.60486,5.02958],[-1.60486,5.02931],[-1.60597,5.02931],[-1.60597,5.02903],[-1.60708,5.02903],[-1.60708,5.02875],[-1.60819,5.02875],[-1.60819,5.02847],[-1.6096,5.0285],[-1.60959,5.02819],[-1.61042,5.02819],[-1.61042,5.02792],[-1.61092,5.02797],[-1.61092,5.03219],[-1.59666,5.03219],[-1.59666,5.03125]]]},"properties":{"region":"Western","district":"Shama Ahanta East","floods_1m":1,"floods_2m":1,"floods_3m":1,"first_flood_m":1,"nests":true,"area_km2":0.43}},{"type":"Feature","geometry":{"type":"Polygon","coordinates":[[[-1.62517,5.07497],[-1.63943,5.07497],[-1.63943,5.08923],[-1.62517,5.08923],[-1.62517,5.07497]]]},"properties":{"region":"Western","district":"Shama Ahanta East","floods_1m":0,"floods_2m":1,"floods_3m":1,"first_flood_m":2,"nests":true,"area_km2":2.504}},{"type":"Feature","geometry":{"type":"Polygon","coordinates":[[[-1.61092,5.07497],[-1.62517,5.07497],[-1.62517,5.08923],[-1.61092,5.08923],[-1.61092,5.07497]]]},"properties":{"region":"Western","district":"Shama Ahanta East","floods_1m":0,"floods_2m":1,"floods_3m":1,"first_flood_m":2,"nests":true,"area_km2":2.503}},{"type":"Feature","geometry":{"type":"Polygon","coordinates":[[[-1.76775,4.8757],[-1.76792,4.8757],[-1.76792,4.87597],[-1.76819,4.87597],[-1.76819,4.87625],[-1.76958,4.87625],[-1.76958,4.87597],[-1.76993,4.87599],[-1.76986,4.87625],[-1.77014,4.87625],[-1.77014,4.87653],[-1.77036,4.87656],[-1.77042,4.87665],[-1.77042,4.87681],[-1.77051,4.87681],[-1.77246,4.87982],[-1.7743,4.8834],[-1.77652,4.88917],[-1.7768,4.88961],[-1.76775,4.88961],[-1.76775,4.8757]]]},"properties":{"region":"Western","district":"Shama Ahanta East","floods_1m":1,"floods_2m":1,"floods_3m":1,"first_flood_m":1,"nests":true,"area_km2":1.0}},{"type":"Feature","geometry":{"type":"Polygon","coordinates":[[[-1.75349,4.90387],[-1.76775,4.90387],[-1.76775,4.91813],[-1.75349,4.91813],[-1.75349,4.90387]]]},"properties":{"region":"Western","district":"Shama Ahanta East","floods_1m":0,"floods_2m":1,"floods_3m":1,"first_flood_m":2,"nests":true,"area_km2":2.505}},{"type":"Feature","geometry":{"type":"Polygon","coordinates":[[[-1.59666,5.07497],[-1.61092,5.07497],[-1.61092,5.08923],[-1.59666,5.08923],[-1.59666,5.07497]]]},"properties":{"region":"Western","district":"Shama Ahanta East","floods_1m":1,"floods_2m":1,"floods_3m":1,"first_flood_m":1,"nests":true,"area_km2":2.504}},{"type":"Feature","geometry":{"type":"Polygon","coordinates":[[[-1.63943,5.01794],[-1.65369,5.01794],[-1.65369,5.03219],[-1.63943,5.03219],[-1.63943,5.01794]]]},"properties":{"region":"Western","district":"Shama Ahanta East","floods_1m":1,"floods_2m":1,"floods_3m":1,"first_flood_m":1,"nests":true,"area_km2":2.503}},{"type":"Feature","geometry":{"type":"Polygon","coordinates":[[[-1.59666,5.06071],[-1.61092,5.06071],[-1.61092,5.07497],[-1.59666,5.07497],[-1.59666,5.06071]]]},"properties":{"region":"Western","district":"Shama Ahanta East","floods_1m":1,"floods_2m":1,"floods_3m":1,"first_flood_m":1,"nests":true,"area_km2":2.504}},{"type":"Feature","geometry":{"type":"Polygon","coordinates":[[[-1.62517,5.11774],[-1.63943,5.11774],[-1.63943,5.12339],[-1.63583,5.12718],[-1.63098,5.132],[-1.62517,5.132],[-1.62517,5.11774]]]},"properties":{"region":"Western","district":"Shama Ahanta East","floods_1m":0,"floods_2m":0,"floods_3m":1,"first_flood_m":3,"nests":true,"area_km2":2.063}},{"type":"Feature","geometry":{"type":"Polygon","coordinates":[[[-1.65369,4.97516],[-1.66795,4.97516],[-1.66795,4.98942],[-1.65369,4.98942],[-1.65369,4.97516]]]},"properties":{"region":"Western","district":"Shama Ahanta East","floods_1m":1,"floods_2m":1,"floods_3m":1,"first_flood_m":1,"nests":true,"area_km2":2.505}},{"type":"Feature","geometry":{"type":"Polygon","coordinates":[[[-1.61092,5.02797],[-1.611,5.02798],[-1.61097,5.02764],[-1.61153,5.02764],[-1.61153,5.02736],[-1.61208,5.02736],[-1.61208,5.02708],[-1.61264,5.02708],[-1.61264,5.02681],[-1.61319,5.02681],[-1.61319,5.02653],[-1.61347,5.02653],[-1.61347,5.02625],[-1.61403,5.02625],[-1.61403,5.02597],[-1.61508,5.02597],[-1.61597,5.02597],[-1.61597,5.02569],[-1.61625,5.02569],[-1.61622,5.02542],[-1.6168,5.02542],[-1.6168,5.02569],[-1.61736,5.02569],[-1.61736,5.02597],[-1.61764,5.02597],[-1.61764,5.02625],[-1.61792,5.02625],[-1.61792,5.02597],[-1.61903,5.02597],[-1.61903,5.02569],[-1.62014,5.02569],[-1.62014,5.02542],[-1.62042,5.02542],[-1.62042,5.02514],[-1.62097,5.02514],[-1.62097,5.02486],[-1.62125,5.02486],[-1.62125,5.02458],[-1.6218,5.02458],[-1.6218,5.02431],[-1.62208,5.02431],[-1.62208,5.02403],[-1.62236,5.02403],[-1.62236,5.02375],[-1.62292,5.02375],[-1.62292,5.02347],[-1.6232,5.02347],[-1.6232,5.02319],[-1.62347,5.02319],[-1.62347,5.02292],[-1.62375,5.02292],[-1.62375,5.02264],[-1.62403,5.02264],[-1.62403,5.02236],[-1.62431,5.02236],[-1.62431,5.02208],[-1.62486,5.02208],[-1.62486,5.02181],[-1.62514,5.02181],[-1.62514,5.02153],[-1.62517,5.02153],[-1.62517,5.03219],[-1.61092,5.03219],[-1.61092,5.02797]]]},"properties":{"region":"Western","district":"Shama Ahanta East","floods_1m":1,"floods_2m":1,"floods_3m":1,"first_flood_m":1,"nests":true,"area_km2":1.205}}]}