{"type":"FeatureCollection","features":[{"type":"Feature","geometry":{"type":"Polygon","coordinates":[[[-11.33486,6.74315],[-11.34127,6.74315],[-11.34912,6.75035],[-11.34912,6.75741],[-11.33486,6.75741],[-11.33486,6.74315]]]},"properties":{"region":"Grand Cape Mount","district":"Garwula","floods_1m":1,"floods_2m":1,"floods_3m":1,"first_flood_m":1,"nests":true}},{"type":"Feature","geometry":{"type":"Polygon","coordinates":[[[-10.02313,5.91619],[-10.03738,5.91619],[-10.03738,5.93045],[-10.02313,5.93045],[-10.02313,5.91619]]]},"properties":{"region":"GrandBassa","district":"District # 3","floods_1m":1,"floods_2m":1,"floods_3m":1,"first_flood_m":1,"nests":true}},{"type":"Feature","geometry":{"type":"Polygon","coordinates":[[[-11.39189,6.83986],[-11.39208,6.83986],[-11.39208,6.84014],[-11.39236,6.84014],[-11.39236,6.84042],[-11.39264,6.84042],[-11.39264,6.84069],[-11.39292,6.84069],[-11.39292,6.84097],[-11.39319,6.84097],[-11.39319,6.84153],[-11.39347,6.84153],[-11.39347,6.84174],[-11.39347,6.84208],[-11.39375,6.84208],[-11.39375,6.84264],[-11.39403,6.84264],[-11.39403,6.84292],[-11.39431,6.84292],[-11.39431,6.84296],[-11.39189,6.84296],[-11.39189,6.83986]]]},"properties":{"region":"Grand Cape Mount","district":"Garwula","floods_1m":1,"floods_2m":1,"floods_3m":1,"first_flood_m":1,"nests":true}},{"type":"Feature","geometry":{"type":"Polygon","coordinates":[[[-11.29209,6.75741],[-11.30634,6.75741],[-11.30634,6.77167],[-11.29209,6.77167],[-11.29209,6.75741]]]},"properties":{"region":"Grand Cape Mount","district":"Garwula","floods_1m":0,"floods_2m":1,"floods_3m":0,"first_flood_m":2,"nests":false}},{"type":"Feature","geometry":{"type":"Polygon","coordinates":[[[-11.27783,6.70038],[-11.28239,6.70038],[-11.29209,6.70414],[-11.29209,6.71464],[-11.27783,6.71464],[-11.27783,6.70038]]]},"properties":{"region":"Grand Cape Mount","district":"Garwula","floods_1m":0,"floods_2m":1,"floods_3m":0,"first_flood_m":2,"nests":false}},{"type":"Feature","geometry":{"type":"Polygon","coordinates":[[[-11.29209,6.80018],[-11.30634,6.80018],[-11.30634,6.81444],[-11.29209,6.81444],[-11.29209,6.80018]]]},"properties":{"region":"Grand Cape Mount","district":"Garwula","floods_1m":0,"floods_2m":1,"floods_3m":0,"first_flood_m":2,"nests":false}},{"type":"Feature","geometry":{"type":"Polygon","coordinates":[[[-10.00887,5.88767],[-10.02313,5.88767],[-10.02313,5.90193],[-10.00887,5.90193],[-10.00887,5.88767]]]},"properties":{"region":"GrandBassa","district":"District # 3","floods_1m":1,"floods_2m":1,"floods_3m":1,"first_flood_m":1,"nests":true}},{"type":"Feature","geometry":{"type":"Polygon","coordinates":[[[-11.09247,6.59236],[-11.09264,6.59236],[-11.09264,6.59264],[-11.09319,6.59264],[-11.09319,6.59292],[-11.09347,6.59292],[-11.09347,6.59319],[-11.09375,6.59319],[-11.09375,6.59347],[-11.09431,6.59347],[-11.09431,6.59319],[-11.09458,6.59319],[-11.09458,6.59347],[-11.09486,6.59347],[-11.09486,6.59375],[-11.09569,6.59375],[-11.09569,6.59403],[-11.09597,6.59403],[-11.09597,6.59458],[-11.09625,6.59458],[-11.09625,6.59486],[-11.09653,6.59486],[-11.09653,6.59514],[-11.09708,6.59514],[-11.09708,6.59542],[-11.09903,6.59542],[-11.09903,6.5957],[-11.09931,6.5957],[-11.09931,6.59597],[-11.10014,6.59597],[-11.10014,6.59625],[-11.10097,6.59625],[-11.10097,6.59653],[-11.10125,6.59653],[-11.10125,6.5968],[-11.10208,6.5968],[-11.10208,6.59708],[-11.10319,6.59708],[-11.10319,6.59764],[-11.10375,6.59764],[-11.10375,6.59792],[-11.10486,6.59792],[-11.10486,6.5982],[-11.10514,6.5982],[-11.10514,6.59847],[-11.10569,6.59847],[-11.10569,6.59875],[-11.10625,6.59875],[-11.10625,6.59903],[-11.10653,6.59903],[-11.10653,6.59931],[-11.10673,6.59931],[-11.10673,6.60057],[-11.09247,6.60057],[-11.09247,6.59236]]]},"properties":{"region":"Grand Cape Mount","district":"Garwula","floods_1m":1,"floods_2m":1,"floods_3m":1,"first_flood_m":1,"nests":true}},{"type":"Feature","geometry":{"type":"Polygon","coordinates":[[[-10.93564,6.51502],[-10.94458,6.51502],[-10.94458,6.51514],[-10.94486,6.51514],[-10.94486,6.51542],[-10.94514,6.51542],[-10.94514,6.5157],[-10.94569,6.5157],[-10.94569,6.51597],[-10.94653,6.51597],[-10.94653,6.51625],[-10.94708,6.51625],[-10.94708,6.51653],[-10.94764,6.51653],[-10.94764,6.51708],[-10.94792,6.51708],[-10.94792,6.51736],[-10.94903,6.51736],[-10.94903,6.51764],[-10.9493,6.51764],[-10.9493,6.5182],[-10.94989,6.5182],[-10.94989,6.52928],[-10.93564,6.52928],[-10.93564,6.51502]]]},"properties":{"region":"Bomi","district":"Klay","floods_1m":1,"floods_2m":1,"floods_3m":1,"first_flood_m":1,"nests":true}},{"type":"Feature","geometry":{"type":"Polygon","coordinates":[[[-11.36338,6.81444],[-11.37569,6.81444],[-11.37569,6.81458],[-11.37597,6.81458],[-11.37597,6.81486],[-11.37625,6.81486],[-11.37625,6.81514],[-11.37653,6.81514],[-11.37653,6.81569],[-11.3768,6.81569],[-11.3768,6.81625],[-11.37708,6.81625],[-11.37708,6.81653],[-11.37736,6.81653],[-11.37736,6.8168],[-11.37763,6.8168],[-11.37763,6.8287],[-11.36338,6.8287],[-11.36338,6.81444]]]},"properties":{"region":"Grand Cape Mount","district":"Garwula","floods_1m":0,"floods_2m":1,"floods_3m":0,"first_flood_m":2,"nests":false}},{"type":"Feature","geometry":{"type":"Polygon","coordinates":[[[-11.36338,6.80018],[-11.36819,6.80018],[-11.36819,6.80042],[-11.36847,6.80042],[-11.36847,6.80069],[-11.36875,6.80069],[-11.36875,6.80097],[-11.36903,6.80097],[-11.36903,6.80125],[-11.36931,6.80125],[-11.36931,6.80153],[-11.36958,6.80153],[-11.36958,6.80208],[-11.36986,6.80208],[-11.36986,6.80319],[-11.37014,6.80319],[-11.37014,6.80347],[-11.37042,6.80347],[-11.37042,6.80403],[-11.37069,6.80403],[-11.37069,6.80486],[-11.37097,6.80486],[-11.37097,6.80514],[-11.37125,6.80514],[-11.37125,6.80542],[-11.37153,6.80542],[-11.37153,6.80625],[-11.37181,6.80625],[-11.37181,6.80681],[-11.37208,6.80681],[-11.37208,6.80708],[-11.37236,6.80708],[-11.37236,6.80764],[-11.37264,6.80764],[-11.37264,6.80847],[-11.37292,6.80847],[-11.37292,6.80903],[-11.37319,6.80903],[-11.37319,6.80958],[-11.37347,6.80958],[-11.37347,6.80986],[-11.37375,6.80986],[-11.37375,6.8107],[-11.37403,6.8107],[-11.37403,6.81181],[-11.37375,6.81181],[-11.37375,6.8132],[-11.37403,6.8132],[-11.37403,6.81347],[-11.37431,6.81347],[-11.37431,6.81375],[-11.37458,6.81375],[-11.37458,6.81403],[-11.37514,6.81403],[-11.37514,6.8143],[-11.37569,6.8143],[-11.37569,6.81444],[-11.36338,6.81444],[-11.36338,6.80018]]]},"properties":{"region":"Grand Cape Mount","district":"Garwula","floods_1m":1,"floods_2m":1,"floods_3m":1,"first_flood_m":1,"nests":true}},{"type":"Feature","geometry":{"type":"Polygon","coordinates":[[[-9.99461,5.85916],[-10.00887,5.85916],[-10.00887,5.87341],[-9.99461,5.87341],[-9.99461,5.85916]]]},"properties":{"region":"GrandBassa","district":"District # 3","floods_1m":0,"floods_2m":1,"floods_3m":0,"first_flood_m":2,"nests":false}},{"type":"Feature","geometry":{"type":"Polygon","coordinates":[[[-9.99461,5.90193],[-10.00887,5.90193],[-10.00887,5.91619],[-9.99461,5.91619],[-9.99461,5.90193]]]},"properties":{"region":"GrandBassa","district":"District # 3","floods_1m":1,"floods_2m":1,"floods_3m":1,"first_flood_m":1,"nests":true}},{"type":"Feature","geometry":{"type":"Polygon","coordinates":[[[-10.00887,5.85916],[-10.02313,5.85916],[-10.02313,5.87341],[-10.00887,5.87341],[-10.00887,5.85916]]]},"properties":{"region":"GrandBassa","district":"District # 3","floods_1m":1,"floods_2m":1,"floods_3m":1,"first_flood_m":1,"nests":true}},{"type":"Feature","geometry":{"type":"Polygon","coordinates":[[[-10.02313,5.83514],[-10.02319,5.83514],[-10.02319,5.83569],[-10.02347,5.83569],[-10.02347,5.83625],[-10.02375,5.83625],[-10.02375,5.83653],[-10.02403,5.83653],[-10.02403,5.83681],[-10.02431,5.83681],[-10.02431,5.83708],[-10.02486,5.83708],[-10.02486,5.83736],[-10.02514,5.83736],[-10.02514,5.83764],[-10.02542,5.83764],[-10.02542,5.83792],[-10.02569,5.83792],[-10.02569,5.83819],[-10.02597,5.83819],[-10.02597,5.83875],[-10.02625,5.83875],[-10.02625,5.83931],[-10.02653,5.83931],[-10.02653,5.83958],[-10.02708,5.83958],[-10.02708,5.83986],[-10.02736,5.83986],[-10.02736,5.84014],[-10.02792,5.84014],[-10.02792,5.84097],[-10.02958,5.84097],[-10.02958,5.84153],[-10.03014,5.84153],[-10.03014,5.84208],[-10.03042,5.84208],[-10.03042,5.84236],[-10.03125,5.84236],[-10.03125,5.84264],[-10.03153,5.84264],[-10.03153,5.84292],[-10.03176,5.84292],[-10.03208,5.84292],[-10.03208,5.84319],[-10.03221,5.84319],[-10.03264,5.84319],[-10.03264,5.84347],[-10.03292,5.84347],[-10.03292,5.84363],[-10.03292,5.84375],[-10.03312,5.84375],[-10.03319,5.84375],[-10.03319,5.84403],[-10.03347,5.84403],[-10.03347,5.84458],[-10.03375,5.84458],[-10.03375,5.84486],[-10.03486,5.84486],[-10.03486,5.8449],[-10.02313,5.8449],[-10.02313,5.83514]]]},"properties":{"region":"GrandBassa","district":"District # 3","floods_1m":1,"floods_2m":1,"floods_3m":1,"first_flood_m":1,"nests":true}},{"type":"Feature","geometry":{"type":"Polygon","coordinates":[[[-10.03738,5.88767],[-10.05164,5.88767],[-10.05164,5.90193],[-10.03738,5.90193],[-10.03738,5.88767]]]},"properties":{"region":"GrandBassa","district":"District # 3","floods_1m":1,"floods_2m":1,"floods_3m":1,"first_flood_m":1,"nests":true}},{"type":"Feature","geometry":{"type":"Polygon","coordinates":[[[-10.02313,5.8449],[-10.03486,5.8449],[-10.03486,5.84514],[-10.03514,5.84514],[-10.03514,5.84542],[-10.0357,5.84542],[-10.0357,5.8457],[-10.03597,5.8457],[-10.03597,5.84597],[-10.03653,5.84597],[-10.03653,5.84625],[-10.03681,5.84625],[-10.03681,5.84681],[-10.03708,5.84681],[-10.03708,5.84708],[-10.03736,5.84708],[-10.03736,5.84736],[-10.03738,5.84736],[-10.03738,5.85916],[-10.02313,5.85916],[-10.02313,5.8449]]]},"properties":{"region":"GrandBassa","district":"District # 3","floods_1m":1,"floods_2m":1,"floods_3m":1,"first_flood_m":1,"nests":true}},{"type":"Feature","geometry":{"type":"Polygon","coordinates":[[[-10.02313,5.87341],[-10.03738,5.87341],[-10.03738,5.88767],[-10.02313,5.88767],[-10.02313,5.87341]]]},"properties":{"region":"GrandBassa","district":"District # 3","floods_1m":1,"floods_2m":1,"floods_3m":1,"first_flood_m":1,"nests":true}},{"type":"Feature","geometry":{"type":"Polygon","coordinates":[[[-9.99461,5.80347],[-9.99486,5.80347],[-9.99486,5.80375],[-9.99514,5.80375],[-9.99514,5.80403],[-9.99597,5.80403],[-9.99597,5.80431],[-9.99708,5.80431],[-9.99708,5.80458],[-9.99764,5.80458],[-9.99764,5.80486],[-9.99819,5.80486],[-9.99819,5.80514],[-9.99875,5.80514],[-9.99875,5.80542],[-9.99931,5.80542],[-9.99931,5.80569],[-9.99958,5.80569],[-9.99958,5.80597],[-9.99986,5.80597],[-10.00042,5.80597],[-10.00042,5.80625],[-10.00069,5.80625],[-10.00069,5.80681],[-10.00125,5.80681],[-10.00125,5.80708],[-10.00153,5.80708],[-10.00153,5.80736],[-10.00208,5.80736],[-10.00208,5.80764],[-10.00264,5.80764],[-10.00264,5.80792],[-10.00319,5.80792],[-10.00319,5.80819],[-10.00375,5.80819],[-10.00375,5.80847],[-10.00403,5.80847],[-10.00403,5.80875],[-10.00458,5.80875],[-10.00458,5.80903],[-10.0057,5.80903],[-10.0057,5.80931],[-10.00625,5.80931],[-10.00625,5.80958],[-10.00653,5.80958],[-10.00653,5.81014],[-10.00681,5.81014],[-10.00681,5.81069],[-10.00708,5.81069],[-10.00708,5.81125],[-10.00736,5.81125],[-10.00736,5.81153],[-10.00708,5.81153],[-10.00708,5.81236],[-10.00736,5.81236],[-10.00736,5.81347],[-10.00708,5.81347],[-10.00708,5.81458],[-10.00736,5.81458],[-10.00736,5.81569],[-10.00764,5.81569],[-10.00764,5.81625],[-10.00792,5.81625],[-10.00792,5.81638],[-9.99461,5.81638],[-9.99461,5.80347]]]},"properties":{"region":"GrandBassa","district":"District # 3","floods_1m":1,"floods_2m":1,"floods_3m":1,"first_flood_m":1,"nests":true}},{"type":"Feature","geometry":{"type":"Polygon","coordinates":[[[-10.05164,5.90193],[-10.06125,5.90193],[-10.06125,5.90208],[-10.0618,5.90208],[-10.0618,5.90236],[-10.06208,5.90236],[-10.06208,5.90264],[-10.06236,5.90264],[-10.06236,5.90292],[-10.06264,5.90292],[-10.06264,5.90319],[-10.06292,5.90319],[-10.06292,5.90347],[-10.0632,5.90347],[-10.0632,5.90375],[-10.06347,5.90375],[-10.06347,5.90403],[-10.06375,5.90403],[-10.06375,5.9043],[-10.06403,5.9043],[-10.06403,5.90458],[-10.06431,5.90458],[-10.06431,5.90486],[-10.06458,5.90486],[-10.06464,5.90514],[-10.05566,5.91619],[-10.05164,5.91619],[-10.05164,5.90193]]]},"properties":{"region":"GrandBassa","district":"District # 3","floods_1m":1,"floods_2m":1,"floods_3m":1,"first_flood_m":1,"nests":true}},{"type":"Feature","geometry":{"type":"Polygon","coordinates":[[[-10.05164,5.88767],[-10.05375,5.88767],[-10.05375,5.88792],[-10.05403,5.88792],[-10.05403,5.89086],[-10.05403,5.89097],[-10.0543,5.89097],[-10.05431,5.89264],[-10.05458,5.89264],[-10.05458,5.89273],[-10.05458,5.89319],[-10.05486,5.89319],[-10.05486,5.89347],[-10.05514,5.89347],[-10.05514,5.89403],[-10.05542,5.89403],[-10.05542,5.89431],[-10.05569,5.89431],[-10.05569,5.89458],[-10.05597,5.89458],[-10.05597,5.89514],[-10.05606,5.89514],[-10.05625,5.89514],[-10.05625,5.89532],[-10.05625,5.8957],[-10.05653,5.8957],[-10.05653,5.89625],[-10.05681,5.89625],[-10.05681,5.89653],[-10.05708,5.89653],[-10.05708,5.89708],[-10.05736,5.89708],[-10.05736,5.89736],[-10.05792,5.89736],[-10.05792,5.89764],[-10.0582,5.89764],[-10.0582,5.89819],[-10.05847,5.89819],[-10.05847,5.89847],[-10.05875,5.89847],[-10.05875,5.89903],[-10.05958,5.89903],[-10.05958,5.90014],[-10.05986,5.90014],[-10.05986,5.90042],[-10.06014,5.90042],[-10.06014,5.90069],[-10.06042,5.90069],[-10.06042,5.90097],[-10.06069,5.90097],[-10.06069,5.90125],[-10.06097,5.90125],[-10.06097,5.9018],[-10.06125,5.9018],[-10.06125,5.90193],[-10.05164,5.90193],[-10.05164,5.88767]]]},"properties":{"region":"GrandBassa","district":"District # 3","floods_1m":1,"floods_2m":1,"floods_3m":1,"first_flood_m":1,"nests":true}},{"type":"Feature","geometry":{"type":"Polygon","coordinates":[[[-9.98035,5.80212],[-9.99264,5.80212],[-9.99264,5.80236],[-9.99319,5.80236],[-9.99319,5.80292],[-9.99403,5.80292],[-9.99403,5.80319],[-9.99431,5.80319],[-9.99431,5.80347],[-9.99461,5.80347],[-9.99461,5.81638],[-9.99194,5.81638],[-9.98035,5.81638],[-9.98035,5.80212]]]},"properties":{"region":"GrandBassa","district":"District # 3","floods_1m":1,"floods_2m":1,"floods_3m":1,"first_flood_m":1,"nests":true}},{"type":"Feature","geometry":{"type":"Polygon","coordinates":[[[-10.05164,5.91619],[-10.05566,5.91619],[-10.05164,5.92113],[-10.05164,5.91619]]]},"properties":{"region":"GrandBassa","district":"District # 3","floods_1m":1,"floods_2m":1,"floods_3m":1,"first_flood_m":1,"nests":true}},{"type":"Feature","geometry":{"type":"Polygon","coordinates":[[[-9.98035,5.79208],[-9.98042,5.79208],[-9.98042,5.79264],[-9.98097,5.79264],[-9.98097,5.79292],[-9.98125,5.79292],[-9.98125,5.79319],[-9.98153,5.79319],[-9.98153,5.79347],[-9.9818,5.79347],[-9.9818,5.79403],[-9.98236,5.79403],[-9.98236,5.7943],[-9.98264,5.7943],[-9.98264,5.79486],[-9.9832,5.79486],[-9.9832,5.79542],[-9.98347,5.79542],[-9.98347,5.79569],[-9.98375,5.79569],[-9.98375,5.79597],[-9.98403,5.79597],[-9.98403,5.79625],[-9.98431,5.79625],[-9.98431,5.7968],[-9.98486,5.7968],[-9.98486,5.79708],[-9.98514,5.79708],[-9.98514,5.79736],[-9.98542,5.79736],[-9.98542,5.79764],[-9.98569,5.79764],[-9.98569,5.79792],[-9.98625,5.79792],[-9.98625,5.79819],[-9.98653,5.79819],[-9.98653,5.79875],[-9.98708,5.79875],[-9.98708,5.79903],[-9.98736,5.79903],[-9.98736,5.7993],[-9.98792,5.7993],[-9.98792,5.79958],[-9.9882,5.79958],[-9.9882,5.79986],[-9.98847,5.79986],[-9.98847,5.80014],[-9.98903,5.80014],[-9.98903,5.80042],[-9.98958,5.80042],[-9.98958,5.80097],[-9.98986,5.80097],[-9.98986,5.80125],[-9.99042,5.80125],[-9.99042,5.80153],[-9.99069,5.80153],[-9.99069,5.80181],[-9.99194,5.80181],[-9.99208,5.80181],[-9.99208,5.80208],[-9.99264,5.80208],[-9.99264,5.80212],[-9.98035,5.80212],[-9.98035,5.79208]]]},"properties":{"region":"GrandBassa","district":"District # 3","floods_1m":1,"floods_2m":1,"floods_3m":1,"first_flood_m":1,"nests":true}},{"type":"Feature","geometry":{"type":"Polygon","coordinates":[[[-9.96609,5.80212],[-9.98035,5.80212],[-9.98035,5.81638],[-9.96609,5.81638],[-9.96609,5.80212]]]},"properties":{"region":"GrandBassa","district":"District # 3","floods_1m":1,"floods_2m":1,"floods_3m":1,"first_flood_m":1,"nests":true}},{"type":"Feature","geometry":{"type":"Polygon","coordinates":[[[-9.96897,5.78486],[-9.96931,5.78486],[-9.96931,5.78514],[-9.96958,5.78514],[-9.96958,5.78542],[-9.96986,5.78542],[-9.96986,5.78569],[-9.97042,5.78569],[-9.97042,5.78597],[-9.97014,5.78597],[-9.97014,5.78681],[-9.96986,5.78681],[-9.96986,5.78708],[-9.96958,5.78708],[-9.96958,5.78787],[-9.96661,5.78787],[-9.96897,5.78486]]]},"properties":{"region":"GrandBassa","district":"District # 3","floods_1m":1,"floods_2m":1,"floods_3m":1,"first_flood_m":1,"nests":true}},{"type":"Feature","geometry":{"type":"Polygon","coordinates":[[[-10.00887,5.87341],[-10.02313,5.87341],[-10.02313,5.88767],[-10.00887,5.88767],[-10.00887,5.87341]]]},"properties":{"region":"GrandBassa","district":"District # 3","floods_1m":0,"floods_2m":1,"floods_3m":0,"first_flood_m":2,"nests":false}},{"type":"Feature","geometry":{"type":"Polygon","coordinates":[[[-10.00887,5.91619],[-10.02313,5.91619],[-10.02313,5.93045],[-10.00887,5.93045],[-10.00887,5.91619]]]},"properties":{"region":"GrandBassa","district":"District # 3","floods_1m":1,"floods_2m":1,"floods_3m":1,"first_flood_m":1,"nests":true}},{"type":"Feature","geometry":{"type":"Polygon","coordinates":[[[-10.05164,5.85916],[-10.05181,5.85916],[-10.05181,5.85931],[-10.05208,5.85931],[-10.05208,5.86042],[-10.05236,5.86042],[-10.05236,5.86097],[-10.05264,5.86097],[-10.05264,5.86153],[-10.05292,5.86153],[-10.05292,5.86181],[-10.05347,5.86181],[-10.05347,5.86208],[-10.05375,5.86208],[-10.05375,5.86236],[-10.05458,5.86236],[-10.05458,5.86264],[-10.05486,5.86264],[-10.05486,5.86319],[-10.05542,5.86319],[-10.05542,5.86292],[-10.05558,5.86292],[-10.05569,5.86292],[-10.05569,5.86302],[-10.05569,5.86319],[-10.05587,5.86319],[-10.05597,5.86319],[-10.05597,5.8633],[-10.05597,5.86347],[-10.05615,5.86347],[-10.05653,5.86347],[-10.05653,5.85986],[-10.05764,5.85986],[-10.05764,5.86042],[-10.05792,5.86042],[-10.05792,5.86125],[-10.0582,5.86125],[-10.0582,5.86153],[-10.05847,5.86153],[-10.05847,5.86181],[-10.0582,5.86181],[-10.0582,5.86375],[-10.05792,5.86375],[-10.05792,5.86431],[-10.0582,5.86431],[-10.0582,5.86486],[-10.05847,5.86486],[-10.05847,5.86542],[-10.05875,5.86542],[-10.05875,5.86569],[-10.05903,5.86569],[-10.05903,5.86625],[-10.0593,5.86625],[-10.0593,5.86681],[-10.05958,5.86681],[-10.05958,5.86736],[-10.06014,5.86736],[-10.06014,5.86764],[-10.06042,5.86764],[-10.06042,5.86792],[-10.06097,5.86792],[-10.06097,5.86819],[-10.06153,5.86819],[-10.06153,5.86847],[-10.06236,5.86847],[-10.06236,5.86875],[-10.0632,5.86875],[-10.0632,5.86903],[-10.06347,5.86903],[-10.06347,5.86958],[-10.06403,5.86958],[-10.06403,5.87014],[-10.06431,5.87014],[-10.06431,5.87042],[-10.06486,5.87042],[-10.06486,5.87153],[-10.06431,5.87153],[-10.06431,5.87125],[-10.06375,5.87125],[-10.06375,5.87097],[-10.06347,5.87097],[-10.06347,5.87042],[-10.0632,5.87042],[-10.0632,5.87014],[-10.06292,5.87014],[-10.06292,5.86986],[-10.06236,5.86986],[-10.06236,5.86958],[-10.06208,5.86958],[-10.06208,5.86931],[-10.06097,5.86931],[-10.06097,5.86903],[-10.06069,5.86903],[-10.06069,5.86875],[-10.06042,5.86875],[-10.06042,5.86847],[-10.05958,5.86847],[-10.05958,5.86875],[-10.05903,5.86875],[-10.05903,5.86931],[-10.05875,5.86931],[-10.05875,5.86958],[-10.05847,5.86958],[-10.05847,5.86986],[-10.05764,5.86986],[-10.05764,5.87042],[-10.05653,5.87042],[-10.05653,5.8707],[-10.05542,5.8707],[-10.05542,5.87097],[-10.05514,5.87097],[-10.05514,5.87125],[-10.05486,5.87125],[-10.05486,5.87153],[-10.05458,5.87153],[-10.05458,5.87341],[-10.05164,5.87341],[-10.05164,5.85916]]]},"properties":{"region":"GrandBassa","district":"District # 3","floods_1m":1,"floods_2m":1,"floods_3m":1,"first_flood_m":1,"nests":true}},{"type":"Feature","geometry":{"type":"Polygon","coordinates":[[[-10.00887,5.93045],[-10.02313,5.93045],[-10.02313,5.9447],[-10.00887,5.9447],[-10.00887,5.93045]]]},"properties":{"region":"GrandBassa","district":"District # 3","floods_1m":1,"floods_2m":1,"floods_3m":1,"first_flood_m":1,"nests":true}},{"type":"Feature","geometry":{"type":"Polygon","coordinates":[[[-10.03738,5.85916],[-10.05164,5.85916],[-10.05164,5.87341],[-10.03738,5.87341],[-10.03738,5.85916]]]},"properties":{"region":"GrandBassa","district":"District # 3","floods_1m":0,"floods_2m":1,"floods_3m":0,"first_flood_m":2,"nests":false}},{"type":"Feature","geometry":{"type":"Polygon","coordinates":[[[-10.03738,5.91619],[-10.05164,5.91619],[-10.05164,5.92113],[-10.04407,5.93045],[-10.03738,5.93045],[-10.03738,5.91619]]]},"properties":{"region":"GrandBassa","district":"District # 3","floods_1m":1,"floods_2m":1,"floods_3m":1,"first_flood_m":1,"nests":true}},{"type":"Feature","geometry":{"type":"Polygon","coordinates":[[[-10.00887,5.83064],[-10.01847,5.83064],[-10.01847,5.83097],[-10.01875,5.83097],[-10.01875,5.83181],[-10.01903,5.83181],[-10.01903,5.83208],[-10.01931,5.83208],[-10.01931,5.83292],[-10.01986,5.83292],[-10.01986,5.83319],[-10.02014,5.83319],[-10.02014,5.83347],[-10.02069,5.83347],[-10.02069,5.83403],[-10.02097,5.83403],[-10.02097,5.83431],[-10.02125,5.83431],[-10.02125,5.83458],[-10.02153,5.83458],[-10.02153,5.83486],[-10.02292,5.83486],[-10.02292,5.83514],[-10.02313,5.83514],[-10.02313,5.8449],[-10.00887,5.8449],[-10.00887,5.83064]]]},"properties":{"region":"GrandBassa","district":"District # 3","floods_1m":1,"floods_2m":1,"floods_3m":1,"first_flood_m":1,"nests":true}},{"type":"Feature","geometry":{"type":"Polygon","coordinates":[[[-10.03738,5.93045],[-10.04407,5.93045],[-10.03738,5.93867],[-10.03738,5.93045]]]},"properties":{"region":"GrandBassa","district":"District # 3","floods_1m":1,"floods_2m":1,"floods_3m":1,"first_flood_m":1,"nests":true}},{"type":"Feature","geometry":{"type":"Polygon","coordinates":[[[-10.00887,5.81847],[-10.00903,5.81847],[-10.00903,5.81875],[-10.00931,5.81875],[-10.00931,5.8193],[-10.00958,5.8193],[-10.00958,5.81958],[-10.00986,5.81958],[-10.00986,5.81986],[-10.01014,5.81986],[-10.01014,5.82042],[-10.01042,5.82042],[-10.01042,5.82069],[-10.0107,5.82069],[-10.0107,5.82097],[-10.01097,5.82097],[-10.01097,5.82125],[-10.01125,5.82125],[-10.01125,5.82153],[-10.01153,5.82153],[-10.01153,5.8218],[-10.0118,5.8218],[-10.0118,5.82208],[-10.01208,5.82208],[-10.01208,5.82236],[-10.01236,5.82236],[-10.01236,5.82292],[-10.01264,5.82292],[-10.01264,5.82319],[-10.01292,5.82319],[-10.01292,5.82347],[-10.01319,5.82347],[-10.01319,5.82375],[-10.01347,5.82375],[-10.01347,5.82403],[-10.01375,5.82403],[-10.01375,5.82431],[-10.01403,5.82431],[-10.01403,5.82458],[-10.01431,5.82458],[-10.01431,5.82514],[-10.01458,5.82514],[-10.01458,5.82542],[-10.01486,5.82542],[-10.01486,5.82597],[-10.01514,5.82597],[-10.01514,5.82625],[-10.01542,5.82625],[-10.01542,5.82653],[-10.01569,5.82653],[-10.01569,5.82681],[-10.01597,5.82681],[-10.01597,5.82708],[-10.01625,5.82708],[-10.01625,5.82736],[-10.01653,5.82736],[-10.01653,5.82764],[-10.01708,5.82764],[-10.01708,5.82792],[-10.01736,5.82792],[-10.01736,5.82875],[-10.01764,5.82875],[-10.01764,5.82903],[-10.01792,5.82903],[-10.01792,5.82931],[-10.01819,5.82931],[-10.01819,5.83014],[-10.01847,5.83014],[-10.01847,5.83064],[-10.00887,5.83064],[-10.00887,5.81847]]]},"properties":{"region":"GrandBassa","district":"District # 3","floods_1m":1,"floods_2m":1,"floods_3m":1,"first_flood_m":1,"nests":true}},{"type":"Feature","geometry":{"type":"Polygon","coordinates":[[[-10.03738,5.87341],[-10.05164,5.87341],[-10.05164,5.88767],[-10.03738,5.88767],[-10.03738,5.87341]]]},"properties":{"region":"GrandBassa","district":"District # 3","floods_1m":1,"floods_2m":1,"floods_3m":1,"first_flood_m":1,"nests":true}},{"type":"Feature","geometry":{"type":"Polygon","coordinates":[[[-9.90906,5.72819],[-9.90958,5.72819],[-9.90958,5.72875],[-9.90986,5.72875],[-9.90986,5.72903],[-9.91042,5.72903],[-9.91042,5.72958],[-9.91153,5.72958],[-9.91153,5.72986],[-9.91181,5.72986],[-9.91181,5.73014],[-9.91208,5.73014],[-9.91208,5.73042],[-9.91264,5.73042],[-9.91264,5.73069],[-9.91319,5.73069],[-9.91319,5.73084],[-9.90906,5.73084],[-9.90906,5.72819]]]},"properties":{"region":"GrandBassa","district":"District # 4","floods_1m":1,"floods_2m":1,"floods_3m":1,"first_flood_m":1,"nests":true}},{"type":"Feature","geometry":{"type":"Polygon","coordinates":[[[-9.95184,5.78787],[-9.96609,5.78787],[-9.96609,5.78853],[-9.95541,5.80212],[-9.95184,5.80212],[-9.95184,5.7892],[-9.95184,5.78787]]]},"properties":{"region":"GrandBassa","district":"District # 4","floods_1m":0,"floods_2m":1,"floods_3m":0,"first_flood_m":2,"nests":false}},{"type":"Feature","geometry":{"type":"Polygon","coordinates":[[[-9.78074,5.61677],[-9.78958,5.61677],[-9.78958,5.61708],[-9.78986,5.61708],[-9.78986,5.61764],[-9.79014,5.61764],[-9.79014,5.61819],[-9.79042,5.61819],[-9.79042,5.61875],[-9.7907,5.61875],[-9.7907,5.61903],[-9.79097,5.61903],[-9.79097,5.61958],[-9.79125,5.61958],[-9.79125,5.61986],[-9.79153,5.61986],[-9.79153,5.62014],[-9.79181,5.62014],[-9.79181,5.62042],[-9.79208,5.62042],[-9.79208,5.62069],[-9.79236,5.62069],[-9.79236,5.62097],[-9.79319,5.62097],[-9.79319,5.62125],[-9.79347,5.62125],[-9.79347,5.62153],[-9.79403,5.62153],[-9.79403,5.62181],[-9.7943,5.62181],[-9.7943,5.62208],[-9.79486,5.62208],[-9.79486,5.62236],[-9.795,5.62236],[-9.795,5.63103],[-9.78074,5.63103],[-9.78074,5.61677]]]},"properties":{"region":"GrandBassa","district":"District # 4","floods_1m":1,"floods_2m":1,"floods_3m":1,"first_flood_m":1,"nests":true}},{"type":"Feature","geometry":{"type":"Polygon","coordinates":[[[-9.795,5.63103],[-9.80291,5.63103],[-9.80291,5.63125],[-9.80319,5.63125],[-9.80319,5.63153],[-9.80375,5.63153],[-9.80375,5.6318],[-9.80403,5.6318],[-9.80403,5.63208],[-9.80431,5.63208],[-9.80431,5.63236],[-9.80514,5.63236],[-9.80514,5.63292],[-9.80569,5.63292],[-9.80569,5.63319],[-9.80597,5.63319],[-9.80597,5.63347],[-9.80625,5.63347],[-9.80625,5.63375],[-9.80653,5.63375],[-9.80653,5.63403],[-9.80708,5.63403],[-9.80708,5.63458],[-9.80764,5.63458],[-9.80764,5.63486],[-9.80792,5.63486],[-9.80792,5.63542],[-9.80819,5.63542],[-9.80819,5.63569],[-9.80847,5.63569],[-9.80847,5.63597],[-9.80875,5.63597],[-9.80875,5.63653],[-9.80926,5.63653],[-9.80926,5.64529],[-9.795,5.64529],[-9.795,5.63103]]]},"properties":{"region":"GrandBassa","district":"District # 4","floods_1m":1,"floods_2m":1,"floods_3m":1,"first_flood_m":1,"nests":true}},{"type":"Feature","geometry":{"type":"Polygon","coordinates":[[[-9.85203,5.68625],[-9.85208,5.68625],[-9.85208,5.68653],[-9.85236,5.68653],[-9.85236,5.6868],[-9.85264,5.6868],[-9.85264,5.68736],[-9.85292,5.68736],[-9.85292,5.68764],[-9.85347,5.68764],[-9.85347,5.68806],[-9.85203,5.68806],[-9.85203,5.68625]]]},"properties":{"region":"GrandBassa","district":"District # 4","floods_1m":1,"floods_2m":1,"floods_3m":1,"first_flood_m":1,"nests":true}},{"type":"Feature","geometry":{"type":"Polygon","coordinates":[[[-9.73013,5.5904],[-9.73042,5.59042],[-9.73042,5.59153],[-9.73069,5.59153],[-9.73069,5.59264],[-9.73097,5.59264],[-9.73097,5.59292],[-9.73125,5.59292],[-9.73125,5.59319],[-9.73153,5.59319],[-9.73153,5.59347],[-9.73181,5.59347],[-9.73181,5.59375],[-9.73208,5.59375],[-9.73208,5.59431],[-9.73236,5.59431],[-9.73236,5.59458],[-9.73264,5.59458],[-9.73264,5.59486],[-9.73292,5.59486],[-9.73292,5.59542],[-9.73319,5.59542],[-9.73319,5.59569],[-9.73292,5.59569],[-9.73292,5.59653],[-9.73264,5.59653],[-9.73264,5.59736],[-9.73236,5.59736],[-9.73236,5.59764],[-9.73264,5.59764],[-9.73264,5.59792],[-9.73319,5.59792],[-9.73319,5.59819],[-9.73403,5.59819],[-9.73403,5.59736],[-9.7343,5.59736],[-9.7343,5.59542],[-9.73403,5.59542],[-9.73403,5.59514],[-9.73375,5.59514],[-9.73375,5.59486],[-9.73347,5.59486],[-9.73347,5.59458],[-9.73319,5.59458],[-9.73319,5.59431],[-9.73292,5.59431],[-9.73292,5.59403],[-9.73264,5.59403],[-9.73264,5.59347],[-9.73236,5.59347],[-9.73236,5.59292],[-9.73208,5.59292],[-9.73208,5.59181],[-9.73181,5.59181],[-9.73181,5.59097],[-9.73153,5.59097],[-9.73153,5.59069],[-9.73181,5.59069],[-9.73181,5.58931],[-9.73208,5.58931],[-9.73208,5.58875],[-9.73264,5.58875],[-9.73264,5.58847],[-9.73292,5.58847],[-9.73292,5.58826],[-9.73797,5.58826],[-9.73797,5.60251],[-9.72423,5.60251],[-9.73013,5.5904]]]},"properties":{"region":"GrandBassa","district":"District # 4","floods_1m":1,"floods_2m":1,"floods_3m":1,"first_flood_m":1,"nests":true}},{"type":"Feature","geometry":{"type":"MultiPolygon","coordinates":[[[[-9.83777,5.67819],[-9.83792,5.67819],[-9.83792,5.67792],[-9.83819,5.67792],[-9.83819,5.67764],[-9.83847,5.67764],[-9.83847,5.67736],[-9.83986,5.67736],[-9.83986,5.67708],[-9.84099,5.67708],[-9.84236,5.67708],[-9.84236,5.67764],[-9.84264,5.67764],[-9.84264,5.67819],[-9.84292,5.67819],[-9.84292,5.67847],[-9.84375,5.67847],[-9.84375,5.67819],[-9.84403,5.67819],[-9.84403,5.67792],[-9.84431,5.67792],[-9.84431,5.67736],[-9.84458,5.67736],[-9.84458,5.67764],[-9.84486,5.67764],[-9.84486,5.67792],[-9.84514,5.67792],[-9.84514,5.67847],[-9.84542,5.67847],[-9.84542,5.67931],[-9.84569,5.67931],[-9.84569,5.67986],[-9.84542,5.67986],[-9.84542,5.68042],[-9.84514,5.68042],[-9.84514,5.68074],[-9.84514,5.68125],[-9.84542,5.68125],[-9.84542,5.68181],[-9.84597,5.68181],[-9.84597,5.68208],[-9.84625,5.68208],[-9.84625,5.68264],[-9.8468,5.68264],[-9.8468,5.68292],[-9.84736,5.68292],[-9.84736,5.6832],[-9.84764,5.6832],[-9.84764,5.68347],[-9.8482,5.68347],[-9.8482,5.68375],[-9.84847,5.68375],[-9.84847,5.68403],[-9.84875,5.68403],[-9.84875,5.68431],[-9.84918,5.68431],[-9.84931,5.68431],[-9.84931,5.68442],[-9.84931,5.68458],[-9.84948,5.68458],[-9.84955,5.68463],[-9.84958,5.68486],[-9.84981,5.68486],[-9.85014,5.68486],[-9.85014,5.68514],[-9.85042,5.68514],[-9.85042,5.68542],[-9.85097,5.68542],[-9.85097,5.68597],[-9.85107,5.68597],[-9.8518,5.68597],[-9.8518,5.68625],[-9.85203,5.68625],[-9.85203,5.68806],[-9.83777,5.68806],[-9.83777,5.67819]]],[[[-9.83777,5.67597],[-9.83777,5.6738],[-9.84181,5.6738],[-9.84181,5.67403],[-9.84208,5.67403],[-9.84208,5.67458],[-9.84236,5.67458],[-9.84236,5.67486],[-9.84264,5.67486],[-9.84264,5.67514],[-9.84319,5.67514],[-9.84319,5.67542],[-9.84347,5.67542],[-9.84347,5.67653],[-9.84264,5.67653],[-9.84264,5.67625],[-9.84236,5.67625],[-9.84236,5.67597],[-9.84208,5.67597],[-9.84208,5.67569],[-9.84153,5.67569],[-9.84153,5.67542],[-9.8391,5.67542],[-9.83847,5.67542],[-9.83847,5.67569],[-9.83792,5.67569],[-9.83792,5.67597],[-9.83777,5.67597]]]]},"properties":{"region":"GrandBassa","district":"District # 4","floods_1m":1,"floods_2m":1,"floods_3m":1,"first_flood_m":1,"nests":true}},{"type":"Feature","geometry":{"type":"Polygon","coordinates":[[[-9.82351,5.65264],[-9.82403,5.65264],[-9.82403,5.65292],[-9.82458,5.65292],[-9.82458,5.65319],[-9.82514,5.65319],[-9.82514,5.65347],[-9.82569,5.65347],[-9.82569,5.65403],[-9.82597,5.65403],[-9.82597,5.6543],[-9.82625,5.6543],[-9.82625,5.65458],[-9.82653,5.65458],[-9.82653,5.65486],[-9.82681,5.65486],[-9.82681,5.65542],[-9.82736,5.65542],[-9.82736,5.65569],[-9.82792,5.65569],[-9.82792,5.65625],[-9.8282,5.65625],[-9.8282,5.65653],[-9.82875,5.65653],[-9.82875,5.65681],[-9.82903,5.65681],[-9.82903,5.65736],[-9.82931,5.65736],[-9.82931,5.65764],[-9.82958,5.65764],[-9.82958,5.65792],[-9.83014,5.65792],[-9.83014,5.65847],[-9.83042,5.65847],[-9.83042,5.65875],[-9.83097,5.65875],[-9.83097,5.65931],[-9.83153,5.65931],[-9.83153,5.65955],[-9.82351,5.65955],[-9.82351,5.65264]]]},"properties":{"region":"GrandBassa","district":"District # 4","floods_1m":1,"floods_2m":1,"floods_3m":1,"first_flood_m":1,"nests":true}},{"type":"Feature","geometry":{"type":"Polygon","coordinates":[[[-9.80926,5.63653],[-9.80931,5.63653],[-9.80931,5.63681],[-9.80958,5.63681],[-9.80958,5.63736],[-9.81014,5.63736],[-9.81014,5.63764],[-9.81042,5.63764],[-9.81042,5.63792],[-9.81069,5.63792],[-9.81069,5.6382],[-9.81125,5.6382],[-9.81125,5.63847],[-9.81153,5.63847],[-9.81153,5.63903],[-9.81181,5.63903],[-9.81181,5.63931],[-9.81208,5.63931],[-9.81208,5.63986],[-9.81264,5.63986],[-9.81264,5.64042],[-9.81292,5.64042],[-9.81292,5.64097],[-9.81319,5.64097],[-9.81319,5.64153],[-9.81347,5.64153],[-9.81347,5.64181],[-9.81403,5.64181],[-9.81403,5.64208],[-9.8143,5.64208],[-9.8143,5.64236],[-9.81458,5.64236],[-9.81458,5.64264],[-9.81486,5.64264],[-9.81486,5.64319],[-9.81542,5.64319],[-9.81542,5.64347],[-9.81569,5.64347],[-9.81569,5.64403],[-9.81597,5.64403],[-9.81597,5.64458],[-9.81625,5.64458],[-9.81625,5.64514],[-9.81681,5.64514],[-9.81681,5.64529],[-9.80926,5.64529],[-9.80926,5.63653]]]},"properties":{"region":"GrandBassa","district":"District # 4","floods_1m":1,"floods_2m":1,"floods_3m":1,"first_flood_m":1,"nests":true}},{"type":"Feature","geometry":{"type":"Polygon","coordinates":[[[-11.19228,6.70038],[-11.20654,6.70038],[-11.20654,6.71464],[-11.19228,6.71464],[-11.19228,6.70038]]]},"properties":{"region":"Grand Cape Mount","district":"Garwula","floods_1m":0,"floods_2m":1,"floods_3m":0,"first_flood_m":2,"nests":false}},{"type":"Feature","geometry":{"type":"Polygon","coordinates":[[[-11.29209,6.72889],[-11.30634,6.72889],[-11.30634,6.74315],[-11.29209,6.74315],[-11.29209,6.72889]]]},"properties":{"region":"Grand Cape Mount","district":"Garwula","floods_1m":0,"floods_2m":1,"floods_3m":0,"first_flood_m":2,"nests":false}},{"type":"Feature","geometry":{"type":"Polygon","coordinates":[[[-11.24931,6.70038],[-11.26357,6.70038],[-11.26357,6.71464],[-11.24931,6.71464],[-11.24931,6.70038]]]},"properties":{"region":"Grand Cape Mount","district":"Garwula","floods_1m":0,"floods_2m":1,"floods_3m":0,"first_flood_m":2,"nests":false}},{"type":"Feature","geometry":{"type":"Polygon","coordinates":[[[-10.82157,6.41653],[-10.82208,6.41653],[-10.82208,6.41708],[-10.82264,6.41708],[-10.82264,6.41736],[-10.82292,6.41736],[-10.82292,6.41764],[-10.82347,6.41764],[-10.82347,6.41792],[-10.82403,6.41792],[-10.82403,6.41819],[-10.8243,6.41819],[-10.8243,6.41875],[-10.82458,6.41875],[-10.82458,6.41903],[-10.82514,6.41903],[-10.82514,6.4193],[-10.82542,6.4193],[-10.82542,6.41986],[-10.82569,6.41986],[-10.82569,6.42014],[-10.82625,6.42014],[-10.82625,6.42042],[-10.82653,6.42042],[-10.82653,6.42097],[-10.82736,6.42097],[-10.82736,6.42125],[-10.82764,6.42125],[-10.82764,6.42181],[-10.82792,6.42181],[-10.82792,6.42236],[-10.82875,6.42236],[-10.82875,6.42264],[-10.82931,6.42264],[-10.82931,6.42292],[-10.82958,6.42292],[-10.82958,6.42319],[-10.83014,6.42319],[-10.83014,6.42347],[-10.83042,6.42347],[-10.83042,6.42375],[-10.83097,6.42375],[-10.83097,6.42431],[-10.83153,6.42431],[-10.83153,6.42514],[-10.83181,6.42514],[-10.83181,6.42542],[-10.83264,6.42542],[-10.83264,6.42569],[-10.83292,6.42569],[-10.83292,6.42597],[-10.83347,6.42597],[-10.83347,6.42625],[-10.83375,6.42625],[-10.83375,6.42681],[-10.83403,6.42681],[-10.83403,6.42708],[-10.83458,6.42708],[-10.83458,6.42736],[-10.83514,6.42736],[-10.83514,6.42764],[-10.83569,6.42764],[-10.83569,6.42819],[-10.83583,6.42819],[-10.83583,6.42948],[-10.82157,6.42948],[-10.82157,6.41653]]]},"properties":{"region":"Bomi","district":"Klay","floods_1m":1,"floods_2m":1,"floods_3m":1,"first_flood_m":1,"nests":true}},{"type":"Feature","geometry":{"type":"Polygon","coordinates":[[[-11.23505,6.78593],[-11.24931,6.78593],[-11.24931,6.80018],[-11.23505,6.80018],[-11.23505,6.78593]]]},"properties":{"region":"Grand Cape Mount","district":"Garwula","floods_1m":0,"floods_2m":1,"floods_3m":0,"first_flood_m":2,"nests":false}},{"type":"Feature","geometry":{"type":"Polygon","coordinates":[[[-11.19228,6.74315],[-11.20654,6.74315],[-11.20654,6.75741],[-11.19228,6.75741],[-11.19228,6.74315]]]},"properties":{"region":"Grand Cape Mount","district":"Garwula","floods_1m":0,"floods_2m":1,"floods_3m":0,"first_flood_m":2,"nests":false}},{"type":"Feature","geometry":{"type":"Polygon","coordinates":[[[-11.23505,6.74315],[-11.24931,6.74315],[-11.24931,6.75741],[-11.23505,6.75741],[-11.23505,6.74315]]]},"properties":{"region":"Grand Cape Mount","district":"Garwula","floods_1m":0,"floods_2m":1,"floods_3m":0,"first_flood_m":2,"nests":false}},{"type":"Feature","geometry":{"type":"Polygon","coordinates":[[[-11.26357,6.71464],[-11.27783,6.71464],[-11.27783,6.72889],[-11.26357,6.72889],[-11.26357,6.71464]]]},"properties":{"region":"Grand Cape Mount","district":"Garwula","floods_1m":0,"floods_2m":1,"floods_3m":0,"first_flood_m":2,"nests":false}},{"type":"Feature","geometry":{"type":"Polygon","coordinates":[[[-11.36338,6.75103],[-11.37043,6.75005],[-11.37763,6.74845],[-11.37763,6.75431],[-11.37708,6.75431],[-11.37708,6.75458],[-11.3768,6.75458],[-11.3768,6.75486],[-11.37625,6.75486],[-11.37625,6.75542],[-11.37597,6.75542],[-11.37597,6.75597],[-11.37569,6.75597],[-11.37569,6.75653],[-11.37514,6.75653],[-11.37514,6.75708],[-11.37486,6.75708],[-11.37486,6.75741],[-11.36338,6.75741],[-11.36338,6.75103]]]},"properties":{"region":"Grand Cape Mount","district":"Garwula","floods_1m":1,"floods_2m":1,"floods_3m":1,"first_flood_m":1,"nests":true}},{"type":"Feature","geometry":{"type":"Polygon","coordinates":[[[-11.42041,6.87147],[-11.42986,6.87147],[-11.42986,6.87153],[-11.43014,6.87153],[-11.43014,6.87181],[-11.43042,6.87181],[-11.43042,6.87208],[-11.43097,6.87208],[-11.43097,6.87236],[-11.43125,6.87236],[-11.43125,6.87264],[-11.4318,6.87264],[-11.4318,6.87292],[-11.43208,6.87292],[-11.43208,6.8732],[-11.43264,6.8732],[-11.43264,6.87347],[-11.43292,6.87347],[-11.43292,6.87375],[-11.4332,6.87375],[-11.4332,6.87347],[-11.43375,6.87347],[-11.43375,6.87375],[-11.43431,6.87375],[-11.43431,6.87403],[-11.43458,6.87403],[-11.43458,6.8743],[-11.43467,6.8743],[-11.43467,6.88573],[-11.42041,6.88573],[-11.42041,6.8737],[-11.42041,6.87147]]]},"properties":{"region":"Grand Cape Mount","district":"Tewor","floods_1m":1,"floods_2m":1,"floods_3m":1,"first_flood_m":1,"nests":true}},{"type":"Feature","geometry":{"type":"Polygon","coordinates":[[[-10.83583,6.42819],[-10.83597,6.42819],[-10.83597,6.42847],[-10.83653,6.42847],[-10.83653,6.42903],[-10.8368,6.42903],[-10.8368,6.42931],[-10.83736,6.42931],[-10.83736,6.42948],[-10.83583,6.42948],[-10.83583,6.42819]]]},"properties":{"region":"Bomi","district":"Klay","floods_1m":0,"floods_2m":1,"floods_3m":0,"first_flood_m":2,"nests":false}},{"type":"Feature","geometry":{"type":"Polygon","coordinates":[[[-11.02118,6.55792],[-11.02125,6.55792],[-11.02125,6.55819],[-11.02208,6.55819],[-11.02208,6.55847],[-11.02236,6.55847],[-11.02236,6.55875],[-11.02292,6.55875],[-11.02292,6.55903],[-11.02347,6.55903],[-11.02347,6.55931],[-11.02403,6.55931],[-11.02403,6.55958],[-11.02431,6.55958],[-11.02431,6.55986],[-11.02542,6.55986],[-11.02542,6.56014],[-11.02597,6.56014],[-11.02597,6.56042],[-11.02681,6.56042],[-11.02681,6.56097],[-11.02764,6.56097],[-11.02764,6.56125],[-11.02986,6.56125],[-11.02986,6.56153],[-11.03042,6.56153],[-11.03042,6.56181],[-11.03097,6.56181],[-11.03097,6.56208],[-11.03153,6.56208],[-11.03153,6.56236],[-11.03181,6.56236],[-11.03181,6.56264],[-11.03236,6.56264],[-11.03236,6.56292],[-11.03292,6.56292],[-11.03292,6.56319],[-11.03375,6.56319],[-11.03375,6.56347],[-11.0343,6.56347],[-11.0343,6.56375],[-11.03542,6.56375],[-11.03542,6.56403],[-11.03544,6.56403],[-11.03544,6.57206],[-11.02118,6.57206],[-11.02118,6.55792]]]},"properties":{"region":"Bomi","district":"Klay","floods_1m":1,"floods_2m":1,"floods_3m":1,"first_flood_m":1,"nests":true}},{"type":"Feature","geometry":{"type":"Polygon","coordinates":[[[-10.96415,6.52847],[-10.96458,6.52847],[-10.96458,6.52875],[-10.96486,6.52875],[-10.96486,6.52903],[-10.96625,6.52903],[-10.96625,6.52928],[-10.96415,6.52928],[-10.96415,6.52847]]]},"properties":{"region":"Bomi","district":"Klay","floods_1m":1,"floods_2m":1,"floods_3m":1,"first_flood_m":1,"nests":true}},{"type":"Feature","geometry":{"type":"Polygon","coordinates":[[[-11.42041,6.86569],[-11.42042,6.86569],[-11.42042,6.86597],[-11.42097,6.86597],[-11.42097,6.86625],[-11.42125,6.86625],[-11.42125,6.86653],[-11.42208,6.86653],[-11.42208,6.86708],[-11.42236,6.86708],[-11.42236,6.86736],[-11.42347,6.86736],[-11.42347,6.86764],[-11.42375,6.86764],[-11.42375,6.86792],[-11.42431,6.86792],[-11.42431,6.8682],[-11.42486,6.8682],[-11.42486,6.86875],[-11.42569,6.86875],[-11.42569,6.86903],[-11.42625,6.86903],[-11.42625,6.86931],[-11.42653,6.86931],[-11.42653,6.86958],[-11.42708,6.86958],[-11.42708,6.86986],[-11.42736,6.86986],[-11.42736,6.87014],[-11.42764,6.87014],[-11.42764,6.87042],[-11.42819,6.87042],[-11.42819,6.8707],[-11.42875,6.8707],[-11.42875,6.87097],[-11.42903,6.87097],[-11.42903,6.87125],[-11.42986,6.87125],[-11.42986,6.87147],[-11.42041,6.87147],[-11.42041,6.86569]]]},"properties":{"region":"Grand Cape Mount","district":"Tewor","floods_1m":1,"floods_2m":1,"floods_3m":1,"first_flood_m":1,"nests":true}},{"type":"Feature","geometry":{"type":"Polygon","coordinates":[[[-10.89286,6.48125],[-10.89347,6.48125],[-10.89347,6.48153],[-10.89375,6.48153],[-10.89375,6.48181],[-10.89431,6.48181],[-10.89431,6.48208],[-10.89458,6.48208],[-10.89458,6.48236],[-10.89486,6.48236],[-10.89486,6.48264],[-10.89597,6.48264],[-10.89597,6.48319],[-10.89653,6.48319],[-10.89653,6.48347],[-10.89708,6.48347],[-10.89708,6.48375],[-10.89792,6.48375],[-10.89792,6.48431],[-10.8982,6.48431],[-10.8982,6.48458],[-10.89875,6.48458],[-10.89875,6.48514],[-10.89931,6.48514],[-10.89931,6.48542],[-10.89903,6.48542],[-10.89903,6.48569],[-10.89931,6.48569],[-10.89931,6.48597],[-10.89986,6.48597],[-10.89986,6.48625],[-10.90042,6.48625],[-10.90042,6.48651],[-10.89286,6.48651],[-10.89286,6.48125]]]},"properties":{"region":"Bomi","district":"Klay","floods_1m":1,"floods_2m":1,"floods_3m":1,"first_flood_m":1,"nests":true}},{"type":"Feature","geometry":{"type":"Polygon","coordinates":[[[-11.44892,6.88573],[-11.45486,6.88573],[-11.45486,6.88597],[-11.45514,6.88597],[-11.45514,6.88625],[-11.45542,6.88625],[-11.45542,6.88653],[-11.45569,6.88653],[-11.45569,6.88681],[-11.45597,6.88681],[-11.45597,6.88736],[-11.45569,6.88736],[-11.45569,6.88847],[-11.45542,6.88847],[-11.45542,6.88884],[-11.45542,6.88931],[-11.45569,6.88931],[-11.45569,6.8895],[-11.45569,6.88986],[-11.45584,6.88986],[-11.45597,6.88986],[-11.45597,6.89016],[-11.45597,6.89042],[-11.45608,6.89042],[-11.45625,6.89042],[-11.45625,6.89069],[-11.45653,6.89069],[-11.45653,6.89097],[-11.45708,6.89097],[-11.45708,6.89125],[-11.45736,6.89125],[-11.45736,6.89153],[-11.45764,6.89153],[-11.45764,6.89181],[-11.45736,6.89181],[-11.45736,6.89236],[-11.45708,6.89236],[-11.45708,6.89458],[-11.45736,6.89458],[-11.45736,6.89486],[-11.45764,6.89486],[-11.45764,6.89542],[-11.45792,6.89542],[-11.45792,6.8957],[-11.45819,6.8957],[-11.45819,6.89597],[-11.45847,6.89597],[-11.45847,6.89625],[-11.45875,6.89625],[-11.45875,6.8968],[-11.45903,6.8968],[-11.45903,6.89708],[-11.45931,6.89708],[-11.45931,6.89736],[-11.45958,6.89736],[-11.45958,6.89792],[-11.45986,6.89792],[-11.45986,6.89819],[-11.46042,6.89819],[-11.46042,6.89875],[-11.46097,6.89875],[-11.46097,6.8993],[-11.46153,6.8993],[-11.46153,6.89958],[-11.46181,6.89958],[-11.46181,6.89986],[-11.46208,6.89986],[-11.46208,6.89999],[-11.44892,6.89999],[-11.44892,6.88573]]]},"properties":{"region":"Grand Cape Mount","district":"Tewor","floods_1m":1,"floods_2m":1,"floods_3m":1,"first_flood_m":1,"nests":true}},{"type":"Feature","geometry":{"type":"Polygon","coordinates":[[[-11.47744,6.91425],[-11.47931,6.91425],[-11.47931,6.91431],[-11.47986,6.91431],[-11.47986,6.91458],[-11.48042,6.91458],[-11.48042,6.91486],[-11.48097,6.91486],[-11.48097,6.91514],[-11.48153,6.91514],[-11.48153,6.91542],[-11.48236,6.91542],[-11.48236,6.91569],[-11.48264,6.91569],[-11.48264,6.91597],[-11.48292,6.91597],[-11.48292,6.91625],[-11.48319,6.91625],[-11.48319,6.91653],[-11.48375,6.91653],[-11.48375,6.91681],[-11.48403,6.91681],[-11.48403,6.91708],[-11.48458,6.91708],[-11.48458,6.91736],[-11.48514,6.91736],[-11.48514,6.91764],[-11.48569,6.91764],[-11.48569,6.91783],[-11.48443,6.9179],[-11.47958,6.91815],[-11.47769,6.91825],[-11.47744,6.91834],[-11.47744,6.91425]]]},"properties":{"region":"Grand Cape Mount","district":"Tewor","floods_1m":1,"floods_2m":1,"floods_3m":1,"first_flood_m":1,"nests":true}},{"type":"Feature","geometry":{"type":"Polygon","coordinates":[[[-11.47744,6.91319],[-11.47764,6.91319],[-11.47764,6.91347],[-11.47847,6.91347],[-11.47847,6.91375],[-11.47903,6.91375],[-11.47903,6.91403],[-11.47931,6.91403],[-11.47931,6.91425],[-11.47744,6.91425],[-11.47744,6.91319]]]},"properties":{"region":"Grand Cape Mount","district":"Tewor","floods_1m":1,"floods_2m":1,"floods_3m":1,"first_flood_m":1,"nests":true}},{"type":"Feature","geometry":{"type":"Polygon","coordinates":[[[-11.46318,6.90097],[-11.46319,6.90097],[-11.46319,6.90125],[-11.46347,6.90125],[-11.46347,6.90153],[-11.46375,6.90153],[-11.46375,6.9018],[-11.46403,6.9018],[-11.46403,6.90236],[-11.4643,6.90236],[-11.4643,6.90264],[-11.46458,6.90264],[-11.46458,6.90292],[-11.46486,6.90292],[-11.46486,6.9032],[-11.46542,6.9032],[-11.46542,6.90375],[-11.46597,6.90375],[-11.46597,6.9043],[-11.46625,6.9043],[-11.46625,6.90458],[-11.46653,6.90458],[-11.46653,6.90486],[-11.46681,6.90486],[-11.46681,6.90514],[-11.46708,6.90514],[-11.46708,6.90569],[-11.46736,6.90569],[-11.46736,6.90597],[-11.46764,6.90597],[-11.46764,6.90625],[-11.46819,6.90625],[-11.46819,6.90653],[-11.46847,6.90653],[-11.46847,6.90681],[-11.46875,6.90681],[-11.46875,6.90708],[-11.46903,6.90708],[-11.46903,6.90736],[-11.46931,6.90736],[-11.46931,6.90764],[-11.46986,6.90764],[-11.46986,6.90819],[-11.47042,6.90819],[-11.47042,6.90847],[-11.47069,6.90847],[-11.47069,6.90875],[-11.47125,6.90875],[-11.47125,6.90903],[-11.47181,6.90903],[-11.47181,6.90931],[-11.47208,6.90931],[-11.47208,6.90986],[-11.47264,6.90986],[-11.47264,6.91042],[-11.47347,6.91042],[-11.47347,6.91069],[-11.47431,6.91069],[-11.47431,6.91097],[-11.47458,6.91097],[-11.47458,6.91125],[-11.47514,6.91125],[-11.47514,6.91153],[-11.47542,6.91153],[-11.47542,6.91181],[-11.47569,6.91181],[-11.47569,6.91208],[-11.47653,6.91208],[-11.47653,6.91236],[-11.47681,6.91236],[-11.47681,6.91292],[-11.47736,6.91292],[-11.47736,6.91319],[-11.47744,6.91319],[-11.47744,6.91425],[-11.46318,6.91425],[-11.46318,6.90097]]]},"properties":{"region":"Grand Cape Mount","district":"Tewor","floods_1m":1,"floods_2m":1,"floods_3m":1,"first_flood_m":1,"nests":true}},{"type":"Feature","geometry":{"type":"Polygon","coordinates":[[[-10.97841,6.53625],[-10.97847,6.53625],[-10.97847,6.53653],[-10.97875,6.53653],[-10.97875,6.53681],[-10.97931,6.53681],[-10.97931,6.53708],[-10.97958,6.53708],[-10.97958,6.53736],[-10.97986,6.53736],[-10.97986,6.53764],[-10.98042,6.53764],[-10.98042,6.53736],[-10.98069,6.53736],[-10.98069,6.53764],[-10.98125,6.53764],[-10.98125,6.53792],[-10.9818,6.53792],[-10.9818,6.53847],[-10.98208,6.53847],[-10.98208,6.53875],[-10.98264,6.53875],[-10.98264,6.53903],[-10.9832,6.53903],[-10.9832,6.53931],[-10.98375,6.53931],[-10.98375,6.53958],[-10.98431,6.53958],[-10.98431,6.53986],[-10.98458,6.53986],[-10.98458,6.54014],[-10.98542,6.54014],[-10.98542,6.54042],[-10.9857,6.54042],[-10.9857,6.54069],[-10.98597,6.54069],[-10.98597,6.54042],[-10.98625,6.54042],[-10.98625,6.54069],[-10.98681,6.54069],[-10.98681,6.54097],[-10.98736,6.54097],[-10.98736,6.54125],[-10.98764,6.54125],[-10.98764,6.54153],[-10.98847,6.54153],[-10.98847,6.54181],[-10.98958,6.54181],[-10.98958,6.54208],[-10.98986,6.54208],[-10.98986,6.54236],[-10.99014,6.54236],[-10.99014,6.54264],[-10.99042,6.54264],[-10.99042,6.54292],[-10.99069,6.54292],[-10.99069,6.54319],[-10.99181,6.54319],[-10.99181,6.54347],[-10.99264,6.54347],[-10.99264,6.54354],[-10.97841,6.54354],[-10.97841,6.53625]]]},"properties":{"region":"Bomi","district":"Klay","floods_1m":1,"floods_2m":1,"floods_3m":1,"first_flood_m":1,"nests":true}},{"type":"Feature","geometry":{"type":"Polygon","coordinates":[[[-11.00693,6.70038],[-11.02118,6.70038],[-11.02118,6.71464],[-11.00693,6.71464],[-11.00693,6.70038]]]},"properties":{"region":"Bomi","district":"Klay","floods_1m":1,"floods_2m":1,"floods_3m":1,"first_flood_m":1,"nests":true}},{"type":"Feature","geometry":{"type":"Polygon","coordinates":[[[-11.39916,6.85042],[-11.39931,6.85042],[-11.39931,6.8507],[-11.39958,6.8507],[-11.39958,6.85097],[-11.39986,6.85097],[-11.39986,6.85125],[-11.40014,6.85125],[-11.40014,6.85153],[-11.40042,6.85153],[-11.40042,6.85181],[-11.40097,6.85181],[-11.40097,6.85208],[-11.40125,6.85208],[-11.40125,6.85236],[-11.40153,6.85236],[-11.40153,6.85264],[-11.40181,6.85264],[-11.40181,6.85292],[-11.40236,6.85292],[-11.40236,6.85319],[-11.40264,6.85319],[-11.40264,6.85375],[-11.4032,6.85375],[-11.4032,6.85403],[-11.40347,6.85403],[-11.40347,6.85458],[-11.40403,6.85458],[-11.40403,6.85486],[-11.40458,6.85486],[-11.40458,6.85514],[-11.40486,6.85514],[-11.40486,6.85542],[-11.40542,6.85542],[-11.40542,6.85569],[-11.40569,6.85569],[-11.40569,6.85597],[-11.40615,6.85597],[-11.40615,6.85722],[-11.39377,6.85722],[-11.39916,6.85042]]]},"properties":{"region":"Grand Cape Mount","district":"Tewor","floods_1m":1,"floods_2m":1,"floods_3m":1,"first_flood_m":1,"nests":true}},{"type":"Feature","geometry":{"type":"Polygon","coordinates":[[[-10.89286,6.48651],[-10.90042,6.48651],[-10.90042,6.48653],[-10.90069,6.48653],[-10.90069,6.48681],[-10.90097,6.48681],[-10.90097,6.48708],[-10.90153,6.48708],[-10.90153,6.48736],[-10.9018,6.48736],[-10.9018,6.48764],[-10.90292,6.48764],[-10.90292,6.48792],[-10.90347,6.48792],[-10.90347,6.48847],[-10.90431,6.48847],[-10.90431,6.48875],[-10.90486,6.48875],[-10.90486,6.48903],[-10.90514,6.48903],[-10.90514,6.48931],[-10.90597,6.48931],[-10.90597,6.48958],[-10.90653,6.48958],[-10.90653,6.48986],[-10.90708,6.48986],[-10.90708,6.49014],[-10.90712,6.49014],[-10.90712,6.50077],[-10.89286,6.50077],[-10.89286,6.48651]]]},"properties":{"region":"Bomi","district":"Klay","floods_1m":1,"floods_2m":1,"floods_3m":1,"first_flood_m":1,"nests":true}},{"type":"Feature","geometry":{"type":"Polygon","coordinates":[[[-11.44892,6.89999],[-11.46208,6.89999],[-11.46208,6.90014],[-11.46236,6.90014],[-11.46236,6.90069],[-11.46264,6.90069],[-11.46264,6.90097],[-11.46318,6.90097],[-11.46318,6.91425],[-11.44892,6.91425],[-11.44892,6.89999]]]},"properties":{"region":"Grand Cape Mount","district":"Tewor","floods_1m":1,"floods_2m":1,"floods_3m":1,"first_flood_m":1,"nests":true}},{"type":"Feature","geometry":{"type":"Polygon","coordinates":[[[-11.43467,6.8743],[-11.43486,6.8743],[-11.43486,6.87458],[-11.43514,6.87458],[-11.43514,6.87486],[-11.43569,6.87486],[-11.43569,6.87514],[-11.43625,6.87514],[-11.43625,6.87542],[-11.43653,6.87542],[-11.43653,6.87569],[-11.4368,6.87569],[-11.4368,6.87597],[-11.43764,6.87597],[-11.43764,6.87625],[-11.4382,6.87625],[-11.4382,6.87653],[-11.43875,6.87653],[-11.43875,6.8768],[-11.43903,6.8768],[-11.43903,6.87708],[-11.44014,6.87708],[-11.44014,6.87736],[-11.44042,6.87736],[-11.44042,6.87792],[-11.44097,6.87792],[-11.44097,6.87819],[-11.44165,6.87819],[-11.4418,6.87819],[-11.4418,6.87847],[-11.44208,6.87847],[-11.44208,6.87875],[-11.44236,6.87875],[-11.44236,6.87903],[-11.44319,6.87903],[-11.44319,6.87931],[-11.44347,6.87931],[-11.44347,6.87958],[-11.44403,6.87958],[-11.44403,6.87986],[-11.44431,6.87986],[-11.44431,6.88014],[-11.44486,6.88014],[-11.44486,6.88042],[-11.44514,6.88042],[-11.44514,6.88069],[-11.44569,6.88069],[-11.44569,6.88097],[-11.44625,6.88097],[-11.44625,6.88125],[-11.44708,6.88125],[-11.44708,6.88153],[-11.44764,6.88153],[-11.44764,6.88181],[-11.44792,6.88181],[-11.44792,6.88208],[-11.44847,6.88208],[-11.44847,6.88236],[-11.44875,6.88236],[-11.44875,6.88264],[-11.44892,6.88264],[-11.44892,6.88573],[-11.43467,6.88573],[-11.43467,6.8743]]]},"properties":{"region":"Grand Cape Mount","district":"Tewor","floods_1m":1,"floods_2m":1,"floods_3m":1,"first_flood_m":1,"nests":true}},{"type":"Feature","geometry":{"type":"Polygon","coordinates":[[[-10.87861,6.47125],[-10.87875,6.47125],[-10.87875,6.47153],[-10.87931,6.47153],[-10.87931,6.47208],[-10.87986,6.47208],[-10.87986,6.47225],[-10.87861,6.47225],[-10.87861,6.47125]]]},"properties":{"region":"Bomi","district":"Klay","floods_1m":1,"floods_2m":1,"floods_3m":1,"first_flood_m":1,"nests":true}},{"type":"Feature","geometry":{"type":"Polygon","coordinates":[[[-11.44892,6.88264],[-11.44958,6.88264],[-11.44958,6.88292],[-11.45042,6.88292],[-11.45042,6.88319],[-11.45097,6.88319],[-11.45097,6.88347],[-11.45153,6.88347],[-11.45153,6.88375],[-11.45208,6.88375],[-11.45208,6.88403],[-11.45264,6.88403],[-11.45264,6.88431],[-11.45292,6.88431],[-11.45292,6.88458],[-11.45319,6.88458],[-11.45319,6.88486],[-11.45347,6.88486],[-11.45347,6.88514],[-11.45375,6.88514],[-11.45375,6.88542],[-11.45399,6.88542],[-11.45431,6.88542],[-11.45431,6.88569],[-11.45486,6.88569],[-11.45486,6.88573],[-11.44892,6.88573],[-11.44892,6.88264]]]},"properties":{"region":"Grand Cape Mount","district":"Tewor","floods_1m":1,"floods_2m":1,"floods_3m":1,"first_flood_m":1,"nests":true}},{"type":"Feature","geometry":{"type":"Polygon","coordinates":[[[-11.40615,6.85597],[-11.40625,6.85597],[-11.40625,6.85653],[-11.40681,6.85653],[-11.40681,6.85681],[-11.40736,6.85681],[-11.40736,6.85708],[-11.40764,6.85708],[-11.40764,6.85722],[-11.40615,6.85722],[-11.40615,6.85597]]]},"properties":{"region":"Grand Cape Mount","district":"Tewor","floods_1m":0,"floods_2m":1,"floods_3m":0,"first_flood_m":2,"nests":false}},{"type":"Feature","geometry":{"type":"Polygon","coordinates":[[[-11.40615,6.85722],[-11.40764,6.85722],[-11.40764,6.85764],[-11.40819,6.85764],[-11.40819,6.85792],[-11.40847,6.85792],[-11.40847,6.85819],[-11.40875,6.85819],[-11.40875,6.85847],[-11.40903,6.85847],[-11.40903,6.85875],[-11.4093,6.85875],[-11.4093,6.85903],[-11.41014,6.85903],[-11.41014,6.85958],[-11.4107,6.85958],[-11.4107,6.85986],[-11.41097,6.85986],[-11.41097,6.86014],[-11.41153,6.86014],[-11.41153,6.86042],[-11.41181,6.86042],[-11.41181,6.86069],[-11.41264,6.86069],[-11.41264,6.86097],[-11.41292,6.86097],[-11.41292,6.86125],[-11.41319,6.86125],[-11.41319,6.86153],[-11.41375,6.86153],[-11.41375,6.86181],[-11.4143,6.86181],[-11.4143,6.86236],[-11.41486,6.86236],[-11.41486,6.86264],[-11.41514,6.86264],[-11.41514,6.86292],[-11.41569,6.86292],[-11.41569,6.86319],[-11.41625,6.86319],[-11.41625,6.86347],[-11.41681,6.86347],[-11.41681,6.86375],[-11.41708,6.86375],[-11.41708,6.86403],[-11.41792,6.86403],[-11.41792,6.86458],[-11.4182,6.86458],[-11.4182,6.86486],[-11.41875,6.86486],[-11.41875,6.86514],[-11.41931,6.86514],[-11.41931,6.86542],[-11.41986,6.86542],[-11.41986,6.86569],[-11.42041,6.86569],[-11.42041,6.87147],[-11.40615,6.87147],[-11.40615,6.85722]]]},"properties":{"region":"Grand Cape Mount","district":"Tewor","floods_1m":1,"floods_2m":1,"floods_3m":1,"first_flood_m":1,"nests":true}},{"type":"Feature","geometry":{"type":"Polygon","coordinates":[[[-11.0497,6.58631],[-11.06396,6.58631],[-11.06396,6.60057],[-11.0497,6.60057],[-11.0497,6.58631]]]},"properties":{"region":"Bomi","district":"Klay","floods_1m":0,"floods_2m":1,"floods_3m":0,"first_flood_m":2,"nests":false}},{"type":"Feature","geometry":{"type":"Polygon","coordinates":[[[-11.39189,6.92851],[-11.40615,6.92851],[-11.40615,6.94276],[-11.39189,6.94276],[-11.39189,6.92851]]]},"properties":{"region":"Grand Cape Mount","district":"Tewor","floods_1m":0,"floods_2m":1,"floods_3m":0,"first_flood_m":2,"nests":false}},{"type":"Feature","geometry":{"type":"Polygon","coordinates":[[[-10.80732,6.41522],[-10.82014,6.41522],[-10.82014,6.41542],[-10.82042,6.41542],[-10.82042,6.4157],[-10.82097,6.4157],[-10.82097,6.41597],[-10.82153,6.41597],[-10.82153,6.41653],[-10.82157,6.41653],[-10.82157,6.42948],[-10.80732,6.42948],[-10.80732,6.41522]]]},"properties":{"region":"Bomi","district":"Klay","floods_1m":1,"floods_2m":1,"floods_3m":1,"first_flood_m":1,"nests":true}},{"type":"Feature","geometry":{"type":"Polygon","coordinates":[[[-10.97841,6.71464],[-10.99267,6.71464],[-10.99267,6.72889],[-10.97841,6.72889],[-10.97841,6.71464]]]},"properties":{"region":"Bomi","district":"Klay","floods_1m":1,"floods_2m":1,"floods_3m":1,"first_flood_m":1,"nests":true}},{"type":"Feature","geometry":{"type":"Polygon","coordinates":[[[-10.85009,6.44792],[-10.85014,6.44792],[-10.85014,6.44819],[-10.85097,6.44819],[-10.85097,6.44847],[-10.85125,6.44847],[-10.85125,6.44903],[-10.85153,6.44903],[-10.85153,6.44958],[-10.85208,6.44958],[-10.85208,6.44986],[-10.85236,6.44986],[-10.85236,6.45014],[-10.85292,6.45014],[-10.85292,6.45042],[-10.85347,6.45042],[-10.85347,6.45097],[-10.85375,6.45097],[-10.85375,6.45153],[-10.85347,6.45153],[-10.85347,6.45181],[-10.85403,6.45181],[-10.85403,6.45236],[-10.85431,6.45236],[-10.85431,6.45264],[-10.85486,6.45264],[-10.85486,6.45292],[-10.85514,6.45292],[-10.85514,6.45319],[-10.85542,6.45319],[-10.85542,6.45347],[-10.85597,6.45347],[-10.85597,6.45403],[-10.85625,6.45403],[-10.85625,6.45431],[-10.85653,6.45431],[-10.85653,6.45486],[-10.85708,6.45486],[-10.85708,6.45514],[-10.85764,6.45514],[-10.85764,6.45542],[-10.85819,6.45542],[-10.85819,6.45597],[-10.85847,6.45597],[-10.85847,6.45625],[-10.85875,6.45625],[-10.85875,6.45653],[-10.85903,6.45653],[-10.85903,6.45736],[-10.85986,6.45736],[-10.85986,6.45764],[-10.86042,6.45764],[-10.86042,6.45799],[-10.85009,6.45799],[-10.85009,6.44792]]]},"properties":{"region":"Bomi","district":"Klay","floods_1m":1,"floods_2m":1,"floods_3m":1,"first_flood_m":1,"nests":true}},{"type":"Feature","geometry":{"type":"Polygon","coordinates":[[[-10.87861,6.47225],[-10.87986,6.47225],[-10.87986,6.47236],[-10.88014,6.47236],[-10.88014,6.47264],[-10.88069,6.47264],[-10.88069,6.47292],[-10.88125,6.47292],[-10.88125,6.4732],[-10.88181,6.4732],[-10.88181,6.47347],[-10.88208,6.47347],[-10.88208,6.47375],[-10.88236,6.47375],[-10.88236,6.47403],[-10.88319,6.47403],[-10.88319,6.47458],[-10.88375,6.47458],[-10.88375,6.47486],[-10.88403,6.47486],[-10.88403,6.47542],[-10.88458,6.47542],[-10.88458,6.47597],[-10.88486,6.47597],[-10.88486,6.47625],[-10.88542,6.47625],[-10.88542,6.47653],[-10.88597,6.47653],[-10.88597,6.47681],[-10.88625,6.47681],[-10.88625,6.47708],[-10.88681,6.47708],[-10.88681,6.47736],[-10.88708,6.47736],[-10.88708,6.47792],[-10.88764,6.47792],[-10.88764,6.47819],[-10.88792,6.47819],[-10.88792,6.47847],[-10.88875,6.47847],[-10.88875,6.47875],[-10.88903,6.47875],[-10.88903,6.47903],[-10.88958,6.47903],[-10.88958,6.47931],[-10.89014,6.47931],[-10.89014,6.47958],[-10.89042,6.47958],[-10.89042,6.47986],[-10.89097,6.47986],[-10.89097,6.48014],[-10.89125,6.48014],[-10.89125,6.48042],[-10.89153,6.48042],[-10.89153,6.48069],[-10.89181,6.48069],[-10.89181,6.48097],[-10.89236,6.48097],[-10.89236,6.48125],[-10.89286,6.48125],[-10.89286,6.48651],[-10.87861,6.48651],[-10.87861,6.47225]]]},"properties":{"region":"Bomi","district":"Klay","floods_1m":1,"floods_2m":1,"floods_3m":1,"first_flood_m":1,"nests":true}},{"type":"Feature","geometry":{"type":"Polygon","coordinates":[[[-11.03544,6.57206],[-11.04847,6.57206],[-11.04847,6.57208],[-11.04875,6.57208],[-11.04875,6.57236],[-11.04903,6.57236],[-11.04903,6.57264],[-11.0497,6.57264],[-11.0497,6.58631],[-11.03544,6.58631],[-11.03544,6.57206]]]},"properties":{"region":"Bomi","district":"Klay","floods_1m":1,"floods_2m":1,"floods_3m":1,"first_flood_m":1,"nests":true}},{"type":"Feature","geometry":{"type":"Polygon","coordinates":[[[-10.99267,6.54375],[-10.99319,6.54375],[-10.99319,6.54403],[-10.99375,6.54403],[-10.99375,6.5443],[-10.99431,6.54431],[-10.99431,6.54458],[-10.99514,6.54458],[-10.99514,6.54486],[-10.99569,6.54486],[-10.99569,6.54514],[-10.99597,6.54514],[-10.99597,6.54542],[-10.99625,6.54542],[-10.99625,6.54569],[-10.9968,6.54569],[-10.9968,6.54597],[-10.99736,6.54597],[-10.99736,6.54625],[-10.99764,6.54625],[-10.99764,6.54653],[-10.99792,6.54653],[-10.99792,6.5468],[-10.99847,6.5468],[-10.99847,6.54708],[-10.99875,6.54708],[-10.99875,6.54736],[-10.99903,6.54736],[-10.99903,6.54764],[-10.99958,6.54764],[-10.99958,6.54792],[-10.99986,6.54792],[-11.0007,6.54792],[-11.0007,6.54819],[-11.00153,6.54819],[-11.00153,6.54847],[-11.00181,6.54847],[-11.00181,6.54875],[-11.00208,6.54875],[-11.00208,6.54903],[-11.00264,6.54903],[-11.00264,6.5493],[-11.00319,6.5493],[-11.00319,6.54958],[-11.00375,6.54958],[-11.00375,6.54986],[-11.0043,6.54986],[-11.0043,6.55014],[-11.00458,6.55014],[-11.00458,6.55042],[-11.00486,6.55042],[-11.00486,6.55069],[-11.0057,6.55069],[-11.0057,6.55097],[-11.00625,6.55097],[-11.00625,6.55125],[-11.00693,6.55125],[-11.00693,6.5578],[-10.99267,6.5578],[-10.99267,6.54375]]]},"properties":{"region":"Bomi","district":"Klay","floods_1m":1,"floods_2m":1,"floods_3m":1,"first_flood_m":1,"nests":true}},{"type":"Feature","geometry":{"type":"Polygon","coordinates":[[[-10.92138,6.50097],[-10.92153,6.50097],[-10.92153,6.50125],[-10.92181,6.50125],[-10.92181,6.50153],[-10.92208,6.50153],[-10.92208,6.50181],[-10.92244,6.50181],[-10.92347,6.50181],[-10.92347,6.50208],[-10.92375,6.50208],[-10.92375,6.50264],[-10.92403,6.50264],[-10.92403,6.50319],[-10.9243,6.50319],[-10.9243,6.50347],[-10.92486,6.50347],[-10.92486,6.50403],[-10.92458,6.50403],[-10.92458,6.50458],[-10.9243,6.50458],[-10.9243,6.50597],[-10.92403,6.50597],[-10.92403,6.50625],[-10.92347,6.50625],[-10.92347,6.50653],[-10.92319,6.50653],[-10.92319,6.50708],[-10.92347,6.50708],[-10.92347,6.50736],[-10.92403,6.50736],[-10.92403,6.50708],[-10.92458,6.50708],[-10.92458,6.50681],[-10.92486,6.50681],[-10.92486,6.50653],[-10.92514,6.50653],[-10.92514,6.50625],[-10.92542,6.50625],[-10.92542,6.50597],[-10.9257,6.50597],[-10.9257,6.50569],[-10.92597,6.50569],[-10.92597,6.50514],[-10.9268,6.50514],[-10.9268,6.50486],[-10.92708,6.50486],[-10.92708,6.50625],[-10.92736,6.50625],[-10.92736,6.50653],[-10.92986,6.50653],[-10.92986,6.50681],[-10.93014,6.50681],[-10.93014,6.50708],[-10.93097,6.50708],[-10.93097,6.50736],[-10.93153,6.50736],[-10.93153,6.50764],[-10.93208,6.50764],[-10.93208,6.50819],[-10.93264,6.50819],[-10.93264,6.50847],[-10.93319,6.50847],[-10.93319,6.50875],[-10.93347,6.50875],[-10.93347,6.50903],[-10.93403,6.50903],[-10.93403,6.50931],[-10.93431,6.50931],[-10.93431,6.50958],[-10.93514,6.50958],[-10.93514,6.50986],[-10.93542,6.50986],[-10.93542,6.51014],[-10.93564,6.51014],[-10.93564,6.51502],[-10.92138,6.51502],[-10.92138,6.50097]]]},"properties":{"region":"Bomi","district":"Klay","floods_1m":1,"floods_2m":1,"floods_3m":1,"first_flood_m":1,"nests":true}},{"type":"Feature","geometry":{"type":"Polygon","coordinates":[[[-11.3206,6.69042],[-11.32208,6.69042],[-11.32208,6.69069],[-11.32264,6.69069],[-11.32264,6.69097],[-11.32347,6.69097],[-11.32347,6.69125],[-11.32403,6.69125],[-11.32403,6.69153],[-11.32458,6.69153],[-11.32458,6.69181],[-11.32514,6.69181],[-11.32514,6.69208],[-11.32597,6.69208],[-11.32597,6.69236],[-11.32653,6.69236],[-11.32653,6.69264],[-11.32708,6.69264],[-11.32708,6.69292],[-11.32792,6.69292],[-11.32792,6.69319],[-11.32847,6.69319],[-11.32847,6.69347],[-11.3293,6.69347],[-11.3293,6.69375],[-11.32986,6.69375],[-11.32986,6.69403],[-11.3307,6.69403],[-11.3307,6.69431],[-11.33125,6.69431],[-11.33125,6.69458],[-11.33208,6.69458],[-11.33208,6.69486],[-11.33292,6.69486],[-11.33292,6.69514],[-11.33347,6.69514],[-11.33347,6.69542],[-11.3343,6.69542],[-11.3343,6.69569],[-11.33486,6.69569],[-11.33486,6.70038],[-11.3206,6.70038],[-11.3206,6.69042]]]},"properties":{"region":"Grand Cape Mount","district":"Commnwealth","floods_1m":1,"floods_2m":1,"floods_3m":1,"first_flood_m":1,"nests":true}},{"type":"Feature","geometry":{"type":"Polygon","coordinates":[[[-11.17802,6.64335],[-11.19228,6.64335],[-11.19228,6.6576],[-11.17802,6.6576],[-11.17802,6.64335]]]},"properties":{"region":"Grand Cape Mount","district":"Commnwealth","floods_1m":0,"floods_2m":1,"floods_3m":0,"first_flood_m":2,"nests":false}},{"type":"Feature","geometry":{"type":"Polygon","coordinates":[[[-11.34912,6.70069],[-11.3493,6.70069],[-11.3493,6.70097],[-11.34958,6.70097],[-11.34958,6.70125],[-11.35042,6.70125],[-11.35042,6.70153],[-11.3518,6.70153],[-11.3518,6.70181],[-11.35208,6.70181],[-11.35208,6.70208],[-11.35264,6.70209],[-11.35264,6.70236],[-11.3532,6.70236],[-11.3532,6.70264],[-11.35347,6.70264],[-11.35347,6.70292],[-11.35375,6.70292],[-11.35375,6.70375],[-11.35403,6.70375],[-11.35403,6.70403],[-11.35431,6.70403],[-11.35431,6.70431],[-11.35542,6.70431],[-11.35542,6.70458],[-11.35569,6.70458],[-11.35569,6.70486],[-11.35625,6.70486],[-11.35625,6.70514],[-11.3568,6.70514],[-11.3568,6.70542],[-11.35708,6.70542],[-11.35708,6.7057],[-11.35764,6.7057],[-11.35764,6.70597],[-11.35875,6.70597],[-11.35875,6.70625],[-11.36069,6.70625],[-11.36069,6.70653],[-11.36097,6.70653],[-11.36097,6.70681],[-11.36125,6.70681],[-11.36125,6.70708],[-11.36153,6.70708],[-11.36153,6.70736],[-11.3618,6.70736],[-11.3618,6.70764],[-11.36208,6.70764],[-11.36208,6.70792],[-11.36236,6.70792],[-11.36236,6.70847],[-11.36292,6.70847],[-11.36292,6.70875],[-11.36338,6.70875],[-11.36338,6.71464],[-11.34912,6.71464],[-11.34912,6.70069]]]},"properties":{"region":"Grand Cape Mount","district":"Commnwealth","floods_1m":1,"floods_2m":1,"floods_3m":1,"first_flood_m":1,"nests":true}},{"type":"Feature","geometry":{"type":"Polygon","coordinates":[[[-11.30634,6.68458],[-11.30653,6.68458],[-11.30653,6.68486],[-11.30708,6.68486],[-11.30708,6.68514],[-11.30764,6.68514],[-11.30764,6.68542],[-11.30847,6.68542],[-11.30847,6.6857],[-11.30903,6.6857],[-11.30903,6.68597],[-11.30986,6.68597],[-11.30986,6.68612],[-11.30634,6.68612],[-11.30634,6.68458]]]},"properties":{"region":"Grand Cape Mount","district":"Commnwealth","floods_1m":1,"floods_2m":1,"floods_3m":1,"first_flood_m":1,"nests":true}},{"type":"Feature","geometry":{"type":"Polygon","coordinates":[[[-11.30634,6.68612],[-11.30986,6.68612],[-11.30986,6.68625],[-11.31042,6.68625],[-11.31042,6.68653],[-11.31125,6.68653],[-11.31125,6.6868],[-11.31181,6.6868],[-11.31181,6.68708],[-11.31264,6.68708],[-11.31264,6.68736],[-11.31319,6.68736],[-11.31319,6.68764],[-11.31403,6.68764],[-11.31403,6.68792],[-11.31458,6.68792],[-11.31458,6.68819],[-11.31514,6.68819],[-11.31514,6.68847],[-11.31625,6.68847],[-11.31625,6.68875],[-11.31681,6.68875],[-11.31681,6.68903],[-11.31708,6.68903],[-11.31708,6.6893],[-11.31819,6.6893],[-11.31819,6.68958],[-11.31847,6.68958],[-11.31847,6.68986],[-11.31903,6.68986],[-11.31903,6.69014],[-11.31958,6.69014],[-11.31958,6.69042],[-11.3206,6.69042],[-11.3206,6.70038],[-11.30634,6.70038],[-11.30634,6.68612]]]},"properties":{"region":"Grand Cape Mount","district":"Commnwealth","floods_1m":1,"floods_2m":1,"floods_3m":1,"first_flood_m":1,"nests":true}},{"type":"Feature","geometry":{"type":"Polygon","coordinates":[[[-11.2208,6.67582],[-11.2208,6.67186],[-11.23505,6.67186],[-11.23505,6.6787],[-11.2208,6.67582]]]},"properties":{"region":"Grand Cape Mount","district":"Commnwealth","floods_1m":0,"floods_2m":1,"floods_3m":0,"first_flood_m":2,"nests":false}},{"type":"Feature","geometry":{"type":"Polygon","coordinates":[[[-11.16376,6.6576],[-11.17802,6.6576],[-11.17802,6.67186],[-11.16376,6.67186],[-11.16376,6.6576]]]},"properties":{"region":"Grand Cape Mount","district":"Commnwealth","floods_1m":1,"floods_2m":1,"floods_3m":1,"first_flood_m":1,"nests":true}},{"type":"Feature","geometry":{"type":"Polygon","coordinates":[[[-11.37763,6.74315],[-11.38514,6.74315],[-11.38514,6.7432],[-11.38542,6.7432],[-11.38542,6.74347],[-11.3857,6.74347],[-11.3857,6.74431],[-11.38542,6.74431],[-11.38542,6.74458],[-11.38514,6.74458],[-11.38514,6.74597],[-11.38486,6.74597],[-11.38486,6.74653],[-11.38458,6.74653],[-11.38458,6.74691],[-11.37763,6.74845],[-11.37763,6.74315]]]},"properties":{"region":"Grand Cape Mount","district":"Commnwealth","floods_1m":1,"floods_2m":1,"floods_3m":1,"first_flood_m":1,"nests":true}},{"type":"Feature","geometry":{"type":"Polygon","coordinates":[[[-11.23505,6.6576],[-11.24292,6.6576],[-11.24292,6.65764],[-11.24347,6.65764],[-11.24347,6.65792],[-11.2443,6.65792],[-11.2443,6.6582],[-11.24486,6.6582],[-11.24486,6.65847],[-11.24542,6.65847],[-11.24542,6.65875],[-11.24625,6.65875],[-11.24625,6.65903],[-11.24681,6.65903],[-11.24681,6.65931],[-11.24736,6.65931],[-11.24736,6.65958],[-11.24819,6.65958],[-11.24819,6.65986],[-11.24875,6.65986],[-11.24875,6.66014],[-11.24931,6.66014],[-11.24931,6.67186],[-11.23505,6.67186],[-11.23505,6.6576]]]},"properties":{"region":"Grand Cape Mount","district":"Commnwealth","floods_1m":1,"floods_2m":1,"floods_3m":1,"first_flood_m":1,"nests":true}},{"type":"Feature","geometry":{"type":"Polygon","coordinates":[[[-11.33486,6.70038],[-11.34681,6.70038],[-11.34681,6.70042],[-11.34792,6.70042],[-11.34792,6.70038],[-11.34819,6.70038],[-11.34819,6.70042],[-11.34875,6.70042],[-11.34875,6.70069],[-11.34912,6.70069],[-11.34912,6.71464],[-11.33486,6.71464],[-11.33486,6.70038]]]},"properties":{"region":"Grand Cape Mount","district":"Commnwealth","floods_1m":1,"floods_2m":1,"floods_3m":1,"first_flood_m":1,"nests":true}},{"type":"Feature","geometry":{"type":"Polygon","coordinates":[[[-11.36338,6.72889],[-11.37597,6.72889],[-11.37597,6.72903],[-11.37625,6.72903],[-11.37625,6.72931],[-11.37653,6.72931],[-11.37653,6.72958],[-11.3768,6.72958],[-11.3768,6.72986],[-11.37708,6.72986],[-11.37708,6.73014],[-11.37736,6.73014],[-11.37736,6.73042],[-11.37763,6.73042],[-11.37763,6.74315],[-11.36338,6.74315],[-11.36338,6.72889]]]},"properties":{"region":"Grand Cape Mount","district":"Commnwealth","floods_1m":0,"floods_2m":1,"floods_3m":0,"first_flood_m":2,"nests":false}},{"type":"Feature","geometry":{"type":"Polygon","coordinates":[[[-11.36338,6.70875],[-11.36347,6.70875],[-11.36347,6.70903],[-11.36375,6.70903],[-11.36375,6.71042],[-11.36403,6.71042],[-11.36403,6.71069],[-11.36431,6.71069],[-11.36431,6.71097],[-11.36458,6.71097],[-11.36458,6.71125],[-11.36486,6.71125],[-11.36486,6.71153],[-11.36514,6.71153],[-11.36514,6.7118],[-11.36542,6.7118],[-11.36542,6.71208],[-11.36569,6.71208],[-11.36569,6.7118],[-11.36653,6.7118],[-11.36653,6.71208],[-11.36681,6.71208],[-11.36681,6.71236],[-11.36708,6.71236],[-11.36708,6.71264],[-11.36736,6.71264],[-11.36736,6.71403],[-11.36764,6.71403],[-11.36764,6.7143],[-11.36792,6.7143],[-11.36792,6.71458],[-11.36847,6.71458],[-11.36847,6.71464],[-11.36338,6.71464],[-11.36338,6.70875]]]},"properties":{"region":"Grand Cape Mount","district":"Commnwealth","floods_1m":1,"floods_2m":1,"floods_3m":1,"first_flood_m":1,"nests":true}},{"type":"Feature","geometry":{"type":"Polygon","coordinates":[[[-11.19228,6.6576],[-11.20654,6.6576],[-11.20654,6.67186],[-11.20331,6.67186],[-11.19826,6.66936],[-11.19438,6.66808],[-11.19247,6.67186],[-11.19228,6.67186],[-11.19228,6.6576]]]},"properties":{"region":"Grand Cape Mount","district":"Commnwealth","floods_1m":0,"floods_2m":1,"floods_3m":0,"first_flood_m":2,"nests":false}},{"type":"Feature","geometry":{"type":"Polygon","coordinates":[[[-11.17802,6.6576],[-11.19228,6.6576],[-11.19228,6.67186],[-11.17802,6.67186],[-11.17802,6.6576]]]},"properties":{"region":"Grand Cape Mount","district":"Commnwealth","floods_1m":0,"floods_2m":1,"floods_3m":0,"first_flood_m":2,"nests":false}},{"type":"Feature","geometry":{"type":"Polygon","coordinates":[[[-11.14951,6.64335],[-11.16376,6.64335],[-11.16376,6.6576],[-11.14951,6.6576],[-11.14951,6.64335]]]},"properties":{"region":"Grand Cape Mount","district":"Commnwealth","floods_1m":0,"floods_2m":1,"floods_3m":0,"first_flood_m":2,"nests":false}},{"type":"Feature","geometry":{"type":"Polygon","coordinates":[[[-11.33486,6.71464],[-11.34912,6.71464],[-11.34912,6.72889],[-11.33486,6.72889],[-11.33486,6.71464]]]},"properties":{"region":"Grand Cape Mount","district":"Commnwealth","floods_1m":1,"floods_2m":1,"floods_3m":1,"first_flood_m":1,"nests":true}},{"type":"Feature","geometry":{"type":"Polygon","coordinates":[[[-10.19422,5.98748],[-10.19597,5.98748],[-10.19597,5.98764],[-10.19625,5.98764],[-10.19625,5.98792],[-10.19653,5.98792],[-10.19653,5.9882],[-10.19681,5.9882],[-10.19681,5.98847],[-10.19708,5.98847],[-10.19708,5.98875],[-10.19736,5.98875],[-10.19736,5.98931],[-10.19764,5.98931],[-10.19764,5.98986],[-10.19792,5.98986],[-10.19792,5.99042],[-10.19847,5.99042],[-10.19847,5.99069],[-10.19875,5.99069],[-10.19875,5.99125],[-10.19903,5.99125],[-10.19903,5.99181],[-10.1993,5.99181],[-10.1993,5.99292],[-10.19958,5.99292],[-10.19958,5.99431],[-10.1993,5.99431],[-10.1993,5.99458],[-10.19958,5.99458],[-10.19958,5.99514],[-10.19986,5.99514],[-10.19986,5.99542],[-10.20014,5.99542],[-10.20014,5.99597],[-10.20042,5.99597],[-10.20042,5.99653],[-10.2007,5.99653],[-10.2007,5.99681],[-10.20097,5.99681],[-10.20097,5.99708],[-10.20125,5.99708],[-10.20125,5.99764],[-10.20153,5.99764],[-10.20153,5.99792],[-10.20181,5.99792],[-10.20181,5.99819],[-10.20208,5.99819],[-10.20208,5.99847],[-10.20236,5.99847],[-10.20236,5.99875],[-10.20264,5.99875],[-10.20264,5.99903],[-10.20319,5.99903],[-10.20319,5.99931],[-10.20347,5.99931],[-10.20347,5.99958],[-10.20375,5.99958],[-10.20375,6.00014],[-10.20403,6.00014],[-10.20403,6.00042],[-10.2043,6.00042],[-10.2043,6.00069],[-10.20458,6.00069],[-10.20458,6.00125],[-10.20486,6.00125],[-10.20486,6.00174],[-10.19422,6.00174],[-10.19422,5.98748]]]},"properties":{"region":"GrandBassa","district":"District # 1","floods_1m":1,"floods_2m":1,"floods_3m":1,"first_flood_m":1,"nests":true}},{"type":"Feature","geometry":{"type":"Polygon","coordinates":[[[-11.16376,6.64335],[-11.17802,6.64335],[-11.17802,6.6576],[-11.16376,6.6576],[-11.16376,6.64335]]]},"properties":{"region":"Grand Cape Mount","district":"Commnwealth","floods_1m":1,"floods_2m":1,"floods_3m":1,"first_flood_m":1,"nests":true}},{"type":"Feature","geometry":{"type":"Polygon","coordinates":[[[-11.16376,6.67186],[-11.17802,6.67186],[-11.17802,6.68612],[-11.16376,6.68612],[-11.16376,6.67186]]]},"properties":{"region":"Grand Cape Mount","district":"Commnwealth","floods_1m":1,"floods_2m":1,"floods_3m":1,"first_flood_m":1,"nests":true}},{"type":"Feature","geometry":{"type":"Polygon","coordinates":[[[-11.33486,6.73582],[-11.33486,6.72889],[-11.34912,6.72889],[-11.34912,6.74315],[-11.34127,6.74315],[-11.33612,6.73844],[-11.33486,6.73582]]]},"properties":{"region":"Grand Cape Mount","district":"Commnwealth","floods_1m":1,"floods_2m":1,"floods_3m":1,"first_flood_m":1,"nests":true}},{"type":"Feature","geometry":{"type":"Polygon","coordinates":[[[-11.34912,6.75035],[-11.34912,6.74315],[-11.36338,6.74315],[-11.36338,6.75103],[-11.35165,6.75267],[-11.34912,6.75035]]]},"properties":{"region":"Grand Cape Mount","district":"Commnwealth","floods_1m":1,"floods_2m":1,"floods_3m":1,"first_flood_m":1,"nests":true}},{"type":"Feature","geometry":{"type":"Polygon","coordinates":[[[-11.14951,6.6281],[-11.15292,6.61874],[-11.15347,6.61875],[-11.15347,6.61903],[-11.15431,6.61903],[-11.15431,6.61931],[-11.15514,6.61931],[-11.15514,6.61958],[-11.15597,6.61958],[-11.15597,6.61986],[-11.15681,6.61986],[-11.15681,6.62014],[-11.15764,6.62014],[-11.15764,6.62042],[-11.15819,6.62042],[-11.15819,6.62069],[-11.15903,6.62069],[-11.15903,6.62097],[-11.15986,6.62097],[-11.15986,6.62125],[-11.16042,6.62125],[-11.16042,6.62153],[-11.16097,6.62153],[-11.16097,6.62181],[-11.1618,6.62181],[-11.1618,6.62208],[-11.16236,6.62208],[-11.16236,6.62236],[-11.16319,6.62236],[-11.16319,6.62264],[-11.16347,6.62264],[-11.16347,6.62292],[-11.16376,6.62292],[-11.16376,6.62909],[-11.14951,6.62909],[-11.14951,6.6281]]]},"properties":{"region":"Grand Cape Mount","district":"Commnwealth","floods_1m":1,"floods_2m":1,"floods_3m":1,"first_flood_m":1,"nests":true}},{"type":"Feature","geometry":{"type":"Polygon","coordinates":[[[-11.2208,6.64736],[-11.22097,6.64736],[-11.22097,6.64764],[-11.22153,6.64764],[-11.22153,6.64792],[-11.22208,6.64792],[-11.22208,6.64819],[-11.22264,6.64819],[-11.22264,6.64847],[-11.22292,6.64847],[-11.22292,6.64875],[-11.22403,6.64875],[-11.22403,6.64903],[-11.22458,6.64903],[-11.22458,6.6493],[-11.22486,6.64931],[-11.22486,6.64958],[-11.22542,6.64958],[-11.22542,6.64986],[-11.22597,6.64986],[-11.22597,6.65014],[-11.22653,6.65014],[-11.22653,6.65042],[-11.2268,6.65042],[-11.2268,6.65069],[-11.22792,6.65069],[-11.22792,6.65097],[-11.22819,6.65097],[-11.22819,6.65125],[-11.22847,6.65125],[-11.22847,6.65153],[-11.22931,6.65153],[-11.22931,6.6518],[-11.22986,6.6518],[-11.22986,6.65208],[-11.2307,6.65208],[-11.2307,6.65236],[-11.23125,6.65236],[-11.23125,6.65264],[-11.23181,6.65264],[-11.23181,6.65292],[-11.23236,6.65292],[-11.23236,6.65319],[-11.23292,6.65319],[-11.23292,6.65347],[-11.23375,6.65347],[-11.23375,6.65375],[-11.23431,6.65375],[-11.23431,6.65403],[-11.23486,6.65403],[-11.23486,6.6543],[-11.23505,6.6543],[-11.23505,6.6576],[-11.2208,6.6576],[-11.2208,6.64736]]]},"properties":{"region":"Grand Cape Mount","district":"Commnwealth","floods_1m":1,"floods_2m":1,"floods_3m":1,"first_flood_m":1,"nests":true}},{"type":"Feature","geometry":{"type":"Polygon","coordinates":[[[-11.33151,6.72889],[-11.33486,6.72889],[-11.33486,6.73582],[-11.33151,6.72889]]]},"properties":{"region":"Grand Cape Mount","district":"Commnwealth","floods_1m":0,"floods_2m":1,"floods_3m":0,"first_flood_m":2,"nests":false}},{"type":"Feature","geometry":{"type":"Polygon","coordinates":[[[-11.3206,6.71593],[-11.3206,6.71464],[-11.33486,6.71464],[-11.33486,6.72889],[-11.33151,6.72889],[-11.32644,6.71841],[-11.3206,6.71593]]]},"properties":{"region":"Grand Cape Mount","district":"Commnwealth","floods_1m":1,"floods_2m":1,"floods_3m":1,"first_flood_m":1,"nests":true}},{"type":"Feature","geometry":{"type":"Polygon","coordinates":[[[-11.26357,6.66681],[-11.26403,6.66681],[-11.26403,6.66708],[-11.26486,6.66708],[-11.26486,6.66736],[-11.26569,6.66736],[-11.26569,6.66764],[-11.26625,6.66764],[-11.26625,6.66792],[-11.26681,6.66792],[-11.26681,6.66819],[-11.26736,6.66819],[-11.26736,6.66847],[-11.26819,6.66847],[-11.26819,6.66875],[-11.26875,6.66875],[-11.26875,6.66903],[-11.26958,6.66903],[-11.26958,6.66931],[-11.27014,6.66931],[-11.27014,6.66958],[-11.27097,6.66958],[-11.27097,6.66986],[-11.2718,6.66986],[-11.2718,6.67014],[-11.27292,6.67014],[-11.27292,6.67042],[-11.27403,6.67042],[-11.27403,6.67069],[-11.27458,6.67069],[-11.27458,6.67097],[-11.27486,6.67097],[-11.27486,6.67125],[-11.27542,6.67125],[-11.27542,6.67153],[-11.27597,6.67153],[-11.27597,6.67181],[-11.27625,6.67181],[-11.27625,6.67186],[-11.26357,6.67186],[-11.26357,6.66681]]]},"properties":{"region":"Grand Cape Mount","district":"Commnwealth","floods_1m":1,"floods_2m":1,"floods_3m":1,"first_flood_m":1,"nests":true}},{"type":"Feature","geometry":{"type":"Polygon","coordinates":[[[-11.17802,6.67186],[-11.19228,6.67186],[-11.19228,6.67225],[-11.18981,6.67714],[-11.1898,6.68491],[-11.18738,6.68612],[-11.17802,6.68612],[-11.17802,6.67186]]]},"properties":{"region":"Grand Cape Mount","district":"Commnwealth","floods_1m":1,"floods_2m":1,"floods_3m":1,"first_flood_m":1,"nests":true}},{"type":"Feature","geometry":{"type":"Polygon","coordinates":[[[-11.23505,6.6787],[-11.23505,6.67186],[-11.24931,6.67186],[-11.24931,6.68411],[-11.24294,6.6803],[-11.23505,6.6787]]]},"properties":{"region":"Grand Cape Mount","district":"Commnwealth","floods_1m":1,"floods_2m":1,"floods_3m":1,"first_flood_m":1,"nests":true}},{"type":"Feature","geometry":{"type":"Polygon","coordinates":[[[-11.29209,6.70414],[-11.29209,6.70038],[-11.30634,6.70038],[-11.30634,6.70988],[-11.30054,6.70741],[-11.29209,6.70414]]]},"properties":{"region":"Grand Cape Mount","district":"Commnwealth","floods_1m":0,"floods_2m":1,"floods_3m":0,"first_flood_m":2,"nests":false}},{"type":"Feature","geometry":{"type":"Polygon","coordinates":[[[-11.16376,6.62292],[-11.16486,6.62292],[-11.16486,6.6232],[-11.16514,6.6232],[-11.16514,6.62347],[-11.16625,6.62347],[-11.16625,6.62375],[-11.16653,6.62375],[-11.16653,6.62403],[-11.16708,6.62403],[-11.16708,6.62431],[-11.16736,6.62431],[-11.16736,6.62403],[-11.16764,6.62403],[-11.16764,6.62431],[-11.16819,6.62431],[-11.16819,6.62458],[-11.16847,6.62458],[-11.16847,6.62431],[-11.16875,6.62431],[-11.16875,6.62458],[-11.1693,6.62458],[-11.1693,6.62486],[-11.16958,6.62486],[-11.16958,6.62514],[-11.17014,6.62514],[-11.17014,6.62542],[-11.1707,6.62542],[-11.1707,6.62597],[-11.17097,6.62597],[-11.17097,6.62625],[-11.17208,6.62625],[-11.17208,6.62653],[-11.17264,6.62653],[-11.17264,6.6268],[-11.17375,6.6268],[-11.17375,6.62708],[-11.17403,6.62708],[-11.17403,6.62736],[-11.17458,6.62736],[-11.17458,6.62764],[-11.17514,6.62764],[-11.17514,6.62792],[-11.17653,6.62792],[-11.17653,6.62819],[-11.17681,6.62819],[-11.17681,6.62847],[-11.17708,6.62847],[-11.17708,6.62875],[-11.17736,6.62875],[-11.17736,6.62903],[-11.17802,6.62903],[-11.17802,6.62909],[-11.16376,6.62909],[-11.16376,6.62292]]]},"properties":{"region":"Grand Cape Mount","district":"Commnwealth","floods_1m":1,"floods_2m":1,"floods_3m":1,"first_flood_m":1,"nests":true}},{"type":"Feature","geometry":{"type":"Polygon","coordinates":[[[-11.29209,6.67875],[-11.29236,6.67875],[-11.29236,6.67903],[-11.29292,6.67903],[-11.29292,6.67931],[-11.29347,6.67931],[-11.29347,6.67958],[-11.29431,6.67958],[-11.29431,6.67986],[-11.29542,6.67986],[-11.29542,6.68014],[-11.2957,6.68014],[-11.2957,6.68042],[-11.29597,6.68042],[-11.29597,6.6807],[-11.2968,6.6807],[-11.2968,6.68097],[-11.29736,6.68097],[-11.29736,6.68125],[-11.29792,6.68125],[-11.29792,6.68153],[-11.29875,6.68153],[-11.29875,6.68181],[-11.29958,6.68181],[-11.29958,6.68208],[-11.3007,6.68208],[-11.3007,6.68236],[-11.30153,6.68236],[-11.30153,6.68264],[-11.30236,6.68264],[-11.30236,6.68292],[-11.30319,6.68292],[-11.30319,6.6832],[-11.30403,6.6832],[-11.30403,6.68347],[-11.30458,6.68347],[-11.30458,6.68375],[-11.30514,6.68375],[-11.30514,6.68403],[-11.30569,6.68403],[-11.30569,6.68431],[-11.30597,6.68431],[-11.30597,6.68458],[-11.30634,6.68458],[-11.30634,6.68612],[-11.29209,6.68612],[-11.29209,6.67875]]]},"properties":{"region":"Grand Cape Mount","district":"Commnwealth","floods_1m":1,"floods_2m":1,"floods_3m":1,"first_flood_m":1,"nests":true}},{"type":"Feature","geometry":{"type":"Polygon","coordinates":[[[-11.19228,6.63514],[-11.19264,6.63514],[-11.19264,6.63542],[-11.1932,6.63542],[-11.1932,6.63569],[-11.19403,6.63569],[-11.19403,6.63597],[-11.19431,6.63597],[-11.19431,6.63625],[-11.19514,6.63625],[-11.19514,6.63653],[-11.19569,6.63653],[-11.19569,6.63681],[-11.19625,6.63681],[-11.19625,6.63708],[-11.19736,6.63708],[-11.19736,6.63736],[-11.19847,6.63736],[-11.19847,6.63764],[-11.19903,6.63764],[-11.19903,6.63792],[-11.19958,6.63792],[-11.19958,6.63819],[-11.19986,6.63819],[-11.19986,6.63847],[-11.20069,6.63847],[-11.20069,6.63875],[-11.20125,6.63875],[-11.20125,6.63903],[-11.20208,6.63903],[-11.20208,6.63931],[-11.20236,6.63931],[-11.20236,6.63986],[-11.20319,6.63986],[-11.20319,6.64014],[-11.20403,6.64014],[-11.20403,6.64042],[-11.20458,6.64042],[-11.20458,6.64069],[-11.20542,6.64069],[-11.20542,6.64097],[-11.20597,6.64097],[-11.20597,6.64125],[-11.20653,6.64125],[-11.20653,6.64153],[-11.20654,6.64153],[-11.20654,6.64335],[-11.19228,6.64335],[-11.19228,6.63514]]]},"properties":{"region":"Grand Cape Mount","district":"Commnwealth","floods_1m":1,"floods_2m":1,"floods_3m":1,"first_flood_m":1,"nests":true}},{"type":"Feature","geometry":{"type":"Polygon","coordinates":[[[-11.17802,6.62903],[-11.17847,6.62903],[-11.17847,6.62909],[-11.17802,6.62909],[-11.17802,6.62903]]]},"properties":{"region":"Grand Cape Mount","district":"Commnwealth","floods_1m":0,"floods_2m":1,"floods_3m":0,"first_flood_m":2,"nests":false}},{"type":"Feature","geometry":{"type":"Polygon","coordinates":[[[-11.36338,6.71464],[-11.36847,6.71464],[-11.36847,6.71486],[-11.36875,6.71486],[-11.36875,6.71514],[-11.36903,6.71514],[-11.36931,6.71514],[-11.36931,6.71542],[-11.36958,6.71542],[-11.36958,6.71597],[-11.3694,6.71597],[-11.36931,6.71597],[-11.36931,6.71625],[-11.36903,6.71625],[-11.36903,6.71653],[-11.36847,6.71653],[-11.36847,6.71681],[-11.36875,6.71681],[-11.36875,6.71708],[-11.36847,6.71708],[-11.36847,6.72042],[-11.36875,6.72042],[-11.36875,6.72014],[-11.36931,6.72014],[-11.36931,6.72042],[-11.36958,6.72042],[-11.36958,6.72069],[-11.36986,6.72069],[-11.36986,6.72097],[-11.37014,6.72097],[-11.37014,6.72125],[-11.37042,6.72125],[-11.37042,6.72153],[-11.37069,6.72153],[-11.37069,6.72181],[-11.37097,6.72181],[-11.37097,6.72208],[-11.37125,6.72208],[-11.37125,6.72236],[-11.37153,6.72236],[-11.37153,6.72292],[-11.37181,6.72292],[-11.37181,6.72347],[-11.37208,6.72347],[-11.37208,6.72403],[-11.37236,6.72403],[-11.37236,6.72486],[-11.37264,6.72486],[-11.37264,6.72569],[-11.37292,6.72569],[-11.37292,6.72653],[-11.37319,6.72653],[-11.37319,6.72708],[-11.37347,6.72708],[-11.37347,6.72736],[-11.37375,6.72736],[-11.37375,6.72764],[-11.37403,6.72764],[-11.37403,6.72792],[-11.37458,6.72792],[-11.37458,6.72819],[-11.37514,6.72819],[-11.37514,6.72847],[-11.37569,6.72847],[-11.37569,6.72875],[-11.37597,6.72875],[-11.37597,6.72889],[-11.36338,6.72889],[-11.36338,6.71464]]]},"properties":{"region":"Grand Cape Mount","district":"Commnwealth","floods_1m":1,"floods_2m":1,"floods_3m":1,"first_flood_m":1,"nests":true}},{"type":"Feature","geometry":{"type":"MultiPolygon","coordinates":[[[[-11.33486,6.69569],[-11.33486,6.69569],[-11.33486,6.69597],[-11.33569,6.69597],[-11.33569,6.69625],[-11.33653,6.69625],[-11.33653,6.69653],[-11.33736,6.69653],[-11.33736,6.69681],[-11.33792,6.69681],[-11.33792,6.69708],[-11.33875,6.69708],[-11.33875,6.69736],[-11.33958,6.69736],[-11.33958,6.69764],[-11.34042,6.69764],[-11.34042,6.69792],[-11.34097,6.69792],[-11.34097,6.69819],[-11.34181,6.69819],[-11.34181,6.69847],[-11.34264,6.69847],[-11.34264,6.69875],[-11.34347,6.69875],[-11.34347,6.69903],[-11.34403,6.69903],[-11.34403,6.69931],[-11.34486,6.69931],[-11.34486,6.69958],[-11.34542,6.69958],[-11.34542,6.69986],[-11.34625,6.69986],[-11.34625,6.70014],[-11.34681,6.70014],[-11.34681,6.70038],[-11.33486,6.70038],[-11.33486,6.69569]]],[[[-11.34819,6.70038],[-11.34792,6.70038],[-11.34792,6.70014],[-11.34819,6.70014],[-11.34819,6.70038]]]]},"properties":{"region":"Grand Cape Mount","district":"Commnwealth","floods_1m":1,"floods_2m":1,"floods_3m":1,"first_flood_m":1,"nests":true}},{"type":"Feature","geometry":{"type":"Polygon","coordinates":[[[-11.27783,6.67236],[-11.27792,6.67236],[-11.27792,6.67264],[-11.27847,6.67264],[-11.27847,6.67292],[-11.27875,6.67292],[-11.27875,6.67319],[-11.27986,6.67319],[-11.27986,6.67347],[-11.28042,6.67347],[-11.28042,6.67375],[-11.28069,6.67375],[-11.28069,6.67403],[-11.28097,6.67403],[-11.28097,6.67431],[-11.28181,6.67431],[-11.28181,6.67458],[-11.28236,6.67458],[-11.28236,6.67486],[-11.28319,6.67486],[-11.28319,6.67514],[-11.28375,6.67514],[-11.28375,6.67542],[-11.28458,6.67542],[-11.28458,6.67569],[-11.28514,6.67569],[-11.28514,6.67597],[-11.28597,6.67597],[-11.28597,6.67625],[-11.28653,6.67625],[-11.28653,6.67653],[-11.28736,6.67653],[-11.28736,6.6768],[-11.28792,6.6768],[-11.28792,6.67708],[-11.28847,6.67708],[-11.28847,6.67736],[-11.28931,6.67736],[-11.28931,6.67764],[-11.28986,6.67764],[-11.28986,6.67792],[-11.29042,6.67792],[-11.29042,6.6782],[-11.29097,6.6782],[-11.29097,6.67847],[-11.29181,6.67847],[-11.29181,6.67875],[-11.29209,6.67875],[-11.29209,6.68612],[-11.27783,6.68612],[-11.27783,6.67236]]]},"properties":{"region":"Grand Cape Mount","district":"Commnwealth","floods_1m":1,"floods_2m":1,"floods_3m":1,"first_flood_m":1,"nests":true}},{"type":"Feature","geometry":{"type":"Polygon","coordinates":[[[-11.23505,6.6543],[-11.23569,6.6543],[-11.23569,6.65458],[-11.23625,6.65458],[-11.23625,6.65486],[-11.23708,6.65486],[-11.23708,6.65514],[-11.23764,6.65514],[-11.23764,6.65542],[-11.23819,6.65542],[-11.23819,6.65569],[-11.23903,6.65569],[-11.23903,6.65597],[-11.23958,6.65597],[-11.23958,6.65625],[-11.24014,6.65625],[-11.24014,6.65653],[-11.24097,6.65653],[-11.24097,6.65681],[-11.24153,6.65681],[-11.24153,6.65708],[-11.24208,6.65708],[-11.24208,6.65736],[-11.24292,6.65736],[-11.24292,6.6576],[-11.23505,6.6576],[-11.23505,6.6543]]]},"properties":{"region":"Grand Cape Mount","district":"Commnwealth","floods_1m":1,"floods_2m":1,"floods_3m":1,"first_flood_m":1,"nests":true}},{"type":"Feature","geometry":{"type":"Polygon","coordinates":[[[-11.27783,6.69861],[-11.27783,6.68612],[-11.29209,6.68612],[-11.29209,6.70038],[-11.28239,6.70038],[-11.27783,6.69861]]]},"properties":{"region":"Grand Cape Mount","district":"Commnwealth","floods_1m":1,"floods_2m":1,"floods_3m":1,"first_flood_m":1,"nests":true}},{"type":"Feature","geometry":{"type":"Polygon","coordinates":[[[-11.29209,6.68612],[-11.30634,6.68612],[-11.30634,6.70038],[-11.29209,6.70038],[-11.29209,6.68612]]]},"properties":{"region":"Grand Cape Mount","district":"Commnwealth","floods_1m":1,"floods_2m":1,"floods_3m":1,"first_flood_m":1,"nests":true}},{"type":"Feature","geometry":{"type":"Polygon","coordinates":[[[-11.25266,6.68612],[-11.26357,6.68612],[-11.26357,6.69266],[-11.25266,6.68612]]]},"properties":{"region":"Grand Cape Mount","district":"Commnwealth","floods_1m":0,"floods_2m":1,"floods_3m":0,"first_flood_m":2,"nests":false}},{"type":"Feature","geometry":{"type":"Polygon","coordinates":[[[-11.26357,6.67186],[-11.27625,6.67186],[-11.27625,6.67208],[-11.2768,6.67208],[-11.2768,6.67236],[-11.27783,6.67236],[-11.27783,6.68612],[-11.26357,6.68612],[-11.26357,6.67186]]]},"properties":{"region":"Grand Cape Mount","district":"Commnwealth","floods_1m":1,"floods_2m":1,"floods_3m":1,"first_flood_m":1,"nests":true}},{"type":"Feature","geometry":{"type":"Polygon","coordinates":[[[-11.20654,6.6576],[-11.2208,6.6576],[-11.2208,6.67186],[-11.20654,6.67186],[-11.20654,6.6576]]]},"properties":{"region":"Grand Cape Mount","district":"Commnwealth","floods_1m":1,"floods_2m":1,"floods_3m":1,"first_flood_m":1,"nests":true}},{"type":"Feature","geometry":{"type":"Polygon","coordinates":[[[-11.30634,6.70988],[-11.30634,6.70038],[-11.3206,6.70038],[-11.3206,6.71464],[-11.31755,6.71464],[-11.30634,6.70988]]]},"properties":{"region":"Grand Cape Mount","district":"Commnwealth","floods_1m":1,"floods_2m":1,"floods_3m":1,"first_flood_m":1,"nests":true}},{"type":"Feature","geometry":{"type":"Polygon","coordinates":[[[-11.16376,6.62909],[-11.17802,6.62909],[-11.17802,6.64335],[-11.16376,6.64335],[-11.16376,6.62909]]]},"properties":{"region":"Grand Cape Mount","district":"Commnwealth","floods_1m":0,"floods_2m":1,"floods_3m":0,"first_flood_m":2,"nests":false}},{"type":"Feature","geometry":{"type":"Polygon","coordinates":[[[-11.17802,6.62909],[-11.17847,6.62909],[-11.17847,6.6293],[-11.17931,6.6293],[-11.17931,6.62958],[-11.18042,6.62958],[-11.18042,6.62986],[-11.18097,6.62986],[-11.18097,6.63014],[-11.18153,6.63014],[-11.18153,6.63042],[-11.18181,6.63042],[-11.18181,6.63069],[-11.18264,6.63069],[-11.18264,6.63097],[-11.18319,6.63097],[-11.18319,6.63125],[-11.18375,6.63125],[-11.18375,6.63153],[-11.1843,6.63153],[-11.1843,6.6318],[-11.18542,6.6318],[-11.18542,6.63208],[-11.18597,6.63208],[-11.18597,6.63236],[-11.18653,6.63236],[-11.18653,6.63264],[-11.18708,6.63264],[-11.18708,6.63292],[-11.18736,6.63292],[-11.18736,6.63319],[-11.18847,6.63319],[-11.18847,6.63347],[-11.18903,6.63347],[-11.18903,6.63375],[-11.18958,6.63375],[-11.18958,6.63403],[-11.19042,6.63403],[-11.19042,6.63431],[-11.19097,6.63431],[-11.19097,6.63458],[-11.19125,6.63458],[-11.19125,6.63486],[-11.19208,6.63486],[-11.19208,6.63514],[-11.19228,6.63514],[-11.19228,6.64335],[-11.17802,6.64335],[-11.17802,6.62909]]]},"properties":{"region":"Grand Cape Mount","district":"Commnwealth","floods_1m":1,"floods_2m":1,"floods_3m":1,"first_flood_m":1,"nests":true}},{"type":"Feature","geometry":{"type":"Polygon","coordinates":[[[-11.14951,6.6576],[-11.16376,6.6576],[-11.16376,6.67186],[-11.14951,6.67186],[-11.14951,6.6576]]]},"properties":{"region":"Grand Cape Mount","district":"Commnwealth","floods_1m":1,"floods_2m":1,"floods_3m":1,"first_flood_m":1,"nests":true}},{"type":"Feature","geometry":{"type":"Polygon","coordinates":[[[-11.37763,6.73042],[-11.37764,6.73042],[-11.37764,6.73069],[-11.37819,6.73069],[-11.37819,6.73082],[-11.37819,6.73097],[-11.37875,6.73097],[-11.37875,6.73125],[-11.37931,6.73125],[-11.37931,6.73153],[-11.37958,6.73153],[-11.37958,6.7318],[-11.37986,6.73181],[-11.37986,6.73236],[-11.38014,6.73236],[-11.38014,6.73347],[-11.38042,6.73347],[-11.38042,6.7343],[-11.3807,6.7343],[-11.3807,6.73486],[-11.38097,6.73486],[-11.38097,6.73514],[-11.38125,6.73514],[-11.38125,6.73569],[-11.38153,6.73569],[-11.38153,6.73633],[-11.38153,6.73653],[-11.38165,6.73653],[-11.38181,6.73653],[-11.38181,6.7368],[-11.38208,6.7368],[-11.38208,6.73708],[-11.38264,6.73708],[-11.38264,6.73736],[-11.38292,6.73736],[-11.38292,6.73764],[-11.38319,6.73764],[-11.38319,6.73792],[-11.38375,6.73792],[-11.38375,6.73819],[-11.38403,6.73819],[-11.38403,6.73847],[-11.38431,6.73847],[-11.38431,6.74097],[-11.38458,6.74097],[-11.38458,6.74236],[-11.38486,6.74236],[-11.38486,6.74264],[-11.38514,6.74264],[-11.38514,6.74315],[-11.37763,6.74315],[-11.37763,6.73042]]]},"properties":{"region":"Grand Cape Mount","district":"Commnwealth","floods_1m":1,"floods_2m":1,"floods_3m":1,"first_flood_m":1,"nests":true}},{"type":"Feature","geometry":{"type":"Polygon","coordinates":[[[-11.20654,6.67294],[-11.20654,6.67186],[-11.2208,6.67186],[-11.2208,6.67582],[-11.20654,6.67294]]]},"properties":{"region":"Grand Cape Mount","district":"Commnwealth","floods_1m":1,"floods_2m":1,"floods_3m":1,"first_flood_m":1,"nests":true}},{"type":"Feature","geometry":{"type":"Polygon","coordinates":[[[-11.34127,6.74315],[-11.34912,6.74315],[-11.34912,6.75035],[-11.34127,6.74315]]]},"properties":{"region":"Grand Cape Mount","district":"Commnwealth","floods_1m":1,"floods_2m":1,"floods_3m":1,"first_flood_m":1,"nests":true}},{"type":"Feature","geometry":{"type":"Polygon","coordinates":[[[-11.20654,6.64335],[-11.21069,6.64335],[-11.21069,6.64347],[-11.21125,6.64347],[-11.21125,6.64375],[-11.21264,6.64375],[-11.21264,6.64403],[-11.21292,6.64403],[-11.21292,6.64431],[-11.21347,6.64431],[-11.21347,6.64458],[-11.21486,6.64458],[-11.21486,6.64486],[-11.21542,6.64486],[-11.21542,6.64514],[-11.21597,6.64514],[-11.21597,6.64542],[-11.21653,6.64542],[-11.21653,6.64569],[-11.21708,6.64569],[-11.21708,6.64597],[-11.21764,6.64597],[-11.21764,6.64625],[-11.21792,6.64625],[-11.21792,6.64653],[-11.21819,6.64653],[-11.21819,6.64681],[-11.21958,6.64681],[-11.21958,6.64708],[-11.22069,6.64708],[-11.22069,6.64736],[-11.2208,6.64736],[-11.2208,6.6576],[-11.20654,6.6576],[-11.20654,6.64335]]]},"properties":{"region":"Grand Cape Mount","district":"Commnwealth","floods_1m":1,"floods_2m":1,"floods_3m":1,"first_flood_m":1,"nests":true}},{"type":"Feature","geometry":{"type":"Polygon","coordinates":[[[-11.24931,6.66014],[-11.24958,6.66014],[-11.24958,6.66042],[-11.25014,6.66042],[-11.25014,6.6607],[-11.2507,6.6607],[-11.2507,6.66097],[-11.25153,6.66097],[-11.25153,6.66125],[-11.25208,6.66125],[-11.25208,6.66153],[-11.25264,6.66153],[-11.25264,6.66181],[-11.2532,6.66181],[-11.2532,6.66208],[-11.25375,6.66208],[-11.25375,6.66236],[-11.25458,6.66236],[-11.25458,6.66264],[-11.25514,6.66264],[-11.25514,6.66292],[-11.25569,6.66292],[-11.25569,6.6632],[-11.25625,6.6632],[-11.25625,6.66347],[-11.25681,6.66347],[-11.25681,6.66375],[-11.25736,6.66375],[-11.25736,6.66403],[-11.25819,6.66403],[-11.25819,6.66431],[-11.25875,6.66431],[-11.25875,6.66458],[-11.25931,6.66458],[-11.25931,6.66486],[-11.25986,6.66486],[-11.25986,6.66514],[-11.26042,6.66514],[-11.26042,6.66542],[-11.26097,6.66542],[-11.26097,6.66569],[-11.26181,6.66569],[-11.26181,6.66597],[-11.26236,6.66597],[-11.26236,6.66625],[-11.26292,6.66625],[-11.26292,6.66653],[-11.26347,6.66653],[-11.26347,6.66681],[-11.26357,6.66681],[-11.26357,6.67186],[-11.24931,6.67186],[-11.24931,6.66014]]]},"properties":{"region":"Grand Cape Mount","district":"Commnwealth","floods_1m":1,"floods_2m":1,"floods_3m":1,"first_flood_m":1,"nests":true}},{"type":"Feature","geometry":{"type":"Polygon","coordinates":[[[-11.3206,6.70038],[-11.33486,6.70038],[-11.33486,6.71464],[-11.3206,6.71464],[-11.3206,6.70038]]]},"properties":{"region":"Grand Cape Mount","district":"Commnwealth","floods_1m":1,"floods_2m":1,"floods_3m":1,"first_flood_m":1,"nests":true}},{"type":"Feature","geometry":{"type":"Polygon","coordinates":[[[-11.20654,6.64153],[-11.20708,6.64153],[-11.20708,6.64181],[-11.20792,6.64181],[-11.20792,6.64208],[-11.20819,6.64208],[-11.20819,6.64236],[-11.20903,6.64236],[-11.20903,6.64264],[-11.21014,6.64264],[-11.21014,6.64292],[-11.21042,6.64292],[-11.21042,6.64319],[-11.21069,6.64319],[-11.21069,6.64335],[-11.20654,6.64335],[-11.20654,6.64153]]]},"properties":{"region":"Grand Cape Mount","district":"Commnwealth","floods_1m":1,"floods_2m":1,"floods_3m":1,"first_flood_m":1,"nests":true}},{"type":"Feature","geometry":{"type":"Polygon","coordinates":[[[-11.33486,6.78593],[-11.34912,6.78593],[-11.34912,6.80018],[-11.33486,6.80018],[-11.33486,6.78593]]]},"properties":{"region":"Grand Cape Mount","district":"Garwula","floods_1m":0,"floods_2m":1,"floods_3m":0,"first_flood_m":2,"nests":false}},{"type":"Feature","geometry":{"type":"Polygon","coordinates":[[[-11.23505,6.80018],[-11.24931,6.80018],[-11.24931,6.81444],[-11.23505,6.81444],[-11.23505,6.80018]]]},"properties":{"region":"Grand Cape Mount","district":"Garwula","floods_1m":1,"floods_2m":1,"floods_3m":1,"first_flood_m":1,"nests":true}},{"type":"Feature","geometry":{"type":"Polygon","coordinates":[[[-11.30634,6.84296],[-11.3206,6.84296],[-11.3206,6.85722],[-11.30634,6.85722],[-11.30634,6.84296]]]},"properties":{"region":"Grand Cape Mount","district":"Garwula","floods_1m":1,"floods_2m":1,"floods_3m":1,"first_flood_m":1,"nests":true}},{"type":"Feature","geometry":{"type":"Polygon","coordinates":[[[-11.06396,6.58489],[-11.06396,6.57847],[-11.06403,6.57847],[-11.06403,6.57875],[-11.06458,6.57875],[-11.06458,6.57903],[-11.06542,6.57903],[-11.06542,6.57931],[-11.0657,6.57931],[-11.0657,6.57986],[-11.06681,6.57986],[-11.06681,6.58014],[-11.06736,6.58014],[-11.06736,6.58042],[-11.06792,6.58042],[-11.06792,6.5807],[-11.06875,6.5807],[-11.06875,6.58097],[-11.06903,6.58097],[-11.06903,6.58125],[-11.06931,6.58125],[-11.06931,6.58153],[-11.06986,6.58153],[-11.06986,6.58181],[-11.07042,6.58181],[-11.07042,6.58208],[-11.07069,6.58208],[-11.07069,6.58236],[-11.07097,6.58236],[-11.07097,6.58264],[-11.07181,6.58264],[-11.07181,6.58292],[-11.07236,6.58292],[-11.07236,6.58319],[-11.07264,6.58319],[-11.07264,6.58347],[-11.07375,6.58347],[-11.07375,6.58375],[-11.07431,6.58375],[-11.07431,6.58403],[-11.07458,6.58403],[-11.07458,6.58431],[-11.07542,6.58431],[-11.07542,6.58458],[-11.07625,6.58458],[-11.07625,6.58486],[-11.07653,6.58486],[-11.07653,6.58514],[-11.07736,6.58514],[-11.07736,6.58542],[-11.07792,6.58542],[-11.07792,6.58569],[-11.07822,6.58569],[-11.07822,6.58631],[-11.06436,6.58631],[-11.06431,6.58602],[-11.06396,6.58489]]]},"properties":{"region":"Grand Cape Mount","district":"Garwula","floods_1m":1,"floods_2m":1,"floods_3m":1,"first_flood_m":1,"nests":true}},{"type":"Feature","geometry":{"type":"Polygon","coordinates":[[[-10.16571,5.97542],[-10.16597,5.97542],[-10.16597,5.97569],[-10.16625,5.97569],[-10.16625,5.97597],[-10.16764,5.97597],[-10.16764,5.97625],[-10.16819,5.97625],[-10.16819,5.97653],[-10.16847,5.97653],[-10.16847,5.97681],[-10.16903,5.97681],[-10.16903,5.97708],[-10.1693,5.97708],[-10.1693,5.97736],[-10.17097,5.97736],[-10.17097,5.97764],[-10.17292,5.97764],[-10.17292,5.97792],[-10.17347,5.97792],[-10.17347,5.9782],[-10.17486,5.9782],[-10.17486,5.97847],[-10.17514,5.97847],[-10.17514,5.9782],[-10.17542,5.9782],[-10.17542,5.97847],[-10.17597,5.97847],[-10.17597,5.97875],[-10.17653,5.97875],[-10.17653,5.97847],[-10.17708,5.97847],[-10.17708,5.97875],[-10.17792,5.97875],[-10.17792,5.97903],[-10.17819,5.97903],[-10.17819,5.97931],[-10.17875,5.97931],[-10.17875,5.97958],[-10.17931,5.97958],[-10.17931,5.97986],[-10.17986,5.97986],[-10.17986,5.98014],[-10.17996,5.98014],[-10.17996,5.98748],[-10.16571,5.98748],[-10.16571,5.97542]]]},"properties":{"region":"GrandBassa","district":"District # 1","floods_1m":1,"floods_2m":1,"floods_3m":1,"first_flood_m":1,"nests":true}},{"type":"Feature","geometry":{"type":"Polygon","coordinates":[[[-11.34912,6.78593],[-11.36338,6.78593],[-11.36338,6.80018],[-11.34912,6.80018],[-11.34912,6.78593]]]},"properties":{"region":"Grand Cape Mount","district":"Garwula","floods_1m":1,"floods_2m":1,"floods_3m":1,"first_flood_m":1,"nests":true}},{"type":"Feature","geometry":{"type":"Polygon","coordinates":[[[-11.07822,6.58631],[-11.07986,6.58631],[-11.07986,6.58653],[-11.08042,6.58653],[-11.08042,6.58681],[-11.08097,6.58681],[-11.08097,6.58708],[-11.08153,6.58708],[-11.08153,6.58736],[-11.08181,6.58736],[-11.08181,6.58764],[-11.08236,6.58764],[-11.08236,6.58792],[-11.08292,6.58792],[-11.08292,6.58819],[-11.08319,6.58819],[-11.08319,6.58847],[-11.0843,6.58847],[-11.0843,6.58875],[-11.08514,6.58875],[-11.08514,6.58903],[-11.08625,6.58903],[-11.08625,6.58931],[-11.08681,6.58931],[-11.08681,6.58958],[-11.08736,6.58958],[-11.08736,6.58986],[-11.08764,6.58986],[-11.08764,6.59014],[-11.08792,6.59014],[-11.08792,6.59069],[-11.08819,6.59069],[-11.08819,6.59097],[-11.08792,6.59097],[-11.08792,6.59153],[-11.08764,6.59153],[-11.08764,6.59208],[-11.08819,6.59208],[-11.08819,6.59236],[-11.08847,6.59236],[-11.08847,6.59125],[-11.08875,6.59125],[-11.08875,6.59097],[-11.08986,6.59097],[-11.08986,6.59125],[-11.09014,6.59125],[-11.09014,6.59153],[-11.0907,6.59153],[-11.0907,6.59181],[-11.09153,6.59181],[-11.09153,6.59208],[-11.09208,6.59208],[-11.09208,6.59236],[-11.09247,6.59236],[-11.09247,6.60057],[-11.07822,6.60057],[-11.07822,6.58631]]]},"properties":{"region":"Grand Cape Mount","district":"Garwula","floods_1m":1,"floods_2m":1,"floods_3m":1,"first_flood_m":1,"nests":true}},{"type":"Feature","geometry":{"type":"Polygon","coordinates":[[[-11.34912,6.77167],[-11.36338,6.77167],[-11.36338,6.78593],[-11.34912,6.78593],[-11.34912,6.77167]]]},"properties":{"region":"Grand Cape Mount","district":"Garwula","floods_1m":1,"floods_2m":1,"floods_3m":1,"first_flood_m":1,"nests":true}},{"type":"Feature","geometry":{"type":"Polygon","coordinates":[[[-11.3206,6.85722],[-11.33486,6.85722],[-11.33486,6.87147],[-11.3206,6.87147],[-11.3206,6.85722]]]},"properties":{"region":"Grand Cape Mount","district":"Garwula","floods_1m":0,"floods_2m":1,"floods_3m":0,"first_flood_m":2,"nests":false}},{"type":"Feature","geometry":{"type":"Polygon","coordinates":[[[-11.24931,6.72889],[-11.26357,6.72889],[-11.26357,6.74315],[-11.24931,6.74315],[-11.24931,6.72889]]]},"properties":{"region":"Grand Cape Mount","district":"Garwula","floods_1m":0,"floods_2m":1,"floods_3m":0,"first_flood_m":2,"nests":false}},{"type":"Feature","geometry":{"type":"Polygon","coordinates":[[[-11.23505,6.77167],[-11.24931,6.77167],[-11.24931,6.78593],[-11.23505,6.78593],[-11.23505,6.77167]]]},"properties":{"region":"Grand Cape Mount","district":"Garwula","floods_1m":0,"floods_2m":1,"floods_3m":0,"first_flood_m":2,"nests":false}},{"type":"Feature","geometry":{"type":"Polygon","coordinates":[[[-11.19228,6.77167],[-11.20654,6.77167],[-11.20654,6.78593],[-11.19228,6.78593],[-11.19228,6.77167]]]},"properties":{"region":"Grand Cape Mount","district":"Garwula","floods_1m":0,"floods_2m":1,"floods_3m":0,"first_flood_m":2,"nests":false}},{"type":"Feature","geometry":{"type":"Polygon","coordinates":[[[-11.2208,6.68612],[-11.23505,6.68612],[-11.23505,6.70038],[-11.2208,6.70038],[-11.2208,6.68612]]]},"properties":{"region":"Grand Cape Mount","district":"Garwula","floods_1m":0,"floods_2m":1,"floods_3m":0,"first_flood_m":2,"nests":false}},{"type":"Feature","geometry":{"type":"Polygon","coordinates":[[[-11.27783,6.84296],[-11.29209,6.84296],[-11.29209,6.85722],[-11.27783,6.85722],[-11.27783,6.84296]]]},"properties":{"region":"Grand Cape Mount","district":"Garwula","floods_1m":0,"floods_2m":1,"floods_3m":0,"first_flood_m":2,"nests":false}},{"type":"Feature","geometry":{"type":"Polygon","coordinates":[[[-11.20654,6.70038],[-11.2208,6.70038],[-11.2208,6.71464],[-11.20654,6.71464],[-11.20654,6.70038]]]},"properties":{"region":"Grand Cape Mount","district":"Garwula","floods_1m":0,"floods_2m":1,"floods_3m":0,"first_flood_m":2,"nests":false}},{"type":"Feature","geometry":{"type":"Polygon","coordinates":[[[-11.2208,6.67582],[-11.23505,6.6787],[-11.23505,6.68612],[-11.2208,6.68612],[-11.2208,6.67582]]]},"properties":{"region":"Grand Cape Mount","district":"Garwula","floods_1m":0,"floods_2m":1,"floods_3m":0,"first_flood_m":2,"nests":false}},{"type":"Feature","geometry":{"type":"Polygon","coordinates":[[[-10.17996,5.98014],[-10.18042,5.98014],[-10.18042,5.98042],[-10.18153,5.98042],[-10.18153,5.98069],[-10.18236,5.98069],[-10.18236,5.98097],[-10.18292,5.98097],[-10.18292,5.98125],[-10.18347,5.98125],[-10.18347,5.98153],[-10.18403,5.98153],[-10.18403,5.9818],[-10.18458,5.9818],[-10.18458,5.98208],[-10.18569,5.98208],[-10.18569,5.98236],[-10.18625,5.98236],[-10.18625,5.98264],[-10.18708,5.98264],[-10.18708,5.98292],[-10.18764,5.98292],[-10.18764,5.98319],[-10.18792,5.98319],[-10.18792,5.98347],[-10.18847,5.98347],[-10.18847,5.98375],[-10.18875,5.98375],[-10.18875,5.98403],[-10.18931,5.98403],[-10.18931,5.9843],[-10.19014,5.9843],[-10.19014,5.98458],[-10.19097,5.98458],[-10.19097,5.98486],[-10.19153,5.98486],[-10.19153,5.98514],[-10.19208,5.98514],[-10.19208,5.98542],[-10.19236,5.98542],[-10.19236,5.98569],[-10.19292,5.98569],[-10.19292,5.98597],[-10.19347,5.98597],[-10.19347,5.98625],[-10.19381,5.98625],[-10.19403,5.98625],[-10.19403,5.98653],[-10.19422,5.98653],[-10.19422,5.98748],[-10.17996,5.98748],[-10.17996,5.98014]]]},"properties":{"region":"GrandBassa","district":"District # 1","floods_1m":1,"floods_2m":1,"floods_3m":1,"first_flood_m":1,"nests":true}},{"type":"Feature","geometry":{"type":"Polygon","coordinates":[[[-11.20654,6.75741],[-11.2208,6.75741],[-11.2208,6.77167],[-11.20654,6.77167],[-11.20654,6.75741]]]},"properties":{"region":"Grand Cape Mount","district":"Garwula","floods_1m":0,"floods_2m":1,"floods_3m":0,"first_flood_m":2,"nests":false}},{"type":"Feature","geometry":{"type":"Polygon","coordinates":[[[-11.19228,6.67225],[-11.19247,6.67186],[-11.20331,6.67186],[-11.20475,6.67258],[-11.20654,6.67294],[-11.20654,6.68612],[-11.19228,6.68612],[-11.19228,6.67225]]]},"properties":{"region":"Grand Cape Mount","district":"Garwula","floods_1m":1,"floods_2m":1,"floods_3m":1,"first_flood_m":1,"nests":true}},{"type":"Feature","geometry":{"type":"Polygon","coordinates":[[[-11.19228,6.71464],[-11.20654,6.71464],[-11.20654,6.72889],[-11.19228,6.72889],[-11.19228,6.71464]]]},"properties":{"region":"Grand Cape Mount","district":"Garwula","floods_1m":0,"floods_2m":1,"floods_3m":0,"first_flood_m":2,"nests":false}},{"type":"Feature","geometry":{"type":"MultiPolygon","coordinates":[[[[-11.36338,6.77097],[-11.36347,6.77097],[-11.36347,6.77167],[-11.36338,6.77167],[-11.36338,6.77097]]],[[[-11.36338,6.75741],[-11.37486,6.75741],[-11.37486,6.75764],[-11.37458,6.75764],[-11.37458,6.75847],[-11.37403,6.75847],[-11.37403,6.75875],[-11.37375,6.75875],[-11.37375,6.75958],[-11.37347,6.75958],[-11.37347,6.75986],[-11.37319,6.75986],[-11.37319,6.76069],[-11.37264,6.76069],[-11.37264,6.76125],[-11.37236,6.76125],[-11.37236,6.76153],[-11.37181,6.76153],[-11.37181,6.76208],[-11.37153,6.76208],[-11.37153,6.76236],[-11.37125,6.76236],[-11.37125,6.76292],[-11.37097,6.76292],[-11.37097,6.7632],[-11.37042,6.7632],[-11.37042,6.76403],[-11.37014,6.76403],[-11.37014,6.76458],[-11.36986,6.76458],[-11.36986,6.76542],[-11.36958,6.76542],[-11.36958,6.76597],[-11.36931,6.76597],[-11.36931,6.76681],[-11.36903,6.76681],[-11.36903,6.76847],[-11.36875,6.76847],[-11.36875,6.76875],[-11.36819,6.76875],[-11.36819,6.76931],[-11.36792,6.76931],[-11.36792,6.76736],[-11.36764,6.76736],[-11.36764,6.76764],[-11.36681,6.76764],[-11.36681,6.76708],[-11.3664,6.76708],[-11.36486,6.76708],[-11.36486,6.76736],[-11.36347,6.76736],[-11.36347,6.76958],[-11.36375,6.76958],[-11.36375,6.76986],[-11.36347,6.76986],[-11.36347,6.77069],[-11.36338,6.77069],[-11.36338,6.75741]]]]},"properties":{"region":"Grand Cape Mount","district":"Garwula","floods_1m":1,"floods_2m":1,"floods_3m":1,"first_flood_m":1,"nests":true}},{"type":"Feature","geometry":{"type":"Polygon","coordinates":[[[-11.37763,6.74845],[-11.38458,6.74691],[-11.38458,6.74708],[-11.38431,6.74708],[-11.38431,6.74764],[-11.38403,6.74764],[-11.38403,6.74819],[-11.38375,6.74819],[-11.38375,6.74847],[-11.38319,6.74847],[-11.38319,6.74903],[-11.38264,6.74903],[-11.38264,6.74931],[-11.38208,6.74931],[-11.38208,6.74958],[-11.38181,6.74958],[-11.38181,6.74986],[-11.38153,6.74986],[-11.38153,6.75014],[-11.38125,6.75014],[-11.38125,6.75069],[-11.38097,6.75069],[-11.38097,6.75097],[-11.3807,6.75097],[-11.3807,6.75181],[-11.38042,6.75181],[-11.38042,6.75208],[-11.38014,6.75208],[-11.38014,6.75236],[-11.37986,6.75236],[-11.37986,6.75264],[-11.37958,6.75264],[-11.37958,6.75292],[-11.37903,6.75292],[-11.37903,6.75319],[-11.37875,6.75319],[-11.37875,6.75347],[-11.37847,6.75347],[-11.37847,6.75375],[-11.37819,6.75375],[-11.37819,6.75403],[-11.37792,6.75403],[-11.37792,6.75431],[-11.37763,6.75431],[-11.37763,6.74845]]]},"properties":{"region":"Grand Cape Mount","district":"Garwula","floods_1m":1,"floods_2m":1,"floods_3m":1,"first_flood_m":1,"nests":true}},{"type":"Feature","geometry":{"type":"Polygon","coordinates":[[[-11.33486,6.80018],[-11.34912,6.80018],[-11.34912,6.81444],[-11.33486,6.81444],[-11.33486,6.80018]]]},"properties":{"region":"Grand Cape Mount","district":"Garwula","floods_1m":0,"floods_2m":1,"floods_3m":0,"first_flood_m":2,"nests":false}},{"type":"Feature","geometry":{"type":"Polygon","coordinates":[[[-11.27783,6.71464],[-11.29209,6.71464],[-11.29209,6.72889],[-11.27783,6.72889],[-11.27783,6.71464]]]},"properties":{"region":"Grand Cape Mount","district":"Garwula","floods_1m":0,"floods_2m":1,"floods_3m":0,"first_flood_m":2,"nests":false}},{"type":"Feature","geometry":{"type":"Polygon","coordinates":[[[-11.23505,6.71464],[-11.24931,6.71464],[-11.24931,6.72889],[-11.23505,6.72889],[-11.23505,6.71464]]]},"properties":{"region":"Grand Cape Mount","district":"Garwula","floods_1m":0,"floods_2m":1,"floods_3m":0,"first_flood_m":2,"nests":false}},{"type":"Feature","geometry":{"type":"Polygon","coordinates":[[[-11.27783,6.78593],[-11.29209,6.78593],[-11.29209,6.80018],[-11.27783,6.80018],[-11.27783,6.78593]]]},"properties":{"region":"Grand Cape Mount","district":"Garwula","floods_1m":1,"floods_2m":1,"floods_3m":1,"first_flood_m":1,"nests":true}},{"type":"Feature","geometry":{"type":"Polygon","coordinates":[[[-11.20331,6.67186],[-11.19247,6.67186],[-11.19438,6.66808],[-11.19826,6.66936],[-11.20331,6.67186]]]},"properties":{"region":"Grand Cape Mount","district":"Garwula","floods_1m":1,"floods_2m":1,"floods_3m":1,"first_flood_m":1,"nests":true}},{"type":"Feature","geometry":{"type":"Polygon","coordinates":[[[-11.30634,6.77167],[-11.3206,6.77167],[-11.3206,6.78593],[-11.30634,6.78593],[-11.30634,6.77167]]]},"properties":{"region":"Grand Cape Mount","district":"Garwula","floods_1m":0,"floods_2m":1,"floods_3m":0,"first_flood_m":2,"nests":false}},{"type":"Feature","geometry":{"type":"Polygon","coordinates":[[[-11.2208,6.77167],[-11.23505,6.77167],[-11.23505,6.78593],[-11.2208,6.78593],[-11.2208,6.77167]]]},"properties":{"region":"Grand Cape Mount","district":"Garwula","floods_1m":0,"floods_2m":1,"floods_3m":0,"first_flood_m":2,"nests":false}},{"type":"Feature","geometry":{"type":"Polygon","coordinates":[[[-11.26357,6.77167],[-11.27783,6.77167],[-11.27783,6.78593],[-11.26357,6.78593],[-11.26357,6.77167]]]},"properties":{"region":"Grand Cape Mount","district":"Garwula","floods_1m":0,"floods_2m":1,"floods_3m":0,"first_flood_m":2,"nests":false}},{"type":"Feature","geometry":{"type":"Polygon","coordinates":[[[-11.20654,6.74315],[-11.2208,6.74315],[-11.2208,6.75741],[-11.20654,6.75741],[-11.20654,6.74315]]]},"properties":{"region":"Grand Cape Mount","district":"Garwula","floods_1m":0,"floods_2m":1,"floods_3m":0,"first_flood_m":2,"nests":false}},{"type":"Feature","geometry":{"type":"Polygon","coordinates":[[[-11.19228,6.78593],[-11.20654,6.78593],[-11.20654,6.80018],[-11.19228,6.80018],[-11.19228,6.78593]]]},"properties":{"region":"Grand Cape Mount","district":"Garwula","floods_1m":1,"floods_2m":1,"floods_3m":1,"first_flood_m":1,"nests":true}},{"type":"Feature","geometry":{"type":"Polygon","coordinates":[[[-10.15145,5.96986],[-10.15153,5.96986],[-10.15153,5.97014],[-10.1518,5.97014],[-10.1518,5.97042],[-10.15431,5.97042],[-10.15431,5.97069],[-10.15486,5.97069],[-10.15486,5.97097],[-10.15514,5.97097],[-10.15514,5.97125],[-10.15542,5.97125],[-10.15542,5.97153],[-10.15625,5.97153],[-10.15625,5.97181],[-10.15681,5.97181],[-10.15681,5.97208],[-10.15736,5.97208],[-10.15736,5.97236],[-10.15847,5.97236],[-10.15847,5.97264],[-10.15931,5.97264],[-10.15931,5.97292],[-10.15986,5.97292],[-10.15986,5.97319],[-10.16097,5.97319],[-10.16097,5.97322],[-10.15145,5.97322],[-10.15145,5.96986]]]},"properties":{"region":"GrandBassa","district":"District # 1","floods_1m":1,"floods_2m":1,"floods_3m":1,"first_flood_m":1,"nests":true}},{"type":"Feature","geometry":{"type":"Polygon","coordinates":[[[-10.13719,5.97322],[-10.15145,5.97322],[-10.15145,5.98748],[-10.13719,5.98748],[-10.13719,5.97322]]]},"properties":{"region":"GrandBassa","district":"District # 1","floods_1m":0,"floods_2m":1,"floods_3m":0,"first_flood_m":2,"nests":false}},{"type":"Feature","geometry":{"type":"Polygon","coordinates":[[[-11.24931,6.71464],[-11.26357,6.71464],[-11.26357,6.72889],[-11.24931,6.72889],[-11.24931,6.71464]]]},"properties":{"region":"Grand Cape Mount","district":"Garwula","floods_1m":0,"floods_2m":1,"floods_3m":0,"first_flood_m":2,"nests":false}},{"type":"Feature","geometry":{"type":"Polygon","coordinates":[[[-11.33486,6.73582],[-11.33612,6.73844],[-11.34127,6.74315],[-11.33486,6.74315],[-11.33486,6.73582]]]},"properties":{"region":"Grand Cape Mount","district":"Garwula","floods_1m":1,"floods_2m":1,"floods_3m":1,"first_flood_m":1,"nests":true}},{"type":"Feature","geometry":{"type":"Polygon","coordinates":[[[-10.90712,6.49014],[-10.90736,6.49014],[-10.90736,6.49042],[-10.90764,6.49042],[-10.90764,6.49069],[-10.90819,6.49069],[-10.90819,6.49097],[-10.90847,6.49097],[-10.90847,6.49125],[-10.90875,6.49125],[-10.90875,6.49153],[-10.90903,6.49153],[-10.90903,6.49181],[-10.90958,6.49181],[-10.90958,6.49264],[-10.90986,6.49264],[-10.90986,6.49292],[-10.91014,6.49292],[-10.91014,6.49403],[-10.91042,6.49403],[-10.91042,6.49431],[-10.91069,6.49431],[-10.91069,6.49458],[-10.91097,6.49458],[-10.91097,6.49486],[-10.91153,6.49486],[-10.91153,6.49514],[-10.91208,6.49514],[-10.91208,6.49542],[-10.91236,6.49542],[-10.91236,6.4957],[-10.91319,6.4957],[-10.91319,6.49597],[-10.91375,6.49597],[-10.91375,6.49625],[-10.91403,6.49625],[-10.91403,6.49653],[-10.91431,6.49653],[-10.91431,6.49681],[-10.91458,6.49681],[-10.91458,6.49708],[-10.91486,6.49708],[-10.91486,6.49764],[-10.91514,6.49764],[-10.91514,6.49736],[-10.91542,6.49736],[-10.91542,6.49764],[-10.91597,6.49764],[-10.91597,6.49819],[-10.9168,6.4982],[-10.9168,6.49847],[-10.91736,6.49847],[-10.91736,6.49875],[-10.91792,6.49875],[-10.91792,6.49903],[-10.91819,6.49903],[-10.91819,6.4993],[-10.91903,6.4993],[-10.91903,6.49958],[-10.91931,6.49958],[-10.91931,6.50014],[-10.91958,6.50014],[-10.91958,6.50042],[-10.9207,6.50042],[-10.9207,6.50069],[-10.92125,6.50069],[-10.92125,6.50077],[-10.90712,6.50077],[-10.90712,6.49014]]]},"properties":{"region":"Bomi","district":"Klay","floods_1m":1,"floods_2m":1,"floods_3m":1,"first_flood_m":1,"nests":true}},{"type":"Feature","geometry":{"type":"Polygon","coordinates":[[[-11.29209,6.78593],[-11.30634,6.78593],[-11.30634,6.80018],[-11.29209,6.80018],[-11.29209,6.78593]]]},"properties":{"region":"Grand Cape Mount","district":"Garwula","floods_1m":1,"floods_2m":1,"floods_3m":1,"first_flood_m":1,"nests":true}},{"type":"Feature","geometry":{"type":"Polygon","coordinates":[[[-10.13719,5.96911],[-10.14226,5.96186],[-10.14316,5.96069],[-10.1432,5.96097],[-10.14347,5.96097],[-10.14347,5.96125],[-10.14431,5.96125],[-10.14431,5.96153],[-10.14458,5.96153],[-10.14458,5.9618],[-10.14486,5.9618],[-10.14486,5.96208],[-10.14514,5.96208],[-10.14514,5.96236],[-10.14542,5.96236],[-10.14542,5.96264],[-10.14569,5.96264],[-10.14569,5.96292],[-10.14597,5.96292],[-10.14597,5.96319],[-10.14625,5.96319],[-10.14625,5.96345],[-10.14625,5.96431],[-10.14653,5.96431],[-10.14653,5.96486],[-10.1468,5.96486],[-10.1468,5.96542],[-10.14736,5.96542],[-10.14736,5.96569],[-10.14764,5.96569],[-10.14764,5.96653],[-10.14736,5.96653],[-10.14736,5.96819],[-10.14792,5.96819],[-10.14792,5.96847],[-10.14847,5.96847],[-10.14847,5.96875],[-10.14875,5.96875],[-10.14875,5.96903],[-10.14903,5.96903],[-10.14903,5.96931],[-10.15042,5.96931],[-10.15042,5.96958],[-10.15097,5.96958],[-10.15097,5.96986],[-10.15145,5.96986],[-10.15145,5.97322],[-10.13719,5.97322],[-10.13719,5.96911]]]},"properties":{"region":"GrandBassa","district":"District # 1","floods_1m":1,"floods_2m":1,"floods_3m":1,"first_flood_m":1,"nests":true}},{"type":"Feature","geometry":{"type":"Polygon","coordinates":[[[-11.34912,6.75035],[-11.35165,6.75267],[-11.36338,6.75103],[-11.36338,6.75741],[-11.34912,6.75741],[-11.34912,6.75035]]]},"properties":{"region":"Grand Cape Mount","district":"Garwula","floods_1m":1,"floods_2m":1,"floods_3m":1,"first_flood_m":1,"nests":true}},{"type":"Feature","geometry":{"type":"Polygon","coordinates":[[[-10.15145,5.97322],[-10.16097,5.97322],[-10.16097,5.97347],[-10.16153,5.97347],[-10.16153,5.97375],[-10.16208,5.97375],[-10.16208,5.97403],[-10.16292,5.97403],[-10.16292,5.97431],[-10.16375,5.97431],[-10.16375,5.97458],[-10.16431,5.97458],[-10.16431,5.97486],[-10.16486,5.97486],[-10.16486,5.97514],[-10.16542,5.97514],[-10.16542,5.97542],[-10.16571,5.97542],[-10.16571,5.98748],[-10.15145,5.98748],[-10.15145,5.97322]]]},"properties":{"region":"GrandBassa","district":"District # 1","floods_1m":1,"floods_2m":1,"floods_3m":1,"first_flood_m":1,"nests":true}},{"type":"Feature","geometry":{"type":"Polygon","coordinates":[[[-11.10673,6.59931],[-11.10708,6.59931],[-11.10708,6.59958],[-11.10764,6.59958],[-11.10764,6.59986],[-11.10903,6.59986],[-11.10903,6.60014],[-11.10986,6.60014],[-11.10986,6.60042],[-11.11014,6.60042],[-11.11014,6.60057],[-11.10673,6.60057],[-11.10673,6.59931]]]},"properties":{"region":"Grand Cape Mount","district":"Garwula","floods_1m":1,"floods_2m":1,"floods_3m":1,"first_flood_m":1,"nests":true}},{"type":"Feature","geometry":{"type":"Polygon","coordinates":[[[-11.06172,6.57764],[-11.06208,6.57764],[-11.06208,6.57792],[-11.06292,6.57792],[-11.06292,6.5782],[-11.06347,6.5782],[-11.06347,6.57847],[-11.06396,6.57847],[-11.06396,6.58489],[-11.06172,6.57764]]]},"properties":{"region":"Grand Cape Mount","district":"Garwula","floods_1m":1,"floods_2m":1,"floods_3m":1,"first_flood_m":1,"nests":true}},{"type":"Feature","geometry":{"type":"Polygon","coordinates":[[[-11.2208,6.71464],[-11.23505,6.71464],[-11.23505,6.72889],[-11.2208,6.72889],[-11.2208,6.71464]]]},"properties":{"region":"Grand Cape Mount","district":"Garwula","floods_1m":0,"floods_2m":1,"floods_3m":0,"first_flood_m":2,"nests":false}},{"type":"Feature","geometry":{"type":"Polygon","coordinates":[[[-11.27783,6.72889],[-11.29209,6.72889],[-11.29209,6.74315],[-11.27783,6.74315],[-11.27783,6.72889]]]},"properties":{"region":"Grand Cape Mount","district":"Garwula","floods_1m":0,"floods_2m":1,"floods_3m":0,"first_flood_m":2,"nests":false}},{"type":"Feature","geometry":{"type":"Polygon","coordinates":[[[-11.30634,6.74315],[-11.3206,6.74315],[-11.3206,6.75741],[-11.30634,6.75741],[-11.30634,6.74315]]]},"properties":{"region":"Grand Cape Mount","district":"Garwula","floods_1m":1,"floods_2m":1,"floods_3m":1,"first_flood_m":1,"nests":true}},{"type":"Feature","geometry":{"type":"Polygon","coordinates":[[[-10.19422,6.00174],[-10.20486,6.00174],[-10.20486,6.00181],[-10.20514,6.00181],[-10.20514,6.00208],[-10.20542,6.00208],[-10.20542,6.00403],[-10.20569,6.00403],[-10.20569,6.00597],[-10.20597,6.00597],[-10.20597,6.0068],[-10.20625,6.0068],[-10.20625,6.00736],[-10.20653,6.00736],[-10.20653,6.00764],[-10.20681,6.00764],[-10.20681,6.00903],[-10.20708,6.00903],[-10.20708,6.01014],[-10.20736,6.01014],[-10.20736,6.01042],[-10.20764,6.01042],[-10.20764,6.01097],[-10.20792,6.01097],[-10.20792,6.01153],[-10.2082,6.01153],[-10.2082,6.01181],[-10.20847,6.01181],[-10.20847,6.01208],[-10.2082,6.01208],[-10.2082,6.01236],[-10.20847,6.01236],[-10.20847,6.01258],[-10.20621,6.01599],[-10.19422,6.01599],[-10.19422,6.00174]]]},"properties":{"region":"GrandBassa","district":"District # 1","floods_1m":1,"floods_2m":1,"floods_3m":1,"first_flood_m":1,"nests":true}},{"type":"Feature","geometry":{"type":"Polygon","coordinates":[[[-11.00693,6.57206],[-11.02118,6.57206],[-11.02118,6.58631],[-11.00693,6.58631],[-11.00693,6.57206]]]},"properties":{"region":"Bomi","district":"Klay","floods_1m":0,"floods_2m":1,"floods_3m":0,"first_flood_m":2,"nests":false}},{"type":"Feature","geometry":{"type":"Polygon","coordinates":[[[-11.26357,6.75741],[-11.27783,6.75741],[-11.27783,6.77167],[-11.26357,6.77167],[-11.26357,6.75741]]]},"properties":{"region":"Grand Cape Mount","district":"Garwula","floods_1m":0,"floods_2m":1,"floods_3m":0,"first_flood_m":2,"nests":false}},{"type":"Feature","geometry":{"type":"Polygon","coordinates":[[[-11.14951,6.61736],[-11.15014,6.61736],[-11.15014,6.61764],[-11.15097,6.61764],[-11.15097,6.61792],[-11.15125,6.61792],[-11.15125,6.61819],[-11.15208,6.61819],[-11.15208,6.61847],[-11.15292,6.61847],[-11.15292,6.61874],[-11.14951,6.6281],[-11.14951,6.61736]]]},"properties":{"region":"Grand Cape Mount","district":"Garwula","floods_1m":1,"floods_2m":1,"floods_3m":1,"first_flood_m":1,"nests":true}},{"type":"Feature","geometry":{"type":"Polygon","coordinates":[[[-11.17802,6.69205],[-11.17813,6.69075],[-11.18738,6.68612],[-11.19228,6.68612],[-11.19228,6.70038],[-11.17802,6.70038],[-11.17802,6.69205]]]},"properties":{"region":"Grand Cape Mount","district":"Garwula","floods_1m":0,"floods_2m":1,"floods_3m":0,"first_flood_m":2,"nests":false}},{"type":"Feature","geometry":{"type":"Polygon","coordinates":[[[-11.3206,6.72889],[-11.33151,6.72889],[-11.33486,6.73582],[-11.33486,6.74315],[-11.3206,6.74315],[-11.3206,6.72889]]]},"properties":{"region":"Grand Cape Mount","district":"Garwula","floods_1m":1,"floods_2m":1,"floods_3m":1,"first_flood_m":1,"nests":true}},{"type":"Feature","geometry":{"type":"Polygon","coordinates":[[[-11.23505,6.75741],[-11.24931,6.75741],[-11.24931,6.77167],[-11.23505,6.77167],[-11.23505,6.75741]]]},"properties":{"region":"Grand Cape Mount","district":"Garwula","floods_1m":0,"floods_2m":1,"floods_3m":0,"first_flood_m":2,"nests":false}},{"type":"Feature","geometry":{"type":"Polygon","coordinates":[[[-10.13719,5.98748],[-10.15145,5.98748],[-10.15145,6.00174],[-10.13719,6.00174],[-10.13719,5.98748]]]},"properties":{"region":"GrandBassa","district":"District # 1","floods_1m":0,"floods_2m":1,"floods_3m":0,"first_flood_m":2,"nests":false}},{"type":"Feature","geometry":{"type":"Polygon","coordinates":[[[-11.30634,6.80018],[-11.3206,6.80018],[-11.3206,6.81444],[-11.30634,6.81444],[-11.30634,6.80018]]]},"properties":{"region":"Grand Cape Mount","district":"Garwula","floods_1m":0,"floods_2m":1,"floods_3m":0,"first_flood_m":2,"nests":false}},{"type":"Feature","geometry":{"type":"Polygon","coordinates":[[[-11.3206,6.71593],[-11.32644,6.71841],[-11.33151,6.72889],[-11.3206,6.72889],[-11.3206,6.71593]]]},"properties":{"region":"Grand Cape Mount","district":"Garwula","floods_1m":1,"floods_2m":1,"floods_3m":1,"first_flood_m":1,"nests":true}},{"type":"Feature","geometry":{"type":"Polygon","coordinates":[[[-11.23505,6.70038],[-11.24931,6.70038],[-11.24931,6.71464],[-11.23505,6.71464],[-11.23505,6.70038]]]},"properties":{"region":"Grand Cape Mount","district":"Garwula","floods_1m":0,"floods_2m":1,"floods_3m":0,"first_flood_m":2,"nests":false}},{"type":"Feature","geometry":{"type":"Polygon","coordinates":[[[-11.34912,6.75741],[-11.36338,6.75741],[-11.36338,6.77069],[-11.36319,6.77069],[-11.36319,6.77097],[-11.36338,6.77097],[-11.36338,6.77167],[-11.34912,6.77167],[-11.34912,6.75741]]]},"properties":{"region":"Grand Cape Mount","district":"Garwula","floods_1m":1,"floods_2m":1,"floods_3m":1,"first_flood_m":1,"nests":true}},{"type":"Feature","geometry":{"type":"Polygon","coordinates":[[[-11.19228,6.67225],[-11.19228,6.68612],[-11.18738,6.68612],[-11.1898,6.68491],[-11.18981,6.67714],[-11.19228,6.67225]]]},"properties":{"region":"Grand Cape Mount","district":"Garwula","floods_1m":0,"floods_2m":1,"floods_3m":0,"first_flood_m":2,"nests":false}},{"type":"Feature","geometry":{"type":"Polygon","coordinates":[[[-10.90712,6.50077],[-10.92125,6.50077],[-10.92125,6.50097],[-10.92138,6.50097],[-10.92138,6.51502],[-10.90712,6.51502],[-10.90712,6.50077]]]},"properties":{"region":"Bomi","district":"Klay","floods_1m":0,"floods_2m":1,"floods_3m":0,"first_flood_m":2,"nests":false}},{"type":"Feature","geometry":{"type":"Polygon","coordinates":[[[-11.23505,6.6787],[-11.24294,6.6803],[-11.24931,6.68411],[-11.24931,6.68612],[-11.23505,6.68612],[-11.23505,6.6787]]]},"properties":{"region":"Grand Cape Mount","district":"Garwula","floods_1m":0,"floods_2m":1,"floods_3m":0,"first_flood_m":2,"nests":false}},{"type":"Feature","geometry":{"type":"Polygon","coordinates":[[[-11.33486,6.75741],[-11.34912,6.75741],[-11.34912,6.77167],[-11.33486,6.77167],[-11.33486,6.75741]]]},"properties":{"region":"Grand Cape Mount","district":"Garwula","floods_1m":1,"floods_2m":1,"floods_3m":1,"first_flood_m":1,"nests":true}},{"type":"Feature","geometry":{"type":"Polygon","coordinates":[[[-11.2208,6.70038],[-11.23505,6.70038],[-11.23505,6.71464],[-11.2208,6.71464],[-11.2208,6.70038]]]},"properties":{"region":"Grand Cape Mount","district":"Garwula","floods_1m":0,"floods_2m":1,"floods_3m":0,"first_flood_m":2,"nests":false}},{"type":"Feature","geometry":{"type":"Polygon","coordinates":[[[-11.02118,6.67186],[-11.03544,6.67186],[-11.03544,6.68612],[-11.02118,6.68612],[-11.02118,6.67186]]]},"properties":{"region":"Bomi","district":"Klay","floods_1m":1,"floods_2m":1,"floods_3m":1,"first_flood_m":1,"nests":true}},{"type":"Feature","geometry":{"type":"Polygon","coordinates":[[[-11.24931,6.78593],[-11.26357,6.78593],[-11.26357,6.80018],[-11.24931,6.80018],[-11.24931,6.78593]]]},"properties":{"region":"Grand Cape Mount","district":"Garwula","floods_1m":0,"floods_2m":1,"floods_3m":0,"first_flood_m":2,"nests":false}},{"type":"Feature","geometry":{"type":"Polygon","coordinates":[[[-11.29209,6.70414],[-11.30054,6.70741],[-11.30634,6.70988],[-11.30634,6.71464],[-11.29209,6.71464],[-11.29209,6.70414]]]},"properties":{"region":"Grand Cape Mount","district":"Garwula","floods_1m":0,"floods_2m":1,"floods_3m":0,"first_flood_m":2,"nests":false}},{"type":"Feature","geometry":{"type":"Polygon","coordinates":[[[-11.17802,6.70038],[-11.19228,6.70038],[-11.19228,6.71464],[-11.17802,6.71464],[-11.17802,6.70038]]]},"properties":{"region":"Grand Cape Mount","district":"Garwula","floods_1m":0,"floods_2m":1,"floods_3m":0,"first_flood_m":2,"nests":false}},{"type":"Feature","geometry":{"type":"Polygon","coordinates":[[[-11.27783,6.77167],[-11.29209,6.77167],[-11.29209,6.78593],[-11.27783,6.78593],[-11.27783,6.77167]]]},"properties":{"region":"Grand Cape Mount","district":"Garwula","floods_1m":0,"floods_2m":1,"floods_3m":0,"first_flood_m":2,"nests":false}},{"type":"Feature","geometry":{"type":"Polygon","coordinates":[[[-11.29209,6.71464],[-11.30634,6.71464],[-11.30634,6.72889],[-11.29209,6.72889],[-11.29209,6.71464]]]},"properties":{"region":"Grand Cape Mount","district":"Garwula","floods_1m":0,"floods_2m":1,"floods_3m":0,"first_flood_m":2,"nests":false}},{"type":"Feature","geometry":{"type":"Polygon","coordinates":[[[-11.36338,6.78593],[-11.36458,6.78593],[-11.36458,6.78681],[-11.36486,6.78681],[-11.36486,6.78792],[-11.36514,6.78792],[-11.36514,6.78903],[-11.36542,6.78903],[-11.36542,6.78958],[-11.36569,6.78958],[-11.36569,6.79014],[-11.36542,6.79014],[-11.36542,6.79292],[-11.36569,6.79292],[-11.36569,6.79375],[-11.36597,6.79375],[-11.36597,6.79458],[-11.36625,6.79458],[-11.36625,6.79542],[-11.36681,6.79542],[-11.36681,6.79653],[-11.36708,6.79653],[-11.36708,6.79708],[-11.36736,6.79708],[-11.36736,6.79764],[-11.36764,6.79764],[-11.36764,6.79847],[-11.36792,6.79847],[-11.36792,6.79958],[-11.36819,6.79958],[-11.36819,6.80018],[-11.36338,6.80018],[-11.36338,6.78593]]]},"properties":{"region":"Grand Cape Mount","district":"Garwula","floods_1m":1,"floods_2m":1,"floods_3m":1,"first_flood_m":1,"nests":true}},{"type":"Feature","geometry":{"type":"Polygon","coordinates":[[[-10.80732,6.40287],[-10.80809,6.40251],[-10.8108,6.40096],[-10.81181,6.40096],[-10.81181,6.40431],[-10.81236,6.40431],[-10.81236,6.40458],[-10.81264,6.40458],[-10.81264,6.40542],[-10.81292,6.40542],[-10.81292,6.40597],[-10.8132,6.40597],[-10.8132,6.40625],[-10.81347,6.40625],[-10.81347,6.40681],[-10.81375,6.40681],[-10.81375,6.40708],[-10.81403,6.40708],[-10.81403,6.40764],[-10.81431,6.40764],[-10.81431,6.40792],[-10.81458,6.40792],[-10.81458,6.4082],[-10.81486,6.4082],[-10.81486,6.40847],[-10.81514,6.40847],[-10.81514,6.40875],[-10.81542,6.40875],[-10.81542,6.40903],[-10.81569,6.40903],[-10.81569,6.40986],[-10.81597,6.40986],[-10.81597,6.41097],[-10.81625,6.41097],[-10.81625,6.41125],[-10.81653,6.41125],[-10.81653,6.41153],[-10.8168,6.41153],[-10.8168,6.41181],[-10.81736,6.41181],[-10.81736,6.41208],[-10.81764,6.41208],[-10.81764,6.41292],[-10.81792,6.41292],[-10.81792,6.4132],[-10.81847,6.4132],[-10.81847,6.41375],[-10.81903,6.41375],[-10.81903,6.41431],[-10.81931,6.41431],[-10.81931,6.41458],[-10.81958,6.41458],[-10.81958,6.41486],[-10.81986,6.41486],[-10.81986,6.41514],[-10.82014,6.41514],[-10.82014,6.41522],[-10.80732,6.41522],[-10.80732,6.40287]]]},"properties":{"region":"Bomi","district":"Klay","floods_1m":1,"floods_2m":1,"floods_3m":1,"first_flood_m":1,"nests":true}},{"type":"Feature","geometry":{"type":"Polygon","coordinates":[[[-11.26357,6.70038],[-11.27783,6.70038],[-11.27783,6.71464],[-11.26357,6.71464],[-11.26357,6.70038]]]},"properties":{"region":"Grand Cape Mount","district":"Garwula","floods_1m":0,"floods_2m":1,"floods_3m":0,"first_flood_m":2,"nests":false}},{"type":"Feature","geometry":{"type":"Polygon","coordinates":[[[-9.99461,5.91619],[-10.00887,5.91619],[-10.00887,5.93045],[-9.99461,5.93045],[-9.99461,5.91619]]]},"properties":{"region":"GrandBassa","district":"District # 3","floods_1m":0,"floods_2m":1,"floods_3m":0,"first_flood_m":2,"nests":false}},{"type":"Feature","geometry":{"type":"Polygon","coordinates":[[[-11.20654,6.68612],[-11.2208,6.68612],[-11.2208,6.70038],[-11.20654,6.70038],[-11.20654,6.68612]]]},"properties":{"region":"Grand Cape Mount","district":"Garwula","floods_1m":0,"floods_2m":1,"floods_3m":0,"first_flood_m":2,"nests":false}},{"type":"Feature","geometry":{"type":"Polygon","coordinates":[[[-10.02313,5.88767],[-10.03738,5.88767],[-10.03738,5.90193],[-10.02313,5.90193],[-10.02313,5.88767]]]},"properties":{"region":"GrandBassa","district":"District # 3","floods_1m":1,"floods_2m":1,"floods_3m":1,"first_flood_m":1,"nests":true}},{"type":"Feature","geometry":{"type":"Polygon","coordinates":[[[-11.19228,6.68612],[-11.20654,6.68612],[-11.20654,6.70038],[-11.19228,6.70038],[-11.19228,6.68612]]]},"properties":{"region":"Grand Cape Mount","district":"Garwula","floods_1m":1,"floods_2m":1,"floods_3m":1,"first_flood_m":1,"nests":true}},{"type":"Feature","geometry":{"type":"Polygon","coordinates":[[[-11.30634,6.72889],[-11.3206,6.72889],[-11.3206,6.74315],[-11.30634,6.74315],[-11.30634,6.72889]]]},"properties":{"region":"Grand Cape Mount","district":"Garwula","floods_1m":1,"floods_2m":1,"floods_3m":1,"first_flood_m":1,"nests":true}},{"type":"Feature","geometry":{"type":"Polygon","coordinates":[[[-11.20654,6.72889],[-11.2208,6.72889],[-11.2208,6.74315],[-11.20654,6.74315],[-11.20654,6.72889]]]},"properties":{"region":"Grand Cape Mount","district":"Garwula","floods_1m":0,"floods_2m":1,"floods_3m":0,"first_flood_m":2,"nests":false}},{"type":"Feature","geometry":{"type":"Polygon","coordinates":[[[-11.3206,6.74315],[-11.33486,6.74315],[-11.33486,6.75741],[-11.3206,6.75741],[-11.3206,6.74315]]]},"properties":{"region":"Grand Cape Mount","district":"Garwula","floods_1m":1,"floods_2m":1,"floods_3m":1,"first_flood_m":1,"nests":true}},{"type":"Feature","geometry":{"type":"Polygon","coordinates":[[[-11.39189,6.84296],[-11.39431,6.84296],[-11.39431,6.84319],[-11.39458,6.84319],[-11.39458,6.84347],[-11.39486,6.84347],[-11.39486,6.84403],[-11.39514,6.84403],[-11.39514,6.84431],[-11.39542,6.84431],[-11.39542,6.84458],[-11.39569,6.84458],[-11.39569,6.84514],[-11.39597,6.84514],[-11.39597,6.8457],[-11.39625,6.8457],[-11.39625,6.84653],[-11.39653,6.84653],[-11.39653,6.84681],[-11.39681,6.84681],[-11.39681,6.84736],[-11.39708,6.84736],[-11.39708,6.84764],[-11.39736,6.84764],[-11.39736,6.8482],[-11.39764,6.8482],[-11.39764,6.84847],[-11.39792,6.84847],[-11.39792,6.84903],[-11.39819,6.84903],[-11.39819,6.84931],[-11.39847,6.84931],[-11.39847,6.84958],[-11.39875,6.84958],[-11.39875,6.84986],[-11.39903,6.84986],[-11.39903,6.85042],[-11.39916,6.85042],[-11.39377,6.85722],[-11.39189,6.85722],[-11.39189,6.84296]]]},"properties":{"region":"Grand Cape Mount","district":"Garwula","floods_1m":1,"floods_2m":1,"floods_3m":1,"first_flood_m":1,"nests":true}},{"type":"Feature","geometry":{"type":"Polygon","coordinates":[[[-11.13525,6.61153],[-11.1357,6.61153],[-11.1357,6.61181],[-11.1368,6.61181],[-11.1368,6.61208],[-11.13792,6.61208],[-11.13792,6.61236],[-11.13847,6.61236],[-11.13847,6.61264],[-11.13875,6.61264],[-11.13875,6.61292],[-11.13986,6.61292],[-11.13986,6.61319],[-11.14042,6.61319],[-11.14042,6.61347],[-11.14069,6.61347],[-11.14069,6.61375],[-11.14125,6.61375],[-11.14125,6.61403],[-11.14208,6.61403],[-11.14208,6.61431],[-11.14292,6.61431],[-11.14292,6.61458],[-11.1432,6.61458],[-11.1432,6.61483],[-11.13525,6.61483],[-11.13525,6.61153]]]},"properties":{"region":"Grand Cape Mount","district":"Garwula","floods_1m":1,"floods_2m":1,"floods_3m":1,"first_flood_m":1,"nests":true}},{"type":"Feature","geometry":{"type":"Polygon","coordinates":[[[-11.2208,6.78593],[-11.23505,6.78593],[-11.23505,6.80018],[-11.2208,6.80018],[-11.2208,6.78593]]]},"properties":{"region":"Grand Cape Mount","district":"Garwula","floods_1m":0,"floods_2m":1,"floods_3m":0,"first_flood_m":2,"nests":false}},{"type":"Feature","geometry":{"type":"Polygon","coordinates":[[[-11.24931,6.74315],[-11.26357,6.74315],[-11.26357,6.75741],[-11.24931,6.75741],[-11.24931,6.74315]]]},"properties":{"region":"Grand Cape Mount","district":"Garwula","floods_1m":0,"floods_2m":1,"floods_3m":0,"first_flood_m":2,"nests":false}},{"type":"Feature","geometry":{"type":"Polygon","coordinates":[[[-11.12099,6.60514],[-11.12208,6.60514],[-11.12208,6.60542],[-11.12264,6.60542],[-11.12264,6.60569],[-11.12292,6.60569],[-11.12292,6.60597],[-11.12347,6.60597],[-11.12347,6.60625],[-11.12403,6.60625],[-11.12403,6.60653],[-11.12458,6.60653],[-11.12458,6.6068],[-11.12486,6.6068],[-11.12486,6.60708],[-11.12597,6.60708],[-11.12597,6.60764],[-11.12736,6.60764],[-11.12736,6.60792],[-11.12819,6.60792],[-11.12819,6.60819],[-11.12875,6.60819],[-11.12875,6.60847],[-11.12903,6.60847],[-11.12903,6.60875],[-11.12958,6.60875],[-11.12958,6.60903],[-11.13042,6.60903],[-11.13042,6.60931],[-11.13069,6.60931],[-11.13069,6.60958],[-11.13125,6.60958],[-11.13125,6.60986],[-11.13208,6.60986],[-11.13208,6.61014],[-11.13264,6.61014],[-11.13264,6.61042],[-11.13319,6.61042],[-11.13319,6.61069],[-11.13403,6.61069],[-11.13403,6.61097],[-11.13486,6.61097],[-11.13486,6.61125],[-11.13514,6.61125],[-11.13514,6.61153],[-11.13525,6.61153],[-11.13525,6.61483],[-11.12099,6.61483],[-11.12099,6.60514]]]},"properties":{"region":"Grand Cape Mount","district":"Garwula","floods_1m":1,"floods_2m":1,"floods_3m":1,"first_flood_m":1,"nests":true}},{"type":"Feature","geometry":{"type":"Polygon","coordinates":[[[-11.03544,6.56403],[-11.03625,6.56403],[-11.03625,6.56431],[-11.03681,6.56431],[-11.03681,6.56458],[-11.03736,6.56458],[-11.03736,6.56486],[-11.03764,6.56486],[-11.03764,6.56514],[-11.03792,6.56514],[-11.03792,6.56542],[-11.03847,6.56542],[-11.03847,6.56569],[-11.03875,6.56569],[-11.03875,6.56597],[-11.03986,6.56597],[-11.03986,6.56625],[-11.04014,6.56625],[-11.04014,6.56653],[-11.04069,6.56653],[-11.04069,6.5668],[-11.04125,6.5668],[-11.04125,6.56708],[-11.04264,6.56708],[-11.04264,6.56736],[-11.04347,6.56736],[-11.04347,6.56764],[-11.04375,6.56764],[-11.04375,6.56792],[-11.04486,6.56792],[-11.04486,6.56819],[-11.04569,6.56819],[-11.04569,6.56847],[-11.04597,6.56847],[-11.04597,6.56875],[-11.04625,6.56875],[-11.04625,6.56903],[-11.04653,6.56903],[-11.04653,6.56958],[-11.04681,6.56958],[-11.04681,6.57014],[-11.04708,6.57014],[-11.04708,6.57042],[-11.04736,6.57042],[-11.04736,6.57069],[-11.04792,6.57069],[-11.04792,6.57097],[-11.04819,6.57097],[-11.04819,6.57153],[-11.04847,6.57153],[-11.04847,6.57206],[-11.03544,6.57206],[-11.03544,6.56403]]]},"properties":{"region":"Bomi","district":"Klay","floods_1m":1,"floods_2m":1,"floods_3m":1,"first_flood_m":1,"nests":true}},{"type":"Feature","geometry":{"type":"Polygon","coordinates":[[[-11.24931,6.80018],[-11.26357,6.80018],[-11.26357,6.81444],[-11.24931,6.81444],[-11.24931,6.80018]]]},"properties":{"region":"Grand Cape Mount","district":"Garwula","floods_1m":0,"floods_2m":1,"floods_3m":0,"first_flood_m":2,"nests":false}},{"type":"Feature","geometry":{"type":"Polygon","coordinates":[[[-10.94989,6.5182],[-10.95042,6.5182],[-10.95042,6.51847],[-10.9507,6.51847],[-10.9507,6.51875],[-10.95125,6.51875],[-10.95125,6.51903],[-10.95208,6.51903],[-10.95208,6.51931],[-10.95292,6.51931],[-10.95292,6.51958],[-10.95319,6.51958],[-10.95319,6.51986],[-10.95347,6.51986],[-10.95347,6.52014],[-10.95375,6.52014],[-10.95375,6.52042],[-10.95458,6.52042],[-10.95458,6.5207],[-10.95486,6.5207],[-10.95486,6.52097],[-10.95514,6.52097],[-10.95514,6.52125],[-10.95542,6.52125],[-10.95542,6.52153],[-10.95569,6.52153],[-10.95569,6.52208],[-10.95597,6.52208],[-10.95597,6.52236],[-10.95569,6.52236],[-10.95569,6.52264],[-10.95625,6.52264],[-10.95625,6.52292],[-10.95653,6.52292],[-10.95653,6.52319],[-10.95625,6.52319],[-10.95625,6.52347],[-10.95653,6.52347],[-10.95653,6.5243],[-10.95681,6.5243],[-10.95681,6.52458],[-10.95708,6.52458],[-10.95708,6.52486],[-10.95736,6.52486],[-10.95736,6.52514],[-10.9582,6.52514],[-10.9582,6.52542],[-10.95847,6.52542],[-10.95847,6.52569],[-10.95903,6.52569],[-10.95903,6.52597],[-10.96014,6.52597],[-10.96014,6.52625],[-10.96069,6.52625],[-10.96069,6.52653],[-10.96153,6.52653],[-10.96153,6.52708],[-10.96208,6.52708],[-10.96208,6.52736],[-10.96264,6.52736],[-10.96264,6.52792],[-10.96375,6.52792],[-10.96375,6.52819],[-10.96403,6.52819],[-10.96403,6.52847],[-10.96415,6.52847],[-10.96415,6.52928],[-10.94989,6.52928],[-10.94989,6.5182]]]},"properties":{"region":"Bomi","district":"Klay","floods_1m":1,"floods_2m":1,"floods_3m":1,"first_flood_m":1,"nests":true}},{"type":"Feature","geometry":{"type":"Polygon","coordinates":[[[-11.26357,6.72889],[-11.27783,6.72889],[-11.27783,6.74315],[-11.26357,6.74315],[-11.26357,6.72889]]]},"properties":{"region":"Grand Cape Mount","district":"Garwula","floods_1m":0,"floods_2m":1,"floods_3m":0,"first_flood_m":2,"nests":false}},{"type":"Feature","geometry":{"type":"Polygon","coordinates":[[[-10.02313,5.85916],[-10.03738,5.85916],[-10.03738,5.87341],[-10.02313,5.87341],[-10.02313,5.85916]]]},"properties":{"region":"GrandBassa","district":"District # 3","floods_1m":1,"floods_2m":1,"floods_3m":1,"first_flood_m":1,"nests":true}},{"type":"Feature","geometry":{"type":"Polygon","coordinates":[[[-11.30634,6.71464],[-11.31755,6.71464],[-11.3206,6.71593],[-11.3206,6.72889],[-11.30634,6.72889],[-11.30634,6.71464]]]},"properties":{"region":"Grand Cape Mount","district":"Garwula","floods_1m":1,"floods_2m":1,"floods_3m":1,"first_flood_m":1,"nests":true}},{"type":"Feature","geometry":{"type":"Polygon","coordinates":[[[-11.37763,6.8168],[-11.37764,6.8168],[-11.37764,6.81708],[-11.37792,6.81708],[-11.37792,6.81736],[-11.37819,6.81736],[-11.37819,6.81764],[-11.37847,6.81764],[-11.37847,6.81792],[-11.37931,6.81792],[-11.37931,6.81819],[-11.37958,6.81819],[-11.37958,6.81875],[-11.37986,6.81875],[-11.37986,6.8193],[-11.38014,6.8193],[-11.38014,6.81958],[-11.38042,6.81958],[-11.38042,6.81986],[-11.3807,6.81986],[-11.3807,6.82014],[-11.38097,6.82014],[-11.38097,6.82042],[-11.38125,6.82042],[-11.38125,6.82069],[-11.38153,6.82069],[-11.38153,6.82125],[-11.38181,6.82125],[-11.38181,6.82181],[-11.38208,6.82181],[-11.38208,6.82208],[-11.38236,6.82208],[-11.38236,6.82292],[-11.38264,6.82292],[-11.38264,6.8232],[-11.38319,6.8232],[-11.38319,6.82347],[-11.38347,6.82347],[-11.38347,6.82458],[-11.38375,6.82458],[-11.38375,6.82486],[-11.38403,6.82486],[-11.38403,6.82514],[-11.38431,6.82514],[-11.38431,6.82597],[-11.38458,6.82597],[-11.38458,6.82708],[-11.38486,6.82708],[-11.38486,6.82736],[-11.38514,6.82736],[-11.38514,6.82792],[-11.38542,6.82792],[-11.38542,6.82819],[-11.38597,6.82819],[-11.38597,6.82847],[-11.38625,6.82847],[-11.38625,6.8287],[-11.37763,6.8287],[-11.37763,6.8168]]]},"properties":{"region":"Grand Cape Mount","district":"Garwula","floods_1m":1,"floods_2m":1,"floods_3m":1,"first_flood_m":1,"nests":true}},{"type":"Feature","geometry":{"type":"Polygon","coordinates":[[[-11.24931,6.77167],[-11.26357,6.77167],[-11.26357,6.78593],[-11.24931,6.78593],[-11.24931,6.77167]]]},"properties":{"region":"Grand Cape Mount","district":"Garwula","floods_1m":0,"floods_2m":1,"floods_3m":0,"first_flood_m":2,"nests":false}},{"type":"Feature","geometry":{"type":"MultiPolygon","coordinates":[[[[-9.96609,5.78853],[-9.96609,5.7892],[-9.96609,5.8007],[-9.96569,5.8007],[-9.96569,5.80097],[-9.96542,5.80097],[-9.96542,5.8007],[-9.96486,5.8007],[-9.96486,5.80042],[-9.96431,5.80042],[-9.96431,5.80014],[-9.96403,5.80014],[-9.96403,5.79986],[-9.96375,5.79986],[-9.96375,5.79958],[-9.96347,5.79958],[-9.96347,5.7993],[-9.9632,5.7993],[-9.9632,5.79903],[-9.96236,5.79903],[-9.96236,5.79875],[-9.96181,5.79875],[-9.96181,5.79903],[-9.96153,5.79903],[-9.96153,5.79986],[-9.96125,5.79986],[-9.96125,5.80014],[-9.96097,5.80014],[-9.96097,5.80042],[-9.9607,5.80042],[-9.9607,5.80208],[-9.96097,5.80208],[-9.96097,5.80212],[-9.95541,5.80212],[-9.96609,5.78853]]],[[[-9.96609,5.80153],[-9.96609,5.80212],[-9.96181,5.80212],[-9.96181,5.80208],[-9.96153,5.80208],[-9.96153,5.8007],[-9.96181,5.8007],[-9.96181,5.80014],[-9.96208,5.80014],[-9.96208,5.79986],[-9.96292,5.79986],[-9.96292,5.80014],[-9.9632,5.80014],[-9.9632,5.80042],[-9.96347,5.80042],[-9.96347,5.8007],[-9.96375,5.8007],[-9.96375,5.80097],[-9.96403,5.80097],[-9.96403,5.80125],[-9.96458,5.80125],[-9.96458,5.80153],[-9.96514,5.80153],[-9.96514,5.80181],[-9.96569,5.80181],[-9.96569,5.80153],[-9.96609,5.80153]]]]},"properties":{"region":"GrandBassa","district":"District # 3","floods_1m":1,"floods_2m":1,"floods_3m":1,"first_flood_m":1,"nests":true}},{"type":"Feature","geometry":{"type":"Polygon","coordinates":[[[-11.27783,6.74315],[-11.29209,6.74315],[-11.29209,6.75741],[-11.27783,6.75741],[-11.27783,6.74315]]]},"properties":{"region":"Grand Cape Mount","district":"Garwula","floods_1m":0,"floods_2m":1,"floods_3m":0,"first_flood_m":2,"nests":false}},{"type":"Feature","geometry":{"type":"Polygon","coordinates":[[[-11.24931,6.75741],[-11.26357,6.75741],[-11.26357,6.77167],[-11.24931,6.77167],[-11.24931,6.75741]]]},"properties":{"region":"Grand Cape Mount","district":"Garwula","floods_1m":0,"floods_2m":1,"floods_3m":0,"first_flood_m":2,"nests":false}},{"type":"Feature","geometry":{"type":"Polygon","coordinates":[[[-10.00887,5.90193],[-10.02313,5.90193],[-10.02313,5.91619],[-10.00887,5.91619],[-10.00887,5.90193]]]},"properties":{"region":"GrandBassa","district":"District # 3","floods_1m":1,"floods_2m":1,"floods_3m":1,"first_flood_m":1,"nests":true}},{"type":"Feature","geometry":{"type":"Polygon","coordinates":[[[-11.29209,6.74315],[-11.30634,6.74315],[-11.30634,6.75741],[-11.29209,6.75741],[-11.29209,6.74315]]]},"properties":{"region":"Grand Cape Mount","district":"Garwula","floods_1m":0,"floods_2m":1,"floods_3m":0,"first_flood_m":2,"nests":false}},{"type":"Feature","geometry":{"type":"Polygon","coordinates":[[[-11.24931,6.68612],[-11.25266,6.68612],[-11.26357,6.69266],[-11.26357,6.70038],[-11.24931,6.70038],[-11.24931,6.68612]]]},"properties":{"region":"Grand Cape Mount","district":"Garwula","floods_1m":0,"floods_2m":1,"floods_3m":0,"first_flood_m":2,"nests":false}},{"type":"Feature","geometry":{"type":"Polygon","coordinates":[[[-11.23505,6.72889],[-11.24931,6.72889],[-11.24931,6.74315],[-11.23505,6.74315],[-11.23505,6.72889]]]},"properties":{"region":"Grand Cape Mount","district":"Garwula","floods_1m":0,"floods_2m":1,"floods_3m":0,"first_flood_m":2,"nests":false}},{"type":"Feature","geometry":{"type":"Polygon","coordinates":[[[-11.29209,6.77167],[-11.30634,6.77167],[-11.30634,6.78593],[-11.29209,6.78593],[-11.29209,6.77167]]]},"properties":{"region":"Grand Cape Mount","district":"Garwula","floods_1m":1,"floods_2m":1,"floods_3m":1,"first_flood_m":1,"nests":true}},{"type":"Feature","geometry":{"type":"Polygon","coordinates":[[[-11.27783,6.75741],[-11.29209,6.75741],[-11.29209,6.77167],[-11.27783,6.77167],[-11.27783,6.75741]]]},"properties":{"region":"Grand Cape Mount","district":"Garwula","floods_1m":0,"floods_2m":1,"floods_3m":0,"first_flood_m":2,"nests":false}},{"type":"Feature","geometry":{"type":"Polygon","coordinates":[[[-10.03738,5.90193],[-10.05164,5.90193],[-10.05164,5.91619],[-10.03738,5.91619],[-10.03738,5.90193]]]},"properties":{"region":"GrandBassa","district":"District # 3","floods_1m":1,"floods_2m":1,"floods_3m":1,"first_flood_m":1,"nests":true}},{"type":"Feature","geometry":{"type":"Polygon","coordinates":[[[-11.20654,6.71464],[-11.2208,6.71464],[-11.2208,6.72889],[-11.20654,6.72889],[-11.20654,6.71464]]]},"properties":{"region":"Grand Cape Mount","district":"Garwula","floods_1m":0,"floods_2m":1,"floods_3m":0,"first_flood_m":2,"nests":false}},{"type":"Feature","geometry":{"type":"MultiPolygon","coordinates":[[[[-9.96609,5.80153],[-9.96681,5.80153],[-9.96681,5.80125],[-9.96708,5.80125],[-9.96708,5.80042],[-9.96736,5.80042],[-9.96736,5.80014],[-9.96764,5.80014],[-9.96764,5.79986],[-9.96819,5.79986],[-9.96819,5.79958],[-9.96847,5.79958],[-9.96847,5.7993],[-9.96931,5.7993],[-9.96931,5.79903],[-9.96958,5.79903],[-9.96958,5.79847],[-9.96986,5.79847],[-9.96986,5.79792],[-9.97014,5.79792],[-9.97014,5.79764],[-9.97042,5.79764],[-9.97042,5.79736],[-9.97069,5.79736],[-9.97069,5.79708],[-9.97097,5.79708],[-9.97097,5.79653],[-9.97125,5.79653],[-9.97125,5.79597],[-9.97153,5.79597],[-9.97153,5.79569],[-9.97181,5.79569],[-9.97181,5.79514],[-9.97208,5.79514],[-9.97208,5.79319],[-9.97236,5.79319],[-9.97236,5.79208],[-9.97264,5.79208],[-9.97264,5.79097],[-9.97236,5.79097],[-9.97236,5.7907],[-9.97208,5.7907],[-9.97208,5.79014],[-9.97181,5.79014],[-9.97181,5.78847],[-9.97319,5.78847],[-9.97319,5.78875],[-9.97375,5.78875],[-9.97375,5.78903],[-9.9743,5.78903],[-9.9743,5.78931],[-9.97458,5.78931],[-9.97458,5.78958],[-9.97542,5.78958],[-9.97542,5.78986],[-9.97597,5.78986],[-9.97597,5.79014],[-9.97708,5.79014],[-9.97708,5.79042],[-9.97736,5.79042],[-9.97736,5.7907],[-9.9782,5.7907],[-9.9782,5.79097],[-9.97903,5.79097],[-9.97903,5.79125],[-9.97958,5.79125],[-9.97958,5.79153],[-9.98014,5.79153],[-9.98014,5.79208],[-9.98035,5.79208],[-9.98035,5.80212],[-9.96609,5.80212],[-9.96609,5.80153]]],[[[-9.96609,5.78853],[-9.96661,5.78787],[-9.96958,5.78787],[-9.96958,5.78847],[-9.96986,5.78847],[-9.96986,5.78903],[-9.97014,5.78903],[-9.97014,5.79014],[-9.97042,5.79014],[-9.97042,5.79042],[-9.97069,5.79042],[-9.97069,5.79097],[-9.97097,5.79097],[-9.97097,5.79125],[-9.97125,5.79125],[-9.97125,5.79153],[-9.97153,5.79153],[-9.97153,5.79403],[-9.97125,5.79403],[-9.97125,5.79458],[-9.97097,5.79458],[-9.97097,5.79569],[-9.97042,5.79569],[-9.97042,5.79625],[-9.97014,5.79625],[-9.97014,5.7968],[-9.96986,5.7968],[-9.96986,5.79708],[-9.96958,5.79708],[-9.96958,5.79736],[-9.96931,5.79736],[-9.96931,5.79764],[-9.96903,5.79764],[-9.96903,5.79847],[-9.96847,5.79847],[-9.96847,5.79875],[-9.96792,5.79875],[-9.96792,5.79903],[-9.96764,5.79903],[-9.96764,5.7993],[-9.96736,5.7993],[-9.96736,5.79958],[-9.96708,5.79958],[-9.96708,5.79986],[-9.96681,5.79986],[-9.96681,5.80014],[-9.96653,5.80014],[-9.96653,5.80042],[-9.96625,5.80042],[-9.96625,5.8007],[-9.96609,5.8007],[-9.96609,5.7892],[-9.96609,5.78853]]]]},"properties":{"region":"GrandBassa","district":"District # 3","floods_1m":1,"floods_2m":1,"floods_3m":1,"first_flood_m":1,"nests":true}},{"type":"Feature","geometry":{"type":"Polygon","coordinates":[[[-11.36338,6.77167],[-11.36347,6.77167],[-11.36347,6.77514],[-11.36375,6.77514],[-11.36375,6.77819],[-11.36403,6.77819],[-11.36403,6.77958],[-11.36375,6.77958],[-11.36375,6.78014],[-11.36403,6.78014],[-11.36403,6.78069],[-11.36431,6.78069],[-11.36431,6.78431],[-11.36458,6.78431],[-11.36458,6.78593],[-11.36338,6.78593],[-11.36338,6.77167]]]},"properties":{"region":"Grand Cape Mount","district":"Garwula","floods_1m":1,"floods_2m":1,"floods_3m":1,"first_flood_m":1,"nests":true}},{"type":"Feature","geometry":{"type":"Polygon","coordinates":[[[-11.02118,6.57206],[-11.03544,6.57206],[-11.03544,6.58631],[-11.02118,6.58631],[-11.02118,6.57206]]]},"properties":{"region":"Bomi","district":"Klay","floods_1m":1,"floods_2m":1,"floods_3m":1,"first_flood_m":1,"nests":true}},{"type":"Feature","geometry":{"type":"Polygon","coordinates":[[[-11.17802,6.71464],[-11.19228,6.71464],[-11.19228,6.72889],[-11.17802,6.72889],[-11.17802,6.71464]]]},"properties":{"region":"Grand Cape Mount","district":"Garwula","floods_1m":0,"floods_2m":1,"floods_3m":0,"first_flood_m":2,"nests":false}},{"type":"Feature","geometry":{"type":"Polygon","coordinates":[[[-11.30634,6.75741],[-11.3206,6.75741],[-11.3206,6.77167],[-11.30634,6.77167],[-11.30634,6.75741]]]},"properties":{"region":"Grand Cape Mount","district":"Garwula","floods_1m":0,"floods_2m":1,"floods_3m":0,"first_flood_m":2,"nests":false}},{"type":"Feature","geometry":{"type":"Polygon","coordinates":[[[-11.00693,6.5578],[-11.02097,6.5578],[-11.02097,6.55792],[-11.02118,6.55792],[-11.02118,6.57206],[-11.00693,6.57206],[-11.00693,6.5578]]]},"properties":{"region":"Bomi","district":"Klay","floods_1m":1,"floods_2m":1,"floods_3m":1,"first_flood_m":1,"nests":true}},{"type":"Feature","geometry":{"type":"Polygon","coordinates":[[[-10.03738,5.84736],[-10.03764,5.84736],[-10.03764,5.84764],[-10.03819,5.84764],[-10.03819,5.84792],[-10.03903,5.84792],[-10.03903,5.8482],[-10.03958,5.8482],[-10.03958,5.84847],[-10.03986,5.84847],[-10.03986,5.84875],[-10.04042,5.84875],[-10.04042,5.84903],[-10.0407,5.84903],[-10.0407,5.84931],[-10.04125,5.84931],[-10.04125,5.84958],[-10.04153,5.84958],[-10.04153,5.84986],[-10.04208,5.84986],[-10.04208,5.85014],[-10.04236,5.85014],[-10.04236,5.85042],[-10.04264,5.85042],[-10.04264,5.8507],[-10.04292,5.8507],[-10.04292,5.85097],[-10.04347,5.85097],[-10.04347,5.85125],[-10.04375,5.85125],[-10.04375,5.85153],[-10.04403,5.85153],[-10.04403,5.85181],[-10.0443,5.85181],[-10.0443,5.85208],[-10.04458,5.85208],[-10.04458,5.85236],[-10.04486,5.85236],[-10.04486,5.85264],[-10.04514,5.85264],[-10.04514,5.85319],[-10.04542,5.85319],[-10.04542,5.85347],[-10.04764,5.85347],[-10.04764,5.85319],[-10.0482,5.85319],[-10.0482,5.85303],[-10.0482,5.85292],[-10.04903,5.85292],[-10.04903,5.85264],[-10.04958,5.85264],[-10.04958,5.85292],[-10.04986,5.85292],[-10.04986,5.85319],[-10.05164,5.85319],[-10.05164,5.8543],[-10.05153,5.8543],[-10.05153,5.85403],[-10.05014,5.85403],[-10.05014,5.85375],[-10.04958,5.85375],[-10.04958,5.85347],[-10.04903,5.85347],[-10.04903,5.85375],[-10.04847,5.85375],[-10.04847,5.85403],[-10.04764,5.85403],[-10.04764,5.8543],[-10.04736,5.8543],[-10.04736,5.85458],[-10.04681,5.85458],[-10.04681,5.85542],[-10.04708,5.85542],[-10.04708,5.85597],[-10.04736,5.85597],[-10.04736,5.85625],[-10.04764,5.85625],[-10.04764,5.85653],[-10.04792,5.85653],[-10.04792,5.85681],[-10.0482,5.85681],[-10.0482,5.85708],[-10.04903,5.85708],[-10.04903,5.85736],[-10.04958,5.85736],[-10.04958,5.85764],[-10.04986,5.85764],[-10.04986,5.85819],[-10.05014,5.85819],[-10.05014,5.85847],[-10.05069,5.85847],[-10.05069,5.85875],[-10.05163,5.85875],[-10.05164,5.85875],[-10.05164,5.85916],[-10.03738,5.85916],[-10.03738,5.84736]]]},"properties":{"region":"GrandBassa","district":"District # 3","floods_1m":1,"floods_2m":1,"floods_3m":1,"first_flood_m":1,"nests":true}},{"type":"Feature","geometry":{"type":"Polygon","coordinates":[[[-11.26357,6.69266],[-11.26558,6.69386],[-11.27783,6.69861],[-11.27783,6.70038],[-11.26357,6.70038],[-11.26357,6.69266]]]},"properties":{"region":"Grand Cape Mount","district":"Garwula","floods_1m":0,"floods_2m":1,"floods_3m":0,"first_flood_m":2,"nests":false}},{"type":"Feature","geometry":{"type":"Polygon","coordinates":[[[-11.36338,6.8287],[-11.37763,6.8287],[-11.37763,6.84296],[-11.36338,6.84296],[-11.36338,6.8287]]]},"properties":{"region":"Grand Cape Mount","district":"Garwula","floods_1m":0,"floods_2m":1,"floods_3m":0,"first_flood_m":2,"nests":false}},{"type":"Feature","geometry":{"type":"Polygon","coordinates":[[[-11.30634,6.70988],[-11.31755,6.71464],[-11.30634,6.71464],[-11.30634,6.70988]]]},"properties":{"region":"Grand Cape Mount","district":"Garwula","floods_1m":1,"floods_2m":1,"floods_3m":1,"first_flood_m":1,"nests":true}},{"type":"Feature","geometry":{"type":"Polygon","coordinates":[[[-10.85009,6.45799],[-10.86042,6.45799],[-10.86042,6.45819],[-10.86069,6.45819],[-10.86069,6.45847],[-10.86125,6.45847],[-10.86125,6.45875],[-10.86153,6.45875],[-10.86153,6.45903],[-10.86181,6.45903],[-10.86181,6.45958],[-10.86208,6.45958],[-10.86208,6.45986],[-10.86236,6.45986],[-10.86236,6.46014],[-10.86292,6.46014],[-10.86292,6.46069],[-10.86319,6.46069],[-10.86319,6.46097],[-10.86403,6.46097],[-10.86403,6.46153],[-10.86431,6.46153],[-10.86431,6.4618],[-10.86435,6.4618],[-10.86435,6.47225],[-10.85009,6.47225],[-10.85009,6.45799]]]},"properties":{"region":"Bomi","district":"Klay","floods_1m":1,"floods_2m":1,"floods_3m":1,"first_flood_m":1,"nests":true}},{"type":"Feature","geometry":{"type":"Polygon","coordinates":[[[-11.26357,6.74315],[-11.27783,6.74315],[-11.27783,6.75741],[-11.26357,6.75741],[-11.26357,6.74315]]]},"properties":{"region":"Grand Cape Mount","district":"Garwula","floods_1m":0,"floods_2m":1,"floods_3m":0,"first_flood_m":2,"nests":false}},{"type":"Feature","geometry":{"type":"Polygon","coordinates":[[[-11.10673,6.60057],[-11.11014,6.60057],[-11.11014,6.6007],[-11.11097,6.6007],[-11.11097,6.60097],[-11.11153,6.60097],[-11.11153,6.60125],[-11.11208,6.60125],[-11.11208,6.60153],[-11.11264,6.60153],[-11.11264,6.60181],[-11.11292,6.60181],[-11.11292,6.60208],[-11.1132,6.60208],[-11.1132,6.60236],[-11.1143,6.60236],[-11.1143,6.60264],[-11.11514,6.60264],[-11.11514,6.60292],[-11.11542,6.60292],[-11.11542,6.6032],[-11.11681,6.6032],[-11.11681,6.60347],[-11.11708,6.60347],[-11.11708,6.60375],[-11.11764,6.60375],[-11.11764,6.60403],[-11.11792,6.60403],[-11.11792,6.6043],[-11.1193,6.6043],[-11.1193,6.60458],[-11.11958,6.60458],[-11.11958,6.60486],[-11.12097,6.60486],[-11.12097,6.60514],[-11.12099,6.60514],[-11.12099,6.61483],[-11.10673,6.61483],[-11.10673,6.60057]]]},"properties":{"region":"Grand Cape Mount","district":"Garwula","floods_1m":1,"floods_2m":1,"floods_3m":1,"first_flood_m":1,"nests":true}},{"type":"Feature","geometry":{"type":"Polygon","coordinates":[[[-10.02313,5.93045],[-10.03738,5.93045],[-10.03738,5.93867],[-10.03475,5.94192],[-10.03244,5.9447],[-10.02313,5.9447],[-10.02313,5.93045]]]},"properties":{"region":"GrandBassa","district":"District # 3","floods_1m":1,"floods_2m":1,"floods_3m":1,"first_flood_m":1,"nests":true}},{"type":"Feature","geometry":{"type":"Polygon","coordinates":[[[-11.00693,6.55125],[-11.00708,6.55125],[-11.00708,6.55153],[-11.00736,6.55153],[-11.00736,6.55181],[-11.00819,6.55181],[-11.00819,6.55208],[-11.00875,6.55208],[-11.00875,6.55236],[-11.00903,6.55236],[-11.00903,6.55264],[-11.00958,6.55264],[-11.00958,6.55292],[-11.01014,6.55292],[-11.01014,6.5532],[-11.0107,6.5532],[-11.0107,6.55347],[-11.01097,6.55347],[-11.01097,6.55375],[-11.01153,6.55375],[-11.01153,6.55403],[-11.01319,6.55403],[-11.01319,6.55431],[-11.01375,6.55431],[-11.01375,6.55458],[-11.01431,6.55458],[-11.01431,6.55486],[-11.01458,6.55486],[-11.01458,6.55514],[-11.01514,6.55514],[-11.01514,6.55542],[-11.01542,6.55542],[-11.01542,6.55569],[-11.01597,6.55569],[-11.01597,6.55597],[-11.01681,6.55597],[-11.01681,6.55625],[-11.01708,6.55625],[-11.01708,6.55653],[-11.01792,6.55653],[-11.01792,6.55681],[-11.01847,6.55681],[-11.01847,6.55708],[-11.01903,6.55708],[-11.01903,6.55736],[-11.01958,6.55736],[-11.01958,6.55764],[-11.02097,6.55764],[-11.02097,6.5578],[-11.00693,6.5578],[-11.00693,6.55125]]]},"properties":{"region":"Bomi","district":"Klay","floods_1m":1,"floods_2m":1,"floods_3m":1,"first_flood_m":1,"nests":true}},{"type":"Feature","geometry":{"type":"Polygon","coordinates":[[[-11.12099,6.61483],[-11.13525,6.61483],[-11.13525,6.62909],[-11.12099,6.62909],[-11.12099,6.61483]]]},"properties":{"region":"Grand Cape Mount","district":"Garwula","floods_1m":1,"floods_2m":1,"floods_3m":1,"first_flood_m":1,"nests":true}},{"type":"Feature","geometry":{"type":"Polygon","coordinates":[[[-11.2208,6.72889],[-11.23505,6.72889],[-11.23505,6.74315],[-11.2208,6.74315],[-11.2208,6.72889]]]},"properties":{"region":"Grand Cape Mount","district":"Garwula","floods_1m":0,"floods_2m":1,"floods_3m":0,"first_flood_m":2,"nests":false}},{"type":"Feature","geometry":{"type":"Polygon","coordinates":[[[-11.2208,6.75741],[-11.23505,6.75741],[-11.23505,6.77167],[-11.2208,6.77167],[-11.2208,6.75741]]]},"properties":{"region":"Grand Cape Mount","district":"Garwula","floods_1m":0,"floods_2m":1,"floods_3m":0,"first_flood_m":2,"nests":false}},{"type":"Feature","geometry":{"type":"Polygon","coordinates":[[[-11.13525,6.61483],[-11.1432,6.61483],[-11.1432,6.61486],[-11.14403,6.61486],[-11.14403,6.61514],[-11.14486,6.61514],[-11.14486,6.61542],[-11.14542,6.61542],[-11.14542,6.61569],[-11.14597,6.61569],[-11.14597,6.61597],[-11.14708,6.61597],[-11.14708,6.61625],[-11.14736,6.61625],[-11.14736,6.61653],[-11.14792,6.61653],[-11.14792,6.61681],[-11.14875,6.61681],[-11.14875,6.61708],[-11.14931,6.61708],[-11.14931,6.61736],[-11.14951,6.61736],[-11.14951,6.6281],[-11.14915,6.62909],[-11.13525,6.62909],[-11.13525,6.61483]]]},"properties":{"region":"Grand Cape Mount","district":"Garwula","floods_1m":1,"floods_2m":1,"floods_3m":1,"first_flood_m":1,"nests":true}},{"type":"Feature","geometry":{"type":"MultiPolygon","coordinates":[[[[-10.05164,5.85875],[-10.05181,5.85875],[-10.05181,5.85909],[-10.05181,5.85916],[-10.05164,5.85916],[-10.05164,5.85875]]],[[[-10.05164,5.8543],[-10.05164,5.85319],[-10.05181,5.85319],[-10.05181,5.85347],[-10.05236,5.85347],[-10.05236,5.85375],[-10.05264,5.85375],[-10.05264,5.85403],[-10.05319,5.85403],[-10.05319,5.8543],[-10.05375,5.8543],[-10.05375,5.85458],[-10.05403,5.85458],[-10.05403,5.85486],[-10.05458,5.85486],[-10.05458,5.85514],[-10.05514,5.85514],[-10.05514,5.85542],[-10.05569,5.85542],[-10.05569,5.85569],[-10.05625,5.85569],[-10.05625,5.85597],[-10.05653,5.85597],[-10.05653,5.85625],[-10.0582,5.85625],[-10.0582,5.85653],[-10.06042,5.85653],[-10.06042,5.85708],[-10.05847,5.85708],[-10.05847,5.85736],[-10.05681,5.85736],[-10.05681,5.85708],[-10.05653,5.85708],[-10.05653,5.85681],[-10.05625,5.85681],[-10.05625,5.85653],[-10.05569,5.85653],[-10.05569,5.85625],[-10.05514,5.85625],[-10.05514,5.85597],[-10.05458,5.85597],[-10.05458,5.85569],[-10.05403,5.85569],[-10.05403,5.85542],[-10.05375,5.85542],[-10.05375,5.85514],[-10.05292,5.85514],[-10.05292,5.85486],[-10.05236,5.85486],[-10.05236,5.85458],[-10.05181,5.85458],[-10.05181,5.8543],[-10.05164,5.8543]]]]},"properties":{"region":"GrandBassa","district":"District # 3","floods_1m":1,"floods_2m":1,"floods_3m":1,"first_flood_m":1,"nests":true}},{"type":"Feature","geometry":{"type":"Polygon","coordinates":[[[-11.07822,6.58569],[-11.07875,6.58569],[-11.07875,6.58597],[-11.07958,6.58597],[-11.07958,6.58625],[-11.07986,6.58625],[-11.07986,6.58631],[-11.07822,6.58631],[-11.07822,6.58569]]]},"properties":{"region":"Grand Cape Mount","district":"Garwula","floods_1m":1,"floods_2m":1,"floods_3m":1,"first_flood_m":1,"nests":true}},{"type":"Feature","geometry":{"type":"Polygon","coordinates":[[[-11.0497,6.57264],[-11.04986,6.57264],[-11.04986,6.57292],[-11.05069,6.57292],[-11.05069,6.57319],[-11.05153,6.57319],[-11.05153,6.57347],[-11.05181,6.57347],[-11.05181,6.57319],[-11.05236,6.57319],[-11.05236,6.57347],[-11.05292,6.57347],[-11.05292,6.57375],[-11.05347,6.57375],[-11.05347,6.57403],[-11.05403,6.57403],[-11.05403,6.57431],[-11.0543,6.57431],[-11.05431,6.57458],[-11.05458,6.57458],[-11.05458,6.57486],[-11.05542,6.57486],[-11.05542,6.57514],[-11.05569,6.57514],[-11.05569,6.5757],[-11.05597,6.5757],[-11.05597,6.57597],[-11.05625,6.57597],[-11.05625,6.57625],[-11.0568,6.57625],[-11.0568,6.57653],[-11.05708,6.57653],[-11.05708,6.57681],[-11.05736,6.57681],[-11.05736,6.57653],[-11.05903,6.57653],[-11.05903,6.57681],[-11.05986,6.57681],[-11.05986,6.57708],[-11.06097,6.57708],[-11.06097,6.57736],[-11.06125,6.57736],[-11.06125,6.57764],[-11.06172,6.57764],[-11.06396,6.58489],[-11.06396,6.58631],[-11.0497,6.58631],[-11.0497,6.57264]]]},"properties":{"region":"Bomi","district":"Klay","floods_1m":1,"floods_2m":1,"floods_3m":1,"first_flood_m":1,"nests":true}},{"type":"Feature","geometry":{"type":"Polygon","coordinates":[[[-10.83583,6.44373],[-10.8468,6.44373],[-10.8468,6.44458],[-10.84708,6.44458],[-10.84708,6.44486],[-10.84736,6.44486],[-10.84736,6.44542],[-10.84764,6.44542],[-10.84764,6.4457],[-10.84792,6.4457],[-10.84792,6.44597],[-10.84847,6.44597],[-10.84847,6.44625],[-10.84875,6.44625],[-10.84875,6.44681],[-10.84903,6.44681],[-10.84903,6.44708],[-10.84931,6.44708],[-10.84931,6.44736],[-10.84958,6.44736],[-10.84958,6.44764],[-10.84986,6.44764],[-10.84986,6.44792],[-10.85009,6.44792],[-10.85009,6.45799],[-10.84296,6.45799],[-10.83583,6.45799],[-10.83583,6.44373]]]},"properties":{"region":"Bomi","district":"Klay","floods_1m":1,"floods_2m":1,"floods_3m":1,"first_flood_m":1,"nests":true}},{"type":"Feature","geometry":{"type":"Polygon","coordinates":[[[-10.96415,6.52928],[-10.96625,6.52928],[-10.96625,6.52931],[-10.96681,6.52931],[-10.96681,6.52986],[-10.96764,6.52986],[-10.96764,6.53014],[-10.96819,6.53014],[-10.96819,6.53042],[-10.96847,6.53042],[-10.96847,6.53069],[-10.96875,6.53069],[-10.96875,6.53097],[-10.96958,6.53097],[-10.96958,6.53125],[-10.97014,6.53125],[-10.97014,6.53153],[-10.97069,6.53153],[-10.97069,6.53181],[-10.97097,6.53181],[-10.97097,6.53208],[-10.97125,6.53208],[-10.97125,6.53236],[-10.97153,6.53236],[-10.97153,6.53264],[-10.97264,6.53264],[-10.97264,6.53292],[-10.97292,6.53292],[-10.97292,6.53319],[-10.97375,6.53319],[-10.97375,6.53347],[-10.97431,6.53347],[-10.97431,6.53375],[-10.97458,6.53375],[-10.97458,6.53403],[-10.97514,6.53403],[-10.97514,6.53431],[-10.97597,6.53431],[-10.97597,6.53458],[-10.97625,6.53458],[-10.97625,6.53486],[-10.97653,6.53486],[-10.97653,6.53514],[-10.97708,6.53514],[-10.97708,6.53542],[-10.97736,6.53542],[-10.97736,6.53569],[-10.97764,6.53569],[-10.97764,6.53597],[-10.97792,6.53597],[-10.97792,6.53625],[-10.97841,6.53625],[-10.97841,6.54354],[-10.96415,6.54354],[-10.96415,6.52928]]]},"properties":{"region":"Bomi","district":"Klay","floods_1m":1,"floods_2m":1,"floods_3m":1,"first_flood_m":1,"nests":true}},{"type":"Feature","geometry":{"type":"Polygon","coordinates":[[[-9.99461,5.81638],[-10.00792,5.81638],[-10.00792,5.8168],[-10.00819,5.8168],[-10.00819,5.81764],[-10.00847,5.81764],[-10.00847,5.81819],[-10.00875,5.81819],[-10.00875,5.81847],[-10.00887,5.81847],[-10.00887,5.83064],[-9.99461,5.83064],[-9.99461,5.81638]]]},"properties":{"region":"GrandBassa","district":"District # 3","floods_1m":1,"floods_2m":1,"floods_3m":1,"first_flood_m":1,"nests":true}},{"type":"Feature","geometry":{"type":"Polygon","coordinates":[[[-11.3206,6.84296],[-11.33486,6.84296],[-11.33486,6.85722],[-11.3206,6.85722],[-11.3206,6.84296]]]},"properties":{"region":"Grand Cape Mount","district":"Garwula","floods_1m":1,"floods_2m":1,"floods_3m":1,"first_flood_m":1,"nests":true}},{"type":"Feature","geometry":{"type":"Polygon","coordinates":[[[-10.97841,6.54354],[-10.99264,6.54354],[-10.99264,6.54375],[-10.99267,6.54375],[-10.99267,6.5578],[-10.97841,6.5578],[-10.97841,6.54354]]]},"properties":{"region":"Bomi","district":"Klay","floods_1m":0,"floods_2m":1,"floods_3m":0,"first_flood_m":2,"nests":false}},{"type":"Feature","geometry":{"type":"Polygon","coordinates":[[[-11.19228,6.72889],[-11.20654,6.72889],[-11.20654,6.74315],[-11.19228,6.74315],[-11.19228,6.72889]]]},"properties":{"region":"Grand Cape Mount","district":"Garwula","floods_1m":0,"floods_2m":1,"floods_3m":0,"first_flood_m":2,"nests":false}},{"type":"Feature","geometry":{"type":"Polygon","coordinates":[[[-10.83583,6.42948],[-10.83736,6.42948],[-10.83736,6.42958],[-10.83764,6.42958],[-10.83764,6.43042],[-10.83792,6.43042],[-10.83792,6.43097],[-10.83819,6.43097],[-10.83819,6.43181],[-10.83847,6.43181],[-10.83847,6.43208],[-10.83875,6.43208],[-10.83875,6.43236],[-10.83931,6.43236],[-10.83931,6.43292],[-10.83958,6.43292],[-10.83958,6.43319],[-10.83986,6.43319],[-10.83986,6.43375],[-10.84042,6.43375],[-10.84042,6.43403],[-10.84058,6.43403],[-10.8407,6.43403],[-10.8407,6.43422],[-10.8407,6.43458],[-10.84097,6.43458],[-10.84097,6.43486],[-10.84111,6.43486],[-10.84125,6.43486],[-10.84125,6.43502],[-10.84125,6.43542],[-10.84153,6.43542],[-10.84153,6.43653],[-10.84181,6.43653],[-10.84181,6.4368],[-10.84208,6.4368],[-10.84208,6.43708],[-10.84236,6.43708],[-10.84236,6.43736],[-10.84264,6.43736],[-10.84264,6.43764],[-10.84292,6.43764],[-10.84292,6.43792],[-10.84296,6.43792],[-10.84319,6.43792],[-10.84319,6.4382],[-10.84347,6.4382],[-10.84347,6.43847],[-10.84375,6.43847],[-10.84375,6.43875],[-10.84403,6.43875],[-10.84403,6.43903],[-10.84431,6.43903],[-10.84431,6.4393],[-10.84458,6.4393],[-10.84458,6.44042],[-10.84486,6.44042],[-10.84486,6.44125],[-10.84514,6.44125],[-10.84514,6.44153],[-10.84542,6.44153],[-10.84542,6.4418],[-10.84569,6.4418],[-10.84569,6.44208],[-10.84597,6.44208],[-10.84597,6.44264],[-10.84625,6.44264],[-10.84625,6.44319],[-10.84653,6.44319],[-10.84653,6.44347],[-10.8468,6.44347],[-10.8468,6.44373],[-10.83583,6.44373],[-10.83583,6.42948]]]},"properties":{"region":"Bomi","district":"Klay","floods_1m":1,"floods_2m":1,"floods_3m":1,"first_flood_m":1,"nests":true}},{"type":"Feature","geometry":{"type":"Polygon","coordinates":[[[-11.2208,6.74315],[-11.23505,6.74315],[-11.23505,6.75741],[-11.2208,6.75741],[-11.2208,6.74315]]]},"properties":{"region":"Grand Cape Mount","district":"Garwula","floods_1m":0,"floods_2m":1,"floods_3m":0,"first_flood_m":2,"nests":false}},{"type":"Feature","geometry":{"type":"Polygon","coordinates":[[[-11.3206,6.75741],[-11.33486,6.75741],[-11.33486,6.77167],[-11.3206,6.77167],[-11.3206,6.75741]]]},"properties":{"region":"Grand Cape Mount","district":"Garwula","floods_1m":1,"floods_2m":1,"floods_3m":1,"first_flood_m":1,"nests":true}},{"type":"Feature","geometry":{"type":"Polygon","coordinates":[[[-11.23505,6.68612],[-11.24931,6.68612],[-11.24931,6.70038],[-11.23505,6.70038],[-11.23505,6.68612]]]},"properties":{"region":"Grand Cape Mount","district":"Garwula","floods_1m":0,"floods_2m":1,"floods_3m":0,"first_flood_m":2,"nests":false}},{"type":"Feature","geometry":{"type":"Polygon","coordinates":[[[-9.95184,5.80668],[-9.95541,5.80212],[-9.96097,5.80212],[-9.96097,5.80236],[-9.96125,5.80236],[-9.96125,5.80292],[-9.96153,5.80292],[-9.96153,5.80347],[-9.96181,5.80347],[-9.96181,5.80431],[-9.96208,5.80431],[-9.96208,5.80458],[-9.96236,5.80458],[-9.96236,5.80431],[-9.96264,5.80431],[-9.96264,5.80347],[-9.96236,5.80347],[-9.96236,5.80264],[-9.96208,5.80264],[-9.96208,5.80236],[-9.96181,5.80236],[-9.96181,5.80212],[-9.96609,5.80212],[-9.96609,5.81638],[-9.95184,5.81638],[-9.95184,5.80668]]]},"properties":{"region":"GrandBassa","district":"District # 3","floods_1m":1,"floods_2m":1,"floods_3m":1,"first_flood_m":1,"nests":true}},{"type":"Feature","geometry":{"type":"Polygon","coordinates":[[[-11.37763,6.8287],[-11.38625,6.8287],[-11.38625,6.82903],[-11.38653,6.82903],[-11.38653,6.82931],[-11.3868,6.82931],[-11.3868,6.82958],[-11.38708,6.82958],[-11.38708,6.83069],[-11.38736,6.83069],[-11.38736,6.83125],[-11.38764,6.83125],[-11.38764,6.83208],[-11.38792,6.83208],[-11.38792,6.83264],[-11.38819,6.83264],[-11.38819,6.83292],[-11.38847,6.83292],[-11.38847,6.83319],[-11.38875,6.83319],[-11.38875,6.83375],[-11.38903,6.83375],[-11.38903,6.83403],[-11.38931,6.83403],[-11.38931,6.83431],[-11.38958,6.83431],[-11.38958,6.83514],[-11.38986,6.83514],[-11.38986,6.83542],[-11.39014,6.83542],[-11.39014,6.83625],[-11.39042,6.83625],[-11.39042,6.83653],[-11.39069,6.83653],[-11.39069,6.83708],[-11.39042,6.83708],[-11.39042,6.83792],[-11.39069,6.83792],[-11.39069,6.83819],[-11.39097,6.83819],[-11.39097,6.83875],[-11.39125,6.83875],[-11.39125,6.8393],[-11.39153,6.8393],[-11.39153,6.83958],[-11.39181,6.83958],[-11.39181,6.83986],[-11.39189,6.83986],[-11.39189,6.84296],[-11.37763,6.84296],[-11.37763,6.8287]]]},"properties":{"region":"Grand Cape Mount","district":"Garwula","floods_1m":1,"floods_2m":1,"floods_3m":1,"first_flood_m":1,"nests":true}},{"type":"Feature","geometry":{"type":"Polygon","coordinates":[[[-11.02118,6.58631],[-11.03544,6.58631],[-11.03544,6.60057],[-11.02118,6.60057],[-11.02118,6.58631]]]},"properties":{"region":"Bomi","district":"Klay","floods_1m":0,"floods_2m":1,"floods_3m":0,"first_flood_m":2,"nests":false}},{"type":"Feature","geometry":{"type":"Polygon","coordinates":[[[-10.86435,6.4618],[-10.86458,6.46181],[-10.86458,6.46208],[-10.86486,6.46208],[-10.86486,6.46236],[-10.86542,6.46236],[-10.86542,6.46264],[-10.86569,6.46264],[-10.86569,6.46319],[-10.86681,6.46319],[-10.86681,6.46347],[-10.86708,6.46347],[-10.86708,6.46403],[-10.86736,6.46403],[-10.86736,6.4643],[-10.86819,6.4643],[-10.86819,6.46486],[-10.86847,6.46486],[-10.86847,6.46514],[-10.86903,6.46514],[-10.86903,6.46542],[-10.8693,6.46542],[-10.8693,6.46569],[-10.87014,6.46569],[-10.87014,6.46597],[-10.8707,6.46597],[-10.8707,6.46625],[-10.87097,6.46625],[-10.87097,6.46653],[-10.87125,6.46653],[-10.87125,6.4668],[-10.87181,6.4668],[-10.87181,6.46708],[-10.87208,6.46708],[-10.87208,6.46736],[-10.87236,6.46736],[-10.87236,6.46764],[-10.87292,6.46764],[-10.87292,6.46819],[-10.87347,6.46819],[-10.87347,6.46847],[-10.87403,6.46847],[-10.87403,6.46875],[-10.8743,6.46875],[-10.8743,6.46903],[-10.87486,6.46903],[-10.87486,6.46931],[-10.87514,6.46931],[-10.87514,6.46958],[-10.87542,6.46958],[-10.87542,6.46986],[-10.87681,6.46986],[-10.87681,6.47042],[-10.87708,6.47042],[-10.87708,6.4707],[-10.87736,6.4707],[-10.87736,6.47097],[-10.87847,6.47097],[-10.87847,6.47125],[-10.87861,6.47125],[-10.87861,6.47225],[-10.86435,6.47225],[-10.86435,6.4618]]]},"properties":{"region":"Bomi","district":"Klay","floods_1m":1,"floods_2m":1,"floods_3m":1,"first_flood_m":1,"nests":true}},{"type":"Feature","geometry":{"type":"Polygon","coordinates":[[[-11.20654,6.67294],[-11.2208,6.67582],[-11.2208,6.68612],[-11.20654,6.68612],[-11.20654,6.67294]]]},"properties":{"region":"Grand Cape Mount","district":"Garwula","floods_1m":1,"floods_2m":1,"floods_3m":1,"first_flood_m":1,"nests":true}},{"type":"Feature","geometry":{"type":"Polygon","coordinates":[[[-10.02313,5.90193],[-10.03738,5.90193],[-10.03738,5.91619],[-10.02313,5.91619],[-10.02313,5.90193]]]},"properties":{"region":"GrandBassa","district":"District # 3","floods_1m":1,"floods_2m":1,"floods_3m":1,"first_flood_m":1,"nests":true}},{"type":"Feature","geometry":{"type":"Polygon","coordinates":[[[-10.00887,5.8449],[-10.02313,5.8449],[-10.02313,5.85916],[-10.00887,5.85916],[-10.00887,5.8449]]]},"properties":{"region":"GrandBassa","district":"District # 3","floods_1m":1,"floods_2m":1,"floods_3m":1,"first_flood_m":1,"nests":true}},{"type":"Feature","geometry":{"type":"Polygon","coordinates":[[[-10.05164,5.87341],[-10.05458,5.87341],[-10.05458,5.87375],[-10.05431,5.87375],[-10.0543,5.8743],[-10.05403,5.8743],[-10.05403,5.87458],[-10.05375,5.87458],[-10.05375,5.87514],[-10.05347,5.87514],[-10.05347,5.88264],[-10.05375,5.88264],[-10.05375,5.88347],[-10.05347,5.88347],[-10.05347,5.88375],[-10.05319,5.88375],[-10.05319,5.88486],[-10.05292,5.88486],[-10.05292,5.88569],[-10.05319,5.88569],[-10.05319,5.88681],[-10.05347,5.88681],[-10.05347,5.88764],[-10.05375,5.88764],[-10.05375,5.88767],[-10.05164,5.88767],[-10.05164,5.87341]]]},"properties":{"region":"GrandBassa","district":"District # 3","floods_1m":1,"floods_2m":1,"floods_3m":1,"first_flood_m":1,"nests":true}},{"type":"Feature","geometry":{"type":"Polygon","coordinates":[[[-10.93564,6.51014],[-10.93653,6.51014],[-10.93653,6.51042],[-10.93681,6.51042],[-10.93681,6.51069],[-10.93736,6.51069],[-10.93736,6.51097],[-10.93764,6.51097],[-10.93764,6.51125],[-10.93819,6.51125],[-10.93819,6.51153],[-10.93875,6.51153],[-10.93875,6.51181],[-10.93903,6.51181],[-10.93903,6.51208],[-10.93958,6.51208],[-10.93958,6.51236],[-10.93986,6.51236],[-10.93986,6.51264],[-10.94097,6.51264],[-10.94097,6.51319],[-10.94125,6.51319],[-10.94125,6.51347],[-10.94153,6.51347],[-10.94153,6.51375],[-10.94208,6.51375],[-10.94208,6.51403],[-10.94236,6.51403],[-10.94236,6.51431],[-10.94292,6.51431],[-10.94292,6.51458],[-10.94347,6.51459],[-10.94347,6.51486],[-10.94458,6.51486],[-10.94458,6.51502],[-10.93564,6.51502],[-10.93564,6.51014]]]},"properties":{"region":"Bomi","district":"Klay","floods_1m":1,"floods_2m":1,"floods_3m":1,"first_flood_m":1,"nests":true}},{"type":"Feature","geometry":{"type":"Polygon","coordinates":[[[-7.99849,4.60445],[-8.01275,4.60445],[-8.01275,4.61871],[-7.99849,4.61871],[-7.99849,4.60445]]]},"properties":{"region":"GrandKru","district":"Upperkrucoast","floods_1m":1,"floods_2m":1,"floods_3m":1,"first_flood_m":1,"nests":true}},{"type":"Feature","geometry":{"type":"Polygon","coordinates":[[[-8.08404,4.54264],[-8.08486,4.54264],[-8.08486,4.54292],[-8.08653,4.54292],[-8.08653,4.54319],[-8.08736,4.54319],[-8.08736,4.54347],[-8.08792,4.54347],[-8.08792,4.54375],[-8.08931,4.54375],[-8.08931,4.54403],[-8.09125,4.54403],[-8.09125,4.54431],[-8.09208,4.54431],[-8.09208,4.54458],[-8.09347,4.54458],[-8.09347,4.54486],[-8.09542,4.54486],[-8.09542,4.54514],[-8.0968,4.54514],[-8.0968,4.54542],[-8.09736,4.54542],[-8.09736,4.54569],[-8.0982,4.54569],[-8.0982,4.54597],[-8.0983,4.54597],[-8.0983,4.54742],[-8.08404,4.54742],[-8.08404,4.54264]]]},"properties":{"region":"GrandKru","district":"Upperkrucoast","floods_1m":1,"floods_2m":1,"floods_3m":1,"first_flood_m":1,"nests":true}},{"type":"Feature","geometry":{"type":"Polygon","coordinates":[[[-8.29791,4.61871],[-8.30764,4.61871],[-8.30764,4.61875],[-8.30792,4.61875],[-8.30792,4.61958],[-8.30819,4.61958],[-8.30819,4.62014],[-8.30847,4.62014],[-8.30847,4.62042],[-8.30875,4.62042],[-8.30875,4.62069],[-8.30903,4.62069],[-8.30903,4.62097],[-8.3093,4.62097],[-8.3093,4.62125],[-8.30986,4.62125],[-8.30986,4.62153],[-8.31042,4.62153],[-8.31042,4.62181],[-8.31069,4.62181],[-8.31069,4.62208],[-8.31097,4.62208],[-8.31097,4.62236],[-8.31153,4.62236],[-8.31153,4.62264],[-8.31208,4.62264],[-8.31208,4.62292],[-8.31217,4.62292],[-8.31217,4.63297],[-8.29791,4.63297],[-8.29791,4.61871]]]},"properties":{"region":"GrandKru","district":"Upperkrucoast","floods_1m":1,"floods_2m":1,"floods_3m":1,"first_flood_m":1,"nests":true}},{"type":"Feature","geometry":{"type":"Polygon","coordinates":[[[-8.31217,4.63297],[-8.32643,4.63297],[-8.32643,4.64723],[-8.31217,4.64723],[-8.31217,4.63297]]]},"properties":{"region":"GrandKru","district":"Upperkrucoast","floods_1m":1,"floods_2m":1,"floods_3m":1,"first_flood_m":1,"nests":true}},{"type":"Feature","geometry":{"type":"Polygon","coordinates":[[[-8.12681,4.55153],[-8.12847,4.55153],[-8.12847,4.5518],[-8.12958,4.5518],[-8.12958,4.55208],[-8.1307,4.55208],[-8.1307,4.55236],[-8.13208,4.55236],[-8.13208,4.55208],[-8.13264,4.55208],[-8.13264,4.55236],[-8.13375,4.55236],[-8.13375,4.55264],[-8.13458,4.55264],[-8.13458,4.55292],[-8.13569,4.55292],[-8.13569,4.55319],[-8.13764,4.55319],[-8.13764,4.55347],[-8.13986,4.55347],[-8.13986,4.55375],[-8.14097,4.55375],[-8.14097,4.55347],[-8.14107,4.55347],[-8.14107,4.56168],[-8.12681,4.56168],[-8.12681,4.55153]]]},"properties":{"region":"GrandKru","district":"Upperkrucoast","floods_1m":1,"floods_2m":1,"floods_3m":1,"first_flood_m":1,"nests":true}},{"type":"Feature","geometry":{"type":"Polygon","coordinates":[[[-8.25514,4.5782],[-8.2557,4.5782],[-8.2557,4.57847],[-8.25653,4.57847],[-8.25653,4.57875],[-8.25625,4.57875],[-8.25625,4.57903],[-8.25653,4.57903],[-8.25653,4.58014],[-8.2568,4.58014],[-8.2568,4.58042],[-8.25708,4.58042],[-8.25708,4.5807],[-8.25736,4.5807],[-8.25736,4.58097],[-8.25819,4.58097],[-8.25819,4.58125],[-8.25875,4.58125],[-8.25875,4.58153],[-8.25903,4.58153],[-8.25903,4.58181],[-8.25958,4.58181],[-8.25958,4.58208],[-8.26014,4.58208],[-8.26014,4.58236],[-8.2607,4.58236],[-8.2607,4.58292],[-8.26153,4.58292],[-8.26153,4.5832],[-8.26236,4.5832],[-8.26236,4.58375],[-8.26264,4.58375],[-8.26264,4.58403],[-8.26292,4.58403],[-8.26292,4.5843],[-8.2632,4.5843],[-8.2632,4.58458],[-8.26347,4.58458],[-8.26347,4.58635],[-8.26347,4.58708],[-8.26375,4.58708],[-8.26375,4.58736],[-8.26431,4.58736],[-8.26431,4.58764],[-8.26514,4.58764],[-8.26514,4.58792],[-8.26542,4.58792],[-8.26542,4.58819],[-8.26569,4.58819],[-8.26569,4.58847],[-8.26597,4.58847],[-8.26597,4.58903],[-8.26625,4.58903],[-8.26625,4.58986],[-8.26653,4.58986],[-8.26653,4.59014],[-8.26708,4.59014],[-8.26708,4.5902],[-8.25514,4.5902],[-8.25514,4.5782]]]},"properties":{"region":"GrandKru","district":"Upperkrucoast","floods_1m":1,"floods_2m":1,"floods_3m":1,"first_flood_m":1,"nests":true}},{"type":"Feature","geometry":{"type":"Polygon","coordinates":[[[-8.06978,4.53875],[-8.06986,4.53875],[-8.06986,4.53903],[-8.07069,4.53903],[-8.07069,4.53931],[-8.07153,4.53931],[-8.07153,4.53958],[-8.07236,4.53958],[-8.07236,4.53986],[-8.07403,4.53986],[-8.07403,4.54014],[-8.07514,4.54014],[-8.07514,4.54042],[-8.07542,4.54042],[-8.07542,4.54069],[-8.07653,4.54069],[-8.07653,4.54097],[-8.07792,4.54097],[-8.07792,4.54125],[-8.07875,4.54125],[-8.07875,4.54153],[-8.0793,4.54153],[-8.0793,4.54181],[-8.08125,4.54181],[-8.08125,4.54208],[-8.08347,4.54208],[-8.08347,4.54236],[-8.08403,4.54236],[-8.08403,4.54264],[-8.08404,4.54264],[-8.08404,4.54742],[-8.06978,4.54742],[-8.06978,4.53875]]]},"properties":{"region":"GrandKru","district":"Upperkrucoast","floods_1m":1,"floods_2m":1,"floods_3m":1,"first_flood_m":1,"nests":true}},{"type":"Feature","geometry":{"type":"Polygon","coordinates":[[[-8.02701,4.53387],[-8.02799,4.53316],[-8.04127,4.53316],[-8.04127,4.54742],[-8.02701,4.54742],[-8.02701,4.53387]]]},"properties":{"region":"GrandKru","district":"Upperkrucoast","floods_1m":0,"floods_2m":1,"floods_3m":0,"first_flood_m":2,"nests":false}},{"type":"Feature","geometry":{"type":"Polygon","coordinates":[[[-8.29791,4.64723],[-8.31217,4.64723],[-8.31217,4.66149],[-8.29791,4.66149],[-8.29791,4.64723]]]},"properties":{"region":"GrandKru","district":"Upperkrucoast","floods_1m":1,"floods_2m":1,"floods_3m":1,"first_flood_m":1,"nests":true}},{"type":"Feature","geometry":{"type":"Polygon","coordinates":[[[-8.32643,4.63153],[-8.32681,4.63153],[-8.32681,4.6318],[-8.32764,4.6318],[-8.32764,4.63208],[-8.32774,4.63208],[-8.32819,4.63208],[-8.32819,4.63222],[-8.32819,4.63236],[-8.32868,4.63236],[-8.32958,4.63236],[-8.32958,4.63264],[-8.33014,4.63264],[-8.33014,4.63279],[-8.33014,4.63292],[-8.33057,4.63292],[-8.33069,4.63292],[-8.33069,4.63297],[-8.32643,4.63297],[-8.32643,4.63153]]]},"properties":{"region":"GrandKru","district":"Upperkrucoast","floods_1m":1,"floods_2m":1,"floods_3m":1,"first_flood_m":1,"nests":true}},{"type":"Feature","geometry":{"type":"Polygon","coordinates":[[[-8.26939,4.63297],[-8.28365,4.63297],[-8.28365,4.64723],[-8.26939,4.64723],[-8.26939,4.63297]]]},"properties":{"region":"GrandKru","district":"Upperkrucoast","floods_1m":0,"floods_2m":1,"floods_3m":0,"first_flood_m":2,"nests":false}},{"type":"Feature","geometry":{"type":"Polygon","coordinates":[[[-8.35494,4.64181],[-8.35542,4.64181],[-8.35542,4.64208],[-8.35653,4.64208],[-8.35653,4.64236],[-8.35736,4.64236],[-8.35736,4.64264],[-8.35819,4.64264],[-8.35819,4.64292],[-8.36014,4.64292],[-8.36014,4.6432],[-8.36125,4.6432],[-8.36125,4.64347],[-8.36292,4.64347],[-8.36292,4.64375],[-8.36403,4.64375],[-8.36403,4.64403],[-8.3643,4.64403],[-8.3643,4.64431],[-8.36458,4.64431],[-8.36458,4.64403],[-8.36542,4.64403],[-8.36542,4.64431],[-8.36597,4.64431],[-8.36597,4.64458],[-8.36625,4.64458],[-8.36625,4.64431],[-8.36681,4.64431],[-8.36681,4.64458],[-8.36736,4.64458],[-8.36736,4.64486],[-8.36764,4.64486],[-8.36764,4.64514],[-8.36819,4.64514],[-8.36819,4.64542],[-8.36847,4.64542],[-8.36847,4.64514],[-8.3692,4.64514],[-8.3692,4.64723],[-8.35494,4.64723],[-8.35494,4.64181]]]},"properties":{"region":"GrandKru","district":"Upperkrucoast","floods_1m":1,"floods_2m":1,"floods_3m":1,"first_flood_m":1,"nests":true}},{"type":"Feature","geometry":{"type":"Polygon","coordinates":[[[-8.1981,4.5607],[-8.19875,4.5607],[-8.19875,4.56097],[-8.19958,4.56097],[-8.19958,4.56125],[-8.20042,4.56125],[-8.20042,4.56153],[-8.20236,4.56153],[-8.20236,4.56168],[-8.1981,4.56168],[-8.1981,4.5607]]]},"properties":{"region":"GrandKru","district":"Upperkrucoast","floods_1m":1,"floods_2m":1,"floods_3m":1,"first_flood_m":1,"nests":true}},{"type":"Feature","geometry":{"type":"Polygon","coordinates":[[[-8.24088,4.57594],[-8.25375,4.57594],[-8.25375,4.57708],[-8.25403,4.57709],[-8.25403,4.57736],[-8.25431,4.57736],[-8.25431,4.57764],[-8.25458,4.57764],[-8.25458,4.57792],[-8.25486,4.57792],[-8.25486,4.5782],[-8.25514,4.5782],[-8.25514,4.5902],[-8.24088,4.5902],[-8.24088,4.57594]]]},"properties":{"region":"GrandKru","district":"Upperkrucoast","floods_1m":0,"floods_2m":1,"floods_3m":0,"first_flood_m":2,"nests":false}},{"type":"Feature","geometry":{"type":"Polygon","coordinates":[[[-8.28365,4.59736],[-8.28403,4.59736],[-8.28403,4.59764],[-8.2843,4.59764],[-8.2843,4.59792],[-8.28542,4.59792],[-8.28542,4.59819],[-8.28597,4.59819],[-8.28597,4.59847],[-8.28653,4.59847],[-8.28653,4.59875],[-8.28681,4.59875],[-8.28681,4.59903],[-8.28708,4.59903],[-8.28708,4.59931],[-8.28792,4.59931],[-8.28792,4.59958],[-8.28847,4.59958],[-8.28847,4.59986],[-8.2893,4.59986],[-8.2893,4.60014],[-8.28986,4.60014],[-8.28986,4.60042],[-8.28989,4.60042],[-8.29097,4.60042],[-8.29097,4.60069],[-8.29208,4.60069],[-8.29208,4.60097],[-8.29292,4.60097],[-8.29292,4.60125],[-8.29319,4.60125],[-8.29319,4.60181],[-8.29375,4.60181],[-8.29375,4.60208],[-8.29403,4.60208],[-8.29403,4.60292],[-8.29375,4.60292],[-8.29375,4.60319],[-8.29347,4.60319],[-8.29347,4.60445],[-8.28365,4.60445],[-8.28365,4.59736]]]},"properties":{"region":"GrandKru","district":"Upperkrucoast","floods_1m":1,"floods_2m":1,"floods_3m":1,"first_flood_m":1,"nests":true}},{"type":"Feature","geometry":{"type":"Polygon","coordinates":[[[-8.01275,4.54742],[-8.02701,4.54742],[-8.02701,4.56168],[-8.01275,4.56168],[-8.01275,4.54742]]]},"properties":{"region":"GrandKru","district":"Upperkrucoast","floods_1m":0,"floods_2m":1,"floods_3m":0,"first_flood_m":2,"nests":false}},{"type":"Feature","geometry":{"type":"MultiPolygon","coordinates":[[[[-8.32643,4.63297],[-8.33069,4.63297],[-8.33069,4.63319],[-8.33152,4.63319],[-8.33181,4.63319],[-8.33181,4.63347],[-8.33246,4.63347],[-8.33292,4.63347],[-8.33292,4.63361],[-8.33292,4.63375],[-8.3334,4.63375],[-8.33375,4.63375],[-8.33375,4.63385],[-8.33375,4.63403],[-8.33403,4.63403],[-8.33403,4.6343],[-8.33458,4.6343],[-8.33458,4.63458],[-8.33514,4.63458],[-8.33514,4.63486],[-8.3368,4.63486],[-8.3368,4.63514],[-8.33708,4.63514],[-8.33708,4.63542],[-8.33819,4.63542],[-8.33819,4.63569],[-8.33847,4.63569],[-8.33847,4.63542],[-8.33905,4.63542],[-8.33958,4.63542],[-8.33958,4.63557],[-8.33958,4.63569],[-8.33986,4.63569],[-8.33986,4.63653],[-8.33958,4.63653],[-8.33958,4.63681],[-8.33875,4.63681],[-8.33875,4.63708],[-8.33847,4.63708],[-8.33847,4.63736],[-8.33819,4.63736],[-8.33819,4.63792],[-8.33847,4.63792],[-8.33847,4.63931],[-8.33819,4.63931],[-8.33819,4.64014],[-8.33792,4.64014],[-8.33792,4.6407],[-8.33764,4.6407],[-8.33764,4.64236],[-8.33792,4.64236],[-8.33792,4.64347],[-8.33819,4.64347],[-8.33819,4.64403],[-8.33847,4.64403],[-8.33847,4.64625],[-8.33875,4.64625],[-8.33875,4.64723],[-8.33542,4.64723],[-8.33542,4.64708],[-8.33514,4.64708],[-8.33514,4.64681],[-8.33458,4.64681],[-8.33458,4.64653],[-8.33403,4.64653],[-8.33403,4.64681],[-8.33236,4.64681],[-8.33236,4.64708],[-8.33208,4.64708],[-8.33208,4.64681],[-8.33181,4.64681],[-8.33181,4.64514],[-8.33208,4.64514],[-8.33208,4.64486],[-8.33236,4.64486],[-8.33236,4.64431],[-8.33264,4.64431],[-8.33264,4.64403],[-8.33292,4.64403],[-8.33292,4.64375],[-8.33319,4.64375],[-8.33319,4.64347],[-8.33347,4.64347],[-8.33347,4.6432],[-8.33292,4.6432],[-8.33292,4.64347],[-8.33208,4.64347],[-8.33208,4.64375],[-8.33181,4.64375],[-8.33181,4.64403],[-8.33153,4.64403],[-8.33153,4.64431],[-8.33097,4.64431],[-8.33097,4.64458],[-8.33069,4.64458],[-8.33069,4.64514],[-8.33042,4.64514],[-8.33042,4.64625],[-8.33069,4.64625],[-8.33069,4.64681],[-8.33097,4.64681],[-8.33097,4.64708],[-8.33125,4.64708],[-8.33125,4.64723],[-8.32643,4.64723],[-8.32643,4.63297]]],[[[-8.34068,4.63986],[-8.34068,4.64723],[-8.34014,4.64723],[-8.34014,4.64708],[-8.33986,4.64708],[-8.33986,4.64681],[-8.33958,4.64681],[-8.33958,4.64625],[-8.33986,4.64625],[-8.33986,4.64486],[-8.33958,4.64486],[-8.33958,4.64403],[-8.33931,4.64403],[-8.33931,4.64347],[-8.33903,4.64347],[-8.33903,4.6407],[-8.33931,4.6407],[-8.33931,4.64042],[-8.33958,4.64042],[-8.33958,4.63986],[-8.34068,4.63986]]]]},"properties":{"region":"GrandKru","district":"Upperkrucoast","floods_1m":1,"floods_2m":1,"floods_3m":1,"first_flood_m":1,"nests":true}},{"type":"Feature","geometry":{"type":"Polygon","coordinates":[[[-8.21236,4.5902],[-8.22662,4.5902],[-8.22662,4.60445],[-8.21236,4.60445],[-8.21236,4.5902]]]},"properties":{"region":"GrandKru","district":"Upperkrucoast","floods_1m":1,"floods_2m":1,"floods_3m":1,"first_flood_m":1,"nests":true}},{"type":"Feature","geometry":{"type":"Polygon","coordinates":[[[-8.05552,4.53708],[-8.05569,4.53708],[-8.05569,4.53681],[-8.05625,4.53681],[-8.05625,4.53653],[-8.05653,4.53653],[-8.05653,4.53625],[-8.05792,4.53625],[-8.05792,4.53653],[-8.05931,4.53653],[-8.05931,4.53625],[-8.05986,4.53625],[-8.05986,4.53681],[-8.06208,4.53681],[-8.06208,4.53708],[-8.06292,4.53708],[-8.06292,4.53736],[-8.06403,4.53736],[-8.06403,4.53764],[-8.06542,4.53764],[-8.06542,4.53792],[-8.06708,4.53792],[-8.06708,4.5382],[-8.06792,4.5382],[-8.06792,4.53847],[-8.06903,4.53847],[-8.06903,4.53875],[-8.06978,4.53875],[-8.06978,4.54742],[-8.05552,4.54742],[-8.05552,4.53708]]]},"properties":{"region":"GrandKru","district":"Upperkrucoast","floods_1m":1,"floods_2m":1,"floods_3m":1,"first_flood_m":1,"nests":true}},{"type":"Feature","geometry":{"type":"Polygon","coordinates":[[[-8.08404,4.54742],[-8.0983,4.54742],[-8.0983,4.56168],[-8.08404,4.56168],[-8.08404,4.54742]]]},"properties":{"region":"GrandKru","district":"Upperkrucoast","floods_1m":1,"floods_2m":1,"floods_3m":1,"first_flood_m":1,"nests":true}},{"type":"Feature","geometry":{"type":"Polygon","coordinates":[[[-8.06978,4.56168],[-8.08404,4.56168],[-8.08404,4.57594],[-8.06978,4.57594],[-8.06978,4.56168]]]},"properties":{"region":"GrandKru","district":"Upperkrucoast","floods_1m":1,"floods_2m":1,"floods_3m":1,"first_flood_m":1,"nests":true}},{"type":"Feature","geometry":{"type":"Polygon","coordinates":[[[-8.0983,4.54597],[-8.10014,4.54597],[-8.10014,4.54625],[-8.10097,4.54625],[-8.10097,4.54653],[-8.10125,4.54653],[-8.10125,4.54681],[-8.10375,4.54681],[-8.10375,4.54708],[-8.10486,4.54708],[-8.10486,4.54736],[-8.10625,4.54736],[-8.10625,4.54742],[-8.0983,4.54742],[-8.0983,4.54597]]]},"properties":{"region":"GrandKru","district":"Upperkrucoast","floods_1m":1,"floods_2m":1,"floods_3m":1,"first_flood_m":1,"nests":true}},{"type":"Feature","geometry":{"type":"Polygon","coordinates":[[[-8.0983,4.57594],[-8.11256,4.57594],[-8.11256,4.5902],[-8.0983,4.5902],[-8.0983,4.57594]]]},"properties":{"region":"GrandKru","district":"Upperkrucoast","floods_1m":1,"floods_2m":1,"floods_3m":1,"first_flood_m":1,"nests":true}},{"type":"Feature","geometry":{"type":"Polygon","coordinates":[[[-8.31217,4.64723],[-8.32643,4.64723],[-8.32643,4.66149],[-8.31217,4.66149],[-8.31217,4.64723]]]},"properties":{"region":"GrandKru","district":"Upperkrucoast","floods_1m":1,"floods_2m":1,"floods_3m":1,"first_flood_m":1,"nests":true}},{"type":"Feature","geometry":{"type":"Polygon","coordinates":[[[-8.01275,4.57594],[-8.02701,4.57594],[-8.02701,4.5902],[-8.01275,4.5902],[-8.01275,4.57594]]]},"properties":{"region":"GrandKru","district":"Upperkrucoast","floods_1m":1,"floods_2m":1,"floods_3m":1,"first_flood_m":1,"nests":true}},{"type":"Feature","geometry":{"type":"Polygon","coordinates":[[[-8.29791,4.63297],[-8.31217,4.63297],[-8.31217,4.64723],[-8.29791,4.64723],[-8.29791,4.63297]]]},"properties":{"region":"GrandKru","district":"Upperkrucoast","floods_1m":1,"floods_2m":1,"floods_3m":1,"first_flood_m":1,"nests":true}},{"type":"Feature","geometry":{"type":"Polygon","coordinates":[[[-7.99849,4.56168],[-8.01275,4.56168],[-8.01275,4.57594],[-7.99849,4.57594],[-7.99849,4.56168]]]},"properties":{"region":"GrandKru","district":"Upperkrucoast","floods_1m":1,"floods_2m":1,"floods_3m":1,"first_flood_m":1,"nests":true}},{"type":"Feature","geometry":{"type":"Polygon","coordinates":[[[-8.18385,4.56168],[-8.1981,4.56168],[-8.1981,4.57594],[-8.18385,4.57594],[-8.18385,4.56168]]]},"properties":{"region":"GrandKru","district":"Upperkrucoast","floods_1m":0,"floods_2m":1,"floods_3m":0,"first_flood_m":2,"nests":false}},{"type":"Feature","geometry":{"type":"Polygon","coordinates":[[[-8.1981,4.57594],[-8.21236,4.57594],[-8.21236,4.5902],[-8.1981,4.5902],[-8.1981,4.57594]]]},"properties":{"region":"GrandKru","district":"Upperkrucoast","floods_1m":1,"floods_2m":1,"floods_3m":1,"first_flood_m":1,"nests":true}},{"type":"Feature","geometry":{"type":"Polygon","coordinates":[[[-8.21236,4.56375],[-8.21264,4.56375],[-8.21264,4.56403],[-8.2143,4.56403],[-8.2143,4.5643],[-8.21542,4.5643],[-8.21542,4.56458],[-8.21597,4.56458],[-8.21597,4.56486],[-8.21819,4.56486],[-8.21819,4.56458],[-8.21875,4.56458],[-8.21875,4.5643],[-8.21931,4.5643],[-8.21931,4.56458],[-8.21958,4.56458],[-8.21958,4.56514],[-8.21986,4.56514],[-8.21986,4.56569],[-8.22014,4.56569],[-8.22014,4.56597],[-8.22069,4.56597],[-8.22069,4.56625],[-8.22097,4.56625],[-8.22097,4.56653],[-8.22153,4.56653],[-8.22153,4.56681],[-8.22264,4.56681],[-8.22264,4.56708],[-8.22319,4.56708],[-8.22319,4.56736],[-8.22403,4.56736],[-8.22403,4.56764],[-8.22431,4.56764],[-8.22431,4.56792],[-8.22486,4.56792],[-8.22486,4.56819],[-8.22514,4.56819],[-8.22514,4.56847],[-8.22569,4.56847],[-8.22569,4.56875],[-8.22662,4.56875],[-8.22662,4.57594],[-8.21236,4.57594],[-8.21236,4.56375]]]},"properties":{"region":"GrandKru","district":"Upperkrucoast","floods_1m":1,"floods_2m":1,"floods_3m":1,"first_flood_m":1,"nests":true}},{"type":"Feature","geometry":{"type":"Polygon","coordinates":[[[-7.98423,4.5902],[-7.99849,4.5902],[-7.99849,4.60445],[-7.98423,4.60445],[-7.98423,4.5902]]]},"properties":{"region":"GrandKru","district":"Upperkrucoast","floods_1m":0,"floods_2m":1,"floods_3m":0,"first_flood_m":2,"nests":false}},{"type":"Feature","geometry":{"type":"Polygon","coordinates":[[[-8.29791,4.67574],[-8.31217,4.67574],[-8.31217,4.69],[-8.29791,4.69],[-8.29791,4.67574]]]},"properties":{"region":"GrandKru","district":"Upperkrucoast","floods_1m":0,"floods_2m":1,"floods_3m":0,"first_flood_m":2,"nests":false}},{"type":"Feature","geometry":{"type":"Polygon","coordinates":[[[-8.06978,4.54742],[-8.08404,4.54742],[-8.08404,4.56168],[-8.06978,4.56168],[-8.06978,4.54742]]]},"properties":{"region":"GrandKru","district":"Upperkrucoast","floods_1m":1,"floods_2m":1,"floods_3m":1,"first_flood_m":1,"nests":true}},{"type":"Feature","geometry":{"type":"Polygon","coordinates":[[[-8.18385,4.57594],[-8.1981,4.57594],[-8.1981,4.5902],[-8.18385,4.5902],[-8.18385,4.57594]]]},"properties":{"region":"GrandKru","district":"Upperkrucoast","floods_1m":0,"floods_2m":1,"floods_3m":0,"first_flood_m":2,"nests":false}},{"type":"Feature","geometry":{"type":"Polygon","coordinates":[[[-8.02701,4.57594],[-8.04127,4.57594],[-8.04127,4.5902],[-8.02701,4.5902],[-8.02701,4.57594]]]},"properties":{"region":"GrandKru","district":"Upperkrucoast","floods_1m":1,"floods_2m":1,"floods_3m":1,"first_flood_m":1,"nests":true}},{"type":"Feature","geometry":{"type":"Polygon","coordinates":[[[-8.02701,4.56168],[-8.04127,4.56168],[-8.04127,4.57594],[-8.02701,4.57594],[-8.02701,4.56168]]]},"properties":{"region":"GrandKru","district":"Upperkrucoast","floods_1m":1,"floods_2m":1,"floods_3m":1,"first_flood_m":1,"nests":true}},{"type":"Feature","geometry":{"type":"Polygon","coordinates":[[[-8.28365,4.64723],[-8.28989,4.64723],[-8.29791,4.64723],[-8.29791,4.66149],[-8.28989,4.66149],[-8.28365,4.66149],[-8.28365,4.64723]]]},"properties":{"region":"GrandKru","district":"Upperkrucoast","floods_1m":1,"floods_2m":1,"floods_3m":1,"first_flood_m":1,"nests":true}},{"type":"Feature","geometry":{"type":"Polygon","coordinates":[[[-8.05552,4.56168],[-8.06978,4.56168],[-8.06978,4.57594],[-8.05552,4.57594],[-8.05552,4.56168]]]},"properties":{"region":"GrandKru","district":"Upperkrucoast","floods_1m":1,"floods_2m":1,"floods_3m":1,"first_flood_m":1,"nests":true}},{"type":"Feature","geometry":{"type":"Polygon","coordinates":[[[-8.11256,4.5902],[-8.12681,4.5902],[-8.12681,4.60445],[-8.11256,4.60445],[-8.11256,4.5902]]]},"properties":{"region":"GrandKru","district":"Upperkrucoast","floods_1m":0,"floods_2m":1,"floods_3m":0,"first_flood_m":2,"nests":false}},{"type":"Feature","geometry":{"type":"Polygon","coordinates":[[[-8.31217,4.66149],[-8.32643,4.66149],[-8.32643,4.67574],[-8.31217,4.67574],[-8.31217,4.66149]]]},"properties":{"region":"GrandKru","district":"Upperkrucoast","floods_1m":0,"floods_2m":1,"floods_3m":0,"first_flood_m":2,"nests":false}},{"type":"Feature","geometry":{"type":"Polygon","coordinates":[[[-8.14107,4.55347],[-8.14264,4.55347],[-8.14264,4.55375],[-8.14458,4.55375],[-8.14458,4.55403],[-8.14542,4.55403],[-8.14542,4.55431],[-8.14597,4.55431],[-8.14597,4.55458],[-8.14708,4.55458],[-8.14708,4.55431],[-8.14903,4.55431],[-8.14903,4.55458],[-8.14986,4.55458],[-8.14986,4.55486],[-8.15042,4.55486],[-8.15042,4.55458],[-8.15153,4.55458],[-8.15153,4.55486],[-8.15403,4.55486],[-8.15403,4.55514],[-8.15458,4.55514],[-8.15458,4.55542],[-8.15486,4.55542],[-8.15486,4.55597],[-8.15533,4.55597],[-8.15533,4.56168],[-8.14107,4.56168],[-8.14107,4.55347]]]},"properties":{"region":"GrandKru","district":"Upperkrucoast","floods_1m":1,"floods_2m":1,"floods_3m":1,"first_flood_m":1,"nests":true}},{"type":"Feature","geometry":{"type":"Polygon","coordinates":[[[-8.3692,4.64514],[-8.37042,4.64514],[-8.37042,4.64542],[-8.37125,4.64542],[-8.37125,4.64569],[-8.37208,4.64569],[-8.37208,4.64597],[-8.37236,4.64597],[-8.37236,4.64625],[-8.37292,4.64625],[-8.37292,4.64653],[-8.37486,4.64653],[-8.37486,4.64673],[-8.37447,4.64723],[-8.3692,4.64723],[-8.3692,4.64514]]]},"properties":{"region":"GrandKru","district":"Upperkrucoast","floods_1m":1,"floods_2m":1,"floods_3m":1,"first_flood_m":1,"nests":true}},{"type":"Feature","geometry":{"type":"Polygon","coordinates":[[[-8.11256,4.56168],[-8.12681,4.56168],[-8.12681,4.57594],[-8.11256,4.57594],[-8.11256,4.56168]]]},"properties":{"region":"GrandKru","district":"Upperkrucoast","floods_1m":0,"floods_2m":1,"floods_3m":0,"first_flood_m":2,"nests":false}},{"type":"Feature","geometry":{"type":"Polygon","coordinates":[[[-8.03141,4.53069],[-8.03208,4.53069],[-8.03208,4.53097],[-8.03292,4.53097],[-8.03292,4.53125],[-8.03431,4.53125],[-8.03431,4.53153],[-8.03569,4.53153],[-8.03569,4.53181],[-8.03736,4.53181],[-8.03736,4.53208],[-8.03847,4.53208],[-8.03847,4.53236],[-8.04125,4.53236],[-8.04125,4.53264],[-8.04127,4.53264],[-8.04127,4.53316],[-8.02799,4.53316],[-8.03141,4.53069]]]},"properties":{"region":"GrandKru","district":"Upperkrucoast","floods_1m":1,"floods_2m":1,"floods_3m":1,"first_flood_m":1,"nests":true}},{"type":"Feature","geometry":{"type":"Polygon","coordinates":[[[-8.08404,4.56168],[-8.0983,4.56168],[-8.0983,4.57594],[-8.08404,4.57594],[-8.08404,4.56168]]]},"properties":{"region":"GrandKru","district":"Upperkrucoast","floods_1m":1,"floods_2m":1,"floods_3m":1,"first_flood_m":1,"nests":true}},{"type":"Feature","geometry":{"type":"Polygon","coordinates":[[[-8.26939,4.59153],[-8.26958,4.59153],[-8.26958,4.59181],[-8.27042,4.59181],[-8.27042,4.59208],[-8.27097,4.59208],[-8.27097,4.59236],[-8.27181,4.59236],[-8.27181,4.59264],[-8.27236,4.59264],[-8.27236,4.59292],[-8.27323,4.59292],[-8.27375,4.59292],[-8.27375,4.59319],[-8.27458,4.59319],[-8.27458,4.59347],[-8.27569,4.59347],[-8.27569,4.59375],[-8.27681,4.59375],[-8.27681,4.59403],[-8.27736,4.59403],[-8.27736,4.59431],[-8.27764,4.59431],[-8.27764,4.59458],[-8.27819,4.59458],[-8.27819,4.59486],[-8.27875,4.59486],[-8.27875,4.59514],[-8.27986,4.59514],[-8.27986,4.59569],[-8.28042,4.59569],[-8.28042,4.59597],[-8.28069,4.59597],[-8.28069,4.59625],[-8.28153,4.59625],[-8.28153,4.59653],[-8.28236,4.59653],[-8.28236,4.59681],[-8.28264,4.59681],[-8.28264,4.59708],[-8.28347,4.59708],[-8.28347,4.59736],[-8.28365,4.59736],[-8.28365,4.60445],[-8.26939,4.60445],[-8.26939,4.59153]]]},"properties":{"region":"GrandKru","district":"Upperkrucoast","floods_1m":1,"floods_2m":1,"floods_3m":1,"first_flood_m":1,"nests":true}},{"type":"Feature","geometry":{"type":"Polygon","coordinates":[[[-8.28365,4.61871],[-8.28989,4.61871],[-8.29791,4.61871],[-8.29791,4.63297],[-8.28989,4.63297],[-8.28365,4.63297],[-8.28365,4.61871]]]},"properties":{"region":"GrandKru","district":"Upperkrucoast","floods_1m":1,"floods_2m":1,"floods_3m":1,"first_flood_m":1,"nests":true}},{"type":"Feature","geometry":{"type":"Polygon","coordinates":[[[-8.05552,4.54742],[-8.06978,4.54742],[-8.06978,4.56168],[-8.05552,4.56168],[-8.05552,4.54742]]]},"properties":{"region":"GrandKru","district":"Upperkrucoast","floods_1m":1,"floods_2m":1,"floods_3m":1,"first_flood_m":1,"nests":true}},{"type":"Feature","geometry":{"type":"Polygon","coordinates":[[[-7.99849,4.5902],[-8.01275,4.5902],[-8.01275,4.60445],[-7.99849,4.60445],[-7.99849,4.5902]]]},"properties":{"region":"GrandKru","district":"Upperkrucoast","floods_1m":1,"floods_2m":1,"floods_3m":1,"first_flood_m":1,"nests":true}},{"type":"Feature","geometry":{"type":"Polygon","coordinates":[[[-8.15533,4.55597],[-8.15542,4.55597],[-8.15542,4.5557],[-8.15569,4.5557],[-8.15569,4.55542],[-8.15625,4.55542],[-8.15625,4.55514],[-8.16014,4.55514],[-8.16014,4.55542],[-8.16375,4.55542],[-8.16375,4.5557],[-8.16403,4.5557],[-8.16403,4.55542],[-8.16431,4.55542],[-8.16431,4.5557],[-8.16681,4.5557],[-8.16681,4.55597],[-8.16847,4.55597],[-8.16847,4.55625],[-8.16959,4.55625],[-8.16959,4.56168],[-8.15533,4.56168],[-8.15533,4.55597]]]},"properties":{"region":"GrandKru","district":"Upperkrucoast","floods_1m":1,"floods_2m":1,"floods_3m":1,"first_flood_m":1,"nests":true}},{"type":"Feature","geometry":{"type":"Polygon","coordinates":[[[-8.16959,4.55625],[-8.17208,4.55625],[-8.17208,4.55653],[-8.17236,4.55653],[-8.17236,4.55625],[-8.17375,4.55625],[-8.17375,4.55653],[-8.17431,4.55653],[-8.17431,4.55625],[-8.17458,4.55625],[-8.17458,4.55653],[-8.17486,4.55653],[-8.17486,4.55625],[-8.17542,4.55625],[-8.17542,4.55653],[-8.17653,4.55653],[-8.17653,4.55681],[-8.1768,4.55681],[-8.1768,4.55708],[-8.1775,4.55708],[-8.17875,4.55708],[-8.17875,4.55736],[-8.17958,4.55736],[-8.17958,4.55708],[-8.17986,4.55708],[-8.17986,4.55736],[-8.18125,4.55736],[-8.18125,4.55764],[-8.18375,4.55764],[-8.18375,4.55792],[-8.18385,4.55792],[-8.18385,4.56168],[-8.16959,4.56168],[-8.16959,4.55625]]]},"properties":{"region":"GrandKru","district":"Upperkrucoast","floods_1m":1,"floods_2m":1,"floods_3m":1,"first_flood_m":1,"nests":true}},{"type":"Feature","geometry":{"type":"Polygon","coordinates":[[[-8.01275,4.56168],[-8.02701,4.56168],[-8.02701,4.57594],[-8.01275,4.57594],[-8.01275,4.56168]]]},"properties":{"region":"GrandKru","district":"Upperkrucoast","floods_1m":1,"floods_2m":1,"floods_3m":1,"first_flood_m":1,"nests":true}},{"type":"Feature","geometry":{"type":"Polygon","coordinates":[[[-8.21236,4.57594],[-8.22662,4.57594],[-8.22662,4.5902],[-8.21236,4.5902],[-8.21236,4.57594]]]},"properties":{"region":"GrandKru","district":"Upperkrucoast","floods_1m":1,"floods_2m":1,"floods_3m":1,"first_flood_m":1,"nests":true}},{"type":"Feature","geometry":{"type":"MultiPolygon","coordinates":[[[[-8.04127,4.53316],[-8.0443,4.53316],[-8.0443,4.5332],[-8.04486,4.5332],[-8.04486,4.53347],[-8.0457,4.53347],[-8.0457,4.5332],[-8.04625,4.5332],[-8.04625,4.53347],[-8.04653,4.53347],[-8.04653,4.53375],[-8.04764,4.53375],[-8.04764,4.53403],[-8.04819,4.53403],[-8.04819,4.53431],[-8.04903,4.53431],[-8.04903,4.53458],[-8.04986,4.53458],[-8.04986,4.53486],[-8.05153,4.53486],[-8.05153,4.53514],[-8.0518,4.53514],[-8.0518,4.53542],[-8.05236,4.53542],[-8.05236,4.53597],[-8.05264,4.53597],[-8.05264,4.53653],[-8.05236,4.53653],[-8.05236,4.53681],[-8.05125,4.53681],[-8.05125,4.53736],[-8.05097,4.53736],[-8.05097,4.53792],[-8.0507,4.53792],[-8.0507,4.53819],[-8.05014,4.5382],[-8.05014,4.53847],[-8.04958,4.53847],[-8.04958,4.53875],[-8.04903,4.53875],[-8.04903,4.53903],[-8.04875,4.53903],[-8.04875,4.53931],[-8.04847,4.53931],[-8.04847,4.54042],[-8.04819,4.54042],[-8.04819,4.54097],[-8.04792,4.54097],[-8.04792,4.54125],[-8.04764,4.54125],[-8.04764,4.54208],[-8.04736,4.54208],[-8.04736,4.54264],[-8.04708,4.54264],[-8.04708,4.54292],[-8.04681,4.54292],[-8.04681,4.54403],[-8.04653,4.54403],[-8.04653,4.54458],[-8.04625,4.54458],[-8.04625,4.54486],[-8.04597,4.54486],[-8.04597,4.54542],[-8.04625,4.54542],[-8.04625,4.54708],[-8.04597,4.54708],[-8.04597,4.54742],[-8.04127,4.54742],[-8.04127,4.53316]]],[[[-8.05552,4.53708],[-8.05552,4.54742],[-8.04681,4.54742],[-8.04681,4.54708],[-8.04653,4.54708],[-8.04653,4.54681],[-8.04681,4.54681],[-8.04681,4.54625],[-8.04708,4.54625],[-8.04708,4.54569],[-8.04736,4.54569],[-8.04736,4.54542],[-8.04764,4.54542],[-8.04764,4.54431],[-8.04792,4.54431],[-8.04792,4.54375],[-8.04819,4.54375],[-8.04819,4.54347],[-8.04847,4.54347],[-8.04847,4.54319],[-8.04875,4.54319],[-8.04875,4.54208],[-8.04903,4.54208],[-8.04903,4.54153],[-8.04875,4.54153],[-8.04875,4.54125],[-8.0493,4.54125],[-8.0493,4.54097],[-8.04986,4.54097],[-8.04986,4.54042],[-8.0507,4.54042],[-8.0507,4.54014],[-8.05125,4.54014],[-8.05125,4.53986],[-8.05153,4.53986],[-8.05153,4.53958],[-8.05236,4.53958],[-8.05236,4.53931],[-8.05264,4.53931],[-8.05264,4.53903],[-8.05292,4.53903],[-8.05292,4.53847],[-8.05347,4.53847],[-8.05347,4.5382],[-8.05375,4.5382],[-8.05375,4.53792],[-8.05403,4.53792],[-8.05403,4.53764],[-8.05431,4.53764],[-8.05431,4.53736],[-8.05486,4.53736],[-8.05486,4.53708],[-8.05552,4.53708]]]]},"properties":{"region":"GrandKru","district":"Upperkrucoast","floods_1m":1,"floods_2m":1,"floods_3m":1,"first_flood_m":1,"nests":true}},{"type":"Feature","geometry":{"type":"Polygon","coordinates":[[[-8.04127,4.54742],[-8.04597,4.54742],[-8.04597,4.54847],[-8.04625,4.54847],[-8.04625,4.54986],[-8.04653,4.54986],[-8.04653,4.55042],[-8.04681,4.55042],[-8.04681,4.55097],[-8.04708,4.55097],[-8.04708,4.55153],[-8.04736,4.55153],[-8.04736,4.5518],[-8.04764,4.5518],[-8.04764,4.55208],[-8.04792,4.55208],[-8.04792,4.55264],[-8.04819,4.55264],[-8.04819,4.55292],[-8.04847,4.55292],[-8.04847,4.55375],[-8.04875,4.55375],[-8.04875,4.55431],[-8.04847,4.55431],[-8.04847,4.55458],[-8.04819,4.55458],[-8.04819,4.55514],[-8.04764,4.55514],[-8.04764,4.55542],[-8.04736,4.55542],[-8.04736,4.5557],[-8.04764,4.5557],[-8.04764,4.55625],[-8.04736,4.55625],[-8.04736,4.55653],[-8.04764,4.55653],[-8.04764,4.55681],[-8.04875,4.55681],[-8.04875,4.55708],[-8.04903,4.55708],[-8.04903,4.5557],[-8.0493,4.5557],[-8.0493,4.55542],[-8.04958,4.55542],[-8.04958,4.55514],[-8.04986,4.55514],[-8.04986,4.55458],[-8.04958,4.55458],[-8.04958,4.55236],[-8.0493,4.55236],[-8.0493,4.55208],[-8.04903,4.55208],[-8.04903,4.55153],[-8.04875,4.55153],[-8.04875,4.55125],[-8.04847,4.55125],[-8.04847,4.55097],[-8.04819,4.55097],[-8.04819,4.55042],[-8.04792,4.55042],[-8.04792,4.55014],[-8.04764,4.55014],[-8.04764,4.54958],[-8.04736,4.54958],[-8.04736,4.54931],[-8.04708,4.54931],[-8.04708,4.54875],[-8.04681,4.54875],[-8.04681,4.54742],[-8.05552,4.54742],[-8.05552,4.56168],[-8.04127,4.56168],[-8.04127,4.54742]]]},"properties":{"region":"GrandKru","district":"Upperkrucoast","floods_1m":1,"floods_2m":1,"floods_3m":1,"first_flood_m":1,"nests":true}},{"type":"Feature","geometry":{"type":"Polygon","coordinates":[[[-8.29791,4.61236],[-8.29792,4.61236],[-8.29792,4.61264],[-8.29847,4.61264],[-8.29847,4.61292],[-8.29875,4.61292],[-8.29875,4.61319],[-8.29903,4.61319],[-8.29903,4.61347],[-8.29931,4.61347],[-8.29931,4.61403],[-8.29958,4.61403],[-8.29958,4.61458],[-8.29986,4.61458],[-8.29986,4.61486],[-8.30042,4.61486],[-8.30042,4.61514],[-8.30097,4.61514],[-8.30097,4.61542],[-8.30153,4.61542],[-8.30153,4.61569],[-8.30208,4.61569],[-8.30208,4.61597],[-8.30237,4.61597],[-8.30264,4.61597],[-8.30264,4.61625],[-8.30375,4.61625],[-8.30375,4.61653],[-8.30458,4.61653],[-8.30458,4.61681],[-8.30486,4.61681],[-8.30486,4.61708],[-8.30514,4.61708],[-8.30514,4.61736],[-8.30569,4.61736],[-8.30569,4.61764],[-8.30653,4.61764],[-8.30653,4.61792],[-8.30708,4.61792],[-8.30708,4.6182],[-8.30736,4.6182],[-8.30736,4.61847],[-8.30764,4.61847],[-8.30764,4.61871],[-8.29791,4.61871],[-8.29791,4.61236]]]},"properties":{"region":"GrandKru","district":"Upperkrucoast","floods_1m":1,"floods_2m":1,"floods_3m":1,"first_flood_m":1,"nests":true}},{"type":"Feature","geometry":{"type":"Polygon","coordinates":[[[-8.0983,4.54742],[-8.10625,4.54742],[-8.10625,4.54764],[-8.10764,4.54764],[-8.10764,4.54792],[-8.10847,4.54792],[-8.10847,4.54819],[-8.1107,4.54819],[-8.1107,4.54847],[-8.11181,4.54847],[-8.11181,4.54875],[-8.11256,4.54875],[-8.11256,4.56168],[-8.0983,4.56168],[-8.0983,4.54742]]]},"properties":{"region":"GrandKru","district":"Upperkrucoast","floods_1m":1,"floods_2m":1,"floods_3m":1,"first_flood_m":1,"nests":true}},{"type":"Feature","geometry":{"type":"Polygon","coordinates":[[[-8.02701,4.54742],[-8.04127,4.54742],[-8.04127,4.56168],[-8.02701,4.56168],[-8.02701,4.54742]]]},"properties":{"region":"GrandKru","district":"Upperkrucoast","floods_1m":1,"floods_2m":1,"floods_3m":1,"first_flood_m":1,"nests":true}},{"type":"Feature","geometry":{"type":"Polygon","coordinates":[[[-8.01275,4.60445],[-8.02701,4.60445],[-8.02701,4.61871],[-8.01275,4.61871],[-8.01275,4.60445]]]},"properties":{"region":"GrandKru","district":"Upperkrucoast","floods_1m":0,"floods_2m":1,"floods_3m":0,"first_flood_m":2,"nests":false}},{"type":"Feature","geometry":{"type":"Polygon","coordinates":[[[-8.12681,4.56168],[-8.14107,4.56168],[-8.14107,4.57594],[-8.12681,4.57594],[-8.12681,4.56168]]]},"properties":{"region":"GrandKru","district":"Upperkrucoast","floods_1m":0,"floods_2m":1,"floods_3m":0,"first_flood_m":2,"nests":false}},{"type":"Feature","geometry":{"type":"Polygon","coordinates":[[[-8.35494,4.64723],[-8.3692,4.64723],[-8.3692,4.65397],[-8.36332,4.66149],[-8.35494,4.66149],[-8.35494,4.64723]]]},"properties":{"region":"GrandKru","district":"Upperkrucoast","floods_1m":1,"floods_2m":1,"floods_3m":1,"first_flood_m":1,"nests":true}},{"type":"Feature","geometry":{"type":"Polygon","coordinates":[[[-8.11256,4.54875],[-8.11403,4.54875],[-8.11403,4.54903],[-8.11458,4.54903],[-8.11458,4.54931],[-8.11514,4.54931],[-8.11514,4.54958],[-8.11792,4.54958],[-8.11792,4.54986],[-8.11847,4.54986],[-8.11847,4.55014],[-8.12014,4.55014],[-8.12014,4.55042],[-8.12125,4.55042],[-8.12125,4.55069],[-8.1218,4.55069],[-8.1218,4.55042],[-8.12208,4.55042],[-8.12208,4.55069],[-8.12347,4.55069],[-8.12347,4.55042],[-8.1243,4.55042],[-8.1243,4.55069],[-8.12514,4.55069],[-8.12514,4.55097],[-8.1257,4.55097],[-8.1257,4.55125],[-8.12597,4.55125],[-8.12597,4.55153],[-8.12681,4.55153],[-8.12681,4.56168],[-8.11256,4.56168],[-8.11256,4.54875]]]},"properties":{"region":"GrandKru","district":"Upperkrucoast","floods_1m":1,"floods_2m":1,"floods_3m":1,"first_flood_m":1,"nests":true}},{"type":"Feature","geometry":{"type":"Polygon","coordinates":[[[-8.35494,4.66149],[-8.36332,4.66149],[-8.35914,4.66683],[-8.35494,4.66935],[-8.35494,4.66149]]]},"properties":{"region":"GrandKru","district":"Upperkrucoast","floods_1m":1,"floods_2m":1,"floods_3m":1,"first_flood_m":1,"nests":true}},{"type":"Feature","geometry":{"type":"Polygon","coordinates":[[[-8.04127,4.56168],[-8.05552,4.56168],[-8.05552,4.57594],[-8.04127,4.57594],[-8.04127,4.56168]]]},"properties":{"region":"GrandKru","district":"Upperkrucoast","floods_1m":0,"floods_2m":1,"floods_3m":0,"first_flood_m":2,"nests":false}},{"type":"Feature","geometry":{"type":"Polygon","coordinates":[[[-8.28365,4.60445],[-8.29347,4.60445],[-8.29347,4.60542],[-8.29403,4.60542],[-8.29403,4.60597],[-8.29375,4.60597],[-8.29375,4.6068],[-8.29403,4.60681],[-8.29403,4.60819],[-8.2943,4.60819],[-8.2943,4.60875],[-8.29486,4.60875],[-8.29486,4.60847],[-8.29514,4.60847],[-8.29514,4.60875],[-8.29597,4.60875],[-8.29597,4.60958],[-8.29625,4.60958],[-8.29625,4.60986],[-8.29597,4.60986],[-8.29597,4.61052],[-8.29597,4.61097],[-8.29625,4.61097],[-8.29625,4.61125],[-8.29653,4.61125],[-8.29653,4.6118],[-8.29736,4.6118],[-8.29736,4.61208],[-8.29764,4.61208],[-8.29764,4.61236],[-8.29791,4.61236],[-8.29791,4.61871],[-8.28989,4.61871],[-8.28365,4.61871],[-8.28365,4.60445]]]},"properties":{"region":"GrandKru","district":"Upperkrucoast","floods_1m":1,"floods_2m":1,"floods_3m":1,"first_flood_m":1,"nests":true}},{"type":"Feature","geometry":{"type":"Polygon","coordinates":[[[-8.31217,4.62292],[-8.31292,4.62292],[-8.31292,4.62319],[-8.3132,4.62319],[-8.3132,4.62375],[-8.31347,4.62375],[-8.31347,4.62403],[-8.31403,4.62403],[-8.31403,4.62458],[-8.31431,4.62458],[-8.31431,4.62486],[-8.31514,4.62486],[-8.31514,4.62514],[-8.31542,4.62514],[-8.31542,4.62542],[-8.31569,4.62542],[-8.31569,4.62569],[-8.31653,4.62569],[-8.31653,4.62597],[-8.31736,4.62597],[-8.31736,4.62625],[-8.31792,4.62625],[-8.31792,4.62653],[-8.31847,4.62653],[-8.31847,4.62681],[-8.31875,4.62681],[-8.31875,4.62708],[-8.31903,4.62708],[-8.31903,4.62736],[-8.31931,4.62736],[-8.31931,4.62764],[-8.31958,4.62764],[-8.31958,4.62792],[-8.31986,4.62792],[-8.31986,4.62819],[-8.32014,4.62819],[-8.32014,4.62875],[-8.32042,4.62875],[-8.32042,4.62903],[-8.32069,4.62903],[-8.32069,4.62931],[-8.32097,4.62931],[-8.32097,4.62958],[-8.32153,4.62958],[-8.32153,4.62986],[-8.32181,4.62986],[-8.32181,4.63014],[-8.32208,4.63014],[-8.32208,4.63042],[-8.32347,4.63042],[-8.32347,4.63069],[-8.32486,4.63069],[-8.32486,4.63097],[-8.32542,4.63097],[-8.32542,4.63125],[-8.32625,4.63125],[-8.32625,4.63153],[-8.32643,4.63153],[-8.32643,4.63297],[-8.31217,4.63297],[-8.31217,4.62292]]]},"properties":{"region":"GrandKru","district":"Upperkrucoast","floods_1m":1,"floods_2m":1,"floods_3m":1,"first_flood_m":1,"nests":true}},{"type":"Feature","geometry":{"type":"Polygon","coordinates":[[[-10.3368,6.25838],[-10.35106,6.25838],[-10.35106,6.27264],[-10.3368,6.27264],[-10.3368,6.25838]]]},"properties":{"region":"Margibi","district":"Firestone","floods_1m":1,"floods_2m":1,"floods_3m":1,"first_flood_m":1,"nests":true}},{"type":"Feature","geometry":{"type":"Polygon","coordinates":[[[-10.3368,6.23144],[-10.34197,6.23609],[-10.35106,6.24214],[-10.35106,6.24412],[-10.3368,6.24412],[-10.3368,6.23144]]]},"properties":{"region":"Margibi","district":"Firestone","floods_1m":0,"floods_2m":1,"floods_3m":0,"first_flood_m":2,"nests":false}},{"type":"Feature","geometry":{"type":"Polygon","coordinates":[[[-10.3368,6.24412],[-10.35106,6.24412],[-10.35106,6.25838],[-10.3368,6.25838],[-10.3368,6.24412]]]},"properties":{"region":"Margibi","district":"Firestone","floods_1m":0,"floods_2m":1,"floods_3m":0,"first_flood_m":2,"nests":false}},{"type":"Feature","geometry":{"type":"Polygon","coordinates":[[[-10.35106,6.24412],[-10.35403,6.24412],[-10.36532,6.25163],[-10.36532,6.25838],[-10.35106,6.25838],[-10.35106,6.24412]]]},"properties":{"region":"Margibi","district":"Firestone","floods_1m":1,"floods_2m":1,"floods_3m":1,"first_flood_m":1,"nests":true}},{"type":"Feature","geometry":{"type":"Polygon","coordinates":[[[-10.47938,6.17458],[-10.47958,6.17458],[-10.47958,6.17486],[-10.47986,6.17486],[-10.47986,6.17514],[-10.48069,6.17514],[-10.48069,6.17542],[-10.48181,6.17542],[-10.48181,6.17569],[-10.48319,6.17569],[-10.48319,6.17597],[-10.48375,6.17597],[-10.48375,6.17625],[-10.48431,6.17625],[-10.48431,6.17653],[-10.48542,6.17653],[-10.48542,6.17681],[-10.48597,6.17681],[-10.48597,6.17708],[-10.48653,6.17708],[-10.48653,6.17736],[-10.48625,6.17736],[-10.48625,6.17792],[-10.48597,6.17792],[-10.48597,6.17931],[-10.48431,6.17931],[-10.48431,6.17903],[-10.48319,6.17903],[-10.48319,6.17875],[-10.48264,6.17875],[-10.48264,6.17847],[-10.48208,6.17847],[-10.48208,6.1782],[-10.48181,6.1782],[-10.48181,6.17792],[-10.48042,6.17792],[-10.48042,6.1782],[-10.48014,6.1782],[-10.48014,6.17847],[-10.48042,6.17847],[-10.48042,6.17875],[-10.48069,6.17875],[-10.48069,6.17903],[-10.48042,6.17903],[-10.48042,6.17931],[-10.48069,6.17931],[-10.48069,6.17958],[-10.48125,6.17958],[-10.48125,6.17931],[-10.48236,6.17931],[-10.48236,6.17958],[-10.48264,6.17958],[-10.48264,6.17986],[-10.48292,6.17986],[-10.48292,6.18014],[-10.48319,6.18014],[-10.48319,6.17986],[-10.48431,6.17986],[-10.48431,6.18014],[-10.48569,6.18014],[-10.48569,6.18042],[-10.48597,6.18042],[-10.48597,6.18069],[-10.48709,6.18069],[-10.48709,6.18097],[-10.48764,6.18097],[-10.48764,6.18153],[-10.48792,6.18153],[-10.48792,6.18181],[-10.48903,6.18181],[-10.48903,6.18208],[-10.48958,6.18208],[-10.48958,6.18236],[-10.49042,6.18236],[-10.49042,6.18208],[-10.49069,6.18208],[-10.49069,6.18181],[-10.49042,6.18181],[-10.49042,6.18153],[-10.48986,6.18153],[-10.48986,6.18125],[-10.48903,6.18125],[-10.48903,6.18097],[-10.4882,6.18097],[-10.4882,6.18069],[-10.48792,6.18069],[-10.48792,6.18042],[-10.48764,6.18042],[-10.48764,6.18014],[-10.48709,6.18014],[-10.48709,6.17986],[-10.48736,6.17986],[-10.48736,6.17903],[-10.48764,6.17903],[-10.48764,6.17792],[-10.48792,6.17792],[-10.48792,6.17772],[-10.48792,6.17764],[-10.48847,6.17764],[-10.48847,6.17792],[-10.48861,6.17792],[-10.48958,6.17792],[-10.48958,6.1782],[-10.49042,6.1782],[-10.49042,6.17847],[-10.49054,6.17847],[-10.49125,6.17847],[-10.49125,6.17875],[-10.49151,6.17875],[-10.49181,6.17875],[-10.49181,6.17903],[-10.49248,6.17903],[-10.49292,6.17903],[-10.49292,6.17915],[-10.49292,6.17931],[-10.49347,6.17931],[-10.49347,6.17958],[-10.49364,6.17958],[-10.49364,6.18709],[-10.47938,6.18709],[-10.47938,6.17458]]]},"properties":{"region":"Margibi","district":"Mambah-Kaba","floods_1m":1,"floods_2m":1,"floods_3m":1,"first_flood_m":1,"nests":true}},{"type":"Feature","geometry":{"type":"Polygon","coordinates":[[[-10.3368,6.23144],[-10.3368,6.22986],[-10.35106,6.22986],[-10.35106,6.24214],[-10.34197,6.23609],[-10.3368,6.23144]]]},"properties":{"region":"Margibi","district":"Mambah-Kaba","floods_1m":1,"floods_2m":1,"floods_3m":1,"first_flood_m":1,"nests":true}},{"type":"Feature","geometry":{"type":"Polygon","coordinates":[[[-10.3368,6.20135],[-10.35106,6.20135],[-10.35106,6.21561],[-10.3368,6.21561],[-10.3368,6.20135]]]},"properties":{"region":"Margibi","district":"Mambah-Kaba","floods_1m":1,"floods_2m":1,"floods_3m":1,"first_flood_m":1,"nests":true}},{"type":"Feature","geometry":{"type":"Polygon","coordinates":[[[-10.43661,6.24412],[-10.45087,6.24412],[-10.45087,6.25838],[-10.43661,6.25838],[-10.43661,6.24412]]]},"properties":{"region":"Margibi","district":"Mambah-Kaba","floods_1m":1,"floods_2m":1,"floods_3m":1,"first_flood_m":1,"nests":true}},{"type":"Feature","geometry":{"type":"Polygon","coordinates":[[[-10.40809,6.17283],[-10.42235,6.17283],[-10.42235,6.18709],[-10.40809,6.18709],[-10.40809,6.17283]]]},"properties":{"region":"Margibi","district":"Mambah-Kaba","floods_1m":0,"floods_2m":1,"floods_3m":0,"first_flood_m":2,"nests":false}},{"type":"Feature","geometry":{"type":"MultiPolygon","coordinates":[[[[-10.55067,6.20135],[-10.56181,6.20135],[-10.56181,6.20153],[-10.56236,6.20153],[-10.56236,6.20181],[-10.56431,6.20181],[-10.56431,6.20208],[-10.56486,6.20208],[-10.56486,6.20236],[-10.56493,6.20236],[-10.56493,6.21561],[-10.55067,6.21561],[-10.55067,6.20135]]],[[[-10.56486,6.20135],[-10.56493,6.20135],[-10.56493,6.20153],[-10.56486,6.20153],[-10.56486,6.20135]]]]},"properties":{"region":"Margibi","district":"Mambah-Kaba","floods_1m":1,"floods_2m":1,"floods_3m":1,"first_flood_m":1,"nests":true}},{"type":"Feature","geometry":{"type":"Polygon","coordinates":[[[-10.49364,6.20135],[-10.5079,6.20135],[-10.5079,6.21561],[-10.49364,6.21561],[-10.49364,6.20135]]]},"properties":{"region":"Margibi","district":"Mambah-Kaba","floods_1m":1,"floods_2m":1,"floods_3m":1,"first_flood_m":1,"nests":true}},{"type":"Feature","geometry":{"type":"Polygon","coordinates":[[[-10.36532,6.13006],[-10.37375,6.13006],[-10.37375,6.13042],[-10.37403,6.13042],[-10.37403,6.13097],[-10.37431,6.13097],[-10.37431,6.13125],[-10.37458,6.13125],[-10.37458,6.13153],[-10.37486,6.13153],[-10.37486,6.13208],[-10.37542,6.13208],[-10.37542,6.13236],[-10.37569,6.13236],[-10.37569,6.13273],[-10.37569,6.13292],[-10.37597,6.13292],[-10.37597,6.13319],[-10.3766,6.13319],[-10.37681,6.13319],[-10.37681,6.1333],[-10.37681,6.13347],[-10.37708,6.13347],[-10.37708,6.13375],[-10.37736,6.13375],[-10.37736,6.13403],[-10.37792,6.13403],[-10.37792,6.13431],[-10.37819,6.13431],[-10.37819,6.13458],[-10.37875,6.13458],[-10.37875,6.13486],[-10.37903,6.13486],[-10.37903,6.13514],[-10.37958,6.13514],[-10.37958,6.14432],[-10.36532,6.14432],[-10.36532,6.13006]]]},"properties":{"region":"Margibi","district":"Mambah-Kaba","floods_1m":1,"floods_2m":1,"floods_3m":1,"first_flood_m":1,"nests":true}},{"type":"Feature","geometry":{"type":"Polygon","coordinates":[[[-10.57919,6.21561],[-10.59345,6.21561],[-10.59345,6.22986],[-10.57919,6.22986],[-10.57919,6.21561]]]},"properties":{"region":"Margibi","district":"Mambah-Kaba","floods_1m":1,"floods_2m":1,"floods_3m":1,"first_flood_m":1,"nests":true}},{"type":"Feature","geometry":{"type":"Polygon","coordinates":[[[-10.36532,6.15857],[-10.37958,6.15857],[-10.37958,6.17283],[-10.36532,6.17283],[-10.36532,6.15857]]]},"properties":{"region":"Margibi","district":"Mambah-Kaba","floods_1m":0,"floods_2m":1,"floods_3m":0,"first_flood_m":2,"nests":false}},{"type":"Feature","geometry":{"type":"Polygon","coordinates":[[[-10.37958,6.17283],[-10.39383,6.17283],[-10.39383,6.18709],[-10.37958,6.18709],[-10.37958,6.17283]]]},"properties":{"region":"Margibi","district":"Mambah-Kaba","floods_1m":0,"floods_2m":1,"floods_3m":0,"first_flood_m":2,"nests":false}},{"type":"Feature","geometry":{"type":"Polygon","coordinates":[[[-10.5079,6.22986],[-10.52216,6.22986],[-10.52216,6.24412],[-10.5079,6.24412],[-10.5079,6.22986]]]},"properties":{"region":"Margibi","district":"Mambah-Kaba","floods_1m":1,"floods_2m":1,"floods_3m":1,"first_flood_m":1,"nests":true}},{"type":"Feature","geometry":{"type":"Polygon","coordinates":[[[-10.59345,6.24412],[-10.6077,6.24412],[-10.6077,6.25838],[-10.59345,6.25838],[-10.59345,6.24412]]]},"properties":{"region":"Margibi","district":"Mambah-Kaba","floods_1m":0,"floods_2m":1,"floods_3m":0,"first_flood_m":2,"nests":false}},{"type":"Feature","geometry":{"type":"Polygon","coordinates":[[[-10.65048,6.25838],[-10.65232,6.25838],[-10.65608,6.26544],[-10.66049,6.27264],[-10.65048,6.27264],[-10.65048,6.25838]]]},"properties":{"region":"Margibi","district":"Mambah-Kaba","floods_1m":0,"floods_2m":1,"floods_3m":0,"first_flood_m":2,"nests":false}},{"type":"Feature","geometry":{"type":"Polygon","coordinates":[[[-10.63622,6.27264],[-10.65048,6.27264],[-10.65048,6.2869],[-10.63622,6.2869],[-10.63622,6.27264]]]},"properties":{"region":"Margibi","district":"Mambah-Kaba","floods_1m":0,"floods_2m":1,"floods_3m":0,"first_flood_m":2,"nests":false}},{"type":"Feature","geometry":{"type":"MultiPolygon","coordinates":[[[[-10.56493,6.20236],[-10.56597,6.20236],[-10.56597,6.20264],[-10.56681,6.20264],[-10.56681,6.20292],[-10.56764,6.20292],[-10.56764,6.2032],[-10.56792,6.2032],[-10.56792,6.20431],[-10.56819,6.20431],[-10.56819,6.20458],[-10.56847,6.20458],[-10.56847,6.20431],[-10.56875,6.20431],[-10.56875,6.20347],[-10.5693,6.20347],[-10.5693,6.20375],[-10.56986,6.20375],[-10.56986,6.20542],[-10.57014,6.20542],[-10.57014,6.2057],[-10.57042,6.2057],[-10.57042,6.20542],[-10.57069,6.20542],[-10.57069,6.20431],[-10.57181,6.20431],[-10.57181,6.20458],[-10.57208,6.20458],[-10.57208,6.20486],[-10.57236,6.20486],[-10.57236,6.20542],[-10.57264,6.20542],[-10.57264,6.2057],[-10.57292,6.2057],[-10.57292,6.20542],[-10.5732,6.20542],[-10.5732,6.20514],[-10.57403,6.20514],[-10.57403,6.20597],[-10.5743,6.20597],[-10.5743,6.20625],[-10.57653,6.20625],[-10.57653,6.20792],[-10.57681,6.20792],[-10.57681,6.20819],[-10.57708,6.20819],[-10.57708,6.20847],[-10.57736,6.20847],[-10.57736,6.20819],[-10.57764,6.20819],[-10.57764,6.20736],[-10.57847,6.20736],[-10.57847,6.20764],[-10.57875,6.20764],[-10.57875,6.20792],[-10.57903,6.20792],[-10.57903,6.20847],[-10.57919,6.20847],[-10.57919,6.21561],[-10.56493,6.21561],[-10.56493,6.20236]]],[[[-10.56493,6.20153],[-10.56493,6.20135],[-10.56958,6.20135],[-10.56958,6.20153],[-10.57042,6.20153],[-10.57042,6.20181],[-10.57125,6.20181],[-10.57125,6.20208],[-10.57181,6.20208],[-10.57181,6.20236],[-10.5732,6.20236],[-10.5732,6.20264],[-10.57514,6.20264],[-10.57514,6.20292],[-10.57597,6.20292],[-10.57597,6.2032],[-10.57708,6.2032],[-10.57708,6.20347],[-10.57736,6.20347],[-10.57736,6.20375],[-10.57792,6.20375],[-10.57792,6.20403],[-10.57919,6.20403],[-10.57919,6.20569],[-10.57875,6.20569],[-10.57875,6.20542],[-10.57847,6.20542],[-10.57847,6.20514],[-10.57708,6.20514],[-10.57708,6.20486],[-10.57597,6.20486],[-10.57597,6.20458],[-10.57542,6.20458],[-10.57542,6.20431],[-10.57514,6.20431],[-10.57514,6.20403],[-10.57458,6.20403],[-10.57458,6.20375],[-10.57264,6.20375],[-10.57264,6.20347],[-10.57153,6.20347],[-10.57153,6.2032],[-10.57069,6.2032],[-10.57069,6.20292],[-10.56958,6.20292],[-10.56958,6.20264],[-10.5693,6.20264],[-10.5693,6.20236],[-10.56819,6.20236],[-10.56819,6.20208],[-10.56792,6.20208],[-10.56792,6.20181],[-10.56597,6.20181],[-10.56597,6.20153],[-10.56493,6.20153]]]]},"properties":{"region":"Margibi","district":"Mambah-Kaba","floods_1m":1,"floods_2m":1,"floods_3m":1,"first_flood_m":1,"nests":true}},{"type":"Feature","geometry":{"type":"Polygon","coordinates":[[[-10.39383,6.14432],[-10.39458,6.14432],[-10.39458,6.14458],[-10.39542,6.14458],[-10.39542,6.14486],[-10.39653,6.14486],[-10.39653,6.14514],[-10.39708,6.14514],[-10.39708,6.14542],[-10.39736,6.14542],[-10.39736,6.1457],[-10.39792,6.1457],[-10.39792,6.14597],[-10.39847,6.14597],[-10.39847,6.14625],[-10.40069,6.14625],[-10.40069,6.14653],[-10.40125,6.14653],[-10.40125,6.1468],[-10.40153,6.1468],[-10.40153,6.14708],[-10.40208,6.14708],[-10.40208,6.14736],[-10.40292,6.14736],[-10.40292,6.14764],[-10.40486,6.14764],[-10.40486,6.14792],[-10.40542,6.14792],[-10.40542,6.14819],[-10.40597,6.14819],[-10.40597,6.14847],[-10.40653,6.14847],[-10.40653,6.14875],[-10.40709,6.14875],[-10.40709,6.14903],[-10.40792,6.14903],[-10.40792,6.1493],[-10.40809,6.1493],[-10.40809,6.15857],[-10.39383,6.15857],[-10.39383,6.14432]]]},"properties":{"region":"Margibi","district":"Mambah-Kaba","floods_1m":1,"floods_2m":1,"floods_3m":1,"first_flood_m":1,"nests":true}},{"type":"Feature","geometry":{"type":"Polygon","coordinates":[[[-10.57919,6.24412],[-10.59345,6.24412],[-10.59345,6.25838],[-10.57919,6.25838],[-10.57919,6.24412]]]},"properties":{"region":"Margibi","district":"Mambah-Kaba","floods_1m":0,"floods_2m":1,"floods_3m":0,"first_flood_m":2,"nests":false}},{"type":"Feature","geometry":{"type":"Polygon","coordinates":[[[-10.52216,6.18847],[-10.52347,6.18847],[-10.52347,6.18875],[-10.52431,6.18875],[-10.52431,6.18903],[-10.52542,6.18903],[-10.52542,6.18931],[-10.52597,6.18931],[-10.52597,6.18958],[-10.52708,6.18958],[-10.52708,6.18986],[-10.52736,6.18986],[-10.52736,6.19014],[-10.52903,6.19014],[-10.52903,6.19042],[-10.52931,6.19042],[-10.52931,6.19069],[-10.53153,6.19069],[-10.53153,6.19097],[-10.53181,6.19097],[-10.53181,6.19125],[-10.53264,6.19125],[-10.53264,6.19153],[-10.53319,6.19153],[-10.53319,6.1918],[-10.53375,6.1918],[-10.53375,6.19208],[-10.53458,6.19208],[-10.53458,6.19236],[-10.53641,6.19236],[-10.53641,6.20135],[-10.52216,6.20135],[-10.52216,6.18847]]]},"properties":{"region":"Margibi","district":"Mambah-Kaba","floods_1m":1,"floods_2m":1,"floods_3m":1,"first_flood_m":1,"nests":true}},{"type":"Feature","geometry":{"type":"Polygon","coordinates":[[[-10.35106,6.15857],[-10.36532,6.15857],[-10.36532,6.17283],[-10.35106,6.17283],[-10.35106,6.15857]]]},"properties":{"region":"Margibi","district":"Mambah-Kaba","floods_1m":0,"floods_2m":1,"floods_3m":0,"first_flood_m":2,"nests":false}},{"type":"Feature","geometry":{"type":"Polygon","coordinates":[[[-10.35895,6.13006],[-10.36532,6.13006],[-10.36532,6.14432],[-10.35316,6.14432],[-10.35895,6.13006]]]},"properties":{"region":"Margibi","district":"Mambah-Kaba","floods_1m":1,"floods_2m":1,"floods_3m":1,"first_flood_m":1,"nests":true}},{"type":"Feature","geometry":{"type":"Polygon","coordinates":[[[-10.62196,6.22986],[-10.63622,6.22986],[-10.63622,6.24412],[-10.62196,6.24412],[-10.62196,6.22986]]]},"properties":{"region":"Margibi","district":"Mambah-Kaba","floods_1m":1,"floods_2m":1,"floods_3m":1,"first_flood_m":1,"nests":true}},{"type":"Feature","geometry":{"type":"Polygon","coordinates":[[[-10.42235,6.17283],[-10.43661,6.17283],[-10.43661,6.18709],[-10.42235,6.18709],[-10.42235,6.17283]]]},"properties":{"region":"Margibi","district":"Mambah-Kaba","floods_1m":0,"floods_2m":1,"floods_3m":0,"first_flood_m":2,"nests":false}},{"type":"Feature","geometry":{"type":"Polygon","coordinates":[[[-10.49364,6.21561],[-10.5079,6.21561],[-10.5079,6.22986],[-10.49364,6.22986],[-10.49364,6.21561]]]},"properties":{"region":"Margibi","district":"Mambah-Kaba","floods_1m":1,"floods_2m":1,"floods_3m":1,"first_flood_m":1,"nests":true}},{"type":"Feature","geometry":{"type":"Polygon","coordinates":[[[-10.63622,6.22986],[-10.63851,6.22986],[-10.64058,6.23633],[-10.64473,6.24412],[-10.63622,6.24412],[-10.63622,6.22986]]]},"properties":{"region":"Margibi","district":"Mambah-Kaba","floods_1m":0,"floods_2m":1,"floods_3m":0,"first_flood_m":2,"nests":false}},{"type":"Feature","geometry":{"type":"Polygon","coordinates":[[[-10.42235,6.15857],[-10.42597,6.15857],[-10.42597,6.15875],[-10.42681,6.15875],[-10.42681,6.15931],[-10.42708,6.15931],[-10.42708,6.16069],[-10.42625,6.16069],[-10.42625,6.16181],[-10.42653,6.16181],[-10.42653,6.16347],[-10.42681,6.16347],[-10.42681,6.16403],[-10.42736,6.16403],[-10.42736,6.16431],[-10.42792,6.16431],[-10.42792,6.16403],[-10.42819,6.16403],[-10.42819,6.16347],[-10.42792,6.16347],[-10.42792,6.16264],[-10.42847,6.16264],[-10.42847,6.16236],[-10.42931,6.16236],[-10.42931,6.16264],[-10.42958,6.16264],[-10.42958,6.16292],[-10.43014,6.16292],[-10.43014,6.16319],[-10.43042,6.16319],[-10.43042,6.16375],[-10.43125,6.16375],[-10.43125,6.16403],[-10.43264,6.16403],[-10.43264,6.16431],[-10.43319,6.16431],[-10.43319,6.16458],[-10.43375,6.16458],[-10.43375,6.16486],[-10.43458,6.16486],[-10.43458,6.16514],[-10.43486,6.16514],[-10.43486,6.16542],[-10.43569,6.16542],[-10.43569,6.16431],[-10.43542,6.16431],[-10.43542,6.16403],[-10.43486,6.16403],[-10.43486,6.16375],[-10.43403,6.16375],[-10.43403,6.16347],[-10.43347,6.16347],[-10.43347,6.16319],[-10.43292,6.16319],[-10.43292,6.16292],[-10.43236,6.16292],[-10.43236,6.16264],[-10.43125,6.16264],[-10.43125,6.16236],[-10.43097,6.16236],[-10.43097,6.16208],[-10.43069,6.16208],[-10.43069,6.16181],[-10.43042,6.16181],[-10.43042,6.16153],[-10.43014,6.16153],[-10.43014,6.16125],[-10.42958,6.16125],[-10.42958,6.16097],[-10.42986,6.16097],[-10.42986,6.16042],[-10.43014,6.16042],[-10.43014,6.16014],[-10.43042,6.16014],[-10.43042,6.15958],[-10.43153,6.15958],[-10.43153,6.15931],[-10.43181,6.15931],[-10.43181,6.15903],[-10.43208,6.15903],[-10.43208,6.15875],[-10.43319,6.15875],[-10.43319,6.15903],[-10.43458,6.15903],[-10.43458,6.15931],[-10.43597,6.15931],[-10.43597,6.15958],[-10.43653,6.15958],[-10.43653,6.15986],[-10.43661,6.15986],[-10.43661,6.17283],[-10.42235,6.17283],[-10.42235,6.15857]]]},"properties":{"region":"Margibi","district":"Mambah-Kaba","floods_1m":1,"floods_2m":1,"floods_3m":1,"first_flood_m":1,"nests":true}},{"type":"Feature","geometry":{"type":"Polygon","coordinates":[[[-10.59345,6.22986],[-10.6077,6.22986],[-10.6077,6.24412],[-10.59345,6.24412],[-10.59345,6.22986]]]},"properties":{"region":"Margibi","district":"Mambah-Kaba","floods_1m":1,"floods_2m":1,"floods_3m":1,"first_flood_m":1,"nests":true}},{"type":"Feature","geometry":{"type":"Polygon","coordinates":[[[-10.5079,6.18709],[-10.51042,6.18709],[-10.51042,6.18736],[-10.51014,6.18736],[-10.51014,6.18764],[-10.51042,6.18764],[-10.51042,6.18792],[-10.51069,6.18792],[-10.51069,6.18819],[-10.51153,6.18819],[-10.51153,6.18847],[-10.51181,6.18847],[-10.51181,6.18875],[-10.51208,6.18875],[-10.51208,6.18903],[-10.51264,6.18903],[-10.51264,6.18875],[-10.51292,6.18875],[-10.51292,6.18847],[-10.51264,6.18847],[-10.51264,6.18819],[-10.51236,6.18819],[-10.51236,6.18792],[-10.51208,6.18792],[-10.51208,6.18764],[-10.51153,6.18764],[-10.51153,6.18736],[-10.51125,6.18736],[-10.51125,6.18709],[-10.5182,6.18709],[-10.5182,6.18736],[-10.51847,6.18736],[-10.51847,6.18764],[-10.51986,6.18764],[-10.51986,6.18792],[-10.52014,6.18792],[-10.52014,6.18819],[-10.52208,6.18819],[-10.52208,6.18847],[-10.52216,6.18847],[-10.52216,6.20135],[-10.5079,6.20135],[-10.5079,6.18709]]]},"properties":{"region":"Margibi","district":"Mambah-Kaba","floods_1m":1,"floods_2m":1,"floods_3m":1,"first_flood_m":1,"nests":true}},{"type":"Feature","geometry":{"type":"MultiPolygon","coordinates":[[[[-10.5079,6.18431],[-10.50819,6.18431],[-10.50819,6.18458],[-10.50847,6.18458],[-10.50847,6.18486],[-10.50931,6.18486],[-10.50931,6.18514],[-10.51014,6.18514],[-10.51014,6.18542],[-10.51042,6.18542],[-10.51042,6.18709],[-10.5079,6.18709],[-10.5079,6.18431]]],[[[-10.5182,6.18709],[-10.51125,6.18709],[-10.51125,6.18625],[-10.51153,6.18625],[-10.51153,6.18569],[-10.51181,6.18569],[-10.51181,6.18597],[-10.51264,6.18597],[-10.51264,6.18542],[-10.51292,6.18542],[-10.51292,6.18625],[-10.51458,6.18625],[-10.51458,6.18653],[-10.51597,6.18653],[-10.51597,6.18681],[-10.51653,6.18681],[-10.51653,6.18708],[-10.5182,6.18708],[-10.5182,6.18709]]]]},"properties":{"region":"Margibi","district":"Mambah-Kaba","floods_1m":1,"floods_2m":1,"floods_3m":1,"first_flood_m":1,"nests":true}},{"type":"Feature","geometry":{"type":"Polygon","coordinates":[[[-10.40809,6.1493],[-10.40847,6.1493],[-10.40847,6.14958],[-10.4093,6.14958],[-10.4093,6.14986],[-10.40986,6.14986],[-10.40986,6.15014],[-10.41125,6.15014],[-10.41125,6.15042],[-10.41181,6.15042],[-10.41181,6.15069],[-10.41292,6.15069],[-10.41292,6.15097],[-10.41403,6.15097],[-10.41403,6.15125],[-10.41458,6.15125],[-10.41458,6.15153],[-10.41514,6.15153],[-10.41514,6.15181],[-10.4157,6.15181],[-10.4157,6.15208],[-10.41681,6.15208],[-10.41681,6.15236],[-10.41819,6.15236],[-10.41819,6.15264],[-10.41847,6.15264],[-10.41847,6.15292],[-10.41875,6.15292],[-10.41875,6.15319],[-10.41903,6.15319],[-10.41903,6.15347],[-10.41986,6.15347],[-10.41986,6.15375],[-10.42042,6.15375],[-10.42042,6.15403],[-10.42097,6.15403],[-10.42097,6.15431],[-10.42208,6.15431],[-10.42208,6.15458],[-10.42235,6.15458],[-10.42235,6.15857],[-10.40809,6.15857],[-10.40809,6.1493]]]},"properties":{"region":"Margibi","district":"Mambah-Kaba","floods_1m":1,"floods_2m":1,"floods_3m":1,"first_flood_m":1,"nests":true}},{"type":"Feature","geometry":{"type":"Polygon","coordinates":[[[-10.6077,6.21561],[-10.61931,6.21561],[-10.61931,6.21569],[-10.62042,6.21569],[-10.62042,6.21597],[-10.62097,6.21597],[-10.62097,6.21625],[-10.62153,6.21625],[-10.62153,6.21653],[-10.62196,6.21653],[-10.62196,6.22986],[-10.6077,6.22986],[-10.6077,6.21561]]]},"properties":{"region":"Margibi","district":"Mambah-Kaba","floods_1m":1,"floods_2m":1,"floods_3m":1,"first_flood_m":1,"nests":true}},{"type":"Feature","geometry":{"type":"Polygon","coordinates":[[[-10.53641,6.21561],[-10.55067,6.21561],[-10.55067,6.22986],[-10.53641,6.22986],[-10.53641,6.21561]]]},"properties":{"region":"Margibi","district":"Mambah-Kaba","floods_1m":0,"floods_2m":1,"floods_3m":0,"first_flood_m":2,"nests":false}},{"type":"Feature","geometry":{"type":"MultiPolygon","coordinates":[[[[-10.57919,6.20847],[-10.5793,6.20847],[-10.5793,6.20875],[-10.57958,6.20875],[-10.57958,6.20847],[-10.57986,6.20847],[-10.57986,6.20792],[-10.58153,6.20792],[-10.58153,6.20764],[-10.58181,6.20764],[-10.58181,6.20792],[-10.58208,6.20792],[-10.58208,6.20819],[-10.58236,6.20819],[-10.58236,6.20792],[-10.58264,6.20792],[-10.58264,6.20764],[-10.58375,6.20764],[-10.58375,6.20792],[-10.58431,6.20792],[-10.58431,6.20819],[-10.58458,6.20819],[-10.58458,6.20847],[-10.58625,6.20847],[-10.58625,6.20875],[-10.58653,6.20875],[-10.58653,6.20903],[-10.58681,6.20903],[-10.58681,6.20958],[-10.58708,6.20958],[-10.58708,6.21014],[-10.58736,6.21014],[-10.58736,6.21069],[-10.58708,6.21069],[-10.58708,6.21097],[-10.58681,6.21097],[-10.58681,6.21153],[-10.58708,6.21153],[-10.58708,6.21181],[-10.58903,6.21181],[-10.58903,6.21208],[-10.58933,6.21208],[-10.58958,6.21208],[-10.58958,6.21236],[-10.59042,6.21236],[-10.59042,6.21208],[-10.59097,6.21208],[-10.59097,6.21236],[-10.59345,6.21236],[-10.59345,6.21561],[-10.57919,6.21561],[-10.57919,6.20847]]],[[[-10.57919,6.20569],[-10.57919,6.20403],[-10.57986,6.20403],[-10.57986,6.20431],[-10.58014,6.20431],[-10.58014,6.20458],[-10.58042,6.20458],[-10.58042,6.20486],[-10.58236,6.20486],[-10.58236,6.20514],[-10.58292,6.20514],[-10.58292,6.20542],[-10.58347,6.20542],[-10.58347,6.2057],[-10.58403,6.2057],[-10.58403,6.20597],[-10.58486,6.20597],[-10.58486,6.20625],[-10.58625,6.20625],[-10.58625,6.20653],[-10.58681,6.20653],[-10.58681,6.20681],[-10.58757,6.20681],[-10.58764,6.20708],[-10.59014,6.20708],[-10.59014,6.20736],[-10.59069,6.20736],[-10.59069,6.20764],[-10.59153,6.20764],[-10.59153,6.20792],[-10.59208,6.20792],[-10.59208,6.20819],[-10.59292,6.20819],[-10.59292,6.20847],[-10.59345,6.20847],[-10.59345,6.20958],[-10.59236,6.20958],[-10.59236,6.20903],[-10.59208,6.20903],[-10.59208,6.20875],[-10.59125,6.20875],[-10.59125,6.20847],[-10.59069,6.20847],[-10.59069,6.20875],[-10.59042,6.20875],[-10.59042,6.20847],[-10.58986,6.20847],[-10.58986,6.20819],[-10.58931,6.20819],[-10.58931,6.20792],[-10.58794,6.20792],[-10.58764,6.20792],[-10.58764,6.20764],[-10.58681,6.20764],[-10.58681,6.20736],[-10.58569,6.20736],[-10.58569,6.20708],[-10.58542,6.20708],[-10.58542,6.20681],[-10.5832,6.20681],[-10.5832,6.20653],[-10.58181,6.20653],[-10.58181,6.20625],[-10.58153,6.20625],[-10.58153,6.20597],[-10.58069,6.20597],[-10.58069,6.2057],[-10.57919,6.20569]]]]},"properties":{"region":"Margibi","district":"Mambah-Kaba","floods_1m":1,"floods_2m":1,"floods_3m":1,"first_flood_m":1,"nests":true}},{"type":"Feature","geometry":{"type":"Polygon","coordinates":[[[-10.35106,6.21561],[-10.36532,6.21561],[-10.36532,6.22986],[-10.35106,6.22986],[-10.35106,6.21561]]]},"properties":{"region":"Margibi","district":"Mambah-Kaba","floods_1m":1,"floods_2m":1,"floods_3m":1,"first_flood_m":1,"nests":true}},{"type":"Feature","geometry":{"type":"MultiPolygon","coordinates":[[[[-10.59345,6.21236],[-10.59347,6.21236],[-10.59347,6.21264],[-10.59459,6.21264],[-10.59459,6.21292],[-10.59597,6.21292],[-10.59597,6.21319],[-10.59625,6.21319],[-10.59625,6.21347],[-10.59653,6.21347],[-10.59653,6.21403],[-10.5968,6.21403],[-10.5968,6.21431],[-10.59736,6.21431],[-10.59736,6.21403],[-10.59764,6.21403],[-10.59764,6.21375],[-10.59792,6.21375],[-10.59792,6.21347],[-10.59764,6.21347],[-10.59764,6.21319],[-10.59736,6.21319],[-10.59736,6.21236],[-10.59708,6.21236],[-10.59708,6.21208],[-10.59569,6.21208],[-10.59569,6.21181],[-10.59486,6.21181],[-10.59486,6.21153],[-10.59514,6.21153],[-10.59514,6.21069],[-10.59597,6.21069],[-10.59597,6.21097],[-10.59708,6.21097],[-10.59708,6.21125],[-10.59847,6.21125],[-10.59847,6.21153],[-10.59875,6.21153],[-10.59875,6.21181],[-10.59986,6.21181],[-10.59986,6.21208],[-10.60097,6.21208],[-10.60097,6.21236],[-10.6024,6.21236],[-10.60347,6.21236],[-10.60347,6.21264],[-10.60375,6.21264],[-10.60375,6.21292],[-10.60542,6.21292],[-10.60542,6.21264],[-10.60569,6.21264],[-10.60569,6.21236],[-10.60625,6.21236],[-10.60625,6.21208],[-10.60653,6.21208],[-10.60653,6.21236],[-10.6068,6.21236],[-10.6068,6.21264],[-10.60708,6.21264],[-10.60708,6.21292],[-10.6077,6.21292],[-10.6077,6.21561],[-10.59345,6.21561],[-10.59345,6.21236]]],[[[-10.59345,6.20958],[-10.59345,6.20847],[-10.59514,6.20847],[-10.59514,6.20875],[-10.59597,6.20875],[-10.59597,6.20903],[-10.59653,6.20903],[-10.59653,6.20931],[-10.59736,6.20931],[-10.59736,6.20958],[-10.59847,6.20958],[-10.59847,6.20986],[-10.59903,6.20986],[-10.59903,6.21014],[-10.60069,6.21014],[-10.60069,6.21042],[-10.60125,6.21042],[-10.60125,6.21069],[-10.60097,6.21069],[-10.60097,6.21097],[-10.59875,6.21097],[-10.59875,6.21069],[-10.59847,6.21069],[-10.59847,6.21042],[-10.59708,6.21042],[-10.59708,6.21014],[-10.59597,6.21014],[-10.59597,6.20986],[-10.59403,6.20986],[-10.59403,6.20958],[-10.59345,6.20958]]]]},"properties":{"region":"Margibi","district":"Mambah-Kaba","floods_1m":1,"floods_2m":1,"floods_3m":1,"first_flood_m":1,"nests":true}},{"type":"Feature","geometry":{"type":"Polygon","coordinates":[[[-10.55067,6.22986],[-10.56493,6.22986],[-10.56493,6.24412],[-10.55067,6.24412],[-10.55067,6.22986]]]},"properties":{"region":"Margibi","district":"Mambah-Kaba","floods_1m":1,"floods_2m":1,"floods_3m":1,"first_flood_m":1,"nests":true}},{"type":"Feature","geometry":{"type":"Polygon","coordinates":[[[-10.36532,6.1158],[-10.37347,6.1158],[-10.37347,6.11625],[-10.37319,6.11625],[-10.37319,6.11653],[-10.37292,6.11653],[-10.37292,6.11792],[-10.37319,6.11792],[-10.37319,6.11875],[-10.37347,6.11875],[-10.37347,6.11931],[-10.37375,6.11931],[-10.37375,6.11986],[-10.37347,6.11986],[-10.37347,6.12042],[-10.37319,6.12042],[-10.37319,6.12097],[-10.37264,6.12097],[-10.37264,6.12125],[-10.37236,6.12125],[-10.37236,6.12181],[-10.37208,6.12181],[-10.37208,6.12208],[-10.37153,6.12208],[-10.37153,6.12292],[-10.37125,6.12292],[-10.37125,6.12319],[-10.37097,6.12319],[-10.37097,6.12347],[-10.37069,6.12347],[-10.37069,6.12375],[-10.37042,6.12375],[-10.37042,6.1243],[-10.37014,6.1243],[-10.37014,6.12458],[-10.36986,6.12458],[-10.36986,6.12486],[-10.37014,6.12486],[-10.37014,6.12514],[-10.37042,6.12514],[-10.37042,6.12569],[-10.37069,6.12569],[-10.37069,6.12597],[-10.37097,6.12597],[-10.37097,6.12653],[-10.37125,6.12653],[-10.37125,6.12681],[-10.37153,6.12681],[-10.37153,6.12736],[-10.37181,6.12736],[-10.37181,6.12764],[-10.37208,6.12764],[-10.37208,6.12792],[-10.37236,6.12792],[-10.37236,6.12847],[-10.37264,6.12847],[-10.37264,6.12875],[-10.37292,6.12875],[-10.37292,6.12903],[-10.37319,6.12903],[-10.37319,6.12931],[-10.37347,6.12931],[-10.37347,6.12958],[-10.37375,6.12958],[-10.37375,6.13006],[-10.36532,6.13006],[-10.36532,6.1158]]]},"properties":{"region":"Margibi","district":"Mambah-Kaba","floods_1m":1,"floods_2m":1,"floods_3m":1,"first_flood_m":1,"nests":true}},{"type":"Feature","geometry":{"type":"Polygon","coordinates":[[[-10.46512,6.20135],[-10.47938,6.20135],[-10.47938,6.21561],[-10.46512,6.21561],[-10.46512,6.20135]]]},"properties":{"region":"Margibi","district":"Mambah-Kaba","floods_1m":0,"floods_2m":1,"floods_3m":0,"first_flood_m":2,"nests":false}},{"type":"Feature","geometry":{"type":"Polygon","coordinates":[[[-10.36532,6.17283],[-10.37958,6.17283],[-10.37958,6.18709],[-10.36532,6.18709],[-10.36532,6.17283]]]},"properties":{"region":"Margibi","district":"Mambah-Kaba","floods_1m":0,"floods_2m":1,"floods_3m":0,"first_flood_m":2,"nests":false}},{"type":"Feature","geometry":{"type":"Polygon","coordinates":[[[-10.43661,6.18709],[-10.45087,6.18709],[-10.45087,6.20135],[-10.43661,6.20135],[-10.43661,6.18709]]]},"properties":{"region":"Margibi","district":"Mambah-Kaba","floods_1m":0,"floods_2m":1,"floods_3m":0,"first_flood_m":2,"nests":false}},{"type":"Feature","geometry":{"type":"Polygon","coordinates":[[[-10.3368,6.21561],[-10.35106,6.21561],[-10.35106,6.22986],[-10.3368,6.22986],[-10.3368,6.21561]]]},"properties":{"region":"Margibi","district":"Mambah-Kaba","floods_1m":1,"floods_2m":1,"floods_3m":1,"first_flood_m":1,"nests":true}},{"type":"Feature","geometry":{"type":"Polygon","coordinates":[[[-10.43661,6.21561],[-10.45087,6.21561],[-10.45087,6.22986],[-10.43661,6.22986],[-10.43661,6.21561]]]},"properties":{"region":"Margibi","district":"Mambah-Kaba","floods_1m":0,"floods_2m":1,"floods_3m":0,"first_flood_m":2,"nests":false}},{"type":"Feature","geometry":{"type":"Polygon","coordinates":[[[-10.36532,6.11439],[-10.36637,6.1118],[-10.36653,6.1118],[-10.36653,6.11208],[-10.36736,6.11208],[-10.36736,6.11236],[-10.36819,6.11236],[-10.36819,6.11264],[-10.36875,6.11264],[-10.36875,6.11292],[-10.36903,6.11292],[-10.36903,6.11264],[-10.36931,6.11264],[-10.36931,6.11292],[-10.36986,6.11292],[-10.36986,6.11319],[-10.37014,6.11319],[-10.37014,6.11347],[-10.37123,6.11347],[-10.37208,6.11347],[-10.37208,6.11375],[-10.37236,6.11375],[-10.37236,6.11403],[-10.37375,6.11403],[-10.37375,6.11431],[-10.37403,6.11431],[-10.37403,6.11514],[-10.37375,6.11514],[-10.37375,6.11542],[-10.37347,6.11542],[-10.37347,6.1158],[-10.36532,6.1158],[-10.36532,6.11439]]]},"properties":{"region":"Margibi","district":"Mambah-Kaba","floods_1m":1,"floods_2m":1,"floods_3m":1,"first_flood_m":1,"nests":true}},{"type":"Feature","geometry":{"type":"Polygon","coordinates":[[[-10.56493,6.24412],[-10.57919,6.24412],[-10.57919,6.25838],[-10.56493,6.25838],[-10.56493,6.24412]]]},"properties":{"region":"Margibi","district":"Mambah-Kaba","floods_1m":0,"floods_2m":1,"floods_3m":0,"first_flood_m":2,"nests":false}},{"type":"Feature","geometry":{"type":"Polygon","coordinates":[[[-10.37958,6.13514],[-10.37958,6.13514],[-10.37958,6.13542],[-10.37986,6.13542],[-10.37986,6.13569],[-10.38042,6.13569],[-10.38042,6.13597],[-10.38097,6.13597],[-10.38097,6.13625],[-10.38125,6.13625],[-10.38125,6.13653],[-10.3818,6.13653],[-10.3818,6.13681],[-10.38236,6.13681],[-10.38236,6.13708],[-10.38292,6.13708],[-10.38292,6.13736],[-10.38319,6.13736],[-10.38319,6.13764],[-10.38347,6.13764],[-10.38347,6.13792],[-10.38458,6.13792],[-10.38458,6.1382],[-10.38486,6.1382],[-10.38486,6.13847],[-10.38514,6.13847],[-10.38514,6.13875],[-10.3857,6.13875],[-10.3857,6.13903],[-10.38597,6.13903],[-10.38597,6.1393],[-10.38708,6.1393],[-10.38708,6.13958],[-10.38792,6.13958],[-10.38792,6.13986],[-10.38847,6.13986],[-10.38847,6.14014],[-10.38875,6.14014],[-10.38875,6.14042],[-10.38903,6.14042],[-10.38903,6.14097],[-10.38931,6.14097],[-10.38931,6.14125],[-10.38958,6.14125],[-10.38958,6.14153],[-10.39042,6.14153],[-10.39042,6.14181],[-10.39097,6.14181],[-10.39097,6.14208],[-10.39153,6.14208],[-10.39153,6.14236],[-10.39208,6.14236],[-10.39208,6.14264],[-10.39236,6.14264],[-10.39236,6.14292],[-10.39292,6.14292],[-10.39292,6.1432],[-10.39319,6.1432],[-10.39319,6.14347],[-10.39347,6.14347],[-10.39347,6.14375],[-10.39375,6.14375],[-10.39375,6.14431],[-10.39383,6.14431],[-10.39383,6.14432],[-10.37958,6.14432],[-10.37958,6.13514]]]},"properties":{"region":"Margibi","district":"Mambah-Kaba","floods_1m":1,"floods_2m":1,"floods_3m":1,"first_flood_m":1,"nests":true}},{"type":"Feature","geometry":{"type":"Polygon","coordinates":[[[-10.46512,6.17014],[-10.46514,6.17014],[-10.46514,6.17042],[-10.46533,6.17042],[-10.46653,6.17042],[-10.46653,6.17069],[-10.46708,6.17069],[-10.46708,6.17097],[-10.46764,6.17097],[-10.46764,6.17125],[-10.46847,6.17125],[-10.46847,6.17153],[-10.46958,6.17153],[-10.46958,6.1718],[-10.47014,6.1718],[-10.47014,6.17208],[-10.47097,6.17208],[-10.47097,6.17236],[-10.47264,6.17236],[-10.47264,6.17264],[-10.47319,6.17264],[-10.47319,6.17283],[-10.46512,6.17283],[-10.46512,6.17014]]]},"properties":{"region":"Margibi","district":"Mambah-Kaba","floods_1m":1,"floods_2m":1,"floods_3m":1,"first_flood_m":1,"nests":true}},{"type":"Feature","geometry":{"type":"Polygon","coordinates":[[[-10.36532,6.14432],[-10.37958,6.14432],[-10.37958,6.15857],[-10.36532,6.15857],[-10.36532,6.14432]]]},"properties":{"region":"Margibi","district":"Mambah-Kaba","floods_1m":0,"floods_2m":1,"floods_3m":0,"first_flood_m":2,"nests":false}},{"type":"Feature","geometry":{"type":"Polygon","coordinates":[[[-10.53641,6.22986],[-10.55067,6.22986],[-10.55067,6.24412],[-10.53641,6.24412],[-10.53641,6.22986]]]},"properties":{"region":"Margibi","district":"Mambah-Kaba","floods_1m":1,"floods_2m":1,"floods_3m":1,"first_flood_m":1,"nests":true}},{"type":"Feature","geometry":{"type":"Polygon","coordinates":[[[-10.53641,6.19236],[-10.53708,6.19236],[-10.53708,6.19264],[-10.53819,6.19264],[-10.53819,6.19292],[-10.53903,6.19292],[-10.53903,6.19319],[-10.54069,6.19319],[-10.54069,6.19347],[-10.54236,6.19347],[-10.54236,6.19375],[-10.54319,6.19375],[-10.54319,6.19403],[-10.54347,6.19403],[-10.54347,6.1943],[-10.54597,6.1943],[-10.54597,6.19458],[-10.54653,6.19458],[-10.54653,6.19486],[-10.54736,6.19486],[-10.54736,6.19514],[-10.54819,6.19514],[-10.54819,6.19542],[-10.54847,6.19542],[-10.54847,6.19569],[-10.55014,6.19569],[-10.55014,6.19597],[-10.55042,6.19597],[-10.55042,6.19625],[-10.55067,6.19625],[-10.55067,6.19708],[-10.55042,6.19708],[-10.55042,6.19681],[-10.54986,6.19681],[-10.54986,6.19653],[-10.54903,6.19653],[-10.54903,6.19708],[-10.5493,6.19708],[-10.5493,6.19736],[-10.54986,6.19736],[-10.54986,6.19764],[-10.55014,6.19764],[-10.55014,6.19792],[-10.55067,6.19792],[-10.55067,6.20135],[-10.53641,6.20135],[-10.53641,6.19236]]]},"properties":{"region":"Margibi","district":"Mambah-Kaba","floods_1m":1,"floods_2m":1,"floods_3m":1,"first_flood_m":1,"nests":true}},{"type":"Feature","geometry":{"type":"Polygon","coordinates":[[[-10.45087,6.22986],[-10.46512,6.22986],[-10.46512,6.24412],[-10.45087,6.24412],[-10.45087,6.22986]]]},"properties":{"region":"Margibi","district":"Mambah-Kaba","floods_1m":1,"floods_2m":1,"floods_3m":1,"first_flood_m":1,"nests":true}},{"type":"Feature","geometry":{"type":"Polygon","coordinates":[[[-10.57919,6.22986],[-10.59345,6.22986],[-10.59345,6.24412],[-10.57919,6.24412],[-10.57919,6.22986]]]},"properties":{"region":"Margibi","district":"Mambah-Kaba","floods_1m":1,"floods_2m":1,"floods_3m":1,"first_flood_m":1,"nests":true}},{"type":"Feature","geometry":{"type":"Polygon","coordinates":[[[-10.42235,6.15458],[-10.42264,6.15458],[-10.42264,6.15486],[-10.4232,6.15486],[-10.4232,6.15514],[-10.42375,6.15514],[-10.42375,6.15542],[-10.42458,6.15542],[-10.42458,6.15569],[-10.42486,6.15569],[-10.42486,6.15597],[-10.42569,6.15597],[-10.42569,6.15625],[-10.42681,6.15625],[-10.42681,6.15653],[-10.42736,6.15653],[-10.42736,6.15681],[-10.42931,6.15681],[-10.42931,6.15708],[-10.42958,6.15708],[-10.42958,6.15764],[-10.42931,6.15764],[-10.42931,6.15792],[-10.42903,6.15792],[-10.42903,6.15819],[-10.42736,6.15819],[-10.42736,6.15847],[-10.42653,6.15847],[-10.42653,6.15819],[-10.42625,6.15819],[-10.42625,6.15792],[-10.42597,6.15792],[-10.42597,6.15857],[-10.42235,6.15857],[-10.42235,6.15458]]]},"properties":{"region":"Margibi","district":"Mambah-Kaba","floods_1m":1,"floods_2m":1,"floods_3m":1,"first_flood_m":1,"nests":true}},{"type":"Feature","geometry":{"type":"Polygon","coordinates":[[[-10.46512,6.18709],[-10.47938,6.18709],[-10.47938,6.20135],[-10.46512,6.20135],[-10.46512,6.18709]]]},"properties":{"region":"Margibi","district":"Mambah-Kaba","floods_1m":0,"floods_2m":1,"floods_3m":0,"first_flood_m":2,"nests":false}},{"type":"Feature","geometry":{"type":"Polygon","coordinates":[[[-10.47938,6.20135],[-10.49364,6.20135],[-10.49364,6.21561],[-10.47938,6.21561],[-10.47938,6.20135]]]},"properties":{"region":"Margibi","district":"Mambah-Kaba","floods_1m":1,"floods_2m":1,"floods_3m":1,"first_flood_m":1,"nests":true}},{"type":"Feature","geometry":{"type":"Polygon","coordinates":[[[-10.45087,6.16514],[-10.45125,6.16514],[-10.45125,6.16542],[-10.45153,6.16542],[-10.45153,6.1657],[-10.45292,6.1657],[-10.45292,6.16597],[-10.45319,6.16597],[-10.45319,6.16625],[-10.45347,6.16625],[-10.45347,6.16653],[-10.45458,6.16653],[-10.45458,6.16681],[-10.45542,6.16681],[-10.45542,6.16708],[-10.45597,6.16708],[-10.45597,6.16736],[-10.45708,6.16736],[-10.45708,6.16764],[-10.45792,6.16764],[-10.45792,6.16792],[-10.45847,6.16792],[-10.45847,6.16819],[-10.45946,6.16819],[-10.45986,6.16819],[-10.45986,6.16835],[-10.45986,6.16847],[-10.46019,6.16847],[-10.46042,6.16847],[-10.46042,6.16875],[-10.46069,6.16875],[-10.46069,6.16903],[-10.46097,6.16903],[-10.46097,6.17014],[-10.46125,6.17014],[-10.46125,6.17042],[-10.46264,6.17042],[-10.46264,6.17014],[-10.46292,6.17014],[-10.46292,6.16986],[-10.46386,6.16986],[-10.46403,6.16986],[-10.46403,6.17014],[-10.4646,6.17014],[-10.46512,6.17014],[-10.46512,6.17283],[-10.45087,6.17283],[-10.45087,6.16514]]]},"properties":{"region":"Margibi","district":"Mambah-Kaba","floods_1m":1,"floods_2m":1,"floods_3m":1,"first_flood_m":1,"nests":true}},{"type":"Feature","geometry":{"type":"Polygon","coordinates":[[[-10.43661,6.15986],[-10.43742,6.15986],[-10.43764,6.15986],[-10.43764,6.16014],[-10.43792,6.16014],[-10.43792,6.16042],[-10.4382,6.16042],[-10.4382,6.16069],[-10.43847,6.16069],[-10.43847,6.16097],[-10.43958,6.16097],[-10.43958,6.16125],[-10.44014,6.16125],[-10.44014,6.16153],[-10.44097,6.16153],[-10.44097,6.16181],[-10.4418,6.16181],[-10.4418,6.16208],[-10.44264,6.16208],[-10.44264,6.16236],[-10.4432,6.16236],[-10.4432,6.16264],[-10.44403,6.16264],[-10.44403,6.16236],[-10.44431,6.16236],[-10.44431,6.16246],[-10.44431,6.16264],[-10.44458,6.16264],[-10.44458,6.16292],[-10.44486,6.16292],[-10.44486,6.16319],[-10.44542,6.16319],[-10.44542,6.16347],[-10.44597,6.16347],[-10.44597,6.16403],[-10.44625,6.16403],[-10.44625,6.16431],[-10.44819,6.16431],[-10.44819,6.16458],[-10.44958,6.16458],[-10.44958,6.16486],[-10.45042,6.16486],[-10.45042,6.16514],[-10.45087,6.16514],[-10.45087,6.17283],[-10.43661,6.17283],[-10.43661,6.15986]]]},"properties":{"region":"Margibi","district":"Mambah-Kaba","floods_1m":1,"floods_2m":1,"floods_3m":1,"first_flood_m":1,"nests":true}},{"type":"Feature","geometry":{"type":"Polygon","coordinates":[[[-10.45087,6.21561],[-10.46512,6.21561],[-10.46512,6.22986],[-10.45087,6.22986],[-10.45087,6.21561]]]},"properties":{"region":"Margibi","district":"Mambah-Kaba","floods_1m":1,"floods_2m":1,"floods_3m":1,"first_flood_m":1,"nests":true}},{"type":"Feature","geometry":{"type":"Polygon","coordinates":[[[-10.35106,6.24214],[-10.35106,6.22986],[-10.36532,6.22986],[-10.36532,6.24412],[-10.35403,6.24412],[-10.35106,6.24214]]]},"properties":{"region":"Margibi","district":"Mambah-Kaba","floods_1m":1,"floods_2m":1,"floods_3m":1,"first_flood_m":1,"nests":true}},{"type":"Feature","geometry":{"type":"MultiPolygon","coordinates":[[[[-10.55067,6.19792],[-10.5507,6.19792],[-10.5507,6.19847],[-10.55097,6.19847],[-10.55097,6.19875],[-10.55264,6.19875],[-10.55264,6.19903],[-10.55347,6.19903],[-10.55347,6.19931],[-10.5557,6.19931],[-10.5557,6.19958],[-10.55653,6.19958],[-10.55653,6.19986],[-10.55736,6.19986],[-10.55736,6.20014],[-10.55847,6.20014],[-10.55847,6.20042],[-10.55903,6.20042],[-10.55903,6.2007],[-10.55958,6.2007],[-10.55958,6.20097],[-10.56014,6.20097],[-10.56014,6.20125],[-10.56181,6.20125],[-10.56181,6.20135],[-10.55067,6.20135],[-10.55067,6.19792]]],[[[-10.55067,6.19708],[-10.55067,6.19625],[-10.5518,6.19625],[-10.5518,6.19653],[-10.55264,6.19653],[-10.55264,6.19681],[-10.55347,6.19681],[-10.55347,6.19708],[-10.55431,6.19708],[-10.55431,6.19736],[-10.55597,6.19736],[-10.55597,6.19764],[-10.55653,6.19764],[-10.55653,6.19792],[-10.55792,6.19792],[-10.55792,6.19819],[-10.55875,6.19819],[-10.55875,6.19847],[-10.55986,6.19847],[-10.55986,6.19875],[-10.56069,6.19875],[-10.56069,6.19903],[-10.56125,6.19903],[-10.56125,6.19931],[-10.56181,6.19931],[-10.56181,6.19958],[-10.56319,6.19958],[-10.56319,6.19986],[-10.56403,6.19986],[-10.56403,6.20014],[-10.56493,6.20014],[-10.56493,6.20135],[-10.56486,6.20135],[-10.56486,6.20125],[-10.56431,6.20125],[-10.56431,6.20097],[-10.56347,6.20097],[-10.56347,6.2007],[-10.56236,6.2007],[-10.56236,6.20042],[-10.56125,6.20042],[-10.56125,6.20014],[-10.56042,6.20014],[-10.56042,6.19986],[-10.55903,6.19986],[-10.55903,6.19958],[-10.55875,6.19958],[-10.55875,6.19931],[-10.55736,6.19931],[-10.55736,6.19903],[-10.55653,6.19903],[-10.55653,6.19875],[-10.5557,6.19875],[-10.5557,6.19847],[-10.55375,6.19847],[-10.55375,6.19819],[-10.55347,6.19819],[-10.55347,6.19792],[-10.55264,6.19792],[-10.55264,6.19764],[-10.55153,6.19764],[-10.55153,6.19736],[-10.55097,6.19736],[-10.55097,6.19708],[-10.55067,6.19708]]]]},"properties":{"region":"Margibi","district":"Mambah-Kaba","floods_1m":1,"floods_2m":1,"floods_3m":1,"first_flood_m":1,"nests":true}},{"type":"Feature","geometry":{"type":"Polygon","coordinates":[[[-10.52216,6.22986],[-10.53641,6.22986],[-10.53641,6.24412],[-10.52216,6.24412],[-10.52216,6.22986]]]},"properties":{"region":"Margibi","district":"Mambah-Kaba","floods_1m":1,"floods_2m":1,"floods_3m":1,"first_flood_m":1,"nests":true}},{"type":"Feature","geometry":{"type":"Polygon","coordinates":[[[-10.37958,6.14432],[-10.39383,6.14432],[-10.39383,6.15857],[-10.37958,6.15857],[-10.37958,6.14432]]]},"properties":{"region":"Margibi","district":"Mambah-Kaba","floods_1m":1,"floods_2m":1,"floods_3m":1,"first_flood_m":1,"nests":true}},{"type":"Feature","geometry":{"type":"Polygon","coordinates":[[[-10.52216,6.21561],[-10.53641,6.21561],[-10.53641,6.22986],[-10.52216,6.22986],[-10.52216,6.21561]]]},"properties":{"region":"Margibi","district":"Mambah-Kaba","floods_1m":0,"floods_2m":1,"floods_3m":0,"first_flood_m":2,"nests":false}},{"type":"Feature","geometry":{"type":"Polygon","coordinates":[[[-10.55067,6.21561],[-10.56493,6.21561],[-10.56493,6.22986],[-10.55067,6.22986],[-10.55067,6.21561]]]},"properties":{"region":"Margibi","district":"Mambah-Kaba","floods_1m":0,"floods_2m":1,"floods_3m":0,"first_flood_m":2,"nests":false}},{"type":"Feature","geometry":{"type":"Polygon","coordinates":[[[-10.65048,6.27264],[-10.66049,6.27264],[-10.66321,6.27709],[-10.66474,6.27983],[-10.66474,6.2869],[-10.65048,6.2869],[-10.65048,6.27264]]]},"properties":{"region":"Margibi","district":"Mambah-Kaba","floods_1m":0,"floods_2m":1,"floods_3m":0,"first_flood_m":2,"nests":false}},{"type":"Feature","geometry":{"type":"Polygon","coordinates":[[[-10.56493,6.22986],[-10.57919,6.22986],[-10.57919,6.24412],[-10.56493,6.24412],[-10.56493,6.22986]]]},"properties":{"region":"Margibi","district":"Mambah-Kaba","floods_1m":1,"floods_2m":1,"floods_3m":1,"first_flood_m":1,"nests":true}},{"type":"Feature","geometry":{"type":"Polygon","coordinates":[[[-10.46512,6.17283],[-10.47319,6.17283],[-10.47319,6.17292],[-10.47403,6.17292],[-10.47403,6.17319],[-10.4757,6.17319],[-10.4757,6.17347],[-10.47681,6.17347],[-10.47681,6.17375],[-10.47764,6.17375],[-10.47764,6.17403],[-10.47792,6.17403],[-10.47792,6.1743],[-10.47931,6.1743],[-10.47931,6.17458],[-10.47938,6.17458],[-10.47938,6.18709],[-10.46512,6.18709],[-10.46512,6.17283]]]},"properties":{"region":"Margibi","district":"Mambah-Kaba","floods_1m":1,"floods_2m":1,"floods_3m":1,"first_flood_m":1,"nests":true}},{"type":"Feature","geometry":{"type":"Polygon","coordinates":[[[-10.63622,6.25838],[-10.65048,6.25838],[-10.65048,6.27264],[-10.63622,6.27264],[-10.63622,6.25838]]]},"properties":{"region":"Margibi","district":"Mambah-Kaba","floods_1m":1,"floods_2m":1,"floods_3m":1,"first_flood_m":1,"nests":true}},{"type":"Feature","geometry":{"type":"Polygon","coordinates":[[[-10.6077,6.21292],[-10.60792,6.21292],[-10.60792,6.21319],[-10.60931,6.21319],[-10.60931,6.21347],[-10.60986,6.21347],[-10.60986,6.21375],[-10.61153,6.21375],[-10.61153,6.21403],[-10.61292,6.21403],[-10.61292,6.21431],[-10.61347,6.21431],[-10.61347,6.21458],[-10.61431,6.21458],[-10.61431,6.21486],[-10.61625,6.21486],[-10.61625,6.21514],[-10.61681,6.21514],[-10.61681,6.21542],[-10.61931,6.21542],[-10.61931,6.21561],[-10.6077,6.21561],[-10.6077,6.21292]]]},"properties":{"region":"Margibi","district":"Mambah-Kaba","floods_1m":1,"floods_2m":1,"floods_3m":1,"first_flood_m":1,"nests":true}},{"type":"Feature","geometry":{"type":"Polygon","coordinates":[[[-10.42235,6.20135],[-10.43661,6.20135],[-10.43661,6.21561],[-10.42235,6.21561],[-10.42235,6.20135]]]},"properties":{"region":"Margibi","district":"Mambah-Kaba","floods_1m":0,"floods_2m":1,"floods_3m":0,"first_flood_m":2,"nests":false}},{"type":"Feature","geometry":{"type":"Polygon","coordinates":[[[-10.35106,6.14948],[-10.35316,6.14432],[-10.36532,6.14432],[-10.36532,6.15857],[-10.35106,6.15857],[-10.35106,6.14948]]]},"properties":{"region":"Margibi","district":"Mambah-Kaba","floods_1m":0,"floods_2m":1,"floods_3m":0,"first_flood_m":2,"nests":false}},{"type":"Feature","geometry":{"type":"Polygon","coordinates":[[[-10.62196,6.21653],[-10.62208,6.21653],[-10.62208,6.21681],[-10.62375,6.21681],[-10.62375,6.21708],[-10.62458,6.21708],[-10.62458,6.21736],[-10.62625,6.21736],[-10.62625,6.21764],[-10.62708,6.21764],[-10.62708,6.21792],[-10.62903,6.21792],[-10.62903,6.21819],[-10.62986,6.21819],[-10.62986,6.21847],[-10.63125,6.21847],[-10.63125,6.21875],[-10.63236,6.21875],[-10.63236,6.21903],[-10.63347,6.21903],[-10.63347,6.2193],[-10.63513,6.2193],[-10.63622,6.22272],[-10.63622,6.22986],[-10.62196,6.22986],[-10.62196,6.21653]]]},"properties":{"region":"Margibi","district":"Mambah-Kaba","floods_1m":1,"floods_2m":1,"floods_3m":1,"first_flood_m":1,"nests":true}},{"type":"Feature","geometry":{"type":"Polygon","coordinates":[[[-10.39383,6.15857],[-10.40809,6.15857],[-10.40809,6.17283],[-10.39383,6.17283],[-10.39383,6.15857]]]},"properties":{"region":"Margibi","district":"Mambah-Kaba","floods_1m":1,"floods_2m":1,"floods_3m":1,"first_flood_m":1,"nests":true}},{"type":"Feature","geometry":{"type":"Polygon","coordinates":[[[-10.36475,6.1158],[-10.36532,6.1158],[-10.36532,6.13006],[-10.35895,6.13006],[-10.36475,6.1158]]]},"properties":{"region":"Margibi","district":"Mambah-Kaba","floods_1m":1,"floods_2m":1,"floods_3m":1,"first_flood_m":1,"nests":true}},{"type":"Feature","geometry":{"type":"Polygon","coordinates":[[[-10.56493,6.21561],[-10.57919,6.21561],[-10.57919,6.22986],[-10.56493,6.22986],[-10.56493,6.21561]]]},"properties":{"region":"Margibi","district":"Mambah-Kaba","floods_1m":0,"floods_2m":1,"floods_3m":0,"first_flood_m":2,"nests":false}},{"type":"Feature","geometry":{"type":"Polygon","coordinates":[[[-10.53641,6.24412],[-10.55067,6.24412],[-10.55067,6.25838],[-10.53641,6.25838],[-10.53641,6.24412]]]},"properties":{"region":"Margibi","district":"Mambah-Kaba","floods_1m":1,"floods_2m":1,"floods_3m":1,"first_flood_m":1,"nests":true}},{"type":"Feature","geometry":{"type":"Polygon","coordinates":[[[-10.49364,6.17958],[-10.4943,6.17958],[-10.4943,6.17986],[-10.49514,6.17986],[-10.49514,6.18014],[-10.49542,6.18014],[-10.49542,6.18042],[-10.49597,6.18042],[-10.49597,6.18069],[-10.49681,6.18069],[-10.49681,6.18042],[-10.49708,6.18042],[-10.49708,6.18069],[-10.49764,6.18069],[-10.49764,6.18097],[-10.49792,6.18097],[-10.49792,6.18347],[-10.49819,6.18347],[-10.49819,6.18431],[-10.49847,6.18431],[-10.49847,6.18458],[-10.49875,6.18458],[-10.49875,6.18431],[-10.49903,6.18431],[-10.49903,6.18125],[-10.49958,6.18125],[-10.49958,6.18153],[-10.50042,6.18153],[-10.50042,6.18181],[-10.50097,6.18181],[-10.50097,6.18208],[-10.50181,6.18208],[-10.50181,6.18236],[-10.5032,6.18236],[-10.5032,6.18264],[-10.50403,6.18264],[-10.50403,6.18292],[-10.50486,6.18292],[-10.50486,6.18319],[-10.50542,6.18319],[-10.50542,6.18347],[-10.50597,6.18347],[-10.50597,6.18375],[-10.50653,6.18375],[-10.50653,6.18403],[-10.50764,6.18403],[-10.50764,6.18431],[-10.5079,6.18431],[-10.5079,6.18709],[-10.49364,6.18709],[-10.49364,6.17958]]]},"properties":{"region":"Margibi","district":"Mambah-Kaba","floods_1m":1,"floods_2m":1,"floods_3m":1,"first_flood_m":1,"nests":true}},{"type":"Feature","geometry":{"type":"Polygon","coordinates":[[[-10.59345,6.25838],[-10.6077,6.25838],[-10.6077,6.27264],[-10.59345,6.27264],[-10.59345,6.25838]]]},"properties":{"region":"Margibi","district":"Mambah-Kaba","floods_1m":0,"floods_2m":1,"floods_3m":0,"first_flood_m":2,"nests":false}},{"type":"Feature","geometry":{"type":"Polygon","coordinates":[[[-10.56493,6.20014],[-10.56542,6.20014],[-10.56542,6.20042],[-10.56653,6.20042],[-10.56653,6.2007],[-10.56792,6.2007],[-10.56792,6.20097],[-10.56847,6.20097],[-10.56847,6.20125],[-10.56958,6.20125],[-10.56958,6.20135],[-10.56493,6.20135],[-10.56493,6.20014]]]},"properties":{"region":"Margibi","district":"Mambah-Kaba","floods_1m":1,"floods_2m":1,"floods_3m":1,"first_flood_m":1,"nests":true}},{"type":"Feature","geometry":{"type":"Polygon","coordinates":[[[-10.63622,6.24412],[-10.64473,6.24412],[-10.65048,6.25492],[-10.65048,6.25838],[-10.63622,6.25838],[-10.63622,6.24412]]]},"properties":{"region":"Margibi","district":"Mambah-Kaba","floods_1m":1,"floods_2m":1,"floods_3m":1,"first_flood_m":1,"nests":true}},{"type":"Feature","geometry":{"type":"Polygon","coordinates":[[[-10.62196,6.25838],[-10.63622,6.25838],[-10.63622,6.27264],[-10.62196,6.27264],[-10.62196,6.25838]]]},"properties":{"region":"Margibi","district":"Mambah-Kaba","floods_1m":0,"floods_2m":1,"floods_3m":0,"first_flood_m":2,"nests":false}},{"type":"Feature","geometry":{"type":"Polygon","coordinates":[[[-10.5079,6.21561],[-10.52216,6.21561],[-10.52216,6.22986],[-10.5079,6.22986],[-10.5079,6.21561]]]},"properties":{"region":"Margibi","district":"Mambah-Kaba","floods_1m":1,"floods_2m":1,"floods_3m":1,"first_flood_m":1,"nests":true}},{"type":"Feature","geometry":{"type":"Polygon","coordinates":[[[-7.58501,4.51891],[-7.59927,4.51891],[-7.59927,4.53316],[-7.58501,4.53316],[-7.58501,4.51891]]]},"properties":{"region":"Maryland","district":"Pleebo/Sodeken","floods_1m":1,"floods_2m":1,"floods_3m":1,"first_flood_m":1,"nests":true}},{"type":"Feature","geometry":{"type":"Polygon","coordinates":[[[-7.74185,4.39058],[-7.75611,4.39058],[-7.75611,4.40484],[-7.74185,4.40484],[-7.74185,4.39058]]]},"properties":{"region":"Maryland","district":"Pleebo/Sodeken","floods_1m":1,"floods_2m":1,"floods_3m":1,"first_flood_m":1,"nests":true}},{"type":"Feature","geometry":{"type":"Polygon","coordinates":[[[-7.71333,4.40484],[-7.72759,4.40484],[-7.72759,4.4191],[-7.71333,4.4191],[-7.71333,4.40484]]]},"properties":{"region":"Maryland","district":"Pleebo/Sodeken","floods_1m":1,"floods_2m":1,"floods_3m":1,"first_flood_m":1,"nests":true}},{"type":"Feature","geometry":{"type":"MultiPolygon","coordinates":[[[[-7.71333,4.37633],[-7.71958,4.37633],[-7.71958,4.37653],[-7.7193,4.37653],[-7.7193,4.37681],[-7.71903,4.37681],[-7.71903,4.37875],[-7.7193,4.37875],[-7.7193,4.37903],[-7.71986,4.37903],[-7.71986,4.37931],[-7.72014,4.37931],[-7.72014,4.37986],[-7.72042,4.37986],[-7.72042,4.38014],[-7.7207,4.38014],[-7.7207,4.38042],[-7.72097,4.38042],[-7.72097,4.38069],[-7.72125,4.38069],[-7.72125,4.38097],[-7.72153,4.38097],[-7.72153,4.38125],[-7.72181,4.38125],[-7.72181,4.38153],[-7.72236,4.38153],[-7.72236,4.38208],[-7.72264,4.38208],[-7.72264,4.38265],[-7.72264,4.38292],[-7.72236,4.38292],[-7.72236,4.38319],[-7.72208,4.38319],[-7.72208,4.38347],[-7.72181,4.38347],[-7.72181,4.38375],[-7.72153,4.38375],[-7.72153,4.38403],[-7.72125,4.38403],[-7.72125,4.38458],[-7.72097,4.38458],[-7.72097,4.38486],[-7.7207,4.38486],[-7.7207,4.38681],[-7.72042,4.38681],[-7.72042,4.38847],[-7.7207,4.38847],[-7.7207,4.38875],[-7.72125,4.38875],[-7.72125,4.38903],[-7.72153,4.38903],[-7.72153,4.38931],[-7.72375,4.38931],[-7.72375,4.38903],[-7.72403,4.38903],[-7.72403,4.38847],[-7.72542,4.38847],[-7.72542,4.38875],[-7.7257,4.38875],[-7.7257,4.38903],[-7.72597,4.38903],[-7.72597,4.38931],[-7.72625,4.38931],[-7.72625,4.38986],[-7.72653,4.38986],[-7.72653,4.39042],[-7.72681,4.39042],[-7.72681,4.39058],[-7.71333,4.39058],[-7.71333,4.37633]]],[[[-7.72125,4.37633],[-7.7257,4.37633],[-7.7257,4.37653],[-7.72597,4.37653],[-7.72597,4.37681],[-7.72625,4.37681],[-7.72625,4.37708],[-7.72653,4.37708],[-7.72653,4.37736],[-7.72681,4.37736],[-7.72681,4.37819],[-7.72708,4.37819],[-7.72708,4.37847],[-7.72736,4.37847],[-7.72736,4.37875],[-7.72759,4.37875],[-7.72759,4.38708],[-7.72708,4.38708],[-7.72708,4.38681],[-7.72597,4.38681],[-7.72597,4.38653],[-7.72514,4.38653],[-7.72514,4.38681],[-7.72458,4.38681],[-7.72458,4.38653],[-7.72431,4.38653],[-7.72431,4.38625],[-7.72403,4.38625],[-7.72403,4.38597],[-7.72347,4.38597],[-7.72347,4.38403],[-7.72375,4.38403],[-7.72375,4.38181],[-7.72347,4.38181],[-7.72347,4.38097],[-7.7232,4.38097],[-7.7232,4.38042],[-7.72292,4.38042],[-7.72292,4.38014],[-7.72264,4.38014],[-7.72264,4.37986],[-7.72236,4.37986],[-7.72236,4.37958],[-7.72208,4.37958],[-7.72208,4.37931],[-7.72153,4.37931],[-7.72153,4.37903],[-7.72125,4.37903],[-7.72125,4.37875],[-7.72097,4.37875],[-7.72097,4.37736],[-7.72125,4.37736],[-7.72125,4.37633]]]]},"properties":{"region":"Maryland","district":"Pleebo/Sodeken","floods_1m":1,"floods_2m":1,"floods_3m":1,"first_flood_m":1,"nests":true}},{"type":"Feature","geometry":{"type":"Polygon","coordinates":[[[-7.52798,4.37025],[-7.52798,4.36319],[-7.52868,4.36319],[-7.53181,4.36319],[-7.53181,4.36347],[-7.53375,4.36347],[-7.53375,4.36375],[-7.53403,4.36375],[-7.53403,4.36347],[-7.5357,4.36347],[-7.5357,4.36319],[-7.53597,4.36319],[-7.53597,4.36292],[-7.53681,4.36292],[-7.53681,4.36264],[-7.54125,4.36264],[-7.54125,4.36236],[-7.54224,4.36236],[-7.54224,4.37633],[-7.53832,4.37633],[-7.52798,4.37025]]]},"properties":{"region":"Maryland","district":"Pleebo/Sodeken","floods_1m":1,"floods_2m":1,"floods_3m":1,"first_flood_m":1,"nests":true}},{"type":"Feature","geometry":{"type":"Polygon","coordinates":[[[-7.6563,4.36653],[-7.65847,4.36653],[-7.65847,4.36681],[-7.66208,4.36681],[-7.66208,4.36708],[-7.66236,4.36708],[-7.66236,4.36736],[-7.66403,4.36736],[-7.66403,4.36764],[-7.66542,4.36764],[-7.66542,4.36736],[-7.6657,4.36736],[-7.6657,4.36792],[-7.66597,4.36792],[-7.66597,4.36764],[-7.66653,4.36764],[-7.66653,4.36792],[-7.66764,4.36792],[-7.66764,4.3682],[-7.66875,4.3682],[-7.66875,4.36792],[-7.6693,4.36792],[-7.6693,4.3682],[-7.67056,4.3682],[-7.67056,4.37633],[-7.6563,4.37633],[-7.6563,4.36653]]]},"properties":{"region":"Maryland","district":"Pleebo/Sodeken","floods_1m":1,"floods_2m":1,"floods_3m":1,"first_flood_m":1,"nests":true}},{"type":"Feature","geometry":{"type":"Polygon","coordinates":[[[-7.58501,4.39058],[-7.59927,4.39058],[-7.59927,4.40484],[-7.58501,4.40484],[-7.58501,4.39058]]]},"properties":{"region":"Maryland","district":"Pleebo/Sodeken","floods_1m":0,"floods_2m":1,"floods_3m":0,"first_flood_m":2,"nests":false}},{"type":"Feature","geometry":{"type":"Polygon","coordinates":[[[-7.67056,4.3682],[-7.67125,4.3682],[-7.67125,4.36847],[-7.67292,4.36847],[-7.67292,4.36875],[-7.67458,4.36875],[-7.67458,4.36903],[-7.68014,4.36903],[-7.68014,4.36931],[-7.68153,4.36931],[-7.68153,4.36903],[-7.68181,4.36903],[-7.68181,4.36931],[-7.68375,4.36931],[-7.68375,4.36958],[-7.68482,4.36958],[-7.68482,4.37633],[-7.67056,4.37633],[-7.67056,4.3682]]]},"properties":{"region":"Maryland","district":"Pleebo/Sodeken","floods_1m":1,"floods_2m":1,"floods_3m":1,"first_flood_m":1,"nests":true}},{"type":"Feature","geometry":{"type":"Polygon","coordinates":[[[-7.57075,4.36207],[-7.58501,4.36207],[-7.58501,4.37633],[-7.57075,4.37633],[-7.57075,4.36207]]]},"properties":{"region":"Maryland","district":"Pleebo/Sodeken","floods_1m":0,"floods_2m":1,"floods_3m":0,"first_flood_m":2,"nests":false}},{"type":"Feature","geometry":{"type":"Polygon","coordinates":[[[-7.72759,4.40484],[-7.74185,4.40484],[-7.74185,4.4191],[-7.72759,4.4191],[-7.72759,4.40484]]]},"properties":{"region":"Maryland","district":"Pleebo/Sodeken","floods_1m":1,"floods_2m":1,"floods_3m":1,"first_flood_m":1,"nests":true}},{"type":"Feature","geometry":{"type":"Polygon","coordinates":[[[-7.64204,4.37633],[-7.6563,4.37633],[-7.6563,4.39058],[-7.64204,4.39058],[-7.64204,4.37633]]]},"properties":{"region":"Maryland","district":"Pleebo/Sodeken","floods_1m":0,"floods_2m":1,"floods_3m":0,"first_flood_m":2,"nests":false}},{"type":"Feature","geometry":{"type":"MultiPolygon","coordinates":[[[[-7.8274,4.42153],[-7.8274,4.42125],[-7.82764,4.42125],[-7.82764,4.42153],[-7.8274,4.42153]]],[[[-7.8274,4.42069],[-7.8274,4.41931],[-7.8282,4.41931],[-7.8282,4.42042],[-7.82764,4.42042],[-7.82764,4.42069],[-7.8274,4.42069]]]]},"properties":{"region":"Maryland","district":"Pleebo/Sodeken","floods_1m":1,"floods_2m":1,"floods_3m":1,"first_flood_m":1,"nests":true}},{"type":"Feature","geometry":{"type":"Polygon","coordinates":[[[-7.72759,4.38708],[-7.72759,4.37875],[-7.72764,4.37875],[-7.72764,4.37903],[-7.72792,4.37903],[-7.72792,4.37931],[-7.72819,4.37931],[-7.72819,4.37958],[-7.72847,4.37958],[-7.72847,4.37986],[-7.72903,4.37986],[-7.72903,4.38014],[-7.7293,4.38014],[-7.7293,4.38042],[-7.73014,4.38042],[-7.73014,4.38069],[-7.73069,4.38069],[-7.73069,4.38097],[-7.73125,4.38097],[-7.73125,4.38125],[-7.73208,4.38125],[-7.73208,4.38153],[-7.73264,4.38153],[-7.73264,4.38181],[-7.73292,4.38181],[-7.73292,4.38208],[-7.73319,4.38208],[-7.73319,4.38181],[-7.73347,4.38181],[-7.73347,4.38208],[-7.73375,4.38208],[-7.73375,4.38236],[-7.73486,4.38236],[-7.73486,4.38264],[-7.73625,4.38264],[-7.73625,4.38292],[-7.73681,4.38292],[-7.73681,4.38319],[-7.73736,4.38319],[-7.73736,4.38347],[-7.73875,4.38347],[-7.73875,4.38375],[-7.73958,4.38375],[-7.73958,4.38403],[-7.74069,4.38403],[-7.74069,4.38431],[-7.74181,4.38431],[-7.74181,4.38458],[-7.74185,4.38458],[-7.74185,4.39058],[-7.73181,4.39058],[-7.73181,4.39042],[-7.73153,4.39042],[-7.73153,4.38986],[-7.73069,4.38986],[-7.73069,4.38958],[-7.73014,4.38958],[-7.73014,4.38931],[-7.72903,4.38931],[-7.72903,4.38903],[-7.72875,4.38903],[-7.72875,4.38875],[-7.72847,4.38875],[-7.72847,4.38819],[-7.72819,4.38819],[-7.72819,4.38764],[-7.72792,4.38764],[-7.72792,4.38736],[-7.72764,4.38736],[-7.72764,4.38708],[-7.72759,4.38708]]]},"properties":{"region":"Maryland","district":"Pleebo/Sodeken","floods_1m":1,"floods_2m":1,"floods_3m":1,"first_flood_m":1,"nests":true}},{"type":"Feature","geometry":{"type":"Polygon","coordinates":[[[-7.71333,4.39058],[-7.72681,4.39058],[-7.72681,4.3907],[-7.72708,4.3907],[-7.72708,4.39125],[-7.72759,4.39125],[-7.72759,4.40484],[-7.71333,4.40484],[-7.71333,4.39058]]]},"properties":{"region":"Maryland","district":"Pleebo/Sodeken","floods_1m":1,"floods_2m":1,"floods_3m":1,"first_flood_m":1,"nests":true}},{"type":"Feature","geometry":{"type":"Polygon","coordinates":[[[-7.61353,4.37633],[-7.62778,4.37633],[-7.62778,4.39058],[-7.61353,4.39058],[-7.61353,4.37633]]]},"properties":{"region":"Maryland","district":"Pleebo/Sodeken","floods_1m":1,"floods_2m":1,"floods_3m":1,"first_flood_m":1,"nests":true}},{"type":"Feature","geometry":{"type":"Polygon","coordinates":[[[-7.8274,4.49039],[-7.84165,4.49039],[-7.84165,4.50465],[-7.8274,4.50465],[-7.8274,4.49039]]]},"properties":{"region":"GrandKru","district":"Lower Kru Coast","floods_1m":0,"floods_2m":1,"floods_3m":0,"first_flood_m":2,"nests":false}},{"type":"Feature","geometry":{"type":"MultiPolygon","coordinates":[[[[-7.81314,4.44762],[-7.8257,4.44762],[-7.8257,4.44792],[-7.82597,4.44792],[-7.82597,4.44819],[-7.82625,4.44819],[-7.82625,4.44847],[-7.82653,4.44847],[-7.82653,4.44875],[-7.8268,4.44875],[-7.8268,4.44958],[-7.82708,4.44958],[-7.82708,4.44986],[-7.82736,4.44986],[-7.82736,4.45014],[-7.8274,4.45014],[-7.8274,4.45181],[-7.82736,4.45181],[-7.82736,4.45125],[-7.82708,4.45125],[-7.82708,4.4507],[-7.8268,4.4507],[-7.8268,4.45042],[-7.82653,4.45042],[-7.82653,4.45014],[-7.82625,4.45014],[-7.82625,4.44986],[-7.82597,4.44986],[-7.82597,4.44958],[-7.82486,4.44958],[-7.82486,4.44931],[-7.82458,4.44931],[-7.82458,4.44903],[-7.82431,4.44903],[-7.82431,4.44875],[-7.82319,4.44875],[-7.82319,4.44847],[-7.82042,4.44847],[-7.82042,4.44819],[-7.81875,4.44819],[-7.81875,4.44847],[-7.81847,4.44847],[-7.81847,4.44875],[-7.81819,4.44875],[-7.81819,4.44903],[-7.81764,4.44903],[-7.81764,4.44931],[-7.81736,4.44931],[-7.81736,4.44958],[-7.81681,4.44958],[-7.81681,4.44986],[-7.81653,4.44986],[-7.81653,4.45181],[-7.81625,4.45181],[-7.81625,4.45208],[-7.81653,4.45208],[-7.81653,4.45292],[-7.81681,4.45292],[-7.81681,4.4532],[-7.81708,4.4532],[-7.81708,4.45375],[-7.81736,4.45375],[-7.81736,4.45681],[-7.81764,4.45681],[-7.81764,4.45792],[-7.81792,4.45792],[-7.81792,4.45903],[-7.81819,4.45903],[-7.81819,4.45931],[-7.81847,4.45931],[-7.81847,4.46014],[-7.81875,4.46014],[-7.81875,4.46042],[-7.81903,4.46042],[-7.81903,4.46097],[-7.81931,4.46097],[-7.81931,4.46125],[-7.81958,4.46125],[-7.81958,4.46153],[-7.81986,4.46153],[-7.81986,4.46181],[-7.82014,4.46181],[-7.82014,4.46187],[-7.81314,4.46187],[-7.81314,4.44762]]],[[[-7.8274,4.45514],[-7.8274,4.46187],[-7.82236,4.46187],[-7.82236,4.46153],[-7.82208,4.46153],[-7.82208,4.46125],[-7.82181,4.46125],[-7.82181,4.46097],[-7.82153,4.46097],[-7.82153,4.46069],[-7.82125,4.46069],[-7.82125,4.46014],[-7.82069,4.46014],[-7.82069,4.45986],[-7.82042,4.45986],[-7.82042,4.45931],[-7.82014,4.45931],[-7.82014,4.45903],[-7.81986,4.45903],[-7.81986,4.45875],[-7.81958,4.45875],[-7.81958,4.45847],[-7.81931,4.45847],[-7.81931,4.45819],[-7.81903,4.45819],[-7.81903,4.45792],[-7.81875,4.45792],[-7.81875,4.45764],[-7.81847,4.45764],[-7.81847,4.45653],[-7.81819,4.45653],[-7.81819,4.45347],[-7.81792,4.45347],[-7.81792,4.45208],[-7.81764,4.45208],[-7.81764,4.44986],[-7.81819,4.44986],[-7.81819,4.44958],[-7.81847,4.44958],[-7.81847,4.44931],[-7.81903,4.44931],[-7.81903,4.44903],[-7.82042,4.44903],[-7.82042,4.44931],[-7.82236,4.44931],[-7.82236,4.44958],[-7.82431,4.44958],[-7.82431,4.44986],[-7.82458,4.44986],[-7.82458,4.45014],[-7.82486,4.45014],[-7.82486,4.45042],[-7.82542,4.45042],[-7.82542,4.45097],[-7.8257,4.45097],[-7.8257,4.45125],[-7.82597,4.45125],[-7.82597,4.45153],[-7.82625,4.45153],[-7.82625,4.45181],[-7.82653,4.45181],[-7.82653,4.4532],[-7.8268,4.4532],[-7.8268,4.45347],[-7.82708,4.45347],[-7.82708,4.45486],[-7.82736,4.45486],[-7.82736,4.45514],[-7.8274,4.45514]]]]},"properties":{"region":"GrandKru","district":"Lower Kru Coast","floods_1m":1,"floods_2m":1,"floods_3m":1,"first_flood_m":1,"nests":true}},{"type":"Feature","geometry":{"type":"Polygon","coordinates":[[[-9.55261,5.47419],[-9.56687,5.47419],[-9.56687,5.48845],[-9.55261,5.48845],[-9.55261,5.47419]]]},"properties":{"region":"River Cess","district":"Timbo","floods_1m":1,"floods_2m":1,"floods_3m":1,"first_flood_m":1,"nests":true}},{"type":"Feature","geometry":{"type":"Polygon","coordinates":[[[-9.6239,5.50271],[-9.63708,5.50271],[-9.63708,5.50292],[-9.63764,5.50292],[-9.63764,5.50319],[-9.63816,5.50319],[-9.63816,5.51697],[-9.6239,5.51697],[-9.6239,5.50271]]]},"properties":{"region":"River Cess","district":"Timbo","floods_1m":1,"floods_2m":1,"floods_3m":1,"first_flood_m":1,"nests":true}},{"type":"Feature","geometry":{"type":"Polygon","coordinates":[[[-9.5241,5.39986],[-9.52431,5.39986],[-9.52431,5.40014],[-9.52458,5.40014],[-9.52458,5.40042],[-9.52486,5.40042],[-9.52486,5.40069],[-9.52542,5.40069],[-9.52542,5.40125],[-9.52569,5.40125],[-9.52569,5.40153],[-9.52597,5.40153],[-9.52597,5.40181],[-9.52625,5.40181],[-9.52625,5.40208],[-9.52653,5.40208],[-9.52653,5.40264],[-9.52708,5.40264],[-9.52708,5.4029],[-9.5241,5.4029],[-9.5241,5.39986]]]},"properties":{"region":"River Cess","district":"Timbo","floods_1m":1,"floods_2m":1,"floods_3m":1,"first_flood_m":1,"nests":true}},{"type":"Feature","geometry":{"type":"Polygon","coordinates":[[[-9.6239,5.49347],[-9.62403,5.49347],[-9.62403,5.49375],[-9.62458,5.49375],[-9.62458,5.49403],[-9.62486,5.49403],[-9.62486,5.49431],[-9.62514,5.49431],[-9.62514,5.49486],[-9.62569,5.49486],[-9.62569,5.49514],[-9.62625,5.49514],[-9.62625,5.49542],[-9.62653,5.49542],[-9.62653,5.4957],[-9.6268,5.4957],[-9.6268,5.49597],[-9.62736,5.49597],[-9.62736,5.49625],[-9.62792,5.49625],[-9.62792,5.49653],[-9.62931,5.49653],[-9.62931,5.49681],[-9.62961,5.49681],[-9.62986,5.49681],[-9.62986,5.49702],[-9.62986,5.49736],[-9.63014,5.49736],[-9.63014,5.49764],[-9.63042,5.49764],[-9.63042,5.4982],[-9.6307,5.4982],[-9.6307,5.49847],[-9.63125,5.49847],[-9.63125,5.49875],[-9.63181,5.49875],[-9.63181,5.49903],[-9.63236,5.49903],[-9.63236,5.49958],[-9.63292,5.49958],[-9.63292,5.49986],[-9.63375,5.49986],[-9.63375,5.50042],[-9.63431,5.50042],[-9.63431,5.50097],[-9.63458,5.50097],[-9.63458,5.50153],[-9.63486,5.50153],[-9.63486,5.5018],[-9.63542,5.5018],[-9.63542,5.50208],[-9.63625,5.50208],[-9.63625,5.50236],[-9.6368,5.50236],[-9.6368,5.50264],[-9.63708,5.50264],[-9.63708,5.50271],[-9.6239,5.50271],[-9.6239,5.49347]]]},"properties":{"region":"River Cess","district":"Timbo","floods_1m":1,"floods_2m":1,"floods_3m":1,"first_flood_m":1,"nests":true}},{"type":"Feature","geometry":{"type":"Polygon","coordinates":[[[-9.46706,5.31958],[-9.46708,5.31958],[-9.46708,5.31986],[-9.46792,5.31986],[-9.46792,5.32014],[-9.46847,5.32014],[-9.46847,5.32042],[-9.46903,5.32042],[-9.46903,5.32069],[-9.46931,5.32069],[-9.46931,5.32097],[-9.46986,5.32097],[-9.46986,5.32153],[-9.47069,5.32153],[-9.47069,5.32181],[-9.47097,5.32181],[-9.47097,5.32208],[-9.47153,5.32208],[-9.47153,5.32264],[-9.4718,5.32264],[-9.4718,5.32292],[-9.47208,5.32292],[-9.47208,5.32319],[-9.47236,5.32319],[-9.47236,5.32347],[-9.47264,5.32347],[-9.47264,5.32403],[-9.47347,5.32403],[-9.47347,5.32431],[-9.47375,5.32431],[-9.47375,5.32486],[-9.47403,5.32486],[-9.47403,5.32542],[-9.47431,5.32542],[-9.47431,5.32569],[-9.47458,5.32569],[-9.47458,5.32625],[-9.47486,5.32625],[-9.47486,5.32681],[-9.47347,5.32681],[-9.47347,5.32819],[-9.47375,5.32819],[-9.47375,5.32931],[-9.47403,5.32931],[-9.47403,5.32958],[-9.47431,5.32958],[-9.47431,5.33042],[-9.47458,5.33042],[-9.47458,5.33069],[-9.47486,5.33069],[-9.47486,5.33097],[-9.47514,5.33097],[-9.47514,5.33153],[-9.47569,5.33153],[-9.47569,5.33161],[-9.46706,5.33161],[-9.46706,5.31958]]]},"properties":{"region":"River Cess","district":"Timbo","floods_1m":1,"floods_2m":1,"floods_3m":1,"first_flood_m":1,"nests":true}},{"type":"Feature","geometry":{"type":"Polygon","coordinates":[[[-9.66668,5.53122],[-9.67708,5.53122],[-9.67708,5.53125],[-9.67736,5.53125],[-9.67736,5.53153],[-9.67792,5.53153],[-9.67792,5.53208],[-9.67809,5.53208],[-9.67819,5.53208],[-9.67819,5.53264],[-9.67875,5.53264],[-9.67875,5.53292],[-9.6793,5.53292],[-9.67931,5.53347],[-9.67959,5.53347],[-9.67959,5.53375],[-9.68014,5.53375],[-9.68014,5.53403],[-9.68093,5.53403],[-9.68093,5.54548],[-9.66668,5.54548],[-9.66668,5.53122]]]},"properties":{"region":"River Cess","district":"Timbo","floods_1m":1,"floods_2m":1,"floods_3m":1,"first_flood_m":1,"nests":true}},{"type":"Feature","geometry":{"type":"Polygon","coordinates":[[[-9.72371,5.56292],[-9.72375,5.56292],[-9.72375,5.56347],[-9.72403,5.56347],[-9.72403,5.56403],[-9.72431,5.56403],[-9.72431,5.56431],[-9.72403,5.56431],[-9.72403,5.56458],[-9.72431,5.56458],[-9.72431,5.56486],[-9.72458,5.56486],[-9.72458,5.56514],[-9.72486,5.56514],[-9.72486,5.56542],[-9.72514,5.56542],[-9.72514,5.56569],[-9.72542,5.56569],[-9.72542,5.56625],[-9.72514,5.56625],[-9.72514,5.56653],[-9.72486,5.56653],[-9.72486,5.56708],[-9.72458,5.56708],[-9.72458,5.56792],[-9.72486,5.56792],[-9.72486,5.56875],[-9.72514,5.56875],[-9.72514,5.56903],[-9.72542,5.56903],[-9.72542,5.56931],[-9.72569,5.56931],[-9.72569,5.56958],[-9.72597,5.56958],[-9.72597,5.56986],[-9.72625,5.56986],[-9.72625,5.57014],[-9.72653,5.57014],[-9.72653,5.57042],[-9.72681,5.57042],[-9.72681,5.57097],[-9.72708,5.57097],[-9.72708,5.57125],[-9.72736,5.57125],[-9.72736,5.57153],[-9.72792,5.57153],[-9.72792,5.57181],[-9.72819,5.57181],[-9.72819,5.57208],[-9.72792,5.57208],[-9.72792,5.574],[-9.72371,5.574],[-9.72371,5.56292]]]},"properties":{"region":"River Cess","district":"Timbo","floods_1m":1,"floods_2m":1,"floods_3m":1,"first_flood_m":1,"nests":true}},{"type":"Feature","geometry":{"type":"Polygon","coordinates":[[[-9.56687,5.45993],[-9.58113,5.45993],[-9.58113,5.47419],[-9.56687,5.47419],[-9.56687,5.45993]]]},"properties":{"region":"River Cess","district":"Timbo","floods_1m":1,"floods_2m":1,"floods_3m":1,"first_flood_m":1,"nests":true}},{"type":"Feature","geometry":{"type":"Polygon","coordinates":[[[-9.41003,5.27458],[-9.42429,5.27458],[-9.42429,5.28884],[-9.41003,5.28884],[-9.41003,5.27458]]]},"properties":{"region":"River Cess","district":"Timbo","floods_1m":1,"floods_2m":1,"floods_3m":1,"first_flood_m":1,"nests":true}},{"type":"Feature","geometry":{"type":"Polygon","coordinates":[[[-9.50984,5.48845],[-9.5241,5.48845],[-9.5241,5.50271],[-9.50984,5.50271],[-9.50984,5.48845]]]},"properties":{"region":"River Cess","district":"Timbo","floods_1m":0,"floods_2m":1,"floods_3m":0,"first_flood_m":2,"nests":false}},{"type":"Feature","geometry":{"type":"Polygon","coordinates":[[[-9.69519,5.54486],[-9.69569,5.54486],[-9.69569,5.54548],[-9.69519,5.54548],[-9.69519,5.54486]]]},"properties":{"region":"River Cess","district":"Timbo","floods_1m":1,"floods_2m":1,"floods_3m":1,"first_flood_m":1,"nests":true}},{"type":"Feature","geometry":{"type":"Polygon","coordinates":[[[-9.59539,5.47764],[-9.59569,5.47764],[-9.59569,5.47792],[-9.59625,5.47792],[-9.59625,5.47819],[-9.59653,5.47819],[-9.59653,5.47847],[-9.59681,5.47847],[-9.59681,5.47875],[-9.59736,5.47875],[-9.59736,5.47903],[-9.59792,5.47903],[-9.59792,5.47931],[-9.59847,5.47931],[-9.59847,5.47958],[-9.59903,5.47958],[-9.59903,5.48014],[-9.5993,5.48014],[-9.5993,5.48042],[-9.59986,5.48042],[-9.59986,5.48069],[-9.60014,5.48069],[-9.60014,5.48097],[-9.60069,5.48097],[-9.60069,5.48125],[-9.60153,5.48125],[-9.60153,5.48153],[-9.60208,5.48153],[-9.60208,5.48181],[-9.60236,5.48181],[-9.60236,5.48208],[-9.60292,5.48208],[-9.60292,5.48236],[-9.6032,5.48236],[-9.6032,5.48264],[-9.60375,5.48264],[-9.60375,5.48292],[-9.60431,5.48292],[-9.60431,5.48319],[-9.60486,5.48319],[-9.60486,5.48347],[-9.60514,5.48347],[-9.60514,5.48375],[-9.60542,5.48375],[-9.60542,5.48403],[-9.60569,5.48403],[-9.60569,5.48431],[-9.60625,5.48431],[-9.60625,5.48458],[-9.60736,5.48458],[-9.60736,5.48486],[-9.60847,5.48486],[-9.60847,5.48514],[-9.60875,5.48514],[-9.60875,5.48542],[-9.60903,5.48542],[-9.60903,5.48569],[-9.60931,5.48569],[-9.60931,5.48597],[-9.60964,5.48597],[-9.60964,5.48845],[-9.59539,5.48845],[-9.59539,5.47764]]]},"properties":{"region":"River Cess","district":"Timbo","floods_1m":1,"floods_2m":1,"floods_3m":1,"first_flood_m":1,"nests":true}},{"type":"Feature","geometry":{"type":"Polygon","coordinates":[[[-9.68093,5.53403],[-9.68125,5.53403],[-9.68125,5.53431],[-9.68153,5.53431],[-9.68153,5.53486],[-9.68181,5.53486],[-9.68181,5.53625],[-9.68208,5.53625],[-9.68208,5.53653],[-9.68236,5.53653],[-9.68236,5.53708],[-9.68264,5.53708],[-9.68264,5.53736],[-9.68292,5.53736],[-9.68292,5.53764],[-9.6832,5.53764],[-9.6832,5.53792],[-9.68375,5.53792],[-9.68375,5.53819],[-9.68431,5.53819],[-9.68431,5.53847],[-9.68486,5.53847],[-9.68486,5.53875],[-9.68514,5.53875],[-9.68514,5.53903],[-9.68569,5.53903],[-9.68569,5.53931],[-9.68625,5.53931],[-9.68625,5.53958],[-9.6868,5.53958],[-9.6868,5.53986],[-9.68736,5.53986],[-9.68736,5.54014],[-9.68764,5.54014],[-9.68764,5.54042],[-9.68792,5.54042],[-9.68792,5.54069],[-9.68875,5.54069],[-9.68875,5.54125],[-9.68931,5.54125],[-9.68931,5.54153],[-9.68958,5.54153],[-9.68958,5.54181],[-9.69069,5.54181],[-9.69069,5.54208],[-9.69153,5.54208],[-9.69153,5.54292],[-9.69236,5.54292],[-9.69236,5.54319],[-9.6932,5.54319],[-9.6932,5.54347],[-9.69403,5.54347],[-9.69403,5.54375],[-9.69458,5.54375],[-9.69458,5.54403],[-9.69486,5.54403],[-9.69486,5.54458],[-9.69514,5.54458],[-9.69514,5.54486],[-9.69519,5.54486],[-9.69519,5.54548],[-9.68093,5.54548],[-9.68093,5.53403]]]},"properties":{"region":"River Cess","district":"Timbo","floods_1m":1,"floods_2m":1,"floods_3m":1,"first_flood_m":1,"nests":true}},{"type":"Feature","geometry":{"type":"Polygon","coordinates":[[[-9.58113,5.47419],[-9.59181,5.47419],[-9.59181,5.47431],[-9.59208,5.47431],[-9.59208,5.47458],[-9.59264,5.47458],[-9.59264,5.47486],[-9.59292,5.47486],[-9.59292,5.47542],[-9.59347,5.47542],[-9.59347,5.4757],[-9.59403,5.4757],[-9.59403,5.47653],[-9.59458,5.47653],[-9.59458,5.47681],[-9.59486,5.47681],[-9.59486,5.47708],[-9.59514,5.47708],[-9.59514,5.47764],[-9.59539,5.47764],[-9.59539,5.48845],[-9.58113,5.48845],[-9.58113,5.47419]]]},"properties":{"region":"River Cess","district":"Timbo","floods_1m":1,"floods_2m":1,"floods_3m":1,"first_flood_m":1,"nests":true}},{"type":"Feature","geometry":{"type":"Polygon","coordinates":[[[-9.56687,5.48845],[-9.58113,5.48845],[-9.58113,5.50271],[-9.56687,5.50271],[-9.56687,5.48845]]]},"properties":{"region":"River Cess","district":"Timbo","floods_1m":1,"floods_2m":1,"floods_3m":1,"first_flood_m":1,"nests":true}},{"type":"Feature","geometry":{"type":"Polygon","coordinates":[[[-9.41003,5.26904],[-9.41255,5.26403],[-9.41292,5.26403],[-9.41292,5.26431],[-9.41319,5.26431],[-9.41319,5.26458],[-9.41347,5.26458],[-9.41347,5.26486],[-9.41403,5.26486],[-9.41403,5.26514],[-9.41458,5.26514],[-9.41458,5.26569],[-9.41486,5.26569],[-9.41486,5.26597],[-9.4157,5.26597],[-9.4157,5.26653],[-9.41653,5.26653],[-9.41653,5.26681],[-9.41708,5.26681],[-9.41708,5.26708],[-9.41736,5.26708],[-9.41736,5.26764],[-9.41764,5.26764],[-9.41764,5.26792],[-9.41792,5.26792],[-9.41792,5.26819],[-9.41818,5.26819],[-9.41847,5.26819],[-9.41847,5.26875],[-9.41875,5.26875],[-9.41875,5.26903],[-9.4193,5.26903],[-9.4193,5.26931],[-9.41958,5.26931],[-9.41958,5.26958],[-9.41986,5.26958],[-9.41986,5.26986],[-9.42042,5.26986],[-9.42042,5.27014],[-9.4207,5.27014],[-9.4207,5.27042],[-9.42125,5.27042],[-9.42125,5.27097],[-9.42181,5.27097],[-9.42181,5.27125],[-9.42264,5.27125],[-9.42264,5.27153],[-9.42292,5.27153],[-9.42292,5.27181],[-9.42319,5.27181],[-9.42319,5.27208],[-9.42375,5.27208],[-9.42375,5.27236],[-9.42403,5.27236],[-9.42403,5.27292],[-9.42429,5.27292],[-9.42429,5.27458],[-9.41003,5.27458],[-9.41003,5.26904]]]},"properties":{"region":"River Cess","district":"Timbo","floods_1m":1,"floods_2m":1,"floods_3m":1,"first_flood_m":1,"nests":true}},{"type":"Feature","geometry":{"type":"Polygon","coordinates":[[[-9.46706,5.33161],[-9.47569,5.33161],[-9.47569,5.33208],[-9.47597,5.33208],[-9.47597,5.33264],[-9.47625,5.33264],[-9.47625,5.33292],[-9.4768,5.33292],[-9.4768,5.3332],[-9.47708,5.3332],[-9.47708,5.33347],[-9.47764,5.33347],[-9.47764,5.33375],[-9.47819,5.33375],[-9.47819,5.3343],[-9.47903,5.3343],[-9.47903,5.33458],[-9.47931,5.33458],[-9.47931,5.33486],[-9.47986,5.33486],[-9.47986,5.33514],[-9.48014,5.33514],[-9.48014,5.33542],[-9.4807,5.33542],[-9.4807,5.33569],[-9.48097,5.33569],[-9.48097,5.33597],[-9.48125,5.33597],[-9.48125,5.33625],[-9.48132,5.33625],[-9.48132,5.34587],[-9.46706,5.34587],[-9.46706,5.33161]]]},"properties":{"region":"River Cess","district":"Timbo","floods_1m":1,"floods_2m":1,"floods_3m":1,"first_flood_m":1,"nests":true}},{"type":"Feature","geometry":{"type":"Polygon","coordinates":[[[-9.66668,5.5243],[-9.66708,5.5243],[-9.66708,5.52458],[-9.66764,5.52458],[-9.66764,5.52486],[-9.6682,5.52486],[-9.6682,5.52514],[-9.66847,5.52514],[-9.66847,5.52542],[-9.66903,5.52542],[-9.66903,5.52569],[-9.66958,5.52569],[-9.66958,5.52597],[-9.66986,5.52597],[-9.66986,5.52625],[-9.67042,5.52625],[-9.67042,5.52653],[-9.67097,5.52653],[-9.67097,5.52625],[-9.67208,5.52625],[-9.67208,5.52653],[-9.67236,5.52653],[-9.67236,5.5268],[-9.67264,5.5268],[-9.67264,5.52708],[-9.67297,5.52708],[-9.67319,5.52708],[-9.67319,5.52731],[-9.67319,5.52764],[-9.67352,5.52764],[-9.67375,5.52764],[-9.67375,5.52787],[-9.67375,5.52819],[-9.67403,5.52819],[-9.67403,5.52847],[-9.67435,5.52847],[-9.67486,5.52847],[-9.67486,5.52875],[-9.67542,5.52875],[-9.67542,5.5293],[-9.67569,5.5293],[-9.67569,5.52958],[-9.67625,5.52958],[-9.67625,5.53014],[-9.67681,5.53014],[-9.67681,5.53069],[-9.67708,5.53069],[-9.67708,5.53122],[-9.66668,5.53122],[-9.66668,5.5243]]]},"properties":{"region":"River Cess","district":"Timbo","floods_1m":1,"floods_2m":1,"floods_3m":1,"first_flood_m":1,"nests":true}},{"type":"Feature","geometry":{"type":"Polygon","coordinates":[[[-9.5241,5.4029],[-9.52708,5.4029],[-9.52708,5.40319],[-9.52736,5.40319],[-9.52736,5.40347],[-9.52764,5.40347],[-9.52764,5.40375],[-9.52792,5.40375],[-9.52792,5.40403],[-9.5282,5.40403],[-9.5282,5.40458],[-9.52875,5.40458],[-9.52875,5.40486],[-9.52931,5.40486],[-9.52931,5.40514],[-9.52958,5.40514],[-9.52958,5.40542],[-9.52986,5.40542],[-9.52986,5.40569],[-9.53042,5.40569],[-9.53042,5.40597],[-9.53097,5.40597],[-9.53097,5.40653],[-9.53125,5.40653],[-9.53125,5.40681],[-9.53153,5.40681],[-9.53153,5.40708],[-9.53181,5.40708],[-9.53181,5.40736],[-9.53236,5.40736],[-9.53236,5.40764],[-9.5332,5.40764],[-9.5332,5.40792],[-9.53375,5.40792],[-9.53375,5.40819],[-9.53403,5.40819],[-9.53403,5.40847],[-9.53458,5.40847],[-9.53458,5.40875],[-9.53514,5.40875],[-9.53514,5.40903],[-9.53597,5.40903],[-9.53597,5.40931],[-9.53681,5.40931],[-9.53681,5.40958],[-9.53708,5.40958],[-9.53708,5.41014],[-9.53792,5.41014],[-9.53792,5.41042],[-9.53835,5.41042],[-9.53835,5.41716],[-9.5241,5.41716],[-9.5241,5.4029]]]},"properties":{"region":"River Cess","district":"Timbo","floods_1m":1,"floods_2m":1,"floods_3m":1,"first_flood_m":1,"nests":true}},{"type":"Feature","geometry":{"type":"Polygon","coordinates":[[[-9.53835,5.47419],[-9.55261,5.47419],[-9.55261,5.48845],[-9.53835,5.48845],[-9.53835,5.47419]]]},"properties":{"region":"River Cess","district":"Timbo","floods_1m":1,"floods_2m":1,"floods_3m":1,"first_flood_m":1,"nests":true}},{"type":"Feature","geometry":{"type":"Polygon","coordinates":[[[-9.53835,5.44568],[-9.55261,5.44568],[-9.55261,5.45993],[-9.53835,5.45993],[-9.53835,5.44568]]]},"properties":{"region":"River Cess","district":"Timbo","floods_1m":1,"floods_2m":1,"floods_3m":1,"first_flood_m":1,"nests":true}},{"type":"Feature","geometry":{"type":"Polygon","coordinates":[[[-9.58113,5.43142],[-9.58736,5.43142],[-9.58736,5.43153],[-9.58764,5.43153],[-9.58764,5.43181],[-9.5882,5.43181],[-9.5882,5.43208],[-9.58903,5.43208],[-9.58903,5.43236],[-9.58958,5.43236],[-9.58958,5.43208],[-9.58986,5.43208],[-9.58986,5.43236],[-9.59014,5.43236],[-9.59014,5.43264],[-9.59076,5.43264],[-9.59208,5.43264],[-9.59208,5.43292],[-9.59347,5.43292],[-9.59347,5.43319],[-9.59403,5.43319],[-9.59403,5.43375],[-9.59431,5.43375],[-9.59431,5.43403],[-9.59458,5.43403],[-9.59458,5.43486],[-9.59431,5.43486],[-9.59431,5.43514],[-9.59319,5.43514],[-9.59319,5.43542],[-9.59208,5.43542],[-9.59208,5.43653],[-9.59181,5.43653],[-9.59181,5.43681],[-9.59153,5.43681],[-9.59153,5.43736],[-9.59125,5.43736],[-9.59125,5.43764],[-9.59097,5.43764],[-9.59097,5.43792],[-9.59069,5.43792],[-9.59069,5.43819],[-9.59014,5.43819],[-9.59014,5.43875],[-9.58986,5.43875],[-9.58986,5.44153],[-9.59014,5.44153],[-9.59014,5.44375],[-9.59042,5.44375],[-9.59042,5.4443],[-9.59014,5.4443],[-9.59014,5.44486],[-9.58903,5.44486],[-9.58903,5.44458],[-9.58625,5.44458],[-9.58625,5.44486],[-9.58569,5.44486],[-9.58569,5.44514],[-9.58486,5.44514],[-9.58486,5.44542],[-9.58458,5.44542],[-9.58458,5.44568],[-9.58113,5.44568],[-9.58113,5.43142]]]},"properties":{"region":"River Cess","district":"Timbo","floods_1m":1,"floods_2m":1,"floods_3m":1,"first_flood_m":1,"nests":true}},{"type":"Feature","geometry":{"type":"Polygon","coordinates":[[[-9.48132,5.38864],[-9.49558,5.38864],[-9.49558,5.4029],[-9.48132,5.4029],[-9.48132,5.38864]]]},"properties":{"region":"River Cess","district":"Timbo","floods_1m":1,"floods_2m":1,"floods_3m":1,"first_flood_m":1,"nests":true}},{"type":"Feature","geometry":{"type":"Polygon","coordinates":[[[-9.55261,5.41847],[-9.55264,5.41847],[-9.55264,5.41875],[-9.55347,5.41875],[-9.55347,5.41903],[-9.55403,5.41903],[-9.55403,5.4193],[-9.55458,5.4193],[-9.55458,5.41958],[-9.55514,5.41958],[-9.55514,5.41986],[-9.55597,5.41986],[-9.55597,5.42014],[-9.55625,5.42014],[-9.55625,5.42042],[-9.5568,5.42042],[-9.5568,5.42069],[-9.55708,5.42069],[-9.55708,5.42097],[-9.55847,5.42097],[-9.55847,5.42125],[-9.55903,5.42125],[-9.55903,5.42153],[-9.55958,5.42153],[-9.55958,5.4218],[-9.5607,5.4218],[-9.5607,5.42208],[-9.56125,5.42208],[-9.56125,5.42236],[-9.56153,5.42236],[-9.56153,5.42264],[-9.56208,5.42264],[-9.56208,5.42292],[-9.56292,5.42292],[-9.56292,5.42319],[-9.56319,5.42319],[-9.56319,5.42347],[-9.56347,5.42347],[-9.56347,5.42319],[-9.56375,5.42319],[-9.56375,5.42347],[-9.56431,5.42347],[-9.56431,5.42375],[-9.56486,5.42375],[-9.56486,5.42403],[-9.56514,5.42403],[-9.56514,5.4243],[-9.56542,5.4243],[-9.56542,5.42458],[-9.56625,5.42458],[-9.56625,5.42486],[-9.56653,5.42486],[-9.56653,5.42514],[-9.56687,5.42514],[-9.56687,5.43142],[-9.55261,5.43142],[-9.55261,5.41847]]]},"properties":{"region":"River Cess","district":"Timbo","floods_1m":1,"floods_2m":1,"floods_3m":1,"first_flood_m":1,"nests":true}},{"type":"Feature","geometry":{"type":"Polygon","coordinates":[[[-9.53835,5.48845],[-9.55261,5.48845],[-9.55261,5.50271],[-9.53835,5.50271],[-9.53835,5.48845]]]},"properties":{"region":"River Cess","district":"Timbo","floods_1m":1,"floods_2m":1,"floods_3m":1,"first_flood_m":1,"nests":true}},{"type":"Feature","geometry":{"type":"Polygon","coordinates":[[[-9.45281,5.31735],[-9.46458,5.31735],[-9.46458,5.31736],[-9.46542,5.31736],[-9.46542,5.31792],[-9.46569,5.31792],[-9.46569,5.31847],[-9.46597,5.31847],[-9.46597,5.31875],[-9.46625,5.31875],[-9.46625,5.31903],[-9.46653,5.31903],[-9.46653,5.31958],[-9.46706,5.31958],[-9.46706,5.33161],[-9.45281,5.33161],[-9.45281,5.31735]]]},"properties":{"region":"River Cess","district":"Timbo","floods_1m":1,"floods_2m":1,"floods_3m":1,"first_flood_m":1,"nests":true}},{"type":"Feature","geometry":{"type":"Polygon","coordinates":[[[-9.48132,5.4029],[-9.49558,5.4029],[-9.49558,5.41716],[-9.48132,5.41716],[-9.48132,5.4029]]]},"properties":{"region":"River Cess","district":"Timbo","floods_1m":1,"floods_2m":1,"floods_3m":1,"first_flood_m":1,"nests":true}},{"type":"Feature","geometry":{"type":"Polygon","coordinates":[[[-9.70945,5.55974],[-9.72181,5.55974],[-9.72181,5.55986],[-9.72208,5.55986],[-9.72208,5.56014],[-9.72181,5.56014],[-9.72181,5.5603],[-9.72181,5.56042],[-9.72153,5.56042],[-9.72153,5.56069],[-9.72125,5.56069],[-9.72125,5.56153],[-9.72153,5.56153],[-9.72153,5.56181],[-9.72236,5.56181],[-9.72236,5.56208],[-9.72264,5.56208],[-9.72264,5.56236],[-9.72292,5.56236],[-9.72292,5.56264],[-9.72347,5.56264],[-9.72347,5.56292],[-9.72371,5.56292],[-9.72371,5.574],[-9.70945,5.574],[-9.70945,5.55974]]]},"properties":{"region":"River Cess","district":"Timbo","floods_1m":1,"floods_2m":1,"floods_3m":1,"first_flood_m":1,"nests":true}},{"type":"Feature","geometry":{"type":"Polygon","coordinates":[[[-9.55261,5.43142],[-9.56687,5.43142],[-9.56687,5.44568],[-9.55261,5.44568],[-9.55261,5.43142]]]},"properties":{"region":"River Cess","district":"Timbo","floods_1m":1,"floods_2m":1,"floods_3m":1,"first_flood_m":1,"nests":true}},{"type":"Feature","geometry":{"type":"Polygon","coordinates":[[[-9.58113,5.45993],[-9.58319,5.45993],[-9.58319,5.46042],[-9.58347,5.46042],[-9.58347,5.46125],[-9.58319,5.46125],[-9.58319,5.46153],[-9.58347,5.46153],[-9.58347,5.46236],[-9.58375,5.46236],[-9.58375,5.4643],[-9.58403,5.4643],[-9.58403,5.46458],[-9.58375,5.46458],[-9.58375,5.46542],[-9.58403,5.46542],[-9.58403,5.46569],[-9.58458,5.46569],[-9.58458,5.46597],[-9.58486,5.46597],[-9.58486,5.46653],[-9.58514,5.46653],[-9.58514,5.46708],[-9.58542,5.46708],[-9.58542,5.46736],[-9.58569,5.46736],[-9.58569,5.46764],[-9.58597,5.46764],[-9.58597,5.46792],[-9.58625,5.46792],[-9.58625,5.46819],[-9.58653,5.46819],[-9.58653,5.46847],[-9.58681,5.46847],[-9.58681,5.46875],[-9.58708,5.46875],[-9.58708,5.46903],[-9.58736,5.46903],[-9.58736,5.46958],[-9.58764,5.46958],[-9.58764,5.46986],[-9.58792,5.46986],[-9.58792,5.47042],[-9.5882,5.47042],[-9.5882,5.4707],[-9.58847,5.4707],[-9.58847,5.47097],[-9.58875,5.47097],[-9.58875,5.47125],[-9.58903,5.47125],[-9.58903,5.47181],[-9.58958,5.47181],[-9.58958,5.47236],[-9.58986,5.47236],[-9.58986,5.47264],[-9.59042,5.47264],[-9.59042,5.47292],[-9.59069,5.47292],[-9.59069,5.4732],[-9.59097,5.4732],[-9.59097,5.47347],[-9.59125,5.47347],[-9.59125,5.47375],[-9.59153,5.47375],[-9.59153,5.47403],[-9.59181,5.47403],[-9.59181,5.47419],[-9.58113,5.47419],[-9.58113,5.45993]]]},"properties":{"region":"River Cess","district":"Timbo","floods_1m":1,"floods_2m":1,"floods_3m":1,"first_flood_m":1,"nests":true}},{"type":"Feature","geometry":{"type":"Polygon","coordinates":[[[-9.45281,5.3031],[-9.45569,5.3031],[-9.45569,5.30319],[-9.45653,5.30319],[-9.45653,5.30347],[-9.45681,5.30347],[-9.45681,5.30403],[-9.45736,5.30403],[-9.45736,5.30431],[-9.45764,5.30431],[-9.45764,5.30458],[-9.45792,5.30458],[-9.45792,5.30486],[-9.45819,5.30486],[-9.45819,5.30514],[-9.45847,5.30514],[-9.45847,5.30542],[-9.45931,5.30542],[-9.45931,5.3057],[-9.46014,5.3057],[-9.46014,5.30597],[-9.46042,5.30597],[-9.46042,5.30625],[-9.46097,5.30625],[-9.46097,5.30653],[-9.46125,5.30653],[-9.46125,5.30681],[-9.46181,5.30681],[-9.46181,5.30736],[-9.46236,5.30736],[-9.46236,5.30847],[-9.46264,5.30847],[-9.46264,5.30875],[-9.46319,5.30875],[-9.46319,5.30903],[-9.46347,5.30903],[-9.46347,5.30931],[-9.46375,5.30931],[-9.46375,5.30958],[-9.46403,5.30958],[-9.46403,5.31014],[-9.46431,5.31014],[-9.46431,5.31042],[-9.46319,5.31042],[-9.46319,5.31014],[-9.46292,5.31014],[-9.46292,5.31042],[-9.46264,5.31042],[-9.46264,5.3107],[-9.46236,5.3107],[-9.46236,5.31097],[-9.46208,5.31097],[-9.46208,5.31153],[-9.46236,5.31153],[-9.46236,5.31264],[-9.46264,5.31264],[-9.46264,5.31292],[-9.46236,5.31292],[-9.46236,5.31403],[-9.46264,5.31403],[-9.46264,5.31458],[-9.46292,5.31458],[-9.46292,5.31514],[-9.46319,5.31514],[-9.46319,5.31569],[-9.46347,5.31569],[-9.46347,5.31597],[-9.46375,5.31597],[-9.46375,5.31653],[-9.46403,5.31653],[-9.46403,5.3168],[-9.46431,5.3168],[-9.46431,5.31708],[-9.46458,5.31708],[-9.46458,5.31735],[-9.45281,5.31735],[-9.45281,5.3031]]]},"properties":{"region":"River Cess","district":"Timbo","floods_1m":1,"floods_2m":1,"floods_3m":1,"first_flood_m":1,"nests":true}},{"type":"Feature","geometry":{"type":"Polygon","coordinates":[[[-9.48132,5.34587],[-9.48819,5.34587],[-9.48819,5.34708],[-9.48847,5.34708],[-9.48847,5.34736],[-9.48875,5.34736],[-9.48875,5.34764],[-9.48903,5.34764],[-9.48903,5.34819],[-9.48931,5.34819],[-9.48931,5.34847],[-9.48958,5.34847],[-9.48958,5.34958],[-9.48986,5.34958],[-9.48986,5.34986],[-9.49014,5.34986],[-9.49014,5.35014],[-9.49042,5.35014],[-9.49042,5.35069],[-9.49069,5.35069],[-9.49069,5.35097],[-9.49097,5.35097],[-9.49097,5.35181],[-9.49069,5.35181],[-9.49069,5.35208],[-9.49014,5.35208],[-9.49014,5.35236],[-9.48986,5.35236],[-9.48986,5.35264],[-9.48958,5.35264],[-9.48958,5.35292],[-9.48931,5.35292],[-9.48931,5.35347],[-9.48903,5.35347],[-9.48903,5.35458],[-9.48931,5.35458],[-9.48931,5.35514],[-9.48958,5.35514],[-9.48958,5.35597],[-9.48986,5.35597],[-9.48986,5.3568],[-9.49014,5.35681],[-9.49014,5.35764],[-9.49042,5.35764],[-9.49042,5.35792],[-9.49069,5.35792],[-9.49069,5.35819],[-9.49097,5.35819],[-9.49097,5.35875],[-9.49153,5.35875],[-9.49153,5.35986],[-9.49125,5.35986],[-9.49125,5.36013],[-9.48132,5.36013],[-9.48132,5.34587]]]},"properties":{"region":"River Cess","district":"Timbo","floods_1m":1,"floods_2m":1,"floods_3m":1,"first_flood_m":1,"nests":true}},{"type":"Feature","geometry":{"type":"Polygon","coordinates":[[[-9.58113,5.42958],[-9.58208,5.42958],[-9.58208,5.42986],[-9.58236,5.42986],[-9.58236,5.43014],[-9.58292,5.43014],[-9.58292,5.43042],[-9.58347,5.43042],[-9.58347,5.43069],[-9.58486,5.43069],[-9.58486,5.43042],[-9.58542,5.43042],[-9.58542,5.43069],[-9.58569,5.43069],[-9.58569,5.43097],[-9.58625,5.43097],[-9.58625,5.43125],[-9.58736,5.43125],[-9.58736,5.43142],[-9.58113,5.43142],[-9.58113,5.42958]]]},"properties":{"region":"River Cess","district":"Timbo","floods_1m":1,"floods_2m":1,"floods_3m":1,"first_flood_m":1,"nests":true}},{"type":"Feature","geometry":{"type":"Polygon","coordinates":[[[-9.69519,5.54548],[-9.69569,5.54548],[-9.69569,5.54597],[-9.69541,5.54597],[-9.69541,5.54625],[-9.69569,5.54625],[-9.69569,5.5468],[-9.69736,5.5468],[-9.69736,5.54708],[-9.69792,5.54708],[-9.69792,5.54736],[-9.69847,5.54736],[-9.69847,5.54764],[-9.69875,5.54764],[-9.69875,5.54792],[-9.69903,5.54792],[-9.69903,5.54819],[-9.69986,5.54819],[-9.69986,5.54847],[-9.70069,5.54847],[-9.70069,5.54903],[-9.70153,5.54903],[-9.70153,5.5493],[-9.70181,5.5493],[-9.70181,5.54958],[-9.70208,5.54958],[-9.70208,5.54986],[-9.70264,5.54986],[-9.70264,5.55014],[-9.70347,5.55014],[-9.70347,5.55069],[-9.70375,5.55069],[-9.70375,5.55097],[-9.70403,5.55097],[-9.70403,5.55125],[-9.70458,5.55125],[-9.70458,5.55153],[-9.70542,5.55153],[-9.70542,5.55181],[-9.70597,5.55181],[-9.70597,5.55208],[-9.70653,5.55208],[-9.70653,5.55236],[-9.70736,5.55236],[-9.70736,5.55264],[-9.70819,5.55264],[-9.70819,5.55292],[-9.70931,5.55292],[-9.70931,5.5532],[-9.70945,5.5532],[-9.70945,5.55974],[-9.69519,5.55974],[-9.69519,5.54548]]]},"properties":{"region":"River Cess","district":"Timbo","floods_1m":1,"floods_2m":1,"floods_3m":1,"first_flood_m":1,"nests":true}},{"type":"Feature","geometry":{"type":"Polygon","coordinates":[[[-9.48132,5.33625],[-9.48153,5.33625],[-9.48153,5.33653],[-9.48181,5.33653],[-9.48181,5.3368],[-9.48292,5.3368],[-9.48292,5.33708],[-9.48347,5.33708],[-9.48347,5.33764],[-9.48375,5.33764],[-9.48375,5.33792],[-9.48403,5.33792],[-9.48403,5.33819],[-9.48431,5.33819],[-9.48431,5.33847],[-9.48514,5.33847],[-9.48514,5.33903],[-9.48569,5.33903],[-9.48569,5.3393],[-9.48625,5.3393],[-9.48625,5.33986],[-9.48681,5.33986],[-9.48681,5.34014],[-9.48736,5.34014],[-9.48736,5.34042],[-9.48764,5.34042],[-9.48764,5.34097],[-9.48792,5.34097],[-9.48792,5.34125],[-9.48819,5.34125],[-9.48819,5.34153],[-9.48847,5.34153],[-9.48847,5.3418],[-9.48875,5.3418],[-9.48875,5.34236],[-9.48903,5.34236],[-9.48903,5.34264],[-9.48958,5.34264],[-9.48958,5.3432],[-9.48986,5.3432],[-9.48986,5.34375],[-9.49014,5.34375],[-9.49014,5.34403],[-9.48931,5.34403],[-9.48931,5.34431],[-9.48875,5.34431],[-9.48875,5.34458],[-9.48847,5.34458],[-9.48847,5.34514],[-9.48819,5.34514],[-9.48819,5.34587],[-9.48132,5.34587],[-9.48132,5.33625]]]},"properties":{"region":"River Cess","district":"Timbo","floods_1m":1,"floods_2m":1,"floods_3m":1,"first_flood_m":1,"nests":true}},{"type":"Feature","geometry":{"type":"Polygon","coordinates":[[[-9.56687,5.47419],[-9.58113,5.47419],[-9.58113,5.48845],[-9.56687,5.48845],[-9.56687,5.47419]]]},"properties":{"region":"River Cess","district":"Timbo","floods_1m":1,"floods_2m":1,"floods_3m":1,"first_flood_m":1,"nests":true}},{"type":"Feature","geometry":{"type":"Polygon","coordinates":[[[-9.56687,5.42514],[-9.56736,5.42514],[-9.56736,5.42542],[-9.56819,5.42542],[-9.56819,5.42569],[-9.56931,5.42569],[-9.56931,5.42597],[-9.56986,5.42597],[-9.56986,5.42625],[-9.57069,5.42625],[-9.57069,5.42653],[-9.57153,5.42653],[-9.57153,5.42681],[-9.57264,5.42681],[-9.57264,5.42708],[-9.57292,5.42708],[-9.57292,5.42736],[-9.57347,5.42736],[-9.57347,5.42764],[-9.57458,5.42764],[-9.57458,5.42792],[-9.57514,5.42792],[-9.57514,5.42819],[-9.5757,5.42819],[-9.5757,5.42792],[-9.57708,5.42792],[-9.57708,5.42819],[-9.57764,5.42819],[-9.57764,5.42847],[-9.57792,5.42847],[-9.57792,5.42819],[-9.57819,5.42819],[-9.57819,5.42847],[-9.57903,5.42847],[-9.57903,5.42875],[-9.57958,5.42875],[-9.57958,5.42903],[-9.57986,5.42903],[-9.57986,5.42931],[-9.5807,5.42931],[-9.5807,5.42958],[-9.58113,5.42958],[-9.58113,5.43142],[-9.56687,5.43142],[-9.56687,5.42514]]]},"properties":{"region":"River Cess","district":"Timbo","floods_1m":1,"floods_2m":1,"floods_3m":1,"first_flood_m":1,"nests":true}},{"type":"Feature","geometry":{"type":"Polygon","coordinates":[[[-9.58113,5.48845],[-9.59539,5.48845],[-9.59539,5.50271],[-9.58113,5.50271],[-9.58113,5.48845]]]},"properties":{"region":"River Cess","district":"Timbo","floods_1m":1,"floods_2m":1,"floods_3m":1,"first_flood_m":1,"nests":true}},{"type":"Feature","geometry":{"type":"Polygon","coordinates":[[[-9.43855,5.28884],[-9.44181,5.28884],[-9.44181,5.28903],[-9.44208,5.28903],[-9.44208,5.28986],[-9.44236,5.28986],[-9.44236,5.29125],[-9.44264,5.29125],[-9.44264,5.29153],[-9.44292,5.29153],[-9.44292,5.29181],[-9.4432,5.29181],[-9.4432,5.29208],[-9.44375,5.29208],[-9.44375,5.29264],[-9.44403,5.29264],[-9.44403,5.29319],[-9.44431,5.29319],[-9.44431,5.29375],[-9.44458,5.29375],[-9.44458,5.29403],[-9.44431,5.29403],[-9.44431,5.29458],[-9.44458,5.29458],[-9.44458,5.29481],[-9.44458,5.29514],[-9.44503,5.29514],[-9.44514,5.29514],[-9.44514,5.29569],[-9.44542,5.29569],[-9.44542,5.29597],[-9.44597,5.29597],[-9.44597,5.29653],[-9.44653,5.29653],[-9.44653,5.29708],[-9.44708,5.29708],[-9.44708,5.29736],[-9.44764,5.29736],[-9.44764,5.29764],[-9.4482,5.29764],[-9.4482,5.29792],[-9.44847,5.29792],[-9.44847,5.29819],[-9.44875,5.29819],[-9.44875,5.29875],[-9.4493,5.29875],[-9.4493,5.29903],[-9.44958,5.29903],[-9.44958,5.29931],[-9.44986,5.29931],[-9.44986,5.29958],[-9.45014,5.29958],[-9.45014,5.29986],[-9.45125,5.29986],[-9.45125,5.30042],[-9.45181,5.30042],[-9.45181,5.30069],[-9.45226,5.30069],[-9.45236,5.30069],[-9.45236,5.30097],[-9.45281,5.30097],[-9.45281,5.3031],[-9.43855,5.3031],[-9.43855,5.28884]]]},"properties":{"region":"River Cess","district":"Timbo","floods_1m":1,"floods_2m":1,"floods_3m":1,"first_flood_m":1,"nests":true}},{"type":"Feature","geometry":{"type":"Polygon","coordinates":[[[-9.60964,5.48597],[-9.60986,5.48597],[-9.60986,5.48625],[-9.61042,5.48625],[-9.61042,5.48653],[-9.61069,5.48653],[-9.61069,5.48681],[-9.61097,5.48681],[-9.61097,5.48708],[-9.61153,5.48708],[-9.61153,5.48736],[-9.6118,5.48736],[-9.6118,5.48764],[-9.61236,5.48764],[-9.61236,5.48792],[-9.61347,5.48792],[-9.61347,5.48819],[-9.61403,5.48819],[-9.61403,5.48845],[-9.60964,5.48845],[-9.60964,5.48597]]]},"properties":{"region":"River Cess","district":"Timbo","floods_1m":1,"floods_2m":1,"floods_3m":1,"first_flood_m":1,"nests":true}},{"type":"Feature","geometry":{"type":"Polygon","coordinates":[[[-9.68093,5.54548],[-9.69519,5.54548],[-9.69519,5.55974],[-9.68093,5.55974],[-9.68093,5.54548]]]},"properties":{"region":"River Cess","district":"Timbo","floods_1m":1,"floods_2m":1,"floods_3m":1,"first_flood_m":1,"nests":true}},{"type":"Feature","geometry":{"type":"Polygon","coordinates":[[[-9.50984,5.50271],[-9.5241,5.50271],[-9.5241,5.51697],[-9.50984,5.51697],[-9.50984,5.50271]]]},"properties":{"region":"River Cess","district":"Timbo","floods_1m":0,"floods_2m":1,"floods_3m":0,"first_flood_m":2,"nests":false}},{"type":"Feature","geometry":{"type":"Polygon","coordinates":[[[-9.49558,5.4029],[-9.50984,5.4029],[-9.50984,5.41716],[-9.49558,5.41716],[-9.49558,5.4029]]]},"properties":{"region":"River Cess","district":"Timbo","floods_1m":1,"floods_2m":1,"floods_3m":1,"first_flood_m":1,"nests":true}},{"type":"Feature","geometry":{"type":"Polygon","coordinates":[[[-9.55261,5.44568],[-9.56687,5.44568],[-9.56687,5.45993],[-9.55261,5.45993],[-9.55261,5.44568]]]},"properties":{"region":"River Cess","district":"Timbo","floods_1m":1,"floods_2m":1,"floods_3m":1,"first_flood_m":1,"nests":true}},{"type":"Feature","geometry":{"type":"Polygon","coordinates":[[[-9.48132,5.36013],[-9.49125,5.36013],[-9.49125,5.36042],[-9.49097,5.36042],[-9.49097,5.36097],[-9.49069,5.36097],[-9.49069,5.3618],[-9.49042,5.3618],[-9.49042,5.36292],[-9.49014,5.36292],[-9.49014,5.36347],[-9.48986,5.36347],[-9.48986,5.36375],[-9.49014,5.36375],[-9.49014,5.36542],[-9.49042,5.36542],[-9.49042,5.36708],[-9.49069,5.36708],[-9.49069,5.36736],[-9.49097,5.36736],[-9.49097,5.36847],[-9.49125,5.36847],[-9.49125,5.36903],[-9.49153,5.36903],[-9.49153,5.36931],[-9.4918,5.36931],[-9.49181,5.36986],[-9.49209,5.36986],[-9.49209,5.37042],[-9.49236,5.37042],[-9.49236,5.37097],[-9.49264,5.37097],[-9.49264,5.37153],[-9.49292,5.37153],[-9.49292,5.37181],[-9.49319,5.37181],[-9.49319,5.37208],[-9.49347,5.37208],[-9.49347,5.37292],[-9.49375,5.37292],[-9.49375,5.37319],[-9.49403,5.3732],[-9.49403,5.37347],[-9.49431,5.37347],[-9.49431,5.37375],[-9.49458,5.37375],[-9.49458,5.37431],[-9.49486,5.37431],[-9.49486,5.37439],[-9.49403,5.37439],[-9.49403,5.37431],[-9.49252,5.37431],[-9.49209,5.37431],[-9.49209,5.37439],[-9.48132,5.37439],[-9.48132,5.36013]]]},"properties":{"region":"River Cess","district":"Timbo","floods_1m":1,"floods_2m":1,"floods_3m":1,"first_flood_m":1,"nests":true}},{"type":"Feature","geometry":{"type":"Polygon","coordinates":[[[-9.55261,5.48845],[-9.56687,5.48845],[-9.56687,5.50271],[-9.55261,5.50271],[-9.55261,5.48845]]]},"properties":{"region":"River Cess","district":"Timbo","floods_1m":1,"floods_2m":1,"floods_3m":1,"first_flood_m":1,"nests":true}},{"type":"Feature","geometry":{"type":"Polygon","coordinates":[[[-9.70945,5.5532],[-9.70986,5.5532],[-9.70986,5.55375],[-9.71042,5.55375],[-9.71042,5.55403],[-9.7107,5.55403],[-9.7107,5.55431],[-9.71181,5.55431],[-9.71181,5.55458],[-9.71292,5.55458],[-9.71292,5.55486],[-9.71347,5.55486],[-9.71347,5.55514],[-9.71403,5.55514],[-9.71403,5.55542],[-9.7143,5.55542],[-9.7143,5.5557],[-9.7157,5.5557],[-9.7157,5.55597],[-9.71597,5.55597],[-9.71597,5.55625],[-9.71659,5.55625],[-9.71681,5.55625],[-9.71681,5.55643],[-9.71681,5.55653],[-9.71693,5.55653],[-9.71708,5.55653],[-9.71708,5.55665],[-9.71708,5.55681],[-9.71726,5.55685],[-9.71734,5.55687],[-9.71736,5.55708],[-9.71761,5.55708],[-9.71792,5.55708],[-9.71792,5.55733],[-9.71792,5.55764],[-9.71829,5.55764],[-9.71847,5.55764],[-9.71847,5.55779],[-9.71847,5.5582],[-9.71903,5.5582],[-9.71903,5.55847],[-9.71932,5.55847],[-9.71986,5.55847],[-9.71986,5.55875],[-9.72042,5.55875],[-9.72042,5.55903],[-9.72181,5.55903],[-9.72181,5.55974],[-9.70945,5.55974],[-9.70945,5.5532]]]},"properties":{"region":"River Cess","district":"Timbo","floods_1m":1,"floods_2m":1,"floods_3m":1,"first_flood_m":1,"nests":true}},{"type":"Feature","geometry":{"type":"Polygon","coordinates":[[[-9.60964,5.48845],[-9.61403,5.48845],[-9.61403,5.48847],[-9.61431,5.48847],[-9.61431,5.48875],[-9.61486,5.48875],[-9.61486,5.48903],[-9.61514,5.48903],[-9.61514,5.48931],[-9.61569,5.48931],[-9.61569,5.48958],[-9.61597,5.48958],[-9.61597,5.48986],[-9.61625,5.48986],[-9.61625,5.49014],[-9.61764,5.49014],[-9.61764,5.49042],[-9.61792,5.49042],[-9.61792,5.49069],[-9.61819,5.49069],[-9.61819,5.49097],[-9.61875,5.49097],[-9.61875,5.49125],[-9.61931,5.49125],[-9.61931,5.49153],[-9.61958,5.49153],[-9.61958,5.49181],[-9.62014,5.49181],[-9.62014,5.49208],[-9.62042,5.49208],[-9.62042,5.49181],[-9.62097,5.49181],[-9.62097,5.49208],[-9.62125,5.49208],[-9.62125,5.49236],[-9.62153,5.49236],[-9.62153,5.49264],[-9.62181,5.49264],[-9.62181,5.49292],[-9.62236,5.49292],[-9.62236,5.4932],[-9.62347,5.4932],[-9.62347,5.49347],[-9.6239,5.49347],[-9.6239,5.50271],[-9.60964,5.50271],[-9.60964,5.48845]]]},"properties":{"region":"River Cess","district":"Timbo","floods_1m":1,"floods_2m":1,"floods_3m":1,"first_flood_m":1,"nests":true}},{"type":"Feature","geometry":{"type":"Polygon","coordinates":[[[-9.59539,5.48845],[-9.60964,5.48845],[-9.60964,5.50271],[-9.59539,5.50271],[-9.59539,5.48845]]]},"properties":{"region":"River Cess","district":"Timbo","floods_1m":0,"floods_2m":1,"floods_3m":0,"first_flood_m":2,"nests":false}},{"type":"Feature","geometry":{"type":"Polygon","coordinates":[[[-9.50984,5.38903],[-9.50986,5.38903],[-9.50986,5.38931],[-9.51042,5.38931],[-9.51042,5.38986],[-9.51069,5.38986],[-9.51069,5.39014],[-9.51097,5.39014],[-9.51097,5.39042],[-9.5111,5.39042],[-9.51125,5.39042],[-9.51125,5.39054],[-9.51125,5.3907],[-9.51145,5.3907],[-9.51236,5.3907],[-9.51236,5.39125],[-9.51264,5.39125],[-9.51264,5.39153],[-9.51319,5.39153],[-9.51319,5.39208],[-9.51403,5.39208],[-9.51403,5.39236],[-9.51431,5.39236],[-9.51431,5.39264],[-9.51514,5.39264],[-9.51514,5.39292],[-9.51542,5.39292],[-9.51542,5.3932],[-9.51569,5.3932],[-9.51569,5.39347],[-9.51625,5.39347],[-9.51625,5.39375],[-9.51653,5.39375],[-9.51653,5.39403],[-9.51681,5.39403],[-9.51681,5.39431],[-9.51708,5.39431],[-9.51708,5.39458],[-9.51736,5.39458],[-9.51736,5.39486],[-9.51764,5.39486],[-9.51764,5.39514],[-9.51819,5.39514],[-9.51819,5.39542],[-9.51875,5.39542],[-9.51875,5.39569],[-9.51958,5.39569],[-9.51958,5.39625],[-9.51986,5.39625],[-9.51986,5.3968],[-9.52042,5.3968],[-9.52042,5.39708],[-9.52069,5.39708],[-9.52069,5.39736],[-9.52125,5.39736],[-9.52125,5.39764],[-9.52208,5.39764],[-9.52208,5.39819],[-9.52264,5.39819],[-9.52264,5.39847],[-9.52292,5.39847],[-9.52292,5.39875],[-9.5232,5.39875],[-9.5232,5.39903],[-9.52347,5.39903],[-9.52347,5.3993],[-9.52347,5.39958],[-9.52375,5.39958],[-9.52375,5.39986],[-9.5241,5.39986],[-9.5241,5.4029],[-9.50984,5.4029],[-9.50984,5.38903]]]},"properties":{"region":"River Cess","district":"Timbo","floods_1m":1,"floods_2m":1,"floods_3m":1,"first_flood_m":1,"nests":true}},{"type":"Feature","geometry":{"type":"Polygon","coordinates":[[[-9.5241,5.47419],[-9.53835,5.47419],[-9.53835,5.48845],[-9.5241,5.48845],[-9.5241,5.47419]]]},"properties":{"region":"River Cess","district":"Timbo","floods_1m":0,"floods_2m":1,"floods_3m":0,"first_flood_m":2,"nests":false}},{"type":"Feature","geometry":{"type":"Polygon","coordinates":[[[-9.72371,5.574],[-9.72792,5.574],[-9.72792,5.57458],[-9.72819,5.57458],[-9.72819,5.57514],[-9.72875,5.57514],[-9.72875,5.57597],[-9.72903,5.57597],[-9.72903,5.57653],[-9.72931,5.57653],[-9.72931,5.57708],[-9.72958,5.57708],[-9.72958,5.57764],[-9.72986,5.57764],[-9.72986,5.5782],[-9.73014,5.5782],[-9.73014,5.57875],[-9.73042,5.57875],[-9.73042,5.57931],[-9.73069,5.57931],[-9.73069,5.58014],[-9.73097,5.58014],[-9.73097,5.5807],[-9.73125,5.5807],[-9.73125,5.58181],[-9.73153,5.58181],[-9.73153,5.58208],[-9.73181,5.58208],[-9.73181,5.58569],[-9.73153,5.58569],[-9.73153,5.58625],[-9.73181,5.58625],[-9.73181,5.58687],[-9.73181,5.58708],[-9.73208,5.58708],[-9.73208,5.58764],[-9.73181,5.58764],[-9.73181,5.58819],[-9.73153,5.58819],[-9.73153,5.58826],[-9.72371,5.58826],[-9.72371,5.574]]]},"properties":{"region":"River Cess","district":"Timbo","floods_1m":1,"floods_2m":1,"floods_3m":1,"first_flood_m":1,"nests":true}},{"type":"Feature","geometry":{"type":"Polygon","coordinates":[[[-9.65242,5.51697],[-9.65625,5.51697],[-9.65625,5.51708],[-9.65681,5.51708],[-9.65681,5.51736],[-9.65708,5.51736],[-9.65708,5.51764],[-9.65736,5.51764],[-9.65736,5.51792],[-9.65764,5.51792],[-9.65764,5.51819],[-9.65792,5.51819],[-9.65792,5.51847],[-9.65847,5.51847],[-9.65847,5.51875],[-9.65903,5.51875],[-9.65903,5.51903],[-9.6593,5.51903],[-9.6593,5.51931],[-9.6607,5.51931],[-9.6607,5.51958],[-9.66125,5.51958],[-9.66125,5.51931],[-9.66153,5.51931],[-9.66153,5.51958],[-9.66208,5.51958],[-9.66208,5.51986],[-9.66264,5.51986],[-9.66264,5.5207],[-9.66292,5.5207],[-9.66292,5.52125],[-9.66347,5.52125],[-9.66347,5.52236],[-9.66375,5.52236],[-9.66375,5.52264],[-9.66486,5.52264],[-9.66486,5.52292],[-9.66542,5.52292],[-9.66542,5.52319],[-9.66569,5.52319],[-9.66569,5.52347],[-9.66597,5.52347],[-9.66597,5.52375],[-9.66625,5.52375],[-9.66625,5.52403],[-9.66653,5.52403],[-9.66653,5.5243],[-9.66668,5.5243],[-9.66668,5.53122],[-9.65242,5.53122],[-9.65242,5.51697]]]},"properties":{"region":"River Cess","district":"Timbo","floods_1m":1,"floods_2m":1,"floods_3m":1,"first_flood_m":1,"nests":true}},{"type":"Feature","geometry":{"type":"MultiPolygon","coordinates":[[[[-9.48132,5.37439],[-9.49209,5.37439],[-9.49209,5.37458],[-9.49153,5.37458],[-9.49153,5.37486],[-9.49097,5.37486],[-9.49097,5.37514],[-9.49069,5.37514],[-9.49069,5.37569],[-9.49042,5.37569],[-9.49042,5.37597],[-9.49014,5.37597],[-9.49014,5.37625],[-9.48986,5.37625],[-9.48986,5.37681],[-9.48958,5.37681],[-9.48958,5.37708],[-9.48903,5.37708],[-9.48903,5.37681],[-9.48708,5.37681],[-9.48708,5.37708],[-9.48681,5.37708],[-9.48681,5.37764],[-9.48708,5.37764],[-9.48708,5.37792],[-9.48736,5.37792],[-9.48736,5.37764],[-9.48819,5.37764],[-9.48819,5.37736],[-9.48847,5.37736],[-9.48847,5.37764],[-9.48903,5.37764],[-9.48903,5.37792],[-9.48958,5.37792],[-9.48958,5.37764],[-9.49014,5.37764],[-9.49014,5.37736],[-9.49042,5.37736],[-9.49042,5.37681],[-9.49069,5.37681],[-9.49069,5.37653],[-9.49097,5.37653],[-9.49097,5.37625],[-9.49125,5.37625],[-9.49125,5.37597],[-9.49181,5.37597],[-9.49181,5.37569],[-9.49209,5.37569],[-9.49209,5.37542],[-9.49236,5.37542],[-9.49236,5.37514],[-9.49318,5.37514],[-9.49375,5.37514],[-9.49375,5.37585],[-9.49375,5.37597],[-9.49385,5.37597],[-9.49403,5.37597],[-9.49403,5.37619],[-9.49403,5.37653],[-9.49431,5.37653],[-9.49431,5.37792],[-9.49458,5.37792],[-9.49458,5.37875],[-9.49486,5.37875],[-9.49486,5.37958],[-9.49514,5.37958],[-9.49514,5.38014],[-9.49542,5.38014],[-9.49542,5.38042],[-9.49558,5.38042],[-9.49558,5.38864],[-9.48132,5.38864],[-9.48132,5.37439]]],[[[-9.49403,5.37439],[-9.49486,5.37439],[-9.49486,5.37458],[-9.49514,5.37458],[-9.49514,5.37486],[-9.49558,5.37486],[-9.49558,5.37736],[-9.49542,5.37736],[-9.49542,5.37708],[-9.49514,5.37708],[-9.49514,5.37653],[-9.49486,5.37653],[-9.49486,5.37569],[-9.49458,5.37569],[-9.49458,5.37486],[-9.49431,5.37486],[-9.49431,5.37458],[-9.49403,5.37458],[-9.49403,5.37439]]]]},"properties":{"region":"River Cess","district":"Timbo","floods_1m":1,"floods_2m":1,"floods_3m":1,"first_flood_m":1,"nests":true}},{"type":"Feature","geometry":{"type":"Polygon","coordinates":[[[-9.56687,5.44568],[-9.58113,5.44568],[-9.58113,5.45993],[-9.56687,5.45993],[-9.56687,5.44568]]]},"properties":{"region":"River Cess","district":"Timbo","floods_1m":1,"floods_2m":1,"floods_3m":1,"first_flood_m":1,"nests":true}},{"type":"Feature","geometry":{"type":"Polygon","coordinates":[[[-9.58113,5.44568],[-9.58458,5.44568],[-9.58458,5.44569],[-9.5843,5.44569],[-9.5843,5.44625],[-9.58403,5.44625],[-9.58403,5.44653],[-9.58375,5.44653],[-9.58375,5.44708],[-9.58347,5.44708],[-9.58347,5.44764],[-9.58319,5.44764],[-9.58319,5.44819],[-9.58292,5.44819],[-9.58292,5.44875],[-9.58264,5.44875],[-9.58264,5.4507],[-9.58292,5.4507],[-9.58292,5.45097],[-9.58264,5.45097],[-9.58264,5.45125],[-9.58208,5.45125],[-9.58208,5.45153],[-9.58236,5.45153],[-9.58236,5.45264],[-9.58264,5.45264],[-9.58264,5.45333],[-9.58264,5.45458],[-9.58292,5.45458],[-9.58292,5.45514],[-9.58319,5.45514],[-9.58319,5.45653],[-9.58347,5.45653],[-9.58347,5.45681],[-9.58375,5.45681],[-9.58375,5.45819],[-9.58347,5.45819],[-9.58347,5.45903],[-9.58319,5.45903],[-9.58319,5.45993],[-9.58113,5.45993],[-9.58113,5.44568]]]},"properties":{"region":"River Cess","district":"Timbo","floods_1m":1,"floods_2m":1,"floods_3m":1,"first_flood_m":1,"nests":true}},{"type":"Feature","geometry":{"type":"Polygon","coordinates":[[[-9.65242,5.51264],[-9.65264,5.51264],[-9.65264,5.51319],[-9.65319,5.51319],[-9.65319,5.51347],[-9.65347,5.51347],[-9.65347,5.51375],[-9.65403,5.51375],[-9.65403,5.51403],[-9.65486,5.51403],[-9.65486,5.51431],[-9.65542,5.51431],[-9.65542,5.51458],[-9.65569,5.51458],[-9.65569,5.51486],[-9.65597,5.51486],[-9.65597,5.51653],[-9.65625,5.51653],[-9.65625,5.51697],[-9.65242,5.51697],[-9.65242,5.51264]]]},"properties":{"region":"River Cess","district":"Timbo","floods_1m":1,"floods_2m":1,"floods_3m":1,"first_flood_m":1,"nests":true}},{"type":"Feature","geometry":{"type":"MultiPolygon","coordinates":[[[[-9.49558,5.38042],[-9.4957,5.38042],[-9.4957,5.38069],[-9.49625,5.38069],[-9.49625,5.38097],[-9.49708,5.38097],[-9.49708,5.38125],[-9.49736,5.38125],[-9.49736,5.38181],[-9.49792,5.38181],[-9.49792,5.38236],[-9.49847,5.38236],[-9.49847,5.38264],[-9.49875,5.38264],[-9.49875,5.38292],[-9.4993,5.38292],[-9.4993,5.38319],[-9.49986,5.38319],[-9.49986,5.38347],[-9.50208,5.38347],[-9.50208,5.38375],[-9.50236,5.38375],[-9.50236,5.38403],[-9.50264,5.38403],[-9.50264,5.38458],[-9.50292,5.38458],[-9.50292,5.38486],[-9.50347,5.38486],[-9.50347,5.38542],[-9.50403,5.38542],[-9.50403,5.38569],[-9.5043,5.38569],[-9.5043,5.38597],[-9.50486,5.38597],[-9.50486,5.38625],[-9.50514,5.38625],[-9.50514,5.38653],[-9.50569,5.38653],[-9.50569,5.38681],[-9.50625,5.38681],[-9.50625,5.38736],[-9.50681,5.38736],[-9.50681,5.38764],[-9.50708,5.38764],[-9.50708,5.38792],[-9.50764,5.38792],[-9.50764,5.3882],[-9.50791,5.3882],[-9.50791,5.38847],[-9.50819,5.38847],[-9.50819,5.38864],[-9.49558,5.38864],[-9.49558,5.38042]]],[[[-9.49558,5.37736],[-9.49558,5.37486],[-9.4957,5.37486],[-9.4957,5.37514],[-9.49597,5.37514],[-9.49597,5.37569],[-9.49625,5.37569],[-9.49625,5.37597],[-9.49653,5.37597],[-9.49653,5.37625],[-9.49681,5.37625],[-9.49681,5.37653],[-9.49736,5.37653],[-9.49736,5.37681],[-9.49764,5.37681],[-9.49764,5.37736],[-9.49792,5.37736],[-9.49792,5.37792],[-9.49819,5.37792],[-9.49819,5.37819],[-9.49875,5.37819],[-9.49875,5.37875],[-9.49903,5.37875],[-9.49903,5.37903],[-9.49958,5.37903],[-9.49958,5.37958],[-9.49986,5.37958],[-9.49986,5.37986],[-9.50014,5.37986],[-9.50014,5.38014],[-9.50042,5.38014],[-9.50042,5.38042],[-9.50097,5.38042],[-9.50097,5.38097],[-9.50125,5.38097],[-9.50125,5.38181],[-9.5,5.38181],[-9.49958,5.38181],[-9.49958,5.38153],[-9.4993,5.38153],[-9.4993,5.38125],[-9.49903,5.38125],[-9.49899,5.38103],[-9.49891,5.38097],[-9.49875,5.38097],[-9.49875,5.38084],[-9.49875,5.38069],[-9.49856,5.38069],[-9.49847,5.38069],[-9.49847,5.38042],[-9.49819,5.38042],[-9.49819,5.38014],[-9.49785,5.38014],[-9.49764,5.38014],[-9.49764,5.37998],[-9.49764,5.37958],[-9.49736,5.37958],[-9.49736,5.37931],[-9.49708,5.37931],[-9.49708,5.37903],[-9.49681,5.37903],[-9.49681,5.37875],[-9.49653,5.37875],[-9.49653,5.37847],[-9.49625,5.37847],[-9.49625,5.37819],[-9.49597,5.37819],[-9.49597,5.37792],[-9.4957,5.37792],[-9.4957,5.37736],[-9.49558,5.37736]]]]},"properties":{"region":"River Cess","district":"Timbo","floods_1m":1,"floods_2m":1,"floods_3m":1,"first_flood_m":1,"nests":true}},{"type":"Feature","geometry":{"type":"Polygon","coordinates":[[[-9.53835,5.41042],[-9.53903,5.41042],[-9.53903,5.41097],[-9.53958,5.41097],[-9.53958,5.41125],[-9.54014,5.41125],[-9.54014,5.41153],[-9.54069,5.41153],[-9.54069,5.41181],[-9.54097,5.41181],[-9.54097,5.41208],[-9.54125,5.41208],[-9.54125,5.41236],[-9.54153,5.41236],[-9.54153,5.41264],[-9.54208,5.41264],[-9.54208,5.41292],[-9.54292,5.41292],[-9.54292,5.41264],[-9.54319,5.41264],[-9.54319,5.4132],[-9.54375,5.4132],[-9.54375,5.41375],[-9.54403,5.41375],[-9.54403,5.41403],[-9.54431,5.41403],[-9.54431,5.41431],[-9.54486,5.41431],[-9.54486,5.41458],[-9.54514,5.41458],[-9.54514,5.41486],[-9.54569,5.41486],[-9.54569,5.41514],[-9.54597,5.41514],[-9.54597,5.41542],[-9.54653,5.41542],[-9.54653,5.4157],[-9.54736,5.4157],[-9.54736,5.41597],[-9.54792,5.41597],[-9.54792,5.41625],[-9.54819,5.41625],[-9.54819,5.41653],[-9.54875,5.41653],[-9.54875,5.4168],[-9.54931,5.4168],[-9.54931,5.41708],[-9.55014,5.41708],[-9.55014,5.41716],[-9.53835,5.41716],[-9.53835,5.41042]]]},"properties":{"region":"River Cess","district":"Timbo","floods_1m":1,"floods_2m":1,"floods_3m":1,"first_flood_m":1,"nests":true}},{"type":"Feature","geometry":{"type":"Polygon","coordinates":[[[-7.61353,4.35542],[-7.61597,4.35542],[-7.61597,4.35514],[-7.61625,4.35514],[-7.61625,4.35403],[-7.61653,4.35403],[-7.61653,4.35375],[-7.61681,4.35375],[-7.61681,4.35347],[-7.61708,4.35347],[-7.61708,4.35319],[-7.6182,4.35319],[-7.6182,4.35292],[-7.61847,4.35292],[-7.61847,4.35347],[-7.6182,4.35347],[-7.6182,4.35403],[-7.61764,4.35403],[-7.61764,4.35431],[-7.61736,4.35431],[-7.61736,4.35458],[-7.61708,4.35458],[-7.61708,4.35542],[-7.61736,4.35542],[-7.61736,4.35597],[-7.61764,4.35597],[-7.61764,4.35625],[-7.61792,4.35625],[-7.61792,4.35653],[-7.6182,4.35653],[-7.6182,4.35708],[-7.61847,4.35708],[-7.61847,4.35764],[-7.61875,4.35764],[-7.61875,4.35819],[-7.61903,4.35819],[-7.61903,4.35847],[-7.61958,4.35847],[-7.61958,4.35875],[-7.61986,4.35875],[-7.61986,4.35903],[-7.62014,4.35903],[-7.62014,4.35931],[-7.6207,4.35931],[-7.6207,4.35958],[-7.62097,4.35958],[-7.62097,4.35986],[-7.62153,4.35986],[-7.62153,4.36014],[-7.62181,4.36014],[-7.62181,4.36042],[-7.62236,4.36042],[-7.62236,4.36069],[-7.62292,4.36069],[-7.62292,4.36097],[-7.62375,4.36097],[-7.62375,4.36125],[-7.62403,4.36125],[-7.62403,4.36153],[-7.62486,4.36153],[-7.62486,4.36181],[-7.62569,4.36181],[-7.62569,4.36207],[-7.61353,4.36207],[-7.61353,4.35542]]]},"properties":{"region":"Maryland","district":"Pleebo/Sodeken","floods_1m":1,"floods_2m":1,"floods_3m":1,"first_flood_m":1,"nests":true}},{"type":"Feature","geometry":{"type":"Polygon","coordinates":[[[-7.57075,4.36125],[-7.57153,4.36125],[-7.57153,4.36097],[-7.57181,4.36097],[-7.57181,4.36125],[-7.57264,4.36125],[-7.57264,4.36097],[-7.57347,4.36097],[-7.57347,4.36069],[-7.57458,4.36069],[-7.57458,4.36097],[-7.57514,4.36097],[-7.57514,4.36125],[-7.57597,4.36125],[-7.57597,4.36097],[-7.58042,4.36097],[-7.58042,4.36069],[-7.58069,4.36069],[-7.58069,4.36097],[-7.58236,4.36097],[-7.58236,4.36125],[-7.58292,4.36125],[-7.58292,4.36097],[-7.58347,4.36097],[-7.58347,4.36125],[-7.58403,4.36125],[-7.58403,4.36097],[-7.58458,4.36097],[-7.58458,4.36125],[-7.58486,4.36125],[-7.58486,4.36097],[-7.58501,4.36097],[-7.58501,4.36207],[-7.57075,4.36207],[-7.57075,4.36125]]]},"properties":{"region":"Maryland","district":"Pleebo/Sodeken","floods_1m":1,"floods_2m":1,"floods_3m":1,"first_flood_m":1,"nests":true}},{"type":"Feature","geometry":{"type":"Polygon","coordinates":[[[-9.80926,5.64529],[-9.81681,5.64529],[-9.81681,5.64569],[-9.81708,5.64569],[-9.81708,5.64653],[-9.81736,5.64653],[-9.81736,5.64708],[-9.81764,5.64708],[-9.81764,5.64736],[-9.81792,5.64736],[-9.81792,5.64764],[-9.8182,5.64764],[-9.8182,5.64792],[-9.81847,5.64792],[-9.81847,5.64847],[-9.81931,5.64847],[-9.81931,5.64875],[-9.81958,5.64875],[-9.81958,5.64903],[-9.81986,5.64903],[-9.81986,5.64931],[-9.82014,5.64931],[-9.82014,5.64958],[-9.82069,5.64958],[-9.82069,5.64986],[-9.82097,5.64986],[-9.82097,5.65042],[-9.82153,5.65042],[-9.82153,5.65069],[-9.82181,5.65069],[-9.82181,5.65097],[-9.82208,5.65097],[-9.82208,5.65153],[-9.82236,5.65153],[-9.82236,5.65181],[-9.82264,5.65181],[-9.82264,5.65208],[-9.82292,5.65208],[-9.82292,5.65236],[-9.82347,5.65236],[-9.82347,5.65264],[-9.82351,5.65264],[-9.82351,5.65955],[-9.80926,5.65955],[-9.80926,5.64529]]]},"properties":{"region":"GrandBassa","district":"District # 4","floods_1m":1,"floods_2m":1,"floods_3m":1,"first_flood_m":1,"nests":true}},{"type":"Feature","geometry":{"type":"Polygon","coordinates":[[[-7.68482,4.36958],[-7.68486,4.36958],[-7.68486,4.36931],[-7.68542,4.36931],[-7.68542,4.36958],[-7.68653,4.36958],[-7.68653,4.36931],[-7.68736,4.36931],[-7.68736,4.36958],[-7.68847,4.36958],[-7.68847,4.36986],[-7.68903,4.36986],[-7.68903,4.37014],[-7.68931,4.37014],[-7.68931,4.36986],[-7.69097,4.36986],[-7.69097,4.37014],[-7.69153,4.37014],[-7.69153,4.36986],[-7.69264,4.36986],[-7.69264,4.37014],[-7.69458,4.37014],[-7.69458,4.37042],[-7.69597,4.37042],[-7.69597,4.3707],[-7.69792,4.3707],[-7.69792,4.37097],[-7.69903,4.37097],[-7.69903,4.3707],[-7.69907,4.3707],[-7.69907,4.37633],[-7.68482,4.37633],[-7.68482,4.36958]]]},"properties":{"region":"Maryland","district":"Pleebo/Sodeken","floods_1m":1,"floods_2m":1,"floods_3m":1,"first_flood_m":1,"nests":true}},{"type":"Feature","geometry":{"type":"Polygon","coordinates":[[[-9.795,5.62236],[-9.79514,5.62236],[-9.79514,5.62264],[-9.79542,5.62264],[-9.79542,5.62292],[-9.79625,5.62292],[-9.79625,5.62319],[-9.79653,5.62319],[-9.79653,5.62375],[-9.79681,5.62375],[-9.79681,5.62431],[-9.79708,5.62431],[-9.79708,5.62486],[-9.79736,5.62486],[-9.79736,5.62542],[-9.79764,5.62542],[-9.79764,5.62569],[-9.79819,5.62569],[-9.79819,5.62653],[-9.79847,5.62653],[-9.79847,5.62681],[-9.79875,5.62681],[-9.79875,5.62708],[-9.79903,5.62708],[-9.79903,5.62736],[-9.7993,5.62736],[-9.7993,5.62819],[-9.79958,5.62819],[-9.79958,5.62847],[-9.79986,5.62847],[-9.79986,5.62875],[-9.80014,5.62875],[-9.80014,5.62903],[-9.80097,5.62903],[-9.80097,5.6293],[-9.80125,5.6293],[-9.80125,5.62958],[-9.80153,5.62963],[-9.80153,5.62986],[-9.8018,5.62986],[-9.8018,5.63014],[-9.80236,5.63014],[-9.80236,5.63069],[-9.80291,5.63069],[-9.80291,5.63103],[-9.795,5.63103],[-9.795,5.62236]]]},"properties":{"region":"GrandBassa","district":"District # 4","floods_1m":1,"floods_2m":1,"floods_3m":1,"first_flood_m":1,"nests":true}},{"type":"Feature","geometry":{"type":"Polygon","coordinates":[[[-7.81314,4.46187],[-7.82014,4.46187],[-7.82014,4.46208],[-7.82042,4.46208],[-7.82042,4.46236],[-7.82153,4.46236],[-7.82153,4.46264],[-7.82208,4.46264],[-7.82208,4.46236],[-7.82236,4.46236],[-7.82236,4.46187],[-7.8274,4.46187],[-7.8274,4.47613],[-7.81314,4.47613],[-7.81314,4.46187]]]},"properties":{"region":"GrandKru","district":"Lower Kru Coast","floods_1m":1,"floods_2m":1,"floods_3m":1,"first_flood_m":1,"nests":true}},{"type":"Feature","geometry":{"type":"Polygon","coordinates":[[[-7.67056,4.37633],[-7.68482,4.37633],[-7.68482,4.39058],[-7.67056,4.39058],[-7.67056,4.37633]]]},"properties":{"region":"Maryland","district":"Pleebo/Sodeken","floods_1m":1,"floods_2m":1,"floods_3m":1,"first_flood_m":1,"nests":true}},{"type":"Feature","geometry":{"type":"Polygon","coordinates":[[[-7.96998,4.51891],[-7.98042,4.51891],[-7.98042,4.51903],[-7.98181,4.51903],[-7.98181,4.51931],[-7.98292,4.51931],[-7.98292,4.51958],[-7.98403,4.51958],[-7.98403,4.51986],[-7.98423,4.51986],[-7.98423,4.53316],[-7.96998,4.53316],[-7.96998,4.51891]]]},"properties":{"region":"GrandKru","district":"Lower Kru Coast","floods_1m":0,"floods_2m":1,"floods_3m":0,"first_flood_m":2,"nests":false}},{"type":"Feature","geometry":{"type":"Polygon","coordinates":[[[-7.95572,4.51181],[-7.95597,4.51181],[-7.95597,4.51208],[-7.95708,4.51208],[-7.95708,4.51236],[-7.95819,4.51236],[-7.95819,4.51264],[-7.95931,4.51264],[-7.95931,4.51292],[-7.96014,4.51292],[-7.96014,4.51319],[-7.96125,4.51319],[-7.96125,4.51347],[-7.96208,4.51347],[-7.96208,4.51375],[-7.96264,4.51375],[-7.96264,4.51403],[-7.96319,4.51403],[-7.96319,4.51431],[-7.96347,4.51431],[-7.96347,4.51458],[-7.96403,4.51458],[-7.96403,4.51486],[-7.96486,4.51486],[-7.96486,4.51514],[-7.9668,4.51514],[-7.9668,4.51542],[-7.96819,4.51542],[-7.96819,4.51569],[-7.96903,4.51569],[-7.96903,4.51597],[-7.96958,4.51597],[-7.96958,4.51625],[-7.96998,4.51625],[-7.96998,4.51891],[-7.95572,4.51891],[-7.95572,4.51181]]]},"properties":{"region":"GrandKru","district":"Lower Kru Coast","floods_1m":1,"floods_2m":1,"floods_3m":1,"first_flood_m":1,"nests":true}},{"type":"Feature","geometry":{"type":"Polygon","coordinates":[[[-7.68482,4.39058],[-7.69907,4.39058],[-7.69907,4.40484],[-7.68482,4.40484],[-7.68482,4.39058]]]},"properties":{"region":"Maryland","district":"Pleebo/Sodeken","floods_1m":0,"floods_2m":1,"floods_3m":0,"first_flood_m":2,"nests":false}},{"type":"Feature","geometry":{"type":"MultiPolygon","coordinates":[[[[-7.9272,4.49264],[-7.92792,4.49264],[-7.92792,4.49292],[-7.92875,4.49292],[-7.92875,4.49319],[-7.92931,4.49319],[-7.92931,4.49347],[-7.92958,4.49347],[-7.92958,4.49375],[-7.93042,4.49375],[-7.93042,4.49403],[-7.93153,4.49403],[-7.93153,4.49431],[-7.93236,4.49431],[-7.93236,4.49458],[-7.93375,4.49458],[-7.93375,4.49486],[-7.93514,4.49486],[-7.93514,4.49514],[-7.93708,4.49514],[-7.93708,4.49542],[-7.93736,4.49542],[-7.93736,4.49569],[-7.93847,4.49569],[-7.93847,4.49542],[-7.93986,4.49542],[-7.93986,4.49569],[-7.94014,4.49569],[-7.94014,4.49625],[-7.93986,4.49625],[-7.93986,4.49681],[-7.93958,4.49681],[-7.93958,4.49764],[-7.9393,4.49764],[-7.9393,4.49792],[-7.93875,4.49792],[-7.93875,4.4982],[-7.93857,4.4982],[-7.9382,4.4982],[-7.9382,4.49847],[-7.93792,4.49847],[-7.93792,4.49875],[-7.9368,4.49875],[-7.9368,4.49903],[-7.93653,4.49903],[-7.93653,4.49986],[-7.93625,4.49986],[-7.93625,4.50042],[-7.93597,4.50042],[-7.93597,4.5007],[-7.93542,4.5007],[-7.93542,4.50097],[-7.93514,4.50097],[-7.93514,4.50125],[-7.93486,4.50125],[-7.93486,4.50153],[-7.93458,4.50153],[-7.93458,4.5018],[-7.93431,4.5018],[-7.93431,4.50264],[-7.93458,4.50264],[-7.93458,4.50292],[-7.93486,4.50292],[-7.93486,4.50319],[-7.93514,4.50319],[-7.93514,4.50347],[-7.93542,4.50347],[-7.93542,4.50375],[-7.93597,4.50375],[-7.93597,4.50403],[-7.93653,4.50403],[-7.93653,4.5043],[-7.93792,4.5043],[-7.93792,4.50403],[-7.93986,4.50403],[-7.93986,4.5043],[-7.94014,4.5043],[-7.94014,4.50465],[-7.9272,4.50465],[-7.9272,4.49264]]],[[[-7.94146,4.50292],[-7.94146,4.50465],[-7.94097,4.50465],[-7.94097,4.5043],[-7.94069,4.5043],[-7.94069,4.50403],[-7.94042,4.50403],[-7.94042,4.50375],[-7.94014,4.50375],[-7.94014,4.50347],[-7.93986,4.50347],[-7.93986,4.50319],[-7.93847,4.50319],[-7.93847,4.50292],[-7.93764,4.50292],[-7.93764,4.50264],[-7.93625,4.50264],[-7.93625,4.50292],[-7.9357,4.50292],[-7.9357,4.50153],[-7.93597,4.50153],[-7.93597,4.50125],[-7.93792,4.50125],[-7.93792,4.50097],[-7.9382,4.50097],[-7.9382,4.50042],[-7.93847,4.50042],[-7.93847,4.49931],[-7.93913,4.49931],[-7.9393,4.49931],[-7.9393,4.49958],[-7.93958,4.49958],[-7.93958,4.50014],[-7.93986,4.50014],[-7.93986,4.50042],[-7.94014,4.50042],[-7.94014,4.50079],[-7.94014,4.50097],[-7.94042,4.50097],[-7.94042,4.5018],[-7.94069,4.5018],[-7.94069,4.50208],[-7.94097,4.50208],[-7.94097,4.50264],[-7.94125,4.50264],[-7.94125,4.50292],[-7.94146,4.50292]]]]},"properties":{"region":"GrandKru","district":"Lower Kru Coast","floods_1m":1,"floods_2m":1,"floods_3m":1,"first_flood_m":1,"nests":true}},{"type":"Feature","geometry":{"type":"Polygon","coordinates":[[[-7.84165,4.46153],[-7.84181,4.46153],[-7.84181,4.46181],[-7.84236,4.46181],[-7.84236,4.46187],[-7.84165,4.46187],[-7.84165,4.46153]]]},"properties":{"region":"GrandKru","district":"Lower Kru Coast","floods_1m":1,"floods_2m":1,"floods_3m":1,"first_flood_m":1,"nests":true}},{"type":"Feature","geometry":{"type":"Polygon","coordinates":[[[-9.82351,5.65955],[-9.83153,5.65955],[-9.83153,5.65986],[-9.83208,5.65986],[-9.83208,5.66014],[-9.83236,5.66014],[-9.83236,5.66042],[-9.83264,5.66042],[-9.83264,5.6607],[-9.83292,5.6607],[-9.83292,5.66097],[-9.83319,5.66097],[-9.83319,5.66125],[-9.83347,5.66125],[-9.83347,5.66153],[-9.83375,5.66153],[-9.83375,5.66208],[-9.83403,5.66208],[-9.83403,5.66264],[-9.83431,5.66264],[-9.83431,5.6632],[-9.83458,5.6632],[-9.83458,5.66347],[-9.83486,5.66347],[-9.83486,5.66375],[-9.83569,5.66375],[-9.83569,5.66431],[-9.83597,5.66431],[-9.83597,5.66458],[-9.83625,5.66458],[-9.83625,5.66486],[-9.83653,5.66486],[-9.83653,5.66514],[-9.83736,5.66514],[-9.83736,5.66542],[-9.83777,5.66542],[-9.83777,5.6668],[-9.83764,5.6668],[-9.83764,5.66736],[-9.83736,5.66736],[-9.83736,5.66764],[-9.83764,5.66764],[-9.83764,5.66792],[-9.83777,5.66792],[-9.83777,5.6738],[-9.82351,5.6738],[-9.82351,5.65955]]]},"properties":{"region":"GrandBassa","district":"District # 4","floods_1m":1,"floods_2m":1,"floods_3m":1,"first_flood_m":1,"nests":true}},{"type":"Feature","geometry":{"type":"Polygon","coordinates":[[[-7.58501,4.37633],[-7.59927,4.37633],[-7.59927,4.39058],[-7.58501,4.39058],[-7.58501,4.37633]]]},"properties":{"region":"Maryland","district":"Pleebo/Sodeken","floods_1m":0,"floods_2m":1,"floods_3m":0,"first_flood_m":2,"nests":false}},{"type":"Feature","geometry":{"type":"Polygon","coordinates":[[[-7.91294,4.50465],[-7.9272,4.50465],[-7.9272,4.51891],[-7.91294,4.51891],[-7.91294,4.50465]]]},"properties":{"region":"GrandKru","district":"Lower Kru Coast","floods_1m":1,"floods_2m":1,"floods_3m":1,"first_flood_m":1,"nests":true}},{"type":"Feature","geometry":{"type":"Polygon","coordinates":[[[-7.8274,4.47613],[-7.84165,4.47613],[-7.84165,4.49039],[-7.8274,4.49039],[-7.8274,4.47613]]]},"properties":{"region":"GrandKru","district":"Lower Kru Coast","floods_1m":1,"floods_2m":1,"floods_3m":1,"first_flood_m":1,"nests":true}},{"type":"Feature","geometry":{"type":"MultiPolygon","coordinates":[[[[-7.55649,4.402],[-7.55649,4.40484],[-7.55532,4.40484],[-7.55649,4.402]]],[[[-7.55566,4.39058],[-7.55649,4.39058],[-7.55649,4.39197],[-7.55566,4.39058]]]]},"properties":{"region":"Maryland","district":"Pleebo/Sodeken","floods_1m":0,"floods_2m":0,"floods_3m":1,"first_flood_m":3,"nests":true}},{"type":"Feature","geometry":{"type":"Polygon","coordinates":[[[-9.86629,5.70208],[-9.86653,5.70208],[-9.86653,5.70232],[-9.86629,5.70232],[-9.86629,5.70208]]]},"properties":{"region":"GrandBassa","district":"District # 4","floods_1m":1,"floods_2m":1,"floods_3m":1,"first_flood_m":1,"nests":true}},{"type":"Feature","geometry":{"type":"Polygon","coordinates":[[[-9.93758,5.75319],[-9.93764,5.75319],[-9.93764,5.75347],[-9.93819,5.75347],[-9.93819,5.75403],[-9.93847,5.75403],[-9.93847,5.75458],[-9.93875,5.75458],[-9.93875,5.75514],[-9.93903,5.75514],[-9.93903,5.75569],[-9.93931,5.75569],[-9.93931,5.75597],[-9.93986,5.75597],[-9.93986,5.75625],[-9.94014,5.75625],[-9.94014,5.75681],[-9.94069,5.75681],[-9.94069,5.75736],[-9.94125,5.75736],[-9.94125,5.75764],[-9.94153,5.75764],[-9.94153,5.75792],[-9.94181,5.75792],[-9.94181,5.75819],[-9.94208,5.75819],[-9.94208,5.75847],[-9.94236,5.75847],[-9.94236,5.75875],[-9.94264,5.75875],[-9.94264,5.75903],[-9.94292,5.75903],[-9.94292,5.75931],[-9.94347,5.75931],[-9.94347,5.75935],[-9.93758,5.75935],[-9.93758,5.75319]]]},"properties":{"region":"GrandBassa","district":"District # 4","floods_1m":1,"floods_2m":1,"floods_3m":1,"first_flood_m":1,"nests":true}},{"type":"Feature","geometry":{"type":"Polygon","coordinates":[[[-9.8948,5.71736],[-9.89514,5.71736],[-9.89514,5.71764],[-9.89542,5.71764],[-9.89542,5.71792],[-9.89569,5.71792],[-9.89569,5.71819],[-9.89625,5.71819],[-9.89625,5.71792],[-9.89681,5.71792],[-9.89681,5.71819],[-9.89736,5.71819],[-9.89736,5.71847],[-9.89777,5.71847],[-9.89792,5.71847],[-9.89792,5.71875],[-9.8982,5.71875],[-9.8982,5.71903],[-9.89875,5.71903],[-9.89875,5.71931],[-9.89916,5.71931],[-9.89931,5.71931],[-9.89931,5.71958],[-9.89958,5.71958],[-9.89958,5.71986],[-9.89931,5.71986],[-9.89931,5.7207],[-9.89903,5.7207],[-9.89903,5.72097],[-9.89875,5.72097],[-9.89875,5.72125],[-9.8982,5.72125],[-9.8982,5.72097],[-9.89764,5.72097],[-9.89764,5.7207],[-9.89708,5.7207],[-9.89708,5.72042],[-9.89681,5.72042],[-9.89681,5.72014],[-9.89625,5.72014],[-9.89625,5.72042],[-9.89653,5.72042],[-9.89653,5.7207],[-9.89681,5.7207],[-9.89681,5.72097],[-9.89736,5.72097],[-9.89736,5.72153],[-9.89764,5.72153],[-9.89764,5.72208],[-9.89792,5.72208],[-9.89792,5.72236],[-9.8982,5.72236],[-9.8982,5.72264],[-9.89847,5.72264],[-9.89847,5.72292],[-9.89931,5.72292],[-9.89931,5.72264],[-9.89958,5.72264],[-9.89958,5.72236],[-9.89986,5.72236],[-9.89986,5.72208],[-9.90042,5.72208],[-9.90042,5.72181],[-9.90097,5.72181],[-9.90097,5.72208],[-9.90125,5.72208],[-9.90125,5.72236],[-9.90153,5.72236],[-9.90153,5.72264],[-9.9018,5.72264],[-9.9018,5.72319],[-9.90208,5.72319],[-9.90208,5.72403],[-9.90236,5.72403],[-9.90236,5.72458],[-9.90264,5.72458],[-9.90264,5.72514],[-9.90279,5.72514],[-9.90403,5.72514],[-9.90403,5.72542],[-9.90431,5.72542],[-9.90431,5.72569],[-9.90486,5.72569],[-9.90486,5.72597],[-9.90542,5.72597],[-9.90542,5.72625],[-9.90597,5.72625],[-9.90597,5.72653],[-9.90653,5.72653],[-9.90653,5.72681],[-9.90769,5.72681],[-9.90792,5.72681],[-9.90792,5.72708],[-9.9082,5.72708],[-9.9082,5.72736],[-9.90875,5.72736],[-9.90875,5.72764],[-9.90903,5.72764],[-9.90903,5.72819],[-9.90906,5.72819],[-9.90906,5.73084],[-9.8948,5.73084],[-9.8948,5.71736]]]},"properties":{"region":"GrandBassa","district":"District # 4","floods_1m":1,"floods_2m":1,"floods_3m":1,"first_flood_m":1,"nests":true}},{"type":"Feature","geometry":{"type":"Polygon","coordinates":[[[-7.84165,4.49039],[-7.85591,4.49039],[-7.85591,4.50465],[-7.84165,4.50465],[-7.84165,4.49039]]]},"properties":{"region":"GrandKru","district":"Lower Kru Coast","floods_1m":1,"floods_2m":1,"floods_3m":1,"first_flood_m":1,"nests":true}},{"type":"Feature","geometry":{"type":"Polygon","coordinates":[[[-7.55649,4.402],[-7.55783,4.39877],[-7.5574,4.39348],[-7.55649,4.39197],[-7.55649,4.39058],[-7.57075,4.39058],[-7.57075,4.40484],[-7.55649,4.40484],[-7.55649,4.402]]]},"properties":{"region":"Maryland","district":"Pleebo/Sodeken","floods_1m":0,"floods_2m":1,"floods_3m":1,"first_flood_m":2,"nests":true}},{"type":"Feature","geometry":{"type":"Polygon","coordinates":[[[-9.92332,5.74509],[-9.92736,5.74509],[-9.92736,5.74514],[-9.92764,5.74514],[-9.92764,5.74542],[-9.92792,5.74542],[-9.92792,5.7457],[-9.9282,5.7457],[-9.9282,5.74625],[-9.92875,5.74625],[-9.92875,5.74674],[-9.92875,5.74708],[-9.92903,5.74708],[-9.92903,5.74736],[-9.92931,5.74736],[-9.92931,5.74764],[-9.92986,5.74764],[-9.92986,5.74792],[-9.93014,5.74792],[-9.93014,5.74819],[-9.93042,5.7482],[-9.93042,5.74847],[-9.93097,5.74847],[-9.93097,5.74903],[-9.93125,5.74903],[-9.93125,5.74958],[-9.9318,5.74958],[-9.9318,5.74986],[-9.93236,5.74986],[-9.93236,5.75014],[-9.93264,5.75014],[-9.93264,5.75042],[-9.93333,5.75042],[-9.93347,5.75042],[-9.93347,5.75056],[-9.93347,5.75069],[-9.93361,5.75069],[-9.93403,5.75069],[-9.93403,5.75097],[-9.93486,5.75097],[-9.93486,5.75125],[-9.9357,5.75125],[-9.9357,5.75153],[-9.93597,5.75153],[-9.93597,5.75181],[-9.93625,5.75181],[-9.93625,5.75208],[-9.9368,5.75208],[-9.9368,5.75264],[-9.93708,5.75264],[-9.93708,5.75319],[-9.93758,5.75319],[-9.93758,5.75935],[-9.92332,5.75935],[-9.92332,5.74509]]]},"properties":{"region":"GrandBassa","district":"District # 4","floods_1m":1,"floods_2m":1,"floods_3m":1,"first_flood_m":1,"nests":true}},{"type":"Feature","geometry":{"type":"Polygon","coordinates":[[[-9.78074,5.60708],[-9.78097,5.60708],[-9.78097,5.60736],[-9.78125,5.60736],[-9.78125,5.60764],[-9.78181,5.60764],[-9.78181,5.60792],[-9.78208,5.60792],[-9.78208,5.60847],[-9.78236,5.60847],[-9.78236,5.61014],[-9.78264,5.61014],[-9.78264,5.61042],[-9.78292,5.61042],[-9.78292,5.61069],[-9.78319,5.61069],[-9.78319,5.61097],[-9.78347,5.61097],[-9.78347,5.61125],[-9.78375,5.61125],[-9.78375,5.61097],[-9.78431,5.61097],[-9.78431,5.61125],[-9.78486,5.61125],[-9.78486,5.61153],[-9.78514,5.61153],[-9.78514,5.6118],[-9.78486,5.6118],[-9.78486,5.61208],[-9.78514,5.61208],[-9.78514,5.61264],[-9.78542,5.61264],[-9.78542,5.61319],[-9.78569,5.61319],[-9.78569,5.61375],[-9.78625,5.61375],[-9.78625,5.61403],[-9.78653,5.61403],[-9.78653,5.61458],[-9.78708,5.61458],[-9.78708,5.61486],[-9.78764,5.61486],[-9.78764,5.61514],[-9.78792,5.61514],[-9.78792,5.61542],[-9.78903,5.61542],[-9.78903,5.61569],[-9.78931,5.61569],[-9.78931,5.61625],[-9.78958,5.61625],[-9.78958,5.61677],[-9.78074,5.61677],[-9.78074,5.60708]]]},"properties":{"region":"GrandBassa","district":"District # 4","floods_1m":1,"floods_2m":1,"floods_3m":1,"first_flood_m":1,"nests":true}},{"type":"Feature","geometry":{"type":"Polygon","coordinates":[[[-7.59927,4.36207],[-7.61353,4.36207],[-7.61353,4.37633],[-7.59927,4.37633],[-7.59927,4.36207]]]},"properties":{"region":"Maryland","district":"Pleebo/Sodeken","floods_1m":1,"floods_2m":1,"floods_3m":1,"first_flood_m":1,"nests":true}},{"type":"Feature","geometry":{"type":"Polygon","coordinates":[[[-7.79888,4.46187],[-7.80341,4.46187],[-7.79888,4.47015],[-7.79888,4.46187]]]},"properties":{"region":"Maryland","district":"Pleebo/Sodeken","floods_1m":0,"floods_2m":1,"floods_3m":0,"first_flood_m":2,"nests":false}},{"type":"Feature","geometry":{"type":"Polygon","coordinates":[[[-7.84165,4.50465],[-7.85591,4.50465],[-7.85591,4.51891],[-7.84165,4.51891],[-7.84165,4.50465]]]},"properties":{"region":"GrandKru","district":"Lower Kru Coast","floods_1m":0,"floods_2m":1,"floods_3m":0,"first_flood_m":2,"nests":false}},{"type":"Feature","geometry":{"type":"Polygon","coordinates":[[[-7.96998,4.51625],[-7.97042,4.51625],[-7.97042,4.51653],[-7.97097,4.51653],[-7.97097,4.51681],[-7.97375,4.51681],[-7.97375,4.51708],[-7.97403,4.51708],[-7.97403,4.51736],[-7.97542,4.51736],[-7.97542,4.51764],[-7.97653,4.51764],[-7.97653,4.51792],[-7.97708,4.51792],[-7.97708,4.51819],[-7.97903,4.51819],[-7.97903,4.51847],[-7.97931,4.51847],[-7.97931,4.51875],[-7.98042,4.51875],[-7.98042,4.51891],[-7.96998,4.51891],[-7.96998,4.51625]]]},"properties":{"region":"GrandKru","district":"Lower Kru Coast","floods_1m":1,"floods_2m":1,"floods_3m":1,"first_flood_m":1,"nests":true}},{"type":"Feature","geometry":{"type":"Polygon","coordinates":[[[-7.59927,4.35542],[-7.59986,4.35542],[-7.59986,4.35514],[-7.60014,4.35514],[-7.60014,4.35486],[-7.60221,4.35486],[-7.60319,4.35486],[-7.60319,4.35514],[-7.60347,4.35514],[-7.60347,4.35542],[-7.60542,4.35542],[-7.60542,4.35569],[-7.60625,4.35569],[-7.60625,4.35542],[-7.60847,4.35542],[-7.60847,4.35514],[-7.6093,4.35514],[-7.6093,4.35486],[-7.61125,4.35486],[-7.61125,4.35514],[-7.61153,4.35514],[-7.61153,4.35542],[-7.61353,4.35542],[-7.61353,4.36207],[-7.59927,4.36207],[-7.59927,4.35542]]]},"properties":{"region":"Maryland","district":"Pleebo/Sodeken","floods_1m":1,"floods_2m":1,"floods_3m":1,"first_flood_m":1,"nests":true}},{"type":"Feature","geometry":{"type":"Polygon","coordinates":[[[-7.54224,4.37863],[-7.54224,4.37633],[-7.55649,4.37633],[-7.55649,4.39058],[-7.55566,4.39058],[-7.55309,4.38632],[-7.54625,4.38099],[-7.54224,4.37863]]]},"properties":{"region":"Maryland","district":"Pleebo/Sodeken","floods_1m":1,"floods_2m":1,"floods_3m":1,"first_flood_m":1,"nests":true}},{"type":"Feature","geometry":{"type":"MultiPolygon","coordinates":[[[[-7.9272,4.50465],[-7.94014,4.50465],[-7.94014,4.50486],[-7.94042,4.50486],[-7.94042,4.50625],[-7.94069,4.50625],[-7.94069,4.50792],[-7.94097,4.50792],[-7.94097,4.50958],[-7.94125,4.50958],[-7.94125,4.50986],[-7.94146,4.50986],[-7.94146,4.51891],[-7.9272,4.51891],[-7.9272,4.50465]]],[[[-7.94097,4.50465],[-7.94146,4.50465],[-7.94146,4.50625],[-7.94125,4.50625],[-7.94125,4.50486],[-7.94097,4.50486],[-7.94097,4.50465]]]]},"properties":{"region":"GrandKru","district":"Lower Kru Coast","floods_1m":1,"floods_2m":1,"floods_3m":1,"first_flood_m":1,"nests":true}},{"type":"Feature","geometry":{"type":"Polygon","coordinates":[[[-9.96609,5.78319],[-9.96625,5.78319],[-9.96625,5.78347],[-9.96653,5.78347],[-9.96653,5.78375],[-9.96681,5.78375],[-9.96681,5.78347],[-9.96708,5.78347],[-9.96708,5.78375],[-9.96736,5.78375],[-9.96736,5.78403],[-9.96764,5.78403],[-9.96764,5.78431],[-9.96792,5.78431],[-9.96792,5.78458],[-9.96875,5.78458],[-9.96875,5.78486],[-9.96897,5.78486],[-9.96661,5.78787],[-9.96609,5.78787],[-9.96609,5.78319]]]},"properties":{"region":"GrandBassa","district":"District # 4","floods_1m":1,"floods_2m":1,"floods_3m":1,"first_flood_m":1,"nests":true}},{"type":"Feature","geometry":{"type":"Polygon","coordinates":[[[-7.89869,4.48347],[-7.89903,4.48347],[-7.89903,4.48375],[-7.89986,4.48375],[-7.89986,4.48403],[-7.90097,4.48403],[-7.90097,4.48431],[-7.90208,4.48431],[-7.90208,4.48458],[-7.90292,4.48458],[-7.90292,4.48486],[-7.90347,4.48486],[-7.90347,4.48514],[-7.90458,4.48514],[-7.90458,4.48542],[-7.90569,4.48542],[-7.90569,4.48569],[-7.90597,4.48569],[-7.90597,4.48597],[-7.90653,4.48597],[-7.90653,4.48625],[-7.90764,4.48625],[-7.90764,4.48653],[-7.90847,4.48653],[-7.90847,4.48681],[-7.90958,4.48681],[-7.90958,4.48708],[-7.91014,4.48708],[-7.91014,4.48736],[-7.91042,4.48736],[-7.91042,4.48708],[-7.9107,4.48708],[-7.9107,4.48736],[-7.91097,4.48736],[-7.91097,4.48764],[-7.91125,4.48764],[-7.91125,4.48792],[-7.91236,4.48792],[-7.91236,4.48819],[-7.91292,4.48819],[-7.91292,4.48847],[-7.91294,4.48847],[-7.91294,4.49039],[-7.89869,4.49039],[-7.89869,4.48347]]]},"properties":{"region":"GrandKru","district":"Lower Kru Coast","floods_1m":1,"floods_2m":1,"floods_3m":1,"first_flood_m":1,"nests":true}},{"type":"Feature","geometry":{"type":"Polygon","coordinates":[[[-9.76648,5.60251],[-9.77792,5.60251],[-9.77792,5.60264],[-9.77819,5.60264],[-9.77819,5.6032],[-9.77847,5.6032],[-9.77847,5.60403],[-9.77875,5.60403],[-9.77875,5.6043],[-9.77903,5.6043],[-9.77903,5.60458],[-9.77931,5.60458],[-9.77931,5.60486],[-9.77958,5.60486],[-9.77958,5.60514],[-9.78014,5.60514],[-9.78014,5.60597],[-9.78042,5.60597],[-9.78042,5.60625],[-9.78069,5.60625],[-9.78069,5.60653],[-9.78042,5.60653],[-9.78042,5.6068],[-9.78069,5.6068],[-9.78069,5.60708],[-9.78074,5.60708],[-9.78074,5.61677],[-9.76648,5.61677],[-9.76648,5.60251]]]},"properties":{"region":"GrandBassa","district":"District # 4","floods_1m":1,"floods_2m":1,"floods_3m":1,"first_flood_m":1,"nests":true}},{"type":"Feature","geometry":{"type":"Polygon","coordinates":[[[-7.91294,4.49039],[-7.91958,4.49039],[-7.91958,4.49042],[-7.92264,4.49042],[-7.92264,4.49069],[-7.92292,4.49069],[-7.92292,4.49153],[-7.92319,4.49153],[-7.92319,4.49181],[-7.92347,4.49181],[-7.92347,4.49208],[-7.92514,4.49208],[-7.92514,4.49236],[-7.92625,4.49236],[-7.92625,4.49264],[-7.9272,4.49264],[-7.9272,4.50465],[-7.91294,4.50465],[-7.91294,4.49039]]]},"properties":{"region":"GrandKru","district":"Lower Kru Coast","floods_1m":1,"floods_2m":1,"floods_3m":1,"first_flood_m":1,"nests":true}},{"type":"Feature","geometry":{"type":"Polygon","coordinates":[[[-7.55649,4.37633],[-7.57075,4.37633],[-7.57075,4.39058],[-7.55649,4.39058],[-7.55649,4.37633]]]},"properties":{"region":"Maryland","district":"Pleebo/Sodeken","floods_1m":1,"floods_2m":1,"floods_3m":1,"first_flood_m":1,"nests":true}},{"type":"Feature","geometry":{"type":"Polygon","coordinates":[[[-7.85591,4.46847],[-7.85597,4.46847],[-7.85597,4.46875],[-7.85708,4.46875],[-7.85708,4.46903],[-7.85736,4.46903],[-7.85736,4.46931],[-7.85792,4.46931],[-7.85792,4.46958],[-7.85847,4.46958],[-7.85847,4.46986],[-7.8593,4.46986],[-7.8593,4.47014],[-7.86014,4.47014],[-7.86014,4.47042],[-7.86097,4.47042],[-7.86097,4.4707],[-7.86153,4.4707],[-7.86153,4.47097],[-7.86208,4.47097],[-7.86208,4.47125],[-7.86264,4.47125],[-7.86264,4.47153],[-7.86375,4.47153],[-7.86375,4.4718],[-7.86458,4.4718],[-7.86458,4.47208],[-7.86542,4.47208],[-7.86542,4.47236],[-7.86597,4.47236],[-7.86597,4.47264],[-7.86681,4.47264],[-7.86681,4.47292],[-7.86736,4.47292],[-7.86736,4.4732],[-7.86764,4.4732],[-7.86764,4.47347],[-7.86931,4.47347],[-7.86931,4.47375],[-7.87017,4.47375],[-7.87017,4.47613],[-7.85591,4.47613],[-7.85591,4.46847]]]},"properties":{"region":"GrandKru","district":"Lower Kru Coast","floods_1m":1,"floods_2m":1,"floods_3m":1,"first_flood_m":1,"nests":true}},{"type":"Feature","geometry":{"type":"Polygon","coordinates":[[[-7.55649,4.36264],[-7.55653,4.36264],[-7.55653,4.36236],[-7.56375,4.36236],[-7.56375,4.36208],[-7.56625,4.36208],[-7.56625,4.36207],[-7.57075,4.36207],[-7.57075,4.37633],[-7.55649,4.37633],[-7.55649,4.36264]]]},"properties":{"region":"Maryland","district":"Pleebo/Sodeken","floods_1m":1,"floods_2m":1,"floods_3m":1,"first_flood_m":1,"nests":true}},{"type":"Feature","geometry":{"type":"Polygon","coordinates":[[[-9.88055,5.71153],[-9.88097,5.71153],[-9.88097,5.7118],[-9.88153,5.7118],[-9.88153,5.71208],[-9.88208,5.71208],[-9.88208,5.71236],[-9.88375,5.71236],[-9.88375,5.71264],[-9.88431,5.71264],[-9.88431,5.71292],[-9.88458,5.71292],[-9.88458,5.71319],[-9.88486,5.71319],[-9.88486,5.71347],[-9.88625,5.71347],[-9.88625,5.71375],[-9.88681,5.71375],[-9.88681,5.71403],[-9.88764,5.71403],[-9.88764,5.7143],[-9.88819,5.7143],[-9.88819,5.71458],[-9.88875,5.71458],[-9.88875,5.71514],[-9.88903,5.71514],[-9.88903,5.71542],[-9.88958,5.71542],[-9.88958,5.71514],[-9.89014,5.71514],[-9.89014,5.71542],[-9.89097,5.71542],[-9.89097,5.71569],[-9.89153,5.71569],[-9.89153,5.71597],[-9.89181,5.71597],[-9.89181,5.71625],[-9.89292,5.71625],[-9.89292,5.71653],[-9.89347,5.71653],[-9.89347,5.71658],[-9.88055,5.71658],[-9.88055,5.71153]]]},"properties":{"region":"GrandBassa","district":"District # 4","floods_1m":1,"floods_2m":1,"floods_3m":1,"first_flood_m":1,"nests":true}},{"type":"Feature","geometry":{"type":"Polygon","coordinates":[[[-7.72759,4.36514],[-7.7293,4.36514],[-7.7293,4.36542],[-7.72986,4.36542],[-7.72986,4.36569],[-7.73014,4.36569],[-7.73014,4.36653],[-7.72986,4.36653],[-7.72986,4.36708],[-7.72903,4.36708],[-7.72903,4.36736],[-7.72875,4.36736],[-7.72875,4.36764],[-7.72847,4.36764],[-7.72847,4.36792],[-7.72875,4.36792],[-7.72875,4.36847],[-7.72903,4.36847],[-7.72903,4.36875],[-7.7293,4.36875],[-7.7293,4.36931],[-7.72903,4.36931],[-7.72903,4.36986],[-7.72875,4.36986],[-7.72875,4.37014],[-7.72847,4.37014],[-7.72847,4.37042],[-7.72819,4.37042],[-7.72819,4.3707],[-7.72792,4.3707],[-7.72792,4.37097],[-7.72759,4.37097],[-7.72759,4.36514]]]},"properties":{"region":"Maryland","district":"Pleebo/Sodeken","floods_1m":1,"floods_2m":1,"floods_3m":1,"first_flood_m":1,"nests":true}},{"type":"Feature","geometry":{"type":"Polygon","coordinates":[[[-9.76648,5.59514],[-9.76653,5.59514],[-9.76653,5.59542],[-9.76708,5.59542],[-9.76708,5.59597],[-9.76764,5.59597],[-9.76764,5.59653],[-9.7682,5.59653],[-9.7682,5.59681],[-9.76847,5.59681],[-9.76847,5.59736],[-9.76903,5.59736],[-9.76903,5.59764],[-9.76958,5.59764],[-9.76958,5.59792],[-9.76986,5.59792],[-9.76986,5.59819],[-9.77042,5.59819],[-9.77042,5.59847],[-9.77125,5.59847],[-9.77125,5.59875],[-9.77153,5.59875],[-9.77153,5.59903],[-9.77208,5.59903],[-9.77208,5.59931],[-9.77264,5.59931],[-9.77264,5.59958],[-9.77292,5.59958],[-9.77292,5.59986],[-9.77319,5.59986],[-9.77319,5.60014],[-9.77375,5.60014],[-9.77375,5.60042],[-9.77431,5.60042],[-9.77431,5.6007],[-9.77514,5.6007],[-9.77514,5.60125],[-9.77597,5.60125],[-9.77597,5.60153],[-9.77625,5.60153],[-9.77625,5.60181],[-9.77653,5.60181],[-9.77653,5.60208],[-9.77764,5.60208],[-9.77764,5.60236],[-9.77792,5.60236],[-9.77792,5.60251],[-9.76648,5.60251],[-9.76648,5.59514]]]},"properties":{"region":"GrandBassa","district":"District # 4","floods_1m":1,"floods_2m":1,"floods_3m":1,"first_flood_m":1,"nests":true}},{"type":"Feature","geometry":{"type":"MultiPolygon","coordinates":[[[[-7.94146,4.50986],[-7.94153,4.50986],[-7.94153,4.51014],[-7.94208,4.51014],[-7.94208,4.51042],[-7.94264,4.51042],[-7.94264,4.51069],[-7.94375,4.51069],[-7.94375,4.51097],[-7.94486,4.51097],[-7.94486,4.51125],[-7.94514,4.51125],[-7.94514,4.51208],[-7.94486,4.51208],[-7.94486,4.51236],[-7.94458,4.51236],[-7.94458,4.51264],[-7.94403,4.51264],[-7.94403,4.51292],[-7.94375,4.51292],[-7.94375,4.51347],[-7.94347,4.51347],[-7.94347,4.51403],[-7.94319,4.51403],[-7.94319,4.51875],[-7.94347,4.51875],[-7.94347,4.51891],[-7.94146,4.51891],[-7.94146,4.50986]]],[[[-7.94146,4.50625],[-7.94146,4.50465],[-7.94319,4.50465],[-7.94319,4.50486],[-7.94375,4.50486],[-7.94375,4.50514],[-7.94403,4.50514],[-7.94403,4.50542],[-7.9443,4.50542],[-7.9443,4.50569],[-7.94458,4.50569],[-7.94458,4.50597],[-7.94486,4.50597],[-7.94486,4.50625],[-7.94514,4.50625],[-7.94514,4.50653],[-7.94569,4.50653],[-7.94569,4.5068],[-7.94597,4.5068],[-7.94597,4.50708],[-7.94653,4.50708],[-7.94653,4.50736],[-7.94708,4.50736],[-7.94708,4.50764],[-7.94736,4.50764],[-7.94736,4.50792],[-7.94764,4.50792],[-7.94764,4.50819],[-7.94792,4.50819],[-7.94792,4.50847],[-7.94847,4.50847],[-7.94847,4.50875],[-7.94903,4.50875],[-7.94903,4.50903],[-7.94931,4.50903],[-7.94931,4.50931],[-7.94958,4.50931],[-7.94958,4.50958],[-7.94986,4.50958],[-7.94986,4.50986],[-7.95042,4.50986],[-7.95042,4.51014],[-7.95097,4.51014],[-7.95097,4.51042],[-7.95125,4.51042],[-7.95125,4.51069],[-7.95236,4.51069],[-7.95236,4.51097],[-7.95319,4.51097],[-7.95319,4.51125],[-7.95375,4.51125],[-7.95375,4.51153],[-7.95458,4.51153],[-7.95458,4.51181],[-7.95572,4.51181],[-7.95572,4.51891],[-7.94514,4.51891],[-7.94514,4.51875],[-7.94486,4.51875],[-7.94486,4.51847],[-7.94458,4.51847],[-7.94458,4.51819],[-7.9443,4.51819],[-7.9443,4.51792],[-7.94403,4.51792],[-7.94403,4.51486],[-7.9443,4.51486],[-7.9443,4.51403],[-7.94458,4.51403],[-7.94458,4.51347],[-7.94486,4.51347],[-7.94486,4.51292],[-7.94514,4.51292],[-7.94514,4.51264],[-7.94542,4.51264],[-7.94542,4.51236],[-7.94569,4.51236],[-7.94569,4.51208],[-7.94597,4.51208],[-7.94597,4.51125],[-7.94569,4.51125],[-7.94569,4.51097],[-7.94542,4.51097],[-7.94542,4.51069],[-7.94514,4.51069],[-7.94514,4.51042],[-7.94486,4.51042],[-7.94486,4.51014],[-7.94375,4.51014],[-7.94375,4.50986],[-7.94264,4.50986],[-7.94264,4.50958],[-7.94208,4.50958],[-7.94208,4.50931],[-7.9418,4.50931],[-7.9418,4.50792],[-7.94153,4.50792],[-7.94153,4.50625],[-7.94146,4.50625]]]]},"properties":{"region":"GrandKru","district":"Lower Kru Coast","floods_1m":1,"floods_2m":1,"floods_3m":1,"first_flood_m":1,"nests":true}},{"type":"Feature","geometry":{"type":"MultiPolygon","coordinates":[[[[-7.8274,4.45514],[-7.82792,4.45514],[-7.82792,4.4557],[-7.8282,4.4557],[-7.8282,4.45597],[-7.82847,4.45597],[-7.82847,4.45625],[-7.82875,4.45625],[-7.82875,4.45653],[-7.82903,4.45653],[-7.82903,4.45681],[-7.82931,4.45681],[-7.82931,4.45764],[-7.82958,4.45764],[-7.82958,4.45792],[-7.82986,4.45792],[-7.82986,4.45819],[-7.8307,4.45819],[-7.8307,4.45792],[-7.83125,4.45792],[-7.83125,4.45764],[-7.83153,4.45764],[-7.83153,4.45736],[-7.8332,4.45736],[-7.8332,4.45708],[-7.83375,4.45708],[-7.83375,4.45681],[-7.83403,4.45681],[-7.83403,4.45653],[-7.83486,4.45653],[-7.83486,4.45681],[-7.83514,4.45681],[-7.83514,4.45708],[-7.83542,4.45708],[-7.83542,4.45736],[-7.83567,4.45736],[-7.83597,4.45736],[-7.83597,4.45764],[-7.83625,4.45764],[-7.83625,4.45792],[-7.83653,4.45792],[-7.83653,4.45819],[-7.8368,4.45819],[-7.8368,4.45847],[-7.83708,4.45847],[-7.83708,4.45875],[-7.83764,4.45875],[-7.83764,4.45903],[-7.83792,4.45903],[-7.83792,4.45931],[-7.83819,4.45931],[-7.83819,4.45958],[-7.83875,4.45958],[-7.83875,4.45986],[-7.83903,4.45986],[-7.83903,4.46014],[-7.8392,4.46014],[-7.83986,4.46014],[-7.83986,4.46042],[-7.83996,4.46042],[-7.84042,4.46042],[-7.84042,4.46058],[-7.84042,4.46069],[-7.84069,4.46069],[-7.84069,4.46097],[-7.84097,4.46097],[-7.84097,4.46125],[-7.84125,4.46125],[-7.84125,4.46153],[-7.84165,4.46153],[-7.84165,4.46187],[-7.8274,4.46187],[-7.8274,4.45514]]],[[[-7.8274,4.45181],[-7.8274,4.45014],[-7.82764,4.45014],[-7.82764,4.45042],[-7.8282,4.45042],[-7.8282,4.4507],[-7.82847,4.4507],[-7.82847,4.45097],[-7.82875,4.45097],[-7.82875,4.45125],[-7.82903,4.45125],[-7.82903,4.45153],[-7.82931,4.45153],[-7.82931,4.45181],[-7.82986,4.45181],[-7.82986,4.45208],[-7.83014,4.45208],[-7.83014,4.45264],[-7.83042,4.45264],[-7.83042,4.45292],[-7.8307,4.45292],[-7.8307,4.4532],[-7.83097,4.4532],[-7.83097,4.45347],[-7.83125,4.45347],[-7.83125,4.45375],[-7.83153,4.45375],[-7.83153,4.45403],[-7.83181,4.45403],[-7.83181,4.45597],[-7.83097,4.45597],[-7.83097,4.4557],[-7.83042,4.45569],[-7.83042,4.45542],[-7.83014,4.45542],[-7.83014,4.45486],[-7.82986,4.45486],[-7.82986,4.45458],[-7.82958,4.45458],[-7.82958,4.45431],[-7.82875,4.45431],[-7.82875,4.45375],[-7.82847,4.45375],[-7.82847,4.45347],[-7.8282,4.45347],[-7.8282,4.4532],[-7.82792,4.4532],[-7.82792,4.45264],[-7.82764,4.45264],[-7.82764,4.45181],[-7.8274,4.45181]]]]},"properties":{"region":"GrandKru","district":"Lower Kru Coast","floods_1m":1,"floods_2m":1,"floods_3m":1,"first_flood_m":1,"nests":true}},{"type":"Feature","geometry":{"type":"Polygon","coordinates":[[[-9.73797,5.57625],[-9.73797,5.58826],[-9.73292,5.58826],[-9.73292,5.58792],[-9.73319,5.58792],[-9.73319,5.58708],[-9.73347,5.58708],[-9.73347,5.58597],[-9.73375,5.58597],[-9.73375,5.58542],[-9.73403,5.58542],[-9.73403,5.58236],[-9.7343,5.58236],[-9.7343,5.58181],[-9.73403,5.58181],[-9.73403,5.58153],[-9.73375,5.58153],[-9.73375,5.58125],[-9.73347,5.58125],[-9.73347,5.5807],[-9.73319,5.5807],[-9.73319,5.58042],[-9.73264,5.58042],[-9.73264,5.58014],[-9.73236,5.58014],[-9.73236,5.57986],[-9.73208,5.57986],[-9.73208,5.57931],[-9.73181,5.57931],[-9.73181,5.57875],[-9.73153,5.57875],[-9.73153,5.5782],[-9.73125,5.5782],[-9.73125,5.57736],[-9.73097,5.57736],[-9.73097,5.57653],[-9.73069,5.57653],[-9.73069,5.5757],[-9.73042,5.5757],[-9.73042,5.57458],[-9.73097,5.57458],[-9.73097,5.57486],[-9.73181,5.57486],[-9.73181,5.57458],[-9.73236,5.57458],[-9.73236,5.57486],[-9.73264,5.57486],[-9.73264,5.57514],[-9.73292,5.57514],[-9.73292,5.57542],[-9.73319,5.57542],[-9.73319,5.5757],[-9.73347,5.5757],[-9.73347,5.57597],[-9.73403,5.57597],[-9.73403,5.57625],[-9.73542,5.57625],[-9.73542,5.57653],[-9.73569,5.57653],[-9.73569,5.57681],[-9.73669,5.57681],[-9.73681,5.57681],[-9.73681,5.57653],[-9.73736,5.57653],[-9.73736,5.57625],[-9.73797,5.57625]]]},"properties":{"region":"GrandBassa","district":"District # 4","floods_1m":1,"floods_2m":1,"floods_3m":1,"first_flood_m":1,"nests":true}},{"type":"Feature","geometry":{"type":"Polygon","coordinates":[[[-9.73797,5.57625],[-9.73847,5.57625],[-9.73847,5.57653],[-9.73903,5.57653],[-9.73903,5.57681],[-9.74014,5.57681],[-9.74014,5.57736],[-9.7407,5.57736],[-9.7407,5.57764],[-9.74125,5.57764],[-9.74125,5.57792],[-9.74181,5.57792],[-9.74181,5.5782],[-9.74264,5.5782],[-9.74264,5.57847],[-9.74319,5.57847],[-9.74319,5.57875],[-9.74347,5.57875],[-9.74347,5.57903],[-9.74403,5.57903],[-9.74403,5.57931],[-9.7443,5.57931],[-9.7443,5.57958],[-9.74458,5.57958],[-9.74458,5.58014],[-9.74514,5.58014],[-9.74514,5.58042],[-9.74542,5.58042],[-9.74542,5.58097],[-9.74569,5.58097],[-9.74569,5.58153],[-9.74625,5.58153],[-9.74625,5.58208],[-9.74653,5.58208],[-9.74653,5.58236],[-9.74681,5.58236],[-9.74681,5.58264],[-9.74708,5.58264],[-9.74708,5.58292],[-9.74736,5.58292],[-9.74736,5.5832],[-9.74792,5.5832],[-9.74792,5.58375],[-9.7482,5.58375],[-9.7482,5.58403],[-9.74875,5.58403],[-9.74875,5.5843],[-9.74986,5.5843],[-9.74986,5.58458],[-9.75042,5.58458],[-9.75042,5.58486],[-9.75097,5.58486],[-9.75097,5.58514],[-9.75153,5.58514],[-9.75153,5.58542],[-9.75181,5.58542],[-9.75181,5.58569],[-9.75222,5.58569],[-9.75222,5.58826],[-9.73797,5.58826],[-9.73797,5.57625]]]},"properties":{"region":"GrandBassa","district":"District # 4","floods_1m":1,"floods_2m":1,"floods_3m":1,"first_flood_m":1,"nests":true}},{"type":"Feature","geometry":{"type":"Polygon","coordinates":[[[-7.74185,4.38458],[-7.74236,4.38458],[-7.74236,4.38486],[-7.74375,4.38486],[-7.74375,4.38514],[-7.74486,4.38514],[-7.74486,4.38542],[-7.74764,4.38542],[-7.74764,4.38569],[-7.74875,4.38569],[-7.74875,4.38597],[-7.74986,4.38597],[-7.74986,4.38625],[-7.75375,4.38625],[-7.75375,4.38653],[-7.75458,4.38653],[-7.75458,4.38681],[-7.75514,4.38681],[-7.75514,4.38708],[-7.75569,4.38708],[-7.75569,4.38736],[-7.75611,4.38736],[-7.75611,4.39058],[-7.74185,4.39058],[-7.74185,4.38458]]]},"properties":{"region":"Maryland","district":"Pleebo/Sodeken","floods_1m":1,"floods_2m":1,"floods_3m":1,"first_flood_m":1,"nests":true}},{"type":"Feature","geometry":{"type":"Polygon","coordinates":[[[-7.58501,4.50465],[-7.59927,4.50465],[-7.59927,4.51891],[-7.58501,4.51891],[-7.58501,4.50465]]]},"properties":{"region":"Maryland","district":"Pleebo/Sodeken","floods_1m":1,"floods_2m":1,"floods_3m":1,"first_flood_m":1,"nests":true}},{"type":"Feature","geometry":{"type":"Polygon","coordinates":[[[-9.93758,5.78787],[-9.95184,5.78787],[-9.95184,5.7892],[-9.95184,5.80212],[-9.93758,5.80212],[-9.93758,5.7892],[-9.93758,5.78787]]]},"properties":{"region":"GrandBassa","district":"District # 4","floods_1m":0,"floods_2m":1,"floods_3m":0,"first_flood_m":2,"nests":false}},{"type":"Feature","geometry":{"type":"Polygon","coordinates":[[[-9.92332,5.74125],[-9.92347,5.74125],[-9.92347,5.74153],[-9.92375,5.74153],[-9.92375,5.74181],[-9.92431,5.74181],[-9.92431,5.74236],[-9.92458,5.74236],[-9.92458,5.74292],[-9.92514,5.74292],[-9.92514,5.7432],[-9.92597,5.7432],[-9.92597,5.74347],[-9.92625,5.74347],[-9.92625,5.74375],[-9.92653,5.74375],[-9.92653,5.74403],[-9.9268,5.74403],[-9.9268,5.74458],[-9.92708,5.74458],[-9.92708,5.74486],[-9.92736,5.74486],[-9.92736,5.74509],[-9.92332,5.74509],[-9.92332,5.74125]]]},"properties":{"region":"GrandBassa","district":"District # 4","floods_1m":1,"floods_2m":1,"floods_3m":1,"first_flood_m":1,"nests":true}},{"type":"Feature","geometry":{"type":"Polygon","coordinates":[[[-7.62778,4.36292],[-7.62847,4.36292],[-7.62847,4.36319],[-7.62958,4.36319],[-7.62958,4.36347],[-7.63208,4.36347],[-7.63208,4.36375],[-7.63403,4.36375],[-7.63403,4.36403],[-7.63514,4.36403],[-7.63514,4.36431],[-7.63792,4.36431],[-7.63792,4.36458],[-7.63875,4.36458],[-7.63875,4.36486],[-7.63931,4.36486],[-7.63931,4.36514],[-7.6407,4.36514],[-7.6407,4.36542],[-7.64097,4.36542],[-7.64097,4.36514],[-7.64181,4.36514],[-7.64181,4.36542],[-7.64204,4.36542],[-7.64204,4.37633],[-7.62778,4.37633],[-7.62778,4.36292]]]},"properties":{"region":"Maryland","district":"Pleebo/Sodeken","floods_1m":1,"floods_2m":1,"floods_3m":1,"first_flood_m":1,"nests":true}},{"type":"Feature","geometry":{"type":"Polygon","coordinates":[[[-7.52262,4.36236],[-7.52347,4.36236],[-7.52347,4.36209],[-7.52403,4.36209],[-7.52403,4.36236],[-7.52458,4.36236],[-7.52458,4.36264],[-7.52486,4.36264],[-7.52486,4.36292],[-7.52627,4.36292],[-7.52764,4.36292],[-7.52764,4.36319],[-7.52798,4.36319],[-7.52798,4.37025],[-7.52409,4.36797],[-7.52137,4.36381],[-7.52262,4.36236]]]},"properties":{"region":"Maryland","district":"Pleebo/Sodeken","floods_1m":1,"floods_2m":1,"floods_3m":1,"first_flood_m":1,"nests":true}},{"type":"Feature","geometry":{"type":"Polygon","coordinates":[[[-9.90906,5.73084],[-9.91319,5.73084],[-9.91319,5.73125],[-9.91375,5.73125],[-9.91375,5.73153],[-9.91403,5.73153],[-9.91403,5.73181],[-9.91458,5.73181],[-9.91458,5.73208],[-9.91486,5.73208],[-9.91486,5.73236],[-9.91514,5.73236],[-9.91514,5.73264],[-9.91597,5.73264],[-9.91597,5.73319],[-9.91625,5.73319],[-9.91625,5.73375],[-9.91681,5.73375],[-9.91681,5.73403],[-9.91708,5.73403],[-9.91708,5.73458],[-9.91736,5.73458],[-9.91736,5.73514],[-9.91792,5.73514],[-9.91792,5.73542],[-9.91819,5.73542],[-9.91819,5.73569],[-9.91847,5.73569],[-9.91847,5.73597],[-9.91875,5.73597],[-9.91875,5.73653],[-9.91931,5.73653],[-9.91931,5.7368],[-9.91958,5.7368],[-9.91958,5.73708],[-9.91986,5.73708],[-9.91986,5.73736],[-9.92014,5.73736],[-9.92014,5.73764],[-9.92069,5.73764],[-9.92069,5.73819],[-9.92097,5.73819],[-9.92097,5.73847],[-9.92125,5.73847],[-9.92125,5.73875],[-9.92153,5.73875],[-9.92153,5.73903],[-9.92181,5.73903],[-9.92181,5.73958],[-9.92208,5.73958],[-9.92208,5.74014],[-9.92236,5.74014],[-9.92236,5.74042],[-9.92292,5.74042],[-9.92292,5.74097],[-9.92319,5.74097],[-9.92319,5.74125],[-9.92332,5.74125],[-9.92332,5.74509],[-9.90906,5.74509],[-9.90906,5.73084]]]},"properties":{"region":"GrandBassa","district":"District # 4","floods_1m":1,"floods_2m":1,"floods_3m":1,"first_flood_m":1,"nests":true}},{"type":"Feature","geometry":{"type":"Polygon","coordinates":[[[-7.81314,4.44409],[-7.81314,4.44762],[-7.81121,4.44762],[-7.81314,4.44409]]]},"properties":{"region":"GrandKru","district":"Lower Kru Coast","floods_1m":0,"floods_2m":1,"floods_3m":0,"first_flood_m":2,"nests":false}},{"type":"Feature","geometry":{"type":"Polygon","coordinates":[[[-7.91294,4.51891],[-7.9272,4.51891],[-7.9272,4.53316],[-7.91294,4.53316],[-7.91294,4.51891]]]},"properties":{"region":"GrandKru","district":"Lower Kru Coast","floods_1m":0,"floods_2m":1,"floods_3m":0,"first_flood_m":2,"nests":false}},{"type":"Feature","geometry":{"type":"Polygon","coordinates":[[[-7.78462,4.43336],[-7.79888,4.43336],[-7.79888,4.44762],[-7.78462,4.44762],[-7.78462,4.43336]]]},"properties":{"region":"Maryland","district":"Pleebo/Sodeken","floods_1m":1,"floods_2m":1,"floods_3m":1,"first_flood_m":1,"nests":true}},{"type":"Feature","geometry":{"type":"Polygon","coordinates":[[[-8.02701,4.53014],[-8.02875,4.53014],[-8.02875,4.53042],[-8.03014,4.53042],[-8.03014,4.53069],[-8.03141,4.53069],[-8.02799,4.53316],[-8.02701,4.53316],[-8.02701,4.53014]]]},"properties":{"region":"GrandKru","district":"Lower Kru Coast","floods_1m":1,"floods_2m":1,"floods_3m":1,"first_flood_m":1,"nests":true}},{"type":"Feature","geometry":{"type":"Polygon","coordinates":[[[-7.87017,4.47375],[-7.87153,4.47375],[-7.87153,4.47403],[-7.87208,4.47403],[-7.87208,4.47431],[-7.87264,4.47431],[-7.87264,4.47458],[-7.87319,4.47458],[-7.87319,4.47486],[-7.87347,4.47486],[-7.87347,4.47514],[-7.87458,4.47514],[-7.87458,4.47542],[-7.87486,4.47542],[-7.87486,4.4757],[-7.87569,4.4757],[-7.87569,4.47542],[-7.87597,4.47542],[-7.87597,4.4757],[-7.87653,4.4757],[-7.87653,4.47597],[-7.8768,4.47597],[-7.8768,4.47613],[-7.87017,4.47613],[-7.87017,4.47375]]]},"properties":{"region":"GrandKru","district":"Lower Kru Coast","floods_1m":1,"floods_2m":1,"floods_3m":1,"first_flood_m":1,"nests":true}},{"type":"Feature","geometry":{"type":"Polygon","coordinates":[[[-7.79888,4.40931],[-7.79903,4.40931],[-7.79903,4.40958],[-7.80042,4.40958],[-7.80042,4.41042],[-7.80069,4.41042],[-7.80069,4.41069],[-7.80097,4.41069],[-7.80097,4.41097],[-7.80125,4.41097],[-7.80125,4.41125],[-7.80208,4.41125],[-7.80208,4.41264],[-7.80236,4.41264],[-7.80236,4.41292],[-7.80264,4.41292],[-7.80264,4.41319],[-7.80292,4.41319],[-7.80292,4.41347],[-7.80319,4.41347],[-7.80319,4.41375],[-7.80375,4.41375],[-7.80375,4.41403],[-7.80431,4.41403],[-7.80431,4.41431],[-7.80542,4.41431],[-7.80542,4.41458],[-7.80625,4.41458],[-7.80625,4.41486],[-7.80681,4.41486],[-7.80681,4.41514],[-7.80764,4.41514],[-7.80764,4.41542],[-7.8082,4.41542],[-7.8082,4.41569],[-7.80931,4.41569],[-7.80931,4.41597],[-7.80986,4.41597],[-7.80986,4.41625],[-7.81042,4.41625],[-7.81042,4.41653],[-7.8118,4.41653],[-7.8118,4.41681],[-7.81314,4.41681],[-7.81314,4.4191],[-7.79888,4.4191],[-7.79888,4.40931]]]},"properties":{"region":"Maryland","district":"Pleebo/Sodeken","floods_1m":1,"floods_2m":1,"floods_3m":1,"first_flood_m":1,"nests":true}},{"type":"Feature","geometry":{"type":"MultiPolygon","coordinates":[[[[-7.78462,4.40292],[-7.78486,4.40292],[-7.78486,4.40319],[-7.78514,4.40319],[-7.78514,4.40347],[-7.7857,4.40347],[-7.7857,4.40375],[-7.78597,4.40375],[-7.78597,4.40403],[-7.78653,4.40403],[-7.78653,4.40431],[-7.78681,4.40431],[-7.78681,4.40458],[-7.78819,4.40458],[-7.78819,4.40484],[-7.78462,4.40484],[-7.78462,4.40292]]],[[[-7.78462,4.39208],[-7.78486,4.39208],[-7.78486,4.3932],[-7.78462,4.3932],[-7.78462,4.39208]]]]},"properties":{"region":"Maryland","district":"Pleebo/Sodeken","floods_1m":1,"floods_2m":1,"floods_3m":1,"first_flood_m":1,"nests":true}},{"type":"Feature","geometry":{"type":"Polygon","coordinates":[[[-7.81314,4.41681],[-7.81347,4.41681],[-7.81347,4.41708],[-7.81542,4.41708],[-7.81542,4.41736],[-7.81625,4.41736],[-7.81625,4.41764],[-7.81681,4.41764],[-7.81681,4.41792],[-7.81764,4.41792],[-7.81764,4.41819],[-7.81819,4.41819],[-7.81819,4.41792],[-7.81847,4.41792],[-7.81847,4.41819],[-7.81986,4.41819],[-7.81986,4.41847],[-7.82069,4.41847],[-7.82069,4.41875],[-7.82236,4.41875],[-7.82236,4.41903],[-7.82403,4.41903],[-7.82403,4.4191],[-7.81314,4.4191],[-7.81314,4.41681]]]},"properties":{"region":"Maryland","district":"Pleebo/Sodeken","floods_1m":1,"floods_2m":1,"floods_3m":1,"first_flood_m":1,"nests":true}},{"type":"Feature","geometry":{"type":"Polygon","coordinates":[[[-7.98423,4.51986],[-7.98486,4.51986],[-7.98486,4.52014],[-7.98625,4.52014],[-7.98625,4.52042],[-7.98764,4.52042],[-7.98764,4.52069],[-7.98792,4.52069],[-7.98792,4.52097],[-7.98903,4.52097],[-7.98903,4.52125],[-7.98958,4.52125],[-7.98958,4.52153],[-7.98986,4.52153],[-7.98986,4.52125],[-7.99042,4.52125],[-7.99042,4.52153],[-7.99097,4.52153],[-7.99097,4.52181],[-7.99236,4.52181],[-7.99236,4.52208],[-7.99292,4.52208],[-7.99292,4.52236],[-7.9932,4.52236],[-7.9932,4.52208],[-7.99347,4.52208],[-7.99347,4.52236],[-7.99431,4.52236],[-7.99431,4.52264],[-7.99458,4.52264],[-7.99458,4.52292],[-7.9957,4.52292],[-7.9957,4.52319],[-7.99708,4.52319],[-7.99708,4.52347],[-7.99792,4.52347],[-7.99792,4.52375],[-7.99847,4.52375],[-7.99847,4.52403],[-7.99849,4.52403],[-7.99849,4.53316],[-7.98423,4.53316],[-7.98423,4.51986]]]},"properties":{"region":"GrandKru","district":"Lower Kru Coast","floods_1m":1,"floods_2m":1,"floods_3m":1,"first_flood_m":1,"nests":true}},{"type":"Feature","geometry":{"type":"MultiPolygon","coordinates":[[[[-7.71333,4.37153],[-7.71486,4.37153],[-7.71486,4.37181],[-7.72014,4.37181],[-7.72014,4.37153],[-7.7207,4.37153],[-7.7207,4.37125],[-7.72097,4.37125],[-7.72097,4.37097],[-7.72125,4.37097],[-7.72125,4.3707],[-7.72153,4.3707],[-7.72153,4.37042],[-7.72236,4.37042],[-7.72236,4.37014],[-7.72292,4.37014],[-7.72292,4.36986],[-7.72325,4.36986],[-7.72347,4.36986],[-7.72347,4.36958],[-7.72431,4.36958],[-7.72431,4.36931],[-7.72458,4.36931],[-7.72458,4.36903],[-7.72597,4.36903],[-7.72597,4.36875],[-7.72625,4.36875],[-7.72625,4.36847],[-7.72597,4.36847],[-7.72597,4.3682],[-7.7257,4.3682],[-7.7257,4.36792],[-7.72542,4.36792],[-7.72542,4.36764],[-7.72486,4.36764],[-7.72486,4.36653],[-7.72542,4.36653],[-7.72542,4.36625],[-7.72653,4.36625],[-7.72653,4.36597],[-7.72681,4.36597],[-7.72681,4.36569],[-7.72708,4.36569],[-7.72708,4.36542],[-7.72736,4.36542],[-7.72736,4.36514],[-7.72759,4.36514],[-7.72759,4.37097],[-7.72681,4.37097],[-7.72681,4.37125],[-7.72653,4.37125],[-7.72653,4.37153],[-7.72597,4.37153],[-7.72597,4.37181],[-7.72514,4.37181],[-7.72514,4.37208],[-7.72409,4.37208],[-7.7232,4.37208],[-7.7232,4.37236],[-7.72264,4.37236],[-7.72264,4.37264],[-7.72236,4.37264],[-7.72236,4.37347],[-7.72208,4.37347],[-7.72208,4.37375],[-7.72181,4.37375],[-7.72181,4.37403],[-7.72153,4.37403],[-7.72153,4.3743],[-7.72125,4.3743],[-7.72125,4.37458],[-7.72097,4.37458],[-7.72097,4.37486],[-7.7207,4.37486],[-7.7207,4.37514],[-7.72042,4.37514],[-7.72042,4.37542],[-7.72014,4.37542],[-7.72014,4.37569],[-7.71986,4.37569],[-7.71986,4.37597],[-7.71958,4.37597],[-7.71958,4.37633],[-7.71333,4.37633],[-7.71333,4.37153]]],[[[-7.7257,4.37633],[-7.72125,4.37633],[-7.72125,4.37569],[-7.72153,4.37569],[-7.72153,4.37542],[-7.72208,4.37542],[-7.72208,4.37514],[-7.72236,4.37514],[-7.72236,4.37458],[-7.72264,4.37458],[-7.72264,4.3743],[-7.72292,4.3743],[-7.72292,4.37347],[-7.7232,4.37347],[-7.7232,4.3732],[-7.72347,4.37319],[-7.72347,4.37292],[-7.72375,4.37292],[-7.72375,4.37319],[-7.72403,4.3732],[-7.72403,4.37347],[-7.72431,4.37347],[-7.72431,4.37375],[-7.72471,4.37375],[-7.72514,4.37375],[-7.72514,4.37489],[-7.72514,4.37514],[-7.72542,4.37514],[-7.72542,4.37563],[-7.72542,4.37597],[-7.7257,4.37597],[-7.7257,4.37633]]]]},"properties":{"region":"Maryland","district":"Pleebo/Sodeken","floods_1m":1,"floods_2m":1,"floods_3m":1,"first_flood_m":1,"nests":true}},{"type":"Feature","geometry":{"type":"Polygon","coordinates":[[[-9.95184,5.77361],[-9.95597,5.77361],[-9.95597,5.77375],[-9.95681,5.77375],[-9.95681,5.7743],[-9.95708,5.7743],[-9.95708,5.77541],[-9.95708,5.77597],[-9.95736,5.77597],[-9.95736,5.77653],[-9.95792,5.77653],[-9.95792,5.77681],[-9.95847,5.77681],[-9.95847,5.77736],[-9.95875,5.77736],[-9.95875,5.77764],[-9.95903,5.77764],[-9.95903,5.77819],[-9.9593,5.77819],[-9.9593,5.77875],[-9.95986,5.77875],[-9.95986,5.77903],[-9.96042,5.77903],[-9.96042,5.77931],[-9.9607,5.77931],[-9.9607,5.77958],[-9.96125,5.77958],[-9.96125,5.77986],[-9.96153,5.77986],[-9.96153,5.78014],[-9.96181,5.78014],[-9.96181,5.78042],[-9.96264,5.78042],[-9.96264,5.78097],[-9.96292,5.78097],[-9.96292,5.78125],[-9.96375,5.78125],[-9.96375,5.78153],[-9.96431,5.78153],[-9.96431,5.78208],[-9.96486,5.78208],[-9.96486,5.78236],[-9.96514,5.78236],[-9.96514,5.78264],[-9.96542,5.78264],[-9.96542,5.78292],[-9.96569,5.78292],[-9.96569,5.78319],[-9.96609,5.78319],[-9.96609,5.78787],[-9.95184,5.78787],[-9.95184,5.77361]]]},"properties":{"region":"GrandBassa","district":"District # 4","floods_1m":1,"floods_2m":1,"floods_3m":1,"first_flood_m":1,"nests":true}},{"type":"Feature","geometry":{"type":"Polygon","coordinates":[[[-7.91294,4.48847],[-7.91375,4.48847],[-7.91375,4.48875],[-7.91458,4.48875],[-7.91458,4.48903],[-7.91597,4.48903],[-7.91597,4.48931],[-7.91653,4.48931],[-7.91653,4.48958],[-7.91764,4.48958],[-7.91764,4.48986],[-7.91903,4.48986],[-7.91903,4.49014],[-7.91958,4.49014],[-7.91958,4.49039],[-7.91294,4.49039],[-7.91294,4.48847]]]},"properties":{"region":"GrandKru","district":"Lower Kru Coast","floods_1m":1,"floods_2m":1,"floods_3m":1,"first_flood_m":1,"nests":true}},{"type":"Feature","geometry":{"type":"Polygon","coordinates":[[[-7.57075,4.37633],[-7.58501,4.37633],[-7.58501,4.39058],[-7.57075,4.39058],[-7.57075,4.37633]]]},"properties":{"region":"Maryland","district":"Pleebo/Sodeken","floods_1m":1,"floods_2m":1,"floods_3m":1,"first_flood_m":1,"nests":true}},{"type":"Feature","geometry":{"type":"Polygon","coordinates":[[[-7.81314,4.44409],[-7.81733,4.43643],[-7.81819,4.43434],[-7.81819,4.43514],[-7.81847,4.43514],[-7.81847,4.43542],[-7.81875,4.43542],[-7.81875,4.43625],[-7.81903,4.43625],[-7.81903,4.43653],[-7.81931,4.43653],[-7.81931,4.43764],[-7.81958,4.43764],[-7.81958,4.43819],[-7.81986,4.43819],[-7.81986,4.43847],[-7.82014,4.43847],[-7.82014,4.43875],[-7.82042,4.43875],[-7.82042,4.43958],[-7.82069,4.43958],[-7.82069,4.44042],[-7.82097,4.44042],[-7.82097,4.44069],[-7.82125,4.44069],[-7.82125,4.44097],[-7.82153,4.44097],[-7.82153,4.44125],[-7.82181,4.44125],[-7.82181,4.44153],[-7.82208,4.44153],[-7.82208,4.44208],[-7.82236,4.44208],[-7.82236,4.44281],[-7.82236,4.44292],[-7.82264,4.44292],[-7.82264,4.44319],[-7.82292,4.44319],[-7.82292,4.44351],[-7.82292,4.44403],[-7.82319,4.44403],[-7.82319,4.44458],[-7.82347,4.44458],[-7.82347,4.44486],[-7.82375,4.44486],[-7.82375,4.44514],[-7.82403,4.44514],[-7.82403,4.44542],[-7.82431,4.44542],[-7.82431,4.44597],[-7.82458,4.44597],[-7.82458,4.44625],[-7.82486,4.44625],[-7.82486,4.44653],[-7.82514,4.44653],[-7.82514,4.44681],[-7.82542,4.44681],[-7.82542,4.44736],[-7.8257,4.44736],[-7.8257,4.44762],[-7.81314,4.44762],[-7.81314,4.44409]]]},"properties":{"region":"GrandKru","district":"Lower Kru Coast","floods_1m":1,"floods_2m":1,"floods_3m":1,"first_flood_m":1,"nests":true}},{"type":"Feature","geometry":{"type":"Polygon","coordinates":[[[-7.75611,4.38736],[-7.75847,4.38736],[-7.75847,4.38764],[-7.75958,4.38764],[-7.75958,4.38792],[-7.76097,4.38792],[-7.76097,4.38819],[-7.76181,4.38819],[-7.76181,4.38847],[-7.76347,4.38847],[-7.76347,4.38875],[-7.76542,4.38875],[-7.76542,4.38903],[-7.76708,4.38903],[-7.76708,4.38931],[-7.76819,4.38931],[-7.76819,4.38958],[-7.76986,4.38959],[-7.76986,4.38986],[-7.77036,4.38986],[-7.77036,4.39058],[-7.75611,4.39058],[-7.75611,4.38736]]]},"properties":{"region":"Maryland","district":"Pleebo/Sodeken","floods_1m":1,"floods_2m":1,"floods_3m":1,"first_flood_m":1,"nests":true}},{"type":"Feature","geometry":{"type":"Polygon","coordinates":[[[-9.86629,5.70232],[-9.86653,5.70232],[-9.86653,5.70236],[-9.8668,5.70236],[-9.86681,5.70264],[-9.86708,5.70264],[-9.86708,5.70292],[-9.86736,5.70292],[-9.86736,5.70319],[-9.86792,5.70319],[-9.86792,5.70403],[-9.86819,5.70403],[-9.86819,5.70431],[-9.86875,5.70431],[-9.86875,5.70458],[-9.86903,5.70458],[-9.86903,5.70486],[-9.87042,5.70486],[-9.87042,5.70597],[-9.8707,5.70597],[-9.8707,5.70625],[-9.87125,5.70625],[-9.87125,5.70653],[-9.87181,5.70653],[-9.87181,5.70708],[-9.87236,5.70708],[-9.87236,5.70736],[-9.87292,5.70736],[-9.87292,5.70764],[-9.87347,5.70764],[-9.87347,5.7082],[-9.87375,5.7082],[-9.87375,5.70847],[-9.87403,5.70847],[-9.87403,5.70875],[-9.87486,5.70875],[-9.87486,5.70903],[-9.8757,5.70903],[-9.8757,5.70931],[-9.87625,5.70931],[-9.87625,5.70958],[-9.87681,5.70958],[-9.87681,5.70986],[-9.87708,5.70986],[-9.87708,5.71014],[-9.87764,5.71014],[-9.87764,5.71042],[-9.87819,5.71042],[-9.87819,5.71069],[-9.87903,5.71069],[-9.87903,5.71097],[-9.8793,5.71097],[-9.8793,5.71069],[-9.87958,5.71069],[-9.87958,5.71097],[-9.87986,5.71097],[-9.87986,5.71125],[-9.88042,5.71125],[-9.88042,5.71153],[-9.88055,5.71153],[-9.88055,5.71658],[-9.86629,5.71658],[-9.86629,5.70232]]]},"properties":{"region":"GrandBassa","district":"District # 4","floods_1m":1,"floods_2m":1,"floods_3m":1,"first_flood_m":1,"nests":true}},{"type":"Feature","geometry":{"type":"Polygon","coordinates":[[[-7.87017,4.47613],[-7.8768,4.47613],[-7.87681,4.47625],[-7.87764,4.47625],[-7.87764,4.47653],[-7.87847,4.47653],[-7.87847,4.47681],[-7.87875,4.47681],[-7.87875,4.47653],[-7.87903,4.47653],[-7.87903,4.47681],[-7.8793,4.47681],[-7.8793,4.47708],[-7.88014,4.47708],[-7.88014,4.47736],[-7.88097,4.47736],[-7.88097,4.47764],[-7.8818,4.47764],[-7.8818,4.47792],[-7.88292,4.47792],[-7.88292,4.4782],[-7.88347,4.4782],[-7.88347,4.47847],[-7.88431,4.47847],[-7.88431,4.47875],[-7.88443,4.47875],[-7.88443,4.49039],[-7.87017,4.49039],[-7.87017,4.47613]]]},"properties":{"region":"GrandKru","district":"Lower Kru Coast","floods_1m":1,"floods_2m":1,"floods_3m":1,"first_flood_m":1,"nests":true}},{"type":"Feature","geometry":{"type":"Polygon","coordinates":[[[-8.01275,4.52708],[-8.01292,4.52708],[-8.01292,4.52736],[-8.01403,4.52736],[-8.01403,4.52764],[-8.01569,4.52764],[-8.01569,4.52792],[-8.01625,4.52792],[-8.01625,4.52819],[-8.01847,4.52819],[-8.01847,4.52847],[-8.01903,4.52847],[-8.01903,4.52875],[-8.01958,4.52875],[-8.01958,4.52847],[-8.02069,4.52847],[-8.02069,4.52875],[-8.02125,4.52875],[-8.02125,4.52903],[-8.02292,4.52903],[-8.02292,4.5293],[-8.02431,4.5293],[-8.02431,4.52958],[-8.02542,4.52958],[-8.02542,4.52986],[-8.02653,4.52986],[-8.02653,4.53014],[-8.02701,4.53014],[-8.02701,4.53316],[-8.01275,4.53316],[-8.01275,4.52708]]]},"properties":{"region":"GrandKru","district":"Lower Kru Coast","floods_1m":1,"floods_2m":1,"floods_3m":1,"first_flood_m":1,"nests":true}},{"type":"Feature","geometry":{"type":"Polygon","coordinates":[[[-7.8274,4.46187],[-7.84165,4.46187],[-7.84165,4.47613],[-7.8274,4.47613],[-7.8274,4.46187]]]},"properties":{"region":"GrandKru","district":"Lower Kru Coast","floods_1m":1,"floods_2m":1,"floods_3m":1,"first_flood_m":1,"nests":true}},{"type":"Feature","geometry":{"type":"Polygon","coordinates":[[[-9.83777,5.68806],[-9.85203,5.68806],[-9.85203,5.70232],[-9.83777,5.70232],[-9.83777,5.68806]]]},"properties":{"region":"GrandBassa","district":"District # 4","floods_1m":1,"floods_2m":1,"floods_3m":1,"first_flood_m":1,"nests":true}},{"type":"Feature","geometry":{"type":"Polygon","coordinates":[[[-7.99849,4.52403],[-7.9993,4.52403],[-7.9993,4.5243],[-7.99986,4.5243],[-8.00069,4.52431],[-8.00069,4.52458],[-8.00181,4.52458],[-8.00181,4.52486],[-8.00236,4.52486],[-8.00236,4.52514],[-8.00264,4.52514],[-8.00264,4.52542],[-8.00347,4.52542],[-8.00347,4.52569],[-8.00569,4.52569],[-8.00569,4.52597],[-8.00653,4.52597],[-8.00653,4.52625],[-8.00764,4.52625],[-8.00764,4.52653],[-8.00903,4.52653],[-8.00903,4.5268],[-8.01264,4.5268],[-8.01264,4.52708],[-8.01275,4.52708],[-8.01275,4.53316],[-7.99849,4.53316],[-7.99849,4.52403]]]},"properties":{"region":"GrandKru","district":"Lower Kru Coast","floods_1m":1,"floods_2m":1,"floods_3m":1,"first_flood_m":1,"nests":true}},{"type":"Feature","geometry":{"type":"Polygon","coordinates":[[[-7.69907,4.39058],[-7.71333,4.39058],[-7.71333,4.40484],[-7.69907,4.40484],[-7.69907,4.39058]]]},"properties":{"region":"Maryland","district":"Pleebo/Sodeken","floods_1m":1,"floods_2m":1,"floods_3m":1,"first_flood_m":1,"nests":true}},{"type":"Feature","geometry":{"type":"Polygon","coordinates":[[[-9.93758,5.75935],[-9.94347,5.75935],[-9.94347,5.75958],[-9.94375,5.75958],[-9.94375,5.75986],[-9.94431,5.75986],[-9.94431,5.76042],[-9.94486,5.76042],[-9.94486,5.76069],[-9.94514,5.76069],[-9.94514,5.76097],[-9.94569,5.76097],[-9.94569,5.76153],[-9.94597,5.76153],[-9.94597,5.7618],[-9.94625,5.7618],[-9.94625,5.76208],[-9.94653,5.76208],[-9.94653,5.76236],[-9.94681,5.76236],[-9.94681,5.76292],[-9.94708,5.76292],[-9.94708,5.7632],[-9.94736,5.7632],[-9.94736,5.76347],[-9.94764,5.76347],[-9.94764,5.76375],[-9.94792,5.76375],[-9.94792,5.76403],[-9.94847,5.76403],[-9.94847,5.76431],[-9.94875,5.76431],[-9.94875,5.76486],[-9.94931,5.76486],[-9.94931,5.76514],[-9.94958,5.76514],[-9.94958,5.7657],[-9.94986,5.7657],[-9.94986,5.76597],[-9.95014,5.76597],[-9.95014,5.76653],[-9.95042,5.76653],[-9.95042,5.76736],[-9.9507,5.76736],[-9.9507,5.76764],[-9.95097,5.76764],[-9.95097,5.76792],[-9.95153,5.76792],[-9.95153,5.7682],[-9.9518,5.7682],[-9.9518,5.76847],[-9.95184,5.76847],[-9.95184,5.77361],[-9.93758,5.77361],[-9.93758,5.75935]]]},"properties":{"region":"GrandBassa","district":"District # 4","floods_1m":1,"floods_2m":1,"floods_3m":1,"first_flood_m":1,"nests":true}},{"type":"Feature","geometry":{"type":"Polygon","coordinates":[[[-7.58501,4.36097],[-7.58597,4.36097],[-7.58597,4.36069],[-7.58653,4.36069],[-7.58653,4.36042],[-7.58792,4.36042],[-7.58792,4.36014],[-7.58903,4.36014],[-7.58903,4.35986],[-7.58958,4.35986],[-7.58958,4.35958],[-7.59042,4.35958],[-7.59042,4.35931],[-7.59125,4.35931],[-7.59125,4.35903],[-7.59208,4.35903],[-7.59208,4.35875],[-7.59458,4.35875],[-7.59458,4.35847],[-7.59486,4.35847],[-7.59486,4.35819],[-7.59514,4.35819],[-7.59514,4.35764],[-7.59542,4.35764],[-7.59542,4.35653],[-7.59514,4.35653],[-7.59514,4.35625],[-7.59486,4.35625],[-7.59486,4.35569],[-7.59514,4.35569],[-7.59514,4.35542],[-7.59542,4.35542],[-7.59542,4.35514],[-7.5957,4.35514],[-7.5957,4.35486],[-7.59708,4.35486],[-7.59708,4.35542],[-7.59681,4.35542],[-7.59681,4.35569],[-7.59708,4.35569],[-7.59708,4.35597],[-7.59736,4.35597],[-7.59736,4.35569],[-7.59875,4.35569],[-7.59875,4.35542],[-7.59927,4.35542],[-7.59927,4.36207],[-7.58501,4.36207],[-7.58501,4.36097]]]},"properties":{"region":"Maryland","district":"Pleebo/Sodeken","floods_1m":1,"floods_2m":1,"floods_3m":1,"first_flood_m":1,"nests":true}},{"type":"Feature","geometry":{"type":"Polygon","coordinates":[[[-7.88443,4.47875],[-7.88486,4.47875],[-7.88486,4.47903],[-7.88514,4.47903],[-7.88514,4.47875],[-7.88542,4.47875],[-7.88542,4.47903],[-7.88569,4.47903],[-7.88569,4.4793],[-7.88653,4.4793],[-7.88653,4.47958],[-7.88736,4.47958],[-7.88736,4.47986],[-7.88847,4.47986],[-7.88847,4.48014],[-7.88958,4.48014],[-7.88958,4.48042],[-7.89014,4.48042],[-7.89014,4.48069],[-7.89153,4.48069],[-7.89153,4.48097],[-7.89236,4.48097],[-7.89236,4.48125],[-7.89292,4.48125],[-7.89292,4.48153],[-7.89403,4.48153],[-7.89403,4.4818],[-7.89486,4.4818],[-7.89486,4.48208],[-7.89514,4.48208],[-7.89514,4.48236],[-7.89597,4.48236],[-7.89597,4.48257],[-7.89625,4.48264],[-7.89625,4.48236],[-7.89708,4.48236],[-7.89708,4.48264],[-7.89764,4.48264],[-7.89764,4.48292],[-7.89792,4.48292],[-7.89792,4.48319],[-7.89847,4.48319],[-7.89847,4.48347],[-7.89869,4.48347],[-7.89869,4.49039],[-7.88443,4.49039],[-7.88443,4.47875]]]},"properties":{"region":"GrandKru","district":"Lower Kru Coast","floods_1m":1,"floods_2m":1,"floods_3m":1,"first_flood_m":1,"nests":true}},{"type":"Feature","geometry":{"type":"Polygon","coordinates":[[[-7.84165,4.46187],[-7.84236,4.46187],[-7.84236,4.46208],[-7.84292,4.46208],[-7.84292,4.46236],[-7.84375,4.46236],[-7.84375,4.46264],[-7.84403,4.46264],[-7.84403,4.46292],[-7.84431,4.46292],[-7.84431,4.46319],[-7.84514,4.46319],[-7.84514,4.46347],[-7.84542,4.46347],[-7.84542,4.46375],[-7.84569,4.46375],[-7.84569,4.46403],[-7.84597,4.46403],[-7.84597,4.46431],[-7.84625,4.46431],[-7.84625,4.46458],[-7.84736,4.46458],[-7.84736,4.46486],[-7.84764,4.46486],[-7.84764,4.46514],[-7.84819,4.46514],[-7.84819,4.46542],[-7.84847,4.46542],[-7.84847,4.46569],[-7.84958,4.46569],[-7.84958,4.46597],[-7.85014,4.46597],[-7.85014,4.46625],[-7.85097,4.46625],[-7.85097,4.46653],[-7.85153,4.46653],[-7.85153,4.46681],[-7.85181,4.46681],[-7.85181,4.46708],[-7.85236,4.46708],[-7.85236,4.46736],[-7.85347,4.46736],[-7.85347,4.46764],[-7.85431,4.46764],[-7.85431,4.46792],[-7.85486,4.46792],[-7.85486,4.46819],[-7.85542,4.46819],[-7.85542,4.46847],[-7.85591,4.46847],[-7.85591,4.47613],[-7.84165,4.47613],[-7.84165,4.46187]]]},"properties":{"region":"GrandKru","district":"Lower Kru Coast","floods_1m":1,"floods_2m":1,"floods_3m":1,"first_flood_m":1,"nests":true}},{"type":"Feature","geometry":{"type":"Polygon","coordinates":[[[-7.58501,4.36207],[-7.59927,4.36207],[-7.59927,4.37633],[-7.58501,4.37633],[-7.58501,4.36207]]]},"properties":{"region":"Maryland","district":"Pleebo/Sodeken","floods_1m":0,"floods_2m":1,"floods_3m":0,"first_flood_m":2,"nests":false}},{"type":"Feature","geometry":{"type":"Polygon","coordinates":[[[-7.81121,4.44762],[-7.81314,4.44762],[-7.81314,4.46187],[-7.80341,4.46187],[-7.81121,4.44762]]]},"properties":{"region":"GrandKru","district":"Lower Kru Coast","floods_1m":0,"floods_2m":1,"floods_3m":0,"first_flood_m":2,"nests":false}},{"type":"Feature","geometry":{"type":"Polygon","coordinates":[[[-7.59927,4.37633],[-7.61353,4.37633],[-7.61353,4.39058],[-7.59927,4.39058],[-7.59927,4.37633]]]},"properties":{"region":"Maryland","district":"Pleebo/Sodeken","floods_1m":0,"floods_2m":1,"floods_3m":0,"first_flood_m":2,"nests":false}},{"type":"Feature","geometry":{"type":"Polygon","coordinates":[[[-8.59733,4.77555],[-8.60569,4.77555],[-8.60569,4.77569],[-8.60597,4.77569],[-8.60597,4.77597],[-8.60681,4.77597],[-8.60681,4.77653],[-8.60764,4.77653],[-8.60764,4.7768],[-8.60847,4.7768],[-8.60847,4.77708],[-8.60875,4.77708],[-8.60875,4.77736],[-8.60958,4.77736],[-8.60958,4.77764],[-8.60986,4.77764],[-8.60986,4.77792],[-8.61043,4.77792],[-8.61097,4.77792],[-8.61097,4.7782],[-8.61153,4.7782],[-8.61153,4.77847],[-8.61159,4.77847],[-8.61159,4.78981],[-8.59733,4.78981],[-8.59733,4.77555]]]},"properties":{"region":"GrandKru","district":"Sasstown 180606","floods_1m":1,"floods_2m":1,"floods_3m":1,"first_flood_m":1,"nests":true}},{"type":"Feature","geometry":{"type":"Polygon","coordinates":[[[-8.51178,4.72986],[-8.51181,4.72986],[-8.51181,4.73014],[-8.51236,4.73014],[-8.51236,4.73042],[-8.51264,4.73042],[-8.51264,4.73069],[-8.51319,4.73069],[-8.51319,4.73097],[-8.51403,4.73097],[-8.51403,4.73125],[-8.51431,4.73125],[-8.51431,4.73153],[-8.51542,4.73153],[-8.51542,4.73181],[-8.51569,4.73181],[-8.51569,4.73208],[-8.51597,4.73208],[-8.51597,4.73181],[-8.51625,4.73181],[-8.51625,4.73208],[-8.51681,4.73208],[-8.51681,4.73236],[-8.51764,4.73236],[-8.51764,4.73264],[-8.51847,4.73264],[-8.51847,4.73278],[-8.51178,4.73278],[-8.51178,4.72986]]]},"properties":{"region":"GrandKru","district":"Sasstown 180606","floods_1m":1,"floods_2m":1,"floods_3m":1,"first_flood_m":1,"nests":true}},{"type":"Feature","geometry":{"type":"Polygon","coordinates":[[[-9.95184,5.76847],[-9.95208,5.76847],[-9.95208,5.76903],[-9.95264,5.76903],[-9.95264,5.76986],[-9.95292,5.76986],[-9.95292,5.77042],[-9.95347,5.77042],[-9.95347,5.7707],[-9.95375,5.7707],[-9.95375,5.77125],[-9.9543,5.77125],[-9.9543,5.77208],[-9.95458,5.77208],[-9.95458,5.77236],[-9.95514,5.77236],[-9.95514,5.77264],[-9.95542,5.77264],[-9.95542,5.77319],[-9.9557,5.77319],[-9.9557,5.77347],[-9.95597,5.77347],[-9.95597,5.77361],[-9.95184,5.77361],[-9.95184,5.76847]]]},"properties":{"region":"GrandBassa","district":"District # 4","floods_1m":1,"floods_2m":1,"floods_3m":1,"first_flood_m":1,"nests":true}},{"type":"Feature","geometry":{"type":"Polygon","coordinates":[[[-9.85203,5.68806],[-9.85347,5.68806],[-9.85347,5.68809],[-9.85347,5.6882],[-9.85359,5.6882],[-9.85375,5.6882],[-9.85375,5.68833],[-9.85375,5.68875],[-9.85431,5.68875],[-9.85431,5.68903],[-9.85458,5.68903],[-9.85458,5.68958],[-9.85486,5.68958],[-9.85486,5.68986],[-9.8557,5.68986],[-9.8557,5.69069],[-9.85625,5.69069],[-9.85625,5.69097],[-9.85653,5.69097],[-9.85653,5.69125],[-9.85681,5.69125],[-9.85681,5.6918],[-9.85708,5.6918],[-9.85708,5.69208],[-9.85736,5.69208],[-9.85736,5.69264],[-9.85764,5.69264],[-9.85764,5.69319],[-9.85819,5.69319],[-9.85819,5.69347],[-9.85875,5.69347],[-9.85875,5.69375],[-9.85903,5.69375],[-9.85903,5.69403],[-9.85931,5.69403],[-9.85931,5.69458],[-9.85986,5.69458],[-9.85986,5.69486],[-9.86014,5.69486],[-9.86014,5.69514],[-9.86035,5.69514],[-9.86042,5.69542],[-9.86097,5.69542],[-9.86097,5.69569],[-9.86153,5.69569],[-9.86153,5.69625],[-9.86181,5.69625],[-9.86181,5.69653],[-9.86236,5.69653],[-9.86236,5.69708],[-9.86264,5.69708],[-9.86264,5.69764],[-9.86319,5.69764],[-9.86319,5.69792],[-9.86347,5.69792],[-9.86347,5.69819],[-9.86375,5.69819],[-9.86375,5.69847],[-9.86403,5.69847],[-9.86403,5.69875],[-9.86431,5.69875],[-9.86431,5.69903],[-9.86458,5.69903],[-9.86458,5.69931],[-9.86486,5.69931],[-9.86486,5.69986],[-9.86514,5.69986],[-9.86514,5.70042],[-9.86542,5.70042],[-9.86542,5.70069],[-9.86569,5.70069],[-9.86569,5.70153],[-9.86597,5.70153],[-9.86597,5.70181],[-9.86625,5.70181],[-9.86625,5.70208],[-9.86629,5.70208],[-9.86629,5.70232],[-9.85203,5.70232],[-9.85203,5.68806]]]},"properties":{"region":"GrandBassa","district":"District # 4","floods_1m":1,"floods_2m":1,"floods_3m":1,"first_flood_m":1,"nests":true}},{"type":"Feature","geometry":{"type":"Polygon","coordinates":[[[-7.69907,4.40484],[-7.71333,4.40484],[-7.71333,4.4191],[-7.69907,4.4191],[-7.69907,4.40484]]]},"properties":{"region":"Maryland","district":"Pleebo/Sodeken","floods_1m":0,"floods_2m":1,"floods_3m":0,"first_flood_m":2,"nests":false}},{"type":"Feature","geometry":{"type":"Polygon","coordinates":[[[-8.51178,4.73278],[-8.51847,4.73278],[-8.51847,4.73319],[-8.51931,4.73319],[-8.51931,4.73347],[-8.52014,4.73347],[-8.52014,4.73375],[-8.52055,4.73375],[-8.52069,4.73375],[-8.52069,4.73385],[-8.52069,4.73403],[-8.52094,4.73403],[-8.52125,4.73403],[-8.52125,4.73431],[-8.52181,4.73431],[-8.52181,4.73458],[-8.52236,4.73458],[-8.52236,4.73486],[-8.52264,4.73486],[-8.52264,4.73514],[-8.52347,4.73514],[-8.52347,4.73542],[-8.52375,4.73542],[-8.52375,4.73569],[-8.5243,4.73569],[-8.5243,4.73597],[-8.52458,4.73597],[-8.52458,4.73625],[-8.52514,4.73625],[-8.52514,4.73653],[-8.52597,4.73653],[-8.52597,4.73681],[-8.52604,4.73681],[-8.52604,4.74703],[-8.51178,4.74703],[-8.51178,4.73278]]]},"properties":{"region":"GrandKru","district":"Sasstown 180606","floods_1m":1,"floods_2m":1,"floods_3m":1,"first_flood_m":1,"nests":true}},{"type":"Feature","geometry":{"type":"Polygon","coordinates":[[[-9.82351,5.6738],[-9.83777,5.6738],[-9.83777,5.67597],[-9.83764,5.67597],[-9.83764,5.67653],[-9.83736,5.67653],[-9.83736,5.67681],[-9.83708,5.67681],[-9.83708,5.67847],[-9.83736,5.67847],[-9.83736,5.67819],[-9.83777,5.67819],[-9.83777,5.68806],[-9.82351,5.68806],[-9.82351,5.6738]]]},"properties":{"region":"GrandBassa","district":"District # 4","floods_1m":1,"floods_2m":1,"floods_3m":1,"first_flood_m":1,"nests":true}},{"type":"Feature","geometry":{"type":"Polygon","coordinates":[[[-7.68482,4.37633],[-7.69907,4.37633],[-7.69907,4.39058],[-7.68482,4.39058],[-7.68482,4.37633]]]},"properties":{"region":"Maryland","district":"Pleebo/Sodeken","floods_1m":1,"floods_2m":1,"floods_3m":1,"first_flood_m":1,"nests":true}},{"type":"Feature","geometry":{"type":"Polygon","coordinates":[[[-7.81314,4.4191],[-7.82403,4.4191],[-7.82403,4.4193],[-7.82445,4.4193],[-7.8274,4.41931],[-7.8274,4.42069],[-7.82736,4.42069],[-7.82736,4.42125],[-7.8274,4.42125],[-7.8274,4.42153],[-7.82736,4.42153],[-7.82736,4.42236],[-7.82708,4.42236],[-7.82708,4.42264],[-7.8268,4.42264],[-7.8268,4.42292],[-7.82653,4.42292],[-7.82653,4.42375],[-7.82625,4.42375],[-7.82625,4.42403],[-7.8257,4.42403],[-7.8257,4.4243],[-7.82486,4.4243],[-7.82486,4.42458],[-7.82375,4.42458],[-7.82375,4.42486],[-7.82319,4.42486],[-7.82319,4.42542],[-7.82292,4.42542],[-7.82292,4.42597],[-7.82264,4.42597],[-7.82264,4.42625],[-7.82236,4.42625],[-7.82236,4.42653],[-7.82208,4.42653],[-7.82208,4.42681],[-7.82153,4.42681],[-7.82153,4.42708],[-7.82121,4.42708],[-7.82069,4.42708],[-7.82069,4.42736],[-7.81986,4.42736],[-7.81986,4.42792],[-7.81958,4.42792],[-7.81958,4.42847],[-7.81931,4.42847],[-7.81931,4.42875],[-7.81903,4.42875],[-7.81903,4.42931],[-7.81875,4.42931],[-7.81875,4.42986],[-7.81847,4.42986],[-7.81847,4.43014],[-7.81819,4.43014],[-7.81819,4.43042],[-7.81792,4.43042],[-7.81792,4.43097],[-7.81764,4.43097],[-7.81764,4.43264],[-7.81792,4.43264],[-7.81792,4.43336],[-7.81314,4.43336],[-7.81314,4.4191]]]},"properties":{"region":"Maryland","district":"Pleebo/Sodeken","floods_1m":1,"floods_2m":1,"floods_3m":1,"first_flood_m":1,"nests":true}},{"type":"Feature","geometry":{"type":"Polygon","coordinates":[[[-7.62778,4.37633],[-7.64204,4.37633],[-7.64204,4.39058],[-7.62778,4.39058],[-7.62778,4.37633]]]},"properties":{"region":"Maryland","district":"Pleebo/Sodeken","floods_1m":1,"floods_2m":1,"floods_3m":1,"first_flood_m":1,"nests":true}},{"type":"Feature","geometry":{"type":"Polygon","coordinates":[[[-8.66862,4.79597],[-8.67069,4.79597],[-8.67069,4.79625],[-8.67125,4.79625],[-8.67125,4.79736],[-8.66958,4.79736],[-8.66958,4.79847],[-8.67117,4.79847],[-8.67047,4.79978],[-8.66862,4.8031],[-8.66862,4.79597]]]},"properties":{"region":"GrandKru","district":"Sasstown 180606","floods_1m":1,"floods_2m":1,"floods_3m":1,"first_flood_m":1,"nests":true}},{"type":"Feature","geometry":{"type":"Polygon","coordinates":[[[-8.42623,4.66292],[-8.4268,4.66292],[-8.4268,4.66264],[-8.42716,4.66264],[-8.42819,4.66264],[-8.42819,4.66292],[-8.42875,4.66292],[-8.42875,4.6632],[-8.42903,4.6632],[-8.42903,4.66332],[-8.42903,4.66347],[-8.42946,4.66347],[-8.42958,4.66347],[-8.42958,4.66375],[-8.43022,4.66375],[-8.43042,4.66375],[-8.43042,4.66458],[-8.43014,4.66458],[-8.43014,4.66542],[-8.43042,4.66542],[-8.43042,4.66597],[-8.4307,4.66597],[-8.4307,4.66625],[-8.43097,4.66625],[-8.43097,4.66653],[-8.43153,4.66653],[-8.43153,4.6668],[-8.43181,4.6668],[-8.43181,4.66708],[-8.43208,4.66708],[-8.43208,4.66792],[-8.43236,4.66792],[-8.43236,4.66819],[-8.43319,4.66819],[-8.43319,4.66847],[-8.43431,4.66847],[-8.43431,4.66875],[-8.43458,4.66875],[-8.43458,4.66903],[-8.43486,4.66903],[-8.43486,4.6693],[-8.43625,4.6693],[-8.43625,4.66958],[-8.43819,4.66958],[-8.43819,4.66986],[-8.43931,4.66986],[-8.43931,4.66958],[-8.43958,4.66958],[-8.43958,4.6693],[-8.43986,4.6693],[-8.43986,4.66903],[-8.44042,4.66903],[-8.44042,4.6693],[-8.44049,4.6693],[-8.44049,4.67574],[-8.42623,4.67574],[-8.42623,4.66292]]]},"properties":{"region":"GrandKru","district":"Sasstown 180606","floods_1m":1,"floods_2m":1,"floods_3m":1,"first_flood_m":1,"nests":true}},{"type":"Feature","geometry":{"type":"Polygon","coordinates":[[[-7.53832,4.37633],[-7.54224,4.37633],[-7.54224,4.37863],[-7.53832,4.37633]]]},"properties":{"region":"Maryland","district":"Pleebo/Sodeken","floods_1m":1,"floods_2m":1,"floods_3m":1,"first_flood_m":1,"nests":true}},{"type":"Feature","geometry":{"type":"Polygon","coordinates":[[[-9.75222,5.58569],[-9.75236,5.58569],[-9.75236,5.58597],[-9.75292,5.58597],[-9.75292,5.58625],[-9.75319,5.58625],[-9.75319,5.58653],[-9.75347,5.58653],[-9.75347,5.58681],[-9.75375,5.58681],[-9.75375,5.58708],[-9.75403,5.58708],[-9.75403,5.58736],[-9.75431,5.58736],[-9.75431,5.58764],[-9.75458,5.58764],[-9.75458,5.58819],[-9.75514,5.58819],[-9.75514,5.58826],[-9.75222,5.58826],[-9.75222,5.58569]]]},"properties":{"region":"GrandBassa","district":"District # 4","floods_1m":1,"floods_2m":1,"floods_3m":1,"first_flood_m":1,"nests":true}},{"type":"Feature","geometry":{"type":"Polygon","coordinates":[[[-9.75222,5.58826],[-9.75514,5.58826],[-9.75514,5.58847],[-9.75569,5.58847],[-9.75569,5.58875],[-9.75597,5.58875],[-9.75597,5.58903],[-9.75625,5.58903],[-9.75625,5.58931],[-9.75653,5.58931],[-9.75653,5.58958],[-9.75708,5.58958],[-9.75708,5.58986],[-9.75736,5.58986],[-9.75736,5.59014],[-9.75764,5.59014],[-9.75764,5.59042],[-9.75792,5.59042],[-9.75792,5.59069],[-9.7582,5.59069],[-9.75847,5.59069],[-9.75847,5.59097],[-9.75903,5.59097],[-9.75903,5.59125],[-9.75958,5.59125],[-9.75958,5.59153],[-9.76042,5.59153],[-9.76042,5.59181],[-9.76097,5.59181],[-9.76097,5.59208],[-9.76125,5.59208],[-9.76125,5.59236],[-9.76181,5.59236],[-9.76181,5.59264],[-9.76236,5.59264],[-9.76236,5.59292],[-9.76264,5.59292],[-9.76264,5.59319],[-9.76292,5.59319],[-9.76292,5.59347],[-9.76347,5.59347],[-9.76347,5.59375],[-9.76375,5.59375],[-9.76375,5.59347],[-9.76403,5.59347],[-9.76403,5.59375],[-9.76458,5.59375],[-9.76458,5.59431],[-9.76514,5.59431],[-9.76514,5.59458],[-9.76597,5.59458],[-9.76597,5.59486],[-9.76625,5.59486],[-9.76625,5.59514],[-9.76648,5.59514],[-9.76648,5.60251],[-9.75222,5.60251],[-9.75222,5.58826]]]},"properties":{"region":"GrandBassa","district":"District # 4","floods_1m":1,"floods_2m":1,"floods_3m":1,"first_flood_m":1,"nests":true}},{"type":"Feature","geometry":{"type":"Polygon","coordinates":[[[-8.35494,4.67574],[-8.3692,4.67574],[-8.3692,4.69],[-8.35494,4.69],[-8.35494,4.67574]]]},"properties":{"region":"GrandKru","district":"Sasstown 180606","floods_1m":1,"floods_2m":1,"floods_3m":1,"first_flood_m":1,"nests":true}},{"type":"Feature","geometry":{"type":"Polygon","coordinates":[[[-8.39772,4.67574],[-8.41197,4.67574],[-8.41197,4.69],[-8.39772,4.69],[-8.39772,4.67574]]]},"properties":{"region":"GrandKru","district":"Sasstown 180606","floods_1m":0,"floods_2m":1,"floods_3m":0,"first_flood_m":2,"nests":false}},{"type":"Feature","geometry":{"type":"Polygon","coordinates":[[[-7.69907,4.37633],[-7.71333,4.37633],[-7.71333,4.39058],[-7.69907,4.39058],[-7.69907,4.37633]]]},"properties":{"region":"Maryland","district":"Pleebo/Sodeken","floods_1m":1,"floods_2m":1,"floods_3m":1,"first_flood_m":1,"nests":true}},{"type":"Feature","geometry":{"type":"Polygon","coordinates":[[[-7.79888,4.43336],[-7.81314,4.43336],[-7.81314,4.44409],[-7.81121,4.44762],[-7.79888,4.44762],[-7.79888,4.43336]]]},"properties":{"region":"Maryland","district":"Pleebo/Sodeken","floods_1m":1,"floods_2m":1,"floods_3m":1,"first_flood_m":1,"nests":true}},{"type":"Feature","geometry":{"type":"Polygon","coordinates":[[[-7.77036,4.39058],[-7.77458,4.39058],[-7.77458,4.3907],[-7.77584,4.3907],[-7.77597,4.3907],[-7.77597,4.39089],[-7.77597,4.39097],[-7.7768,4.39097],[-7.7768,4.39125],[-7.77847,4.39125],[-7.77847,4.39153],[-7.78431,4.39153],[-7.78431,4.39181],[-7.78458,4.39181],[-7.78458,4.39208],[-7.78462,4.39208],[-7.78462,4.3932],[-7.78458,4.3932],[-7.78458,4.39347],[-7.78431,4.39347],[-7.78431,4.39375],[-7.78403,4.39375],[-7.78403,4.39514],[-7.78431,4.39514],[-7.78431,4.39597],[-7.78403,4.39597],[-7.78403,4.39653],[-7.78375,4.39653],[-7.78375,4.3968],[-7.78347,4.3968],[-7.78347,4.39736],[-7.7832,4.39736],[-7.7832,4.39764],[-7.78292,4.39764],[-7.78292,4.39847],[-7.78264,4.39847],[-7.78264,4.39903],[-7.78236,4.39903],[-7.78236,4.39986],[-7.78264,4.39986],[-7.78264,4.40042],[-7.78292,4.40042],[-7.78292,4.40069],[-7.7832,4.40069],[-7.7832,4.40097],[-7.78347,4.40097],[-7.78347,4.40153],[-7.78375,4.40153],[-7.78375,4.40208],[-7.78403,4.40208],[-7.78403,4.40236],[-7.78431,4.40236],[-7.78431,4.40264],[-7.78458,4.40264],[-7.78458,4.40292],[-7.78462,4.40292],[-7.78462,4.40484],[-7.77036,4.40484],[-7.77036,4.39058]]]},"properties":{"region":"Maryland","district":"Pleebo/Sodeken","floods_1m":1,"floods_2m":1,"floods_3m":1,"first_flood_m":1,"nests":true}},{"type":"Feature","geometry":{"type":"MultiPolygon","coordinates":[[[[-8.46901,4.69153],[-8.46903,4.69153],[-8.46903,4.6918],[-8.46931,4.6918],[-8.46931,4.69375],[-8.46959,4.69375],[-8.46959,4.69458],[-8.46986,4.69458],[-8.46986,4.69542],[-8.47014,4.69542],[-8.47014,4.69569],[-8.47042,4.69569],[-8.47042,4.69597],[-8.47069,4.69597],[-8.47069,4.69625],[-8.47097,4.69625],[-8.47101,4.69736],[-8.47125,4.69736],[-8.47125,4.69847],[-8.47153,4.69847],[-8.47153,4.69903],[-8.4718,4.69903],[-8.4718,4.69931],[-8.47208,4.69931],[-8.47208,4.69986],[-8.47236,4.69986],[-8.47236,4.70014],[-8.47292,4.70014],[-8.47292,4.70069],[-8.47236,4.70069],[-8.47236,4.70097],[-8.47208,4.70097],[-8.47208,4.70125],[-8.47197,4.70125],[-8.47153,4.70125],[-8.47153,4.70181],[-8.47125,4.70181],[-8.47125,4.70236],[-8.47097,4.70236],[-8.47097,4.70264],[-8.47069,4.70264],[-8.47069,4.70319],[-8.47042,4.70319],[-8.47042,4.70403],[-8.47014,4.70403],[-8.47014,4.70426],[-8.46901,4.70426],[-8.46901,4.69153]]],[[[-8.47514,4.70426],[-8.4718,4.70426],[-8.4718,4.70375],[-8.47208,4.70375],[-8.47208,4.70319],[-8.47236,4.70319],[-8.47236,4.70264],[-8.47257,4.70264],[-8.47292,4.70264],[-8.47292,4.70236],[-8.47347,4.70236],[-8.47347,4.70264],[-8.47403,4.70264],[-8.47403,4.70347],[-8.47458,4.70347],[-8.47458,4.70403],[-8.47514,4.70403],[-8.47514,4.70426]]]]},"properties":{"region":"GrandKru","district":"Sasstown 180606","floods_1m":1,"floods_2m":1,"floods_3m":1,"first_flood_m":1,"nests":true}},{"type":"Feature","geometry":{"type":"Polygon","coordinates":[[[-8.62584,4.78981],[-8.6401,4.78981],[-8.6401,4.80407],[-8.62584,4.80407],[-8.62584,4.78981]]]},"properties":{"region":"GrandKru","district":"Sasstown 180606","floods_1m":0,"floods_2m":1,"floods_3m":0,"first_flood_m":2,"nests":false}},{"type":"Feature","geometry":{"type":"Polygon","coordinates":[[[-9.88055,5.71658],[-9.89347,5.71658],[-9.89347,5.7168],[-9.8943,5.7168],[-9.8943,5.71708],[-9.89458,5.71708],[-9.89458,5.71736],[-9.8948,5.71736],[-9.8948,5.73084],[-9.88055,5.73084],[-9.88055,5.71658]]]},"properties":{"region":"GrandBassa","district":"District # 4","floods_1m":1,"floods_2m":1,"floods_3m":1,"first_flood_m":1,"nests":true}},{"type":"Feature","geometry":{"type":"Polygon","coordinates":[[[-8.49752,4.71852],[-8.50014,4.71852],[-8.50014,4.71875],[-8.50042,4.71875],[-8.50042,4.71903],[-8.5007,4.71903],[-8.5007,4.71986],[-8.50097,4.71986],[-8.50097,4.72014],[-8.50125,4.72014],[-8.50125,4.72042],[-8.50153,4.72042],[-8.50153,4.7207],[-8.50208,4.7207],[-8.50208,4.72097],[-8.50236,4.72097],[-8.50236,4.72125],[-8.50319,4.72125],[-8.50319,4.72153],[-8.50347,4.72153],[-8.50347,4.72181],[-8.50403,4.72181],[-8.50403,4.72208],[-8.5043,4.72208],[-8.5043,4.72236],[-8.50542,4.72236],[-8.50542,4.72264],[-8.50708,4.72264],[-8.50708,4.7232],[-8.50736,4.7232],[-8.50736,4.72347],[-8.50764,4.72347],[-8.50764,4.72375],[-8.50792,4.72375],[-8.50792,4.72431],[-8.50819,4.72431],[-8.50819,4.72509],[-8.50819,4.7257],[-8.50847,4.7257],[-8.50847,4.72653],[-8.50875,4.72653],[-8.50875,4.72708],[-8.50903,4.72708],[-8.50903,4.72736],[-8.5093,4.72736],[-8.5093,4.72764],[-8.50958,4.72764],[-8.50958,4.72792],[-8.50986,4.72792],[-8.50986,4.72819],[-8.51014,4.72819],[-8.51014,4.72847],[-8.51042,4.72847],[-8.51042,4.72903],[-8.5107,4.72903],[-8.5107,4.72931],[-8.51097,4.72931],[-8.51097,4.72958],[-8.51153,4.72958],[-8.51153,4.72986],[-8.51178,4.72986],[-8.51178,4.73278],[-8.49752,4.73278],[-8.49752,4.71852]]]},"properties":{"region":"GrandKru","district":"Sasstown 180606","floods_1m":1,"floods_2m":1,"floods_3m":1,"first_flood_m":1,"nests":true}},{"type":"Feature","geometry":{"type":"MultiPolygon","coordinates":[[[[-9.83777,5.66792],[-9.83792,5.66792],[-9.83792,5.66819],[-9.83819,5.66819],[-9.83819,5.66875],[-9.83847,5.66875],[-9.83847,5.66958],[-9.83931,5.66958],[-9.83931,5.67014],[-9.83958,5.67014],[-9.83958,5.67042],[-9.83986,5.67042],[-9.83986,5.67097],[-9.84014,5.67097],[-9.84014,5.67153],[-9.84042,5.67153],[-9.84042,5.67181],[-9.84069,5.67181],[-9.84069,5.67236],[-9.84097,5.67236],[-9.84097,5.67319],[-9.84125,5.67319],[-9.84125,5.67347],[-9.84153,5.67347],[-9.84153,5.67375],[-9.84181,5.67375],[-9.84181,5.6738],[-9.83777,5.6738],[-9.83777,5.66792]]],[[[-9.83777,5.6668],[-9.83777,5.66542],[-9.83792,5.66542],[-9.83792,5.66569],[-9.83819,5.66569],[-9.83819,5.66653],[-9.83792,5.66653],[-9.83792,5.6668],[-9.83777,5.6668]]]]},"properties":{"region":"GrandBassa","district":"District # 4","floods_1m":1,"floods_2m":1,"floods_3m":1,"first_flood_m":1,"nests":true}},{"type":"Feature","geometry":{"type":"Polygon","coordinates":[[[-10.27977,6.1158],[-10.29403,6.1158],[-10.29403,6.13006],[-10.27977,6.13006],[-10.27977,6.1158]]]},"properties":{"region":"GrandBassa","district":"Owensgrove","floods_1m":0,"floods_2m":1,"floods_3m":0,"first_flood_m":2,"nests":false}},{"type":"Feature","geometry":{"type":"Polygon","coordinates":[[[-8.44049,4.67574],[-8.45097,4.67574],[-8.45097,4.67625],[-8.4507,4.67625],[-8.4507,4.67653],[-8.45042,4.67653],[-8.45042,4.67681],[-8.45014,4.67681],[-8.45014,4.67792],[-8.44986,4.67792],[-8.44986,4.67819],[-8.45014,4.67819],[-8.45014,4.67903],[-8.45042,4.67903],[-8.45042,4.67948],[-8.45042,4.68014],[-8.4507,4.68014],[-8.4507,4.68069],[-8.45097,4.68069],[-8.45097,4.68097],[-8.45125,4.68097],[-8.45125,4.68153],[-8.45153,4.68153],[-8.45153,4.68181],[-8.45181,4.68181],[-8.45181,4.68236],[-8.45208,4.68236],[-8.45208,4.68264],[-8.45236,4.68264],[-8.45236,4.68292],[-8.45292,4.68292],[-8.45292,4.68319],[-8.45347,4.68319],[-8.45347,4.68347],[-8.45375,4.68347],[-8.45375,4.68375],[-8.4543,4.68375],[-8.4543,4.68403],[-8.45475,4.68403],[-8.45475,4.69],[-8.44049,4.69],[-8.44049,4.67574]]]},"properties":{"region":"GrandKru","district":"Sasstown 180606","floods_1m":1,"floods_2m":1,"floods_3m":1,"first_flood_m":1,"nests":true}},{"type":"Feature","geometry":{"type":"Polygon","coordinates":[[[-10.30829,6.08728],[-10.31597,6.08728],[-10.31597,6.08736],[-10.31653,6.08736],[-10.31653,6.08764],[-10.31708,6.08764],[-10.31708,6.08792],[-10.31819,6.08792],[-10.31819,6.08819],[-10.31903,6.08819],[-10.31903,6.08847],[-10.31931,6.08847],[-10.31931,6.08875],[-10.32153,6.08875],[-10.32153,6.08903],[-10.32208,6.08903],[-10.32208,6.0893],[-10.32254,6.0893],[-10.32254,6.10154],[-10.30829,6.10154],[-10.30829,6.08728]]]},"properties":{"region":"GrandBassa","district":"Owensgrove","floods_1m":1,"floods_2m":1,"floods_3m":1,"first_flood_m":1,"nests":true}},{"type":"Feature","geometry":{"type":"Polygon","coordinates":[[[-10.30829,6.08403],[-10.30903,6.08403],[-10.30903,6.08431],[-10.30958,6.08431],[-10.30958,6.08458],[-10.31014,6.08458],[-10.31014,6.08486],[-10.31069,6.08486],[-10.31069,6.08514],[-10.31125,6.08514],[-10.31125,6.08542],[-10.31153,6.08542],[-10.31153,6.08569],[-10.31236,6.08569],[-10.31236,6.08597],[-10.31292,6.08597],[-10.31292,6.08625],[-10.31375,6.08625],[-10.31375,6.08653],[-10.31403,6.08653],[-10.31403,6.0868],[-10.31431,6.08681],[-10.31431,6.08708],[-10.31597,6.08708],[-10.31597,6.08728],[-10.30829,6.08728],[-10.30829,6.08403]]]},"properties":{"region":"GrandBassa","district":"Owensgrove","floods_1m":1,"floods_2m":1,"floods_3m":1,"first_flood_m":1,"nests":true}},{"type":"Feature","geometry":{"type":"Polygon","coordinates":[[[-8.39772,4.66149],[-8.41197,4.66149],[-8.41197,4.67574],[-8.39772,4.67574],[-8.39772,4.66149]]]},"properties":{"region":"GrandKru","district":"Sasstown 180606","floods_1m":1,"floods_2m":1,"floods_3m":1,"first_flood_m":1,"nests":true}},{"type":"Feature","geometry":{"type":"Polygon","coordinates":[[[-7.72759,4.39125],[-7.72764,4.39125],[-7.72764,4.39153],[-7.72792,4.39153],[-7.72792,4.39181],[-7.72819,4.39181],[-7.72819,4.39208],[-7.72903,4.39208],[-7.72903,4.39236],[-7.73014,4.39236],[-7.73014,4.39264],[-7.73069,4.39264],[-7.73069,4.39236],[-7.73125,4.39236],[-7.73125,4.39208],[-7.73153,4.39208],[-7.73153,4.39125],[-7.73181,4.39125],[-7.73181,4.39058],[-7.74185,4.39058],[-7.74185,4.40484],[-7.72759,4.40484],[-7.72759,4.39125]]]},"properties":{"region":"Maryland","district":"Pleebo/Sodeken","floods_1m":1,"floods_2m":1,"floods_3m":1,"first_flood_m":1,"nests":true}},{"type":"Feature","geometry":{"type":"Polygon","coordinates":[[[-8.65436,4.80407],[-8.66808,4.80407],[-8.66011,4.81832],[-8.65436,4.81832],[-8.65436,4.80407]]]},"properties":{"region":"GrandKru","district":"Sasstown 180606","floods_1m":1,"floods_2m":1,"floods_3m":1,"first_flood_m":1,"nests":true}},{"type":"Feature","geometry":{"type":"Polygon","coordinates":[[[-10.32254,6.1158],[-10.3368,6.1158],[-10.3368,6.13006],[-10.32254,6.13006],[-10.32254,6.1158]]]},"properties":{"region":"GrandBassa","district":"Owensgrove","floods_1m":1,"floods_2m":1,"floods_3m":1,"first_flood_m":1,"nests":true}},{"type":"Feature","geometry":{"type":"Polygon","coordinates":[[[-10.20848,6.03025],[-10.21681,6.03025],[-10.21681,6.03069],[-10.21653,6.03069],[-10.21653,6.03097],[-10.21681,6.03097],[-10.21681,6.03125],[-10.21708,6.03125],[-10.21708,6.03153],[-10.21681,6.03153],[-10.21681,6.03236],[-10.21708,6.03236],[-10.21708,6.03264],[-10.21736,6.03264],[-10.21736,6.0332],[-10.21764,6.0332],[-10.21764,6.03403],[-10.21792,6.03403],[-10.21792,6.03431],[-10.21819,6.03431],[-10.21819,6.03458],[-10.21847,6.03458],[-10.21847,6.03486],[-10.21875,6.03486],[-10.21875,6.03514],[-10.21903,6.03514],[-10.21903,6.03542],[-10.21958,6.03542],[-10.21958,6.0357],[-10.21986,6.0357],[-10.21986,6.03597],[-10.22042,6.03597],[-10.22042,6.03625],[-10.22069,6.03625],[-10.22069,6.03653],[-10.22097,6.03653],[-10.22097,6.03681],[-10.22125,6.03681],[-10.22125,6.03708],[-10.22153,6.03708],[-10.22153,6.03736],[-10.22208,6.03736],[-10.22208,6.03764],[-10.22236,6.03764],[-10.22236,6.0382],[-10.22264,6.0382],[-10.22264,6.03847],[-10.22274,6.03847],[-10.22274,6.04451],[-10.20848,6.04451],[-10.20848,6.03025]]]},"properties":{"region":"GrandBassa","district":"Owensgrove","floods_1m":1,"floods_2m":1,"floods_3m":1,"first_flood_m":1,"nests":true}},{"type":"Feature","geometry":{"type":"Polygon","coordinates":[[[-10.20848,6.01599],[-10.21069,6.01599],[-10.21069,6.01681],[-10.21097,6.01681],[-10.21097,6.01708],[-10.21069,6.01708],[-10.21069,6.01764],[-10.21014,6.01764],[-10.21014,6.01792],[-10.20986,6.01792],[-10.20986,6.01819],[-10.20958,6.0182],[-10.20958,6.01931],[-10.20986,6.01931],[-10.20986,6.01958],[-10.21014,6.01958],[-10.21014,6.01986],[-10.21069,6.01986],[-10.21069,6.02069],[-10.21097,6.02069],[-10.21097,6.02097],[-10.21125,6.02097],[-10.21125,6.02125],[-10.21153,6.02125],[-10.21153,6.02181],[-10.21181,6.02181],[-10.21181,6.02236],[-10.21236,6.02236],[-10.21236,6.02292],[-10.21264,6.02292],[-10.21264,6.02347],[-10.21292,6.02347],[-10.21292,6.02403],[-10.21347,6.02403],[-10.21347,6.02431],[-10.21375,6.02431],[-10.21375,6.02486],[-10.21403,6.02486],[-10.21403,6.02514],[-10.21458,6.02514],[-10.21458,6.02569],[-10.21514,6.02569],[-10.21514,6.02681],[-10.21542,6.02681],[-10.21542,6.02764],[-10.21597,6.02764],[-10.21597,6.02819],[-10.21625,6.02819],[-10.21625,6.02875],[-10.21653,6.02875],[-10.21653,6.02954],[-10.21653,6.03014],[-10.21681,6.03014],[-10.21681,6.03025],[-10.20848,6.03025],[-10.20848,6.01599]]]},"properties":{"region":"GrandBassa","district":"Owensgrove","floods_1m":1,"floods_2m":1,"floods_3m":1,"first_flood_m":1,"nests":true}},{"type":"Feature","geometry":{"type":"Polygon","coordinates":[[[-7.68482,4.40484],[-7.69907,4.40484],[-7.69907,4.4191],[-7.68482,4.4191],[-7.68482,4.40484]]]},"properties":{"region":"Maryland","district":"Pleebo/Sodeken","floods_1m":0,"floods_2m":1,"floods_3m":0,"first_flood_m":2,"nests":false}},{"type":"Feature","geometry":{"type":"Polygon","coordinates":[[[-7.69907,4.3707],[-7.69958,4.3707],[-7.69958,4.37097],[-7.7032,4.37097],[-7.7032,4.37125],[-7.70431,4.37125],[-7.70431,4.37097],[-7.70514,4.37097],[-7.70514,4.37125],[-7.70625,4.37125],[-7.70625,4.37097],[-7.70681,4.37097],[-7.70681,4.37125],[-7.71042,4.37125],[-7.71042,4.37153],[-7.71069,4.37153],[-7.71069,4.37125],[-7.71208,4.37125],[-7.71208,4.37153],[-7.71292,4.37153],[-7.71292,4.37125],[-7.71319,4.37125],[-7.71319,4.37153],[-7.71333,4.37153],[-7.71333,4.37633],[-7.69907,4.37633],[-7.69907,4.3707]]]},"properties":{"region":"Maryland","district":"Pleebo/Sodeken","floods_1m":1,"floods_2m":1,"floods_3m":1,"first_flood_m":1,"nests":true}},{"type":"Feature","geometry":{"type":"MultiPolygon","coordinates":[[[[-10.25125,6.05847],[-10.25181,6.05847],[-10.25181,6.05875],[-10.25208,6.05875],[-10.25208,6.05877],[-10.25125,6.05877],[-10.25125,6.05847]]],[[[-10.25264,6.05877],[-10.25236,6.05877],[-10.25236,6.05875],[-10.25264,6.05875],[-10.25264,6.05877]]]]},"properties":{"region":"GrandBassa","district":"Owensgrove","floods_1m":0,"floods_2m":1,"floods_3m":0,"first_flood_m":2,"nests":false}},{"type":"Feature","geometry":{"type":"Polygon","coordinates":[[[-10.30829,6.10154],[-10.32254,6.10154],[-10.32254,6.1158],[-10.30829,6.1158],[-10.30829,6.10154]]]},"properties":{"region":"GrandBassa","district":"Owensgrove","floods_1m":1,"floods_2m":1,"floods_3m":1,"first_flood_m":1,"nests":true}},{"type":"Feature","geometry":{"type":"Polygon","coordinates":[[[-10.27977,6.14432],[-10.29403,6.14432],[-10.29403,6.15857],[-10.27977,6.15857],[-10.27977,6.14432]]]},"properties":{"region":"GrandBassa","district":"Owensgrove","floods_1m":0,"floods_2m":1,"floods_3m":0,"first_flood_m":2,"nests":false}},{"type":"Feature","geometry":{"type":"Polygon","coordinates":[[[-10.26551,6.08728],[-10.27977,6.08728],[-10.27977,6.10154],[-10.26551,6.10154],[-10.26551,6.08728]]]},"properties":{"region":"GrandBassa","district":"Owensgrove","floods_1m":0,"floods_2m":1,"floods_3m":0,"first_flood_m":2,"nests":false}},{"type":"Feature","geometry":{"type":"Polygon","coordinates":[[[-8.49752,4.73278],[-8.51178,4.73278],[-8.51178,4.74703],[-8.49752,4.74703],[-8.49752,4.73278]]]},"properties":{"region":"GrandKru","district":"Sasstown 180606","floods_1m":1,"floods_2m":1,"floods_3m":1,"first_flood_m":1,"nests":true}},{"type":"Feature","geometry":{"type":"Polygon","coordinates":[[[-8.65436,4.79097],[-8.65597,4.79097],[-8.65597,4.79125],[-8.65708,4.79125],[-8.65708,4.79153],[-8.65764,4.79153],[-8.65764,4.79181],[-8.65847,4.79181],[-8.65847,4.79208],[-8.65903,4.79208],[-8.65903,4.79236],[-8.65958,4.79236],[-8.65958,4.79264],[-8.6607,4.79264],[-8.6607,4.79292],[-8.66153,4.79292],[-8.66153,4.79319],[-8.66208,4.79319],[-8.66208,4.79347],[-8.66264,4.79347],[-8.66264,4.79375],[-8.66319,4.79375],[-8.66319,4.79403],[-8.66347,4.79403],[-8.66347,4.7943],[-8.66403,4.79431],[-8.66403,4.79458],[-8.6657,4.79458],[-8.6657,4.79486],[-8.66597,4.79486],[-8.66597,4.79514],[-8.66625,4.79514],[-8.66625,4.79486],[-8.66681,4.79486],[-8.66681,4.79514],[-8.66699,4.79514],[-8.66764,4.79514],[-8.66764,4.79569],[-8.66819,4.79569],[-8.66819,4.79597],[-8.66862,4.79597],[-8.66862,4.8031],[-8.66808,4.80407],[-8.65436,4.80407],[-8.65436,4.79097]]]},"properties":{"region":"GrandKru","district":"Sasstown 180606","floods_1m":1,"floods_2m":1,"floods_3m":1,"first_flood_m":1,"nests":true}},{"type":"Feature","geometry":{"type":"Polygon","coordinates":[[[-10.26551,6.10154],[-10.27977,6.10154],[-10.27977,6.1158],[-10.26551,6.1158],[-10.26551,6.10154]]]},"properties":{"region":"GrandBassa","district":"Owensgrove","floods_1m":0,"floods_2m":1,"floods_3m":0,"first_flood_m":2,"nests":false}},{"type":"Feature","geometry":{"type":"MultiPolygon","coordinates":[[[[-10.3368,6.09708],[-10.33708,6.09708],[-10.33708,6.09736],[-10.33903,6.09736],[-10.33903,6.09764],[-10.33986,6.09764],[-10.33986,6.09792],[-10.34014,6.09792],[-10.34014,6.09764],[-10.34042,6.09764],[-10.34042,6.09708],[-10.34014,6.09708],[-10.34014,6.09681],[-10.33958,6.09681],[-10.33958,6.09653],[-10.3393,6.09653],[-10.3393,6.09597],[-10.33958,6.09597],[-10.33958,6.09625],[-10.34014,6.09625],[-10.34014,6.09653],[-10.34097,6.09653],[-10.34097,6.09681],[-10.34153,6.09681],[-10.34153,6.09708],[-10.34236,6.09708],[-10.34236,6.09736],[-10.34347,6.09736],[-10.34347,6.09764],[-10.34431,6.09764],[-10.34431,6.09736],[-10.34458,6.09736],[-10.34458,6.09764],[-10.34514,6.09764],[-10.34514,6.09792],[-10.34569,6.09792],[-10.34569,6.0982],[-10.34597,6.0982],[-10.34597,6.09847],[-10.34681,6.09847],[-10.34681,6.09875],[-10.34708,6.09875],[-10.34708,6.09903],[-10.34764,6.09909],[-10.34764,6.09931],[-10.34903,6.09931],[-10.34903,6.09958],[-10.34931,6.09958],[-10.34931,6.09986],[-10.34986,6.09986],[-10.34986,6.10014],[-10.35042,6.10014],[-10.35042,6.10042],[-10.35097,6.10042],[-10.35097,6.10069],[-10.35106,6.10069],[-10.35106,6.10154],[-10.3368,6.10154],[-10.3368,6.09708]]],[[[-10.3368,6.09514],[-10.33681,6.09514],[-10.33681,6.0957],[-10.3368,6.0957],[-10.3368,6.09514]]]]},"properties":{"region":"GrandBassa","district":"Owensgrove","floods_1m":1,"floods_2m":1,"floods_3m":1,"first_flood_m":1,"nests":true}},{"type":"Feature","geometry":{"type":"Polygon","coordinates":[[[-10.35106,6.13006],[-10.35895,6.13006],[-10.35316,6.14432],[-10.35106,6.14432],[-10.35106,6.13006]]]},"properties":{"region":"GrandBassa","district":"Owensgrove","floods_1m":1,"floods_2m":1,"floods_3m":1,"first_flood_m":1,"nests":true}},{"type":"Feature","geometry":{"type":"Polygon","coordinates":[[[-7.81314,4.43336],[-7.81792,4.43336],[-7.81792,4.43431],[-7.81819,4.43434],[-7.81733,4.43643],[-7.81314,4.44409],[-7.81314,4.43336]]]},"properties":{"region":"Maryland","district":"Pleebo/Sodeken","floods_1m":1,"floods_2m":1,"floods_3m":1,"first_flood_m":1,"nests":true}},{"type":"Feature","geometry":{"type":"Polygon","coordinates":[[[-10.30829,6.13006],[-10.32254,6.13006],[-10.32254,6.14432],[-10.30829,6.14432],[-10.30829,6.13006]]]},"properties":{"region":"GrandBassa","district":"Owensgrove","floods_1m":1,"floods_2m":1,"floods_3m":1,"first_flood_m":1,"nests":true}},{"type":"Feature","geometry":{"type":"Polygon","coordinates":[[[-7.6563,4.37633],[-7.67056,4.37633],[-7.67056,4.39058],[-7.6563,4.39058],[-7.6563,4.37633]]]},"properties":{"region":"Maryland","district":"Pleebo/Sodeken","floods_1m":1,"floods_2m":1,"floods_3m":1,"first_flood_m":1,"nests":true}},{"type":"Feature","geometry":{"type":"Polygon","coordinates":[[[-8.3692,4.66149],[-8.38346,4.66149],[-8.38346,4.67574],[-8.3692,4.67574],[-8.3692,4.66149]]]},"properties":{"region":"GrandKru","district":"Sasstown 180606","floods_1m":1,"floods_2m":1,"floods_3m":1,"first_flood_m":1,"nests":true}},{"type":"Feature","geometry":{"type":"Polygon","coordinates":[[[-10.3368,6.14432],[-10.35106,6.14432],[-10.35106,6.14948],[-10.34736,6.15857],[-10.3368,6.15857],[-10.3368,6.14432]]]},"properties":{"region":"GrandBassa","district":"Owensgrove","floods_1m":1,"floods_2m":1,"floods_3m":1,"first_flood_m":1,"nests":true}},{"type":"Feature","geometry":{"type":"Polygon","coordinates":[[[-8.56881,4.76129],[-8.57569,4.76129],[-8.57569,4.76153],[-8.57653,4.76153],[-8.57653,4.76181],[-8.5768,4.76181],[-8.5768,4.76208],[-8.57736,4.76208],[-8.57736,4.76236],[-8.57819,4.76236],[-8.57819,4.76264],[-8.57903,4.76264],[-8.57903,4.76292],[-8.57958,4.76292],[-8.57958,4.76319],[-8.58042,4.76319],[-8.58042,4.76347],[-8.58125,4.76347],[-8.58125,4.76375],[-8.58181,4.76375],[-8.58307,4.76375],[-8.58307,4.77555],[-8.56881,4.77555],[-8.56881,4.76129]]]},"properties":{"region":"GrandKru","district":"Sasstown 180606","floods_1m":1,"floods_2m":1,"floods_3m":1,"first_flood_m":1,"nests":true}},{"type":"Feature","geometry":{"type":"Polygon","coordinates":[[[-8.52604,4.73681],[-8.52625,4.73681],[-8.52625,4.73708],[-8.52708,4.73708],[-8.52708,4.73736],[-8.52764,4.73736],[-8.52764,4.73764],[-8.52792,4.73764],[-8.52792,4.73792],[-8.5282,4.73792],[-8.5282,4.73819],[-8.52903,4.73819],[-8.52903,4.73875],[-8.53014,4.73875],[-8.53014,4.73903],[-8.53042,4.73903],[-8.53042,4.7393],[-8.53097,4.7393],[-8.53097,4.73958],[-8.53125,4.73958],[-8.53125,4.73986],[-8.53236,4.73986],[-8.53236,4.74014],[-8.53264,4.74014],[-8.53264,4.74042],[-8.53347,4.74042],[-8.53347,4.74069],[-8.53375,4.74069],[-8.53375,4.74097],[-8.53458,4.74097],[-8.53458,4.74125],[-8.53542,4.74125],[-8.53542,4.74153],[-8.53625,4.74153],[-8.53625,4.74181],[-8.53792,4.74181],[-8.53792,4.74208],[-8.5382,4.74208],[-8.5382,4.74236],[-8.53847,4.74236],[-8.53847,4.74264],[-8.53875,4.74264],[-8.53875,4.74292],[-8.53903,4.74292],[-8.53903,4.7432],[-8.53958,4.7432],[-8.53958,4.74347],[-8.53986,4.74347],[-8.53986,4.74375],[-8.54014,4.74375],[-8.54014,4.74403],[-8.5403,4.74403],[-8.5403,4.74703],[-8.52604,4.74703],[-8.52604,4.73681]]]},"properties":{"region":"GrandKru","district":"Sasstown 180606","floods_1m":1,"floods_2m":1,"floods_3m":1,"first_flood_m":1,"nests":true}},{"type":"Feature","geometry":{"type":"Polygon","coordinates":[[[-7.54224,4.36236],[-7.54347,4.36236],[-7.54347,4.36264],[-7.54681,4.36264],[-7.54681,4.36236],[-7.55125,4.36236],[-7.55125,4.36264],[-7.55649,4.36264],[-7.55649,4.37633],[-7.54224,4.37633],[-7.54224,4.36236]]]},"properties":{"region":"Maryland","district":"Pleebo/Sodeken","floods_1m":1,"floods_2m":1,"floods_3m":1,"first_flood_m":1,"nests":true}},{"type":"Feature","geometry":{"type":"Polygon","coordinates":[[[-8.48326,4.73278],[-8.49752,4.73278],[-8.49752,4.74703],[-8.48326,4.74703],[-8.48326,4.73278]]]},"properties":{"region":"GrandKru","district":"Sasstown 180606","floods_1m":0,"floods_2m":1,"floods_3m":0,"first_flood_m":2,"nests":false}},{"type":"Feature","geometry":{"type":"Polygon","coordinates":[[[-10.27977,6.07236],[-10.28014,6.07236],[-10.28014,6.07264],[-10.28097,6.07264],[-10.28097,6.07292],[-10.28153,6.07292],[-10.28153,6.07303],[-10.27977,6.07303],[-10.27977,6.07236]]]},"properties":{"region":"GrandBassa","district":"Owensgrove","floods_1m":1,"floods_2m":1,"floods_3m":1,"first_flood_m":1,"nests":true}},{"type":"Feature","geometry":{"type":"Polygon","coordinates":[[[-7.78462,4.40484],[-7.78819,4.40484],[-7.78819,4.40486],[-7.78931,4.40486],[-7.78931,4.40514],[-7.78958,4.40514],[-7.78958,4.40569],[-7.78986,4.40569],[-7.78986,4.40597],[-7.79014,4.40597],[-7.79014,4.40625],[-7.79069,4.40625],[-7.79069,4.40653],[-7.79097,4.40653],[-7.79097,4.40681],[-7.79181,4.40681],[-7.79181,4.40708],[-7.79236,4.40708],[-7.79236,4.40736],[-7.79264,4.40736],[-7.79264,4.40764],[-7.79347,4.40764],[-7.79347,4.40792],[-7.79375,4.40792],[-7.79375,4.40819],[-7.79458,4.40819],[-7.79458,4.40847],[-7.79569,4.40847],[-7.79569,4.40875],[-7.79653,4.40875],[-7.79653,4.40903],[-7.79764,4.40903],[-7.79764,4.40931],[-7.79888,4.40931],[-7.79888,4.4191],[-7.78462,4.4191],[-7.78462,4.40484]]]},"properties":{"region":"Maryland","district":"Pleebo/Sodeken","floods_1m":1,"floods_2m":1,"floods_3m":1,"first_flood_m":1,"nests":true}},{"type":"Feature","geometry":{"type":"Polygon","coordinates":[[[-10.35106,6.10069],[-10.35264,6.10069],[-10.35264,6.10097],[-10.35319,6.10097],[-10.35319,6.10125],[-10.35347,6.10125],[-10.35347,6.10097],[-10.35375,6.10097],[-10.35375,6.10125],[-10.35403,6.10125],[-10.35403,6.10154],[-10.35106,6.10154],[-10.35106,6.10069]]]},"properties":{"region":"GrandBassa","district":"Owensgrove","floods_1m":1,"floods_2m":1,"floods_3m":1,"first_flood_m":1,"nests":true}},{"type":"Feature","geometry":{"type":"Polygon","coordinates":[[[-10.20848,6.01292],[-10.20875,6.01292],[-10.20875,6.01347],[-10.20903,6.01347],[-10.20903,6.01375],[-10.20931,6.01375],[-10.20931,6.01431],[-10.20958,6.01431],[-10.20958,6.01486],[-10.20986,6.01486],[-10.20986,6.01542],[-10.21014,6.01542],[-10.21014,6.0157],[-10.21042,6.0157],[-10.21042,6.01597],[-10.21069,6.01597],[-10.21069,6.01599],[-10.20848,6.01599],[-10.20848,6.01292]]]},"properties":{"region":"GrandBassa","district":"Owensgrove","floods_1m":1,"floods_2m":1,"floods_3m":1,"first_flood_m":1,"nests":true}},{"type":"Feature","geometry":{"type":"Polygon","coordinates":[[[-10.36532,6.11097],[-10.36542,6.11097],[-10.36542,6.11125],[-10.36569,6.11125],[-10.36569,6.11153],[-10.36625,6.11153],[-10.36625,6.1118],[-10.36637,6.1118],[-10.36532,6.11439],[-10.36532,6.11097]]]},"properties":{"region":"GrandBassa","district":"Owensgrove","floods_1m":1,"floods_2m":1,"floods_3m":1,"first_flood_m":1,"nests":true}},{"type":"Feature","geometry":{"type":"Polygon","coordinates":[[[-8.61159,4.77847],[-8.6118,4.77847],[-8.6118,4.77875],[-8.61208,4.77875],[-8.61208,4.77903],[-8.61236,4.77903],[-8.61236,4.77916],[-8.61236,4.7793],[-8.61375,4.7793],[-8.61375,4.77958],[-8.61597,4.77958],[-8.61597,4.77986],[-8.61708,4.77986],[-8.61708,4.78014],[-8.61736,4.78014],[-8.61736,4.78042],[-8.61764,4.78042],[-8.61764,4.78014],[-8.61792,4.78014],[-8.61792,4.78042],[-8.6182,4.78042],[-8.6182,4.78097],[-8.61875,4.78097],[-8.61875,4.78125],[-8.61903,4.78125],[-8.61903,4.78153],[-8.61931,4.78153],[-8.61931,4.78181],[-8.61958,4.78181],[-8.61958,4.78236],[-8.61986,4.78236],[-8.61986,4.78264],[-8.62014,4.78264],[-8.62014,4.78292],[-8.62042,4.78292],[-8.62042,4.78319],[-8.62069,4.78319],[-8.62069,4.78347],[-8.62097,4.78347],[-8.62097,4.78181],[-8.62153,4.78181],[-8.62153,4.78153],[-8.62292,4.78153],[-8.62292,4.78125],[-8.62431,4.78125],[-8.62431,4.78153],[-8.62542,4.78153],[-8.62542,4.78181],[-8.62584,4.78181],[-8.62584,4.78981],[-8.61159,4.78981],[-8.61159,4.77847]]]},"properties":{"region":"GrandKru","district":"Sasstown 180606","floods_1m":1,"floods_2m":1,"floods_3m":1,"first_flood_m":1,"nests":true}},{"type":"Feature","geometry":{"type":"Polygon","coordinates":[[[-10.29403,6.14432],[-10.30829,6.14432],[-10.30829,6.15857],[-10.29403,6.15857],[-10.29403,6.14432]]]},"properties":{"region":"GrandBassa","district":"Owensgrove","floods_1m":0,"floods_2m":1,"floods_3m":0,"first_flood_m":2,"nests":false}},{"type":"Feature","geometry":{"type":"Polygon","coordinates":[[[-10.30829,6.1158],[-10.32254,6.1158],[-10.32254,6.13006],[-10.30829,6.13006],[-10.30829,6.1158]]]},"properties":{"region":"GrandBassa","district":"Owensgrove","floods_1m":1,"floods_2m":1,"floods_3m":1,"first_flood_m":1,"nests":true}},{"type":"Feature","geometry":{"type":"Polygon","coordinates":[[[-7.64204,4.36542],[-7.64689,4.36542],[-7.64819,4.36542],[-7.64819,4.36569],[-7.65042,4.36569],[-7.65042,4.36597],[-7.65208,4.36597],[-7.65208,4.36625],[-7.65347,4.36625],[-7.65347,4.36653],[-7.6563,4.36653],[-7.6563,4.37633],[-7.64204,4.37633],[-7.64204,4.36542]]]},"properties":{"region":"Maryland","district":"Pleebo/Sodeken","floods_1m":1,"floods_2m":1,"floods_3m":1,"first_flood_m":1,"nests":true}},{"type":"Feature","geometry":{"type":"Polygon","coordinates":[[[-7.61353,4.36207],[-7.62569,4.36207],[-7.62569,4.36208],[-7.62681,4.36208],[-7.62681,4.36236],[-7.62708,4.36236],[-7.62708,4.36264],[-7.62764,4.36264],[-7.62764,4.36292],[-7.62778,4.36292],[-7.62778,4.37633],[-7.61353,4.37633],[-7.61353,4.36207]]]},"properties":{"region":"Maryland","district":"Pleebo/Sodeken","floods_1m":1,"floods_2m":1,"floods_3m":1,"first_flood_m":1,"nests":true}},{"type":"Feature","geometry":{"type":"Polygon","coordinates":[[[-8.38346,4.64847],[-8.38347,4.64847],[-8.38347,4.64819],[-8.38431,4.64819],[-8.38431,4.64847],[-8.38597,4.64847],[-8.38597,4.64875],[-8.38625,4.64875],[-8.38625,4.64903],[-8.38708,4.64903],[-8.38708,4.64931],[-8.38958,4.64931],[-8.38958,4.64958],[-8.39014,4.64958],[-8.39014,4.64931],[-8.39042,4.64931],[-8.39042,4.64958],[-8.39069,4.64958],[-8.39069,4.65014],[-8.39236,4.65014],[-8.39236,4.65042],[-8.39403,4.65042],[-8.39403,4.65014],[-8.39486,4.65014],[-8.39486,4.65042],[-8.39597,4.65042],[-8.39597,4.65069],[-8.39625,4.65069],[-8.39625,4.65097],[-8.3968,4.65097],[-8.3968,4.65069],[-8.39736,4.65069],[-8.39736,4.65097],[-8.39772,4.65097],[-8.39772,4.66149],[-8.38346,4.66149],[-8.38346,4.64847]]]},"properties":{"region":"GrandKru","district":"Sasstown 180606","floods_1m":1,"floods_2m":1,"floods_3m":1,"first_flood_m":1,"nests":true}},{"type":"Feature","geometry":{"type":"Polygon","coordinates":[[[-10.3368,6.13006],[-10.35106,6.13006],[-10.35106,6.14432],[-10.3368,6.14432],[-10.3368,6.13006]]]},"properties":{"region":"GrandBassa","district":"Owensgrove","floods_1m":1,"floods_2m":1,"floods_3m":1,"first_flood_m":1,"nests":true}},{"type":"Feature","geometry":{"type":"Polygon","coordinates":[[[-10.3368,6.1158],[-10.35106,6.1158],[-10.35106,6.13006],[-10.3368,6.13006],[-10.3368,6.1158]]]},"properties":{"region":"GrandBassa","district":"Owensgrove","floods_1m":1,"floods_2m":1,"floods_3m":1,"first_flood_m":1,"nests":true}},{"type":"Feature","geometry":{"type":"Polygon","coordinates":[[[-10.26551,6.06569],[-10.26569,6.06569],[-10.26569,6.06597],[-10.26708,6.06597],[-10.26708,6.06625],[-10.26736,6.06625],[-10.26736,6.06653],[-10.26792,6.06653],[-10.26792,6.0668],[-10.26875,6.0668],[-10.26875,6.06708],[-10.26931,6.06708],[-10.26931,6.06736],[-10.26986,6.06736],[-10.26986,6.06764],[-10.27042,6.06764],[-10.27042,6.06792],[-10.27097,6.06792],[-10.27097,6.06819],[-10.27125,6.06819],[-10.27125,6.06847],[-10.27153,6.06847],[-10.27153,6.06875],[-10.27236,6.06875],[-10.27236,6.06903],[-10.2732,6.06903],[-10.2732,6.0693],[-10.27375,6.0693],[-10.27375,6.06958],[-10.2743,6.06958],[-10.2743,6.0693],[-10.27458,6.0693],[-10.27458,6.06958],[-10.27514,6.06958],[-10.27514,6.06986],[-10.27542,6.06986],[-10.27542,6.07014],[-10.27569,6.07014],[-10.27569,6.07042],[-10.27681,6.07042],[-10.27681,6.07069],[-10.27736,6.07069],[-10.27736,6.07125],[-10.27792,6.07125],[-10.27792,6.07153],[-10.27847,6.07153],[-10.27847,6.07181],[-10.27903,6.07181],[-10.27903,6.07208],[-10.27958,6.07208],[-10.27958,6.07236],[-10.27977,6.07236],[-10.27977,6.07303],[-10.26551,6.07303],[-10.26551,6.06569]]]},"properties":{"region":"GrandBassa","district":"Owensgrove","floods_1m":1,"floods_2m":1,"floods_3m":1,"first_flood_m":1,"nests":true}},{"type":"Feature","geometry":{"type":"Polygon","coordinates":[[[-8.51178,4.74703],[-8.52604,4.74703],[-8.52604,4.76129],[-8.51178,4.76129],[-8.51178,4.74703]]]},"properties":{"region":"GrandKru","district":"Sasstown 180606","floods_1m":1,"floods_2m":1,"floods_3m":1,"first_flood_m":1,"nests":true}},{"type":"Feature","geometry":{"type":"Polygon","coordinates":[[[-8.5403,4.74403],[-8.54042,4.74403],[-8.54042,4.74431],[-8.54069,4.74431],[-8.54069,4.74458],[-8.54125,4.74458],[-8.54125,4.74486],[-8.54153,4.74486],[-8.54153,4.74514],[-8.54181,4.74514],[-8.54181,4.74542],[-8.54236,4.74542],[-8.54236,4.7457],[-8.54264,4.7457],[-8.54264,4.74542],[-8.54292,4.74542],[-8.54292,4.7457],[-8.54319,4.7457],[-8.54319,4.74597],[-8.54347,4.74597],[-8.54347,4.74625],[-8.54375,4.74625],[-8.54375,4.74681],[-8.54431,4.74681],[-8.54431,4.74703],[-8.5403,4.74703],[-8.5403,4.74403]]]},"properties":{"region":"GrandKru","district":"Sasstown 180606","floods_1m":1,"floods_2m":1,"floods_3m":1,"first_flood_m":1,"nests":true}},{"type":"Feature","geometry":{"type":"Polygon","coordinates":[[[-10.29403,6.1158],[-10.30829,6.1158],[-10.30829,6.13006],[-10.29403,6.13006],[-10.29403,6.1158]]]},"properties":{"region":"GrandBassa","district":"Owensgrove","floods_1m":1,"floods_2m":1,"floods_3m":1,"first_flood_m":1,"nests":true}},{"type":"Feature","geometry":{"type":"Polygon","coordinates":[[[-10.27977,6.07303],[-10.28153,6.07303],[-10.28153,6.07319],[-10.28181,6.07319],[-10.28181,6.07347],[-10.28319,6.07347],[-10.28319,6.07375],[-10.28347,6.07375],[-10.28347,6.07403],[-10.28403,6.07403],[-10.28403,6.07431],[-10.2843,6.07431],[-10.2843,6.07458],[-10.28486,6.07458],[-10.28486,6.07486],[-10.28625,6.07486],[-10.28625,6.07514],[-10.28708,6.07514],[-10.28708,6.07542],[-10.28736,6.07542],[-10.28736,6.07569],[-10.28792,6.07569],[-10.28792,6.07597],[-10.2882,6.07597],[-10.2882,6.07625],[-10.28958,6.07625],[-10.28958,6.07653],[-10.28986,6.07653],[-10.28986,6.07681],[-10.29042,6.07681],[-10.29042,6.07708],[-10.29097,6.07708],[-10.29097,6.07736],[-10.29125,6.07736],[-10.29125,6.07764],[-10.29181,6.07764],[-10.29181,6.07792],[-10.29264,6.07792],[-10.29264,6.07819],[-10.29292,6.07819],[-10.29292,6.07792],[-10.29319,6.07792],[-10.29319,6.07819],[-10.29347,6.07819],[-10.29347,6.07847],[-10.29403,6.07847],[-10.29403,6.08728],[-10.27977,6.08728],[-10.27977,6.07303]]]},"properties":{"region":"GrandBassa","district":"Owensgrove","floods_1m":1,"floods_2m":1,"floods_3m":1,"first_flood_m":1,"nests":true}},{"type":"Feature","geometry":{"type":"Polygon","coordinates":[[[-10.32254,6.13006],[-10.3368,6.13006],[-10.3368,6.14432],[-10.32254,6.14432],[-10.32254,6.13006]]]},"properties":{"region":"GrandBassa","district":"Owensgrove","floods_1m":1,"floods_2m":1,"floods_3m":1,"first_flood_m":1,"nests":true}},{"type":"Feature","geometry":{"type":"Polygon","coordinates":[[[-10.22274,6.03847],[-10.22292,6.03847],[-10.22292,6.03875],[-10.2232,6.03875],[-10.2232,6.03903],[-10.22375,6.03903],[-10.22375,6.03958],[-10.22431,6.03958],[-10.22431,6.03986],[-10.22486,6.03986],[-10.22486,6.04014],[-10.22542,6.04014],[-10.22542,6.04042],[-10.22569,6.04042],[-10.22569,6.04069],[-10.22597,6.04069],[-10.22597,6.04097],[-10.22625,6.04097],[-10.22625,6.04125],[-10.22653,6.04125],[-10.22653,6.04153],[-10.2268,6.04153],[-10.2268,6.0418],[-10.22708,6.0418],[-10.22708,6.04208],[-10.22764,6.04208],[-10.22764,6.04236],[-10.22792,6.04236],[-10.22792,6.04292],[-10.22847,6.04292],[-10.22847,6.04319],[-10.22903,6.04319],[-10.22903,6.04347],[-10.22958,6.04347],[-10.22958,6.04403],[-10.22986,6.04403],[-10.22986,6.04451],[-10.22274,6.04451],[-10.22274,6.03847]]]},"properties":{"region":"GrandBassa","district":"Owensgrove","floods_1m":1,"floods_2m":1,"floods_3m":1,"first_flood_m":1,"nests":true}},{"type":"Feature","geometry":{"type":"Polygon","coordinates":[[[-10.237,6.05042],[-10.23708,6.05042],[-10.23708,6.05097],[-10.23764,6.05097],[-10.23764,6.05125],[-10.23819,6.05125],[-10.23819,6.05153],[-10.23903,6.05153],[-10.23903,6.05181],[-10.23986,6.05181],[-10.23986,6.05208],[-10.24014,6.05208],[-10.24014,6.05236],[-10.24042,6.05236],[-10.24042,6.05264],[-10.24153,6.05264],[-10.24153,6.05292],[-10.2418,6.05292],[-10.24181,6.05319],[-10.24292,6.05319],[-10.24292,6.05375],[-10.24319,6.05375],[-10.24319,6.05403],[-10.24375,6.05403],[-10.24375,6.05431],[-10.24458,6.05431],[-10.24458,6.05458],[-10.24486,6.05458],[-10.24486,6.05514],[-10.24597,6.05514],[-10.24597,6.05542],[-10.24625,6.05542],[-10.24625,6.05569],[-10.2468,6.05569],[-10.2468,6.05597],[-10.24736,6.05597],[-10.24736,6.05625],[-10.24764,6.05625],[-10.24764,6.05653],[-10.24819,6.05653],[-10.24819,6.05681],[-10.24875,6.05681],[-10.24875,6.05708],[-10.24903,6.05708],[-10.24903,6.05736],[-10.24986,6.05736],[-10.24986,6.05764],[-10.25014,6.05764],[-10.25014,6.05792],[-10.2507,6.05792],[-10.2507,6.0582],[-10.25125,6.0582],[-10.25125,6.05847],[-10.25125,6.05847],[-10.25125,6.05877],[-10.237,6.05877],[-10.237,6.05042]]]},"properties":{"region":"GrandBassa","district":"Owensgrove","floods_1m":1,"floods_2m":1,"floods_3m":1,"first_flood_m":1,"nests":true}},{"type":"Feature","geometry":{"type":"Polygon","coordinates":[[[-10.35106,6.10154],[-10.35403,6.10154],[-10.35403,6.10181],[-10.35486,6.10181],[-10.35486,6.10208],[-10.35514,6.10208],[-10.35514,6.10236],[-10.35569,6.10236],[-10.35569,6.10208],[-10.35681,6.10208],[-10.35681,6.10236],[-10.35792,6.10236],[-10.35792,6.10264],[-10.3582,6.10264],[-10.3582,6.10249],[-10.3582,6.10236],[-10.35847,6.10236],[-10.35847,6.10264],[-10.35958,6.10264],[-10.35958,6.10319],[-10.35986,6.10319],[-10.35986,6.10369],[-10.35986,6.10486],[-10.35958,6.10486],[-10.35958,6.10569],[-10.35931,6.10569],[-10.35931,6.10625],[-10.35958,6.10625],[-10.35958,6.10681],[-10.35986,6.10681],[-10.35986,6.10708],[-10.36042,6.10708],[-10.36042,6.10736],[-10.36097,6.10736],[-10.36097,6.10764],[-10.36125,6.10764],[-10.36125,6.10792],[-10.36153,6.10792],[-10.36153,6.10819],[-10.3618,6.10819],[-10.3618,6.10847],[-10.36236,6.10847],[-10.36236,6.10875],[-10.3632,6.10875],[-10.3632,6.10903],[-10.36403,6.10903],[-10.36403,6.10931],[-10.36458,6.10931],[-10.36458,6.10958],[-10.36486,6.10958],[-10.36486,6.11014],[-10.36514,6.11014],[-10.36514,6.11097],[-10.36532,6.11097],[-10.36532,6.11439],[-10.36475,6.1158],[-10.35106,6.1158],[-10.35106,6.10154]]]},"properties":{"region":"GrandBassa","district":"Owensgrove","floods_1m":1,"floods_2m":1,"floods_3m":1,"first_flood_m":1,"nests":true}},{"type":"Feature","geometry":{"type":"Polygon","coordinates":[[[-8.56881,4.77555],[-8.58307,4.77555],[-8.58307,4.78981],[-8.56881,4.78981],[-8.56881,4.77555]]]},"properties":{"region":"GrandKru","district":"Sasstown 180606","floods_1m":0,"floods_2m":1,"floods_3m":0,"first_flood_m":2,"nests":false}},{"type":"Feature","geometry":{"type":"Polygon","coordinates":[[[-10.27977,6.10154],[-10.29403,6.10154],[-10.29403,6.1158],[-10.27977,6.1158],[-10.27977,6.10154]]]},"properties":{"region":"GrandBassa","district":"Owensgrove","floods_1m":1,"floods_2m":1,"floods_3m":1,"first_flood_m":1,"nests":true}},{"type":"Feature","geometry":{"type":"Polygon","coordinates":[[[-7.79888,4.44762],[-7.81121,4.44762],[-7.80341,4.46187],[-7.79888,4.46187],[-7.79888,4.44762]]]},"properties":{"region":"Maryland","district":"Pleebo/Sodeken","floods_1m":1,"floods_2m":1,"floods_3m":1,"first_flood_m":1,"nests":true}},{"type":"Feature","geometry":{"type":"Polygon","coordinates":[[[-10.22274,6.04451],[-10.22986,6.04451],[-10.22986,6.04458],[-10.23014,6.04458],[-10.23014,6.04486],[-10.23042,6.04486],[-10.23042,6.04514],[-10.23069,6.04514],[-10.23069,6.04542],[-10.23097,6.04542],[-10.23097,6.04569],[-10.23153,6.04569],[-10.23153,6.04597],[-10.2318,6.04597],[-10.2318,6.04625],[-10.23208,6.04625],[-10.23208,6.04653],[-10.23236,6.04653],[-10.23236,6.04681],[-10.23319,6.04681],[-10.23319,6.04708],[-10.23347,6.04708],[-10.23347,6.04736],[-10.23375,6.04736],[-10.23375,6.04764],[-10.23403,6.04764],[-10.23403,6.04792],[-10.23431,6.04792],[-10.23431,6.04819],[-10.23458,6.04819],[-10.23458,6.04847],[-10.23542,6.04847],[-10.23542,6.04875],[-10.2357,6.04875],[-10.2357,6.04903],[-10.23597,6.04903],[-10.23595,6.04915],[-10.23592,6.04929],[-10.23625,6.04931],[-10.23625,6.04958],[-10.23653,6.04958],[-10.23653,6.04986],[-10.23681,6.04986],[-10.23681,6.05042],[-10.237,6.05042],[-10.237,6.05877],[-10.22274,6.05877],[-10.22274,6.04451]]]},"properties":{"region":"GrandBassa","district":"Owensgrove","floods_1m":1,"floods_2m":1,"floods_3m":1,"first_flood_m":1,"nests":true}},{"type":"Feature","geometry":{"type":"Polygon","coordinates":[[[-8.61159,4.78981],[-8.62584,4.78981],[-8.62584,4.80407],[-8.61159,4.80407],[-8.61159,4.78981]]]},"properties":{"region":"GrandKru","district":"Sasstown 180606","floods_1m":0,"floods_2m":1,"floods_3m":0,"first_flood_m":2,"nests":false}},{"type":"Feature","geometry":{"type":"Polygon","coordinates":[[[-8.41197,4.67574],[-8.42623,4.67574],[-8.42623,4.69],[-8.41197,4.69],[-8.41197,4.67574]]]},"properties":{"region":"GrandKru","district":"Sasstown 180606","floods_1m":0,"floods_2m":1,"floods_3m":0,"first_flood_m":2,"nests":false}},{"type":"Feature","geometry":{"type":"Polygon","coordinates":[[[-8.3692,4.65397],[-8.37447,4.64723],[-8.37597,4.64723],[-8.37597,4.64736],[-8.37653,4.64736],[-8.37653,4.64723],[-8.37681,4.64723],[-8.37681,4.64736],[-8.37736,4.64736],[-8.37736,4.64723],[-8.37764,4.64723],[-8.37764,4.64736],[-8.37847,4.64736],[-8.37847,4.64723],[-8.37875,4.64723],[-8.37875,4.64736],[-8.37958,4.64736],[-8.37958,4.64764],[-8.38069,4.64764],[-8.38069,4.64792],[-8.38153,4.64792],[-8.38153,4.64819],[-8.38208,4.64819],[-8.38208,4.64847],[-8.38346,4.64847],[-8.38346,4.66149],[-8.3692,4.66149],[-8.3692,4.65397]]]},"properties":{"region":"GrandKru","district":"Sasstown 180606","floods_1m":1,"floods_2m":1,"floods_3m":1,"first_flood_m":1,"nests":true}},{"type":"Feature","geometry":{"type":"Polygon","coordinates":[[[-10.32254,6.14432],[-10.3368,6.14432],[-10.3368,6.15857],[-10.32254,6.15857],[-10.32254,6.14432]]]},"properties":{"region":"GrandBassa","district":"Owensgrove","floods_1m":0,"floods_2m":1,"floods_3m":0,"first_flood_m":2,"nests":false}},{"type":"Feature","geometry":{"type":"Polygon","coordinates":[[[-8.58307,4.76375],[-8.58347,4.76375],[-8.58347,4.76403],[-8.58403,4.76403],[-8.58403,4.76431],[-8.58458,4.76431],[-8.58458,4.76458],[-8.58542,4.76459],[-8.58542,4.76486],[-8.58597,4.76486],[-8.58597,4.76514],[-8.58681,4.76514],[-8.58681,4.76542],[-8.58819,4.76542],[-8.58819,4.76569],[-8.59181,4.76569],[-8.59181,4.76597],[-8.59236,4.76597],[-8.59236,4.76681],[-8.59264,4.76681],[-8.59264,4.767],[-8.59264,4.76708],[-8.59291,4.76708],[-8.59291,4.76736],[-8.59347,4.76736],[-8.59347,4.7682],[-8.59375,4.7682],[-8.59375,4.76847],[-8.59431,4.76847],[-8.59431,4.76875],[-8.59458,4.76875],[-8.59458,4.76847],[-8.59569,4.76847],[-8.59569,4.7682],[-8.59625,4.7682],[-8.59625,4.76847],[-8.59653,4.76847],[-8.59653,4.7683],[-8.59653,4.7682],[-8.59733,4.7682],[-8.59733,4.77555],[-8.58307,4.77555],[-8.58307,4.76375]]]},"properties":{"region":"GrandKru","district":"Sasstown 180606","floods_1m":1,"floods_2m":1,"floods_3m":1,"first_flood_m":1,"nests":true}},{"type":"Feature","geometry":{"type":"Polygon","coordinates":[[[-10.35106,6.14432],[-10.35316,6.14432],[-10.35106,6.14948],[-10.35106,6.14432]]]},"properties":{"region":"GrandBassa","district":"Owensgrove","floods_1m":0,"floods_2m":1,"floods_3m":0,"first_flood_m":2,"nests":false}},{"type":"Feature","geometry":{"type":"Polygon","coordinates":[[[-10.29403,6.07847],[-10.29458,6.07847],[-10.29458,6.07875],[-10.29486,6.07875],[-10.29486,6.07903],[-10.29542,6.07903],[-10.29542,6.07931],[-10.29569,6.07931],[-10.29569,6.07958],[-10.29708,6.07958],[-10.29708,6.07986],[-10.29819,6.07986],[-10.29819,6.08014],[-10.29903,6.08014],[-10.29903,6.08042],[-10.29931,6.08042],[-10.29931,6.08069],[-10.29958,6.08069],[-10.29958,6.08097],[-10.3007,6.08097],[-10.3007,6.08125],[-10.30097,6.08125],[-10.30097,6.08153],[-10.30208,6.08153],[-10.30208,6.08181],[-10.30236,6.08181],[-10.30236,6.08208],[-10.30375,6.08208],[-10.30375,6.08236],[-10.30431,6.08236],[-10.30431,6.08264],[-10.30458,6.08264],[-10.30458,6.08292],[-10.30486,6.08292],[-10.30486,6.08319],[-10.30514,6.08319],[-10.30514,6.08347],[-10.30542,6.08347],[-10.30542,6.08319],[-10.30625,6.08319],[-10.30625,6.08347],[-10.30653,6.08347],[-10.30653,6.08375],[-10.30792,6.08375],[-10.30792,6.08403],[-10.30829,6.08403],[-10.30829,6.08728],[-10.29403,6.08728],[-10.29403,6.07847]]]},"properties":{"region":"GrandBassa","district":"Owensgrove","floods_1m":1,"floods_2m":1,"floods_3m":1,"first_flood_m":1,"nests":true}},{"type":"Feature","geometry":{"type":"Polygon","coordinates":[[[-10.25125,6.05877],[-10.25208,6.05877],[-10.25208,6.05903],[-10.25236,6.05903],[-10.25236,6.05877],[-10.25264,6.05877],[-10.25264,6.05903],[-10.25319,6.05903],[-10.25319,6.05931],[-10.25375,6.05931],[-10.25375,6.05958],[-10.2543,6.05958],[-10.2543,6.05986],[-10.25486,6.05986],[-10.25486,6.06014],[-10.25542,6.06014],[-10.25542,6.06042],[-10.2557,6.06042],[-10.2557,6.0607],[-10.25653,6.0607],[-10.25653,6.06097],[-10.25681,6.06097],[-10.25681,6.06125],[-10.25764,6.06125],[-10.25764,6.06153],[-10.25792,6.06153],[-10.25792,6.0618],[-10.25847,6.0618],[-10.25847,6.06208],[-10.25903,6.06208],[-10.25903,6.06236],[-10.25931,6.06236],[-10.25931,6.06264],[-10.25986,6.06264],[-10.25986,6.06292],[-10.26042,6.06292],[-10.26042,6.0632],[-10.26153,6.0632],[-10.26153,6.06347],[-10.26181,6.06347],[-10.26181,6.06375],[-10.26208,6.06375],[-10.26208,6.06403],[-10.26236,6.06403],[-10.26236,6.0643],[-10.26319,6.0643],[-10.26319,6.06458],[-10.26347,6.06458],[-10.26347,6.06486],[-10.26403,6.06486],[-10.26403,6.06514],[-10.26514,6.06514],[-10.26514,6.06569],[-10.26551,6.06569],[-10.26551,6.07303],[-10.25125,6.07303],[-10.25125,6.05877]]]},"properties":{"region":"GrandBassa","district":"Owensgrove","floods_1m":1,"floods_2m":1,"floods_3m":1,"first_flood_m":1,"nests":true}},{"type":"Feature","geometry":{"type":"Polygon","coordinates":[[[-10.32254,6.0893],[-10.32319,6.0893],[-10.32319,6.08958],[-10.32375,6.08958],[-10.32375,6.08986],[-10.32431,6.08986],[-10.32431,6.09014],[-10.32458,6.09014],[-10.32458,6.09069],[-10.32514,6.09069],[-10.32514,6.09097],[-10.32569,6.09097],[-10.32569,6.09125],[-10.32653,6.09125],[-10.32653,6.09153],[-10.32792,6.09153],[-10.32792,6.0918],[-10.3288,6.0918],[-10.3293,6.0918],[-10.3293,6.09208],[-10.32959,6.09208],[-10.33014,6.09208],[-10.33014,6.09228],[-10.33014,6.09236],[-10.33042,6.09236],[-10.33042,6.09264],[-10.33116,6.09264],[-10.33125,6.09264],[-10.33125,6.09292],[-10.33181,6.09292],[-10.33181,6.09319],[-10.33208,6.09319],[-10.33208,6.09347],[-10.33347,6.09347],[-10.33347,6.09375],[-10.33403,6.09375],[-10.33403,6.09403],[-10.33486,6.09403],[-10.33486,6.09431],[-10.33514,6.09431],[-10.33514,6.09458],[-10.3357,6.09458],[-10.3357,6.09486],[-10.33597,6.09486],[-10.33597,6.09514],[-10.3368,6.09514],[-10.3368,6.0957],[-10.33542,6.0957],[-10.33542,6.09542],[-10.33486,6.09542],[-10.33486,6.09514],[-10.33403,6.09514],[-10.33403,6.09486],[-10.33319,6.09486],[-10.33319,6.09458],[-10.33292,6.09458],[-10.33292,6.09431],[-10.33236,6.09431],[-10.33236,6.09403],[-10.33125,6.09403],[-10.33125,6.09375],[-10.32986,6.09375],[-10.32986,6.09347],[-10.32903,6.09347],[-10.32903,6.09319],[-10.32875,6.09319],[-10.32875,6.09292],[-10.32819,6.09292],[-10.32819,6.09264],[-10.32708,6.09264],[-10.32708,6.09236],[-10.32653,6.09236],[-10.32653,6.09264],[-10.32625,6.09264],[-10.32625,6.09319],[-10.32653,6.09319],[-10.32653,6.09347],[-10.32625,6.09347],[-10.32625,6.09431],[-10.32597,6.09431],[-10.32597,6.09403],[-10.32569,6.09403],[-10.32569,6.09375],[-10.32486,6.09375],[-10.32486,6.09403],[-10.32458,6.09403],[-10.32458,6.09458],[-10.32486,6.09458],[-10.32486,6.09486],[-10.32542,6.09486],[-10.32542,6.09514],[-10.32569,6.09514],[-10.32569,6.09542],[-10.32597,6.09542],[-10.32597,6.0957],[-10.32625,6.0957],[-10.32625,6.09597],[-10.32764,6.09597],[-10.32764,6.09625],[-10.32875,6.09625],[-10.32875,6.09653],[-10.3293,6.09653],[-10.3293,6.09625],[-10.32958,6.09625],[-10.32958,6.09597],[-10.3293,6.09597],[-10.3293,6.09514],[-10.32958,6.09514],[-10.32958,6.09486],[-10.33014,6.09486],[-10.33014,6.09458],[-10.33042,6.09458],[-10.33042,6.09431],[-10.33125,6.09431],[-10.33125,6.09458],[-10.33153,6.09458],[-10.33153,6.09486],[-10.33208,6.09486],[-10.33208,6.09514],[-10.33292,6.09514],[-10.33292,6.09542],[-10.33319,6.09542],[-10.33319,6.0957],[-10.33375,6.0957],[-10.33375,6.09597],[-10.33458,6.09597],[-10.33458,6.09625],[-10.33514,6.09625],[-10.33514,6.09653],[-10.33625,6.09653],[-10.33625,6.09681],[-10.33653,6.09681],[-10.33653,6.09708],[-10.3368,6.09708],[-10.3368,6.10154],[-10.32254,6.10154],[-10.32254,6.0893]]]},"properties":{"region":"GrandBassa","district":"Owensgrove","floods_1m":1,"floods_2m":1,"floods_3m":1,"first_flood_m":1,"nests":true}},{"type":"Feature","geometry":{"type":"Polygon","coordinates":[[[-10.27977,6.13006],[-10.29403,6.13006],[-10.29403,6.14432],[-10.27977,6.14432],[-10.27977,6.13006]]]},"properties":{"region":"GrandBassa","district":"Owensgrove","floods_1m":0,"floods_2m":1,"floods_3m":0,"first_flood_m":2,"nests":false}},{"type":"Feature","geometry":{"type":"Polygon","coordinates":[[[-8.52604,4.76129],[-8.5403,4.76129],[-8.5403,4.77555],[-8.52604,4.77555],[-8.52604,4.76129]]]},"properties":{"region":"GrandKru","district":"Sasstown 180606","floods_1m":0,"floods_2m":1,"floods_3m":0,"first_flood_m":2,"nests":false}},{"type":"Feature","geometry":{"type":"Polygon","coordinates":[[[-8.6401,4.78653],[-8.64014,4.78653],[-8.64014,4.78681],[-8.64097,4.78681],[-8.64097,4.78708],[-8.64153,4.78708],[-8.64153,4.78736],[-8.6418,4.78736],[-8.6418,4.78764],[-8.64236,4.78764],[-8.64236,4.78792],[-8.64292,4.78792],[-8.64292,4.78819],[-8.64319,4.78819],[-8.64319,4.78847],[-8.64514,4.78847],[-8.64514,4.78875],[-8.64625,4.78875],[-8.64625,4.78903],[-8.64681,4.78903],[-8.64681,4.78931],[-8.64736,4.78931],[-8.64736,4.78958],[-8.64931,4.78958],[-8.64931,4.78981],[-8.6401,4.78981],[-8.6401,4.78653]]]},"properties":{"region":"GrandKru","district":"Sasstown 180606","floods_1m":1,"floods_2m":1,"floods_3m":1,"first_flood_m":1,"nests":true}},{"type":"Feature","geometry":{"type":"Polygon","coordinates":[[[-10.35106,6.1158],[-10.36475,6.1158],[-10.35895,6.13006],[-10.35106,6.13006],[-10.35106,6.1158]]]},"properties":{"region":"GrandBassa","district":"Owensgrove","floods_1m":1,"floods_2m":1,"floods_3m":1,"first_flood_m":1,"nests":true}},{"type":"Feature","geometry":{"type":"Polygon","coordinates":[[[-8.6401,4.78981],[-8.64931,4.78981],[-8.64931,4.78986],[-8.64958,4.78986],[-8.64958,4.79014],[-8.65069,4.79014],[-8.65069,4.79042],[-8.65181,4.79042],[-8.65181,4.79069],[-8.65347,4.79069],[-8.65347,4.79097],[-8.65436,4.79097],[-8.65436,4.80407],[-8.6401,4.80407],[-8.6401,4.78981]]]},"properties":{"region":"GrandKru","district":"Sasstown 180606","floods_1m":1,"floods_2m":1,"floods_3m":1,"first_flood_m":1,"nests":true}},{"type":"Feature","geometry":{"type":"Polygon","coordinates":[[[-10.29403,6.10154],[-10.30829,6.10154],[-10.30829,6.1158],[-10.29403,6.1158],[-10.29403,6.10154]]]},"properties":{"region":"GrandBassa","district":"Owensgrove","floods_1m":1,"floods_2m":1,"floods_3m":1,"first_flood_m":1,"nests":true}},{"type":"Feature","geometry":{"type":"Polygon","coordinates":[[[-10.29403,6.13006],[-10.30829,6.13006],[-10.30829,6.14432],[-10.29403,6.14432],[-10.29403,6.13006]]]},"properties":{"region":"GrandBassa","district":"Owensgrove","floods_1m":1,"floods_2m":1,"floods_3m":1,"first_flood_m":1,"nests":true}},{"type":"Feature","geometry":{"type":"Polygon","coordinates":[[[-8.45475,4.68403],[-8.45486,4.68403],[-8.45486,4.68431],[-8.45729,4.68432],[-8.45736,4.68458],[-8.45792,4.68458],[-8.45792,4.68486],[-8.4582,4.68486],[-8.4582,4.68514],[-8.45847,4.68514],[-8.45847,4.68542],[-8.45875,4.68542],[-8.45875,4.68597],[-8.45903,4.68597],[-8.45903,4.68625],[-8.45931,4.68625],[-8.45931,4.68653],[-8.45958,4.68653],[-8.45958,4.68708],[-8.45986,4.68708],[-8.45986,4.68764],[-8.46042,4.68764],[-8.46042,4.68792],[-8.46069,4.68792],[-8.46069,4.6882],[-8.46097,4.6882],[-8.46097,4.68847],[-8.46153,4.68847],[-8.46153,4.68875],[-8.46208,4.68875],[-8.46208,4.68903],[-8.46236,4.68903],[-8.46236,4.6893],[-8.46319,4.6893],[-8.46319,4.68958],[-8.46347,4.68958],[-8.46347,4.6893],[-8.46375,4.6893],[-8.46375,4.68958],[-8.46403,4.68958],[-8.46403,4.68986],[-8.46431,4.68986],[-8.46431,4.69],[-8.45475,4.69],[-8.45475,4.68403]]]},"properties":{"region":"GrandKru","district":"Sasstown 180606","floods_1m":1,"floods_2m":1,"floods_3m":1,"first_flood_m":1,"nests":true}},{"type":"Feature","geometry":{"type":"Polygon","coordinates":[[[-10.08016,5.97322],[-10.09442,5.97322],[-10.09442,5.98748],[-10.08016,5.98748],[-10.08016,5.97322]]]},"properties":{"region":"GrandBassa","district":"Stjohnriver","floods_1m":1,"floods_2m":1,"floods_3m":1,"first_flood_m":1,"nests":true}},{"type":"Feature","geometry":{"type":"Polygon","coordinates":[[[-10.09442,5.93045],[-10.09458,5.93045],[-10.09458,5.9307],[-10.09569,5.9307],[-10.09569,5.93125],[-10.09625,5.93125],[-10.09625,5.93153],[-10.09764,5.93153],[-10.09764,5.93181],[-10.09792,5.93181],[-10.09792,5.93236],[-10.09931,5.93236],[-10.09931,5.93292],[-10.09986,5.93292],[-10.09986,5.93264],[-10.10042,5.93264],[-10.10042,5.9332],[-10.10069,5.9332],[-10.10069,5.93347],[-10.10153,5.93347],[-10.10153,5.93375],[-10.10181,5.93375],[-10.10181,5.93403],[-10.10208,5.93403],[-10.10208,5.93431],[-10.10264,5.93431],[-10.10264,5.93486],[-10.10319,5.93486],[-10.10319,5.93514],[-10.10375,5.93514],[-10.10375,5.93597],[-10.10458,5.93597],[-10.10458,5.93625],[-10.10486,5.93625],[-10.10486,5.93653],[-10.10514,5.93653],[-10.10514,5.93681],[-10.10569,5.93681],[-10.10569,5.93708],[-10.10625,5.93708],[-10.10625,5.93736],[-10.10681,5.93736],[-10.10681,5.93764],[-10.10708,5.93764],[-10.10708,5.93792],[-10.10764,5.93792],[-10.10764,5.93819],[-10.10792,5.93819],[-10.10792,5.93847],[-10.10847,5.93847],[-10.10847,5.93875],[-10.10867,5.93875],[-10.10867,5.9447],[-10.09442,5.9447],[-10.09442,5.93045]]]},"properties":{"region":"GrandBassa","district":"Stjohnriver","floods_1m":1,"floods_2m":1,"floods_3m":1,"first_flood_m":1,"nests":true}},{"type":"Feature","geometry":{"type":"Polygon","coordinates":[[[-8.56881,4.75597],[-8.56931,4.75597],[-8.56931,4.75569],[-8.56958,4.75569],[-8.56958,4.75597],[-8.57069,4.75597],[-8.57069,4.75625],[-8.57153,4.75625],[-8.57153,4.75736],[-8.57181,4.75736],[-8.57181,4.75803],[-8.57181,4.75847],[-8.57236,4.75847],[-8.57236,4.75875],[-8.57264,4.75875],[-8.57264,4.75903],[-8.57319,4.75903],[-8.57319,4.75958],[-8.57375,4.75958],[-8.57375,4.75986],[-8.57403,4.75986],[-8.57403,4.76014],[-8.57431,4.76014],[-8.57431,4.76042],[-8.57458,4.76042],[-8.57458,4.76069],[-8.57514,4.76069],[-8.57514,4.76097],[-8.57542,4.76097],[-8.57542,4.76125],[-8.57569,4.76125],[-8.57569,4.76129],[-8.56881,4.76129],[-8.56881,4.75597]]]},"properties":{"region":"GrandKru","district":"Sasstown 180606","floods_1m":1,"floods_2m":1,"floods_3m":1,"first_flood_m":1,"nests":true}},{"type":"Feature","geometry":{"type":"Polygon","coordinates":[[[-8.55455,4.75014],[-8.55458,4.75014],[-8.55458,4.75042],[-8.55486,4.75042],[-8.55486,4.75069],[-8.55514,4.75069],[-8.55514,4.75097],[-8.55542,4.75097],[-8.55542,4.75125],[-8.55597,4.75125],[-8.55597,4.75153],[-8.5568,4.75153],[-8.5568,4.7518],[-8.55708,4.7518],[-8.55708,4.75208],[-8.55764,4.75208],[-8.55764,4.75236],[-8.5582,4.75236],[-8.5582,4.75264],[-8.55931,4.75264],[-8.55931,4.75292],[-8.55986,4.75292],[-8.55986,4.75319],[-8.56014,4.75319],[-8.56014,4.75336],[-8.56014,4.75403],[-8.55986,4.75403],[-8.55986,4.75431],[-8.55903,4.75431],[-8.55903,4.75458],[-8.55764,4.75458],[-8.55764,4.75486],[-8.55736,4.75486],[-8.55736,4.75542],[-8.55764,4.75542],[-8.55764,4.75569],[-8.55792,4.75569],[-8.55792,4.75597],[-8.55958,4.75597],[-8.55958,4.75569],[-8.56014,4.75569],[-8.56014,4.75514],[-8.56042,4.75514],[-8.56042,4.75486],[-8.56264,4.75486],[-8.56264,4.75514],[-8.56431,4.75514],[-8.56431,4.75542],[-8.56597,4.75542],[-8.56597,4.75514],[-8.56655,4.75514],[-8.56681,4.75514],[-8.56681,4.75542],[-8.56723,4.75542],[-8.56764,4.75542],[-8.56764,4.75569],[-8.56847,4.75569],[-8.56847,4.75597],[-8.56881,4.75597],[-8.56881,4.76129],[-8.55455,4.76129],[-8.55455,4.75014]]]},"properties":{"region":"GrandKru","district":"Sasstown 180606","floods_1m":1,"floods_2m":1,"floods_3m":1,"first_flood_m":1,"nests":true}},{"type":"Feature","geometry":{"type":"Polygon","coordinates":[[[-8.46901,4.70426],[-8.47014,4.70426],[-8.47014,4.70542],[-8.47042,4.70542],[-8.47042,4.70597],[-8.47097,4.70597],[-8.47097,4.70486],[-8.47125,4.70486],[-8.47125,4.70458],[-8.47153,4.70458],[-8.47153,4.70431],[-8.4718,4.70431],[-8.4718,4.70426],[-8.47514,4.70426],[-8.47514,4.70431],[-8.47542,4.70431],[-8.47542,4.70486],[-8.47569,4.70486],[-8.47569,4.70514],[-8.47597,4.70514],[-8.47597,4.70542],[-8.47625,4.70542],[-8.47625,4.70569],[-8.4768,4.70569],[-8.4768,4.70597],[-8.47708,4.70597],[-8.47708,4.70625],[-8.47736,4.70625],[-8.47736,4.70681],[-8.4782,4.70681],[-8.4782,4.70708],[-8.47847,4.70708],[-8.47847,4.70736],[-8.47875,4.70736],[-8.47875,4.70764],[-8.47903,4.70764],[-8.47903,4.70792],[-8.48014,4.70792],[-8.48014,4.70819],[-8.48097,4.70819],[-8.48097,4.70847],[-8.48125,4.70847],[-8.48125,4.70875],[-8.48153,4.70875],[-8.48153,4.70903],[-8.4818,4.70903],[-8.4818,4.70931],[-8.48208,4.70931],[-8.48208,4.70958],[-8.48264,4.70958],[-8.48264,4.70986],[-8.48319,4.70986],[-8.48319,4.71014],[-8.48326,4.71014],[-8.48326,4.71852],[-8.46901,4.71852],[-8.46901,4.70471],[-8.46901,4.70426]]]},"properties":{"region":"GrandKru","district":"Sasstown 180606","floods_1m":1,"floods_2m":1,"floods_3m":1,"first_flood_m":1,"nests":true}},{"type":"Feature","geometry":{"type":"Polygon","coordinates":[[[-10.09442,5.9447],[-10.10867,5.9447],[-10.10867,5.95896],[-10.09442,5.95896],[-10.09442,5.9447]]]},"properties":{"region":"GrandBassa","district":"Stjohnriver","floods_1m":1,"floods_2m":1,"floods_3m":1,"first_flood_m":1,"nests":true}},{"type":"Feature","geometry":{"type":"Polygon","coordinates":[[[-10.08016,5.92208],[-10.08042,5.92208],[-10.08042,5.92236],[-10.08097,5.92236],[-10.08097,5.92264],[-10.0818,5.92264],[-10.0818,5.92292],[-10.08264,5.92292],[-10.08264,5.92319],[-10.08319,5.92319],[-10.08319,5.92375],[-10.08375,5.92375],[-10.08375,5.92403],[-10.08347,5.92403],[-10.08347,5.9243],[-10.08486,5.9243],[-10.08486,5.92458],[-10.08514,5.92458],[-10.08514,5.92486],[-10.08542,5.92486],[-10.08542,5.92514],[-10.0857,5.92514],[-10.0857,5.92542],[-10.08653,5.92542],[-10.08653,5.92569],[-10.08708,5.92569],[-10.08708,5.92597],[-10.08764,5.92597],[-10.08764,5.92569],[-10.08847,5.92569],[-10.08847,5.92681],[-10.08875,5.92681],[-10.08875,5.92708],[-10.08903,5.92708],[-10.08903,5.92736],[-10.08958,5.92736],[-10.08958,5.92764],[-10.08986,5.92764],[-10.08986,5.92792],[-10.0907,5.92792],[-10.0907,5.9282],[-10.09097,5.9282],[-10.09097,5.92847],[-10.09125,5.92847],[-10.09125,5.9282],[-10.09153,5.9282],[-10.09153,5.92847],[-10.09208,5.92847],[-10.09208,5.92875],[-10.09236,5.92875],[-10.09236,5.92903],[-10.09292,5.92903],[-10.09292,5.92931],[-10.09319,5.92931],[-10.09319,5.92986],[-10.09347,5.92986],[-10.09347,5.93014],[-10.09403,5.93014],[-10.09403,5.93042],[-10.09442,5.93042],[-10.09442,5.93045],[-10.08016,5.93045],[-10.08016,5.92208]]]},"properties":{"region":"GrandBassa","district":"Stjohnriver","floods_1m":1,"floods_2m":1,"floods_3m":1,"first_flood_m":1,"nests":true}},{"type":"Feature","geometry":{"type":"Polygon","coordinates":[[[-10.10867,5.93875],[-10.10875,5.93875],[-10.10875,5.93903],[-10.10949,5.93903],[-10.10986,5.93903],[-10.10986,5.93931],[-10.11014,5.93931],[-10.11014,5.93958],[-10.11042,5.93958],[-10.11042,5.93986],[-10.11097,5.93986],[-10.11097,5.94014],[-10.11125,5.94014],[-10.11125,5.94042],[-10.11208,5.94042],[-10.11208,5.94069],[-10.11236,5.94069],[-10.11236,5.94097],[-10.11264,5.94097],[-10.11264,5.94125],[-10.11236,5.94125],[-10.11236,5.94181],[-10.11264,5.94181],[-10.11264,5.942],[-10.11264,5.94264],[-10.1132,5.94264],[-10.1132,5.94292],[-10.11347,5.94292],[-10.11347,5.94319],[-10.11375,5.94319],[-10.11375,5.94347],[-10.1143,5.94347],[-10.1143,5.94375],[-10.11486,5.94375],[-10.11486,5.94403],[-10.11514,5.94403],[-10.11514,5.94375],[-10.11569,5.94375],[-10.11569,5.94403],[-10.11597,5.94403],[-10.11597,5.94431],[-10.11625,5.94431],[-10.11625,5.94458],[-10.11681,5.94458],[-10.11681,5.9447],[-10.10867,5.9447],[-10.10867,5.93875]]]},"properties":{"region":"GrandBassa","district":"Stjohnriver","floods_1m":1,"floods_2m":1,"floods_3m":1,"first_flood_m":1,"nests":true}},{"type":"Feature","geometry":{"type":"Polygon","coordinates":[[[-8.58307,4.77555],[-8.59733,4.77555],[-8.59733,4.78981],[-8.58307,4.78981],[-8.58307,4.77555]]]},"properties":{"region":"GrandKru","district":"Sasstown 180606","floods_1m":0,"floods_2m":1,"floods_3m":0,"first_flood_m":2,"nests":false}},{"type":"Feature","geometry":{"type":"Polygon","coordinates":[[[-10.09442,5.98748],[-10.10867,5.98748],[-10.10867,6.00174],[-10.09442,6.00174],[-10.09442,5.98748]]]},"properties":{"region":"GrandBassa","district":"Stjohnriver","floods_1m":1,"floods_2m":1,"floods_3m":1,"first_flood_m":1,"nests":true}},{"type":"Feature","geometry":{"type":"Polygon","coordinates":[[[-10.02313,5.95595],[-10.03244,5.9447],[-10.03738,5.9447],[-10.03738,5.95896],[-10.02313,5.95896],[-10.02313,5.95595]]]},"properties":{"region":"GrandBassa","district":"Stjohnriver","floods_1m":0,"floods_2m":1,"floods_3m":0,"first_flood_m":2,"nests":false}},{"type":"Feature","geometry":{"type":"Polygon","coordinates":[[[-8.45475,4.69],[-8.46431,4.69],[-8.46431,4.69014],[-8.46542,4.69014],[-8.46542,4.69042],[-8.46681,4.69042],[-8.46681,4.69014],[-8.46708,4.69014],[-8.46708,4.69042],[-8.46736,4.69042],[-8.46736,4.69069],[-8.46764,4.69069],[-8.46764,4.69097],[-8.46819,4.69097],[-8.46819,4.69125],[-8.46847,4.69125],[-8.46847,4.69153],[-8.46859,4.69153],[-8.46901,4.69153],[-8.46901,4.70426],[-8.45475,4.70426],[-8.45475,4.69]]]},"properties":{"region":"GrandKru","district":"Sasstown 180606","floods_1m":1,"floods_2m":1,"floods_3m":1,"first_flood_m":1,"nests":true}},{"type":"Feature","geometry":{"type":"Polygon","coordinates":[[[-10.08016,5.95896],[-10.09442,5.95896],[-10.09442,5.97322],[-10.08016,5.97322],[-10.08016,5.95896]]]},"properties":{"region":"GrandBassa","district":"Stjohnriver","floods_1m":1,"floods_2m":1,"floods_3m":1,"first_flood_m":1,"nests":true}},{"type":"Feature","geometry":{"type":"Polygon","coordinates":[[[-10.0659,5.91619],[-10.06847,5.91619],[-10.06847,5.91625],[-10.06875,5.91625],[-10.06875,5.91653],[-10.06931,5.91653],[-10.06931,5.91681],[-10.07014,5.91681],[-10.07014,5.91708],[-10.07069,5.91708],[-10.07069,5.91736],[-10.07097,5.91736],[-10.07097,5.91681],[-10.0707,5.91681],[-10.0707,5.91653],[-10.07097,5.91653],[-10.07097,5.91619],[-10.07208,5.91619],[-10.07208,5.91625],[-10.07236,5.91625],[-10.07236,5.91653],[-10.07292,5.91653],[-10.07292,5.91708],[-10.07347,5.91708],[-10.07347,5.91736],[-10.07403,5.91736],[-10.07403,5.91764],[-10.07431,5.91764],[-10.07431,5.91792],[-10.07486,5.91792],[-10.07486,5.91875],[-10.07542,5.91875],[-10.07542,5.91903],[-10.07597,5.91903],[-10.07597,5.91931],[-10.07542,5.91931],[-10.07542,5.91958],[-10.07625,5.91958],[-10.07625,5.91986],[-10.07708,5.91986],[-10.07708,5.92014],[-10.07736,5.92014],[-10.07736,5.92042],[-10.07764,5.92042],[-10.07764,5.92069],[-10.07792,5.92069],[-10.07792,5.92097],[-10.07847,5.92097],[-10.07847,5.92125],[-10.07958,5.92125],[-10.07958,5.92153],[-10.07986,5.92153],[-10.07986,5.92208],[-10.08016,5.92208],[-10.08016,5.93045],[-10.0659,5.93045],[-10.0659,5.91619]]]},"properties":{"region":"GrandBassa","district":"Stjohnriver","floods_1m":1,"floods_2m":1,"floods_3m":1,"first_flood_m":1,"nests":true}},{"type":"Feature","geometry":{"type":"Polygon","coordinates":[[[-8.38346,4.66149],[-8.39772,4.66149],[-8.39772,4.67574],[-8.38346,4.67574],[-8.38346,4.66149]]]},"properties":{"region":"GrandKru","district":"Sasstown 180606","floods_1m":0,"floods_2m":1,"floods_3m":0,"first_flood_m":2,"nests":false}},{"type":"Feature","geometry":{"type":"Polygon","coordinates":[[[-10.08016,5.93045],[-10.09442,5.93045],[-10.09442,5.9447],[-10.08016,5.9447],[-10.08016,5.93045]]]},"properties":{"region":"GrandBassa","district":"Stjohnriver","floods_1m":1,"floods_2m":1,"floods_3m":1,"first_flood_m":1,"nests":true}},{"type":"Feature","geometry":{"type":"MultiPolygon","coordinates":[[[[-10.7788,6.31014],[-10.77958,6.31014],[-10.77958,6.30986],[-10.78042,6.30986],[-10.78042,6.30958],[-10.78069,6.30958],[-10.78069,6.30931],[-10.78125,6.30931],[-10.78125,6.30903],[-10.78181,6.30903],[-10.78181,6.30875],[-10.78236,6.30875],[-10.78236,6.30847],[-10.78264,6.30847],[-10.78264,6.3082],[-10.78292,6.3082],[-10.78292,6.30792],[-10.78319,6.30792],[-10.78319,6.30736],[-10.78458,6.30736],[-10.78458,6.30764],[-10.78486,6.30764],[-10.78486,6.30792],[-10.78514,6.30792],[-10.78514,6.3082],[-10.78597,6.3082],[-10.78597,6.30792],[-10.78625,6.30792],[-10.78625,6.3082],[-10.78736,6.3082],[-10.78736,6.30847],[-10.78764,6.30847],[-10.78764,6.30875],[-10.78792,6.30875],[-10.78792,6.30903],[-10.78847,6.30903],[-10.78847,6.30931],[-10.78875,6.30931],[-10.78875,6.30958],[-10.7893,6.30958],[-10.7893,6.30986],[-10.78958,6.30986],[-10.78958,6.31014],[-10.79014,6.31014],[-10.79014,6.31042],[-10.7907,6.31042],[-10.7907,6.31069],[-10.79125,6.3107],[-10.79125,6.31097],[-10.79181,6.31097],[-10.79181,6.31125],[-10.79208,6.31125],[-10.79208,6.31153],[-10.79236,6.31153],[-10.79236,6.3118],[-10.79264,6.3118],[-10.79264,6.31208],[-10.79292,6.31208],[-10.79292,6.31319],[-10.79306,6.31319],[-10.79306,6.31541],[-10.7788,6.31541],[-10.7788,6.31014]]],[[[-10.78597,6.30115],[-10.79153,6.30115],[-10.79153,6.30375],[-10.79125,6.30375],[-10.79125,6.30486],[-10.79097,6.30486],[-10.79097,6.30514],[-10.7907,6.30514],[-10.7907,6.30542],[-10.79042,6.30542],[-10.79042,6.3057],[-10.79014,6.3057],[-10.79014,6.30625],[-10.78847,6.30625],[-10.78847,6.30597],[-10.78764,6.30597],[-10.78764,6.3057],[-10.78736,6.3057],[-10.78736,6.30542],[-10.78681,6.30542],[-10.78681,6.30514],[-10.78625,6.30514],[-10.78625,6.30486],[-10.78542,6.30486],[-10.78542,6.30431],[-10.78514,6.30431],[-10.78514,6.3032],[-10.78542,6.3032],[-10.78542,6.30292],[-10.7857,6.30292],[-10.7857,6.30181],[-10.78597,6.30181],[-10.78597,6.30115]]],[[[-10.79306,6.30375],[-10.79306,6.3057],[-10.79292,6.3057],[-10.79292,6.30375],[-10.79306,6.30375]]],[[[-10.79236,6.30115],[-10.79306,6.30115],[-10.79306,6.30347],[-10.79292,6.30347],[-10.79292,6.30292],[-10.79264,6.30292],[-10.79264,6.30208],[-10.79236,6.30208],[-10.79236,6.30181],[-10.79264,6.30181],[-10.79264,6.30125],[-10.79236,6.30125],[-10.79236,6.30115]]],[[[-10.7788,6.30115],[-10.78069,6.30115],[-10.78069,6.30125],[-10.77986,6.30125],[-10.77986,6.30153],[-10.77958,6.30153],[-10.77958,6.30181],[-10.77931,6.30181],[-10.77931,6.30292],[-10.77903,6.30292],[-10.77903,6.3032],[-10.7788,6.3032],[-10.7788,6.30115]]]]},"properties":{"region":"Montserrado","district":"Greater Monrovia","floods_1m":1,"floods_2m":1,"floods_3m":1,"first_flood_m":1,"nests":true}},{"type":"Feature","geometry":{"type":"Polygon","coordinates":[[[-10.72177,6.32236],[-10.72177,6.31541],[-10.73603,6.31541],[-10.73603,6.32967],[-10.72602,6.32967],[-10.72177,6.32236]]]},"properties":{"region":"Montserrado","district":"Greater Monrovia","floods_1m":1,"floods_2m":1,"floods_3m":1,"first_flood_m":1,"nests":true}},{"type":"Feature","geometry":{"type":"Polygon","coordinates":[[[-10.72177,6.30115],[-10.73603,6.30115],[-10.73603,6.31541],[-10.72177,6.31541],[-10.72177,6.30115]]]},"properties":{"region":"Montserrado","district":"Greater Monrovia","floods_1m":1,"floods_2m":1,"floods_3m":1,"first_flood_m":1,"nests":true}},{"type":"Feature","geometry":{"type":"Polygon","coordinates":[[[-10.76454,6.27625],[-10.76486,6.27625],[-10.76486,6.27653],[-10.76542,6.27653],[-10.76542,6.2768],[-10.76569,6.2768],[-10.76569,6.27708],[-10.76597,6.27708],[-10.76597,6.27736],[-10.76653,6.27736],[-10.76653,6.27764],[-10.7668,6.27764],[-10.7668,6.27792],[-10.76708,6.27792],[-10.76708,6.27847],[-10.76736,6.27847],[-10.76736,6.27903],[-10.76764,6.27903],[-10.76764,6.2793],[-10.76792,6.2793],[-10.76792,6.27986],[-10.76819,6.27986],[-10.76819,6.28014],[-10.76847,6.28014],[-10.76847,6.28042],[-10.76903,6.28042],[-10.76903,6.28014],[-10.76958,6.28014],[-10.76958,6.28097],[-10.76986,6.28097],[-10.76986,6.28153],[-10.77014,6.28153],[-10.77014,6.28181],[-10.77042,6.28181],[-10.77042,6.28208],[-10.7707,6.28208],[-10.7707,6.28236],[-10.77097,6.28236],[-10.77097,6.28264],[-10.77153,6.28264],[-10.77153,6.28292],[-10.77181,6.28292],[-10.77181,6.2832],[-10.77236,6.2832],[-10.77236,6.28347],[-10.77292,6.28347],[-10.77292,6.28375],[-10.77347,6.28375],[-10.77347,6.28403],[-10.77403,6.28403],[-10.77403,6.28431],[-10.77458,6.28431],[-10.77458,6.28458],[-10.77514,6.28458],[-10.77514,6.28486],[-10.77569,6.28486],[-10.77569,6.28514],[-10.77625,6.28514],[-10.77625,6.28542],[-10.77708,6.28542],[-10.77708,6.28597],[-10.77736,6.28597],[-10.77736,6.28653],[-10.77847,6.28653],[-10.77847,6.28681],[-10.7788,6.28681],[-10.7788,6.2869],[-10.76454,6.2869],[-10.76454,6.27625]]]},"properties":{"region":"Montserrado","district":"Greater Monrovia","floods_1m":1,"floods_2m":1,"floods_3m":1,"first_flood_m":1,"nests":true}},{"type":"Feature","geometry":{"type":"Polygon","coordinates":[[[-10.7788,6.28681],[-10.78014,6.28681],[-10.78014,6.2869],[-10.7788,6.2869],[-10.7788,6.28681]]]},"properties":{"region":"Montserrado","district":"Greater Monrovia","floods_1m":1,"floods_2m":1,"floods_3m":1,"first_flood_m":1,"nests":true}},{"type":"Feature","geometry":{"type":"Polygon","coordinates":[[[-8.55455,4.76129],[-8.56881,4.76129],[-8.56881,4.77555],[-8.55455,4.77555],[-8.55455,4.76129]]]},"properties":{"region":"GrandKru","district":"Sasstown 180606","floods_1m":1,"floods_2m":1,"floods_3m":1,"first_flood_m":1,"nests":true}},{"type":"Feature","geometry":{"type":"Polygon","coordinates":[[[-10.69325,6.24412],[-10.70458,6.24412],[-10.70458,6.24431],[-10.70486,6.24431],[-10.70486,6.24458],[-10.70514,6.24458],[-10.70514,6.24486],[-10.70542,6.24486],[-10.70542,6.24514],[-10.7057,6.24514],[-10.7057,6.24542],[-10.70625,6.24542],[-10.70625,6.24597],[-10.70653,6.24597],[-10.70653,6.24625],[-10.70681,6.24625],[-10.70681,6.24681],[-10.70653,6.24681],[-10.70653,6.24792],[-10.70625,6.24792],[-10.70625,6.24875],[-10.70653,6.24875],[-10.70653,6.2493],[-10.70681,6.2493],[-10.70681,6.25042],[-10.70708,6.25042],[-10.70708,6.25097],[-10.70736,6.25097],[-10.70736,6.25153],[-10.70751,6.25153],[-10.70751,6.25838],[-10.69325,6.25838],[-10.69325,6.24412]]]},"properties":{"region":"Montserrado","district":"Greater Monrovia","floods_1m":1,"floods_2m":1,"floods_3m":1,"first_flood_m":1,"nests":true}},{"type":"Feature","geometry":{"type":"Polygon","coordinates":[[[-10.70751,6.25838],[-10.7157,6.25838],[-10.7157,6.25847],[-10.71625,6.25847],[-10.71625,6.25875],[-10.71681,6.25875],[-10.71681,6.25931],[-10.71699,6.25931],[-10.71736,6.25931],[-10.71736,6.25941],[-10.71736,6.25958],[-10.71764,6.25958],[-10.71764,6.26042],[-10.71791,6.26042],[-10.71791,6.26097],[-10.71819,6.26097],[-10.71819,6.26153],[-10.71847,6.26153],[-10.71847,6.26181],[-10.71958,6.26181],[-10.71958,6.26208],[-10.72014,6.26208],[-10.72014,6.26181],[-10.72153,6.26181],[-10.72153,6.26236],[-10.72177,6.26236],[-10.72177,6.27264],[-10.70751,6.27264],[-10.70751,6.25838]]]},"properties":{"region":"Montserrado","district":"Greater Monrovia","floods_1m":1,"floods_2m":1,"floods_3m":1,"first_flood_m":1,"nests":true}},{"type":"Feature","geometry":{"type":"Polygon","coordinates":[[[-10.0659,5.9447],[-10.08016,5.9447],[-10.08016,5.95896],[-10.0659,5.95896],[-10.0659,5.9447]]]},"properties":{"region":"GrandBassa","district":"Stjohnriver","floods_1m":1,"floods_2m":1,"floods_3m":1,"first_flood_m":1,"nests":true}},{"type":"Feature","geometry":{"type":"Polygon","coordinates":[[[-10.66474,6.25838],[-10.67899,6.25838],[-10.67899,6.27264],[-10.66474,6.27264],[-10.66474,6.25838]]]},"properties":{"region":"Montserrado","district":"Greater Monrovia","floods_1m":0,"floods_2m":1,"floods_3m":0,"first_flood_m":2,"nests":false}},{"type":"Feature","geometry":{"type":"Polygon","coordinates":[[[-10.76454,6.35819],[-10.7788,6.35819],[-10.7788,6.37244],[-10.76454,6.37244],[-10.76454,6.35819]]]},"properties":{"region":"Montserrado","district":"Greater Monrovia","floods_1m":1,"floods_2m":1,"floods_3m":1,"first_flood_m":1,"nests":true}},{"type":"Feature","geometry":{"type":"Polygon","coordinates":[[[-8.44049,4.6693],[-8.44069,4.6693],[-8.44069,4.67097],[-8.44097,4.67097],[-8.44097,4.67122],[-8.44097,4.67153],[-8.44125,4.67153],[-8.44125,4.6718],[-8.44164,4.6718],[-8.44181,4.6718],[-8.44181,4.67195],[-8.44181,4.67208],[-8.44195,4.67208],[-8.44236,4.67208],[-8.44236,4.67236],[-8.44319,4.67236],[-8.44319,4.67264],[-8.44375,4.67264],[-8.44375,4.67292],[-8.4443,4.67292],[-8.4443,4.67319],[-8.44514,4.67319],[-8.44514,4.67347],[-8.44569,4.67347],[-8.44569,4.67375],[-8.44681,4.67375],[-8.44681,4.67403],[-8.44764,4.67403],[-8.44764,4.67431],[-8.4482,4.67431],[-8.4482,4.67458],[-8.4493,4.67458],[-8.4493,4.67486],[-8.44986,4.67486],[-8.44986,4.67514],[-8.45042,4.67514],[-8.45042,4.67542],[-8.45097,4.67542],[-8.45097,4.67574],[-8.44049,4.67574],[-8.44049,4.6693]]]},"properties":{"region":"GrandKru","district":"Sasstown 180606","floods_1m":1,"floods_2m":1,"floods_3m":1,"first_flood_m":1,"nests":true}},{"type":"Feature","geometry":{"type":"Polygon","coordinates":[[[-10.73603,6.26569],[-10.73625,6.26569],[-10.73625,6.26597],[-10.73736,6.26597],[-10.73736,6.26625],[-10.73903,6.26625],[-10.73903,6.26653],[-10.7393,6.26653],[-10.7393,6.26708],[-10.74069,6.26708],[-10.74069,6.26736],[-10.74181,6.26736],[-10.74181,6.26764],[-10.74264,6.26764],[-10.74264,6.26792],[-10.74375,6.26792],[-10.74375,6.26819],[-10.74431,6.26819],[-10.74431,6.26847],[-10.74486,6.26847],[-10.74486,6.26875],[-10.74514,6.26875],[-10.74514,6.26903],[-10.74625,6.26903],[-10.74625,6.26875],[-10.74736,6.26875],[-10.74736,6.26903],[-10.74764,6.26903],[-10.74764,6.26931],[-10.74792,6.26931],[-10.74792,6.26958],[-10.74903,6.26958],[-10.74903,6.26986],[-10.74986,6.26986],[-10.74986,6.27014],[-10.75028,6.27014],[-10.75028,6.27264],[-10.73603,6.27264],[-10.73603,6.26569]]]},"properties":{"region":"Montserrado","district":"Greater Monrovia","floods_1m":1,"floods_2m":1,"floods_3m":1,"first_flood_m":1,"nests":true}},{"type":"Feature","geometry":{"type":"Polygon","coordinates":[[[-10.75028,6.27014],[-10.75153,6.27014],[-10.75153,6.26986],[-10.75181,6.26986],[-10.75181,6.27004],[-10.75181,6.27014],[-10.75205,6.27014],[-10.75236,6.27014],[-10.75236,6.27027],[-10.75236,6.27042],[-10.75271,6.27042],[-10.75319,6.27042],[-10.75319,6.27069],[-10.75337,6.27069],[-10.75347,6.27069],[-10.75347,6.27125],[-10.75375,6.27125],[-10.75375,6.27153],[-10.75542,6.27153],[-10.75542,6.27181],[-10.75603,6.27181],[-10.75625,6.27181],[-10.75625,6.27208],[-10.75669,6.27208],[-10.75736,6.27208],[-10.75736,6.27236],[-10.75819,6.27236],[-10.75819,6.27264],[-10.75875,6.27264],[-10.75875,6.27264],[-10.75028,6.27264],[-10.75028,6.27014]]]},"properties":{"region":"Montserrado","district":"Greater Monrovia","floods_1m":1,"floods_2m":1,"floods_3m":1,"first_flood_m":1,"nests":true}},{"type":"Feature","geometry":{"type":"MultiPolygon","coordinates":[[[[-10.80732,6.35264],[-10.80732,6.35181],[-10.80847,6.35181],[-10.80847,6.35153],[-10.80903,6.35153],[-10.80903,6.35125],[-10.80958,6.35125],[-10.80958,6.35097],[-10.81014,6.35097],[-10.81014,6.35069],[-10.81069,6.35069],[-10.81069,6.35097],[-10.81097,6.35097],[-10.81097,6.35125],[-10.81069,6.35125],[-10.81069,6.35153],[-10.81014,6.35153],[-10.81014,6.35181],[-10.80958,6.35181],[-10.80958,6.35208],[-10.80903,6.35208],[-10.80903,6.35236],[-10.80847,6.35236],[-10.80847,6.35264],[-10.80732,6.35264]]],[[[-10.80732,6.34625],[-10.80732,6.34458],[-10.80792,6.34458],[-10.80792,6.34431],[-10.80847,6.34431],[-10.80847,6.34393],[-10.8093,6.34393],[-10.8093,6.34403],[-10.80958,6.34403],[-10.80958,6.34431],[-10.80986,6.34431],[-10.80986,6.34458],[-10.81014,6.34458],[-10.81014,6.34486],[-10.81042,6.34486],[-10.81042,6.34514],[-10.81097,6.34514],[-10.81097,6.34542],[-10.81125,6.34542],[-10.81125,6.34569],[-10.81153,6.34569],[-10.81153,6.34597],[-10.81181,6.34597],[-10.81181,6.34625],[-10.81208,6.34625],[-10.81208,6.34653],[-10.81236,6.34653],[-10.81236,6.34681],[-10.81264,6.34681],[-10.81264,6.34736],[-10.81292,6.34736],[-10.81292,6.34792],[-10.8132,6.34792],[-10.8132,6.34819],[-10.81347,6.34819],[-10.81347,6.34847],[-10.8132,6.34847],[-10.8132,6.34875],[-10.81292,6.34875],[-10.81292,6.34903],[-10.81264,6.34903],[-10.81264,6.34875],[-10.81236,6.34875],[-10.81236,6.34819],[-10.81208,6.34819],[-10.81208,6.34736],[-10.81181,6.34736],[-10.81181,6.34708],[-10.81153,6.34708],[-10.81153,6.34681],[-10.81125,6.34681],[-10.81125,6.34653],[-10.81097,6.34653],[-10.81097,6.34625],[-10.81069,6.34625],[-10.81069,6.34597],[-10.80819,6.34597],[-10.80819,6.34625],[-10.80732,6.34625]]]]},"properties":{"region":"Montserrado","district":"Greater Monrovia","floods_1m":1,"floods_2m":1,"floods_3m":1,"first_flood_m":1,"nests":true}},{"type":"Feature","geometry":{"type":"Polygon","coordinates":[[[-10.73603,6.27264],[-10.75028,6.27264],[-10.75028,6.2869],[-10.73603,6.2869],[-10.73603,6.27264]]]},"properties":{"region":"Montserrado","district":"Greater Monrovia","floods_1m":1,"floods_2m":1,"floods_3m":1,"first_flood_m":1,"nests":true}},{"type":"Feature","geometry":{"type":"MultiPolygon","coordinates":[[[[-8.37486,4.64673],[-8.37569,4.64681],[-8.37569,4.64708],[-8.37597,4.64708],[-8.37597,4.64723],[-8.37447,4.64723],[-8.37486,4.64673]]],[[[-8.37681,4.64723],[-8.37653,4.64723],[-8.37653,4.64708],[-8.37681,4.64708],[-8.37681,4.64723]]],[[[-8.37764,4.64723],[-8.37736,4.64723],[-8.37736,4.64708],[-8.37764,4.64708],[-8.37764,4.64723]]],[[[-8.37875,4.64723],[-8.37847,4.64723],[-8.37847,4.64708],[-8.37875,4.64708],[-8.37875,4.64723]]]]},"properties":{"region":"GrandKru","district":"Sasstown 180606","floods_1m":1,"floods_2m":1,"floods_3m":1,"first_flood_m":1,"nests":true}},{"type":"Feature","geometry":{"type":"Polygon","coordinates":[[[-8.39772,4.65097],[-8.39875,4.65097],[-8.39875,4.65069],[-8.39931,4.65069],[-8.39931,4.65097],[-8.39958,4.65097],[-8.39958,4.65125],[-8.40014,4.65125],[-8.40014,4.65153],[-8.4018,4.65153],[-8.4018,4.65181],[-8.40208,4.65181],[-8.40208,4.65236],[-8.40236,4.65236],[-8.40236,4.65264],[-8.40653,4.65264],[-8.40653,4.65292],[-8.40708,4.65292],[-8.40708,4.65319],[-8.40792,4.65319],[-8.40792,4.65375],[-8.40819,4.65375],[-8.40819,4.65458],[-8.40847,4.65458],[-8.40847,4.65514],[-8.40875,4.65514],[-8.40875,4.65569],[-8.40931,4.65569],[-8.40931,4.65625],[-8.40953,4.65625],[-8.40986,4.65625],[-8.40986,4.65637],[-8.40986,4.65653],[-8.4103,4.65653],[-8.41042,4.65653],[-8.41042,4.65681],[-8.41069,4.65681],[-8.41069,4.65708],[-8.41125,4.65708],[-8.41125,4.65736],[-8.41197,4.65736],[-8.41197,4.66149],[-8.39772,4.66149],[-8.39772,4.65097]]]},"properties":{"region":"GrandKru","district":"Sasstown 180606","floods_1m":1,"floods_2m":1,"floods_3m":1,"first_flood_m":1,"nests":true}},{"type":"Feature","geometry":{"type":"Polygon","coordinates":[[[-10.65048,6.25492],[-10.65048,6.24412],[-10.66474,6.24412],[-10.66474,6.25838],[-10.65232,6.25838],[-10.65048,6.25492]]]},"properties":{"region":"Montserrado","district":"Greater Monrovia","floods_1m":0,"floods_2m":1,"floods_3m":0,"first_flood_m":2,"nests":false}},{"type":"Feature","geometry":{"type":"MultiPolygon","coordinates":[[[[-10.0659,5.90625],[-10.06597,5.90625],[-10.06597,5.90653],[-10.06625,5.90653],[-10.06625,5.90708],[-10.06653,5.90708],[-10.06653,5.90764],[-10.06625,5.90764],[-10.06625,5.90847],[-10.06653,5.90847],[-10.06653,5.90903],[-10.0668,5.90903],[-10.0668,5.91264],[-10.06708,5.91264],[-10.06708,5.91347],[-10.06736,5.91347],[-10.06736,5.91375],[-10.06764,5.91375],[-10.06764,5.91486],[-10.06792,5.91486],[-10.06792,5.91542],[-10.0682,5.91542],[-10.0682,5.91597],[-10.06847,5.91597],[-10.06847,5.91619],[-10.0659,5.91619],[-10.0659,5.90625]]],[[[-10.07208,5.91619],[-10.07097,5.91619],[-10.07097,5.91597],[-10.07125,5.91597],[-10.07125,5.91542],[-10.07153,5.91542],[-10.07153,5.91514],[-10.07181,5.91514],[-10.07181,5.91597],[-10.07208,5.91597],[-10.07208,5.91619]]]]},"properties":{"region":"GrandBassa","district":"Stjohnriver","floods_1m":1,"floods_2m":1,"floods_3m":1,"first_flood_m":1,"nests":true}},{"type":"Feature","geometry":{"type":"Polygon","coordinates":[[[-10.70751,6.2869],[-10.72177,6.2869],[-10.72177,6.30115],[-10.70751,6.30115],[-10.70751,6.2869]]]},"properties":{"region":"Montserrado","district":"Greater Monrovia","floods_1m":1,"floods_2m":1,"floods_3m":1,"first_flood_m":1,"nests":true}},{"type":"Feature","geometry":{"type":"Polygon","coordinates":[[[-10.65232,6.25838],[-10.66474,6.25838],[-10.66474,6.27264],[-10.66049,6.27264],[-10.65608,6.26544],[-10.65232,6.25838]]]},"properties":{"region":"Montserrado","district":"Greater Monrovia","floods_1m":1,"floods_2m":1,"floods_3m":1,"first_flood_m":1,"nests":true}},{"type":"Feature","geometry":{"type":"Polygon","coordinates":[[[-10.73603,6.30115],[-10.75028,6.30115],[-10.75028,6.31541],[-10.73603,6.31541],[-10.73603,6.30115]]]},"properties":{"region":"Montserrado","district":"Greater Monrovia","floods_1m":1,"floods_2m":1,"floods_3m":1,"first_flood_m":1,"nests":true}},{"type":"Feature","geometry":{"type":"Polygon","coordinates":[[[-10.79306,6.29236],[-10.79319,6.29236],[-10.79319,6.29264],[-10.79375,6.29264],[-10.79375,6.29292],[-10.7943,6.29292],[-10.7943,6.29319],[-10.79486,6.29319],[-10.79486,6.29347],[-10.79514,6.29347],[-10.79514,6.29375],[-10.79542,6.29375],[-10.79542,6.29403],[-10.7957,6.29403],[-10.7957,6.29431],[-10.79597,6.29431],[-10.79597,6.29514],[-10.79625,6.29514],[-10.79625,6.29542],[-10.79681,6.29542],[-10.79681,6.29569],[-10.79708,6.29569],[-10.79708,6.29597],[-10.79736,6.29597],[-10.79736,6.29625],[-10.79764,6.29625],[-10.79764,6.29653],[-10.79792,6.29653],[-10.79792,6.29681],[-10.79847,6.29681],[-10.79847,6.29708],[-10.7987,6.29708],[-10.79903,6.29708],[-10.79903,6.29736],[-10.79931,6.29736],[-10.79931,6.29764],[-10.79986,6.29764],[-10.79986,6.29792],[-10.80014,6.29792],[-10.80014,6.29888],[-10.80014,6.29958],[-10.80042,6.29958],[-10.80042,6.29986],[-10.80097,6.29986],[-10.80097,6.30014],[-10.80125,6.30014],[-10.80125,6.30069],[-10.80153,6.30069],[-10.80153,6.30115],[-10.79306,6.30115],[-10.79306,6.29236]]]},"properties":{"region":"Montserrado","district":"Greater Monrovia","floods_1m":1,"floods_2m":1,"floods_3m":1,"first_flood_m":1,"nests":true}},{"type":"Feature","geometry":{"type":"Polygon","coordinates":[[[-10.7788,6.31541],[-10.79306,6.31541],[-10.79306,6.32569],[-10.79292,6.32569],[-10.79292,6.32597],[-10.79264,6.32597],[-10.79264,6.32653],[-10.79236,6.32653],[-10.79236,6.32681],[-10.79306,6.32681],[-10.79306,6.32967],[-10.7788,6.32967],[-10.7788,6.31541]]]},"properties":{"region":"Montserrado","district":"Greater Monrovia","floods_1m":1,"floods_2m":1,"floods_3m":1,"first_flood_m":1,"nests":true}},{"type":"Feature","geometry":{"type":"Polygon","coordinates":[[[-8.45475,4.70426],[-8.46901,4.70426],[-8.46901,4.70471],[-8.46901,4.71852],[-8.45475,4.71852],[-8.45475,4.70471],[-8.45475,4.70426]]]},"properties":{"region":"GrandKru","district":"Sasstown 180606","floods_1m":1,"floods_2m":1,"floods_3m":1,"first_flood_m":1,"nests":true}},{"type":"Feature","geometry":{"type":"MultiPolygon","coordinates":[[[[-10.75028,6.30115],[-10.75458,6.30115],[-10.75458,6.30153],[-10.75486,6.30153],[-10.75486,6.30181],[-10.75514,6.30181],[-10.75514,6.30208],[-10.75542,6.30208],[-10.75542,6.30292],[-10.75569,6.30292],[-10.75569,6.30375],[-10.75597,6.30375],[-10.75597,6.30403],[-10.75625,6.30403],[-10.75625,6.30431],[-10.75653,6.30431],[-10.75653,6.30542],[-10.7568,6.30542],[-10.7568,6.3057],[-10.75708,6.3057],[-10.75708,6.30708],[-10.75736,6.30708],[-10.75736,6.30736],[-10.75819,6.30736],[-10.75819,6.30708],[-10.75847,6.30708],[-10.75847,6.30486],[-10.75819,6.30486],[-10.75819,6.30375],[-10.75847,6.30375],[-10.75847,6.30208],[-10.75875,6.30208],[-10.75875,6.30181],[-10.75903,6.30181],[-10.75903,6.30153],[-10.75931,6.30153],[-10.75931,6.30125],[-10.75986,6.30125],[-10.75986,6.30115],[-10.7607,6.30115],[-10.7607,6.30125],[-10.76125,6.30125],[-10.76125,6.30153],[-10.76153,6.30153],[-10.76153,6.30181],[-10.76208,6.30181],[-10.76208,6.30208],[-10.76236,6.30208],[-10.76236,6.30236],[-10.76264,6.30236],[-10.76264,6.30264],[-10.76292,6.30264],[-10.76292,6.30292],[-10.7632,6.30292],[-10.7632,6.3032],[-10.76347,6.3032],[-10.76347,6.30375],[-10.7632,6.30375],[-10.7632,6.30458],[-10.76292,6.30458],[-10.76292,6.30847],[-10.7632,6.30847],[-10.7632,6.30875],[-10.76347,6.30875],[-10.76347,6.30931],[-10.76375,6.30931],[-10.76375,6.30958],[-10.76403,6.30958],[-10.76403,6.31042],[-10.76431,6.31042],[-10.76431,6.31097],[-10.76403,6.31097],[-10.76403,6.31153],[-10.76431,6.31153],[-10.76431,6.3118],[-10.76403,6.3118],[-10.76403,6.31375],[-10.76454,6.31375],[-10.76454,6.31541],[-10.75028,6.31541],[-10.75028,6.30115]]],[[[-10.76454,6.30514],[-10.76454,6.3082],[-10.76431,6.3082],[-10.76431,6.30708],[-10.76403,6.30708],[-10.76403,6.30681],[-10.76431,6.30681],[-10.76431,6.30597],[-10.76403,6.30597],[-10.76403,6.3057],[-10.76431,6.3057],[-10.76431,6.30514],[-10.76454,6.30514]]],[[[-10.7632,6.30115],[-10.76454,6.30115],[-10.76454,6.30375],[-10.76431,6.30375],[-10.76431,6.30264],[-10.76403,6.30264],[-10.76403,6.30208],[-10.76375,6.30208],[-10.76375,6.30181],[-10.76347,6.30181],[-10.76347,6.30153],[-10.7632,6.30153],[-10.7632,6.30115]]],[[[-10.75542,6.30115],[-10.75708,6.30115],[-10.75708,6.30125],[-10.75653,6.30125],[-10.75653,6.30153],[-10.75597,6.30153],[-10.75597,6.30125],[-10.75542,6.30125],[-10.75542,6.30115]]]]},"properties":{"region":"Montserrado","district":"Greater Monrovia","floods_1m":1,"floods_2m":1,"floods_3m":1,"first_flood_m":1,"nests":true}},{"type":"Feature","geometry":{"type":"Polygon","coordinates":[[[-10.73603,6.32967],[-10.75028,6.32967],[-10.75028,6.33145],[-10.75028,6.34393],[-10.73603,6.34393],[-10.73603,6.33145],[-10.73603,6.32967]]]},"properties":{"region":"Montserrado","district":"Greater Monrovia","floods_1m":0,"floods_2m":1,"floods_3m":0,"first_flood_m":2,"nests":false}},{"type":"Feature","geometry":{"type":"Polygon","coordinates":[[[-10.05164,5.9447],[-10.0659,5.9447],[-10.0659,5.95896],[-10.05164,5.95896],[-10.05164,5.9447]]]},"properties":{"region":"GrandBassa","district":"Stjohnriver","floods_1m":1,"floods_2m":1,"floods_3m":1,"first_flood_m":1,"nests":true}},{"type":"Feature","geometry":{"type":"Polygon","coordinates":[[[-10.65048,6.22986],[-10.66125,6.22986],[-10.66125,6.23014],[-10.66153,6.23014],[-10.66153,6.23042],[-10.66181,6.23042],[-10.66181,6.23069],[-10.66236,6.23069],[-10.66236,6.23097],[-10.6632,6.23097],[-10.6632,6.23014],[-10.66347,6.23014],[-10.66347,6.22986],[-10.66474,6.22986],[-10.66474,6.24412],[-10.65048,6.24412],[-10.65048,6.22986]]]},"properties":{"region":"Montserrado","district":"Greater Monrovia","floods_1m":1,"floods_2m":1,"floods_3m":1,"first_flood_m":1,"nests":true}},{"type":"Feature","geometry":{"type":"Polygon","coordinates":[[[-10.63851,6.22986],[-10.65048,6.22986],[-10.65048,6.24412],[-10.64473,6.24412],[-10.64058,6.23633],[-10.63851,6.22986]]]},"properties":{"region":"Montserrado","district":"Greater Monrovia","floods_1m":0,"floods_2m":1,"floods_3m":0,"first_flood_m":2,"nests":false}},{"type":"Feature","geometry":{"type":"Polygon","coordinates":[[[-10.80732,6.32931],[-10.80732,6.31541],[-10.8182,6.31541],[-10.8182,6.31542],[-10.81792,6.31542],[-10.81792,6.31653],[-10.81764,6.31653],[-10.81764,6.31847],[-10.81736,6.31847],[-10.81736,6.31931],[-10.81764,6.31931],[-10.81764,6.32097],[-10.81736,6.32097],[-10.81736,6.32181],[-10.81708,6.32181],[-10.81708,6.32208],[-10.81653,6.32208],[-10.81653,6.32236],[-10.81625,6.32236],[-10.81625,6.32264],[-10.81597,6.32264],[-10.81597,6.32236],[-10.81569,6.32236],[-10.81569,6.32264],[-10.81514,6.32264],[-10.81514,6.32292],[-10.81403,6.32292],[-10.81403,6.32264],[-10.81208,6.32264],[-10.81208,6.32236],[-10.81125,6.32236],[-10.81125,6.32264],[-10.81042,6.32264],[-10.81042,6.32292],[-10.81014,6.32292],[-10.81014,6.32319],[-10.80986,6.32319],[-10.80986,6.32458],[-10.8093,6.32458],[-10.8093,6.32514],[-10.80903,6.32514],[-10.80903,6.32542],[-10.80875,6.32542],[-10.80875,6.32597],[-10.80847,6.32597],[-10.80847,6.32653],[-10.80819,6.32653],[-10.80819,6.3282],[-10.80792,6.3282],[-10.80792,6.32875],[-10.80764,6.32875],[-10.80764,6.32903],[-10.80736,6.32903],[-10.80736,6.32931],[-10.80732,6.32931]]]},"properties":{"region":"Montserrado","district":"Greater Monrovia","floods_1m":1,"floods_2m":1,"floods_3m":1,"first_flood_m":1,"nests":true}},{"type":"Feature","geometry":{"type":"Polygon","coordinates":[[[-10.79306,6.35819],[-10.79486,6.35819],[-10.79486,6.35847],[-10.79403,6.35847],[-10.79403,6.35903],[-10.79375,6.35903],[-10.79375,6.3593],[-10.79347,6.3593],[-10.79347,6.36029],[-10.79347,6.36042],[-10.79375,6.36042],[-10.79375,6.36069],[-10.79458,6.36069],[-10.79458,6.36208],[-10.7943,6.36208],[-10.7943,6.3624],[-10.7943,6.36486],[-10.79458,6.36486],[-10.79458,6.36514],[-10.7943,6.36514],[-10.7943,6.3657],[-10.79458,6.3657],[-10.79458,6.36764],[-10.79486,6.36764],[-10.79486,6.36792],[-10.79514,6.36792],[-10.79514,6.36847],[-10.79542,6.36847],[-10.79542,6.36875],[-10.7957,6.36875],[-10.7957,6.36986],[-10.79597,6.36986],[-10.79597,6.37014],[-10.79625,6.37014],[-10.79625,6.37069],[-10.79653,6.37069],[-10.79653,6.37125],[-10.79681,6.37125],[-10.79681,6.37208],[-10.79708,6.37208],[-10.79708,6.37236],[-10.79736,6.37236],[-10.79736,6.37244],[-10.79306,6.37244],[-10.79306,6.35819]]]},"properties":{"region":"Montserrado","district":"Greater Monrovia","floods_1m":1,"floods_2m":1,"floods_3m":1,"first_flood_m":1,"nests":true}},{"type":"Feature","geometry":{"type":"Polygon","coordinates":[[[-8.45475,4.71852],[-8.46901,4.71852],[-8.46901,4.73278],[-8.45475,4.73278],[-8.45475,4.71852]]]},"properties":{"region":"GrandKru","district":"Sasstown 180606","floods_1m":1,"floods_2m":1,"floods_3m":1,"first_flood_m":1,"nests":true}},{"type":"Feature","geometry":{"type":"MultiPolygon","coordinates":[[[[-10.75028,6.2869],[-10.76454,6.2869],[-10.76454,6.30115],[-10.7632,6.30115],[-10.7632,6.30097],[-10.76292,6.30097],[-10.76292,6.30069],[-10.76236,6.30069],[-10.76236,6.30042],[-10.7618,6.30042],[-10.7618,6.30014],[-10.76153,6.30014],[-10.76153,6.29986],[-10.76097,6.29986],[-10.76097,6.29958],[-10.7607,6.29958],[-10.7607,6.2993],[-10.75986,6.2993],[-10.75986,6.29958],[-10.75847,6.29958],[-10.75847,6.29986],[-10.75819,6.29986],[-10.75819,6.30014],[-10.75792,6.30014],[-10.75792,6.30042],[-10.75764,6.30042],[-10.75764,6.30069],[-10.75736,6.30069],[-10.75736,6.30097],[-10.75708,6.30097],[-10.75708,6.30115],[-10.75542,6.30115],[-10.75542,6.30042],[-10.75514,6.30042],[-10.75514,6.30014],[-10.75486,6.30014],[-10.75486,6.29986],[-10.75458,6.29986],[-10.75458,6.30014],[-10.75431,6.30014],[-10.75431,6.30097],[-10.75458,6.30097],[-10.75458,6.30115],[-10.75028,6.30115],[-10.75028,6.2869]]],[[[-10.7607,6.30115],[-10.75986,6.30115],[-10.75986,6.30097],[-10.7607,6.30097],[-10.7607,6.30115]]]]},"properties":{"region":"Montserrado","district":"Greater Monrovia","floods_1m":1,"floods_2m":1,"floods_3m":1,"first_flood_m":1,"nests":true}},{"type":"Feature","geometry":{"type":"Polygon","coordinates":[[[-10.71134,6.31541],[-10.72177,6.31541],[-10.72177,6.32236],[-10.7195,6.31846],[-10.71134,6.31541]]]},"properties":{"region":"Montserrado","district":"Greater Monrovia","floods_1m":1,"floods_2m":1,"floods_3m":1,"first_flood_m":1,"nests":true}},{"type":"Feature","geometry":{"type":"Polygon","coordinates":[[[-10.75028,6.34393],[-10.76454,6.34393],[-10.76454,6.35819],[-10.75028,6.35819],[-10.75028,6.34393]]]},"properties":{"region":"Montserrado","district":"Greater Monrovia","floods_1m":0,"floods_2m":1,"floods_3m":0,"first_flood_m":2,"nests":false}},{"type":"Feature","geometry":{"type":"Polygon","coordinates":[[[-10.69325,6.25838],[-10.70751,6.25838],[-10.70751,6.27264],[-10.69325,6.27264],[-10.69325,6.25838]]]},"properties":{"region":"Montserrado","district":"Greater Monrovia","floods_1m":0,"floods_2m":1,"floods_3m":0,"first_flood_m":2,"nests":false}},{"type":"Feature","geometry":{"type":"Polygon","coordinates":[[[-10.75028,6.32967],[-10.76454,6.32967],[-10.76454,6.33145],[-10.76454,6.34393],[-10.75028,6.34393],[-10.75028,6.33145],[-10.75028,6.32967]]]},"properties":{"region":"Montserrado","district":"Greater Monrovia","floods_1m":1,"floods_2m":1,"floods_3m":1,"first_flood_m":1,"nests":true}},{"type":"Feature","geometry":{"type":"Polygon","coordinates":[[[-10.7788,6.37244],[-10.79306,6.37244],[-10.79306,6.38323],[-10.78641,6.3867],[-10.7788,6.3867],[-10.7788,6.37244]]]},"properties":{"region":"Montserrado","district":"Greater Monrovia","floods_1m":1,"floods_2m":1,"floods_3m":1,"first_flood_m":1,"nests":true}},{"type":"Feature","geometry":{"type":"MultiPolygon","coordinates":[[[[-10.79306,6.32967],[-10.80042,6.32967],[-10.80042,6.32986],[-10.80014,6.32986],[-10.80014,6.33042],[-10.79986,6.33042],[-10.79986,6.33264],[-10.79958,6.33264],[-10.79958,6.33347],[-10.79931,6.33347],[-10.79931,6.33403],[-10.79958,6.33403],[-10.79958,6.3343],[-10.80014,6.3343],[-10.80014,6.33514],[-10.79958,6.33514],[-10.79958,6.33542],[-10.79931,6.33542],[-10.79931,6.33597],[-10.79903,6.33597],[-10.79903,6.33625],[-10.79875,6.33625],[-10.79875,6.33653],[-10.79847,6.33653],[-10.79847,6.3368],[-10.79875,6.3368],[-10.79875,6.33736],[-10.7982,6.33736],[-10.7982,6.33819],[-10.79792,6.33819],[-10.79792,6.33903],[-10.79764,6.33903],[-10.79764,6.34014],[-10.79736,6.34014],[-10.79736,6.34069],[-10.79764,6.34069],[-10.79764,6.34097],[-10.79736,6.34097],[-10.79736,6.34181],[-10.79708,6.34181],[-10.79708,6.34208],[-10.79681,6.34208],[-10.79681,6.34236],[-10.79653,6.34236],[-10.79653,6.34292],[-10.79625,6.34292],[-10.79625,6.34393],[-10.79306,6.34393],[-10.79306,6.33145],[-10.79306,6.32967]]],[[[-10.80732,6.33958],[-10.80732,6.34153],[-10.80681,6.34153],[-10.80681,6.34125],[-10.80569,6.34125],[-10.80569,6.34069],[-10.80514,6.34069],[-10.80514,6.34042],[-10.80486,6.34042],[-10.80486,6.34014],[-10.80458,6.34014],[-10.80458,6.33986],[-10.80403,6.33986],[-10.80403,6.33958],[-10.80319,6.33958],[-10.80319,6.34014],[-10.80292,6.34014],[-10.80292,6.34042],[-10.80236,6.34042],[-10.80236,6.34097],[-10.80208,6.34097],[-10.80208,6.34153],[-10.80181,6.34153],[-10.80181,6.34181],[-10.80153,6.34181],[-10.80153,6.34236],[-10.80069,6.34236],[-10.80069,6.34181],[-10.80097,6.34181],[-10.80097,6.34125],[-10.80125,6.34125],[-10.80125,6.34069],[-10.80153,6.34069],[-10.80153,6.34014],[-10.80181,6.34014],[-10.80181,6.33986],[-10.80208,6.33986],[-10.80208,6.3393],[-10.80236,6.3393],[-10.80236,6.33819],[-10.80264,6.33819],[-10.80264,6.33792],[-10.80236,6.33792],[-10.80236,6.33764],[-10.80208,6.33764],[-10.80208,6.33736],[-10.80236,6.33736],[-10.80236,6.33708],[-10.80292,6.33708],[-10.80292,6.33736],[-10.80319,6.33736],[-10.80319,6.33764],[-10.80347,6.33764],[-10.80347,6.33792],[-10.80375,6.33792],[-10.80375,6.33819],[-10.80403,6.33819],[-10.80403,6.33847],[-10.80431,6.33847],[-10.80431,6.33875],[-10.80458,6.33875],[-10.80458,6.33903],[-10.80486,6.33903],[-10.80486,6.3393],[-10.80514,6.3393],[-10.80514,6.33958],[-10.80569,6.33958],[-10.80569,6.33986],[-10.80597,6.33986],[-10.80597,6.33958],[-10.80625,6.33958],[-10.80625,6.33875],[-10.80597,6.33875],[-10.80597,6.33847],[-10.80569,6.33847],[-10.80569,6.33792],[-10.80542,6.33792],[-10.80542,6.33736],[-10.80514,6.33736],[-10.80514,6.33708],[-10.80486,6.33708],[-10.80486,6.33597],[-10.80514,6.33597],[-10.80514,6.33569],[-10.80542,6.33569],[-10.80542,6.33542],[-10.80597,6.33542],[-10.80597,6.33569],[-10.80625,6.33569],[-10.80625,6.33653],[-10.80653,6.33653],[-10.80653,6.33792],[-10.80681,6.33792],[-10.80681,6.33819],[-10.80708,6.33819],[-10.80708,6.33958],[-10.80732,6.33958]]],[[[-10.80264,6.32967],[-10.80597,6.32967],[-10.80597,6.32986],[-10.80569,6.32986],[-10.80569,6.33014],[-10.80542,6.33014],[-10.80542,6.33042],[-10.80486,6.33042],[-10.80486,6.3307],[-10.80431,6.3307],[-10.80431,6.33097],[-10.80347,6.33097],[-10.80347,6.3307],[-10.80319,6.3307],[-10.80319,6.33014],[-10.80292,6.33014],[-10.80292,6.32986],[-10.80264,6.32986],[-10.80264,6.32967]]]]},"properties":{"region":"Montserrado","district":"Greater Monrovia","floods_1m":1,"floods_2m":1,"floods_3m":1,"first_flood_m":1,"nests":true}},{"type":"Feature","geometry":{"type":"Polygon","coordinates":[[[-10.80732,6.3057],[-10.80792,6.3057],[-10.80792,6.30597],[-10.80819,6.30597],[-10.80819,6.30625],[-10.80875,6.30625],[-10.80875,6.30653],[-10.8093,6.30653],[-10.8093,6.30681],[-10.80958,6.30681],[-10.80958,6.30708],[-10.80986,6.30708],[-10.80986,6.30736],[-10.81014,6.30736],[-10.81014,6.30764],[-10.81069,6.30764],[-10.81069,6.30792],[-10.81125,6.30792],[-10.81125,6.3082],[-10.81153,6.3082],[-10.81153,6.30847],[-10.81208,6.30847],[-10.81208,6.30875],[-10.81228,6.30875],[-10.81236,6.30875],[-10.81236,6.30903],[-10.8132,6.30903],[-10.8132,6.30931],[-10.81403,6.30931],[-10.81403,6.30958],[-10.81431,6.30958],[-10.81431,6.30986],[-10.81486,6.30986],[-10.81486,6.31014],[-10.81514,6.31014],[-10.81514,6.31069],[-10.81569,6.3107],[-10.81569,6.31097],[-10.81653,6.31097],[-10.81653,6.31125],[-10.81736,6.31125],[-10.81736,6.31153],[-10.81764,6.31153],[-10.81764,6.31208],[-10.81792,6.31208],[-10.81792,6.31236],[-10.8182,6.31236],[-10.8182,6.31403],[-10.81847,6.31403],[-10.81847,6.31431],[-10.8182,6.31431],[-10.8182,6.31541],[-10.80732,6.31541],[-10.80732,6.3057]]]},"properties":{"region":"Montserrado","district":"Greater Monrovia","floods_1m":1,"floods_2m":1,"floods_3m":1,"first_flood_m":1,"nests":true}},{"type":"Feature","geometry":{"type":"Polygon","coordinates":[[[-10.72177,6.2869],[-10.73603,6.2869],[-10.73603,6.30115],[-10.72177,6.30115],[-10.72177,6.2869]]]},"properties":{"region":"Montserrado","district":"Greater Monrovia","floods_1m":1,"floods_2m":1,"floods_3m":1,"first_flood_m":1,"nests":true}},{"type":"Feature","geometry":{"type":"Polygon","coordinates":[[[-10.76454,6.31541],[-10.7788,6.31541],[-10.7788,6.32967],[-10.76454,6.32967],[-10.76454,6.31541]]]},"properties":{"region":"Montserrado","district":"Greater Monrovia","floods_1m":1,"floods_2m":1,"floods_3m":1,"first_flood_m":1,"nests":true}},{"type":"Feature","geometry":{"type":"Polygon","coordinates":[[[-10.66474,6.22986],[-10.67764,6.22986],[-10.67764,6.23014],[-10.67847,6.23014],[-10.67847,6.23042],[-10.67899,6.23042],[-10.67899,6.24412],[-10.66474,6.24412],[-10.66474,6.22986]]]},"properties":{"region":"Montserrado","district":"Greater Monrovia","floods_1m":0,"floods_2m":1,"floods_3m":0,"first_flood_m":2,"nests":false}},{"type":"Feature","geometry":{"type":"Polygon","coordinates":[[[-10.73603,6.31541],[-10.75028,6.31541],[-10.75028,6.32967],[-10.73603,6.32967],[-10.73603,6.31541]]]},"properties":{"region":"Montserrado","district":"Greater Monrovia","floods_1m":1,"floods_2m":1,"floods_3m":1,"first_flood_m":1,"nests":true}},{"type":"Feature","geometry":{"type":"MultiPolygon","coordinates":[[[[-10.65048,6.22264],[-10.65097,6.22264],[-10.65097,6.22292],[-10.65153,6.22292],[-10.65153,6.2232],[-10.65181,6.2232],[-10.65181,6.22347],[-10.65236,6.22347],[-10.65236,6.2232],[-10.65347,6.2232],[-10.65347,6.22347],[-10.65375,6.22347],[-10.65375,6.22375],[-10.65403,6.22375],[-10.65403,6.22403],[-10.65597,6.22403],[-10.65597,6.22431],[-10.65681,6.22431],[-10.65681,6.22458],[-10.65708,6.22458],[-10.65708,6.22514],[-10.65681,6.22514],[-10.65681,6.22542],[-10.65653,6.22542],[-10.65653,6.22514],[-10.65542,6.22514],[-10.65542,6.22486],[-10.65403,6.22486],[-10.65403,6.22458],[-10.65292,6.22458],[-10.65292,6.22514],[-10.6532,6.22514],[-10.6532,6.22542],[-10.65403,6.22542],[-10.65403,6.2257],[-10.65431,6.2257],[-10.65431,6.22597],[-10.65458,6.22597],[-10.65458,6.22625],[-10.65431,6.22625],[-10.65431,6.22736],[-10.65542,6.22736],[-10.65542,6.22681],[-10.65569,6.22681],[-10.65569,6.22653],[-10.65625,6.22653],[-10.65625,6.22681],[-10.65681,6.22681],[-10.65681,6.22708],[-10.65792,6.22708],[-10.65792,6.22736],[-10.65819,6.22736],[-10.65819,6.22764],[-10.65875,6.22764],[-10.65875,6.22792],[-10.65903,6.22792],[-10.65903,6.2282],[-10.6593,6.2282],[-10.6593,6.22847],[-10.65986,6.22847],[-10.65986,6.22875],[-10.66069,6.22875],[-10.66069,6.22847],[-10.66208,6.22847],[-10.66208,6.2293],[-10.66097,6.2293],[-10.66097,6.22986],[-10.66125,6.22986],[-10.66125,6.22986],[-10.65048,6.22986],[-10.65048,6.22264]]],[[[-10.66474,6.22681],[-10.66474,6.22986],[-10.66347,6.22986],[-10.66347,6.22986],[-10.66375,6.22986],[-10.66375,6.22958],[-10.66403,6.22958],[-10.66403,6.2293],[-10.66431,6.2293],[-10.66431,6.22875],[-10.66458,6.22875],[-10.66458,6.2282],[-10.66403,6.2282],[-10.66403,6.22792],[-10.66347,6.22792],[-10.66347,6.22764],[-10.6632,6.22764],[-10.6632,6.22736],[-10.66292,6.22736],[-10.66292,6.22708],[-10.66264,6.22708],[-10.66264,6.22681],[-10.66181,6.22681],[-10.66181,6.22653],[-10.66097,6.22653],[-10.66097,6.22625],[-10.65986,6.22625],[-10.65986,6.22597],[-10.65958,6.22597],[-10.65958,6.2257],[-10.65986,6.2257],[-10.65986,6.22542],[-10.66125,6.22542],[-10.66125,6.2257],[-10.66181,6.2257],[-10.66181,6.22597],[-10.66292,6.22597],[-10.66292,6.22625],[-10.66347,6.22625],[-10.66347,6.22653],[-10.66403,6.22653],[-10.66403,6.22681],[-10.66474,6.22681]]]]},"properties":{"region":"Montserrado","district":"Greater Monrovia","floods_1m":1,"floods_2m":1,"floods_3m":1,"first_flood_m":1,"nests":true}},{"type":"Feature","geometry":{"type":"Polygon","coordinates":[[[-10.05164,5.93045],[-10.0659,5.93045],[-10.0659,5.9447],[-10.05164,5.9447],[-10.05164,5.93045]]]},"properties":{"region":"GrandBassa","district":"Stjohnriver","floods_1m":1,"floods_2m":1,"floods_3m":1,"first_flood_m":1,"nests":true}},{"type":"Feature","geometry":{"type":"Polygon","coordinates":[[[-8.5403,4.74703],[-8.54431,4.74703],[-8.54431,4.74708],[-8.54569,4.74708],[-8.54569,4.74736],[-8.54653,4.74736],[-8.54653,4.74764],[-8.54681,4.74764],[-8.54681,4.74792],[-8.54708,4.74792],[-8.54708,4.7482],[-8.54764,4.7482],[-8.54764,4.74847],[-8.54875,4.74847],[-8.54875,4.74875],[-8.54959,4.74875],[-8.54959,4.74903],[-8.55069,4.74903],[-8.55069,4.7493],[-8.55125,4.7493],[-8.55125,4.74986],[-8.55236,4.74986],[-8.55236,4.74958],[-8.55292,4.74958],[-8.55292,4.75014],[-8.55455,4.75014],[-8.55455,4.76129],[-8.5403,4.76129],[-8.5403,4.74703]]]},"properties":{"region":"GrandKru","district":"Sasstown 180606","floods_1m":1,"floods_2m":1,"floods_3m":1,"first_flood_m":1,"nests":true}},{"type":"Feature","geometry":{"type":"Polygon","coordinates":[[[-10.05164,5.97322],[-10.0659,5.97322],[-10.0659,5.98748],[-10.05164,5.98748],[-10.05164,5.97322]]]},"properties":{"region":"GrandBassa","district":"Stjohnriver","floods_1m":1,"floods_2m":1,"floods_3m":1,"first_flood_m":1,"nests":true}},{"type":"Feature","geometry":{"type":"Polygon","coordinates":[[[-10.06464,5.90514],[-10.06486,5.90514],[-10.06486,5.90542],[-10.06514,5.90542],[-10.06514,5.90569],[-10.06542,5.90569],[-10.06542,5.90597],[-10.06569,5.90597],[-10.06569,5.90625],[-10.0659,5.90625],[-10.0659,5.91619],[-10.05566,5.91619],[-10.06464,5.90514]]]},"properties":{"region":"GrandBassa","district":"Stjohnriver","floods_1m":1,"floods_2m":1,"floods_3m":1,"first_flood_m":1,"nests":true}},{"type":"Feature","geometry":{"type":"MultiPolygon","coordinates":[[[[-10.79306,6.34393],[-10.79625,6.34393],[-10.79625,6.34458],[-10.79681,6.34458],[-10.79681,6.34486],[-10.79764,6.34486],[-10.79764,6.34653],[-10.79708,6.34653],[-10.79708,6.34681],[-10.79681,6.34681],[-10.79681,6.34708],[-10.79486,6.34708],[-10.79486,6.34764],[-10.79458,6.34764],[-10.79458,6.34792],[-10.79403,6.34792],[-10.79403,6.34875],[-10.7943,6.34875],[-10.7943,6.35014],[-10.79458,6.35014],[-10.79458,6.35042],[-10.79486,6.35042],[-10.79486,6.35069],[-10.79597,6.35069],[-10.79597,6.35097],[-10.79625,6.35097],[-10.79625,6.35153],[-10.79597,6.35153],[-10.79597,6.35125],[-10.7957,6.35125],[-10.7957,6.35208],[-10.79514,6.35208],[-10.79514,6.35264],[-10.79486,6.35264],[-10.79486,6.35292],[-10.7943,6.35292],[-10.7943,6.3532],[-10.79403,6.3532],[-10.79403,6.35347],[-10.79375,6.35347],[-10.79375,6.35403],[-10.79347,6.35403],[-10.79347,6.35514],[-10.79375,6.35514],[-10.79375,6.35569],[-10.79403,6.35569],[-10.79403,6.35625],[-10.7943,6.35625],[-10.7943,6.35653],[-10.79458,6.35653],[-10.79458,6.3568],[-10.79597,6.3568],[-10.79597,6.35736],[-10.79625,6.35736],[-10.79625,6.35764],[-10.79514,6.35764],[-10.79514,6.35792],[-10.79486,6.35792],[-10.79486,6.35819],[-10.79306,6.35819],[-10.79306,6.34393]]],[[[-10.80732,6.35181],[-10.80732,6.35264],[-10.80708,6.35264],[-10.80708,6.35292],[-10.80681,6.35292],[-10.80681,6.3532],[-10.80597,6.3532],[-10.80597,6.35347],[-10.80569,6.35347],[-10.80569,6.35375],[-10.80458,6.35375],[-10.80458,6.35403],[-10.80431,6.35403],[-10.80431,6.35431],[-10.80347,6.35431],[-10.80347,6.35458],[-10.80264,6.35458],[-10.80264,6.35486],[-10.80208,6.35486],[-10.80208,6.35514],[-10.80153,6.35514],[-10.80153,6.35542],[-10.80125,6.35542],[-10.80125,6.35569],[-10.80069,6.35569],[-10.80069,6.35597],[-10.80042,6.35597],[-10.80042,6.35625],[-10.79903,6.35625],[-10.79903,6.35653],[-10.7982,6.35653],[-10.7982,6.3568],[-10.79736,6.3568],[-10.79736,6.35708],[-10.79681,6.35708],[-10.79681,6.35625],[-10.79736,6.35625],[-10.79736,6.35597],[-10.7982,6.35597],[-10.7982,6.35569],[-10.79903,6.35569],[-10.79903,6.35542],[-10.80014,6.35542],[-10.80014,6.35514],[-10.80069,6.35514],[-10.80069,6.35486],[-10.80097,6.35486],[-10.80097,6.35458],[-10.80153,6.35458],[-10.80153,6.35431],[-10.80208,6.35431],[-10.80208,6.35403],[-10.80264,6.35403],[-10.80264,6.35375],[-10.80347,6.35375],[-10.80347,6.35347],[-10.80431,6.35347],[-10.80431,6.3532],[-10.80458,6.3532],[-10.80458,6.35292],[-10.80569,6.35292],[-10.80569,6.35264],[-10.80597,6.35264],[-10.80597,6.35236],[-10.80653,6.35236],[-10.80653,6.35208],[-10.80708,6.35208],[-10.80708,6.35181],[-10.80732,6.35181]]],[[[-10.80732,6.34458],[-10.80732,6.34625],[-10.80708,6.34625],[-10.80708,6.34597],[-10.80681,6.34597],[-10.80681,6.34486],[-10.80708,6.34486],[-10.80708,6.34458],[-10.80732,6.34458]]]]},"properties":{"region":"Montserrado","district":"Greater Monrovia","floods_1m":1,"floods_2m":1,"floods_3m":1,"first_flood_m":1,"nests":true}},{"type":"Feature","geometry":{"type":"Polygon","coordinates":[[[-10.03738,5.9447],[-10.05164,5.9447],[-10.05164,5.95896],[-10.03738,5.95896],[-10.03738,5.9447]]]},"properties":{"region":"GrandBassa","district":"Stjohnriver","floods_1m":0,"floods_2m":1,"floods_3m":0,"first_flood_m":2,"nests":false}},{"type":"Feature","geometry":{"type":"Polygon","coordinates":[[[-10.72177,6.26236],[-10.72181,6.26236],[-10.72181,6.26264],[-10.72208,6.26264],[-10.72208,6.26236],[-10.72236,6.26236],[-10.72236,6.26208],[-10.72347,6.26208],[-10.72347,6.26264],[-10.72375,6.26264],[-10.72375,6.26292],[-10.72403,6.26292],[-10.72403,6.26264],[-10.72431,6.26264],[-10.72431,6.26153],[-10.72458,6.26153],[-10.72458,6.26181],[-10.72542,6.26181],[-10.72542,6.26208],[-10.72625,6.26208],[-10.72625,6.26236],[-10.72681,6.26236],[-10.72681,6.26264],[-10.72764,6.26264],[-10.72764,6.26292],[-10.72875,6.26292],[-10.72875,6.26319],[-10.72958,6.26319],[-10.72958,6.26347],[-10.72986,6.26347],[-10.72986,6.26375],[-10.73097,6.26375],[-10.73097,6.26403],[-10.73125,6.26403],[-10.73125,6.26431],[-10.73181,6.26431],[-10.73181,6.26458],[-10.73264,6.26458],[-10.73264,6.26486],[-10.7332,6.26486],[-10.7332,6.26458],[-10.73347,6.26458],[-10.73347,6.26486],[-10.73403,6.26486],[-10.73403,6.26514],[-10.73458,6.26514],[-10.73458,6.26542],[-10.73514,6.26542],[-10.73514,6.26569],[-10.73542,6.26569],[-10.73542,6.26597],[-10.73597,6.26597],[-10.73597,6.26569],[-10.73603,6.26569],[-10.73603,6.27264],[-10.72177,6.27264],[-10.72177,6.26236]]]},"properties":{"region":"Montserrado","district":"Greater Monrovia","floods_1m":1,"floods_2m":1,"floods_3m":1,"first_flood_m":1,"nests":true}},{"type":"Feature","geometry":{"type":"Polygon","coordinates":[[[-10.76454,6.37244],[-10.7788,6.37244],[-10.7788,6.3867],[-10.76454,6.3867],[-10.76454,6.37244]]]},"properties":{"region":"Montserrado","district":"Greater Monrovia","floods_1m":0,"floods_2m":1,"floods_3m":0,"first_flood_m":2,"nests":false}},{"type":"Feature","geometry":{"type":"Polygon","coordinates":[[[-10.05164,5.92113],[-10.05566,5.91619],[-10.0659,5.91619],[-10.0659,5.93045],[-10.05164,5.93045],[-10.05164,5.92113]]]},"properties":{"region":"GrandBassa","district":"Stjohnriver","floods_1m":1,"floods_2m":1,"floods_3m":1,"first_flood_m":1,"nests":true}},{"type":"Feature","geometry":{"type":"Polygon","coordinates":[[[-8.59733,4.7682],[-8.59819,4.7682],[-8.59819,4.76847],[-8.59875,4.76847],[-8.59875,4.76903],[-8.59931,4.76903],[-8.59931,4.76958],[-8.59958,4.76958],[-8.59958,4.76986],[-8.59986,4.76986],[-8.59986,4.77042],[-8.60042,4.77042],[-8.60042,4.7707],[-8.60069,4.7707],[-8.60069,4.77097],[-8.60097,4.77097],[-8.60097,4.77125],[-8.60125,4.77125],[-8.60125,4.77153],[-8.60153,4.77153],[-8.60153,4.77176],[-8.60153,4.77208],[-8.60181,4.77208],[-8.60181,4.77264],[-8.60208,4.77264],[-8.60208,4.77292],[-8.60236,4.77292],[-8.60236,4.77319],[-8.60264,4.77319],[-8.60264,4.77347],[-8.60292,4.77347],[-8.60292,4.77375],[-8.60347,4.77375],[-8.60347,4.77403],[-8.60375,4.77403],[-8.60375,4.7743],[-8.60403,4.7743],[-8.60403,4.77458],[-8.6043,4.77458],[-8.6043,4.77486],[-8.60486,4.77486],[-8.60486,4.77514],[-8.60569,4.77514],[-8.60569,4.77555],[-8.59733,4.77555],[-8.59733,4.7682]]]},"properties":{"region":"GrandKru","district":"Sasstown 180606","floods_1m":1,"floods_2m":1,"floods_3m":1,"first_flood_m":1,"nests":true}},{"type":"Feature","geometry":{"type":"Polygon","coordinates":[[[-10.76454,6.34393],[-10.7788,6.34393],[-10.7788,6.35819],[-10.76454,6.35819],[-10.76454,6.34393]]]},"properties":{"region":"Montserrado","district":"Greater Monrovia","floods_1m":1,"floods_2m":1,"floods_3m":1,"first_flood_m":1,"nests":true}},{"type":"Feature","geometry":{"type":"Polygon","coordinates":[[[-10.73603,6.37244],[-10.75028,6.37244],[-10.75028,6.3867],[-10.73603,6.3867],[-10.73603,6.37244]]]},"properties":{"region":"Montserrado","district":"Greater Monrovia","floods_1m":0,"floods_2m":1,"floods_3m":0,"first_flood_m":2,"nests":false}},{"type":"Feature","geometry":{"type":"Polygon","coordinates":[[[-10.69325,6.27264],[-10.70751,6.27264],[-10.70751,6.2869],[-10.69325,6.2869],[-10.69325,6.27264]]]},"properties":{"region":"Montserrado","district":"Greater Monrovia","floods_1m":1,"floods_2m":1,"floods_3m":1,"first_flood_m":1,"nests":true}},{"type":"Feature","geometry":{"type":"Polygon","coordinates":[[[-10.7788,6.34393],[-10.79306,6.34393],[-10.79306,6.35819],[-10.7788,6.35819],[-10.7788,6.34393]]]},"properties":{"region":"Montserrado","district":"Greater Monrovia","floods_1m":0,"floods_2m":1,"floods_3m":0,"first_flood_m":2,"nests":false}},{"type":"Feature","geometry":{"type":"MultiPolygon","coordinates":[[[[-10.79306,6.31319],[-10.79319,6.31319],[-10.79319,6.31347],[-10.79347,6.31347],[-10.79347,6.31375],[-10.79375,6.31375],[-10.79375,6.31431],[-10.79403,6.31431],[-10.79403,6.31458],[-10.79375,6.31458],[-10.79375,6.31514],[-10.79403,6.31514],[-10.79403,6.31541],[-10.79306,6.31541],[-10.79306,6.31319]]],[[[-10.79306,6.3057],[-10.79306,6.30375],[-10.79319,6.30375],[-10.79319,6.30347],[-10.79306,6.30347],[-10.79306,6.30115],[-10.80153,6.30115],[-10.80153,6.30208],[-10.80181,6.30208],[-10.80181,6.30236],[-10.80208,6.30236],[-10.80208,6.3032],[-10.80236,6.3032],[-10.80236,6.30347],[-10.80264,6.30347],[-10.80264,6.30375],[-10.80292,6.30375],[-10.80292,6.30403],[-10.80403,6.30403],[-10.80403,6.30431],[-10.80431,6.30431],[-10.80431,6.30458],[-10.80458,6.30458],[-10.80458,6.30486],[-10.80542,6.30486],[-10.80542,6.30514],[-10.80681,6.30514],[-10.80681,6.30542],[-10.80708,6.30542],[-10.80708,6.3057],[-10.80732,6.3057],[-10.80732,6.31541],[-10.79708,6.31541],[-10.79708,6.31486],[-10.79681,6.31486],[-10.79681,6.31375],[-10.79653,6.31375],[-10.79653,6.30986],[-10.79625,6.30986],[-10.79625,6.30931],[-10.7957,6.30931],[-10.7957,6.30875],[-10.79542,6.30875],[-10.79542,6.3082],[-10.79486,6.3082],[-10.79486,6.30736],[-10.79458,6.30736],[-10.79458,6.30681],[-10.7943,6.30681],[-10.7943,6.30653],[-10.79375,6.30653],[-10.79375,6.30625],[-10.79347,6.30625],[-10.79347,6.30597],[-10.79319,6.30597],[-10.79319,6.3057],[-10.79306,6.3057]]]]},"properties":{"region":"Montserrado","district":"Greater Monrovia","floods_1m":1,"floods_2m":1,"floods_3m":1,"first_flood_m":1,"nests":true}},{"type":"Feature","geometry":{"type":"Polygon","coordinates":[[[-10.80732,6.34153],[-10.80732,6.33958],[-10.80736,6.33958],[-10.80736,6.34042],[-10.80764,6.34042],[-10.80764,6.34153],[-10.80792,6.34153],[-10.80792,6.34181],[-10.80819,6.34181],[-10.80819,6.34208],[-10.80847,6.34208],[-10.80847,6.34236],[-10.80875,6.34236],[-10.80875,6.34292],[-10.80903,6.34292],[-10.80903,6.34375],[-10.8093,6.34375],[-10.8093,6.34393],[-10.80847,6.34393],[-10.80847,6.34347],[-10.80819,6.34347],[-10.80819,6.34292],[-10.80792,6.34292],[-10.80792,6.34236],[-10.80764,6.34236],[-10.80764,6.34208],[-10.80736,6.34208],[-10.80736,6.34153],[-10.80732,6.34153]]]},"properties":{"region":"Montserrado","district":"Greater Monrovia","floods_1m":1,"floods_2m":1,"floods_3m":1,"first_flood_m":1,"nests":true}},{"type":"Feature","geometry":{"type":"Polygon","coordinates":[[[-10.75028,6.27264],[-10.75875,6.27264],[-10.75875,6.27292],[-10.75958,6.27292],[-10.75958,6.27319],[-10.76014,6.27319],[-10.76014,6.27347],[-10.76001,6.27347],[-10.75986,6.27347],[-10.75986,6.27375],[-10.76042,6.27375],[-10.76042,6.27403],[-10.7607,6.27403],[-10.7607,6.27458],[-10.76097,6.27458],[-10.76097,6.27486],[-10.76153,6.27486],[-10.76153,6.27514],[-10.7618,6.27514],[-10.7618,6.27486],[-10.76208,6.27486],[-10.76208,6.27514],[-10.76264,6.27514],[-10.76264,6.27542],[-10.76292,6.27542],[-10.76292,6.27569],[-10.76347,6.27569],[-10.76347,6.27597],[-10.76403,6.27597],[-10.76403,6.27625],[-10.76454,6.27625],[-10.76454,6.2869],[-10.75028,6.2869],[-10.75028,6.27264]]]},"properties":{"region":"Montserrado","district":"Greater Monrovia","floods_1m":1,"floods_2m":1,"floods_3m":1,"first_flood_m":1,"nests":true}},{"type":"Feature","geometry":{"type":"Polygon","coordinates":[[[-10.76454,6.2869],[-10.7788,6.2869],[-10.7788,6.30115],[-10.76454,6.30115],[-10.76454,6.2869]]]},"properties":{"region":"Montserrado","district":"Greater Monrovia","floods_1m":0,"floods_2m":1,"floods_3m":0,"first_flood_m":2,"nests":false}},{"type":"Feature","geometry":{"type":"Polygon","coordinates":[[[-10.69325,6.2869],[-10.70751,6.2869],[-10.70751,6.30115],[-10.69325,6.30115],[-10.69325,6.2869]]]},"properties":{"region":"Montserrado","district":"Greater Monrovia","floods_1m":1,"floods_2m":1,"floods_3m":1,"first_flood_m":1,"nests":true}},{"type":"Feature","geometry":{"type":"Polygon","coordinates":[[[-10.75028,6.35819],[-10.76454,6.35819],[-10.76454,6.37244],[-10.75028,6.37244],[-10.75028,6.35819]]]},"properties":{"region":"Montserrado","district":"Greater Monrovia","floods_1m":1,"floods_2m":1,"floods_3m":1,"first_flood_m":1,"nests":true}},{"type":"Feature","geometry":{"type":"MultiPolygon","coordinates":[[[[-10.76454,6.31375],[-10.76458,6.31375],[-10.76458,6.31347],[-10.76486,6.31347],[-10.76486,6.31319],[-10.76514,6.31319],[-10.76514,6.31292],[-10.76542,6.31292],[-10.76542,6.31264],[-10.76569,6.31264],[-10.76569,6.31236],[-10.76708,6.31236],[-10.76708,6.31264],[-10.76736,6.31264],[-10.76736,6.31319],[-10.76764,6.31319],[-10.76764,6.31347],[-10.76792,6.31347],[-10.76792,6.31375],[-10.76931,6.31375],[-10.76931,6.31347],[-10.76958,6.31347],[-10.76958,6.31319],[-10.76931,6.31319],[-10.76931,6.31292],[-10.76875,6.31292],[-10.76875,6.31264],[-10.76819,6.31264],[-10.76819,6.31208],[-10.76792,6.31208],[-10.76792,6.3118],[-10.76847,6.3118],[-10.76847,6.31153],[-10.77042,6.31153],[-10.77042,6.3118],[-10.7707,6.3118],[-10.7707,6.31208],[-10.77097,6.31208],[-10.77097,6.31236],[-10.77347,6.31236],[-10.77347,6.31264],[-10.77375,6.31264],[-10.77375,6.31236],[-10.77458,6.31236],[-10.77458,6.31208],[-10.77514,6.31208],[-10.77514,6.31236],[-10.77569,6.31236],[-10.77569,6.31208],[-10.77653,6.31208],[-10.77653,6.3118],[-10.77681,6.3118],[-10.77681,6.31153],[-10.77708,6.31153],[-10.77708,6.31125],[-10.77764,6.31125],[-10.77764,6.3107],[-10.77819,6.31069],[-10.77819,6.31042],[-10.77847,6.31042],[-10.77847,6.31014],[-10.7788,6.31014],[-10.7788,6.31541],[-10.76454,6.31541],[-10.76454,6.31375]]],[[[-10.76454,6.3082],[-10.76454,6.30514],[-10.76458,6.30514],[-10.76458,6.30375],[-10.76454,6.30375],[-10.76454,6.30115],[-10.7788,6.30115],[-10.7788,6.3032],[-10.77875,6.3032],[-10.77875,6.30403],[-10.77847,6.30403],[-10.77847,6.30486],[-10.77819,6.30486],[-10.77819,6.30625],[-10.77764,6.30625],[-10.77764,6.30681],[-10.77736,6.30681],[-10.77736,6.30736],[-10.77708,6.30736],[-10.77708,6.3082],[-10.77653,6.3082],[-10.77653,6.30903],[-10.77625,6.30903],[-10.77625,6.30931],[-10.77569,6.30931],[-10.77569,6.30986],[-10.77514,6.30986],[-10.77514,6.30958],[-10.77486,6.30958],[-10.77486,6.30986],[-10.77375,6.30986],[-10.77375,6.31014],[-10.77347,6.31014],[-10.77347,6.30986],[-10.77181,6.30986],[-10.77181,6.30958],[-10.77125,6.30958],[-10.77125,6.30986],[-10.77042,6.30986],[-10.77042,6.31014],[-10.76958,6.31014],[-10.76958,6.30986],[-10.76764,6.30986],[-10.76764,6.30958],[-10.76653,6.30958],[-10.76653,6.30931],[-10.76597,6.30931],[-10.76597,6.30903],[-10.76514,6.30903],[-10.76514,6.30875],[-10.76458,6.30875],[-10.76458,6.3082],[-10.76454,6.3082]]]]},"properties":{"region":"Montserrado","district":"Greater Monrovia","floods_1m":1,"floods_2m":1,"floods_3m":1,"first_flood_m":1,"nests":true}},{"type":"Feature","geometry":{"type":"Polygon","coordinates":[[[-10.73603,6.35819],[-10.75028,6.35819],[-10.75028,6.37244],[-10.73603,6.37244],[-10.73603,6.35819]]]},"properties":{"region":"Montserrado","district":"Greater Monrovia","floods_1m":0,"floods_2m":1,"floods_3m":0,"first_flood_m":2,"nests":false}},{"type":"Feature","geometry":{"type":"Polygon","coordinates":[[[-8.48326,4.71014],[-8.48347,4.71014],[-8.48347,4.71069],[-8.48375,4.71069],[-8.48375,4.71097],[-8.48431,4.71097],[-8.48431,4.71125],[-8.48486,4.71125],[-8.48486,4.7118],[-8.4857,4.71181],[-8.4857,4.71208],[-8.48597,4.71208],[-8.48597,4.71236],[-8.48625,4.71236],[-8.48625,4.71264],[-8.48653,4.71264],[-8.48653,4.71292],[-8.48681,4.71292],[-8.48681,4.71319],[-8.48708,4.71319],[-8.48708,4.71334],[-8.48708,4.71347],[-8.48735,4.71347],[-8.48819,4.71347],[-8.48819,4.71319],[-8.48847,4.71319],[-8.48847,4.71347],[-8.48875,4.71347],[-8.48875,4.71375],[-8.48903,4.71375],[-8.48903,4.71403],[-8.48958,4.71403],[-8.48958,4.7143],[-8.49014,4.7143],[-8.49014,4.71486],[-8.49069,4.71486],[-8.49069,4.71514],[-8.49125,4.71514],[-8.49125,4.71542],[-8.49153,4.71542],[-8.49153,4.71569],[-8.49168,4.71569],[-8.49208,4.71569],[-8.49208,4.71597],[-8.49222,4.71597],[-8.49319,4.71597],[-8.49319,4.71625],[-8.49347,4.71625],[-8.49347,4.71653],[-8.49375,4.71653],[-8.49375,4.7168],[-8.49403,4.7168],[-8.49403,4.71708],[-8.49439,4.71708],[-8.49458,4.71708],[-8.49458,4.71736],[-8.49493,4.71736],[-8.49569,4.71736],[-8.49569,4.71764],[-8.49597,4.71764],[-8.49597,4.71792],[-8.49653,4.71792],[-8.49653,4.71819],[-8.49736,4.71819],[-8.49736,4.71847],[-8.49752,4.71847],[-8.49752,4.71852],[-8.48326,4.71852],[-8.48326,4.71014]]]},"properties":{"region":"GrandKru","district":"Sasstown 180606","floods_1m":1,"floods_2m":1,"floods_3m":1,"first_flood_m":1,"nests":true}},{"type":"Feature","geometry":{"type":"Polygon","coordinates":[[[-10.75028,6.31541],[-10.76454,6.31541],[-10.76454,6.32967],[-10.75028,6.32967],[-10.75028,6.31541]]]},"properties":{"region":"Montserrado","district":"Greater Monrovia","floods_1m":1,"floods_2m":1,"floods_3m":1,"first_flood_m":1,"nests":true}},{"type":"Feature","geometry":{"type":"Polygon","coordinates":[[[-8.3692,4.65397],[-8.3692,4.66149],[-8.36332,4.66149],[-8.3692,4.65397]]]},"properties":{"region":"GrandKru","district":"Sasstown 180606","floods_1m":0,"floods_2m":1,"floods_3m":0,"first_flood_m":2,"nests":false}},{"type":"Feature","geometry":{"type":"Polygon","coordinates":[[[-10.69325,6.23375],[-10.69375,6.23375],[-10.69375,6.23403],[-10.69431,6.23403],[-10.69431,6.23458],[-10.69458,6.23458],[-10.69458,6.23486],[-10.69486,6.23486],[-10.69486,6.23542],[-10.69514,6.23542],[-10.69514,6.23569],[-10.69597,6.23569],[-10.69597,6.23597],[-10.69653,6.23597],[-10.69653,6.23625],[-10.69708,6.23625],[-10.69708,6.23653],[-10.69742,6.23653],[-10.69764,6.23653],[-10.69764,6.23681],[-10.69792,6.23681],[-10.69792,6.23708],[-10.69819,6.23708],[-10.69819,6.23764],[-10.69847,6.23764],[-10.69847,6.23845],[-10.69847,6.23875],[-10.69863,6.23875],[-10.69875,6.23875],[-10.69875,6.23903],[-10.69903,6.23903],[-10.69903,6.23931],[-10.69958,6.23931],[-10.69958,6.23958],[-10.69986,6.23958],[-10.69986,6.24014],[-10.70014,6.24014],[-10.70014,6.24042],[-10.70042,6.24042],[-10.70042,6.24097],[-10.70097,6.24097],[-10.70097,6.24125],[-10.70125,6.24125],[-10.70125,6.24153],[-10.7018,6.24153],[-10.7018,6.24181],[-10.70208,6.24181],[-10.70208,6.24208],[-10.70292,6.24208],[-10.70292,6.24236],[-10.70319,6.24236],[-10.70319,6.24264],[-10.70375,6.24264],[-10.70375,6.24292],[-10.70431,6.24292],[-10.70431,6.24403],[-10.70458,6.24403],[-10.70458,6.24412],[-10.69325,6.24412],[-10.69325,6.23375]]]},"properties":{"region":"Montserrado","district":"Greater Monrovia","floods_1m":1,"floods_2m":1,"floods_3m":1,"first_flood_m":1,"nests":true}},{"type":"Feature","geometry":{"type":"Polygon","coordinates":[[[-10.66474,6.27983],[-10.66474,6.27264],[-10.67899,6.27264],[-10.67899,6.2869],[-10.66865,6.2869],[-10.66474,6.27983]]]},"properties":{"region":"Montserrado","district":"Greater Monrovia","floods_1m":0,"floods_2m":1,"floods_3m":0,"first_flood_m":2,"nests":false}},{"type":"Feature","geometry":{"type":"Polygon","coordinates":[[[-10.70751,6.31398],[-10.70751,6.30115],[-10.72177,6.30115],[-10.72177,6.31541],[-10.71134,6.31541],[-10.70751,6.31398]]]},"properties":{"region":"Montserrado","district":"Greater Monrovia","floods_1m":1,"floods_2m":1,"floods_3m":1,"first_flood_m":1,"nests":true}},{"type":"Feature","geometry":{"type":"Polygon","coordinates":[[[-10.63622,6.22272],[-10.63622,6.21958],[-10.63708,6.21958],[-10.63708,6.21986],[-10.63847,6.21986],[-10.63847,6.22014],[-10.64097,6.22014],[-10.64097,6.22042],[-10.64208,6.22042],[-10.64208,6.2207],[-10.64292,6.2207],[-10.64292,6.22097],[-10.64375,6.22097],[-10.64375,6.22125],[-10.64514,6.22125],[-10.64514,6.22153],[-10.64708,6.22153],[-10.64708,6.22181],[-10.64819,6.22181],[-10.64819,6.22208],[-10.6493,6.22208],[-10.6493,6.22236],[-10.64986,6.22236],[-10.64986,6.22264],[-10.65048,6.22264],[-10.65048,6.22986],[-10.63851,6.22986],[-10.63622,6.22272]]]},"properties":{"region":"Montserrado","district":"Greater Monrovia","floods_1m":1,"floods_2m":1,"floods_3m":1,"first_flood_m":1,"nests":true}},{"type":"Feature","geometry":{"type":"Polygon","coordinates":[[[-10.72177,6.27264],[-10.73603,6.27264],[-10.73603,6.2869],[-10.72177,6.2869],[-10.72177,6.27264]]]},"properties":{"region":"Montserrado","district":"Greater Monrovia","floods_1m":1,"floods_2m":1,"floods_3m":1,"first_flood_m":1,"nests":true}},{"type":"Feature","geometry":{"type":"Polygon","coordinates":[[[-10.7788,6.35819],[-10.79306,6.35819],[-10.79306,6.37244],[-10.7788,6.37244],[-10.7788,6.35819]]]},"properties":{"region":"Montserrado","district":"Greater Monrovia","floods_1m":0,"floods_2m":1,"floods_3m":0,"first_flood_m":2,"nests":false}},{"type":"Feature","geometry":{"type":"Polygon","coordinates":[[[-10.75028,6.37244],[-10.76454,6.37244],[-10.76454,6.3867],[-10.75028,6.3867],[-10.75028,6.37244]]]},"properties":{"region":"Montserrado","district":"Greater Monrovia","floods_1m":1,"floods_2m":1,"floods_3m":1,"first_flood_m":1,"nests":true}},{"type":"Feature","geometry":{"type":"Polygon","coordinates":[[[-8.41197,4.66149],[-8.42014,4.66149],[-8.42014,4.66153],[-8.42097,4.66153],[-8.42097,4.66181],[-8.42208,4.66181],[-8.42208,4.66208],[-8.42319,4.66208],[-8.42319,4.66236],[-8.42403,4.66236],[-8.42403,4.66264],[-8.42542,4.66264],[-8.42542,4.66292],[-8.4257,4.66292],[-8.4257,4.66264],[-8.42597,4.66264],[-8.42597,4.66292],[-8.42623,4.66292],[-8.42623,4.67574],[-8.41197,4.67574],[-8.41197,4.66149]]]},"properties":{"region":"GrandKru","district":"Sasstown 180606","floods_1m":0,"floods_2m":1,"floods_3m":0,"first_flood_m":2,"nests":false}},{"type":"Feature","geometry":{"type":"Polygon","coordinates":[[[-10.66049,6.27264],[-10.66474,6.27264],[-10.66474,6.27983],[-10.66321,6.27709],[-10.66049,6.27264]]]},"properties":{"region":"Montserrado","district":"Greater Monrovia","floods_1m":0,"floods_2m":1,"floods_3m":0,"first_flood_m":2,"nests":false}},{"type":"Feature","geometry":{"type":"Polygon","coordinates":[[[-10.66474,6.22681],[-10.66486,6.22681],[-10.66486,6.22708],[-10.66625,6.22708],[-10.66625,6.22736],[-10.66708,6.22736],[-10.66708,6.22764],[-10.66792,6.22764],[-10.66792,6.22792],[-10.66931,6.22792],[-10.66931,6.2282],[-10.66958,6.2282],[-10.66958,6.22847],[-10.67319,6.22847],[-10.67319,6.22875],[-10.67403,6.22875],[-10.67403,6.22903],[-10.67431,6.22903],[-10.67431,6.22875],[-10.67542,6.22875],[-10.67542,6.22903],[-10.67569,6.22903],[-10.67569,6.2293],[-10.67597,6.2293],[-10.67597,6.22958],[-10.67625,6.22958],[-10.67625,6.22986],[-10.67764,6.22986],[-10.67764,6.22986],[-10.66474,6.22986],[-10.66474,6.22681]]]},"properties":{"region":"Montserrado","district":"Greater Monrovia","floods_1m":1,"floods_2m":1,"floods_3m":1,"first_flood_m":1,"nests":true}},{"type":"Feature","geometry":{"type":"Polygon","coordinates":[[[-10.08016,5.98748],[-10.09442,5.98748],[-10.09442,6.00174],[-10.08016,6.00174],[-10.08016,5.98748]]]},"properties":{"region":"GrandBassa","district":"Stjohnriver","floods_1m":1,"floods_2m":1,"floods_3m":1,"first_flood_m":1,"nests":true}},{"type":"Feature","geometry":{"type":"Polygon","coordinates":[[[-10.7788,6.32967],[-10.79306,6.32967],[-10.79306,6.33145],[-10.79306,6.34393],[-10.7788,6.34393],[-10.7788,6.33145],[-10.7788,6.32967]]]},"properties":{"region":"Montserrado","district":"Greater Monrovia","floods_1m":1,"floods_2m":1,"floods_3m":1,"first_flood_m":1,"nests":true}},{"type":"Feature","geometry":{"type":"Polygon","coordinates":[[[-10.79306,6.37244],[-10.79736,6.37244],[-10.79736,6.37264],[-10.79764,6.37264],[-10.79764,6.37347],[-10.79792,6.37347],[-10.79792,6.37625],[-10.7982,6.37625],[-10.7982,6.37653],[-10.79847,6.37653],[-10.79847,6.37708],[-10.79875,6.37708],[-10.79875,6.37792],[-10.79903,6.37792],[-10.79903,6.37847],[-10.79931,6.37847],[-10.79931,6.37903],[-10.79958,6.37903],[-10.79958,6.3796],[-10.79581,6.38179],[-10.79306,6.38323],[-10.79306,6.37244]]]},"properties":{"region":"Montserrado","district":"Greater Monrovia","floods_1m":1,"floods_2m":1,"floods_3m":1,"first_flood_m":1,"nests":true}},{"type":"Feature","geometry":{"type":"Polygon","coordinates":[[[-8.5403,4.76129],[-8.55455,4.76129],[-8.55455,4.77555],[-8.5403,4.77555],[-8.5403,4.76129]]]},"properties":{"region":"GrandKru","district":"Sasstown 180606","floods_1m":0,"floods_2m":1,"floods_3m":0,"first_flood_m":2,"nests":false}},{"type":"Feature","geometry":{"type":"Polygon","coordinates":[[[-10.12293,5.94903],[-10.12319,5.94903],[-10.12319,5.94931],[-10.12458,5.94931],[-10.12458,5.94958],[-10.12486,5.94958],[-10.12486,5.95014],[-10.12597,5.95014],[-10.12597,5.95042],[-10.12625,5.95042],[-10.12625,5.9507],[-10.12681,5.9507],[-10.12681,5.95097],[-10.12736,5.95097],[-10.12736,5.95125],[-10.12792,5.95125],[-10.12792,5.95153],[-10.12847,5.95153],[-10.12847,5.95181],[-10.12903,5.95181],[-10.12903,5.95208],[-10.12986,5.95208],[-10.12986,5.95236],[-10.13069,5.95236],[-10.13069,5.95264],[-10.13208,5.95264],[-10.13208,5.95292],[-10.13281,5.95292],[-10.13292,5.95292],[-10.13292,5.95302],[-10.13292,5.9532],[-10.13309,5.9532],[-10.13315,5.95325],[-10.13319,5.95375],[-10.13375,5.95375],[-10.13375,5.95403],[-10.13403,5.95403],[-10.13403,5.95431],[-10.13428,5.95431],[-10.13458,5.95431],[-10.13458,5.95458],[-10.13486,5.95458],[-10.13486,5.95486],[-10.13542,5.95486],[-10.13542,5.95514],[-10.13569,5.95514],[-10.13569,5.9557],[-10.13597,5.9557],[-10.13597,5.95597],[-10.13625,5.95597],[-10.13625,5.95615],[-10.13625,5.95625],[-10.13653,5.95625],[-10.13653,5.95642],[-10.13653,5.95653],[-10.13662,5.95653],[-10.13708,5.95653],[-10.13708,5.95681],[-10.13719,5.95681],[-10.13719,5.95896],[-10.12293,5.95896],[-10.12293,5.94903]]]},"properties":{"region":"GrandBassa","district":"Stjohnriver","floods_1m":1,"floods_2m":1,"floods_3m":1,"first_flood_m":1,"nests":true}},{"type":"Feature","geometry":{"type":"MultiPolygon","coordinates":[[[[-10.79306,6.32681],[-10.79347,6.32681],[-10.79347,6.32653],[-10.79403,6.32653],[-10.79403,6.32625],[-10.7943,6.32625],[-10.7943,6.32597],[-10.79514,6.32597],[-10.79514,6.32569],[-10.79597,6.32569],[-10.79597,6.32542],[-10.79625,6.32542],[-10.79625,6.32514],[-10.79736,6.32514],[-10.79736,6.32486],[-10.79792,6.32486],[-10.79792,6.32458],[-10.7982,6.32458],[-10.7982,6.32431],[-10.79875,6.32431],[-10.79875,6.32403],[-10.79931,6.32403],[-10.79931,6.32375],[-10.79986,6.32375],[-10.79986,6.32319],[-10.80042,6.32319],[-10.80042,6.32292],[-10.80069,6.32292],[-10.80069,6.32236],[-10.80125,6.32236],[-10.80125,6.32181],[-10.80153,6.32181],[-10.80153,6.32153],[-10.80236,6.32153],[-10.80236,6.32181],[-10.80264,6.32181],[-10.80264,6.32208],[-10.80292,6.32208],[-10.80292,6.32236],[-10.80356,6.32236],[-10.80375,6.32236],[-10.80375,6.32431],[-10.80347,6.32431],[-10.80347,6.32486],[-10.80319,6.32486],[-10.80319,6.32542],[-10.80292,6.32542],[-10.80292,6.32597],[-10.80264,6.32597],[-10.80264,6.32625],[-10.80236,6.32625],[-10.80236,6.32653],[-10.80181,6.32653],[-10.80181,6.32681],[-10.80153,6.32681],[-10.80153,6.32736],[-10.80125,6.32736],[-10.80125,6.3282],[-10.80097,6.3282],[-10.80097,6.32875],[-10.80069,6.32875],[-10.80069,6.32903],[-10.80042,6.32903],[-10.80042,6.32967],[-10.79306,6.32967],[-10.79306,6.32681]]],[[[-10.79708,6.31541],[-10.80732,6.31541],[-10.80732,6.32931],[-10.80653,6.32931],[-10.80653,6.32958],[-10.80597,6.32958],[-10.80597,6.32967],[-10.80264,6.32967],[-10.80264,6.32847],[-10.80292,6.32847],[-10.80292,6.3282],[-10.80319,6.3282],[-10.80319,6.32764],[-10.80347,6.32764],[-10.80347,6.32736],[-10.80375,6.32736],[-10.80375,6.32708],[-10.80403,6.32708],[-10.80403,6.32681],[-10.80458,6.32681],[-10.80458,6.32653],[-10.80486,6.32653],[-10.80486,6.32625],[-10.80514,6.32625],[-10.80514,6.32569],[-10.80542,6.32569],[-10.80542,6.32542],[-10.80569,6.32542],[-10.80569,6.32486],[-10.80597,6.32486],[-10.80597,6.32458],[-10.80625,6.32458],[-10.80625,6.32264],[-10.80597,6.32264],[-10.80597,6.32236],[-10.80569,6.32236],[-10.80569,6.32208],[-10.80514,6.32208],[-10.80514,6.32181],[-10.80486,6.32181],[-10.80486,6.32153],[-10.80514,6.32153],[-10.80514,6.32125],[-10.80486,6.32125],[-10.80486,6.32069],[-10.80458,6.32069],[-10.80458,6.32042],[-10.80403,6.32042],[-10.80403,6.32069],[-10.80375,6.32069],[-10.80375,6.32097],[-10.80292,6.32097],[-10.80292,6.32069],[-10.80264,6.32069],[-10.80264,6.32042],[-10.80069,6.32042],[-10.80069,6.32014],[-10.80014,6.32014],[-10.80014,6.31875],[-10.80042,6.31875],[-10.80042,6.31847],[-10.80097,6.31847],[-10.80097,6.31792],[-10.80042,6.31792],[-10.80042,6.31764],[-10.79958,6.31764],[-10.79958,6.31736],[-10.79903,6.31736],[-10.79903,6.31708],[-10.79847,6.31708],[-10.79847,6.31681],[-10.79792,6.31681],[-10.79792,6.31625],[-10.79764,6.31625],[-10.79764,6.31597],[-10.79736,6.31597],[-10.79736,6.31542],[-10.79708,6.31542],[-10.79708,6.31541]]],[[[-10.79306,6.31541],[-10.79403,6.31541],[-10.79403,6.31542],[-10.7943,6.31542],[-10.7943,6.31569],[-10.79458,6.31569],[-10.79458,6.31625],[-10.79486,6.31625],[-10.79486,6.31681],[-10.79514,6.31681],[-10.79514,6.31764],[-10.79542,6.31764],[-10.79542,6.31792],[-10.79597,6.31792],[-10.79597,6.31819],[-10.79653,6.31819],[-10.79653,6.31903],[-10.79681,6.31903],[-10.79681,6.31931],[-10.79736,6.31931],[-10.79736,6.31958],[-10.79792,6.31958],[-10.79792,6.32097],[-10.7982,6.32097],[-10.7982,6.32153],[-10.79792,6.32153],[-10.79792,6.32181],[-10.7982,6.32181],[-10.7982,6.32208],[-10.79792,6.32208],[-10.79792,6.32264],[-10.79764,6.32264],[-10.79764,6.32319],[-10.79708,6.32319],[-10.79708,6.32347],[-10.79681,6.32347],[-10.79681,6.32375],[-10.79625,6.32375],[-10.79625,6.32431],[-10.79542,6.32431],[-10.79542,6.32458],[-10.79486,6.32458],[-10.79486,6.32486],[-10.79458,6.32486],[-10.79458,6.32514],[-10.7943,6.32514],[-10.7943,6.32542],[-10.79403,6.32542],[-10.79403,6.32569],[-10.79306,6.32569],[-10.79306,6.31541]]]]},"properties":{"region":"Montserrado","district":"Greater Monrovia","floods_1m":1,"floods_2m":1,"floods_3m":1,"first_flood_m":1,"nests":true}},{"type":"Feature","geometry":{"type":"Polygon","coordinates":[[[-8.35494,4.66935],[-8.35914,4.66683],[-8.36332,4.66149],[-8.3692,4.66149],[-8.3692,4.67574],[-8.35494,4.67574],[-8.35494,4.66935]]]},"properties":{"region":"GrandKru","district":"Sasstown 180606","floods_1m":1,"floods_2m":1,"floods_3m":1,"first_flood_m":1,"nests":true}},{"type":"Feature","geometry":{"type":"Polygon","coordinates":[[[-10.67899,6.23042],[-10.67903,6.23042],[-10.67903,6.23069],[-10.67958,6.23069],[-10.67958,6.23097],[-10.68042,6.23097],[-10.68042,6.23125],[-10.68097,6.23125],[-10.68097,6.23153],[-10.68153,6.23153],[-10.68153,6.23208],[-10.68431,6.23208],[-10.68431,6.23236],[-10.68542,6.23236],[-10.68542,6.23264],[-10.68708,6.23264],[-10.68708,6.23431],[-10.68764,6.23431],[-10.68764,6.23403],[-10.68792,6.23403],[-10.68792,6.23375],[-10.68819,6.23375],[-10.68819,6.23319],[-10.69042,6.23319],[-10.69042,6.23347],[-10.6907,6.23347],[-10.6907,6.23403],[-10.69208,6.23403],[-10.69208,6.23375],[-10.69325,6.23375],[-10.69325,6.24412],[-10.67899,6.24412],[-10.67899,6.23042]]]},"properties":{"region":"Montserrado","district":"Greater Monrovia","floods_1m":1,"floods_2m":1,"floods_3m":1,"first_flood_m":1,"nests":true}},{"type":"Feature","geometry":{"type":"Polygon","coordinates":[[[-10.63513,6.2193],[-10.6357,6.2193],[-10.6357,6.21958],[-10.63622,6.21958],[-10.63622,6.22272],[-10.63513,6.2193]]]},"properties":{"region":"Montserrado","district":"Greater Monrovia","floods_1m":1,"floods_2m":1,"floods_3m":1,"first_flood_m":1,"nests":true}},{"type":"Feature","geometry":{"type":"Polygon","coordinates":[[[-8.62584,4.78181],[-8.62597,4.78181],[-8.62597,4.78153],[-8.62625,4.78153],[-8.62625,4.78125],[-8.62653,4.78125],[-8.62653,4.78097],[-8.62681,4.78097],[-8.62681,4.78125],[-8.62847,4.78125],[-8.62847,4.78153],[-8.62875,4.78153],[-8.62875,4.78181],[-8.62903,4.78181],[-8.62903,4.78208],[-8.62931,4.78208],[-8.62931,4.78264],[-8.62958,4.78264],[-8.62958,4.78292],[-8.62986,4.78292],[-8.62986,4.78319],[-8.63014,4.78319],[-8.63014,4.78347],[-8.63042,4.78347],[-8.63042,4.78375],[-8.63069,4.78375],[-8.63069,4.78403],[-8.63097,4.78403],[-8.63097,4.78431],[-8.6318,4.78431],[-8.6318,4.78458],[-8.63208,4.78458],[-8.63208,4.78486],[-8.63319,4.78486],[-8.63319,4.78514],[-8.63431,4.78514],[-8.63431,4.78542],[-8.63486,4.78542],[-8.63486,4.78569],[-8.63542,4.78569],[-8.63542,4.78597],[-8.63736,4.78597],[-8.63736,4.78625],[-8.63931,4.78625],[-8.63931,4.78653],[-8.6401,4.78653],[-8.6401,4.78981],[-8.62584,4.78981],[-8.62584,4.78181]]]},"properties":{"region":"GrandKru","district":"Sasstown 180606","floods_1m":1,"floods_2m":1,"floods_3m":1,"first_flood_m":1,"nests":true}},{"type":"Feature","geometry":{"type":"Polygon","coordinates":[[[-10.7788,6.2869],[-10.78014,6.2869],[-10.78014,6.28708],[-10.78042,6.28708],[-10.78042,6.28736],[-10.78097,6.28736],[-10.78097,6.28764],[-10.78181,6.28764],[-10.78181,6.28819],[-10.78292,6.28819],[-10.78292,6.28903],[-10.78458,6.28903],[-10.78458,6.28931],[-10.78514,6.28931],[-10.78514,6.28958],[-10.7857,6.28958],[-10.7857,6.28986],[-10.78597,6.28986],[-10.78597,6.29042],[-10.78792,6.29042],[-10.78792,6.29069],[-10.78819,6.29069],[-10.78819,6.29097],[-10.78903,6.29097],[-10.78903,6.29125],[-10.7893,6.29125],[-10.7893,6.29153],[-10.79042,6.29153],[-10.79042,6.29181],[-10.79097,6.29181],[-10.79097,6.29208],[-10.79264,6.29208],[-10.79264,6.29236],[-10.79306,6.29236],[-10.79306,6.30115],[-10.79236,6.30115],[-10.79236,6.30069],[-10.79208,6.30069],[-10.79208,6.30042],[-10.79181,6.30042],[-10.79181,6.30069],[-10.79153,6.30069],[-10.79153,6.30115],[-10.78597,6.30115],[-10.78597,6.30042],[-10.78625,6.30042],[-10.78625,6.29903],[-10.78653,6.29903],[-10.78653,6.29875],[-10.78681,6.29875],[-10.78681,6.29847],[-10.78653,6.29847],[-10.78653,6.29819],[-10.78597,6.29819],[-10.78597,6.29847],[-10.7857,6.29847],[-10.7857,6.29875],[-10.78542,6.29875],[-10.78542,6.29903],[-10.78514,6.29903],[-10.78514,6.2993],[-10.78403,6.2993],[-10.78403,6.29958],[-10.78375,6.29958],[-10.78375,6.29986],[-10.78347,6.29986],[-10.78347,6.30014],[-10.78319,6.30014],[-10.78319,6.30042],[-10.78208,6.30042],[-10.78208,6.30069],[-10.78097,6.30069],[-10.78097,6.30097],[-10.78069,6.30097],[-10.78069,6.30115],[-10.7788,6.30115],[-10.7788,6.2869]]]},"properties":{"region":"Montserrado","district":"Greater Monrovia","floods_1m":1,"floods_2m":1,"floods_3m":1,"first_flood_m":1,"nests":true}},{"type":"Feature","geometry":{"type":"Polygon","coordinates":[[[-10.09442,5.97322],[-10.10867,5.97322],[-10.10867,5.98748],[-10.09442,5.98748],[-10.09442,5.97322]]]},"properties":{"region":"GrandBassa","district":"Stjohnriver","floods_1m":1,"floods_2m":1,"floods_3m":1,"first_flood_m":1,"nests":true}},{"type":"Feature","geometry":{"type":"Polygon","coordinates":[[[-10.76454,6.32967],[-10.7788,6.32967],[-10.7788,6.33145],[-10.7788,6.34393],[-10.76454,6.34393],[-10.76454,6.33145],[-10.76454,6.32967]]]},"properties":{"region":"Montserrado","district":"Greater Monrovia","floods_1m":1,"floods_2m":1,"floods_3m":1,"first_flood_m":1,"nests":true}},{"type":"Feature","geometry":{"type":"Polygon","coordinates":[[[-10.73603,6.2869],[-10.75028,6.2869],[-10.75028,6.30115],[-10.73603,6.30115],[-10.73603,6.2869]]]},"properties":{"region":"Montserrado","district":"Greater Monrovia","floods_1m":1,"floods_2m":1,"floods_3m":1,"first_flood_m":1,"nests":true}},{"type":"Feature","geometry":{"type":"Polygon","coordinates":[[[-10.64473,6.24412],[-10.65048,6.24412],[-10.65048,6.25492],[-10.64473,6.24412]]]},"properties":{"region":"Montserrado","district":"Greater Monrovia","floods_1m":0,"floods_2m":1,"floods_3m":0,"first_flood_m":2,"nests":false}},{"type":"Feature","geometry":{"type":"Polygon","coordinates":[[[-10.70751,6.25153],[-10.70764,6.25153],[-10.70764,6.2518],[-10.70792,6.2518],[-10.70792,6.25208],[-10.70819,6.25208],[-10.70819,6.25292],[-10.70847,6.25292],[-10.70847,6.25347],[-10.70875,6.25347],[-10.70875,6.25403],[-10.70903,6.25403],[-10.70903,6.2543],[-10.70958,6.2543],[-10.70958,6.25458],[-10.70986,6.25458],[-10.70986,6.25486],[-10.71014,6.25486],[-10.71014,6.25514],[-10.7107,6.25514],[-10.7107,6.25542],[-10.71097,6.25542],[-10.71097,6.25569],[-10.71125,6.25569],[-10.71125,6.25597],[-10.71153,6.25597],[-10.71153,6.25625],[-10.71208,6.25625],[-10.71208,6.25653],[-10.71236,6.25653],[-10.71236,6.2568],[-10.71264,6.2568],[-10.71264,6.25708],[-10.71319,6.25708],[-10.71319,6.25736],[-10.71347,6.25736],[-10.71347,6.25764],[-10.71458,6.25764],[-10.71458,6.25792],[-10.71514,6.25792],[-10.71514,6.25819],[-10.7157,6.25819],[-10.7157,6.25838],[-10.70751,6.25838],[-10.70751,6.25153]]]},"properties":{"region":"Montserrado","district":"Greater Monrovia","floods_1m":1,"floods_2m":1,"floods_3m":1,"first_flood_m":1,"nests":true}},{"type":"Feature","geometry":{"type":"Polygon","coordinates":[[[-10.70751,6.27264],[-10.72177,6.27264],[-10.72177,6.2869],[-10.70751,6.2869],[-10.70751,6.27264]]]},"properties":{"region":"Montserrado","district":"Greater Monrovia","floods_1m":1,"floods_2m":1,"floods_3m":1,"first_flood_m":1,"nests":true}},{"type":"Feature","geometry":{"type":"Polygon","coordinates":[[[-10.7788,6.40096],[-10.79306,6.40096],[-10.79306,6.4094],[-10.79253,6.40964],[-10.7788,6.41507],[-10.7788,6.40096]]]},"properties":{"region":"Montserrado","district":"St Paul River","floods_1m":0,"floods_2m":1,"floods_3m":0,"first_flood_m":2,"nests":false}},{"type":"Feature","geometry":{"type":"Polygon","coordinates":[[[-10.72177,6.32236],[-10.72602,6.32967],[-10.72177,6.32967],[-10.72177,6.32236]]]},"properties":{"region":"Montserrado","district":"St Paul River","floods_1m":1,"floods_2m":1,"floods_3m":1,"first_flood_m":1,"nests":true}},{"type":"Feature","geometry":{"type":"Polygon","coordinates":[[[-10.70751,6.34393],[-10.72177,6.34393],[-10.72177,6.35819],[-10.70751,6.35819],[-10.70751,6.34393]]]},"properties":{"region":"Montserrado","district":"St Paul River","floods_1m":1,"floods_2m":1,"floods_3m":1,"first_flood_m":1,"nests":true}},{"type":"Feature","geometry":{"type":"Polygon","coordinates":[[[-8.49752,4.74703],[-8.51178,4.74703],[-8.51178,4.76129],[-8.49752,4.76129],[-8.49752,4.74703]]]},"properties":{"region":"GrandKru","district":"Sasstown 180606","floods_1m":1,"floods_2m":1,"floods_3m":1,"first_flood_m":1,"nests":true}},{"type":"Feature","geometry":{"type":"Polygon","coordinates":[[[-8.41197,4.65736],[-8.41208,4.65736],[-8.41208,4.65764],[-8.41264,4.65764],[-8.41264,4.65792],[-8.41319,4.65792],[-8.41319,4.65819],[-8.41347,4.65819],[-8.41347,4.65847],[-8.41403,4.65847],[-8.41403,4.65903],[-8.41458,4.65903],[-8.41458,4.65931],[-8.41514,4.65931],[-8.41514,4.65958],[-8.41542,4.65958],[-8.41542,4.66014],[-8.4168,4.66014],[-8.4168,4.66042],[-8.41764,4.66042],[-8.41764,4.6607],[-8.41819,4.6607],[-8.41819,4.66097],[-8.41958,4.66097],[-8.41958,4.66125],[-8.42014,4.66125],[-8.42014,4.66149],[-8.41197,4.66149],[-8.41197,4.65736]]]},"properties":{"region":"GrandKru","district":"Sasstown 180606","floods_1m":1,"floods_2m":1,"floods_3m":1,"first_flood_m":1,"nests":true}},{"type":"Feature","geometry":{"type":"Polygon","coordinates":[[[-10.69325,6.32967],[-10.70751,6.32967],[-10.70751,6.33145],[-10.70751,6.34393],[-10.69325,6.34393],[-10.69325,6.33145],[-10.69325,6.32967]]]},"properties":{"region":"Montserrado","district":"St Paul River","floods_1m":0,"floods_2m":1,"floods_3m":0,"first_flood_m":2,"nests":false}},{"type":"Feature","geometry":{"type":"Polygon","coordinates":[[[-10.80732,6.39403],[-10.80764,6.39403],[-10.80764,6.39458],[-10.80792,6.39458],[-10.80792,6.39486],[-10.80819,6.39486],[-10.80819,6.39514],[-10.80847,6.39514],[-10.80847,6.39542],[-10.80875,6.39542],[-10.80875,6.39569],[-10.80903,6.39569],[-10.80903,6.39597],[-10.8093,6.39597],[-10.8093,6.39625],[-10.80958,6.39625],[-10.80958,6.39792],[-10.80986,6.39792],[-10.80986,6.39875],[-10.81069,6.39875],[-10.81069,6.39903],[-10.81097,6.39903],[-10.81097,6.39958],[-10.81125,6.39958],[-10.81125,6.39986],[-10.81153,6.39986],[-10.81153,6.40014],[-10.81181,6.40014],[-10.81181,6.40039],[-10.8108,6.40096],[-10.80732,6.40096],[-10.80732,6.39403]]]},"properties":{"region":"Montserrado","district":"St Paul River","floods_1m":1,"floods_2m":1,"floods_3m":1,"first_flood_m":1,"nests":true}},{"type":"Feature","geometry":{"type":"Polygon","coordinates":[[[-10.75028,6.39489],[-10.75175,6.39416],[-10.76081,6.39415],[-10.76454,6.39375],[-10.76454,6.40096],[-10.75028,6.40096],[-10.75028,6.39489]]]},"properties":{"region":"Montserrado","district":"St Paul River","floods_1m":0,"floods_2m":1,"floods_3m":0,"first_flood_m":2,"nests":false}},{"type":"Feature","geometry":{"type":"Polygon","coordinates":[[[-8.22662,4.5902],[-8.24088,4.5902],[-8.24088,4.60445],[-8.22662,4.60445],[-8.22662,4.5902]]]},"properties":{"region":"GrandKru","district":"Upperkrucoast","floods_1m":0,"floods_2m":1,"floods_3m":0,"first_flood_m":2,"nests":false}},{"type":"Feature","geometry":{"type":"Polygon","coordinates":[[[-8.04127,4.53264],[-8.04264,4.53264],[-8.04264,4.53292],[-8.0443,4.53292],[-8.0443,4.53316],[-8.04127,4.53316],[-8.04127,4.53264]]]},"properties":{"region":"GrandKru","district":"Upperkrucoast","floods_1m":1,"floods_2m":1,"floods_3m":1,"first_flood_m":1,"nests":true}},{"type":"Feature","geometry":{"type":"Polygon","coordinates":[[[-10.72177,6.34393],[-10.73431,6.34393],[-10.73603,6.34687],[-10.73603,6.35333],[-10.73407,6.35819],[-10.72177,6.35819],[-10.72177,6.34393]]]},"properties":{"region":"Montserrado","district":"St Paul River","floods_1m":1,"floods_2m":1,"floods_3m":1,"first_flood_m":1,"nests":true}},{"type":"Feature","geometry":{"type":"Polygon","coordinates":[[[-10.80732,6.40096],[-10.8108,6.40096],[-10.80809,6.40251],[-10.80732,6.40287],[-10.80732,6.40096]]]},"properties":{"region":"Montserrado","district":"St Paul River","floods_1m":0,"floods_2m":1,"floods_3m":0,"first_flood_m":2,"nests":false}},{"type":"Feature","geometry":{"type":"Polygon","coordinates":[[[-10.13719,5.95681],[-10.13736,5.95681],[-10.13736,5.95708],[-10.13764,5.95708],[-10.13764,5.95736],[-10.13819,5.95736],[-10.13819,5.95764],[-10.13847,5.95764],[-10.13847,5.95792],[-10.13903,5.95792],[-10.13903,5.9582],[-10.1393,5.9582],[-10.1393,5.95847],[-10.13986,5.95847],[-10.13986,5.95875],[-10.14014,5.95875],[-10.14014,5.95896],[-10.13719,5.95896],[-10.13719,5.95681]]]},"properties":{"region":"GrandBassa","district":"Stjohnriver","floods_1m":1,"floods_2m":1,"floods_3m":1,"first_flood_m":1,"nests":true}},{"type":"Feature","geometry":{"type":"Polygon","coordinates":[[[-8.01275,4.5902],[-8.02701,4.5902],[-8.02701,4.60445],[-8.01275,4.60445],[-8.01275,4.5902]]]},"properties":{"region":"GrandKru","district":"Upperkrucoast","floods_1m":0,"floods_2m":1,"floods_3m":0,"first_flood_m":2,"nests":false}},{"type":"Feature","geometry":{"type":"Polygon","coordinates":[[[-8.01275,4.54415],[-8.02701,4.53387],[-8.02701,4.54742],[-8.01275,4.54742],[-8.01275,4.54415]]]},"properties":{"region":"GrandKru","district":"Upperkrucoast","floods_1m":0,"floods_2m":1,"floods_3m":0,"first_flood_m":2,"nests":false}},{"type":"Feature","geometry":{"type":"Polygon","coordinates":[[[-10.09442,5.95896],[-10.10867,5.95896],[-10.10867,5.97322],[-10.09442,5.97322],[-10.09442,5.95896]]]},"properties":{"region":"GrandBassa","district":"Stjohnriver","floods_1m":1,"floods_2m":1,"floods_3m":1,"first_flood_m":1,"nests":true}},{"type":"Feature","geometry":{"type":"Polygon","coordinates":[[[-8.29791,4.66149],[-8.31217,4.66149],[-8.31217,4.67574],[-8.29791,4.67574],[-8.29791,4.66149]]]},"properties":{"region":"GrandKru","district":"Upperkrucoast","floods_1m":0,"floods_2m":1,"floods_3m":0,"first_flood_m":2,"nests":false}},{"type":"Feature","geometry":{"type":"Polygon","coordinates":[[[-10.7788,6.39046],[-10.78091,6.38958],[-10.78641,6.3867],[-10.79306,6.3867],[-10.79306,6.40096],[-10.7788,6.40096],[-10.7788,6.39046]]]},"properties":{"region":"Montserrado","district":"St Paul River","floods_1m":1,"floods_2m":1,"floods_3m":1,"first_flood_m":1,"nests":true}},{"type":"Feature","geometry":{"type":"Polygon","coordinates":[[[-8.04127,4.5902],[-8.05552,4.5902],[-8.05552,4.60445],[-8.04127,4.60445],[-8.04127,4.5902]]]},"properties":{"region":"GrandKru","district":"Upperkrucoast","floods_1m":1,"floods_2m":1,"floods_3m":1,"first_flood_m":1,"nests":true}},{"type":"Feature","geometry":{"type":"Polygon","coordinates":[[[-10.05164,5.92113],[-10.05164,5.93045],[-10.04407,5.93045],[-10.05164,5.92113]]]},"properties":{"region":"GrandBassa","district":"Stjohnriver","floods_1m":0,"floods_2m":1,"floods_3m":0,"first_flood_m":2,"nests":false}},{"type":"Feature","geometry":{"type":"Polygon","coordinates":[[[-8.22662,4.56875],[-8.22792,4.56875],[-8.22792,4.56903],[-8.22986,4.56903],[-8.22986,4.56931],[-8.23125,4.56931],[-8.23125,4.56986],[-8.23153,4.56986],[-8.23153,4.57042],[-8.23125,4.57042],[-8.23125,4.57069],[-8.23097,4.57069],[-8.23097,4.57125],[-8.23042,4.57125],[-8.23042,4.57153],[-8.23014,4.57153],[-8.23014,4.57181],[-8.22986,4.57181],[-8.22986,4.57292],[-8.23014,4.57292],[-8.23014,4.57319],[-8.23125,4.57319],[-8.23125,4.57292],[-8.23153,4.57292],[-8.23153,4.57236],[-8.23181,4.57236],[-8.23181,4.57208],[-8.23208,4.57208],[-8.23208,4.57181],[-8.23236,4.57181],[-8.23236,4.57097],[-8.23264,4.57097],[-8.23264,4.57042],[-8.23403,4.57042],[-8.23403,4.57069],[-8.23625,4.57069],[-8.23625,4.57042],[-8.2368,4.57042],[-8.2368,4.57069],[-8.23708,4.57069],[-8.23708,4.57097],[-8.23753,4.57097],[-8.23764,4.57097],[-8.23764,4.57125],[-8.23817,4.57125],[-8.23847,4.57125],[-8.23847,4.57138],[-8.23847,4.57153],[-8.23881,4.57153],[-8.24069,4.57153],[-8.24069,4.57181],[-8.24088,4.57181],[-8.24088,4.57594],[-8.22662,4.57594],[-8.22662,4.56875]]]},"properties":{"region":"GrandKru","district":"Upperkrucoast","floods_1m":1,"floods_2m":1,"floods_3m":1,"first_flood_m":1,"nests":true}},{"type":"Feature","geometry":{"type":"Polygon","coordinates":[[[-10.70751,6.31541],[-10.71134,6.31541],[-10.7195,6.31846],[-10.72177,6.32236],[-10.72177,6.32967],[-10.70751,6.32967],[-10.70751,6.31541]]]},"properties":{"region":"Montserrado","district":"St Paul River","floods_1m":1,"floods_2m":1,"floods_3m":1,"first_flood_m":1,"nests":true}},{"type":"Feature","geometry":{"type":"Polygon","coordinates":[[[-10.03738,5.93867],[-10.04407,5.93045],[-10.05164,5.93045],[-10.05164,5.9447],[-10.03738,5.9447],[-10.03738,5.93867]]]},"properties":{"region":"GrandBassa","district":"Stjohnriver","floods_1m":1,"floods_2m":1,"floods_3m":1,"first_flood_m":1,"nests":true}},{"type":"Feature","geometry":{"type":"Polygon","coordinates":[[[-10.13719,5.95896],[-10.14014,5.95896],[-10.14014,5.95903],[-10.14042,5.95903],[-10.14042,5.9593],[-10.14069,5.9593],[-10.14069,5.95958],[-10.1418,5.95958],[-10.1418,5.96014],[-10.14236,5.96014],[-10.14236,5.96042],[-10.14264,5.96042],[-10.14264,5.96069],[-10.14316,5.96069],[-10.14226,5.96186],[-10.13719,5.96911],[-10.13719,5.95896]]]},"properties":{"region":"GrandBassa","district":"Stjohnriver","floods_1m":1,"floods_2m":1,"floods_3m":1,"first_flood_m":1,"nests":true}},{"type":"Feature","geometry":{"type":"Polygon","coordinates":[[[-10.79306,6.38323],[-10.79306,6.3867],[-10.78641,6.3867],[-10.79306,6.38323]]]},"properties":{"region":"Montserrado","district":"St Paul River","floods_1m":1,"floods_2m":1,"floods_3m":1,"first_flood_m":1,"nests":true}},{"type":"Feature","geometry":{"type":"Polygon","coordinates":[[[-10.10867,5.97322],[-10.12293,5.97322],[-10.12293,5.98748],[-10.10867,5.98748],[-10.10867,5.97322]]]},"properties":{"region":"GrandBassa","district":"Stjohnriver","floods_1m":1,"floods_2m":1,"floods_3m":1,"first_flood_m":1,"nests":true}},{"type":"Feature","geometry":{"type":"MultiPolygon","coordinates":[[[[-8.32643,4.64723],[-8.33125,4.64723],[-8.33125,4.64736],[-8.33208,4.64736],[-8.33208,4.64764],[-8.33292,4.64764],[-8.33292,4.64792],[-8.33375,4.64792],[-8.33375,4.64819],[-8.33403,4.64819],[-8.33403,4.64847],[-8.33486,4.64847],[-8.33486,4.64875],[-8.33597,4.64875],[-8.33597,4.64903],[-8.33653,4.64903],[-8.33653,4.64875],[-8.3368,4.64875],[-8.3368,4.64903],[-8.33764,4.64903],[-8.33764,4.64875],[-8.33819,4.64875],[-8.33819,4.64903],[-8.33875,4.64903],[-8.33875,4.64958],[-8.33903,4.64958],[-8.33903,4.64931],[-8.33986,4.64931],[-8.33986,4.64903],[-8.34014,4.64903],[-8.34014,4.64875],[-8.34042,4.64875],[-8.34042,4.64847],[-8.34068,4.64847],[-8.34068,4.66149],[-8.32643,4.66149],[-8.32643,4.64723]]],[[[-8.33542,4.64723],[-8.33875,4.64723],[-8.33875,4.64764],[-8.33847,4.64764],[-8.33847,4.64792],[-8.33792,4.64792],[-8.33792,4.64819],[-8.33764,4.64819],[-8.33764,4.64792],[-8.33708,4.64792],[-8.33708,4.64764],[-8.33653,4.64764],[-8.33653,4.64736],[-8.33542,4.64736],[-8.33542,4.64723]]],[[[-8.34014,4.64723],[-8.34068,4.64723],[-8.34068,4.64764],[-8.34042,4.64764],[-8.34042,4.64736],[-8.34014,4.64736],[-8.34014,4.64723]]]]},"properties":{"region":"GrandKru","district":"Upperkrucoast","floods_1m":1,"floods_2m":1,"floods_3m":1,"first_flood_m":1,"nests":true}},{"type":"Feature","geometry":{"type":"Polygon","coordinates":[[[-8.0983,4.56168],[-8.11256,4.56168],[-8.11256,4.57594],[-8.0983,4.57594],[-8.0983,4.56168]]]},"properties":{"region":"GrandKru","district":"Upperkrucoast","floods_1m":1,"floods_2m":1,"floods_3m":1,"first_flood_m":1,"nests":true}},{"type":"Feature","geometry":{"type":"Polygon","coordinates":[[[-10.0659,5.93045],[-10.08016,5.93045],[-10.08016,5.9447],[-10.0659,5.9447],[-10.0659,5.93045]]]},"properties":{"region":"GrandBassa","district":"Stjohnriver","floods_1m":1,"floods_2m":1,"floods_3m":1,"first_flood_m":1,"nests":true}},{"type":"Feature","geometry":{"type":"Polygon","coordinates":[[[-7.99849,4.55838],[-8.00627,4.54882],[-8.00821,4.54742],[-8.01275,4.54742],[-8.01275,4.56168],[-7.99849,4.56168],[-7.99849,4.55838]]]},"properties":{"region":"GrandKru","district":"Upperkrucoast","floods_1m":1,"floods_2m":1,"floods_3m":1,"first_flood_m":1,"nests":true}},{"type":"Feature","geometry":{"type":"Polygon","coordinates":[[[-10.08016,5.9447],[-10.09442,5.9447],[-10.09442,5.95896],[-10.08016,5.95896],[-10.08016,5.9447]]]},"properties":{"region":"GrandBassa","district":"Stjohnriver","floods_1m":1,"floods_2m":1,"floods_3m":1,"first_flood_m":1,"nests":true}},{"type":"Feature","geometry":{"type":"Polygon","coordinates":[[[-10.10867,5.9447],[-10.11681,5.9447],[-10.11681,5.94486],[-10.11708,5.94486],[-10.11708,5.94542],[-10.11736,5.94542],[-10.11736,5.94569],[-10.11792,5.94569],[-10.11792,5.94597],[-10.11847,5.94597],[-10.11847,5.94625],[-10.11875,5.94625],[-10.11875,5.94653],[-10.11903,5.94653],[-10.11903,5.94681],[-10.1193,5.94681],[-10.1193,5.94708],[-10.11958,5.94708],[-10.11958,5.94736],[-10.11986,5.94736],[-10.11986,5.94764],[-10.12042,5.94764],[-10.12042,5.94792],[-10.1207,5.94792],[-10.1207,5.94819],[-10.12097,5.94819],[-10.12097,5.94847],[-10.12181,5.94847],[-10.12181,5.94875],[-10.12236,5.94875],[-10.12236,5.94903],[-10.12293,5.94903],[-10.12293,5.95896],[-10.10867,5.95896],[-10.10867,5.9447]]]},"properties":{"region":"GrandBassa","district":"Stjohnriver","floods_1m":1,"floods_2m":1,"floods_3m":1,"first_flood_m":1,"nests":true}},{"type":"Feature","geometry":{"type":"Polygon","coordinates":[[[-10.70751,6.32967],[-10.72177,6.32967],[-10.72177,6.33145],[-10.72177,6.34393],[-10.70751,6.34393],[-10.70751,6.33145],[-10.70751,6.32967]]]},"properties":{"region":"Montserrado","district":"St Paul River","floods_1m":1,"floods_2m":1,"floods_3m":1,"first_flood_m":1,"nests":true}},{"type":"Feature","geometry":{"type":"Polygon","coordinates":[[[-8.1981,4.56168],[-8.20236,4.56168],[-8.20236,4.5618],[-8.20375,4.5618],[-8.20375,4.56208],[-8.20514,4.56208],[-8.20514,4.56236],[-8.20681,4.56236],[-8.20681,4.56264],[-8.20764,4.56264],[-8.20764,4.56292],[-8.20875,4.56292],[-8.20875,4.56319],[-8.20986,4.56319],[-8.20986,4.56347],[-8.21153,4.56347],[-8.21153,4.56375],[-8.21236,4.56375],[-8.21236,4.57594],[-8.1981,4.57594],[-8.1981,4.56168]]]},"properties":{"region":"GrandKru","district":"Upperkrucoast","floods_1m":1,"floods_2m":1,"floods_3m":1,"first_flood_m":1,"nests":true}},{"type":"Feature","geometry":{"type":"Polygon","coordinates":[[[-8.24088,4.57181],[-8.24125,4.57181],[-8.24125,4.57208],[-8.24181,4.57208],[-8.24181,4.57181],[-8.24208,4.57181],[-8.24208,4.57208],[-8.24292,4.57208],[-8.24292,4.57236],[-8.24375,4.57236],[-8.24375,4.57264],[-8.24403,4.57264],[-8.24403,4.57236],[-8.24442,4.57236],[-8.24458,4.57236],[-8.24458,4.57264],[-8.24569,4.57264],[-8.24569,4.57292],[-8.24792,4.57292],[-8.24792,4.57264],[-8.25014,4.57264],[-8.25014,4.57292],[-8.25069,4.57292],[-8.25069,4.57319],[-8.25097,4.57319],[-8.25097,4.57347],[-8.25125,4.57347],[-8.25125,4.57375],[-8.25153,4.57375],[-8.25153,4.57403],[-8.25208,4.57403],[-8.25208,4.57431],[-8.25264,4.57431],[-8.25264,4.57486],[-8.25319,4.57486],[-8.25319,4.57514],[-8.25347,4.57514],[-8.25347,4.57542],[-8.25375,4.57542],[-8.25375,4.57594],[-8.24088,4.57594],[-8.24088,4.57181]]]},"properties":{"region":"GrandKru","district":"Upperkrucoast","floods_1m":1,"floods_2m":1,"floods_3m":1,"first_flood_m":1,"nests":true}},{"type":"Feature","geometry":{"type":"Polygon","coordinates":[[[-8.34068,4.64847],[-8.3407,4.64847],[-8.3407,4.64764],[-8.34068,4.64764],[-8.34068,4.64723],[-8.35494,4.64723],[-8.35494,4.66149],[-8.34068,4.66149],[-8.34068,4.64847]]]},"properties":{"region":"GrandKru","district":"Upperkrucoast","floods_1m":1,"floods_2m":1,"floods_3m":1,"first_flood_m":1,"nests":true}},{"type":"Feature","geometry":{"type":"Polygon","coordinates":[[[-7.9272,4.51891],[-7.94146,4.51891],[-7.94146,4.53316],[-7.9272,4.53316],[-7.9272,4.51891]]]},"properties":{"region":"GrandKru","district":"Lower Kru Coast","floods_1m":1,"floods_2m":1,"floods_3m":1,"first_flood_m":1,"nests":true}},{"type":"Feature","geometry":{"type":"Polygon","coordinates":[[[-8.18385,4.55792],[-8.19014,4.55792],[-8.19014,4.55764],[-8.1907,4.55764],[-8.1907,4.55736],[-8.19097,4.55736],[-8.19097,4.55708],[-8.19181,4.55708],[-8.19181,4.55723],[-8.19181,4.55736],[-8.19208,4.55736],[-8.19208,4.55708],[-8.19264,4.55708],[-8.19264,4.55736],[-8.19292,4.55736],[-8.19292,4.55764],[-8.19319,4.55764],[-8.19319,4.55792],[-8.19347,4.55792],[-8.19347,4.55931],[-8.19375,4.55931],[-8.19375,4.55958],[-8.19458,4.55958],[-8.19458,4.55986],[-8.19486,4.55986],[-8.19486,4.56014],[-8.19653,4.56014],[-8.19653,4.56042],[-8.19681,4.56042],[-8.19681,4.5607],[-8.1981,4.5607],[-8.1981,4.56168],[-8.18385,4.56168],[-8.18385,4.55792]]]},"properties":{"region":"GrandKru","district":"Upperkrucoast","floods_1m":1,"floods_2m":1,"floods_3m":1,"first_flood_m":1,"nests":true}},{"type":"Feature","geometry":{"type":"Polygon","coordinates":[[[-7.9272,4.53316],[-7.94146,4.53316],[-7.94146,4.54742],[-7.9272,4.54742],[-7.9272,4.53316]]]},"properties":{"region":"GrandKru","district":"Lower Kru Coast","floods_1m":1,"floods_2m":1,"floods_3m":1,"first_flood_m":1,"nests":true}},{"type":"Feature","geometry":{"type":"Polygon","coordinates":[[[-8.32643,4.66149],[-8.34068,4.66149],[-8.34068,4.67574],[-8.32643,4.67574],[-8.32643,4.66149]]]},"properties":{"region":"GrandKru","district":"Upperkrucoast","floods_1m":0,"floods_2m":1,"floods_3m":0,"first_flood_m":2,"nests":false}},{"type":"Feature","geometry":{"type":"Polygon","coordinates":[[[-8.34068,4.63986],[-8.34097,4.63986],[-8.34097,4.63958],[-8.34153,4.63958],[-8.34153,4.63931],[-8.34181,4.63931],[-8.34181,4.6382],[-8.34208,4.6382],[-8.34208,4.63792],[-8.34236,4.63792],[-8.34236,4.63764],[-8.34292,4.63764],[-8.34292,4.63792],[-8.34375,4.63792],[-8.34375,4.6382],[-8.34458,4.6382],[-8.34458,4.63847],[-8.34542,4.63847],[-8.34542,4.63875],[-8.34569,4.63875],[-8.34569,4.63903],[-8.34597,4.63903],[-8.34597,4.63931],[-8.34653,4.63931],[-8.34653,4.63958],[-8.34764,4.63958],[-8.34764,4.63986],[-8.34819,4.63986],[-8.34819,4.64014],[-8.34903,4.64014],[-8.34903,4.64042],[-8.35014,4.64042],[-8.35014,4.6407],[-8.35042,4.6407],[-8.35042,4.64042],[-8.3507,4.64042],[-8.3507,4.6407],[-8.35153,4.6407],[-8.35153,4.64097],[-8.35236,4.64097],[-8.35236,4.64125],[-8.35375,4.64125],[-8.35375,4.64153],[-8.35486,4.64153],[-8.35486,4.64181],[-8.35494,4.64181],[-8.35494,4.64723],[-8.34068,4.64723],[-8.34068,4.63986]]]},"properties":{"region":"GrandKru","district":"Upperkrucoast","floods_1m":1,"floods_2m":1,"floods_3m":1,"first_flood_m":1,"nests":true}},{"type":"Feature","geometry":{"type":"Polygon","coordinates":[[[-10.79306,6.40096],[-10.80732,6.40096],[-10.80732,6.40287],[-10.79306,6.4094],[-10.79306,6.40096]]]},"properties":{"region":"Montserrado","district":"St Paul River","floods_1m":1,"floods_2m":1,"floods_3m":1,"first_flood_m":1,"nests":true}},{"type":"Feature","geometry":{"type":"Polygon","coordinates":[[[-10.76454,6.40096],[-10.7788,6.40096],[-10.7788,6.41507],[-10.77843,6.41522],[-10.76454,6.41522],[-10.76454,6.40096]]]},"properties":{"region":"Montserrado","district":"St Paul River","floods_1m":1,"floods_2m":1,"floods_3m":1,"first_flood_m":1,"nests":true}},{"type":"Feature","geometry":{"type":"Polygon","coordinates":[[[-8.02701,4.5902],[-8.04127,4.5902],[-8.04127,4.60445],[-8.02701,4.60445],[-8.02701,4.5902]]]},"properties":{"region":"GrandKru","district":"Upperkrucoast","floods_1m":1,"floods_2m":1,"floods_3m":1,"first_flood_m":1,"nests":true}},{"type":"Feature","geometry":{"type":"Polygon","coordinates":[[[-10.76454,6.39375],[-10.77313,6.39285],[-10.7788,6.39046],[-10.7788,6.40096],[-10.76454,6.40096],[-10.76454,6.39375]]]},"properties":{"region":"Montserrado","district":"St Paul River","floods_1m":0,"floods_2m":1,"floods_3m":0,"first_flood_m":2,"nests":false}},{"type":"Feature","geometry":{"type":"Polygon","coordinates":[[[-7.84165,4.47613],[-7.85591,4.47613],[-7.85591,4.49039],[-7.84165,4.49039],[-7.84165,4.47613]]]},"properties":{"region":"GrandKru","district":"Lower Kru Coast","floods_1m":1,"floods_2m":1,"floods_3m":1,"first_flood_m":1,"nests":true}},{"type":"Feature","geometry":{"type":"Polygon","coordinates":[[[-8.34068,4.66149],[-8.35494,4.66149],[-8.35494,4.66935],[-8.34429,4.67574],[-8.34068,4.67574],[-8.34068,4.66149]]]},"properties":{"region":"GrandKru","district":"Upperkrucoast","floods_1m":1,"floods_2m":1,"floods_3m":1,"first_flood_m":1,"nests":true}},{"type":"Feature","geometry":{"type":"Polygon","coordinates":[[[-10.79306,6.3867],[-10.80347,6.3867],[-10.80347,6.38708],[-10.80375,6.38708],[-10.80375,6.38736],[-10.80403,6.38736],[-10.80403,6.38875],[-10.80431,6.38875],[-10.80431,6.38903],[-10.80458,6.38903],[-10.80458,6.38958],[-10.80486,6.38958],[-10.80486,6.39153],[-10.80514,6.39153],[-10.80514,6.39208],[-10.80542,6.39208],[-10.80542,6.39236],[-10.80569,6.39236],[-10.80569,6.39264],[-10.80597,6.39264],[-10.80597,6.39292],[-10.80625,6.39292],[-10.80625,6.3932],[-10.80653,6.3932],[-10.80653,6.39347],[-10.80681,6.39347],[-10.80681,6.39375],[-10.80708,6.39375],[-10.80708,6.39403],[-10.80732,6.39403],[-10.80732,6.40096],[-10.79306,6.40096],[-10.79306,6.3867]]]},"properties":{"region":"Montserrado","district":"St Paul River","floods_1m":1,"floods_2m":1,"floods_3m":1,"first_flood_m":1,"nests":true}},{"type":"Feature","geometry":{"type":"Polygon","coordinates":[[[-8.25514,4.5902],[-8.26708,4.5902],[-8.26708,4.59042],[-8.26736,4.59042],[-8.26736,4.59069],[-8.26792,4.59069],[-8.26792,4.59097],[-8.26819,4.59097],[-8.26819,4.59125],[-8.26903,4.59125],[-8.26903,4.59153],[-8.26939,4.59153],[-8.26939,4.60445],[-8.25514,4.60445],[-8.25514,4.5902]]]},"properties":{"region":"GrandKru","district":"Upperkrucoast","floods_1m":1,"floods_2m":1,"floods_3m":1,"first_flood_m":1,"nests":true}},{"type":"Feature","geometry":{"type":"Polygon","coordinates":[[[-8.22662,4.57594],[-8.24088,4.57594],[-8.24088,4.5902],[-8.22662,4.5902],[-8.22662,4.57594]]]},"properties":{"region":"GrandKru","district":"Upperkrucoast","floods_1m":1,"floods_2m":1,"floods_3m":1,"first_flood_m":1,"nests":true}},{"type":"Feature","geometry":{"type":"Polygon","coordinates":[[[-7.94146,4.53316],[-7.95572,4.53316],[-7.95572,4.54742],[-7.94146,4.54742],[-7.94146,4.53316]]]},"properties":{"region":"GrandKru","district":"Lower Kru Coast","floods_1m":1,"floods_2m":1,"floods_3m":1,"first_flood_m":1,"nests":true}},{"type":"Feature","geometry":{"type":"Polygon","coordinates":[[[-7.98423,4.60445],[-7.99849,4.60445],[-7.99849,4.61871],[-7.98423,4.61871],[-7.98423,4.60445]]]},"properties":{"region":"GrandKru","district":"Upperkrucoast","floods_1m":0,"floods_2m":1,"floods_3m":0,"first_flood_m":2,"nests":false}},{"type":"Feature","geometry":{"type":"Polygon","coordinates":[[[-7.94146,4.51891],[-7.94347,4.51891],[-7.94347,4.51931],[-7.94375,4.51931],[-7.94375,4.51986],[-7.94347,4.51986],[-7.94347,4.52042],[-7.94319,4.52042],[-7.94319,4.52097],[-7.94292,4.52097],[-7.94292,4.52125],[-7.94264,4.52125],[-7.94264,4.52153],[-7.94236,4.52153],[-7.94236,4.52292],[-7.94264,4.52292],[-7.94264,4.52375],[-7.94292,4.52375],[-7.94292,4.52403],[-7.94319,4.52403],[-7.94319,4.52375],[-7.94347,4.52375],[-7.94347,4.52292],[-7.94319,4.52292],[-7.94319,4.52264],[-7.94375,4.52264],[-7.94375,4.52236],[-7.94403,4.52236],[-7.94403,4.52181],[-7.94375,4.52181],[-7.94375,4.52125],[-7.94403,4.52125],[-7.94403,4.52097],[-7.9443,4.52097],[-7.9443,4.52042],[-7.94458,4.52042],[-7.94458,4.52014],[-7.94514,4.52014],[-7.94514,4.51986],[-7.94542,4.51986],[-7.94542,4.51931],[-7.94514,4.51931],[-7.94514,4.51891],[-7.95572,4.51891],[-7.95572,4.53316],[-7.94146,4.53316],[-7.94146,4.51891]]]},"properties":{"region":"GrandKru","district":"Lower Kru Coast","floods_1m":1,"floods_2m":1,"floods_3m":1,"first_flood_m":1,"nests":true}},{"type":"Feature","geometry":{"type":"Polygon","coordinates":[[[-10.70751,6.31398],[-10.71134,6.31541],[-10.70751,6.31541],[-10.70751,6.31398]]]},"properties":{"region":"Montserrado","district":"St Paul River","floods_1m":0,"floods_2m":1,"floods_3m":0,"first_flood_m":2,"nests":false}},{"type":"Feature","geometry":{"type":"Polygon","coordinates":[[[-8.11256,4.57594],[-8.12681,4.57594],[-8.12681,4.5902],[-8.11256,4.5902],[-8.11256,4.57594]]]},"properties":{"region":"GrandKru","district":"Upperkrucoast","floods_1m":0,"floods_2m":1,"floods_3m":0,"first_flood_m":2,"nests":false}},{"type":"Feature","geometry":{"type":"Polygon","coordinates":[[[-10.79306,6.38323],[-10.79581,6.38179],[-10.79958,6.3796],[-10.79958,6.37986],[-10.79986,6.37986],[-10.79986,6.38042],[-10.80014,6.38042],[-10.80014,6.38097],[-10.80042,6.38097],[-10.80042,6.3818],[-10.80069,6.3818],[-10.80069,6.38236],[-10.80097,6.38236],[-10.80097,6.38292],[-10.80153,6.38292],[-10.80153,6.38319],[-10.80181,6.38319],[-10.80181,6.38347],[-10.80208,6.38347],[-10.80208,6.38403],[-10.80236,6.38403],[-10.80236,6.38458],[-10.80264,6.38458],[-10.80264,6.38514],[-10.80292,6.38514],[-10.80292,6.38569],[-10.80319,6.38569],[-10.80319,6.38625],[-10.80347,6.38625],[-10.80347,6.3867],[-10.79306,6.3867],[-10.79306,6.38323]]]},"properties":{"region":"Montserrado","district":"St Paul River","floods_1m":1,"floods_2m":1,"floods_3m":1,"first_flood_m":1,"nests":true}},{"type":"Feature","geometry":{"type":"Polygon","coordinates":[[[-8.08404,4.57594],[-8.0983,4.57594],[-8.0983,4.5902],[-8.08404,4.5902],[-8.08404,4.57594]]]},"properties":{"region":"GrandKru","district":"Upperkrucoast","floods_1m":0,"floods_2m":1,"floods_3m":0,"first_flood_m":2,"nests":false}},{"type":"Feature","geometry":{"type":"Polygon","coordinates":[[[-9.46706,5.37439],[-9.48132,5.37439],[-9.48132,5.38864],[-9.46706,5.38864],[-9.46706,5.37439]]]},"properties":{"region":"River Cess","district":"Timbo","floods_1m":1,"floods_2m":1,"floods_3m":1,"first_flood_m":1,"nests":true}},{"type":"Feature","geometry":{"type":"Polygon","coordinates":[[[-9.43855,5.28458],[-9.43875,5.28458],[-9.43875,5.28486],[-9.43903,5.28486],[-9.43903,5.2857],[-9.4393,5.2857],[-9.4393,5.28597],[-9.43986,5.28597],[-9.43986,5.28625],[-9.44069,5.28625],[-9.44069,5.28681],[-9.44125,5.28681],[-9.44125,5.28708],[-9.44153,5.28708],[-9.44153,5.28736],[-9.44181,5.28736],[-9.44181,5.28884],[-9.43855,5.28884],[-9.43855,5.28458]]]},"properties":{"region":"River Cess","district":"Timbo","floods_1m":1,"floods_2m":1,"floods_3m":1,"first_flood_m":1,"nests":true}},{"type":"Feature","geometry":{"type":"Polygon","coordinates":[[[-8.88249,4.9609],[-8.89675,4.9609],[-8.89675,4.97516],[-8.88249,4.97516],[-8.88249,4.9609]]]},"properties":{"region":"Sinoe","district":"Kpayan","floods_1m":1,"floods_2m":1,"floods_3m":1,"first_flood_m":1,"nests":true}},{"type":"Feature","geometry":{"type":"Polygon","coordinates":[[[-8.88249,4.98942],[-8.89675,4.98942],[-8.89675,5.00368],[-8.88249,5.00368],[-8.88249,4.98942]]]},"properties":{"region":"Sinoe","district":"Kpayan","floods_1m":1,"floods_2m":1,"floods_3m":1,"first_flood_m":1,"nests":true}},{"type":"Feature","geometry":{"type":"Polygon","coordinates":[[[-8.87138,4.92931],[-8.8718,4.92931],[-8.8718,4.92986],[-8.87208,4.92986],[-8.87208,4.93014],[-8.87236,4.93014],[-8.87236,4.93042],[-8.87319,4.93042],[-8.87319,4.9307],[-8.87403,4.9307],[-8.87403,4.93097],[-8.87458,4.93097],[-8.87458,4.93125],[-8.87514,4.93125],[-8.87514,4.93181],[-8.87625,4.93181],[-8.87625,4.93208],[-8.87681,4.93208],[-8.87681,4.93236],[-8.87764,4.93236],[-8.87764,4.93239],[-8.87001,4.93239],[-8.87138,4.92931]]]},"properties":{"region":"Sinoe","district":"Kpayan","floods_1m":1,"floods_2m":1,"floods_3m":1,"first_flood_m":1,"nests":true}},{"type":"Feature","geometry":{"type":"Polygon","coordinates":[[[-8.92526,4.97516],[-8.93952,4.97516],[-8.93952,4.98942],[-8.92526,4.98942],[-8.92526,4.97516]]]},"properties":{"region":"Sinoe","district":"Kpayan","floods_1m":1,"floods_2m":1,"floods_3m":1,"first_flood_m":1,"nests":true}},{"type":"Feature","geometry":{"type":"Polygon","coordinates":[[[-9.45281,5.30097],[-9.45292,5.30097],[-9.45292,5.30125],[-9.4532,5.30125],[-9.4532,5.30153],[-9.45375,5.30153],[-9.45375,5.30181],[-9.45431,5.30181],[-9.45431,5.30208],[-9.45458,5.30208],[-9.45458,5.30264],[-9.45514,5.30264],[-9.45514,5.30292],[-9.45569,5.30292],[-9.45569,5.3031],[-9.45281,5.3031],[-9.45281,5.30097]]]},"properties":{"region":"River Cess","district":"Timbo","floods_1m":1,"floods_2m":1,"floods_3m":1,"first_flood_m":1,"nests":true}},{"type":"Feature","geometry":{"type":"Polygon","coordinates":[[[-9.70945,5.574],[-9.72371,5.574],[-9.72371,5.58826],[-9.70945,5.58826],[-9.70945,5.574]]]},"properties":{"region":"River Cess","district":"Timbo","floods_1m":1,"floods_2m":1,"floods_3m":1,"first_flood_m":1,"nests":true}},{"type":"Feature","geometry":{"type":"Polygon","coordinates":[[[-9.42429,5.27292],[-9.42458,5.27292],[-9.42458,5.27347],[-9.42486,5.27347],[-9.42486,5.27375],[-9.42597,5.27375],[-9.42597,5.27431],[-9.42653,5.27431],[-9.42653,5.27458],[-9.42429,5.27458],[-9.42429,5.27292]]]},"properties":{"region":"River Cess","district":"Timbo","floods_1m":1,"floods_2m":1,"floods_3m":1,"first_flood_m":1,"nests":true}},{"type":"Feature","geometry":{"type":"Polygon","coordinates":[[[-9.42429,5.27458],[-9.42653,5.27458],[-9.42653,5.27458],[-9.42708,5.27458],[-9.42708,5.27514],[-9.42764,5.27514],[-9.42764,5.27542],[-9.42819,5.27542],[-9.42819,5.27653],[-9.42875,5.27653],[-9.42875,5.2768],[-9.42958,5.2768],[-9.42958,5.27708],[-9.42986,5.27708],[-9.42986,5.27736],[-9.43014,5.27736],[-9.43014,5.27792],[-9.43042,5.27792],[-9.43042,5.27819],[-9.43069,5.27819],[-9.43069,5.27847],[-9.43125,5.27847],[-9.43125,5.27903],[-9.43153,5.27903],[-9.43153,5.27958],[-9.43181,5.27958],[-9.43181,5.27986],[-9.43208,5.27986],[-9.43208,5.28014],[-9.43264,5.28014],[-9.43264,5.28042],[-9.43292,5.28042],[-9.43292,5.28069],[-9.43319,5.28069],[-9.43319,5.28097],[-9.43347,5.28097],[-9.43347,5.28125],[-9.43375,5.28125],[-9.43375,5.28153],[-9.43403,5.28153],[-9.43403,5.28181],[-9.43431,5.28181],[-9.43431,5.28208],[-9.43486,5.28208],[-9.43486,5.28236],[-9.43542,5.28236],[-9.43542,5.28264],[-9.43569,5.28264],[-9.43569,5.28292],[-9.43625,5.28292],[-9.43625,5.2832],[-9.43708,5.2832],[-9.43708,5.28347],[-9.43764,5.28347],[-9.43764,5.28375],[-9.43792,5.28375],[-9.43792,5.28403],[-9.43847,5.28403],[-9.43847,5.28458],[-9.43855,5.28458],[-9.43855,5.28884],[-9.42429,5.28884],[-9.42429,5.27458]]]},"properties":{"region":"River Cess","district":"Timbo","floods_1m":1,"floods_2m":1,"floods_3m":1,"first_flood_m":1,"nests":true}},{"type":"Feature","geometry":{"type":"Polygon","coordinates":[[[-9.53835,5.45993],[-9.55261,5.45993],[-9.55261,5.47419],[-9.53835,5.47419],[-9.53835,5.45993]]]},"properties":{"region":"River Cess","district":"Timbo","floods_1m":1,"floods_2m":1,"floods_3m":1,"first_flood_m":1,"nests":true}},{"type":"Feature","geometry":{"type":"Polygon","coordinates":[[[-9.56687,5.43142],[-9.58113,5.43142],[-9.58113,5.44568],[-9.56687,5.44568],[-9.56687,5.43142]]]},"properties":{"region":"River Cess","district":"Timbo","floods_1m":1,"floods_2m":1,"floods_3m":1,"first_flood_m":1,"nests":true}},{"type":"Feature","geometry":{"type":"Polygon","coordinates":[[[-9.55261,5.45993],[-9.56687,5.45993],[-9.56687,5.47419],[-9.55261,5.47419],[-9.55261,5.45993]]]},"properties":{"region":"River Cess","district":"Timbo","floods_1m":1,"floods_2m":1,"floods_3m":1,"first_flood_m":1,"nests":true}},{"type":"Feature","geometry":{"type":"Polygon","coordinates":[[[-9.63816,5.50319],[-9.63819,5.50319],[-9.63819,5.50375],[-9.63875,5.50375],[-9.63875,5.50403],[-9.63903,5.50403],[-9.63903,5.5043],[-9.63931,5.5043],[-9.63931,5.50486],[-9.63986,5.50486],[-9.63986,5.50514],[-9.64014,5.50514],[-9.64014,5.50542],[-9.64097,5.50542],[-9.64097,5.50569],[-9.64125,5.50569],[-9.64125,5.50625],[-9.64153,5.50625],[-9.64153,5.50653],[-9.64208,5.50653],[-9.64208,5.50681],[-9.64264,5.50681],[-9.64264,5.50708],[-9.64319,5.50708],[-9.64319,5.50736],[-9.64375,5.50736],[-9.64375,5.50764],[-9.64403,5.50764],[-9.64403,5.50792],[-9.64458,5.50792],[-9.64458,5.50819],[-9.64486,5.50819],[-9.64486,5.50875],[-9.64514,5.50875],[-9.64514,5.50903],[-9.64569,5.50903],[-9.64569,5.50958],[-9.64597,5.50958],[-9.64597,5.51014],[-9.64625,5.51014],[-9.64625,5.51042],[-9.64653,5.51042],[-9.64653,5.51069],[-9.64708,5.51069],[-9.64708,5.51097],[-9.64764,5.51097],[-9.64764,5.51125],[-9.64819,5.51125],[-9.64819,5.51153],[-9.64875,5.51153],[-9.64875,5.51125],[-9.64931,5.51125],[-9.64931,5.51097],[-9.64958,5.51097],[-9.64958,5.51125],[-9.65014,5.51125],[-9.65014,5.51153],[-9.65042,5.51153],[-9.65042,5.51181],[-9.65097,5.51181],[-9.65097,5.51208],[-9.65153,5.51208],[-9.65153,5.51236],[-9.65208,5.51236],[-9.65208,5.51264],[-9.65242,5.51264],[-9.65242,5.51697],[-9.63816,5.51697],[-9.63816,5.50319]]]},"properties":{"region":"River Cess","district":"Timbo","floods_1m":1,"floods_2m":1,"floods_3m":1,"first_flood_m":1,"nests":true}},{"type":"Feature","geometry":{"type":"Polygon","coordinates":[[[-9.53835,5.41716],[-9.55014,5.41716],[-9.55014,5.41736],[-9.55042,5.41736],[-9.55042,5.41764],[-9.55097,5.41764],[-9.55097,5.41792],[-9.5518,5.41792],[-9.5518,5.41819],[-9.55208,5.41819],[-9.55208,5.41847],[-9.55261,5.41847],[-9.55261,5.43142],[-9.53835,5.43142],[-9.53835,5.41716]]]},"properties":{"region":"River Cess","district":"Timbo","floods_1m":1,"floods_2m":1,"floods_3m":1,"first_flood_m":1,"nests":true}},{"type":"Feature","geometry":{"type":"Polygon","coordinates":[[[-9.29597,5.15347],[-9.29597,5.15069],[-9.29625,5.15069],[-9.29625,5.15097],[-9.29653,5.15097],[-9.29653,5.15125],[-9.29681,5.15125],[-9.29681,5.15153],[-9.29792,5.15153],[-9.29792,5.15236],[-9.29764,5.15236],[-9.29764,5.15264],[-9.29736,5.15264],[-9.29736,5.15292],[-9.29708,5.15292],[-9.29708,5.15319],[-9.29681,5.15319],[-9.29681,5.15347],[-9.29597,5.15347]]]},"properties":{"region":"Sinoe","district":"Butaw","floods_1m":0,"floods_2m":1,"floods_3m":0,"first_flood_m":2,"nests":false}},{"type":"Feature","geometry":{"type":"Polygon","coordinates":[[[-9.15339,5.07497],[-9.15625,5.07497],[-9.15625,5.07514],[-9.15736,5.07514],[-9.15736,5.07542],[-9.15792,5.07542],[-9.15792,5.0757],[-9.15831,5.0757],[-9.15903,5.0757],[-9.15903,5.07597],[-9.15958,5.07597],[-9.15958,5.07625],[-9.16014,5.07625],[-9.16014,5.07653],[-9.16042,5.07653],[-9.16042,5.07681],[-9.16068,5.07681],[-9.16097,5.07681],[-9.16097,5.07708],[-9.16125,5.07708],[-9.16125,5.07736],[-9.16153,5.07736],[-9.16153,5.07764],[-9.16236,5.07764],[-9.16236,5.07792],[-9.16319,5.07792],[-9.16319,5.07819],[-9.16375,5.07819],[-9.16375,5.07847],[-9.16388,5.07847],[-9.16514,5.07847],[-9.16514,5.07875],[-9.16542,5.07875],[-9.16542,5.07889],[-9.16542,5.07903],[-9.16569,5.07903],[-9.16569,5.07931],[-9.16625,5.07931],[-9.16625,5.07958],[-9.16736,5.07958],[-9.16736,5.07986],[-9.16764,5.07986],[-9.16764,5.08014],[-9.16765,5.08014],[-9.16765,5.08923],[-9.15339,5.08923],[-9.15339,5.07497]]]},"properties":{"region":"Sinoe","district":"Butaw","floods_1m":1,"floods_2m":1,"floods_3m":1,"first_flood_m":1,"nests":true}},{"type":"Feature","geometry":{"type":"Polygon","coordinates":[[[-9.29597,5.23181],[-9.31023,5.23181],[-9.31023,5.24606],[-9.29597,5.24606],[-9.29597,5.23181]]]},"properties":{"region":"Sinoe","district":"Butaw","floods_1m":1,"floods_2m":1,"floods_3m":1,"first_flood_m":1,"nests":true}},{"type":"Feature","geometry":{"type":"Polygon","coordinates":[[[-9.15339,5.07375],[-9.15403,5.07375],[-9.15403,5.07403],[-9.15486,5.07403],[-9.15486,5.07431],[-9.15514,5.07431],[-9.15514,5.07458],[-9.15542,5.07458],[-9.15542,5.07486],[-9.15625,5.07486],[-9.15625,5.07497],[-9.15339,5.07497],[-9.15339,5.07375]]]},"properties":{"region":"Sinoe","district":"Butaw","floods_1m":1,"floods_2m":1,"floods_3m":1,"first_flood_m":1,"nests":true}},{"type":"Feature","geometry":{"type":"Polygon","coordinates":[[[-9.1819,5.11774],[-9.19616,5.11774],[-9.19616,5.132],[-9.1819,5.132],[-9.1819,5.11774]]]},"properties":{"region":"Sinoe","district":"Butaw","floods_1m":1,"floods_2m":1,"floods_3m":1,"first_flood_m":1,"nests":true}},{"type":"Feature","geometry":{"type":"Polygon","coordinates":[[[-9.11061,5.07177],[-9.11721,5.06071],[-9.12319,5.06071],[-9.12319,5.06097],[-9.12347,5.06097],[-9.12347,5.06125],[-9.12375,5.06125],[-9.12375,5.06153],[-9.1243,5.06153],[-9.1243,5.06181],[-9.12486,5.06181],[-9.12486,5.06236],[-9.12487,5.06236],[-9.12487,5.07497],[-9.11061,5.07497],[-9.11061,5.07177]]]},"properties":{"region":"Sinoe","district":"Butaw","floods_1m":1,"floods_2m":1,"floods_3m":1,"first_flood_m":1,"nests":true}},{"type":"Feature","geometry":{"type":"Polygon","coordinates":[[[-9.13913,5.06819],[-9.13958,5.06819],[-9.13958,5.06847],[-9.14014,5.06847],[-9.14014,5.06875],[-9.14069,5.06875],[-9.14069,5.06903],[-9.14125,5.06903],[-9.14125,5.0693],[-9.14236,5.0693],[-9.14236,5.06958],[-9.1432,5.06958],[-9.1432,5.06986],[-9.14403,5.06986],[-9.14403,5.07014],[-9.1443,5.07014],[-9.1443,5.07042],[-9.14486,5.07042],[-9.14486,5.07069],[-9.14597,5.07069],[-9.14597,5.07097],[-9.14625,5.07097],[-9.14625,5.07125],[-9.14708,5.07125],[-9.14708,5.07153],[-9.1482,5.07153],[-9.1482,5.0718],[-9.14903,5.0718],[-9.14903,5.07208],[-9.14958,5.07208],[-9.14958,5.07236],[-9.14986,5.07236],[-9.14986,5.07264],[-9.15014,5.07264],[-9.15014,5.07292],[-9.15069,5.07292],[-9.15069,5.07319],[-9.15208,5.07319],[-9.15208,5.07347],[-9.15264,5.07347],[-9.15264,5.07375],[-9.15339,5.07375],[-9.15339,5.07497],[-9.14091,5.07497],[-9.13913,5.07497],[-9.13913,5.06819]]]},"properties":{"region":"Sinoe","district":"Butaw","floods_1m":1,"floods_2m":1,"floods_3m":1,"first_flood_m":1,"nests":true}},{"type":"Feature","geometry":{"type":"Polygon","coordinates":[[[-9.26745,5.17477],[-9.28171,5.17477],[-9.28171,5.18903],[-9.26745,5.18903],[-9.26745,5.17477]]]},"properties":{"region":"Sinoe","district":"Butaw","floods_1m":1,"floods_2m":1,"floods_3m":1,"first_flood_m":1,"nests":true}},{"type":"Feature","geometry":{"type":"Polygon","coordinates":[[[-9.29597,5.1832],[-9.29597,5.1832],[-9.29597,5.18347],[-9.29653,5.18347],[-9.29653,5.18375],[-9.29708,5.18375],[-9.29708,5.18431],[-9.29764,5.18431],[-9.29764,5.18458],[-9.29819,5.18458],[-9.29819,5.18486],[-9.29875,5.18486],[-9.29875,5.18514],[-9.29903,5.18514],[-9.29903,5.18542],[-9.29986,5.18542],[-9.29986,5.18569],[-9.30014,5.18569],[-9.30014,5.18597],[-9.30097,5.18597],[-9.30097,5.18625],[-9.30153,5.18625],[-9.30153,5.18653],[-9.30181,5.18653],[-9.30181,5.18681],[-9.30236,5.18681],[-9.30236,5.18708],[-9.30292,5.18708],[-9.30292,5.18736],[-9.30319,5.18736],[-9.30319,5.18764],[-9.30375,5.18764],[-9.30375,5.18792],[-9.3043,5.18792],[-9.30431,5.18819],[-9.30514,5.18819],[-9.30514,5.18847],[-9.30625,5.18847],[-9.30625,5.18903],[-9.30708,5.18903],[-9.30708,5.18903],[-9.29597,5.18903],[-9.29597,5.1832]]]},"properties":{"region":"Sinoe","district":"Butaw","floods_1m":1,"floods_2m":1,"floods_3m":1,"first_flood_m":1,"nests":true}},{"type":"Feature","geometry":{"type":"Polygon","coordinates":[[[-9.28171,5.14403],[-9.28208,5.14403],[-9.28208,5.14431],[-9.28264,5.14431],[-9.28264,5.14458],[-9.28347,5.14458],[-9.28347,5.14486],[-9.28403,5.14486],[-9.28403,5.14514],[-9.28458,5.14514],[-9.28458,5.14542],[-9.28514,5.14542],[-9.28514,5.1457],[-9.2857,5.1457],[-9.2857,5.14597],[-9.28625,5.14597],[-9.28625,5.14625],[-9.28681,5.14625],[-9.28681,5.14626],[-9.28171,5.14626],[-9.28171,5.14403]]]},"properties":{"region":"Sinoe","district":"Butaw","floods_1m":0,"floods_2m":1,"floods_3m":0,"first_flood_m":2,"nests":false}},{"type":"Feature","geometry":{"type":"Polygon","coordinates":[[[-9.25319,5.17477],[-9.26745,5.17477],[-9.26745,5.18903],[-9.25319,5.18903],[-9.25319,5.17477]]]},"properties":{"region":"Sinoe","district":"Butaw","floods_1m":1,"floods_2m":1,"floods_3m":1,"first_flood_m":1,"nests":true}},{"type":"Feature","geometry":{"type":"Polygon","coordinates":[[[-9.32448,5.19708],[-9.32486,5.19708],[-9.32486,5.19736],[-9.32514,5.19736],[-9.32514,5.19764],[-9.32569,5.19764],[-9.32569,5.19792],[-9.32625,5.19792],[-9.32625,5.19819],[-9.32681,5.19819],[-9.32681,5.19847],[-9.32764,5.19847],[-9.32764,5.19875],[-9.32792,5.19875],[-9.32792,5.19903],[-9.32847,5.19903],[-9.32847,5.19931],[-9.32903,5.19931],[-9.32903,5.19986],[-9.32958,5.19986],[-9.32958,5.20014],[-9.32986,5.20014],[-9.32986,5.20042],[-9.33097,5.20042],[-9.33097,5.2007],[-9.3318,5.2007],[-9.3318,5.20097],[-9.33236,5.20097],[-9.33236,5.20125],[-9.33319,5.20125],[-9.33319,5.20208],[-9.33347,5.20208],[-9.33347,5.20181],[-9.33514,5.20181],[-9.33514,5.20208],[-9.3357,5.20208],[-9.3357,5.20236],[-9.33597,5.20236],[-9.33597,5.20264],[-9.33625,5.20264],[-9.33625,5.20292],[-9.33653,5.20292],[-9.33653,5.2032],[-9.33708,5.2032],[-9.33708,5.20329],[-9.32448,5.20329],[-9.32448,5.19708]]]},"properties":{"region":"Sinoe","district":"Butaw","floods_1m":1,"floods_2m":1,"floods_3m":1,"first_flood_m":1,"nests":true}},{"type":"Feature","geometry":{"type":"Polygon","coordinates":[[[-9.31023,5.20329],[-9.32448,5.20329],[-9.32448,5.21755],[-9.31023,5.21755],[-9.31023,5.20329]]]},"properties":{"region":"Sinoe","district":"Butaw","floods_1m":1,"floods_2m":1,"floods_3m":1,"first_flood_m":1,"nests":true}},{"type":"Feature","geometry":{"type":"Polygon","coordinates":[[[-9.41003,5.26236],[-9.41014,5.26236],[-9.41014,5.26264],[-9.41042,5.26264],[-9.41042,5.26292],[-9.41153,5.26292],[-9.41153,5.2632],[-9.41208,5.2632],[-9.41208,5.26347],[-9.41236,5.26347],[-9.41236,5.26403],[-9.41255,5.26403],[-9.41003,5.26904],[-9.41003,5.26236]]]},"properties":{"region":"Sinoe","district":"Butaw","floods_1m":1,"floods_2m":1,"floods_3m":1,"first_flood_m":1,"nests":true}},{"type":"Feature","geometry":{"type":"Polygon","coordinates":[[[-9.38152,5.24606],[-9.3882,5.24606],[-9.3882,5.24625],[-9.38875,5.24625],[-9.38875,5.24653],[-9.38958,5.24653],[-9.38958,5.24681],[-9.38986,5.24681],[-9.38986,5.24736],[-9.39069,5.24736],[-9.39069,5.24764],[-9.39153,5.24764],[-9.39153,5.24792],[-9.39208,5.24792],[-9.39208,5.24819],[-9.39264,5.24819],[-9.39264,5.24847],[-9.39292,5.24847],[-9.39292,5.24875],[-9.39347,5.24875],[-9.39347,5.24903],[-9.39431,5.24903],[-9.39431,5.24931],[-9.39486,5.24931],[-9.39486,5.24958],[-9.39542,5.24958],[-9.39542,5.24986],[-9.39569,5.24986],[-9.39569,5.25014],[-9.39577,5.25014],[-9.39577,5.26032],[-9.38152,5.26032],[-9.38152,5.24695],[-9.38152,5.24606]]]},"properties":{"region":"Sinoe","district":"Butaw","floods_1m":1,"floods_2m":1,"floods_3m":1,"first_flood_m":1,"nests":true}},{"type":"Feature","geometry":{"type":"Polygon","coordinates":[[[-9.12014,5.05688],[-9.12014,5.05708],[-9.12097,5.05708],[-9.12097,5.05736],[-9.12125,5.05736],[-9.12125,5.05819],[-9.12153,5.05819],[-9.12153,5.05875],[-9.12181,5.05875],[-9.12181,5.05931],[-9.12208,5.05931],[-9.12208,5.05958],[-9.12236,5.05958],[-9.12236,5.05986],[-9.12264,5.05986],[-9.12264,5.06014],[-9.12292,5.06014],[-9.12292,5.06069],[-9.12319,5.06069],[-9.12319,5.06071],[-9.11721,5.06071],[-9.11833,5.05882],[-9.1191,5.05788],[-9.12014,5.05688]]]},"properties":{"region":"Sinoe","district":"Butaw","floods_1m":1,"floods_2m":1,"floods_3m":1,"first_flood_m":1,"nests":true}},{"type":"Feature","geometry":{"type":"Polygon","coordinates":[[[-9.23894,5.12486],[-9.23897,5.12486],[-9.23931,5.12486],[-9.23931,5.12514],[-9.23958,5.12514],[-9.23958,5.12542],[-9.24069,5.12542],[-9.24069,5.1257],[-9.24125,5.1257],[-9.24125,5.12597],[-9.24153,5.12597],[-9.24153,5.12625],[-9.24208,5.12625],[-9.24208,5.12653],[-9.24236,5.12653],[-9.24236,5.12625],[-9.24264,5.12625],[-9.24264,5.12653],[-9.24319,5.12653],[-9.24319,5.12625],[-9.24431,5.12625],[-9.24431,5.12653],[-9.24569,5.12653],[-9.24569,5.1268],[-9.24625,5.1268],[-9.24625,5.12708],[-9.24653,5.12708],[-9.24653,5.12736],[-9.24736,5.12736],[-9.24736,5.12764],[-9.24847,5.12764],[-9.24847,5.12792],[-9.24875,5.12792],[-9.24875,5.12764],[-9.24931,5.12764],[-9.24931,5.12792],[-9.24958,5.12792],[-9.24958,5.12847],[-9.24986,5.12847],[-9.24986,5.12875],[-9.25014,5.12875],[-9.25014,5.12903],[-9.25236,5.12903],[-9.25236,5.12931],[-9.25264,5.12931],[-9.25264,5.12958],[-9.25292,5.12958],[-9.25292,5.12986],[-9.25319,5.12986],[-9.25319,5.132],[-9.23894,5.132],[-9.23894,5.12486]]]},"properties":{"region":"Sinoe","district":"Butaw","floods_1m":1,"floods_2m":1,"floods_3m":1,"first_flood_m":1,"nests":true}},{"type":"Feature","geometry":{"type":"Polygon","coordinates":[[[-9.31023,5.24606],[-9.32448,5.24606],[-9.32448,5.24695],[-9.32448,5.26032],[-9.31023,5.26032],[-9.31023,5.24695],[-9.31023,5.24606]]]},"properties":{"region":"Sinoe","district":"Butaw","floods_1m":1,"floods_2m":1,"floods_3m":1,"first_flood_m":1,"nests":true}},{"type":"Feature","geometry":{"type":"Polygon","coordinates":[[[-9.29597,5.21755],[-9.31023,5.21755],[-9.31023,5.23181],[-9.29597,5.23181],[-9.29597,5.21755]]]},"properties":{"region":"Sinoe","district":"Butaw","floods_1m":1,"floods_2m":1,"floods_3m":1,"first_flood_m":1,"nests":true}},{"type":"Feature","geometry":{"type":"Polygon","coordinates":[[[-9.39577,5.25014],[-9.39597,5.25014],[-9.39597,5.25097],[-9.39625,5.25097],[-9.39625,5.25153],[-9.39653,5.25153],[-9.39653,5.25181],[-9.3968,5.25181],[-9.3968,5.25208],[-9.39708,5.25208],[-9.39708,5.25264],[-9.39764,5.25264],[-9.39764,5.25292],[-9.39819,5.25292],[-9.39819,5.25319],[-9.39847,5.25319],[-9.39847,5.25347],[-9.39903,5.25347],[-9.39903,5.25375],[-9.39931,5.25375],[-9.39931,5.25403],[-9.39958,5.25403],[-9.39958,5.2543],[-9.40042,5.2543],[-9.40042,5.25458],[-9.40097,5.25458],[-9.40097,5.25486],[-9.40208,5.25486],[-9.40208,5.25514],[-9.40236,5.25514],[-9.40236,5.25486],[-9.40292,5.25486],[-9.40292,5.25542],[-9.40319,5.25542],[-9.40319,5.25569],[-9.40347,5.25569],[-9.40347,5.25597],[-9.40431,5.25597],[-9.40431,5.25625],[-9.40458,5.25625],[-9.40458,5.25653],[-9.40486,5.25653],[-9.40486,5.2568],[-9.40569,5.2568],[-9.40569,5.25736],[-9.40597,5.25736],[-9.40597,5.25764],[-9.40569,5.25764],[-9.40569,5.25792],[-9.40597,5.25792],[-9.40597,5.25847],[-9.40611,5.25847],[-9.40625,5.25847],[-9.40625,5.25875],[-9.40653,5.25875],[-9.40653,5.25931],[-9.40708,5.25931],[-9.40708,5.25986],[-9.40736,5.25986],[-9.40736,5.26014],[-9.40792,5.26014],[-9.40792,5.26032],[-9.39577,5.26032],[-9.39577,5.25014]]]},"properties":{"region":"Sinoe","district":"Butaw","floods_1m":1,"floods_2m":1,"floods_3m":1,"first_flood_m":1,"nests":true}},{"type":"Feature","geometry":{"type":"Polygon","coordinates":[[[-9.38152,5.24375],[-9.38153,5.24375],[-9.38153,5.24403],[-9.38208,5.24403],[-9.38208,5.24431],[-9.38264,5.24431],[-9.38264,5.24458],[-9.38375,5.24458],[-9.38375,5.24486],[-9.38403,5.24486],[-9.38403,5.24514],[-9.38509,5.24514],[-9.38625,5.24514],[-9.38625,5.24542],[-9.38708,5.24542],[-9.38708,5.24569],[-9.38736,5.24569],[-9.38736,5.24597],[-9.3882,5.24597],[-9.3882,5.24606],[-9.38152,5.24606],[-9.38152,5.24375]]]},"properties":{"region":"Sinoe","district":"Butaw","floods_1m":0,"floods_2m":1,"floods_3m":0,"first_flood_m":2,"nests":false}},{"type":"Feature","geometry":{"type":"Polygon","coordinates":[[[-9.33874,5.23181],[-9.353,5.23181],[-9.353,5.24606],[-9.33874,5.24606],[-9.33874,5.23181]]]},"properties":{"region":"Sinoe","district":"Butaw","floods_1m":1,"floods_2m":1,"floods_3m":1,"first_flood_m":1,"nests":true}},{"type":"Feature","geometry":{"type":"Polygon","coordinates":[[[-9.28171,5.17477],[-9.28764,5.17477],[-9.28764,5.17542],[-9.28819,5.17542],[-9.28819,5.17569],[-9.28875,5.17569],[-9.28875,5.17625],[-9.28903,5.17625],[-9.28903,5.17681],[-9.2893,5.17681],[-9.2893,5.17708],[-9.28958,5.17708],[-9.28958,5.17736],[-9.28986,5.17736],[-9.28986,5.17764],[-9.29014,5.17764],[-9.29014,5.17792],[-9.29042,5.17792],[-9.29042,5.17819],[-9.29069,5.17819],[-9.29069,5.17875],[-9.29097,5.17875],[-9.29097,5.17903],[-9.29125,5.17903],[-9.29125,5.17931],[-9.29181,5.17931],[-9.29181,5.17986],[-9.29236,5.17986],[-9.29236,5.18042],[-9.29264,5.18042],[-9.29264,5.1807],[-9.29292,5.1807],[-9.29292,5.18097],[-9.2932,5.18097],[-9.2932,5.18125],[-9.29375,5.18125],[-9.29375,5.18153],[-9.29403,5.18153],[-9.29403,5.18181],[-9.29431,5.18181],[-9.29431,5.18208],[-9.29458,5.18208],[-9.29458,5.18236],[-9.29486,5.18236],[-9.29486,5.18264],[-9.29542,5.18264],[-9.29542,5.18292],[-9.29569,5.18292],[-9.29569,5.1832],[-9.29597,5.1832],[-9.29597,5.18903],[-9.28171,5.18903],[-9.28171,5.17477]]]},"properties":{"region":"Sinoe","district":"Butaw","floods_1m":1,"floods_2m":1,"floods_3m":1,"first_flood_m":1,"nests":true}},{"type":"Feature","geometry":{"type":"Polygon","coordinates":[[[-9.31023,5.26032],[-9.32448,5.26032],[-9.32448,5.27458],[-9.31023,5.27458],[-9.31023,5.26032]]]},"properties":{"region":"Sinoe","district":"Butaw","floods_1m":1,"floods_2m":1,"floods_3m":1,"first_flood_m":1,"nests":true}},{"type":"Feature","geometry":{"type":"Polygon","coordinates":[[[-9.39577,5.26032],[-9.40792,5.26032],[-9.40792,5.26042],[-9.40847,5.26042],[-9.40847,5.26097],[-9.40875,5.26097],[-9.40875,5.26125],[-9.40903,5.26125],[-9.40903,5.26153],[-9.40931,5.26153],[-9.40931,5.26181],[-9.40958,5.26181],[-9.40958,5.26208],[-9.40986,5.26208],[-9.40986,5.26236],[-9.41003,5.26236],[-9.41003,5.26904],[-9.40725,5.27458],[-9.39577,5.27458],[-9.39577,5.26032]]]},"properties":{"region":"Sinoe","district":"Butaw","floods_1m":1,"floods_2m":1,"floods_3m":1,"first_flood_m":1,"nests":true}},{"type":"Feature","geometry":{"type":"Polygon","coordinates":[[[-9.26745,5.16052],[-9.28097,5.16052],[-9.28097,5.16097],[-9.28087,5.16097],[-9.28069,5.16097],[-9.28074,5.16154],[-9.28097,5.16153],[-9.28097,5.16181],[-9.2808,5.16181],[-9.28069,5.16181],[-9.28069,5.16347],[-9.28097,5.16347],[-9.28097,5.16403],[-9.28128,5.16403],[-9.28153,5.16403],[-9.28153,5.16458],[-9.28171,5.16458],[-9.28171,5.16819],[-9.28153,5.16819],[-9.28153,5.16847],[-9.28125,5.16847],[-9.28125,5.16903],[-9.28097,5.16903],[-9.28097,5.16958],[-9.28069,5.16958],[-9.28069,5.16986],[-9.27958,5.16986],[-9.27958,5.16958],[-9.27903,5.16958],[-9.27903,5.1693],[-9.27875,5.1693],[-9.27875,5.16875],[-9.27847,5.16875],[-9.27847,5.16819],[-9.2782,5.16819],[-9.2782,5.16708],[-9.27847,5.16708],[-9.27847,5.16625],[-9.27792,5.16625],[-9.27792,5.16653],[-9.27764,5.16653],[-9.27764,5.16736],[-9.27736,5.16736],[-9.27736,5.16819],[-9.27764,5.16819],[-9.27764,5.16875],[-9.27792,5.16875],[-9.27792,5.16903],[-9.2782,5.16903],[-9.2782,5.16958],[-9.27847,5.16958],[-9.27847,5.17014],[-9.27903,5.17014],[-9.27903,5.17042],[-9.27958,5.17042],[-9.27958,5.17069],[-9.28042,5.17069],[-9.28042,5.17042],[-9.28097,5.17042],[-9.28097,5.17014],[-9.28125,5.17014],[-9.28125,5.16986],[-9.28153,5.16986],[-9.28153,5.16931],[-9.28171,5.16931],[-9.28171,5.17477],[-9.26745,5.17477],[-9.26745,5.16052]]]},"properties":{"region":"Sinoe","district":"Butaw","floods_1m":1,"floods_2m":1,"floods_3m":1,"first_flood_m":1,"nests":true}},{"type":"Feature","geometry":{"type":"Polygon","coordinates":[[[-9.36726,5.23181],[-9.3732,5.23181],[-9.3732,5.23347],[-9.37292,5.23347],[-9.37292,5.23458],[-9.3732,5.23458],[-9.3732,5.23597],[-9.37347,5.23597],[-9.37347,5.23653],[-9.37375,5.23653],[-9.37375,5.23708],[-9.37403,5.23708],[-9.37403,5.2373],[-9.37403,5.23792],[-9.37431,5.23792],[-9.37431,5.23847],[-9.37458,5.23847],[-9.37458,5.23903],[-9.37486,5.23903],[-9.37486,5.23958],[-9.37514,5.23958],[-9.37514,5.23986],[-9.37542,5.23986],[-9.37542,5.24042],[-9.37597,5.24042],[-9.37597,5.24097],[-9.37625,5.24097],[-9.37625,5.24125],[-9.37681,5.24125],[-9.37681,5.24153],[-9.37708,5.24153],[-9.37708,5.24181],[-9.37764,5.24181],[-9.37764,5.24208],[-9.37792,5.24208],[-9.37792,5.24236],[-9.37903,5.24236],[-9.37903,5.24264],[-9.37931,5.24264],[-9.37931,5.24292],[-9.37958,5.24292],[-9.37958,5.24319],[-9.38042,5.24319],[-9.38042,5.24347],[-9.38069,5.24347],[-9.38069,5.24375],[-9.38152,5.24375],[-9.38152,5.24606],[-9.36726,5.24606],[-9.36726,5.23181]]]},"properties":{"region":"Sinoe","district":"Butaw","floods_1m":1,"floods_2m":1,"floods_3m":1,"first_flood_m":1,"nests":true}},{"type":"Feature","geometry":{"type":"Polygon","coordinates":[[[-9.12487,5.06236],[-9.12503,5.06236],[-9.12542,5.06236],[-9.12542,5.06264],[-9.12556,5.06264],[-9.1257,5.06264],[-9.1257,5.06292],[-9.12597,5.06292],[-9.12597,5.0632],[-9.12625,5.0632],[-9.12625,5.06347],[-9.12653,5.06347],[-9.12653,5.06375],[-9.12764,5.06375],[-9.12764,5.06403],[-9.1282,5.06403],[-9.1282,5.06431],[-9.12847,5.06431],[-9.12847,5.06458],[-9.12903,5.06458],[-9.12903,5.06514],[-9.13014,5.06514],[-9.13014,5.06542],[-9.13042,5.06542],[-9.13042,5.06569],[-9.13097,5.06569],[-9.13097,5.06597],[-9.13208,5.06597],[-9.13208,5.06625],[-9.13319,5.06625],[-9.13319,5.06653],[-9.13403,5.06653],[-9.13403,5.0668],[-9.13514,5.0668],[-9.13514,5.06708],[-9.13597,5.06708],[-9.13597,5.06736],[-9.13625,5.06736],[-9.13625,5.06764],[-9.13736,5.06764],[-9.13736,5.06792],[-9.13819,5.06792],[-9.13819,5.06819],[-9.13853,5.06819],[-9.13913,5.06819],[-9.13913,5.07497],[-9.12487,5.07497],[-9.12487,5.06236]]]},"properties":{"region":"Sinoe","district":"Butaw","floods_1m":1,"floods_2m":1,"floods_3m":1,"first_flood_m":1,"nests":true}},{"type":"Feature","geometry":{"type":"Polygon","coordinates":[[[-9.32448,5.24606],[-9.33874,5.24606],[-9.33874,5.24695],[-9.33874,5.26032],[-9.32448,5.26032],[-9.32448,5.24695],[-9.32448,5.24606]]]},"properties":{"region":"Sinoe","district":"Butaw","floods_1m":1,"floods_2m":1,"floods_3m":1,"first_flood_m":1,"nests":true}},{"type":"Feature","geometry":{"type":"Polygon","coordinates":[[[-9.31023,5.21755],[-9.32448,5.21755],[-9.32448,5.23181],[-9.31023,5.23181],[-9.31023,5.21755]]]},"properties":{"region":"Sinoe","district":"Butaw","floods_1m":1,"floods_2m":1,"floods_3m":1,"first_flood_m":1,"nests":true}},{"type":"Feature","geometry":{"type":"Polygon","coordinates":[[[-9.33874,5.21755],[-9.353,5.21755],[-9.353,5.23181],[-9.33874,5.23181],[-9.33874,5.21755]]]},"properties":{"region":"Sinoe","district":"Butaw","floods_1m":1,"floods_2m":1,"floods_3m":1,"first_flood_m":1,"nests":true}},{"type":"Feature","geometry":{"type":"Polygon","coordinates":[[[-9.33874,5.20375],[-9.33958,5.20375],[-9.33958,5.20403],[-9.33986,5.20403],[-9.33986,5.20431],[-9.34042,5.20431],[-9.34042,5.20458],[-9.34125,5.20458],[-9.34125,5.20486],[-9.34208,5.20486],[-9.34208,5.20514],[-9.34346,5.20514],[-9.34375,5.20514],[-9.34375,5.20542],[-9.34514,5.20542],[-9.34514,5.2057],[-9.34542,5.2057],[-9.34542,5.20597],[-9.34597,5.20597],[-9.34597,5.20625],[-9.34681,5.20625],[-9.34681,5.20653],[-9.34792,5.20653],[-9.34792,5.20681],[-9.34819,5.20681],[-9.34819,5.20736],[-9.34736,5.20736],[-9.34736,5.20708],[-9.34653,5.20708],[-9.34653,5.20736],[-9.34681,5.20736],[-9.34681,5.20792],[-9.34708,5.20792],[-9.34708,5.20847],[-9.34736,5.20847],[-9.34736,5.20903],[-9.34764,5.20903],[-9.34764,5.20958],[-9.34792,5.20958],[-9.34792,5.21014],[-9.34819,5.21014],[-9.34819,5.21069],[-9.34847,5.21069],[-9.34847,5.21097],[-9.34875,5.21097],[-9.34875,5.21125],[-9.34903,5.21125],[-9.34903,5.21153],[-9.34931,5.21153],[-9.34931,5.21181],[-9.34958,5.21181],[-9.34958,5.21236],[-9.35042,5.21236],[-9.35042,5.21264],[-9.35069,5.21264],[-9.35069,5.21236],[-9.35153,5.21236],[-9.35153,5.21264],[-9.35208,5.21264],[-9.35208,5.21292],[-9.35264,5.21292],[-9.35264,5.21319],[-9.353,5.21319],[-9.353,5.21755],[-9.33874,5.21755],[-9.33874,5.20375]]]},"properties":{"region":"Sinoe","district":"Butaw","floods_1m":1,"floods_2m":1,"floods_3m":1,"first_flood_m":1,"nests":true}},{"type":"Feature","geometry":{"type":"Polygon","coordinates":[[[-9.19616,5.10097],[-9.19616,5.09903],[-9.19653,5.09903],[-9.19653,5.09931],[-9.19736,5.09931],[-9.19736,5.09958],[-9.19764,5.09958],[-9.19764,5.09986],[-9.1982,5.09986],[-9.1982,5.10014],[-9.19875,5.10014],[-9.19875,5.10042],[-9.1993,5.10042],[-9.1993,5.1007],[-9.19958,5.1007],[-9.19958,5.10097],[-9.19986,5.10097],[-9.19986,5.10125],[-9.20014,5.10125],[-9.20014,5.10153],[-9.20042,5.10153],[-9.20042,5.10181],[-9.2007,5.10181],[-9.2007,5.10208],[-9.20097,5.10208],[-9.20097,5.10236],[-9.20125,5.10236],[-9.20125,5.10264],[-9.20153,5.10264],[-9.20153,5.10319],[-9.20181,5.10319],[-9.20181,5.10348],[-9.19792,5.10348],[-9.19792,5.10325],[-9.19792,5.10292],[-9.19764,5.10292],[-9.19764,5.10236],[-9.19736,5.10236],[-9.19736,5.10208],[-9.19708,5.10208],[-9.19708,5.10181],[-9.19681,5.10181],[-9.19681,5.10153],[-9.19653,5.10153],[-9.19653,5.10125],[-9.19625,5.10125],[-9.19625,5.10097],[-9.19616,5.10097]]]},"properties":{"region":"Sinoe","district":"Butaw","floods_1m":1,"floods_2m":1,"floods_3m":1,"first_flood_m":1,"nests":true}},{"type":"Feature","geometry":{"type":"Polygon","coordinates":[[[-9.26745,5.14626],[-9.28171,5.14626],[-9.28171,5.15653],[-9.28153,5.15653],[-9.28153,5.15708],[-9.28125,5.15708],[-9.28125,5.15736],[-9.28097,5.15736],[-9.28097,5.15792],[-9.28069,5.15792],[-9.28069,5.15847],[-9.28097,5.15847],[-9.28097,5.16051],[-9.28097,5.16052],[-9.26745,5.16052],[-9.26745,5.14626]]]},"properties":{"region":"Sinoe","district":"Butaw","floods_1m":0,"floods_2m":1,"floods_3m":0,"first_flood_m":2,"nests":false}},{"type":"Feature","geometry":{"type":"Polygon","coordinates":[[[-9.1819,5.10348],[-9.18236,5.10348],[-9.18236,5.10431],[-9.18264,5.10431],[-9.18264,5.10514],[-9.18292,5.10514],[-9.18292,5.10625],[-9.18319,5.10625],[-9.18319,5.10653],[-9.18347,5.10653],[-9.18347,5.10625],[-9.18375,5.10625],[-9.18375,5.10431],[-9.18403,5.10431],[-9.18403,5.10375],[-9.18431,5.10375],[-9.18431,5.10348],[-9.18542,5.10348],[-9.18542,5.10375],[-9.1857,5.10375],[-9.1857,5.10403],[-9.18653,5.10403],[-9.18653,5.10375],[-9.18681,5.10375],[-9.18681,5.10348],[-9.19569,5.10348],[-9.19569,5.10375],[-9.19597,5.10375],[-9.19597,5.10431],[-9.19616,5.10431],[-9.19616,5.11774],[-9.1819,5.11774],[-9.1819,5.10348]]]},"properties":{"region":"Sinoe","district":"Butaw","floods_1m":1,"floods_2m":1,"floods_3m":1,"first_flood_m":1,"nests":true}},{"type":"Feature","geometry":{"type":"Polygon","coordinates":[[[-9.15339,5.08923],[-9.16765,5.08923],[-9.16765,5.10348],[-9.15339,5.10348],[-9.15339,5.08923]]]},"properties":{"region":"Sinoe","district":"Butaw","floods_1m":1,"floods_2m":1,"floods_3m":1,"first_flood_m":1,"nests":true}},{"type":"Feature","geometry":{"type":"Polygon","coordinates":[[[-9.25319,5.12986],[-9.25375,5.12986],[-9.25375,5.13014],[-9.25597,5.13014],[-9.25597,5.13042],[-9.25653,5.13042],[-9.25653,5.13069],[-9.25708,5.13069],[-9.25708,5.13097],[-9.25736,5.13097],[-9.25736,5.13125],[-9.25764,5.13125],[-9.25764,5.132],[-9.25319,5.132],[-9.25319,5.12986]]]},"properties":{"region":"Sinoe","district":"Butaw","floods_1m":1,"floods_2m":1,"floods_3m":1,"first_flood_m":1,"nests":true}},{"type":"Feature","geometry":{"type":"Polygon","coordinates":[[[-9.21042,5.11347],[-9.21153,5.11347],[-9.21153,5.11375],[-9.21208,5.11375],[-9.21208,5.11403],[-9.21264,5.11403],[-9.21264,5.11431],[-9.2132,5.11431],[-9.2132,5.11458],[-9.21458,5.11458],[-9.21458,5.11486],[-9.21514,5.11486],[-9.21514,5.11514],[-9.21597,5.11514],[-9.21597,5.11542],[-9.21653,5.11542],[-9.21653,5.11569],[-9.21681,5.11569],[-9.21681,5.11597],[-9.21736,5.11597],[-9.21736,5.11625],[-9.21764,5.11625],[-9.21764,5.11653],[-9.21875,5.11653],[-9.21875,5.11625],[-9.21903,5.11625],[-9.21903,5.11653],[-9.21986,5.11653],[-9.21986,5.1168],[-9.22042,5.1168],[-9.22042,5.11708],[-9.22153,5.11708],[-9.22153,5.11736],[-9.22181,5.11736],[-9.22181,5.11708],[-9.22236,5.11708],[-9.22236,5.11736],[-9.22264,5.11736],[-9.22264,5.11764],[-9.22319,5.11764],[-9.22319,5.11774],[-9.21042,5.11774],[-9.21042,5.11347]]]},"properties":{"region":"Sinoe","district":"Butaw","floods_1m":1,"floods_2m":1,"floods_3m":1,"first_flood_m":1,"nests":true}},{"type":"Feature","geometry":{"type":"Polygon","coordinates":[[[-9.29597,5.20329],[-9.31023,5.20329],[-9.31023,5.21755],[-9.29597,5.21755],[-9.29597,5.20329]]]},"properties":{"region":"Sinoe","district":"Butaw","floods_1m":1,"floods_2m":1,"floods_3m":1,"first_flood_m":1,"nests":true}},{"type":"Feature","geometry":{"type":"Polygon","coordinates":[[[-9.36726,5.22403],[-9.36736,5.22403],[-9.36736,5.22431],[-9.36764,5.22431],[-9.36764,5.22458],[-9.36792,5.22458],[-9.36792,5.22486],[-9.36847,5.22486],[-9.36847,5.22514],[-9.37042,5.22514],[-9.37042,5.22542],[-9.37069,5.22542],[-9.37069,5.2257],[-9.37125,5.2257],[-9.37125,5.22597],[-9.37181,5.22597],[-9.37181,5.22625],[-9.37264,5.22625],[-9.37264,5.22653],[-9.37347,5.22653],[-9.37347,5.22681],[-9.37431,5.22681],[-9.37431,5.22708],[-9.37569,5.22708],[-9.37569,5.22736],[-9.37597,5.22736],[-9.37597,5.22792],[-9.37625,5.22792],[-9.37625,5.2282],[-9.37653,5.2282],[-9.37653,5.22875],[-9.37681,5.22875],[-9.37681,5.22986],[-9.37708,5.22986],[-9.37708,5.23014],[-9.37736,5.23014],[-9.37736,5.23097],[-9.37708,5.23097],[-9.37708,5.23125],[-9.37653,5.23125],[-9.37653,5.23069],[-9.37625,5.23069],[-9.37625,5.23042],[-9.37597,5.23042],[-9.37597,5.23014],[-9.37431,5.23014],[-9.37431,5.23042],[-9.37403,5.23042],[-9.37403,5.23069],[-9.37347,5.23069],[-9.37347,5.23125],[-9.3732,5.23125],[-9.3732,5.23181],[-9.36726,5.23181],[-9.36726,5.22403]]]},"properties":{"region":"Sinoe","district":"Butaw","floods_1m":1,"floods_2m":1,"floods_3m":1,"first_flood_m":1,"nests":true}},{"type":"Feature","geometry":{"type":"Polygon","coordinates":[[[-9.16765,5.08014],[-9.16847,5.08014],[-9.16847,5.08042],[-9.16903,5.08042],[-9.16958,5.08042],[-9.16958,5.08069],[-9.17042,5.08069],[-9.17042,5.08097],[-9.1707,5.08097],[-9.1707,5.08153],[-9.17097,5.08153],[-9.17097,5.08164],[-9.17097,5.08264],[-9.17125,5.08264],[-9.17125,5.08319],[-9.17153,5.08319],[-9.17153,5.08375],[-9.1718,5.08375],[-9.1718,5.08403],[-9.17208,5.08403],[-9.17208,5.08431],[-9.17236,5.08431],[-9.17236,5.08458],[-9.17264,5.08458],[-9.17264,5.08486],[-9.17292,5.08486],[-9.17292,5.08514],[-9.17347,5.08514],[-9.17347,5.08542],[-9.17403,5.08542],[-9.17403,5.08597],[-9.17458,5.08597],[-9.17458,5.08625],[-9.17486,5.08625],[-9.17486,5.08653],[-9.1757,5.08653],[-9.1757,5.08681],[-9.17597,5.08681],[-9.17597,5.08708],[-9.17625,5.08708],[-9.17625,5.08736],[-9.17653,5.08736],[-9.17653,5.08764],[-9.17708,5.08764],[-9.17708,5.08792],[-9.17736,5.08792],[-9.17736,5.08819],[-9.17764,5.08819],[-9.17764,5.08847],[-9.17819,5.08847],[-9.17819,5.08875],[-9.17847,5.08875],[-9.17847,5.08903],[-9.17875,5.08903],[-9.17875,5.08923],[-9.16765,5.08923],[-9.16765,5.08014]]]},"properties":{"region":"Sinoe","district":"Butaw","floods_1m":1,"floods_2m":1,"floods_3m":1,"first_flood_m":1,"nests":true}},{"type":"Feature","geometry":{"type":"MultiPolygon","coordinates":[[[[-9.28171,5.16931],[-9.28208,5.1693],[-9.28208,5.16903],[-9.28236,5.16903],[-9.28236,5.16847],[-9.28264,5.16847],[-9.28264,5.16792],[-9.28292,5.16792],[-9.28292,5.16698],[-9.28292,5.16681],[-9.28319,5.16681],[-9.28319,5.16514],[-9.28292,5.16514],[-9.28292,5.16486],[-9.28264,5.16486],[-9.28264,5.16292],[-9.28236,5.16292],[-9.28236,5.16264],[-9.28208,5.16264],[-9.28208,5.16125],[-9.28236,5.16125],[-9.28236,5.16052],[-9.28375,5.16052],[-9.28375,5.16069],[-9.28347,5.16069],[-9.28347,5.16375],[-9.28319,5.16375],[-9.28319,5.16486],[-9.28347,5.16486],[-9.28347,5.16708],[-9.28375,5.16708],[-9.28375,5.16792],[-9.28403,5.16792],[-9.28403,5.16828],[-9.28403,5.16903],[-9.2843,5.16903],[-9.2843,5.1693],[-9.28458,5.16931],[-9.28458,5.17097],[-9.28514,5.17097],[-9.28514,5.17125],[-9.28542,5.17125],[-9.28542,5.17153],[-9.2857,5.17153],[-9.2857,5.17208],[-9.28597,5.17208],[-9.28597,5.17292],[-9.28625,5.17292],[-9.28625,5.17347],[-9.28653,5.17347],[-9.28653,5.17375],[-9.28708,5.17375],[-9.28708,5.1743],[-9.28736,5.1743],[-9.28736,5.17458],[-9.28764,5.17458],[-9.28764,5.17477],[-9.28171,5.17477],[-9.28171,5.16931]]],[[[-9.28171,5.16458],[-9.28181,5.16458],[-9.28181,5.16514],[-9.28208,5.16514],[-9.28208,5.16542],[-9.28236,5.16542],[-9.28236,5.16649],[-9.28236,5.16708],[-9.28208,5.16708],[-9.28208,5.16764],[-9.28181,5.16764],[-9.28181,5.16819],[-9.28171,5.16819],[-9.28171,5.16458]]]]},"properties":{"region":"Sinoe","district":"Butaw","floods_1m":1,"floods_2m":1,"floods_3m":1,"first_flood_m":1,"nests":true}},{"type":"Feature","geometry":{"type":"Polygon","coordinates":[[[-9.31023,5.19069],[-9.31042,5.19069],[-9.31042,5.19097],[-9.31097,5.19097],[-9.31097,5.19125],[-9.31153,5.19125],[-9.31153,5.19181],[-9.3118,5.19181],[-9.3118,5.19153],[-9.31208,5.19153],[-9.31208,5.19181],[-9.31264,5.19181],[-9.31264,5.19208],[-9.3132,5.19208],[-9.3132,5.19236],[-9.31347,5.19236],[-9.31347,5.19264],[-9.31403,5.19264],[-9.31403,5.19236],[-9.31431,5.19236],[-9.31431,5.19264],[-9.31514,5.19264],[-9.31514,5.19292],[-9.31542,5.19292],[-9.31542,5.19319],[-9.31625,5.19319],[-9.31625,5.19347],[-9.31653,5.19347],[-9.31653,5.19375],[-9.31708,5.19375],[-9.31708,5.19403],[-9.31792,5.19403],[-9.31792,5.19431],[-9.31875,5.19431],[-9.31875,5.19458],[-9.31958,5.19458],[-9.31958,5.19486],[-9.32014,5.19486],[-9.32014,5.19514],[-9.32069,5.19514],[-9.32069,5.19542],[-9.32125,5.19542],[-9.32125,5.19569],[-9.32153,5.19569],[-9.32153,5.19597],[-9.32181,5.19597],[-9.32181,5.19625],[-9.32236,5.19625],[-9.32236,5.19653],[-9.32264,5.19653],[-9.32264,5.1968],[-9.32319,5.1968],[-9.32319,5.19708],[-9.32448,5.19708],[-9.32448,5.20329],[-9.31023,5.20329],[-9.31023,5.19069]]]},"properties":{"region":"Sinoe","district":"Butaw","floods_1m":1,"floods_2m":1,"floods_3m":1,"first_flood_m":1,"nests":true}},{"type":"Feature","geometry":{"type":"Polygon","coordinates":[[[-9.26745,5.18903],[-9.28171,5.18903],[-9.28171,5.20329],[-9.26745,5.20329],[-9.26745,5.18903]]]},"properties":{"region":"Sinoe","district":"Butaw","floods_1m":1,"floods_2m":1,"floods_3m":1,"first_flood_m":1,"nests":true}},{"type":"Feature","geometry":{"type":"Polygon","coordinates":[[[-9.25319,5.14626],[-9.26745,5.14626],[-9.26745,5.16052],[-9.25319,5.16052],[-9.25319,5.14626]]]},"properties":{"region":"Sinoe","district":"Butaw","floods_1m":1,"floods_2m":1,"floods_3m":1,"first_flood_m":1,"nests":true}},{"type":"Feature","geometry":{"type":"Polygon","coordinates":[[[-9.29597,5.24606],[-9.31023,5.24606],[-9.31023,5.24695],[-9.31023,5.26032],[-9.29597,5.26032],[-9.29597,5.24695],[-9.29597,5.24606]]]},"properties":{"region":"Sinoe","district":"Butaw","floods_1m":1,"floods_2m":1,"floods_3m":1,"first_flood_m":1,"nests":true}},{"type":"Feature","geometry":{"type":"Polygon","coordinates":[[[-9.32448,5.20329],[-9.33708,5.20329],[-9.33708,5.20347],[-9.33736,5.20347],[-9.33736,5.20375],[-9.33874,5.20375],[-9.33874,5.21755],[-9.32448,5.21755],[-9.32448,5.20329]]]},"properties":{"region":"Sinoe","district":"Butaw","floods_1m":1,"floods_2m":1,"floods_3m":1,"first_flood_m":1,"nests":true}},{"type":"Feature","geometry":{"type":"Polygon","coordinates":[[[-9.22468,5.11847],[-9.22486,5.11847],[-9.22486,5.11875],[-9.22569,5.11875],[-9.22569,5.11903],[-9.22653,5.11903],[-9.22653,5.11931],[-9.2268,5.11931],[-9.2268,5.11958],[-9.22736,5.11958],[-9.22736,5.11986],[-9.22764,5.11986],[-9.22764,5.12014],[-9.22986,5.12014],[-9.22986,5.12042],[-9.23042,5.12042],[-9.23042,5.1207],[-9.23069,5.1207],[-9.23069,5.12097],[-9.23097,5.12097],[-9.23097,5.12125],[-9.23208,5.12125],[-9.23208,5.12153],[-9.23236,5.12153],[-9.23236,5.12181],[-9.23292,5.12181],[-9.23292,5.12208],[-9.23347,5.12208],[-9.23347,5.12236],[-9.23403,5.12236],[-9.23403,5.12264],[-9.23431,5.12264],[-9.23431,5.12292],[-9.23514,5.12292],[-9.23514,5.12264],[-9.23542,5.12264],[-9.23542,5.12292],[-9.23597,5.12292],[-9.23597,5.1232],[-9.23625,5.1232],[-9.23625,5.12375],[-9.2368,5.12375],[-9.2368,5.12403],[-9.23736,5.12403],[-9.23736,5.1243],[-9.23819,5.1243],[-9.23819,5.12458],[-9.23847,5.12458],[-9.23847,5.12486],[-9.23894,5.12486],[-9.23894,5.132],[-9.22468,5.132],[-9.22468,5.11847]]]},"properties":{"region":"Sinoe","district":"Butaw","floods_1m":1,"floods_2m":1,"floods_3m":1,"first_flood_m":1,"nests":true}},{"type":"Feature","geometry":{"type":"Polygon","coordinates":[[[-9.25319,5.132],[-9.25764,5.132],[-9.25764,5.13208],[-9.25792,5.13208],[-9.25792,5.13236],[-9.25819,5.13236],[-9.25819,5.13264],[-9.25847,5.13264],[-9.25847,5.13292],[-9.25875,5.13292],[-9.25875,5.13319],[-9.25903,5.13319],[-9.25903,5.13375],[-9.25931,5.13375],[-9.25931,5.13431],[-9.25958,5.13431],[-9.25958,5.13458],[-9.26014,5.13458],[-9.26014,5.13514],[-9.2607,5.13514],[-9.2607,5.13542],[-9.26097,5.13542],[-9.26097,5.13569],[-9.26125,5.13569],[-9.26125,5.13597],[-9.26153,5.13597],[-9.26153,5.13625],[-9.2618,5.13625],[-9.2618,5.13653],[-9.26236,5.13653],[-9.26236,5.13681],[-9.26319,5.13681],[-9.26319,5.13708],[-9.26431,5.13708],[-9.26431,5.13736],[-9.26458,5.13736],[-9.26458,5.13764],[-9.26486,5.13764],[-9.26486,5.13792],[-9.26597,5.13792],[-9.26597,5.13819],[-9.26653,5.13819],[-9.26653,5.13847],[-9.26708,5.13847],[-9.26708,5.13875],[-9.26745,5.13875],[-9.26745,5.14626],[-9.25319,5.14626],[-9.25319,5.132]]]},"properties":{"region":"Sinoe","district":"Butaw","floods_1m":1,"floods_2m":1,"floods_3m":1,"first_flood_m":1,"nests":true}},{"type":"Feature","geometry":{"type":"Polygon","coordinates":[[[-9.32448,5.23181],[-9.33874,5.23181],[-9.33874,5.24606],[-9.32448,5.24606],[-9.32448,5.23181]]]},"properties":{"region":"Sinoe","district":"Butaw","floods_1m":1,"floods_2m":1,"floods_3m":1,"first_flood_m":1,"nests":true}},{"type":"Feature","geometry":{"type":"Polygon","coordinates":[[[-9.29597,5.18903],[-9.30708,5.18903],[-9.30708,5.18931],[-9.30736,5.18931],[-9.30736,5.18958],[-9.3082,5.18958],[-9.3082,5.18986],[-9.30847,5.18986],[-9.30847,5.19042],[-9.30903,5.19042],[-9.30903,5.19069],[-9.31023,5.19069],[-9.31023,5.20329],[-9.29597,5.20329],[-9.29597,5.18903]]]},"properties":{"region":"Sinoe","district":"Butaw","floods_1m":1,"floods_2m":1,"floods_3m":1,"first_flood_m":1,"nests":true}},{"type":"Feature","geometry":{"type":"Polygon","coordinates":[[[-9.32448,5.21755],[-9.33874,5.21755],[-9.33874,5.23181],[-9.32448,5.23181],[-9.32448,5.21755]]]},"properties":{"region":"Sinoe","district":"Butaw","floods_1m":1,"floods_2m":1,"floods_3m":1,"first_flood_m":1,"nests":true}},{"type":"Feature","geometry":{"type":"Polygon","coordinates":[[[-9.353,5.21755],[-9.35986,5.21755],[-9.35986,5.21764],[-9.36153,5.21764],[-9.36153,5.21792],[-9.36181,5.21792],[-9.36181,5.21819],[-9.36264,5.21819],[-9.36264,5.21847],[-9.36292,5.21847],[-9.36292,5.21875],[-9.3632,5.21875],[-9.3632,5.21903],[-9.36347,5.21903],[-9.36347,5.21931],[-9.36375,5.21931],[-9.36375,5.21958],[-9.36403,5.21958],[-9.36403,5.21986],[-9.3643,5.21986],[-9.3643,5.22014],[-9.36458,5.22014],[-9.36458,5.22069],[-9.36486,5.22069],[-9.36486,5.22208],[-9.36514,5.22208],[-9.36514,5.22236],[-9.36569,5.22236],[-9.36569,5.22264],[-9.36597,5.22264],[-9.36597,5.22292],[-9.36625,5.22292],[-9.36625,5.2232],[-9.36653,5.2232],[-9.36653,5.22347],[-9.36681,5.22347],[-9.36681,5.22375],[-9.36708,5.22375],[-9.36708,5.22403],[-9.36726,5.22403],[-9.36726,5.23181],[-9.353,5.23181],[-9.353,5.21755]]]},"properties":{"region":"Sinoe","district":"Butaw","floods_1m":1,"floods_2m":1,"floods_3m":1,"first_flood_m":1,"nests":true}},{"type":"Feature","geometry":{"type":"Polygon","coordinates":[[[-9.25319,5.16052],[-9.26745,5.16052],[-9.26745,5.17477],[-9.25319,5.17477],[-9.25319,5.16052]]]},"properties":{"region":"Sinoe","district":"Butaw","floods_1m":1,"floods_2m":1,"floods_3m":1,"first_flood_m":1,"nests":true}},{"type":"Feature","geometry":{"type":"Polygon","coordinates":[[[-9.353,5.21319],[-9.35319,5.21319],[-9.35319,5.21347],[-9.35403,5.21347],[-9.35403,5.21375],[-9.35431,5.21375],[-9.35431,5.21403],[-9.35458,5.21403],[-9.35458,5.21431],[-9.35514,5.21431],[-9.35514,5.21458],[-9.35569,5.21458],[-9.35569,5.21486],[-9.35708,5.21486],[-9.35708,5.21514],[-9.35764,5.21514],[-9.35764,5.21542],[-9.35819,5.21542],[-9.35819,5.21597],[-9.35847,5.21597],[-9.35847,5.21625],[-9.35875,5.21625],[-9.35875,5.21653],[-9.35903,5.21653],[-9.35903,5.21681],[-9.3593,5.21681],[-9.3593,5.21708],[-9.35958,5.21708],[-9.35958,5.21736],[-9.35986,5.21736],[-9.35986,5.21755],[-9.353,5.21755],[-9.353,5.21319]]]},"properties":{"region":"Sinoe","district":"Butaw","floods_1m":1,"floods_2m":1,"floods_3m":1,"first_flood_m":1,"nests":true}},{"type":"Feature","geometry":{"type":"Polygon","coordinates":[[[-9.16765,5.10348],[-9.1819,5.10348],[-9.1819,5.11774],[-9.16765,5.11774],[-9.16765,5.10348]]]},"properties":{"region":"Sinoe","district":"Butaw","floods_1m":1,"floods_2m":1,"floods_3m":1,"first_flood_m":1,"nests":true}},{"type":"Feature","geometry":{"type":"Polygon","coordinates":[[[-9.31023,5.23181],[-9.32448,5.23181],[-9.32448,5.24606],[-9.31023,5.24606],[-9.31023,5.23181]]]},"properties":{"region":"Sinoe","district":"Butaw","floods_1m":1,"floods_2m":1,"floods_3m":1,"first_flood_m":1,"nests":true}},{"type":"Feature","geometry":{"type":"Polygon","coordinates":[[[-9.22468,5.16052],[-9.23894,5.16052],[-9.23894,5.17477],[-9.22468,5.17477],[-9.22468,5.16052]]]},"properties":{"region":"Sinoe","district":"Butaw","floods_1m":1,"floods_2m":1,"floods_3m":1,"first_flood_m":1,"nests":true}},{"type":"Feature","geometry":{"type":"Polygon","coordinates":[[[-9.23894,5.17477],[-9.25319,5.17477],[-9.25319,5.18903],[-9.23894,5.18903],[-9.23894,5.17477]]]},"properties":{"region":"Sinoe","district":"Butaw","floods_1m":1,"floods_2m":1,"floods_3m":1,"first_flood_m":1,"nests":true}},{"type":"Feature","geometry":{"type":"MultiPolygon","coordinates":[[[[-9.28375,5.16052],[-9.28236,5.16052],[-9.28236,5.15792],[-9.28264,5.15792],[-9.28264,5.15736],[-9.28292,5.15736],[-9.28292,5.15681],[-9.28319,5.15681],[-9.28319,5.15653],[-9.28347,5.15653],[-9.28347,5.15625],[-9.28375,5.15625],[-9.28375,5.15597],[-9.2843,5.15597],[-9.2843,5.1557],[-9.28458,5.1557],[-9.28458,5.15542],[-9.2857,5.15542],[-9.2857,5.15736],[-9.28542,5.15736],[-9.28542,5.15792],[-9.28514,5.15792],[-9.28514,5.15819],[-9.28486,5.15819],[-9.28486,5.15847],[-9.28458,5.15847],[-9.28458,5.15875],[-9.2843,5.15875],[-9.2843,5.15958],[-9.28403,5.15958],[-9.28403,5.15986],[-9.28375,5.15986],[-9.28375,5.16052]]],[[[-9.28171,5.14626],[-9.28681,5.14626],[-9.28681,5.14653],[-9.28819,5.14653],[-9.28819,5.1468],[-9.28903,5.1468],[-9.28903,5.14708],[-9.28986,5.14708],[-9.28986,5.14736],[-9.29014,5.14736],[-9.29014,5.14764],[-9.29097,5.14764],[-9.29097,5.14792],[-9.29153,5.14792],[-9.29153,5.14847],[-9.29208,5.14847],[-9.29208,5.14875],[-9.2932,5.14875],[-9.2932,5.14903],[-9.29403,5.14903],[-9.29403,5.1493],[-9.29458,5.1493],[-9.29458,5.14958],[-9.29514,5.14958],[-9.29514,5.15014],[-9.29542,5.15014],[-9.29542,5.15069],[-9.29597,5.15069],[-9.29597,5.15347],[-9.29569,5.15347],[-9.29569,5.15208],[-9.29542,5.15208],[-9.29542,5.1518],[-9.29486,5.1518],[-9.29486,5.15153],[-9.29292,5.15153],[-9.29292,5.1518],[-9.29181,5.1518],[-9.29181,5.15208],[-9.29153,5.15208],[-9.29153,5.15236],[-9.29125,5.15236],[-9.29125,5.15264],[-9.29069,5.15264],[-9.29069,5.15292],[-9.29042,5.15292],[-9.29042,5.15319],[-9.28986,5.15319],[-9.28986,5.15347],[-9.28958,5.15347],[-9.28958,5.15375],[-9.2893,5.15375],[-9.2893,5.15403],[-9.28903,5.15403],[-9.28903,5.1543],[-9.28875,5.1543],[-9.28875,5.15458],[-9.28847,5.15458],[-9.28847,5.15486],[-9.28819,5.15486],[-9.28819,5.15542],[-9.28792,5.15542],[-9.28792,5.15514],[-9.28764,5.15514],[-9.28764,5.15486],[-9.28736,5.15486],[-9.28736,5.15458],[-9.28708,5.15458],[-9.28708,5.1543],[-9.28625,5.1543],[-9.28625,5.15319],[-9.28653,5.15319],[-9.28653,5.15264],[-9.28625,5.15264],[-9.28625,5.15236],[-9.2857,5.15236],[-9.2857,5.15264],[-9.28542,5.15264],[-9.28542,5.15292],[-9.28514,5.15292],[-9.28514,5.15319],[-9.28486,5.15319],[-9.28486,5.15375],[-9.28458,5.15375],[-9.28458,5.15403],[-9.28403,5.15403],[-9.28403,5.1543],[-9.28375,5.1543],[-9.28375,5.15458],[-9.28347,5.15458],[-9.28347,5.15486],[-9.28319,5.15486],[-9.28319,5.15514],[-9.28292,5.15514],[-9.28292,5.15542],[-9.28264,5.15542],[-9.28264,5.1557],[-9.28236,5.1557],[-9.28236,5.15597],[-9.28208,5.15597],[-9.28208,5.15625],[-9.28192,5.15625],[-9.28181,5.15625],[-9.28181,5.15653],[-9.28171,5.15653],[-9.28171,5.14626]]]]},"properties":{"region":"Sinoe","district":"Butaw","floods_1m":1,"floods_2m":1,"floods_3m":1,"first_flood_m":1,"nests":true}},{"type":"Feature","geometry":{"type":"Polygon","coordinates":[[[-9.16765,5.08923],[-9.17875,5.08923],[-9.17875,5.0893],[-9.17931,5.0893],[-9.17931,5.08958],[-9.18014,5.08958],[-9.18014,5.08986],[-9.18069,5.08986],[-9.18069,5.09014],[-9.18125,5.09014],[-9.18125,5.09042],[-9.1818,5.09042],[-9.1818,5.09069],[-9.1819,5.09069],[-9.1819,5.10348],[-9.16765,5.10348],[-9.16765,5.08923]]]},"properties":{"region":"Sinoe","district":"Butaw","floods_1m":1,"floods_2m":1,"floods_3m":1,"first_flood_m":1,"nests":true}},{"type":"Feature","geometry":{"type":"MultiPolygon","coordinates":[[[[-9.19616,5.10431],[-9.19625,5.10431],[-9.19625,5.10486],[-9.19653,5.10486],[-9.19653,5.10514],[-9.19708,5.10514],[-9.19708,5.10597],[-9.19736,5.10597],[-9.19736,5.10625],[-9.19764,5.10625],[-9.19764,5.10653],[-9.1982,5.10653],[-9.1982,5.10681],[-9.1993,5.10681],[-9.1993,5.10653],[-9.2007,5.10653],[-9.2007,5.10625],[-9.20125,5.10625],[-9.20125,5.10653],[-9.20181,5.10653],[-9.20181,5.10681],[-9.20208,5.10681],[-9.20208,5.10736],[-9.20264,5.10736],[-9.20264,5.10764],[-9.20292,5.10764],[-9.20292,5.10792],[-9.20319,5.10792],[-9.20319,5.10819],[-9.20347,5.10819],[-9.20347,5.10847],[-9.20403,5.10847],[-9.20403,5.10903],[-9.2043,5.10903],[-9.2043,5.10958],[-9.20458,5.10958],[-9.20458,5.10986],[-9.20486,5.10986],[-9.20486,5.11014],[-9.20514,5.11014],[-9.20514,5.11042],[-9.2057,5.11042],[-9.2057,5.11069],[-9.20625,5.11069],[-9.20625,5.11097],[-9.20653,5.11097],[-9.20653,5.11125],[-9.20681,5.11125],[-9.20681,5.11153],[-9.20736,5.11153],[-9.20736,5.11181],[-9.20764,5.11181],[-9.20764,5.11208],[-9.20819,5.11208],[-9.20819,5.11236],[-9.20847,5.11236],[-9.20847,5.11264],[-9.20958,5.11264],[-9.20958,5.11292],[-9.20986,5.11292],[-9.20986,5.11319],[-9.21042,5.11319],[-9.21042,5.11347],[-9.21042,5.11347],[-9.21042,5.11774],[-9.19616,5.11774],[-9.19616,5.10431]]],[[[-9.19792,5.10348],[-9.20181,5.10348],[-9.20181,5.10375],[-9.20208,5.10375],[-9.20208,5.10458],[-9.20236,5.10458],[-9.20236,5.10514],[-9.20125,5.10514],[-9.20125,5.10486],[-9.2003,5.10486],[-9.20014,5.10486],[-9.20014,5.10514],[-9.19792,5.10514],[-9.19792,5.10348]]]]},"properties":{"region":"Sinoe","district":"Butaw","floods_1m":1,"floods_2m":1,"floods_3m":1,"first_flood_m":1,"nests":true}},{"type":"Feature","geometry":{"type":"Polygon","coordinates":[[[-9.29597,5.26032],[-9.31023,5.26032],[-9.31023,5.27458],[-9.29597,5.27458],[-9.29597,5.26032]]]},"properties":{"region":"Sinoe","district":"Butaw","floods_1m":1,"floods_2m":1,"floods_3m":1,"first_flood_m":1,"nests":true}},{"type":"Feature","geometry":{"type":"Polygon","coordinates":[[[-9.23894,5.14626],[-9.25319,5.14626],[-9.25319,5.16052],[-9.23894,5.16052],[-9.23894,5.14626]]]},"properties":{"region":"Sinoe","district":"Butaw","floods_1m":1,"floods_2m":1,"floods_3m":1,"first_flood_m":1,"nests":true}},{"type":"Feature","geometry":{"type":"Polygon","coordinates":[[[-9.23894,5.16052],[-9.25319,5.16052],[-9.25319,5.17477],[-9.23894,5.17477],[-9.23894,5.16052]]]},"properties":{"region":"Sinoe","district":"Butaw","floods_1m":1,"floods_2m":1,"floods_3m":1,"first_flood_m":1,"nests":true}},{"type":"Feature","geometry":{"type":"Polygon","coordinates":[[[-9.26745,5.13875],[-9.26819,5.13875],[-9.26819,5.13903],[-9.26875,5.13903],[-9.26875,5.13931],[-9.26986,5.13931],[-9.26986,5.13958],[-9.27014,5.13958],[-9.27014,5.13931],[-9.27042,5.13931],[-9.27042,5.13958],[-9.27069,5.13958],[-9.27069,5.13986],[-9.27125,5.13986],[-9.27125,5.14014],[-9.27208,5.14014],[-9.27208,5.14042],[-9.27236,5.14042],[-9.27236,5.14069],[-9.27264,5.14069],[-9.27264,5.14097],[-9.27431,5.14097],[-9.27431,5.14125],[-9.27514,5.14125],[-9.27514,5.14153],[-9.27597,5.14153],[-9.27597,5.14181],[-9.27653,5.14181],[-9.27653,5.14208],[-9.27736,5.14208],[-9.27736,5.14236],[-9.27792,5.14236],[-9.27792,5.14264],[-9.27903,5.14264],[-9.27903,5.14292],[-9.2793,5.14292],[-9.2793,5.14264],[-9.27958,5.14264],[-9.27958,5.14292],[-9.27986,5.14292],[-9.27986,5.1432],[-9.28014,5.1432],[-9.28014,5.14347],[-9.28097,5.14347],[-9.28097,5.14375],[-9.28153,5.14375],[-9.28153,5.14403],[-9.28171,5.14403],[-9.28171,5.14626],[-9.26745,5.14626],[-9.26745,5.13875]]]},"properties":{"region":"Sinoe","district":"Butaw","floods_1m":1,"floods_2m":1,"floods_3m":1,"first_flood_m":1,"nests":true}},{"type":"Feature","geometry":{"type":"Polygon","coordinates":[[[-9.21042,5.16052],[-9.22468,5.16052],[-9.22468,5.17477],[-9.21042,5.17477],[-9.21042,5.16052]]]},"properties":{"region":"Sinoe","district":"Butaw","floods_1m":1,"floods_2m":1,"floods_3m":1,"first_flood_m":1,"nests":true}},{"type":"Feature","geometry":{"type":"MultiPolygon","coordinates":[[[[-9.1819,5.09069],[-9.18236,5.09069],[-9.18236,5.09097],[-9.18292,5.09097],[-9.18292,5.09125],[-9.1836,5.09125],[-9.18403,5.09125],[-9.18403,5.0917],[-9.18408,5.09176],[-9.18431,5.0918],[-9.18431,5.092],[-9.18431,5.09208],[-9.18458,5.09208],[-9.18458,5.09231],[-9.18458,5.09264],[-9.18486,5.09264],[-9.18486,5.09292],[-9.18516,5.09292],[-9.18542,5.09292],[-9.18542,5.09319],[-9.1857,5.09319],[-9.1857,5.09347],[-9.18653,5.09347],[-9.18653,5.09375],[-9.18708,5.09375],[-9.18708,5.09403],[-9.18792,5.09403],[-9.18792,5.09431],[-9.18819,5.09431],[-9.18819,5.09458],[-9.18903,5.09458],[-9.18903,5.09486],[-9.18931,5.09486],[-9.18931,5.09514],[-9.19014,5.09514],[-9.19014,5.09542],[-9.19069,5.09542],[-9.19069,5.0957],[-9.19125,5.0957],[-9.19125,5.09597],[-9.19208,5.09597],[-9.19208,5.09625],[-9.19236,5.09625],[-9.19236,5.09653],[-9.19264,5.09653],[-9.19264,5.09681],[-9.19319,5.09681],[-9.19319,5.09708],[-9.19375,5.09708],[-9.19375,5.09736],[-9.19403,5.09736],[-9.19403,5.09764],[-9.19458,5.09764],[-9.19458,5.09792],[-9.19569,5.09792],[-9.19569,5.0982],[-9.19597,5.0982],[-9.19597,5.09903],[-9.19616,5.09903],[-9.19616,5.10097],[-9.19597,5.10097],[-9.19597,5.1007],[-9.19569,5.10069],[-9.19569,5.10042],[-9.19542,5.10042],[-9.19542,5.10014],[-9.19486,5.10014],[-9.19486,5.09986],[-9.19431,5.09986],[-9.19431,5.09958],[-9.19375,5.09958],[-9.19375,5.09931],[-9.19347,5.09931],[-9.19347,5.09903],[-9.19292,5.09903],[-9.19292,5.09875],[-9.19264,5.09875],[-9.19264,5.09847],[-9.19208,5.09847],[-9.19208,5.0982],[-9.19153,5.0982],[-9.19153,5.09792],[-9.19125,5.09792],[-9.19125,5.09764],[-9.18986,5.09764],[-9.18986,5.09781],[-9.18986,5.09792],[-9.18931,5.09792],[-9.18931,5.0982],[-9.18903,5.0982],[-9.18903,5.09847],[-9.18875,5.09847],[-9.18875,5.09903],[-9.18847,5.09903],[-9.18847,5.09931],[-9.18819,5.09931],[-9.18819,5.09986],[-9.18792,5.09986],[-9.18792,5.10069],[-9.18764,5.1007],[-9.18764,5.10125],[-9.18736,5.10125],[-9.18736,5.10181],[-9.18708,5.10181],[-9.18708,5.10208],[-9.18681,5.10208],[-9.18681,5.10236],[-9.18653,5.10236],[-9.18653,5.10264],[-9.1857,5.10264],[-9.1857,5.10292],[-9.18542,5.10292],[-9.18542,5.10264],[-9.18458,5.10264],[-9.18458,5.10236],[-9.18375,5.10236],[-9.18375,5.10264],[-9.18319,5.10264],[-9.18319,5.10292],[-9.18264,5.10292],[-9.18264,5.10319],[-9.18236,5.10319],[-9.18236,5.10348],[-9.1819,5.10348],[-9.1819,5.09069]]],[[[-9.18542,5.10348],[-9.18431,5.10348],[-9.18431,5.10347],[-9.18542,5.10347],[-9.18542,5.10348]]],[[[-9.19569,5.10348],[-9.18681,5.10348],[-9.18681,5.10347],[-9.18708,5.10347],[-9.18708,5.10319],[-9.18736,5.10319],[-9.18736,5.10264],[-9.18764,5.10264],[-9.18764,5.10236],[-9.18792,5.10236],[-9.18792,5.10208],[-9.18819,5.10208],[-9.18819,5.10181],[-9.18847,5.10181],[-9.18847,5.10153],[-9.18875,5.10153],[-9.18875,5.10125],[-9.18903,5.10125],[-9.18903,5.1007],[-9.18931,5.1007],[-9.18931,5.10042],[-9.18958,5.10042],[-9.18958,5.10014],[-9.18986,5.10014],[-9.18986,5.09958],[-9.19069,5.09958],[-9.19069,5.09931],[-9.19208,5.09931],[-9.19236,5.09931],[-9.19236,5.09958],[-9.19249,5.09958],[-9.19264,5.09958],[-9.19264,5.09986],[-9.19292,5.09986],[-9.19292,5.10014],[-9.19319,5.10014],[-9.19319,5.10042],[-9.19347,5.10042],[-9.19347,5.1007],[-9.19375,5.1007],[-9.19375,5.10097],[-9.19403,5.10097],[-9.19403,5.10153],[-9.19458,5.10153],[-9.19458,5.10236],[-9.19514,5.10236],[-9.19514,5.10292],[-9.19542,5.10292],[-9.19542,5.10319],[-9.19569,5.10319],[-9.19569,5.10348]]]]},"properties":{"region":"Sinoe","district":"Butaw","floods_1m":1,"floods_2m":1,"floods_3m":1,"first_flood_m":1,"nests":true}},{"type":"Feature","geometry":{"type":"Polygon","coordinates":[[[-8.72565,4.87536],[-8.73991,4.87536],[-8.73991,4.88961],[-8.72565,4.88961],[-8.72565,4.87536]]]},"properties":{"region":"Sinoe","district":"Dugbe River","floods_1m":1,"floods_2m":1,"floods_3m":1,"first_flood_m":1,"nests":true}},{"type":"Feature","geometry":{"type":"Polygon","coordinates":[[[-8.66862,4.8031],[-8.67047,4.79978],[-8.67117,4.79847],[-8.67125,4.79847],[-8.67125,4.79875],[-8.67153,4.79875],[-8.67153,4.79903],[-8.67181,4.79903],[-8.67181,4.7993],[-8.67208,4.7993],[-8.67208,4.79958],[-8.67264,4.79958],[-8.67264,4.79986],[-8.67403,4.79986],[-8.67403,4.80014],[-8.67486,4.80014],[-8.67486,4.80029],[-8.67486,4.80042],[-8.67514,4.80042],[-8.67514,4.80069],[-8.67542,4.80069],[-8.67542,4.80042],[-8.67569,4.80042],[-8.67569,4.80069],[-8.67681,4.80069],[-8.67681,4.80097],[-8.67931,4.80097],[-8.67931,4.80125],[-8.68125,4.80125],[-8.68125,4.80153],[-8.68181,4.80153],[-8.68181,4.80181],[-8.68236,4.80181],[-8.68236,4.80208],[-8.68264,4.80208],[-8.68264,4.80181],[-8.68288,4.80181],[-8.68288,4.80407],[-8.66862,4.80407],[-8.66862,4.8031]]]},"properties":{"region":"Sinoe","district":"Dugbe River","floods_1m":1,"floods_2m":1,"floods_3m":1,"first_flood_m":1,"nests":true}},{"type":"Feature","geometry":{"type":"Polygon","coordinates":[[[-8.69713,4.87536],[-8.71139,4.87536],[-8.71139,4.88961],[-8.69713,4.88961],[-8.69713,4.87536]]]},"properties":{"region":"Sinoe","district":"Dugbe River","floods_1m":1,"floods_2m":1,"floods_3m":1,"first_flood_m":1,"nests":true}},{"type":"Feature","geometry":{"type":"Polygon","coordinates":[[[-8.78268,4.84847],[-8.78319,4.84847],[-8.78319,4.84875],[-8.78347,4.84875],[-8.78347,4.84903],[-8.78375,4.84903],[-8.78375,4.84931],[-8.78403,4.84931],[-8.78403,4.84947],[-8.78403,4.84958],[-8.78421,4.84958],[-8.78431,4.84958],[-8.78431,4.84986],[-8.78458,4.84986],[-8.78458,4.85014],[-8.78486,4.85014],[-8.78486,4.85042],[-8.78569,4.85042],[-8.78569,4.8507],[-8.78612,4.8507],[-8.78625,4.8507],[-8.78625,4.85097],[-8.7866,4.85097],[-8.78736,4.85097],[-8.78736,4.85125],[-8.78764,4.85125],[-8.78764,4.85153],[-8.78792,4.85153],[-8.78792,4.85181],[-8.78802,4.85181],[-8.78819,4.85181],[-8.78819,4.85208],[-8.78847,4.85208],[-8.78847,4.85236],[-8.78898,4.85236],[-8.78931,4.85236],[-8.78931,4.85264],[-8.78945,4.85264],[-8.78986,4.85264],[-8.78986,4.8532],[-8.79264,4.8532],[-8.79264,4.85292],[-8.79431,4.85292],[-8.79431,4.85347],[-8.79375,4.85347],[-8.79375,4.85375],[-8.79347,4.85375],[-8.79347,4.85403],[-8.79319,4.85403],[-8.79319,4.8543],[-8.79292,4.8543],[-8.79292,4.85458],[-8.79264,4.85458],[-8.79264,4.85486],[-8.79236,4.85486],[-8.79236,4.85653],[-8.79208,4.85653],[-8.79208,4.85708],[-8.79236,4.85708],[-8.79236,4.85792],[-8.79264,4.85792],[-8.79264,4.85847],[-8.79292,4.85847],[-8.79292,4.85903],[-8.79319,4.85903],[-8.79319,4.85958],[-8.79347,4.85958],[-8.79347,4.85986],[-8.79375,4.85986],[-8.79375,4.86014],[-8.79403,4.86014],[-8.79403,4.86042],[-8.79431,4.86042],[-8.79431,4.86097],[-8.79458,4.86097],[-8.79458,4.8611],[-8.78268,4.8611],[-8.78268,4.84847]]]},"properties":{"region":"Sinoe","district":"Dugbe River","floods_1m":1,"floods_2m":1,"floods_3m":1,"first_flood_m":1,"nests":true}},{"type":"Feature","geometry":{"type":"Polygon","coordinates":[[[-8.83971,4.91813],[-8.85397,4.91813],[-8.85397,4.93239],[-8.83971,4.93239],[-8.83971,4.91813]]]},"properties":{"region":"Sinoe","district":"Dugbe River","floods_1m":1,"floods_2m":1,"floods_3m":1,"first_flood_m":1,"nests":true}},{"type":"Feature","geometry":{"type":"Polygon","coordinates":[[[-8.76842,4.84208],[-8.76847,4.84208],[-8.76847,4.84236],[-8.76903,4.84236],[-8.76903,4.84264],[-8.76958,4.84264],[-8.76958,4.84292],[-8.77069,4.84292],[-8.77069,4.84319],[-8.77097,4.84319],[-8.77097,4.84347],[-8.77208,4.84347],[-8.77208,4.84375],[-8.77264,4.84375],[-8.77264,4.84403],[-8.77347,4.84403],[-8.77347,4.84431],[-8.77375,4.84431],[-8.77375,4.84458],[-8.77403,4.84458],[-8.77403,4.84486],[-8.77486,4.84486],[-8.77486,4.84514],[-8.77514,4.84514],[-8.77514,4.84542],[-8.77597,4.84542],[-8.77597,4.84569],[-8.7768,4.84569],[-8.7768,4.84597],[-8.77736,4.84597],[-8.77736,4.84625],[-8.77792,4.84625],[-8.77792,4.84653],[-8.7782,4.84653],[-8.7782,4.84681],[-8.77931,4.84681],[-8.77931,4.84684],[-8.76842,4.84684],[-8.76842,4.84208]]]},"properties":{"region":"Sinoe","district":"Dugbe River","floods_1m":1,"floods_2m":1,"floods_3m":1,"first_flood_m":1,"nests":true}},{"type":"Feature","geometry":{"type":"Polygon","coordinates":[[[-8.72565,4.83258],[-8.73347,4.83258],[-8.73347,4.83264],[-8.73486,4.83264],[-8.73486,4.83292],[-8.73514,4.83292],[-8.73514,4.83319],[-8.73542,4.83319],[-8.73542,4.83347],[-8.73708,4.83347],[-8.73708,4.83375],[-8.73736,4.83375],[-8.73736,4.83403],[-8.73875,4.83403],[-8.73875,4.83431],[-8.73991,4.83431],[-8.73991,4.84684],[-8.72565,4.84684],[-8.72565,4.83258]]]},"properties":{"region":"Sinoe","district":"Dugbe River","floods_1m":1,"floods_2m":1,"floods_3m":1,"first_flood_m":1,"nests":true}},{"type":"Feature","geometry":{"type":"Polygon","coordinates":[[[-8.78268,4.8611],[-8.79458,4.8611],[-8.79458,4.86153],[-8.79486,4.86153],[-8.79486,4.86181],[-8.79514,4.86181],[-8.79514,4.86236],[-8.7957,4.86236],[-8.7957,4.86264],[-8.79625,4.86264],[-8.79625,4.86319],[-8.79681,4.86319],[-8.79681,4.86347],[-8.79694,4.86347],[-8.79694,4.87536],[-8.78268,4.87536],[-8.78268,4.8611]]]},"properties":{"region":"Sinoe","district":"Dugbe River","floods_1m":1,"floods_2m":1,"floods_3m":1,"first_flood_m":1,"nests":true}},{"type":"Feature","geometry":{"type":"Polygon","coordinates":[[[-8.66808,4.80407],[-8.66862,4.80407],[-8.66862,4.81832],[-8.66011,4.81832],[-8.66808,4.80407]]]},"properties":{"region":"Sinoe","district":"Dugbe River","floods_1m":0,"floods_2m":1,"floods_3m":0,"first_flood_m":2,"nests":false}},{"type":"Feature","geometry":{"type":"Polygon","coordinates":[[[-8.68288,4.80407],[-8.69431,4.80407],[-8.69431,4.80431],[-8.69514,4.80431],[-8.69514,4.80458],[-8.69625,4.80458],[-8.69625,4.80486],[-8.69713,4.80486],[-8.69713,4.81832],[-8.68288,4.81832],[-8.68288,4.80407]]]},"properties":{"region":"Sinoe","district":"Dugbe River","floods_1m":1,"floods_2m":1,"floods_3m":1,"first_flood_m":1,"nests":true}},{"type":"Feature","geometry":{"type":"Polygon","coordinates":[[[-8.82546,4.88961],[-8.83069,4.88961],[-8.83069,4.88986],[-8.83181,4.88986],[-8.83181,4.89014],[-8.83208,4.89014],[-8.83208,4.89042],[-8.83292,4.89042],[-8.83292,4.89069],[-8.83347,4.89069],[-8.83347,4.89097],[-8.83431,4.89097],[-8.83431,4.89125],[-8.83458,4.89125],[-8.83458,4.89153],[-8.83514,4.89153],[-8.83514,4.89181],[-8.83542,4.89181],[-8.83542,4.89208],[-8.83569,4.89208],[-8.83569,4.89236],[-8.83653,4.89236],[-8.83653,4.89264],[-8.83681,4.89264],[-8.83681,4.89292],[-8.83736,4.89292],[-8.83736,4.89319],[-8.83764,4.89319],[-8.83764,4.89347],[-8.83931,4.89347],[-8.83931,4.89375],[-8.83958,4.89375],[-8.83958,4.89431],[-8.83971,4.89431],[-8.83971,4.90387],[-8.82546,4.90387],[-8.82546,4.88961]]]},"properties":{"region":"Sinoe","district":"Dugbe River","floods_1m":1,"floods_2m":1,"floods_3m":1,"first_flood_m":1,"nests":true}},{"type":"Feature","geometry":{"type":"Polygon","coordinates":[[[-8.75417,4.83819],[-8.75431,4.83819],[-8.75431,4.83847],[-8.75458,4.83847],[-8.75458,4.83819],[-8.75569,4.83819],[-8.75569,4.83847],[-8.75625,4.83847],[-8.75625,4.83875],[-8.75653,4.83875],[-8.75653,4.83903],[-8.75736,4.83903],[-8.75736,4.83931],[-8.75847,4.83931],[-8.75847,4.83958],[-8.76097,4.83958],[-8.76097,4.83986],[-8.76216,4.83986],[-8.76236,4.83986],[-8.76236,4.84004],[-8.76236,4.84014],[-8.76247,4.84014],[-8.76264,4.84014],[-8.76264,4.84028],[-8.76264,4.84042],[-8.76279,4.84042],[-8.76403,4.84042],[-8.76403,4.84069],[-8.76458,4.84069],[-8.76458,4.84097],[-8.76542,4.84097],[-8.76542,4.84125],[-8.76597,4.84125],[-8.76597,4.84153],[-8.76653,4.84153],[-8.76653,4.84181],[-8.76736,4.84181],[-8.76736,4.84208],[-8.76842,4.84208],[-8.76842,4.84684],[-8.75417,4.84684],[-8.75417,4.83819]]]},"properties":{"region":"Sinoe","district":"Dugbe River","floods_1m":1,"floods_2m":1,"floods_3m":1,"first_flood_m":1,"nests":true}},{"type":"Feature","geometry":{"type":"Polygon","coordinates":[[[-8.71139,4.90387],[-8.72565,4.90387],[-8.72565,4.91813],[-8.71139,4.91813],[-8.71139,4.90387]]]},"properties":{"region":"Sinoe","district":"Dugbe River","floods_1m":0,"floods_2m":1,"floods_3m":0,"first_flood_m":2,"nests":false}},{"type":"Feature","geometry":{"type":"Polygon","coordinates":[[[-8.73991,4.84684],[-8.75417,4.84684],[-8.75417,4.8611],[-8.73991,4.8611],[-8.73991,4.84684]]]},"properties":{"region":"Sinoe","district":"Dugbe River","floods_1m":1,"floods_2m":1,"floods_3m":1,"first_flood_m":1,"nests":true}},{"type":"Feature","geometry":{"type":"Polygon","coordinates":[[[-8.79694,4.86347],[-8.79736,4.86347],[-8.79736,4.86403],[-8.79764,4.86403],[-8.79764,4.86431],[-8.79792,4.86431],[-8.79792,4.86458],[-8.79819,4.86458],[-8.79819,4.86486],[-8.79875,4.86486],[-8.79875,4.86542],[-8.79903,4.86542],[-8.79903,4.86569],[-8.7993,4.86569],[-8.7993,4.86597],[-8.79958,4.86597],[-8.79958,4.86653],[-8.79986,4.86653],[-8.79986,4.86681],[-8.80042,4.86681],[-8.80042,4.86708],[-8.8007,4.86708],[-8.8007,4.86736],[-8.80153,4.86736],[-8.80153,4.86764],[-8.80264,4.86764],[-8.80264,4.86792],[-8.80292,4.86792],[-8.80292,4.86819],[-8.80375,4.86819],[-8.80375,4.86847],[-8.80431,4.86847],[-8.80431,4.86875],[-8.80458,4.86875],[-8.80458,4.86903],[-8.80486,4.86903],[-8.80486,4.87014],[-8.80514,4.87014],[-8.80514,4.87069],[-8.80542,4.87069],[-8.80542,4.87208],[-8.8057,4.87208],[-8.8057,4.87431],[-8.80597,4.87431],[-8.80597,4.87486],[-8.80625,4.87486],[-8.80625,4.87536],[-8.79694,4.87536],[-8.79694,4.86347]]]},"properties":{"region":"Sinoe","district":"Dugbe River","floods_1m":1,"floods_2m":1,"floods_3m":1,"first_flood_m":1,"nests":true}},{"type":"Feature","geometry":{"type":"Polygon","coordinates":[[[-8.75417,4.87536],[-8.76842,4.87536],[-8.76842,4.88961],[-8.75417,4.88961],[-8.75417,4.87536]]]},"properties":{"region":"Sinoe","district":"Dugbe River","floods_1m":0,"floods_2m":1,"floods_3m":0,"first_flood_m":2,"nests":false}},{"type":"Feature","geometry":{"type":"Polygon","coordinates":[[[-8.85397,4.91653],[-8.85403,4.91653],[-8.85403,4.91681],[-8.85458,4.91681],[-8.85458,4.91708],[-8.85514,4.91708],[-8.85514,4.91764],[-8.85569,4.91764],[-8.85569,4.91792],[-8.85625,4.91792],[-8.85625,4.91813],[-8.85397,4.91813],[-8.85397,4.91653]]]},"properties":{"region":"Sinoe","district":"Dugbe River","floods_1m":1,"floods_2m":1,"floods_3m":1,"first_flood_m":1,"nests":true}},{"type":"Feature","geometry":{"type":"Polygon","coordinates":[[[-8.69713,4.88961],[-8.71139,4.88961],[-8.71139,4.90387],[-8.69713,4.90387],[-8.69713,4.88961]]]},"properties":{"region":"Sinoe","district":"Dugbe River","floods_1m":1,"floods_2m":1,"floods_3m":1,"first_flood_m":1,"nests":true}},{"type":"Feature","geometry":{"type":"Polygon","coordinates":[[[-8.71139,4.91813],[-8.72565,4.91813],[-8.72565,4.93239],[-8.71139,4.93239],[-8.71139,4.91813]]]},"properties":{"region":"Sinoe","district":"Dugbe River","floods_1m":0,"floods_2m":1,"floods_3m":0,"first_flood_m":2,"nests":false}},{"type":"Feature","geometry":{"type":"Polygon","coordinates":[[[-8.83971,4.94665],[-8.85397,4.94665],[-8.85397,4.94954],[-8.84901,4.95103],[-8.83971,4.95171],[-8.83971,4.94665]]]},"properties":{"region":"Sinoe","district":"Dugbe River","floods_1m":0,"floods_2m":1,"floods_3m":0,"first_flood_m":2,"nests":false}},{"type":"Feature","geometry":{"type":"Polygon","coordinates":[[[-8.79694,4.87536],[-8.80625,4.87536],[-8.80625,4.8757],[-8.8068,4.8757],[-8.8068,4.87597],[-8.80708,4.87597],[-8.80708,4.87653],[-8.80736,4.87653],[-8.80736,4.87681],[-8.80792,4.87681],[-8.80792,4.87764],[-8.80847,4.87764],[-8.80847,4.87792],[-8.80875,4.87792],[-8.80875,4.87819],[-8.80931,4.87819],[-8.80931,4.87847],[-8.80986,4.87847],[-8.80986,4.87875],[-8.81014,4.87875],[-8.81014,4.87903],[-8.81042,4.87903],[-8.81042,4.8793],[-8.81069,4.8793],[-8.81069,4.87958],[-8.81097,4.87958],[-8.81097,4.87986],[-8.8112,4.87986],[-8.8112,4.88961],[-8.79694,4.88961],[-8.79694,4.87536]]]},"properties":{"region":"Sinoe","district":"Dugbe River","floods_1m":1,"floods_2m":1,"floods_3m":1,"first_flood_m":1,"nests":true}},{"type":"Feature","geometry":{"type":"Polygon","coordinates":[[[-8.72565,4.8611],[-8.73991,4.8611],[-8.73991,4.87536],[-8.72565,4.87536],[-8.72565,4.8611]]]},"properties":{"region":"Sinoe","district":"Dugbe River","floods_1m":1,"floods_2m":1,"floods_3m":1,"first_flood_m":1,"nests":true}},{"type":"Feature","geometry":{"type":"Polygon","coordinates":[[[-8.71139,4.88961],[-8.72565,4.88961],[-8.72565,4.90387],[-8.71139,4.90387],[-8.71139,4.88961]]]},"properties":{"region":"Sinoe","district":"Dugbe River","floods_1m":1,"floods_2m":1,"floods_3m":1,"first_flood_m":1,"nests":true}},{"type":"Feature","geometry":{"type":"Polygon","coordinates":[[[-8.82546,4.88736],[-8.8257,4.88736],[-8.8257,4.88764],[-8.82613,4.88764],[-8.82625,4.88764],[-8.82625,4.88792],[-8.82682,4.88792],[-8.82708,4.88792],[-8.82708,4.88802],[-8.82708,4.88819],[-8.8275,4.88819],[-8.82764,4.88819],[-8.82764,4.88847],[-8.82819,4.88847],[-8.82819,4.88875],[-8.82847,4.88875],[-8.82847,4.88903],[-8.82903,4.88903],[-8.82903,4.88931],[-8.83014,4.88931],[-8.83014,4.88958],[-8.83069,4.88958],[-8.83069,4.88961],[-8.82546,4.88961],[-8.82546,4.88736]]]},"properties":{"region":"Sinoe","district":"Dugbe River","floods_1m":1,"floods_2m":1,"floods_3m":1,"first_flood_m":1,"nests":true}},{"type":"Feature","geometry":{"type":"Polygon","coordinates":[[[-8.71139,4.87536],[-8.72565,4.87536],[-8.72565,4.88961],[-8.71139,4.88961],[-8.71139,4.87536]]]},"properties":{"region":"Sinoe","district":"Dugbe River","floods_1m":1,"floods_2m":1,"floods_3m":1,"first_flood_m":1,"nests":true}},{"type":"Feature","geometry":{"type":"Polygon","coordinates":[[[-8.71139,4.81832],[-8.72014,4.81832],[-8.72014,4.81847],[-8.71986,4.81847],[-8.71986,4.81903],[-8.72014,4.81903],[-8.72014,4.81958],[-8.72042,4.81958],[-8.72042,4.82042],[-8.72069,4.82042],[-8.72069,4.82097],[-8.72097,4.82097],[-8.72097,4.82153],[-8.72125,4.82153],[-8.72125,4.82181],[-8.72153,4.82181],[-8.72153,4.82236],[-8.7218,4.82236],[-8.7218,4.82292],[-8.72208,4.82292],[-8.72208,4.82347],[-8.72236,4.82347],[-8.72236,4.82375],[-8.72264,4.82375],[-8.72264,4.82486],[-8.72208,4.82486],[-8.72208,4.82514],[-8.7218,4.82514],[-8.7218,4.8257],[-8.72208,4.8257],[-8.72208,4.82582],[-8.72208,4.82597],[-8.72264,4.82597],[-8.72264,4.82625],[-8.72347,4.82625],[-8.72347,4.82681],[-8.72403,4.82681],[-8.72403,4.82736],[-8.72458,4.82736],[-8.72458,4.82792],[-8.72486,4.82792],[-8.72486,4.8282],[-8.72514,4.8282],[-8.72514,4.82875],[-8.72565,4.82875],[-8.72565,4.83258],[-8.71139,4.83258],[-8.71139,4.81832]]]},"properties":{"region":"Sinoe","district":"Dugbe River","floods_1m":1,"floods_2m":1,"floods_3m":1,"first_flood_m":1,"nests":true}},{"type":"Feature","geometry":{"type":"Polygon","coordinates":[[[-8.71139,4.80764],[-8.71208,4.80764],[-8.71208,4.80736],[-8.71264,4.80736],[-8.71264,4.80764],[-8.71308,4.80764],[-8.71319,4.80764],[-8.71319,4.80792],[-8.71359,4.80792],[-8.71403,4.80792],[-8.71403,4.80819],[-8.71431,4.80819],[-8.71431,4.80792],[-8.7157,4.80792],[-8.7157,4.80819],[-8.71597,4.80819],[-8.71597,4.80875],[-8.7157,4.80875],[-8.7157,4.80909],[-8.7157,4.80958],[-8.71625,4.80958],[-8.71625,4.80986],[-8.71653,4.80986],[-8.71653,4.81042],[-8.71681,4.81042],[-8.71681,4.81097],[-8.71736,4.81097],[-8.71736,4.81125],[-8.71764,4.81125],[-8.71764,4.81153],[-8.71792,4.81153],[-8.71792,4.81181],[-8.71847,4.81181],[-8.71847,4.81208],[-8.71875,4.81208],[-8.71875,4.81236],[-8.71903,4.81236],[-8.71903,4.81264],[-8.71931,4.81264],[-8.71931,4.81292],[-8.72042,4.81292],[-8.72042,4.81319],[-8.72153,4.81319],[-8.72153,4.81347],[-8.72208,4.81347],[-8.72208,4.81375],[-8.72264,4.81375],[-8.72264,4.81403],[-8.72403,4.81403],[-8.72403,4.81486],[-8.72319,4.81486],[-8.72319,4.81514],[-8.72153,4.81514],[-8.72153,4.81542],[-8.72097,4.81542],[-8.72097,4.81569],[-8.72069,4.81569],[-8.72069,4.81597],[-8.72042,4.81597],[-8.72042,4.81625],[-8.72014,4.81625],[-8.72014,4.81681],[-8.71986,4.81681],[-8.71986,4.81792],[-8.72014,4.81792],[-8.72014,4.81832],[-8.71139,4.81832],[-8.71139,4.80764]]]},"properties":{"region":"Sinoe","district":"Dugbe River","floods_1m":1,"floods_2m":1,"floods_3m":1,"first_flood_m":1,"nests":true}},{"type":"Feature","geometry":{"type":"Polygon","coordinates":[[[-8.72565,4.82875],[-8.7257,4.82875],[-8.7257,4.82903],[-8.72625,4.82903],[-8.72625,4.82931],[-8.72653,4.82931],[-8.72653,4.82958],[-8.72681,4.82958],[-8.72681,4.82986],[-8.72764,4.82986],[-8.72764,4.83042],[-8.72792,4.83042],[-8.72792,4.8307],[-8.72819,4.8307],[-8.72819,4.83097],[-8.72847,4.83097],[-8.72847,4.83125],[-8.72931,4.83125],[-8.72931,4.83153],[-8.72986,4.83153],[-8.72986,4.83125],[-8.73097,4.83125],[-8.73097,4.83153],[-8.73125,4.83153],[-8.73125,4.83181],[-8.73236,4.83181],[-8.73236,4.83208],[-8.73319,4.83208],[-8.73319,4.83236],[-8.73347,4.83236],[-8.73347,4.83258],[-8.72565,4.83258],[-8.72565,4.82875]]]},"properties":{"region":"Sinoe","district":"Dugbe River","floods_1m":1,"floods_2m":1,"floods_3m":1,"first_flood_m":1,"nests":true}},{"type":"Feature","geometry":{"type":"Polygon","coordinates":[[[-8.75417,4.8611],[-8.76842,4.8611],[-8.76842,4.87536],[-8.75417,4.87536],[-8.75417,4.8611]]]},"properties":{"region":"Sinoe","district":"Dugbe River","floods_1m":0,"floods_2m":1,"floods_3m":0,"first_flood_m":2,"nests":false}},{"type":"Feature","geometry":{"type":"Polygon","coordinates":[[[-8.73991,4.8611],[-8.75417,4.8611],[-8.75417,4.87536],[-8.73991,4.87536],[-8.73991,4.8611]]]},"properties":{"region":"Sinoe","district":"Dugbe River","floods_1m":1,"floods_2m":1,"floods_3m":1,"first_flood_m":1,"nests":true}},{"type":"Feature","geometry":{"type":"Polygon","coordinates":[[[-8.75417,4.84684],[-8.76842,4.84684],[-8.76842,4.8611],[-8.75417,4.8611],[-8.75417,4.84684]]]},"properties":{"region":"Sinoe","district":"Dugbe River","floods_1m":1,"floods_2m":1,"floods_3m":1,"first_flood_m":1,"nests":true}},{"type":"Feature","geometry":{"type":"Polygon","coordinates":[[[-8.69713,4.80486],[-8.69792,4.80486],[-8.69792,4.80514],[-8.69903,4.80514],[-8.69903,4.80542],[-8.70042,4.80542],[-8.70042,4.8057],[-8.70097,4.8057],[-8.70097,4.80597],[-8.70125,4.80597],[-8.70125,4.8057],[-8.70153,4.8057],[-8.70153,4.80597],[-8.70292,4.80597],[-8.70292,4.80625],[-8.70375,4.80625],[-8.70375,4.80653],[-8.70514,4.80653],[-8.70514,4.80681],[-8.70625,4.80681],[-8.70625,4.80708],[-8.70708,4.80708],[-8.70708,4.80736],[-8.70764,4.80736],[-8.70764,4.80708],[-8.70819,4.80708],[-8.70819,4.80736],[-8.70931,4.80736],[-8.70931,4.80764],[-8.71139,4.80764],[-8.71139,4.81832],[-8.69713,4.81832],[-8.69713,4.80486]]]},"properties":{"region":"Sinoe","district":"Dugbe River","floods_1m":1,"floods_2m":1,"floods_3m":1,"first_flood_m":1,"nests":true}},{"type":"Feature","geometry":{"type":"Polygon","coordinates":[[[-8.83971,4.90387],[-8.84514,4.90387],[-8.84514,4.9043],[-8.84542,4.9043],[-8.84542,4.90458],[-8.84514,4.90458],[-8.84514,4.90514],[-8.84542,4.90514],[-8.84542,4.90641],[-8.84542,4.90653],[-8.84569,4.90653],[-8.84569,4.90681],[-8.84597,4.90681],[-8.84597,4.90736],[-8.84625,4.90736],[-8.84625,4.90792],[-8.84653,4.90792],[-8.84653,4.9082],[-8.84681,4.9082],[-8.84681,4.90847],[-8.84708,4.90847],[-8.84708,4.90875],[-8.84736,4.90875],[-8.84736,4.90958],[-8.84764,4.90958],[-8.84764,4.91014],[-8.84792,4.91014],[-8.84792,4.91042],[-8.8482,4.91042],[-8.8482,4.91097],[-8.84847,4.91097],[-8.84847,4.91153],[-8.84875,4.91153],[-8.84875,4.91208],[-8.84903,4.91208],[-8.84903,4.91236],[-8.84931,4.91236],[-8.84931,4.9132],[-8.84986,4.9132],[-8.84986,4.91347],[-8.85014,4.91347],[-8.85014,4.91375],[-8.85042,4.91375],[-8.85042,4.91403],[-8.85097,4.91403],[-8.85097,4.91431],[-8.85125,4.91431],[-8.85125,4.91458],[-8.8518,4.91458],[-8.8518,4.91486],[-8.85208,4.91486],[-8.85208,4.91514],[-8.85236,4.91514],[-8.85236,4.91542],[-8.85292,4.91542],[-8.85292,4.91569],[-8.8532,4.91569],[-8.8532,4.91597],[-8.85347,4.91597],[-8.85347,4.91625],[-8.85375,4.91625],[-8.85375,4.91653],[-8.85397,4.91653],[-8.85397,4.91813],[-8.83971,4.91813],[-8.83971,4.90387]]]},"properties":{"region":"Sinoe","district":"Dugbe River","floods_1m":1,"floods_2m":1,"floods_3m":1,"first_flood_m":1,"nests":true}},{"type":"Feature","geometry":{"type":"Polygon","coordinates":[[[-8.68288,4.80181],[-8.68319,4.80181],[-8.68319,4.80153],[-8.68347,4.80153],[-8.68347,4.80181],[-8.6843,4.80181],[-8.6843,4.80153],[-8.68458,4.80153],[-8.68458,4.80181],[-8.68736,4.80181],[-8.68736,4.80208],[-8.68792,4.80208],[-8.68792,4.80236],[-8.68875,4.80236],[-8.68875,4.80264],[-8.68986,4.80264],[-8.68986,4.80292],[-8.69097,4.80292],[-8.69097,4.80319],[-8.69208,4.80319],[-8.69208,4.80347],[-8.69292,4.80347],[-8.69292,4.80375],[-8.69403,4.80375],[-8.69403,4.80403],[-8.69431,4.80403],[-8.69431,4.80407],[-8.68288,4.80407],[-8.68288,4.80181]]]},"properties":{"region":"Sinoe","district":"Dugbe River","floods_1m":1,"floods_2m":1,"floods_3m":1,"first_flood_m":1,"nests":true}},{"type":"Feature","geometry":{"type":"Polygon","coordinates":[[[-8.85397,4.91813],[-8.85625,4.91813],[-8.85625,4.91847],[-8.85653,4.91847],[-8.85653,4.91875],[-8.8568,4.91875],[-8.8568,4.91903],[-8.85847,4.91903],[-8.85847,4.91931],[-8.85875,4.91931],[-8.85875,4.91958],[-8.85958,4.91958],[-8.85958,4.91986],[-8.86014,4.91986],[-8.86014,4.92014],[-8.8607,4.92014],[-8.8607,4.92042],[-8.86125,4.92042],[-8.86125,4.92069],[-8.86158,4.92069],[-8.86208,4.92069],[-8.86208,4.92097],[-8.86236,4.92097],[-8.86236,4.92125],[-8.86222,4.92125],[-8.86208,4.92125],[-8.86208,4.92153],[-8.86236,4.92153],[-8.86236,4.92208],[-8.86208,4.92208],[-8.86208,4.92264],[-8.86181,4.92264],[-8.86181,4.92292],[-8.86153,4.92292],[-8.86153,4.92403],[-8.86319,4.92403],[-8.86319,4.92458],[-8.86347,4.92458],[-8.86347,4.92486],[-8.86431,4.92486],[-8.86431,4.92514],[-8.86458,4.92514],[-8.86458,4.92542],[-8.86514,4.92542],[-8.86514,4.92569],[-8.86542,4.92569],[-8.86542,4.92597],[-8.86569,4.92597],[-8.86569,4.92625],[-8.86597,4.92625],[-8.86597,4.92653],[-8.86625,4.92653],[-8.86625,4.92681],[-8.86653,4.92681],[-8.86653,4.92708],[-8.86736,4.92708],[-8.86736,4.92736],[-8.86792,4.92736],[-8.86792,4.92764],[-8.86823,4.92764],[-8.86823,4.93239],[-8.85397,4.93239],[-8.85397,4.91813]]]},"properties":{"region":"Sinoe","district":"Dugbe River","floods_1m":1,"floods_2m":1,"floods_3m":1,"first_flood_m":1,"nests":true}},{"type":"Feature","geometry":{"type":"Polygon","coordinates":[[[-8.73991,4.87536],[-8.75417,4.87536],[-8.75417,4.88961],[-8.73991,4.88961],[-8.73991,4.87536]]]},"properties":{"region":"Sinoe","district":"Dugbe River","floods_1m":1,"floods_2m":1,"floods_3m":1,"first_flood_m":1,"nests":true}},{"type":"Feature","geometry":{"type":"Polygon","coordinates":[[[-8.73991,4.83431],[-8.74069,4.83431],[-8.74069,4.83458],[-8.74097,4.83458],[-8.74097,4.83486],[-8.74125,4.83486],[-8.74125,4.83514],[-8.74236,4.83514],[-8.74236,4.83542],[-8.74375,4.83542],[-8.74375,4.83569],[-8.74486,4.83569],[-8.74486,4.83597],[-8.74625,4.83597],[-8.74625,4.83625],[-8.74736,4.83625],[-8.74736,4.83653],[-8.74792,4.83653],[-8.74792,4.83681],[-8.75069,4.83681],[-8.75069,4.83708],[-8.75125,4.83708],[-8.75125,4.83736],[-8.75181,4.83736],[-8.75181,4.83764],[-8.75347,4.83764],[-8.75347,4.83792],[-8.75403,4.83792],[-8.75403,4.83819],[-8.75417,4.83819],[-8.75417,4.84684],[-8.73991,4.84684],[-8.73991,4.83431]]]},"properties":{"region":"Sinoe","district":"Dugbe River","floods_1m":1,"floods_2m":1,"floods_3m":1,"first_flood_m":1,"nests":true}},{"type":"Feature","geometry":{"type":"Polygon","coordinates":[[[-8.83971,4.89431],[-8.83986,4.89431],[-8.83986,4.89458],[-8.84042,4.89458],[-8.84042,4.89486],[-8.84097,4.89486],[-8.84097,4.89514],[-8.84153,4.89514],[-8.84153,4.89542],[-8.84236,4.89542],[-8.84236,4.89569],[-8.84264,4.89569],[-8.84264,4.89597],[-8.84292,4.89597],[-8.84292,4.89625],[-8.84319,4.89625],[-8.84347,4.89625],[-8.84347,4.89653],[-8.84403,4.89653],[-8.84403,4.89681],[-8.84458,4.89681],[-8.84458,4.89708],[-8.84514,4.89708],[-8.84514,4.89736],[-8.84597,4.89736],[-8.84597,4.89764],[-8.84653,4.89764],[-8.84653,4.89792],[-8.84708,4.89792],[-8.84708,4.89819],[-8.84736,4.89819],[-8.84736,4.89847],[-8.84764,4.89847],[-8.84764,4.89903],[-8.84792,4.89903],[-8.84792,4.89958],[-8.84847,4.89958],[-8.84847,4.89986],[-8.84875,4.89986],[-8.84875,4.90042],[-8.84903,4.90042],[-8.84903,4.90125],[-8.84847,4.90125],[-8.84847,4.90153],[-8.84792,4.90153],[-8.84792,4.9018],[-8.84653,4.9018],[-8.84653,4.90208],[-8.84631,4.90208],[-8.84597,4.90208],[-8.84597,4.90236],[-8.84569,4.90236],[-8.84569,4.90292],[-8.84542,4.90292],[-8.84542,4.90375],[-8.84514,4.90375],[-8.84514,4.90387],[-8.83971,4.90387],[-8.83971,4.89431]]]},"properties":{"region":"Sinoe","district":"Dugbe River","floods_1m":1,"floods_2m":1,"floods_3m":1,"first_flood_m":1,"nests":true}},{"type":"Feature","geometry":{"type":"Polygon","coordinates":[[[-8.76842,4.84684],[-8.77931,4.84684],[-8.77931,4.84708],[-8.78153,4.84708],[-8.78153,4.84736],[-8.78181,4.84736],[-8.78181,4.84764],[-8.78208,4.84764],[-8.78208,4.8482],[-8.78236,4.8482],[-8.78236,4.84847],[-8.78268,4.84847],[-8.78268,4.8611],[-8.76842,4.8611],[-8.76842,4.84684]]]},"properties":{"region":"Sinoe","district":"Dugbe River","floods_1m":1,"floods_2m":1,"floods_3m":1,"first_flood_m":1,"nests":true}},{"type":"Feature","geometry":{"type":"Polygon","coordinates":[[[-8.66862,4.80407],[-8.68288,4.80407],[-8.68288,4.81832],[-8.66862,4.81832],[-8.66862,4.80407]]]},"properties":{"region":"Sinoe","district":"Dugbe River","floods_1m":1,"floods_2m":1,"floods_3m":1,"first_flood_m":1,"nests":true}},{"type":"Feature","geometry":{"type":"Polygon","coordinates":[[[-8.86823,4.92764],[-8.86875,4.92764],[-8.86875,4.92792],[-8.86903,4.92792],[-8.86903,4.9282],[-8.86958,4.9282],[-8.86958,4.92847],[-8.87014,4.92847],[-8.87014,4.92875],[-8.87042,4.92875],[-8.87042,4.92903],[-8.87125,4.92903],[-8.87125,4.92931],[-8.87138,4.92931],[-8.87001,4.93239],[-8.86823,4.93239],[-8.86823,4.92764]]]},"properties":{"region":"Sinoe","district":"Dugbe River","floods_1m":1,"floods_2m":1,"floods_3m":1,"first_flood_m":1,"nests":true}},{"type":"Feature","geometry":{"type":"Polygon","coordinates":[[[-8.66862,4.81832],[-8.68288,4.81832],[-8.68288,4.83258],[-8.66862,4.83258],[-8.66862,4.81832]]]},"properties":{"region":"Sinoe","district":"Dugbe River","floods_1m":0,"floods_2m":1,"floods_3m":0,"first_flood_m":2,"nests":false}},{"type":"Feature","geometry":{"type":"Polygon","coordinates":[[[-8.8112,4.87986],[-8.81125,4.87986],[-8.81125,4.88014],[-8.81181,4.88014],[-8.81181,4.88042],[-8.81236,4.88042],[-8.81236,4.88069],[-8.81292,4.88069],[-8.81292,4.88097],[-8.81319,4.88097],[-8.81319,4.88125],[-8.81375,4.88125],[-8.81375,4.88153],[-8.81403,4.88153],[-8.81403,4.8818],[-8.81542,4.8818],[-8.81542,4.88208],[-8.81625,4.88208],[-8.81625,4.88236],[-8.81653,4.88236],[-8.81653,4.88264],[-8.81708,4.88264],[-8.81708,4.88292],[-8.81764,4.88292],[-8.81764,4.88319],[-8.81792,4.88319],[-8.81792,4.88347],[-8.81819,4.88347],[-8.81819,4.88375],[-8.81903,4.88375],[-8.81903,4.88403],[-8.81986,4.88403],[-8.81986,4.88431],[-8.82014,4.88431],[-8.82014,4.88458],[-8.82069,4.88458],[-8.82069,4.88486],[-8.82125,4.88486],[-8.82125,4.88514],[-8.82208,4.88514],[-8.82208,4.88542],[-8.82264,4.88542],[-8.82264,4.8857],[-8.82292,4.8857],[-8.82292,4.88597],[-8.82347,4.88597],[-8.82347,4.88625],[-8.82375,4.88625],[-8.82375,4.88653],[-8.8243,4.88653],[-8.8243,4.88681],[-8.82486,4.88681],[-8.82486,4.88708],[-8.82514,4.88708],[-8.82514,4.88723],[-8.82514,4.88736],[-8.82545,4.88736],[-8.82546,4.88736],[-8.82546,4.88961],[-8.8112,4.88961],[-8.8112,4.87986]]]},"properties":{"region":"Sinoe","district":"Dugbe River","floods_1m":1,"floods_2m":1,"floods_3m":1,"first_flood_m":1,"nests":true}},{"type":"Feature","geometry":{"type":"Polygon","coordinates":[[[-9.03933,5.03219],[-9.05358,5.03219],[-9.05358,5.04645],[-9.03933,5.04645],[-9.03933,5.03219]]]},"properties":{"region":"Sinoe","district":"Greenville","floods_1m":1,"floods_2m":1,"floods_3m":1,"first_flood_m":1,"nests":true}},{"type":"Feature","geometry":{"type":"Polygon","coordinates":[[[-9.03933,5.00569],[-9.03958,5.00569],[-9.03958,5.00625],[-9.03986,5.00625],[-9.03986,5.00681],[-9.04014,5.00681],[-9.04014,5.00708],[-9.04042,5.00708],[-9.04042,5.00736],[-9.0407,5.00736],[-9.0407,5.00764],[-9.04097,5.00764],[-9.04097,5.00819],[-9.04125,5.00819],[-9.04125,5.00847],[-9.04181,5.00847],[-9.04181,5.00875],[-9.04208,5.00875],[-9.04208,5.00903],[-9.04264,5.00903],[-9.04264,5.0093],[-9.04319,5.0093],[-9.04319,5.00958],[-9.04332,5.00958],[-9.04347,5.00958],[-9.04347,5.00986],[-9.04375,5.00986],[-9.04375,5.01014],[-9.0443,5.01014],[-9.0443,5.01042],[-9.04514,5.01042],[-9.04514,5.01069],[-9.04542,5.01069],[-9.04542,5.01097],[-9.0457,5.01097],[-9.0457,5.01125],[-9.04625,5.01125],[-9.04625,5.01181],[-9.04681,5.01181],[-9.04681,5.01208],[-9.04708,5.01208],[-9.04708,5.01236],[-9.04764,5.01236],[-9.04764,5.01264],[-9.0482,5.01264],[-9.0482,5.01316],[-9.04903,5.0132],[-9.04903,5.01347],[-9.04931,5.01347],[-9.04931,5.01375],[-9.04958,5.01375],[-9.04958,5.01403],[-9.04986,5.01403],[-9.04986,5.01431],[-9.05042,5.01431],[-9.05042,5.01458],[-9.05097,5.01458],[-9.05097,5.01486],[-9.05208,5.01486],[-9.05208,5.01514],[-9.05264,5.01514],[-9.05264,5.01542],[-9.05292,5.01542],[-9.05292,5.0157],[-9.05347,5.0157],[-9.05347,5.01597],[-9.05358,5.01597],[-9.05358,5.01794],[-9.03933,5.01794],[-9.03933,5.00569]]]},"properties":{"region":"Sinoe","district":"Greenville","floods_1m":1,"floods_2m":1,"floods_3m":1,"first_flood_m":1,"nests":true}},{"type":"Feature","geometry":{"type":"MultiPolygon","coordinates":[[[[-8.97643,4.96653],[-8.97736,4.96653],[-8.97736,4.9668],[-8.97792,4.9668],[-8.97792,4.96708],[-8.97847,4.96708],[-8.97847,4.96736],[-8.97958,4.96736],[-8.97958,4.96764],[-8.98125,4.96764],[-8.98125,4.96819],[-8.98153,4.96819],[-8.98153,4.96847],[-8.98181,4.96847],[-8.98181,4.96875],[-8.98229,4.96875],[-8.98229,4.97261],[-8.98112,4.97028],[-8.97643,4.96653]]],[[[-8.97599,4.96625],[-8.97625,4.96625],[-8.97625,4.96643],[-8.97599,4.96625]]]]},"properties":{"region":"Sinoe","district":"Greenville","floods_1m":1,"floods_2m":1,"floods_3m":1,"first_flood_m":1,"nests":true}},{"type":"Feature","geometry":{"type":"Polygon","coordinates":[[[-9.0821,5.02903],[-9.08236,5.02903],[-9.08236,5.02931],[-9.08236,5.02958],[-9.08292,5.02958],[-9.08292,5.03014],[-9.08375,5.03014],[-9.08375,5.03042],[-9.08403,5.03042],[-9.08403,5.03069],[-9.08514,5.03069],[-9.08514,5.03097],[-9.08569,5.03097],[-9.08569,5.03125],[-9.08597,5.03125],[-9.08597,5.03153],[-9.08653,5.03153],[-9.08653,5.03181],[-9.08736,5.03181],[-9.08736,5.03208],[-9.08792,5.03208],[-9.08792,5.03219],[-9.0821,5.03219],[-9.0821,5.02903]]]},"properties":{"region":"Sinoe","district":"Greenville","floods_1m":1,"floods_2m":1,"floods_3m":1,"first_flood_m":1,"nests":true}},{"type":"Feature","geometry":{"type":"Polygon","coordinates":[[[-9.0821,5.03219],[-9.08792,5.03219],[-9.08792,5.03236],[-9.08819,5.03236],[-9.08819,5.03264],[-9.08875,5.03264],[-9.08875,5.03292],[-9.08931,5.03292],[-9.08931,5.03319],[-9.08958,5.03319],[-9.08958,5.03347],[-9.08986,5.03347],[-9.08986,5.03375],[-9.09014,5.03375],[-9.09014,5.03403],[-9.09153,5.03403],[-9.09153,5.03431],[-9.09208,5.03431],[-9.09208,5.03458],[-9.09264,5.03458],[-9.09264,5.03486],[-9.09375,5.03486],[-9.09375,5.03514],[-9.09486,5.03514],[-9.09486,5.03542],[-9.09569,5.03542],[-9.09569,5.0357],[-9.09636,5.0357],[-9.09636,5.04645],[-9.0821,5.04645],[-9.0821,5.03219]]]},"properties":{"region":"Sinoe","district":"Greenville","floods_1m":1,"floods_2m":1,"floods_3m":1,"first_flood_m":1,"nests":true}},{"type":"Feature","geometry":{"type":"MultiPolygon","coordinates":[[[[-9.02507,5.0157],[-9.02514,5.0157],[-9.02514,5.01597],[-9.0257,5.01597],[-9.0257,5.01625],[-9.02653,5.01625],[-9.02653,5.01653],[-9.02764,5.01653],[-9.02764,5.01681],[-9.02903,5.01681],[-9.02903,5.01653],[-9.02958,5.01653],[-9.02958,5.01625],[-9.03042,5.01625],[-9.03042,5.01597],[-9.03097,5.01597],[-9.03097,5.0157],[-9.03125,5.0157],[-9.03125,5.01542],[-9.03153,5.01542],[-9.03153,5.01514],[-9.03208,5.01514],[-9.03208,5.01486],[-9.03236,5.01486],[-9.03236,5.01431],[-9.03264,5.01431],[-9.03264,5.01403],[-9.03292,5.01403],[-9.03292,5.01375],[-9.03319,5.01375],[-9.03319,5.0132],[-9.03347,5.0132],[-9.03347,5.01236],[-9.03375,5.01236],[-9.03375,5.01014],[-9.03319,5.01014],[-9.03319,5.00986],[-9.03292,5.00986],[-9.03292,5.00958],[-9.03208,5.00958],[-9.03208,5.0093],[-9.03014,5.0093],[-9.03014,5.00958],[-9.02958,5.00958],[-9.02958,5.0093],[-9.02931,5.0093],[-9.02931,5.00903],[-9.02903,5.00903],[-9.02903,5.00875],[-9.02875,5.00875],[-9.02875,5.00819],[-9.02847,5.00819],[-9.02847,5.00792],[-9.02819,5.00792],[-9.02819,5.00681],[-9.02847,5.00681],[-9.02847,5.00625],[-9.02875,5.00625],[-9.02875,5.00569],[-9.02903,5.00569],[-9.02903,5.00514],[-9.02931,5.00514],[-9.02931,5.00458],[-9.03125,5.00458],[-9.03125,5.00431],[-9.03181,5.00431],[-9.03181,5.00403],[-9.03236,5.00403],[-9.03236,5.00375],[-9.03264,5.00375],[-9.03264,5.00368],[-9.03875,5.00368],[-9.03875,5.00403],[-9.03903,5.00403],[-9.03903,5.00542],[-9.0393,5.00542],[-9.0393,5.00569],[-9.03933,5.00569],[-9.03933,5.01794],[-9.02507,5.01794],[-9.02507,5.0157]]],[[[-9.02507,5.01486],[-9.02507,5.00368],[-9.02736,5.00368],[-9.02736,5.00653],[-9.02708,5.00653],[-9.02708,5.00736],[-9.02681,5.00736],[-9.02681,5.00764],[-9.02653,5.00764],[-9.02653,5.00903],[-9.02625,5.00903],[-9.02625,5.0093],[-9.02653,5.0093],[-9.02653,5.01014],[-9.02681,5.01014],[-9.02681,5.01042],[-9.02708,5.01042],[-9.02708,5.01069],[-9.02736,5.01069],[-9.02736,5.01097],[-9.02792,5.01097],[-9.02792,5.01125],[-9.02903,5.01125],[-9.02903,5.01153],[-9.02931,5.01153],[-9.02931,5.01181],[-9.02958,5.01181],[-9.02958,5.01153],[-9.02986,5.01153],[-9.02986,5.01125],[-9.03042,5.01125],[-9.03042,5.01097],[-9.03069,5.01097],[-9.03069,5.01069],[-9.03125,5.01069],[-9.03125,5.01042],[-9.03208,5.01042],[-9.03208,5.01014],[-9.03236,5.01014],[-9.03236,5.01069],[-9.03264,5.01069],[-9.03264,5.01097],[-9.03292,5.01097],[-9.03292,5.01153],[-9.03264,5.01153],[-9.03264,5.01236],[-9.03236,5.01236],[-9.03236,5.0132],[-9.03208,5.0132],[-9.03208,5.01347],[-9.03181,5.01347],[-9.03181,5.01375],[-9.03153,5.01375],[-9.03153,5.01403],[-9.03125,5.01403],[-9.03125,5.01431],[-9.03069,5.01431],[-9.03069,5.01458],[-9.03014,5.01458],[-9.03014,5.01486],[-9.02958,5.01486],[-9.02958,5.01514],[-9.02847,5.01514],[-9.02847,5.01542],[-9.02792,5.01542],[-9.02792,5.01514],[-9.02597,5.01514],[-9.02597,5.01486],[-9.02507,5.01486]]]]},"properties":{"region":"Sinoe","district":"Greenville","floods_1m":1,"floods_2m":1,"floods_3m":1,"first_flood_m":1,"nests":true}},{"type":"Feature","geometry":{"type":"Polygon","coordinates":[[[-9.05358,5.01597],[-9.05431,5.01597],[-9.05431,5.01625],[-9.05486,5.01625],[-9.05486,5.01653],[-9.05514,5.01653],[-9.05514,5.01681],[-9.05542,5.01681],[-9.05542,5.01708],[-9.05597,5.01708],[-9.05597,5.01736],[-9.05653,5.01736],[-9.05653,5.01764],[-9.05708,5.01764],[-9.05708,5.01792],[-9.05792,5.01792],[-9.05792,5.01794],[-9.05358,5.01794],[-9.05358,5.01597]]]},"properties":{"region":"Sinoe","district":"Greenville","floods_1m":1,"floods_2m":1,"floods_3m":1,"first_flood_m":1,"nests":true}},{"type":"Feature","geometry":{"type":"Polygon","coordinates":[[[-8.99655,5.04645],[-9.01081,5.04645],[-9.01081,5.06071],[-8.99655,5.06071],[-8.99655,5.04645]]]},"properties":{"region":"Sinoe","district":"Greenville","floods_1m":0,"floods_2m":1,"floods_3m":0,"first_flood_m":2,"nests":false}},{"type":"Feature","geometry":{"type":"Polygon","coordinates":[[[-8.98229,5.01794],[-8.99655,5.01794],[-8.99655,5.03219],[-8.98229,5.03219],[-8.98229,5.01794]]]},"properties":{"region":"Sinoe","district":"Greenville","floods_1m":1,"floods_2m":1,"floods_3m":1,"first_flood_m":1,"nests":true}},{"type":"Feature","geometry":{"type":"Polygon","coordinates":[[[-9.09636,5.0357],[-9.09644,5.0357],[-9.09653,5.0357],[-9.09653,5.03597],[-9.0968,5.03597],[-9.0968,5.03625],[-9.09736,5.03625],[-9.09736,5.03653],[-9.09792,5.03653],[-9.09792,5.03681],[-9.09847,5.03681],[-9.09847,5.03708],[-9.09931,5.03708],[-9.09931,5.03681],[-9.09986,5.03681],[-9.09986,5.03708],[-9.10014,5.03708],[-9.10014,5.03736],[-9.10097,5.03736],[-9.10097,5.03764],[-9.10153,5.03764],[-9.10153,5.03792],[-9.10176,5.03792],[-9.10264,5.03792],[-9.10264,5.0382],[-9.10319,5.0382],[-9.10319,5.03832],[-9.10319,5.03847],[-9.10371,5.03847],[-9.10403,5.03847],[-9.10403,5.03875],[-9.10431,5.03875],[-9.10431,5.03903],[-9.10458,5.03903],[-9.10458,5.03931],[-9.10514,5.03931],[-9.10514,5.03958],[-9.10625,5.03958],[-9.10625,5.03986],[-9.10708,5.03986],[-9.10708,5.04014],[-9.10792,5.04014],[-9.10792,5.04042],[-9.10875,5.04042],[-9.10875,5.0407],[-9.10903,5.0407],[-9.10903,5.04097],[-9.11061,5.04097],[-9.11061,5.04645],[-9.09636,5.04645],[-9.09636,5.0357]]]},"properties":{"region":"Sinoe","district":"Greenville","floods_1m":1,"floods_2m":1,"floods_3m":1,"first_flood_m":1,"nests":true}},{"type":"Feature","geometry":{"type":"Polygon","coordinates":[[[-8.98229,4.97261],[-8.98229,4.96875],[-8.98236,4.96875],[-8.98236,4.96847],[-8.98347,4.96847],[-8.98347,4.96875],[-8.98375,4.96875],[-8.98375,4.96903],[-8.98486,4.96903],[-8.98486,4.96931],[-8.98597,4.96931],[-8.98597,4.96958],[-8.98708,4.96958],[-8.98708,4.96986],[-8.9882,4.96986],[-8.9882,4.97014],[-8.9893,4.97014],[-8.9893,4.97042],[-8.98958,4.97042],[-8.98958,4.97069],[-8.99069,4.97069],[-8.99069,4.97097],[-8.99125,4.97097],[-8.99125,4.97069],[-8.99181,4.97069],[-8.99181,4.97097],[-8.99264,4.97097],[-8.99264,4.97125],[-8.99486,4.97125],[-8.99486,4.97097],[-8.99514,4.97097],[-8.99514,4.97125],[-8.99542,4.97125],[-8.99542,4.97153],[-8.99569,4.97153],[-8.99569,4.97181],[-8.99653,4.97181],[-8.99653,4.97208],[-8.99655,4.97208],[-8.99655,4.97516],[-8.98357,4.97516],[-8.98229,4.97261]]]},"properties":{"region":"Sinoe","district":"Greenville","floods_1m":1,"floods_2m":1,"floods_3m":1,"first_flood_m":1,"nests":true}},{"type":"Feature","geometry":{"type":"Polygon","coordinates":[[[-9.11061,5.04645],[-9.12097,5.04645],[-9.12097,5.04653],[-9.12125,5.04653],[-9.12125,5.04736],[-9.12153,5.04736],[-9.12153,5.04764],[-9.12208,5.04764],[-9.12236,5.04764],[-9.12236,5.04792],[-9.12319,5.04792],[-9.12319,5.04819],[-9.12486,5.04819],[-9.12486,5.04847],[-9.12487,5.04847],[-9.12487,5.05014],[-9.12486,5.05014],[-9.12486,5.05042],[-9.1243,5.05042],[-9.1243,5.05014],[-9.12375,5.05014],[-9.12375,5.05042],[-9.12347,5.05042],[-9.12347,5.05097],[-9.12319,5.05097],[-9.12319,5.05153],[-9.12292,5.05153],[-9.12292,5.05208],[-9.12264,5.05208],[-9.12264,5.05236],[-9.12236,5.05236],[-9.12236,5.05431],[-9.12264,5.05431],[-9.12264,5.05458],[-9.12236,5.05458],[-9.12236,5.05486],[-9.12208,5.05486],[-9.12208,5.05514],[-9.12153,5.05514],[-9.12153,5.05542],[-9.12097,5.05542],[-9.12097,5.05597],[-9.12014,5.05597],[-9.12014,5.05688],[-9.1191,5.05788],[-9.11833,5.05882],[-9.11721,5.06071],[-9.11061,5.06071],[-9.11061,5.04645]]]},"properties":{"region":"Sinoe","district":"Greenville","floods_1m":1,"floods_2m":1,"floods_3m":1,"first_flood_m":1,"nests":true}},{"type":"Feature","geometry":{"type":"Polygon","coordinates":[[[-8.99655,5.07497],[-9.01081,5.07497],[-9.01081,5.08923],[-8.99655,5.08923],[-8.99655,5.07497]]]},"properties":{"region":"Sinoe","district":"Greenville","floods_1m":1,"floods_2m":1,"floods_3m":1,"first_flood_m":1,"nests":true}},{"type":"Feature","geometry":{"type":"Polygon","coordinates":[[[-9.02507,4.97875],[-9.02514,4.97875],[-9.02514,4.97903],[-9.02542,4.97903],[-9.02542,4.97931],[-9.02708,4.97931],[-9.02708,4.97958],[-9.02764,4.97958],[-9.02764,4.97931],[-9.02819,4.97931],[-9.02819,4.97958],[-9.02847,4.97958],[-9.02847,4.97931],[-9.03014,4.97931],[-9.03014,4.97958],[-9.03042,4.97958],[-9.03042,4.98014],[-9.03069,4.98014],[-9.03069,4.98042],[-9.03125,4.98042],[-9.03125,4.98069],[-9.03264,4.98069],[-9.03264,4.98042],[-9.03292,4.98042],[-9.03292,4.98069],[-9.03403,4.98069],[-9.03403,4.98097],[-9.0357,4.98097],[-9.0357,4.98081],[-9.0357,4.98069],[-9.03597,4.98069],[-9.03597,4.98042],[-9.03625,4.98042],[-9.03625,4.98014],[-9.0368,4.98014],[-9.0368,4.98042],[-9.03764,4.98042],[-9.03764,4.98069],[-9.03819,4.98069],[-9.03819,4.98125],[-9.03792,4.98125],[-9.03792,4.98153],[-9.03819,4.98153],[-9.03819,4.98292],[-9.03847,4.98292],[-9.03847,4.98347],[-9.03903,4.98347],[-9.03903,4.98375],[-9.03933,4.98375],[-9.03933,4.98942],[-9.02507,4.98942],[-9.02507,4.97875]]]},"properties":{"region":"Sinoe","district":"Greenville","floods_1m":1,"floods_2m":1,"floods_3m":1,"first_flood_m":1,"nests":true}},{"type":"Feature","geometry":{"type":"Polygon","coordinates":[[[-9.05358,5.01794],[-9.05792,5.01794],[-9.05792,5.0182],[-9.05819,5.0182],[-9.05819,5.01847],[-9.05847,5.01847],[-9.05847,5.01875],[-9.05871,5.01875],[-9.0593,5.01875],[-9.0593,5.01903],[-9.05958,5.01903],[-9.05986,5.01903],[-9.05986,5.01931],[-9.06042,5.01931],[-9.06042,5.01958],[-9.06069,5.01958],[-9.06069,5.01986],[-9.06153,5.01986],[-9.06153,5.02014],[-9.06208,5.02014],[-9.06208,5.02042],[-9.06264,5.02042],[-9.06264,5.02069],[-9.06292,5.02069],[-9.06292,5.02097],[-9.06347,5.02097],[-9.06347,5.02125],[-9.06375,5.02125],[-9.06375,5.02153],[-9.06458,5.02153],[-9.06458,5.02181],[-9.06486,5.02181],[-9.06486,5.02208],[-9.06542,5.02208],[-9.06542,5.02236],[-9.06653,5.02236],[-9.06653,5.02264],[-9.06708,5.02264],[-9.06708,5.02292],[-9.06784,5.02292],[-9.06784,5.03219],[-9.05358,5.03219],[-9.05358,5.01794]]]},"properties":{"region":"Sinoe","district":"Greenville","floods_1m":1,"floods_2m":1,"floods_3m":1,"first_flood_m":1,"nests":true}},{"type":"Feature","geometry":{"type":"MultiPolygon","coordinates":[[[[-8.99655,5.01794],[-9.00792,5.01794],[-9.00792,5.01847],[-9.00819,5.01847],[-9.00819,5.01875],[-9.00847,5.01875],[-9.00847,5.01931],[-9.00875,5.01931],[-9.00875,5.01958],[-9.00903,5.01958],[-9.00903,5.01931],[-9.00958,5.01931],[-9.00958,5.01903],[-9.01014,5.01903],[-9.01014,5.01931],[-9.0107,5.01931],[-9.0107,5.01958],[-9.01081,5.01958],[-9.01081,5.03219],[-8.99655,5.03219],[-8.99655,5.01794]]],[[[-9.00958,5.01794],[-9.01081,5.01794],[-9.01081,5.01875],[-9.0107,5.01875],[-9.0107,5.01847],[-9.01014,5.01847],[-9.01014,5.0182],[-9.00958,5.01819],[-9.00958,5.01794]]]]},"properties":{"region":"Sinoe","district":"Greenville","floods_1m":1,"floods_2m":1,"floods_3m":1,"first_flood_m":1,"nests":true}},{"type":"Feature","geometry":{"type":"Polygon","coordinates":[[[-8.98229,5.00368],[-8.99655,5.00368],[-8.99655,5.01794],[-8.98229,5.01794],[-8.98229,5.00368]]]},"properties":{"region":"Sinoe","district":"Greenville","floods_1m":1,"floods_2m":1,"floods_3m":1,"first_flood_m":1,"nests":true}},{"type":"Feature","geometry":{"type":"Polygon","coordinates":[[[-9.02507,5.03219],[-9.03933,5.03219],[-9.03933,5.04645],[-9.02507,5.04645],[-9.02507,5.03219]]]},"properties":{"region":"Sinoe","district":"Greenville","floods_1m":1,"floods_2m":1,"floods_3m":1,"first_flood_m":1,"nests":true}},{"type":"Feature","geometry":{"type":"Polygon","coordinates":[[[-8.99655,5.00368],[-9.01081,5.00368],[-9.01081,5.01794],[-9.00958,5.01794],[-9.00958,5.01792],[-9.00875,5.01792],[-9.00875,5.01764],[-9.00847,5.01764],[-9.00847,5.01736],[-9.00792,5.01736],[-9.00792,5.01764],[-9.00764,5.01764],[-9.00764,5.01792],[-9.00792,5.01792],[-9.00792,5.01794],[-8.99655,5.01794],[-8.99655,5.00368]]]},"properties":{"region":"Sinoe","district":"Greenville","floods_1m":1,"floods_2m":1,"floods_3m":1,"first_flood_m":1,"nests":true}},{"type":"Feature","geometry":{"type":"MultiPolygon","coordinates":[[[[-9.03933,4.99514],[-9.03933,4.99347],[-9.03958,4.99347],[-9.03958,4.99292],[-9.03933,4.99292],[-9.03933,4.98942],[-9.04125,4.98942],[-9.04125,4.98986],[-9.04097,4.98986],[-9.04097,4.99042],[-9.04125,4.99042],[-9.04125,4.99097],[-9.04181,4.99097],[-9.04181,4.99153],[-9.04208,4.99153],[-9.04208,4.99236],[-9.04181,4.99236],[-9.04181,4.9932],[-9.04153,4.9932],[-9.04153,4.99403],[-9.04125,4.99403],[-9.04125,4.99486],[-9.0407,4.99486],[-9.0407,4.99458],[-9.04042,4.99458],[-9.04042,4.99486],[-9.04014,4.99486],[-9.04014,4.99542],[-9.03958,4.99542],[-9.03958,4.99514],[-9.03933,4.99514]]],[[[-9.04486,4.98942],[-9.04542,4.98942],[-9.04542,4.98958],[-9.04486,4.98958],[-9.04486,4.98942]]]]},"properties":{"region":"Sinoe","district":"Greenville","floods_1m":1,"floods_2m":1,"floods_3m":1,"first_flood_m":1,"nests":true}},{"type":"Feature","geometry":{"type":"Polygon","coordinates":[[[-9.02507,5.01794],[-9.03933,5.01794],[-9.03933,5.03219],[-9.02507,5.03219],[-9.02507,5.01794]]]},"properties":{"region":"Sinoe","district":"Greenville","floods_1m":1,"floods_2m":1,"floods_3m":1,"first_flood_m":1,"nests":true}},{"type":"Feature","geometry":{"type":"Polygon","coordinates":[[[-8.98229,5.06071],[-8.99655,5.06071],[-8.99655,5.07497],[-8.98229,5.07497],[-8.98229,5.06071]]]},"properties":{"region":"Sinoe","district":"Greenville","floods_1m":0,"floods_2m":1,"floods_3m":0,"first_flood_m":2,"nests":false}},{"type":"Feature","geometry":{"type":"Polygon","coordinates":[[[-9.01081,4.97625],[-9.01125,4.97625],[-9.01125,4.97597],[-9.01153,4.97597],[-9.01153,4.97542],[-9.01292,4.97542],[-9.01292,4.97569],[-9.01347,4.97569],[-9.01347,4.97597],[-9.01375,4.97597],[-9.01375,4.97653],[-9.01431,4.97653],[-9.01431,4.97681],[-9.01403,4.97681],[-9.01403,4.97708],[-9.01431,4.97708],[-9.01431,4.97736],[-9.01653,4.97736],[-9.01653,4.97764],[-9.01708,4.97764],[-9.01708,4.97736],[-9.01736,4.97736],[-9.01736,4.97764],[-9.01792,4.97764],[-9.01792,4.97792],[-9.01958,4.97792],[-9.01958,4.97819],[-9.02125,4.97819],[-9.02125,4.97847],[-9.0218,4.97847],[-9.0218,4.97819],[-9.02208,4.97819],[-9.02208,4.97847],[-9.02292,4.97847],[-9.02292,4.97875],[-9.02458,4.97875],[-9.02458,4.97847],[-9.02486,4.97847],[-9.02486,4.97875],[-9.02507,4.97875],[-9.02507,4.98942],[-9.01081,4.98942],[-9.01081,4.97625]]]},"properties":{"region":"Sinoe","district":"Greenville","floods_1m":1,"floods_2m":1,"floods_3m":1,"first_flood_m":1,"nests":true}},{"type":"Feature","geometry":{"type":"Polygon","coordinates":[[[-9.03933,4.98375],[-9.03986,4.98375],[-9.03986,4.98403],[-9.04125,4.98403],[-9.04125,4.9843],[-9.04264,4.9843],[-9.04264,4.98458],[-9.04347,4.98458],[-9.04347,4.98486],[-9.04403,4.98486],[-9.04403,4.98514],[-9.0443,4.98514],[-9.0443,4.98569],[-9.04458,4.98569],[-9.04458,4.9868],[-9.04514,4.9868],[-9.04514,4.98792],[-9.04542,4.98792],[-9.04542,4.98903],[-9.0457,4.98903],[-9.0457,4.98931],[-9.04542,4.98931],[-9.04542,4.98942],[-9.04486,4.98942],[-9.04486,4.98847],[-9.04458,4.98847],[-9.04458,4.98792],[-9.0443,4.98792],[-9.0443,4.98764],[-9.04403,4.98764],[-9.04403,4.98736],[-9.04347,4.98736],[-9.04347,4.98764],[-9.04319,4.98764],[-9.04319,4.98792],[-9.04292,4.98792],[-9.04292,4.98819],[-9.04236,4.98819],[-9.04236,4.98847],[-9.04208,4.98847],[-9.04208,4.98819],[-9.04181,4.98819],[-9.04181,4.98847],[-9.04153,4.98847],[-9.04153,4.98875],[-9.04125,4.98875],[-9.04125,4.98942],[-9.03933,4.98942],[-9.03933,4.98375]]]},"properties":{"region":"Sinoe","district":"Greenville","floods_1m":1,"floods_2m":1,"floods_3m":1,"first_flood_m":1,"nests":true}},{"type":"Feature","geometry":{"type":"Polygon","coordinates":[[[-9.01081,5.04645],[-9.02507,5.04645],[-9.02507,5.06071],[-9.01081,5.06071],[-9.01081,5.04645]]]},"properties":{"region":"Sinoe","district":"Greenville","floods_1m":0,"floods_2m":1,"floods_3m":0,"first_flood_m":2,"nests":false}},{"type":"Feature","geometry":{"type":"Polygon","coordinates":[[[-8.99655,4.97208],[-8.99708,4.97208],[-8.99708,4.97236],[-8.99792,4.97236],[-8.99792,4.97264],[-8.99875,4.97264],[-8.99875,4.97319],[-8.99986,4.97319],[-9.00069,4.97319],[-9.00069,4.97347],[-9.00236,4.97347],[-9.00236,4.97319],[-9.00319,4.97319],[-9.00319,4.97347],[-9.00431,4.97347],[-9.00431,4.97375],[-9.00542,4.97375],[-9.00542,4.97347],[-9.00569,4.97347],[-9.00569,4.97375],[-9.00708,4.97375],[-9.00708,4.97403],[-9.00764,4.97403],[-9.00764,4.97431],[-9.00875,4.97431],[-9.00875,4.97458],[-9.00931,4.97458],[-9.00931,4.97486],[-9.01014,4.97486],[-9.01014,4.97516],[-8.99655,4.97516],[-8.99655,4.97208]]]},"properties":{"region":"Sinoe","district":"Greenville","floods_1m":1,"floods_2m":1,"floods_3m":1,"first_flood_m":1,"nests":true}},{"type":"Feature","geometry":{"type":"Polygon","coordinates":[[[-9.06784,5.02292],[-9.06792,5.02292],[-9.06792,5.02319],[-9.06847,5.02319],[-9.06847,5.02347],[-9.06931,5.02347],[-9.06931,5.02375],[-9.06958,5.02375],[-9.06958,5.02403],[-9.07125,5.02403],[-9.07125,5.02431],[-9.07153,5.02431],[-9.07153,5.02458],[-9.07181,5.02458],[-9.07181,5.02486],[-9.07208,5.02486],[-9.07208,5.02514],[-9.07264,5.02514],[-9.07264,5.02542],[-9.07403,5.02542],[-9.07403,5.02569],[-9.07458,5.02569],[-9.07458,5.02597],[-9.07486,5.02597],[-9.07486,5.02625],[-9.07576,5.02625],[-9.07625,5.02625],[-9.07625,5.02653],[-9.07653,5.02653],[-9.07653,5.02664],[-9.07653,5.02681],[-9.07687,5.02681],[-9.07736,5.02681],[-9.07736,5.02708],[-9.07764,5.02708],[-9.07764,5.02719],[-9.07764,5.02736],[-9.07792,5.02736],[-9.07792,5.02764],[-9.07847,5.02764],[-9.07847,5.02792],[-9.07886,5.02792],[-9.07913,5.02792],[-9.07931,5.02792],[-9.07931,5.02819],[-9.07958,5.02819],[-9.07958,5.02847],[-9.07986,5.02847],[-9.07986,5.02875],[-9.08014,5.02875],[-9.08014,5.02903],[-9.08125,5.02903],[-9.08125,5.02931],[-9.08208,5.02931],[-9.08208,5.02919],[-9.08208,5.02903],[-9.0821,5.02903],[-9.0821,5.03219],[-9.06784,5.03219],[-9.06784,5.02292]]]},"properties":{"region":"Sinoe","district":"Greenville","floods_1m":1,"floods_2m":1,"floods_3m":1,"first_flood_m":1,"nests":true}},{"type":"Feature","geometry":{"type":"Polygon","coordinates":[[[-8.99655,4.98942],[-9.01081,4.98942],[-9.01081,5.00368],[-8.99655,5.00368],[-8.99655,4.98942]]]},"properties":{"region":"Sinoe","district":"Greenville","floods_1m":1,"floods_2m":1,"floods_3m":1,"first_flood_m":1,"nests":true}},{"type":"Feature","geometry":{"type":"Polygon","coordinates":[[[-9.01081,5.03219],[-9.02507,5.03219],[-9.02507,5.04645],[-9.01081,5.04645],[-9.01081,5.03219]]]},"properties":{"region":"Sinoe","district":"Greenville","floods_1m":0,"floods_2m":1,"floods_3m":0,"first_flood_m":2,"nests":false}},{"type":"Feature","geometry":{"type":"Polygon","coordinates":[[[-9.01081,5.06071],[-9.02507,5.06071],[-9.02507,5.07497],[-9.01081,5.07497],[-9.01081,5.06071]]]},"properties":{"region":"Sinoe","district":"Greenville","floods_1m":0,"floods_2m":1,"floods_3m":0,"first_flood_m":2,"nests":false}},{"type":"Feature","geometry":{"type":"Polygon","coordinates":[[[-8.99655,4.97516],[-9.01014,4.97516],[-9.01014,4.97542],[-9.01042,4.97542],[-9.01042,4.97597],[-9.0107,4.97597],[-9.0107,4.97625],[-9.01081,4.97625],[-9.01081,4.98942],[-8.99655,4.98942],[-8.99655,4.97516]]]},"properties":{"region":"Sinoe","district":"Greenville","floods_1m":1,"floods_2m":1,"floods_3m":1,"first_flood_m":1,"nests":true}},{"type":"Feature","geometry":{"type":"Polygon","coordinates":[[[-9.01081,4.98942],[-9.02507,4.98942],[-9.02507,5.00368],[-9.01081,5.00368],[-9.01081,4.98942]]]},"properties":{"region":"Sinoe","district":"Greenville","floods_1m":1,"floods_2m":1,"floods_3m":1,"first_flood_m":1,"nests":true}},{"type":"Feature","geometry":{"type":"MultiPolygon","coordinates":[[[[-9.01081,5.01958],[-9.0118,5.01958],[-9.0118,5.01986],[-9.01264,5.01986],[-9.01264,5.02014],[-9.01514,5.02014],[-9.01514,5.01986],[-9.01597,5.01986],[-9.01597,5.01958],[-9.0168,5.01958],[-9.0168,5.01931],[-9.01736,5.01931],[-9.01736,5.01903],[-9.01764,5.01903],[-9.01764,5.01875],[-9.01792,5.01875],[-9.01792,5.0182],[-9.0182,5.0182],[-9.0182,5.01794],[-9.02507,5.01794],[-9.02507,5.03219],[-9.01081,5.03219],[-9.01081,5.01958]]],[[[-9.01081,5.01875],[-9.01081,5.01794],[-9.01736,5.01794],[-9.01736,5.01819],[-9.01708,5.0182],[-9.01708,5.01847],[-9.0168,5.01847],[-9.0168,5.01875],[-9.01569,5.01875],[-9.01569,5.01903],[-9.01514,5.01903],[-9.01514,5.01931],[-9.01264,5.01931],[-9.01264,5.01903],[-9.0118,5.01903],[-9.0118,5.01875],[-9.01081,5.01875]]]]},"properties":{"region":"Sinoe","district":"Greenville","floods_1m":1,"floods_2m":1,"floods_3m":1,"first_flood_m":1,"nests":true}},{"type":"Feature","geometry":{"type":"Polygon","coordinates":[[[-9.11061,5.04097],[-9.11069,5.04097],[-9.11069,5.04125],[-9.11125,5.04125],[-9.11125,5.04153],[-9.11208,5.04153],[-9.11208,5.0418],[-9.11292,5.0418],[-9.11292,5.04208],[-9.11347,5.04208],[-9.11347,5.04236],[-9.11375,5.04236],[-9.11375,5.04208],[-9.11458,5.04208],[-9.11458,5.0418],[-9.11597,5.0418],[-9.11597,5.04208],[-9.11625,5.04208],[-9.11625,5.04289],[-9.11625,5.04375],[-9.11653,5.04375],[-9.11653,5.0443],[-9.11708,5.0443],[-9.11708,5.04458],[-9.11764,5.04458],[-9.11764,5.04486],[-9.11792,5.04486],[-9.11792,5.04514],[-9.11847,5.04514],[-9.11847,5.04542],[-9.11875,5.04542],[-9.11875,5.04569],[-9.1193,5.04569],[-9.1193,5.04542],[-9.12014,5.04542],[-9.12014,5.04569],[-9.12042,5.04569],[-9.12042,5.04597],[-9.12097,5.04597],[-9.12097,5.04645],[-9.11061,5.04645],[-9.11061,5.04097]]]},"properties":{"region":"Sinoe","district":"Greenville","floods_1m":1,"floods_2m":1,"floods_3m":1,"first_flood_m":1,"nests":true}},{"type":"Feature","geometry":{"type":"Polygon","coordinates":[[[-9.03933,5.01794],[-9.05358,5.01794],[-9.05358,5.03219],[-9.03933,5.03219],[-9.03933,5.01794]]]},"properties":{"region":"Sinoe","district":"Greenville","floods_1m":1,"floods_2m":1,"floods_3m":1,"first_flood_m":1,"nests":true}},{"type":"Feature","geometry":{"type":"MultiPolygon","coordinates":[[[[-9.01081,5.00368],[-9.02507,5.00368],[-9.02507,5.01486],[-9.02486,5.01486],[-9.02486,5.01458],[-9.02375,5.01458],[-9.02375,5.01431],[-9.02014,5.01431],[-9.02014,5.01458],[-9.01958,5.01458],[-9.01958,5.01486],[-9.01931,5.01486],[-9.01931,5.01514],[-9.01903,5.01514],[-9.01903,5.01542],[-9.01875,5.01542],[-9.01875,5.0157],[-9.01847,5.0157],[-9.01847,5.01625],[-9.0182,5.01625],[-9.0182,5.01653],[-9.01792,5.01653],[-9.01792,5.01708],[-9.01764,5.01708],[-9.01764,5.01764],[-9.01736,5.01764],[-9.01736,5.01794],[-9.01081,5.01794],[-9.01081,5.00368]]],[[[-9.02507,5.0157],[-9.02507,5.01794],[-9.0182,5.01794],[-9.0182,5.01792],[-9.01847,5.01792],[-9.01847,5.01736],[-9.01875,5.01736],[-9.01875,5.01653],[-9.01903,5.01653],[-9.01903,5.01625],[-9.01931,5.01625],[-9.01931,5.01597],[-9.01958,5.01597],[-9.01958,5.01542],[-9.02014,5.01542],[-9.02014,5.01514],[-9.02375,5.01514],[-9.02375,5.01542],[-9.02458,5.01542],[-9.02458,5.0157],[-9.02507,5.0157]]]]},"properties":{"region":"Sinoe","district":"Greenville","floods_1m":1,"floods_2m":1,"floods_3m":1,"first_flood_m":1,"nests":true}},{"type":"Feature","geometry":{"type":"Polygon","coordinates":[[[-8.99655,5.06071],[-9.01081,5.06071],[-9.01081,5.07497],[-8.99655,5.07497],[-8.99655,5.06071]]]},"properties":{"region":"Sinoe","district":"Greenville","floods_1m":0,"floods_2m":1,"floods_3m":0,"first_flood_m":2,"nests":false}},{"type":"Feature","geometry":{"type":"MultiPolygon","coordinates":[[[[-9.02507,4.98942],[-9.03933,4.98942],[-9.03933,4.99292],[-9.0393,4.99292],[-9.0393,4.99264],[-9.03847,4.99264],[-9.03847,4.99236],[-9.03819,4.99236],[-9.03819,4.99208],[-9.03792,4.99208],[-9.03792,4.99236],[-9.03764,4.99236],[-9.03764,4.99292],[-9.03708,4.99292],[-9.03708,4.9932],[-9.03542,4.9932],[-9.03542,4.99292],[-9.03486,4.99292],[-9.03486,4.9932],[-9.03375,4.9932],[-9.03375,4.99347],[-9.03347,4.99347],[-9.03347,4.99403],[-9.03319,4.99403],[-9.03319,4.99431],[-9.03292,4.99431],[-9.03292,4.9973],[-9.03292,4.99875],[-9.03264,4.99875],[-9.03264,4.99903],[-9.03236,4.99903],[-9.03236,4.99958],[-9.03181,4.99958],[-9.03181,4.99986],[-9.03181,5.00069],[-9.03153,5.00069],[-9.03153,5.00181],[-9.03125,5.00181],[-9.03125,5.00208],[-9.03097,5.00208],[-9.03097,5.00236],[-9.03069,5.00236],[-9.03069,5.00292],[-9.03014,5.00292],[-9.03014,5.00319],[-9.02875,5.00319],[-9.02875,5.00292],[-9.02847,5.00292],[-9.02847,5.00264],[-9.02819,5.00264],[-9.02819,5.00236],[-9.02764,5.00236],[-9.02764,5.00264],[-9.02736,5.00264],[-9.02736,5.00368],[-9.02507,5.00368],[-9.02507,4.98942]]],[[[-9.03875,5.00368],[-9.03264,5.00368],[-9.03264,5.00208],[-9.03292,5.00208],[-9.03292,5.00181],[-9.03319,5.00181],[-9.03319,5.00153],[-9.03347,5.00153],[-9.03347,5.00125],[-9.03375,5.00125],[-9.03375,5.00097],[-9.03403,5.00097],[-9.03403,5.00069],[-9.03458,5.00069],[-9.03458,5.00042],[-9.03486,5.00042],[-9.03486,5.00014],[-9.03486,4.99986],[-9.03514,4.99986],[-9.03514,4.99958],[-9.0357,4.99958],[-9.0357,4.99922],[-9.0357,4.99875],[-9.03597,4.99875],[-9.03597,4.99819],[-9.03625,4.99819],[-9.03625,4.99764],[-9.03597,4.99764],[-9.03597,4.99736],[-9.03625,4.99736],[-9.03625,4.99681],[-9.03653,4.99681],[-9.03653,4.99542],[-9.0368,4.99542],[-9.0368,4.99458],[-9.03708,4.99458],[-9.03708,4.99431],[-9.03736,4.99431],[-9.03736,4.99375],[-9.03819,4.99375],[-9.03819,4.99431],[-9.03847,4.99431],[-9.03847,4.99458],[-9.03819,4.99458],[-9.03819,4.9957],[-9.03792,4.9957],[-9.03792,4.99597],[-9.03764,4.99597],[-9.03764,4.99708],[-9.03736,4.99708],[-9.03736,4.99736],[-9.03764,4.99736],[-9.03764,4.99764],[-9.03736,4.99764],[-9.03736,4.99792],[-9.03764,4.99792],[-9.03764,4.99986],[-9.03792,4.99986],[-9.03792,5.00014],[-9.03819,5.00014],[-9.03819,5.00134],[-9.03819,5.00153],[-9.03847,5.00153],[-9.03847,5.00264],[-9.03875,5.00264],[-9.03875,5.00368]]],[[[-9.03933,4.99347],[-9.03933,4.99514],[-9.0393,4.99514],[-9.0393,4.99347],[-9.03933,4.99347]]]]},"properties":{"region":"Sinoe","district":"Greenville","floods_1m":1,"floods_2m":1,"floods_3m":1,"first_flood_m":1,"nests":true}},{"type":"Feature","geometry":{"type":"Polygon","coordinates":[[[-8.99655,5.03219],[-9.01081,5.03219],[-9.01081,5.04645],[-8.99655,5.04645],[-8.99655,5.03219]]]},"properties":{"region":"Sinoe","district":"Greenville","floods_1m":1,"floods_2m":1,"floods_3m":1,"first_flood_m":1,"nests":true}},{"type":"Feature","geometry":{"type":"Polygon","coordinates":[[[-8.93952,4.95542],[-8.93958,4.95542],[-8.93958,4.9557],[-8.94014,4.9557],[-8.94014,4.95597],[-8.94042,4.95597],[-8.94042,4.9557],[-8.9407,4.9557],[-8.9407,4.95597],[-8.94181,4.95597],[-8.94181,4.95625],[-8.94292,4.95625],[-8.94292,4.95653],[-8.94375,4.95653],[-8.94375,4.95681],[-8.94542,4.95681],[-8.94542,4.95708],[-8.94653,4.95708],[-8.94653,4.95736],[-8.94736,4.95736],[-8.94736,4.95764],[-8.94792,4.95764],[-8.94792,4.95792],[-8.94819,4.95792],[-8.94819,4.9582],[-8.94903,4.9582],[-8.94903,4.95792],[-8.94931,4.95792],[-8.94931,4.9582],[-8.95014,4.9582],[-8.95014,4.95847],[-8.95042,4.95847],[-8.95042,4.95875],[-8.95153,4.95875],[-8.95153,4.95903],[-8.9518,4.95903],[-8.9518,4.95875],[-8.95236,4.95875],[-8.95236,4.95903],[-8.95319,4.95903],[-8.95319,4.9593],[-8.95378,4.9593],[-8.95378,4.9609],[-8.93952,4.9609],[-8.93952,4.95542]]]},"properties":{"region":"Sinoe","district":"Kpayan","floods_1m":1,"floods_2m":1,"floods_3m":1,"first_flood_m":1,"nests":true}},{"type":"Feature","geometry":{"type":"Polygon","coordinates":[[[-8.93952,4.9609],[-8.95378,4.9609],[-8.95378,4.97516],[-8.93952,4.97516],[-8.93952,4.9609]]]},"properties":{"region":"Sinoe","district":"Kpayan","floods_1m":1,"floods_2m":1,"floods_3m":1,"first_flood_m":1,"nests":true}},{"type":"Feature","geometry":{"type":"Polygon","coordinates":[[[-8.89675,4.9609],[-8.911,4.9609],[-8.911,4.97516],[-8.89675,4.97516],[-8.89675,4.9609]]]},"properties":{"region":"Sinoe","district":"Kpayan","floods_1m":1,"floods_2m":1,"floods_3m":1,"first_flood_m":1,"nests":true}},{"type":"Feature","geometry":{"type":"Polygon","coordinates":[[[-8.85397,4.94954],[-8.862,4.94713],[-8.8623,4.94665],[-8.86823,4.94665],[-8.86823,4.9609],[-8.85397,4.9609],[-8.85397,4.94954]]]},"properties":{"region":"Sinoe","district":"Kpayan","floods_1m":1,"floods_2m":1,"floods_3m":1,"first_flood_m":1,"nests":true}},{"type":"Feature","geometry":{"type":"Polygon","coordinates":[[[-8.93952,4.98942],[-8.95378,4.98942],[-8.95378,5.00368],[-8.93952,5.00368],[-8.93952,4.98942]]]},"properties":{"region":"Sinoe","district":"Kpayan","floods_1m":1,"floods_2m":0,"floods_3m":1,"first_flood_m":1,"nests":false}},{"type":"Feature","geometry":{"type":"Polygon","coordinates":[[[-8.88249,4.93542],[-8.88319,4.93542],[-8.88319,4.9357],[-8.88347,4.9357],[-8.88347,4.93542],[-8.88375,4.93542],[-8.88375,4.9357],[-8.88431,4.9357],[-8.88431,4.93542],[-8.88458,4.93542],[-8.88458,4.9357],[-8.88514,4.9357],[-8.88514,4.93597],[-8.8857,4.93597],[-8.8857,4.93653],[-8.8868,4.93653],[-8.8868,4.9368],[-8.88708,4.9368],[-8.88708,4.93708],[-8.88792,4.93708],[-8.88792,4.93736],[-8.88819,4.93736],[-8.88819,4.93764],[-8.88847,4.93764],[-8.88847,4.93792],[-8.88931,4.93792],[-8.88931,4.93819],[-8.89208,4.93819],[-8.89208,4.93847],[-8.89347,4.93847],[-8.89347,4.93875],[-8.89403,4.93875],[-8.89403,4.93903],[-8.89458,4.93903],[-8.89458,4.9393],[-8.89486,4.9393],[-8.89486,4.93958],[-8.89569,4.93958],[-8.89569,4.93986],[-8.89675,4.93986],[-8.89675,4.94665],[-8.88249,4.94665],[-8.88249,4.93542]]]},"properties":{"region":"Sinoe","district":"Kpayan","floods_1m":1,"floods_2m":1,"floods_3m":1,"first_flood_m":1,"nests":true}},{"type":"Feature","geometry":{"type":"Polygon","coordinates":[[[-8.96804,4.96403],[-8.96847,4.96403],[-8.96847,4.9643],[-8.96903,4.9643],[-8.96903,4.96458],[-8.97042,4.96458],[-8.97042,4.96486],[-8.97097,4.96486],[-8.97097,4.96514],[-8.97153,4.96514],[-8.97153,4.96542],[-8.97292,4.96542],[-8.97292,4.96514],[-8.97319,4.96514],[-8.97319,4.96542],[-8.97403,4.96542],[-8.97403,4.96569],[-8.97486,4.96569],[-8.97486,4.96597],[-8.97569,4.96597],[-8.97569,4.96625],[-8.97599,4.96625],[-8.97625,4.96643],[-8.97625,4.96653],[-8.97643,4.96653],[-8.98112,4.97028],[-8.98229,4.97261],[-8.98229,4.97516],[-8.96804,4.97516],[-8.96804,4.96403]]]},"properties":{"region":"Sinoe","district":"Kpayan","floods_1m":1,"floods_2m":1,"floods_3m":1,"first_flood_m":1,"nests":true}},{"type":"Feature","geometry":{"type":"Polygon","coordinates":[[[-8.93952,5.00368],[-8.95378,5.00368],[-8.95378,5.01794],[-8.93952,5.01794],[-8.93952,5.00368]]]},"properties":{"region":"Sinoe","district":"Kpayan","floods_1m":0,"floods_2m":1,"floods_3m":0,"first_flood_m":2,"nests":false}},{"type":"Feature","geometry":{"type":"Polygon","coordinates":[[[-8.95378,4.9593],[-8.95403,4.9593],[-8.95403,4.95958],[-8.95458,4.95958],[-8.95458,4.95986],[-8.95514,4.95986],[-8.95514,4.96014],[-8.95597,4.96014],[-8.95597,4.96042],[-8.95708,4.96042],[-8.95708,4.96069],[-8.95764,4.96069],[-8.95764,4.9609],[-8.95378,4.9609],[-8.95378,4.9593]]]},"properties":{"region":"Sinoe","district":"Kpayan","floods_1m":1,"floods_2m":1,"floods_3m":1,"first_flood_m":1,"nests":true}},{"type":"Feature","geometry":{"type":"Polygon","coordinates":[[[-8.78268,4.9609],[-8.79694,4.9609],[-8.79694,4.97516],[-8.78268,4.97516],[-8.78268,4.9609]]]},"properties":{"region":"Sinoe","district":"Kpayan","floods_1m":0,"floods_2m":1,"floods_3m":0,"first_flood_m":2,"nests":false}},{"type":"Feature","geometry":{"type":"Polygon","coordinates":[[[-8.92526,4.9609],[-8.93952,4.9609],[-8.93952,4.97516],[-8.92526,4.97516],[-8.92526,4.9609]]]},"properties":{"region":"Sinoe","district":"Kpayan","floods_1m":1,"floods_2m":1,"floods_3m":1,"first_flood_m":1,"nests":true}},{"type":"Feature","geometry":{"type":"Polygon","coordinates":[[[-8.911,4.9609],[-8.92526,4.9609],[-8.92526,4.97516],[-8.911,4.97516],[-8.911,4.9609]]]},"properties":{"region":"Sinoe","district":"Kpayan","floods_1m":1,"floods_2m":1,"floods_3m":1,"first_flood_m":1,"nests":true}},{"type":"Feature","geometry":{"type":"Polygon","coordinates":[[[-8.88249,4.94665],[-8.89675,4.94665],[-8.89675,4.9609],[-8.88249,4.9609],[-8.88249,4.94665]]]},"properties":{"region":"Sinoe","district":"Kpayan","floods_1m":1,"floods_2m":1,"floods_3m":1,"first_flood_m":1,"nests":true}},{"type":"Feature","geometry":{"type":"Polygon","coordinates":[[[-8.79694,4.9609],[-8.8112,4.9609],[-8.8112,4.97516],[-8.79694,4.97516],[-8.79694,4.9609]]]},"properties":{"region":"Sinoe","district":"Kpayan","floods_1m":0,"floods_2m":1,"floods_3m":0,"first_flood_m":2,"nests":false}},{"type":"Feature","geometry":{"type":"Polygon","coordinates":[[[-8.911,4.97516],[-8.92526,4.97516],[-8.92526,4.98942],[-8.911,4.98942],[-8.911,4.97516]]]},"properties":{"region":"Sinoe","district":"Kpayan","floods_1m":1,"floods_2m":1,"floods_3m":1,"first_flood_m":1,"nests":true}},{"type":"Feature","geometry":{"type":"Polygon","coordinates":[[[-8.86823,4.94665],[-8.88249,4.94665],[-8.88249,4.9609],[-8.86823,4.9609],[-8.86823,4.94665]]]},"properties":{"region":"Sinoe","district":"Kpayan","floods_1m":1,"floods_2m":1,"floods_3m":1,"first_flood_m":1,"nests":true}},{"type":"Feature","geometry":{"type":"Polygon","coordinates":[[[-8.89675,4.98942],[-8.911,4.98942],[-8.911,5.00368],[-8.89675,5.00368],[-8.89675,4.98942]]]},"properties":{"region":"Sinoe","district":"Kpayan","floods_1m":0,"floods_2m":1,"floods_3m":0,"first_flood_m":2,"nests":false}},{"type":"Feature","geometry":{"type":"Polygon","coordinates":[[[-8.89675,4.93986],[-8.89792,4.93986],[-8.89792,4.94014],[-8.89819,4.94014],[-8.89819,4.94042],[-8.89931,4.94042],[-8.89931,4.94069],[-8.89958,4.94069],[-8.89958,4.94097],[-8.90014,4.94097],[-8.90014,4.94125],[-8.90069,4.94125],[-8.90069,4.94153],[-8.90097,4.94153],[-8.90097,4.94181],[-8.90347,4.94181],[-8.90347,4.94208],[-8.90403,4.94208],[-8.90403,4.94236],[-8.90458,4.94236],[-8.90458,4.94264],[-8.90542,4.94264],[-8.90542,4.94292],[-8.90625,4.94292],[-8.90625,4.94319],[-8.90653,4.94319],[-8.90653,4.94347],[-8.90736,4.94347],[-8.90736,4.94403],[-8.90819,4.94403],[-8.90819,4.94431],[-8.90875,4.94431],[-8.90875,4.94458],[-8.90958,4.94458],[-8.90958,4.94486],[-8.90986,4.94486],[-8.90986,4.94514],[-8.91069,4.94514],[-8.91069,4.94542],[-8.911,4.94542],[-8.911,4.94665],[-8.89675,4.94665],[-8.89675,4.93986]]]},"properties":{"region":"Sinoe","district":"Kpayan","floods_1m":1,"floods_2m":1,"floods_3m":1,"first_flood_m":1,"nests":true}},{"type":"Feature","geometry":{"type":"Polygon","coordinates":[[[-8.83971,4.95171],[-8.84901,4.95103],[-8.85397,4.94954],[-8.85397,4.9609],[-8.83971,4.9609],[-8.83971,4.95171]]]},"properties":{"region":"Sinoe","district":"Kpayan","floods_1m":0,"floods_2m":1,"floods_3m":0,"first_flood_m":2,"nests":false}},{"type":"Feature","geometry":{"type":"Polygon","coordinates":[[[-8.92526,4.98942],[-8.93952,4.98942],[-8.93952,5.00368],[-8.92526,5.00368],[-8.92526,4.98942]]]},"properties":{"region":"Sinoe","district":"Kpayan","floods_1m":1,"floods_2m":1,"floods_3m":1,"first_flood_m":1,"nests":true}},{"type":"Feature","geometry":{"type":"Polygon","coordinates":[[[-8.92526,4.95153],[-8.92625,4.95153],[-8.92625,4.95181],[-8.92661,4.95181],[-8.92708,4.95181],[-8.92708,4.95208],[-8.92764,4.95208],[-8.92764,4.95236],[-8.92875,4.95236],[-8.92875,4.95264],[-8.93042,4.95264],[-8.93042,4.95292],[-8.93069,4.95292],[-8.93069,4.95319],[-8.93153,4.95319],[-8.93153,4.95347],[-8.93264,4.95347],[-8.93264,4.95375],[-8.9332,4.95375],[-8.9332,4.95403],[-8.93347,4.95403],[-8.93347,4.95431],[-8.93403,4.95431],[-8.93403,4.95458],[-8.93569,4.95458],[-8.93569,4.95486],[-8.9368,4.95486],[-8.9368,4.95514],[-8.93764,4.95514],[-8.93764,4.95542],[-8.93847,4.95542],[-8.93847,4.95514],[-8.93875,4.95514],[-8.93875,4.95542],[-8.93952,4.95542],[-8.93952,4.9609],[-8.92526,4.9609],[-8.92526,4.95153]]]},"properties":{"region":"Sinoe","district":"Kpayan","floods_1m":1,"floods_2m":1,"floods_3m":1,"first_flood_m":1,"nests":true}},{"type":"Feature","geometry":{"type":"Polygon","coordinates":[[[-8.95378,4.9609],[-8.95764,4.9609],[-8.95764,4.96097],[-8.95875,4.96097],[-8.95875,4.96125],[-8.96014,4.96125],[-8.96014,4.96153],[-8.96097,4.96153],[-8.96097,4.9618],[-8.96153,4.9618],[-8.96153,4.96208],[-8.96208,4.96208],[-8.96208,4.96236],[-8.96264,4.96236],[-8.96264,4.96264],[-8.96319,4.96264],[-8.96319,4.96292],[-8.96458,4.96292],[-8.96458,4.96319],[-8.96625,4.96319],[-8.96625,4.96347],[-8.96736,4.96347],[-8.96736,4.96375],[-8.96792,4.96375],[-8.96792,4.96403],[-8.96804,4.96403],[-8.96804,4.97516],[-8.95378,4.97516],[-8.95378,4.9609]]]},"properties":{"region":"Sinoe","district":"Kpayan","floods_1m":1,"floods_2m":1,"floods_3m":1,"first_flood_m":1,"nests":true}},{"type":"Feature","geometry":{"type":"Polygon","coordinates":[[[-8.89675,4.94665],[-8.911,4.94665],[-8.911,4.9609],[-8.89675,4.9609],[-8.89675,4.94665]]]},"properties":{"region":"Sinoe","district":"Kpayan","floods_1m":1,"floods_2m":1,"floods_3m":1,"first_flood_m":1,"nests":true}},{"type":"Feature","geometry":{"type":"Polygon","coordinates":[[[-8.911,4.98942],[-8.92526,4.98942],[-8.92526,5.00368],[-8.911,5.00368],[-8.911,4.98942]]]},"properties":{"region":"Sinoe","district":"Kpayan","floods_1m":1,"floods_2m":1,"floods_3m":1,"first_flood_m":1,"nests":true}},{"type":"Feature","geometry":{"type":"Polygon","coordinates":[[[-8.89675,4.97516],[-8.911,4.97516],[-8.911,4.98942],[-8.89675,4.98942],[-8.89675,4.97516]]]},"properties":{"region":"Sinoe","district":"Kpayan","floods_1m":1,"floods_2m":1,"floods_3m":1,"first_flood_m":1,"nests":true}},{"type":"Feature","geometry":{"type":"Polygon","coordinates":[[[-8.86823,4.93638],[-8.87001,4.93239],[-8.87764,4.93239],[-8.87764,4.93264],[-8.87819,4.93264],[-8.87819,4.93292],[-8.87847,4.93292],[-8.87847,4.9332],[-8.87903,4.9332],[-8.87903,4.93347],[-8.8793,4.93347],[-8.8793,4.93375],[-8.88014,4.93375],[-8.88014,4.93403],[-8.8807,4.93403],[-8.8807,4.93431],[-8.88153,4.93431],[-8.88153,4.93458],[-8.88181,4.93458],[-8.88181,4.93486],[-8.88208,4.93486],[-8.88208,4.93514],[-8.88236,4.93514],[-8.88236,4.93542],[-8.88249,4.93542],[-8.88249,4.94665],[-8.86823,4.94665],[-8.86823,4.93638]]]},"properties":{"region":"Sinoe","district":"Kpayan","floods_1m":1,"floods_2m":1,"floods_3m":1,"first_flood_m":1,"nests":true}},{"type":"Feature","geometry":{"type":"Polygon","coordinates":[[[-8.93952,4.97516],[-8.95378,4.97516],[-8.95378,4.98942],[-8.93952,4.98942],[-8.93952,4.97516]]]},"properties":{"region":"Sinoe","district":"Kpayan","floods_1m":1,"floods_2m":1,"floods_3m":1,"first_flood_m":1,"nests":true}},{"type":"Feature","geometry":{"type":"Polygon","coordinates":[[[-8.911,4.94665],[-8.91375,4.94665],[-8.91375,4.94708],[-8.9143,4.94708],[-8.9143,4.94736],[-8.91542,4.94736],[-8.91542,4.94764],[-8.91597,4.94764],[-8.91597,4.94792],[-8.91681,4.94792],[-8.91681,4.94819],[-8.91736,4.94819],[-8.91736,4.94847],[-8.91764,4.94847],[-8.91764,4.95014],[-8.91736,4.95014],[-8.91736,4.95042],[-8.91708,4.95042],[-8.91708,4.95069],[-8.91681,4.95069],[-8.91681,4.95097],[-8.91653,4.95097],[-8.91653,4.95125],[-8.91681,4.95125],[-8.91681,4.95181],[-8.91708,4.95181],[-8.91708,4.95208],[-8.91736,4.95208],[-8.91736,4.95236],[-8.91792,4.95236],[-8.91792,4.95181],[-8.91819,4.95181],[-8.91819,4.95153],[-8.91875,4.95153],[-8.91875,4.95125],[-8.91931,4.95125],[-8.91931,4.95097],[-8.91986,4.95097],[-8.91986,4.95042],[-8.92042,4.95042],[-8.92042,4.95014],[-8.92208,4.95014],[-8.92208,4.95042],[-8.92292,4.95042],[-8.92292,4.95014],[-8.92319,4.95014],[-8.92319,4.95042],[-8.92403,4.95042],[-8.92403,4.95069],[-8.92458,4.95069],[-8.92458,4.95097],[-8.92486,4.95097],[-8.92486,4.95153],[-8.92526,4.95153],[-8.92526,4.9609],[-8.911,4.9609],[-8.911,4.94665]]]},"properties":{"region":"Sinoe","district":"Kpayan","floods_1m":1,"floods_2m":1,"floods_3m":1,"first_flood_m":1,"nests":true}},{"type":"Feature","geometry":{"type":"Polygon","coordinates":[[[-8.911,4.94542],[-8.91125,4.94542],[-8.91125,4.94569],[-8.91208,4.94569],[-8.91208,4.94597],[-8.91292,4.94597],[-8.91292,4.94625],[-8.91347,4.94625],[-8.91347,4.94653],[-8.91375,4.94653],[-8.91375,4.94665],[-8.911,4.94665],[-8.911,4.94542]]]},"properties":{"region":"Sinoe","district":"Kpayan","floods_1m":1,"floods_2m":1,"floods_3m":1,"first_flood_m":1,"nests":true}},{"type":"Feature","geometry":{"type":"Polygon","coordinates":[[[-8.88249,4.97516],[-8.89675,4.97516],[-8.89675,4.98942],[-8.88249,4.98942],[-8.88249,4.97516]]]},"properties":{"region":"Sinoe","district":"Kpayan","floods_1m":1,"floods_2m":1,"floods_3m":1,"first_flood_m":1,"nests":true}}]}