{"type":"FeatureCollection","features":[{"type":"Feature","geometry":{"type":"Polygon","coordinates":[[[1.49733,6.22986],[1.48307,6.22986],[1.48307,6.24412],[1.49733,6.24412],[1.49733,6.22986]]]},"properties":{"region":"Maritime","district":"Vo","floods_1m":1,"floods_2m":1,"floods_3m":1,"first_flood_m":1,"nests":true,"area_km2":2.499}},{"type":"Feature","geometry":{"type":"Polygon","coordinates":[[[1.60421,6.31541],[1.59713,6.31541],[1.59713,6.32967],[1.60026,6.32967],[1.60056,6.32861],[1.60222,6.32444],[1.60305,6.32028],[1.60421,6.31541]]]},"properties":{"region":"Maritime","district":"Vo","floods_1m":1,"floods_2m":1,"floods_3m":1,"first_flood_m":1,"nests":true,"area_km2":0.931}},{"type":"Feature","geometry":{"type":"Polygon","coordinates":[[[1.58287,6.23111],[1.58,6.23111],[1.57427,6.22986],[1.56862,6.22986],[1.56862,6.24412],[1.58287,6.24412],[1.58287,6.23111]]]},"properties":{"region":"Maritime","district":"Vo","floods_1m":1,"floods_2m":1,"floods_3m":1,"first_flood_m":1,"nests":true,"area_km2":2.41}},{"type":"Feature","geometry":{"type":"Polygon","coordinates":[[[1.58287,6.27264],[1.56862,6.27264],[1.56862,6.2869],[1.58287,6.2869],[1.58287,6.27264]]]},"properties":{"region":"Maritime","district":"Vo","floods_1m":1,"floods_2m":1,"floods_3m":1,"first_flood_m":1,"nests":true,"area_km2":2.497}},{"type":"Feature","geometry":{"type":"Polygon","coordinates":[[[1.38326,6.35819],[1.37929,6.35819],[1.37889,6.36083],[1.37806,6.36555],[1.37667,6.37139],[1.37637,6.37244],[1.38326,6.37244],[1.38326,6.35819]]]},"properties":{"region":"Maritime","district":"Vo","floods_1m":1,"floods_2m":1,"floods_3m":1,"first_flood_m":1,"nests":true,"area_km2":0.923}},{"type":"Feature","geometry":{"type":"Polygon","coordinates":[[[1.31197,6.18709],[1.29771,6.18709],[1.29771,6.19083],[1.30111,6.19083],[1.30611,6.1925],[1.31028,6.19472],[1.31197,6.19519],[1.31197,6.18709]]]},"properties":{"region":"Maritime","district":"Golfe (incl Lomé)","floods_1m":1,"floods_2m":1,"floods_3m":1,"first_flood_m":1,"nests":true,"area_km2":0.935}},{"type":"Feature","geometry":{"type":"Polygon","coordinates":[[[1.24068,6.14432],[1.22642,6.14432],[1.22642,6.15857],[1.24068,6.15857],[1.24068,6.14432]]]},"properties":{"region":"Maritime","district":"Golfe (incl Lomé)","floods_1m":1,"floods_2m":1,"floods_3m":1,"first_flood_m":1,"nests":true,"area_km2":2.498}},{"type":"Feature","geometry":{"type":"Polygon","coordinates":[[[1.32623,6.18709],[1.31197,6.18709],[1.31197,6.19519],[1.31528,6.19611],[1.32056,6.19833],[1.32472,6.2],[1.32623,6.20066],[1.32623,6.18709]]]},"properties":{"region":"Maritime","district":"Golfe (incl Lomé)","floods_1m":1,"floods_2m":1,"floods_3m":1,"first_flood_m":1,"nests":true,"area_km2":1.869}},{"type":"Feature","geometry":{"type":"Polygon","coordinates":[[[1.39752,6.1826],[1.39752,6.18069],[1.39681,6.18069],[1.39681,6.18042],[1.39292,6.18042],[1.39292,6.18014],[1.39236,6.18014],[1.39236,6.17986],[1.39208,6.17986],[1.39208,6.17958],[1.39181,6.17958],[1.39181,6.17931],[1.39125,6.17931],[1.39125,6.17903],[1.39069,6.17903],[1.39069,6.17875],[1.3893,6.17875],[1.3893,6.17847],[1.3882,6.17847],[1.3882,6.1782],[1.38681,6.1782],[1.38681,6.17792],[1.38653,6.17792],[1.38653,6.17764],[1.38569,6.17764],[1.38569,6.17736],[1.38458,6.17736],[1.38458,6.17764],[1.38403,6.17764],[1.38403,6.17736],[1.38326,6.17736],[1.38326,6.18709],[1.39632,6.18709],[1.39639,6.18667],[1.39752,6.1826]]]},"properties":{"region":"Maritime","district":"Golfe (incl Lomé)","floods_1m":1,"floods_2m":1,"floods_3m":1,"first_flood_m":1,"nests":true,"area_km2":1.376}},{"type":"Feature","geometry":{"type":"Polygon","coordinates":[[[1.369,6.18709],[1.35475,6.18709],[1.35475,6.20135],[1.369,6.20135],[1.369,6.18709]]]},"properties":{"region":"Maritime","district":"Golfe (incl Lomé)","floods_1m":1,"floods_2m":1,"floods_3m":1,"first_flood_m":1,"nests":true,"area_km2":2.498}},{"type":"Feature","geometry":{"type":"Polygon","coordinates":[[[1.24068,6.12875],[1.24068,6.13006],[1.24514,6.13006],[1.24514,6.12986],[1.24458,6.12986],[1.24458,6.12958],[1.24431,6.12958],[1.24431,6.12931],[1.24319,6.12931],[1.24319,6.12903],[1.24125,6.12903],[1.24125,6.12875],[1.24068,6.12875]]]},"properties":{"region":"Maritime","district":"Golfe (incl Lomé)","floods_1m":1,"floods_2m":1,"floods_3m":1,"first_flood_m":1,"nests":true,"area_km2":0.047}},{"type":"Feature","geometry":{"type":"Polygon","coordinates":[[[1.38326,6.20135],[1.369,6.20135],[1.369,6.21148],[1.37028,6.21167],[1.37528,6.21306],[1.38167,6.21389],[1.38326,6.21405],[1.38326,6.20135]]]},"properties":{"region":"Maritime","district":"Golfe (incl Lomé)","floods_1m":1,"floods_2m":1,"floods_3m":1,"first_flood_m":1,"nests":true,"area_km2":2.037}},{"type":"Feature","geometry":{"type":"Polygon","coordinates":[[[1.28346,6.1393],[1.2832,6.1393],[1.2832,6.13847],[1.28292,6.13847],[1.28292,6.13792],[1.2832,6.13792],[1.2832,6.13708],[1.28346,6.13708],[1.28346,6.13597],[1.28317,6.13597],[1.27625,6.13597],[1.27625,6.13625],[1.27542,6.13625],[1.27542,6.13597],[1.27264,6.13597],[1.27264,6.13569],[1.27236,6.13569],[1.27236,6.13542],[1.26986,6.13542],[1.26986,6.13514],[1.26958,6.13514],[1.26958,6.13403],[1.2692,6.13403],[1.2692,6.14432],[1.28346,6.14432],[1.28346,6.1393]]]},"properties":{"region":"Maritime","district":"Golfe (incl Lomé)","floods_1m":1,"floods_2m":1,"floods_3m":1,"first_flood_m":1,"nests":true,"area_km2":1.482}},{"type":"Feature","geometry":{"type":"Polygon","coordinates":[[[1.29771,6.18709],[1.28346,6.18709],[1.28346,6.19028],[1.29,6.19028],[1.29555,6.19083],[1.29771,6.19083],[1.29771,6.18709]]]},"properties":{"region":"Maritime","district":"Golfe (incl Lomé)","floods_1m":1,"floods_2m":1,"floods_3m":1,"first_flood_m":1,"nests":true,"area_km2":0.592}},{"type":"Feature","geometry":{"type":"Polygon","coordinates":[[[1.21217,6.13006],[1.19791,6.13006],[1.19791,6.14432],[1.21217,6.14432],[1.21217,6.13006]]]},"properties":{"region":"Maritime","district":"Golfe (incl Lomé)","floods_1m":1,"floods_2m":1,"floods_3m":1,"first_flood_m":1,"nests":true,"area_km2":2.5}},{"type":"Feature","geometry":{"type":"Polygon","coordinates":[[[1.19791,6.1158],[1.19175,6.1158],[1.19171,6.13006],[1.19791,6.13006],[1.19791,6.1158]]]},"properties":{"region":"Maritime","district":"Golfe (incl Lomé)","floods_1m":1,"floods_2m":1,"floods_3m":1,"first_flood_m":1,"nests":true,"area_km2":1.083}},{"type":"Feature","geometry":{"type":"Polygon","coordinates":[[[1.35475,6.18709],[1.34049,6.18709],[1.34049,6.20135],[1.35475,6.20135],[1.35475,6.18709]]]},"properties":{"region":"Maritime","district":"Golfe (incl Lomé)","floods_1m":1,"floods_2m":1,"floods_3m":1,"first_flood_m":1,"nests":true,"area_km2":2.5}},{"type":"Feature","geometry":{"type":"Polygon","coordinates":[[[1.22642,6.22986],[1.21217,6.22986],[1.21217,6.24412],[1.22642,6.24412],[1.22642,6.22986]]]},"properties":{"region":"Maritime","district":"Golfe (incl Lomé)","floods_1m":1,"floods_2m":1,"floods_3m":1,"first_flood_m":1,"nests":true,"area_km2":2.498}},{"type":"Feature","geometry":{"type":"Polygon","coordinates":[[[1.21217,6.11847],[1.2118,6.11847],[1.2118,6.1182],[1.21125,6.1182],[1.21125,6.11792],[1.21097,6.11792],[1.21097,6.11764],[1.21042,6.11764],[1.21042,6.11736],[1.21014,6.11736],[1.21014,6.11708],[1.20958,6.11708],[1.20958,6.11681],[1.20903,6.11681],[1.20903,6.11653],[1.20875,6.11653],[1.20875,6.11625],[1.20847,6.11625],[1.20847,6.11597],[1.20819,6.11597],[1.20819,6.1158],[1.19791,6.1158],[1.19791,6.13006],[1.21217,6.13006],[1.21217,6.11847]]]},"properties":{"region":"Maritime","district":"Golfe (incl Lomé)","floods_1m":1,"floods_2m":1,"floods_3m":1,"first_flood_m":1,"nests":true,"area_km2":2.426}},{"type":"Feature","geometry":{"type":"Polygon","coordinates":[[[1.24068,6.23305],[1.24068,6.22986],[1.22642,6.22986],[1.22642,6.24412],[1.23391,6.24412],[1.23472,6.24305],[1.23639,6.23944],[1.23944,6.23583],[1.24068,6.23305]]]},"properties":{"region":"Maritime","district":"Golfe (incl Lomé)","floods_1m":0,"floods_2m":0,"floods_3m":1,"first_flood_m":3,"nests":true,"area_km2":2.044}},{"type":"Feature","geometry":{"type":"Polygon","coordinates":[[[1.31197,6.15347],[1.31153,6.15347],[1.31153,6.15319],[1.31097,6.15319],[1.31097,6.15292],[1.31014,6.15292],[1.31014,6.15264],[1.30958,6.15264],[1.30958,6.15236],[1.30875,6.15236],[1.30875,6.15208],[1.30847,6.15208],[1.30847,6.15181],[1.30819,6.15181],[1.30819,6.15208],[1.30708,6.15208],[1.30708,6.15181],[1.30653,6.15181],[1.30653,6.15153],[1.30625,6.15153],[1.30625,6.15125],[1.30569,6.15125],[1.30569,6.15097],[1.30514,6.15097],[1.30514,6.15069],[1.30486,6.15069],[1.30486,6.15097],[1.30458,6.15097],[1.30458,6.15069],[1.30375,6.15069],[1.30375,6.15042],[1.30347,6.15042],[1.30347,6.15014],[1.30208,6.15014],[1.30208,6.14986],[1.30153,6.14986],[1.30153,6.14958],[1.30097,6.14958],[1.30097,6.1493],[1.29986,6.1493],[1.29986,6.14903],[1.29931,6.14903],[1.29931,6.14875],[1.29875,6.14875],[1.29875,6.14847],[1.29771,6.14847],[1.29771,6.15857],[1.31197,6.15857],[1.31197,6.15347]]]},"properties":{"region":"Maritime","district":"Golfe (incl Lomé)","floods_1m":1,"floods_2m":1,"floods_3m":1,"first_flood_m":1,"nests":true,"area_km2":1.347}},{"type":"Feature","geometry":{"type":"MultiPolygon","coordinates":[[[[1.28875,6.14432],[1.29097,6.14432],[1.29097,6.14208],[1.29069,6.14208],[1.29069,6.13958],[1.29042,6.13958],[1.29042,6.13903],[1.29069,6.13903],[1.29069,6.13847],[1.29042,6.13847],[1.29042,6.13792],[1.29014,6.13792],[1.29014,6.13764],[1.2893,6.13764],[1.2893,6.13845],[1.2893,6.13875],[1.28903,6.13875],[1.28903,6.13903],[1.2893,6.13903],[1.2893,6.1393],[1.28958,6.1393],[1.28958,6.14153],[1.2893,6.14153],[1.2893,6.14181],[1.28958,6.14181],[1.28958,6.14375],[1.28903,6.14375],[1.28903,6.14431],[1.28875,6.14431],[1.28875,6.14432]]],[[[1.28346,6.1393],[1.28346,6.14432],[1.28708,6.14432],[1.28708,6.14431],[1.28653,6.14431],[1.28653,6.14375],[1.28625,6.14375],[1.28625,6.14264],[1.28597,6.14264],[1.28597,6.14153],[1.28569,6.14153],[1.28569,6.14125],[1.28514,6.14125],[1.28514,6.1407],[1.28458,6.1407],[1.28458,6.14042],[1.2843,6.14042],[1.2843,6.14014],[1.28403,6.14014],[1.28403,6.13986],[1.28375,6.13986],[1.28375,6.13958],[1.28347,6.13958],[1.28347,6.1393],[1.28346,6.1393]]],[[[1.28346,6.13597],[1.28346,6.13708],[1.28375,6.13708],[1.28375,6.13653],[1.2843,6.13653],[1.2843,6.13645],[1.2843,6.13597],[1.28346,6.13597]]],[[[1.2882,6.13486],[1.2882,6.13458],[1.29014,6.13458],[1.29014,6.13431],[1.29069,6.13431],[1.29069,6.13403],[1.29097,6.13403],[1.29097,6.13431],[1.29181,6.13431],[1.29181,6.13375],[1.28792,6.13375],[1.28792,6.13403],[1.28736,6.13403],[1.28736,6.13375],[1.28708,6.13375],[1.28708,6.13403],[1.28653,6.13403],[1.28653,6.13431],[1.28625,6.13431],[1.28625,6.13458],[1.28597,6.13458],[1.28597,6.13486],[1.28653,6.13486],[1.28653,6.13458],[1.28708,6.13458],[1.28708,6.13486],[1.2882,6.13486]]]]},"properties":{"region":"Maritime","district":"Golfe (incl Lomé)","floods_1m":1,"floods_2m":1,"floods_3m":1,"first_flood_m":1,"nests":true,"area_km2":0.285}},{"type":"Feature","geometry":{"type":"Polygon","coordinates":[[[1.34049,6.18709],[1.32623,6.18709],[1.32623,6.20066],[1.32781,6.20135],[1.34049,6.20135],[1.34049,6.18709]]]},"properties":{"region":"Maritime","district":"Golfe (incl Lomé)","floods_1m":1,"floods_2m":1,"floods_3m":1,"first_flood_m":1,"nests":true,"area_km2":2.493}},{"type":"Feature","geometry":{"type":"Polygon","coordinates":[[[1.39632,6.18709],[1.38326,6.18709],[1.38326,6.20135],[1.39637,6.20135],[1.39556,6.19695],[1.39556,6.19167],[1.39632,6.18709]]]},"properties":{"region":"Maritime","district":"Golfe (incl Lomé)","floods_1m":1,"floods_2m":1,"floods_3m":1,"first_flood_m":1,"nests":true,"area_km2":2.199}},{"type":"Feature","geometry":{"type":"Polygon","coordinates":[[[1.25494,6.13236],[1.25486,6.13236],[1.25486,6.13125],[1.25431,6.13125],[1.25431,6.13097],[1.25375,6.13097],[1.25375,6.13069],[1.25236,6.13069],[1.25236,6.13042],[1.24903,6.13042],[1.24903,6.13097],[1.24875,6.13097],[1.24875,6.13125],[1.24819,6.13125],[1.24819,6.13097],[1.24792,6.13097],[1.24792,6.13042],[1.24681,6.13042],[1.24681,6.13014],[1.24514,6.13014],[1.24514,6.13006],[1.24068,6.13006],[1.24068,6.14432],[1.25494,6.14432],[1.25494,6.13236]]]},"properties":{"region":"Maritime","district":"Golfe (incl Lomé)","floods_1m":1,"floods_2m":1,"floods_3m":1,"first_flood_m":1,"nests":true,"area_km2":2.437}},{"type":"Feature","geometry":{"type":"Polygon","coordinates":[[[1.28346,6.14432],[1.2692,6.14432],[1.2692,6.15857],[1.28346,6.15857],[1.28346,6.14432]]]},"properties":{"region":"Maritime","district":"Golfe (incl Lomé)","floods_1m":1,"floods_2m":1,"floods_3m":1,"first_flood_m":1,"nests":true,"area_km2":2.498}},{"type":"Feature","geometry":{"type":"Polygon","coordinates":[[[1.35475,6.17283],[1.34049,6.17283],[1.34049,6.18709],[1.35475,6.18709],[1.35475,6.17283]]]},"properties":{"region":"Maritime","district":"Golfe (incl Lomé)","floods_1m":1,"floods_2m":1,"floods_3m":1,"first_flood_m":1,"nests":true,"area_km2":2.5}},{"type":"Feature","geometry":{"type":"Polygon","coordinates":[[[1.28346,6.19028],[1.28346,6.18709],[1.2692,6.18709],[1.2692,6.19397],[1.27167,6.19306],[1.27694,6.19167],[1.28306,6.19028],[1.28346,6.19028]]]},"properties":{"region":"Maritime","district":"Golfe (incl Lomé)","floods_1m":1,"floods_2m":1,"floods_3m":1,"first_flood_m":1,"nests":true,"area_km2":0.845}},{"type":"Feature","geometry":{"type":"Polygon","coordinates":[[[1.369,6.17264],[1.36875,6.17264],[1.36875,6.17236],[1.36847,6.17236],[1.36847,6.17208],[1.3682,6.17208],[1.3682,6.17236],[1.36792,6.17236],[1.36792,6.17208],[1.3668,6.17208],[1.3668,6.1718],[1.3657,6.1718],[1.3657,6.17125],[1.36514,6.17125],[1.36514,6.17097],[1.36403,6.17097],[1.36403,6.17069],[1.36375,6.17069],[1.36375,6.17042],[1.36264,6.17042],[1.36264,6.16986],[1.36153,6.16986],[1.36153,6.16958],[1.35986,6.16958],[1.35986,6.1693],[1.35903,6.1693],[1.35903,6.16903],[1.35764,6.16903],[1.35764,6.16875],[1.35681,6.16875],[1.35681,6.16847],[1.35569,6.16847],[1.35569,6.16819],[1.35475,6.16819],[1.35475,6.17283],[1.369,6.17283],[1.369,6.17264]]]},"properties":{"region":"Maritime","district":"Golfe (incl Lomé)","floods_1m":1,"floods_2m":1,"floods_3m":1,"first_flood_m":1,"nests":true,"area_km2":0.471}},{"type":"Feature","geometry":{"type":"Polygon","coordinates":[[[1.29771,6.14847],[1.29681,6.14847],[1.29681,6.14819],[1.29597,6.14819],[1.29597,6.14792],[1.29569,6.14792],[1.29569,6.14764],[1.29486,6.14764],[1.29486,6.14792],[1.29375,6.14792],[1.29375,6.14764],[1.29292,6.14764],[1.29292,6.14736],[1.29236,6.14736],[1.29236,6.1468],[1.29208,6.1468],[1.29208,6.14653],[1.29181,6.14653],[1.29181,6.14625],[1.29153,6.14625],[1.29153,6.14597],[1.29125,6.14597],[1.29125,6.1457],[1.29097,6.1457],[1.29097,6.14542],[1.29069,6.14542],[1.29069,6.14514],[1.29097,6.14514],[1.29097,6.14432],[1.28875,6.14432],[1.28875,6.14486],[1.28847,6.14486],[1.28847,6.14458],[1.28708,6.14458],[1.28708,6.14432],[1.28346,6.14432],[1.28346,6.15857],[1.29771,6.15857],[1.29771,6.14847]]]},"properties":{"region":"Maritime","district":"Golfe (incl Lomé)","floods_1m":1,"floods_2m":1,"floods_3m":1,"first_flood_m":1,"nests":true,"area_km2":2.22}},{"type":"Feature","geometry":{"type":"Polygon","coordinates":[[[1.24068,6.12875],[1.24042,6.12875],[1.24042,6.12847],[1.24014,6.12847],[1.24014,6.12819],[1.23986,6.12819],[1.23986,6.12792],[1.23931,6.12792],[1.23931,6.12764],[1.23903,6.12764],[1.23903,6.12736],[1.23819,6.12736],[1.23819,6.12708],[1.23764,6.12708],[1.23764,6.12681],[1.23653,6.12681],[1.23653,6.12653],[1.23486,6.12653],[1.23486,6.12625],[1.23403,6.12625],[1.23403,6.12597],[1.23347,6.12597],[1.23347,6.12569],[1.23292,6.12569],[1.23292,6.12542],[1.23236,6.12542],[1.23236,6.12514],[1.2318,6.12514],[1.2318,6.12486],[1.2307,6.12486],[1.2307,6.12458],[1.23014,6.12458],[1.23014,6.1243],[1.22958,6.1243],[1.22958,6.12403],[1.22931,6.12403],[1.22931,6.12375],[1.22875,6.12375],[1.22875,6.12347],[1.22736,6.12347],[1.22736,6.1232],[1.2268,6.12319],[1.2268,6.12292],[1.22642,6.12292],[1.22642,6.13006],[1.24068,6.13006],[1.24068,6.12875]]]},"properties":{"region":"Maritime","district":"Golfe (incl Lomé)","floods_1m":1,"floods_2m":1,"floods_3m":1,"first_flood_m":1,"nests":true,"area_km2":0.771}},{"type":"Feature","geometry":{"type":"Polygon","coordinates":[[[1.32623,6.15819],[1.32623,6.15857],[1.32903,6.15857],[1.32903,6.15847],[1.32653,6.15847],[1.32653,6.15819],[1.32623,6.15819]]]},"properties":{"region":"Maritime","district":"Golfe (incl Lomé)","floods_1m":0,"floods_2m":1,"floods_3m":1,"first_flood_m":2,"nests":true,"area_km2":0.004}},{"type":"Feature","geometry":{"type":"Polygon","coordinates":[[[1.24795,6.21561],[1.24068,6.21561],[1.24068,6.22986],[1.24197,6.22986],[1.24306,6.22639],[1.24528,6.22194],[1.24694,6.21722],[1.24795,6.21561]]]},"properties":{"region":"Maritime","district":"Golfe (incl Lomé)","floods_1m":1,"floods_2m":1,"floods_3m":1,"first_flood_m":1,"nests":true,"area_km2":0.718}},{"type":"Feature","geometry":{"type":"Polygon","coordinates":[[[1.28346,6.15857],[1.2692,6.15857],[1.2692,6.17283],[1.28346,6.17283],[1.28346,6.15857]]]},"properties":{"region":"Maritime","district":"Golfe (incl Lomé)","floods_1m":1,"floods_2m":1,"floods_3m":1,"first_flood_m":1,"nests":true,"area_km2":2.5}},{"type":"Feature","geometry":{"type":"Polygon","coordinates":[[[1.22642,6.15857],[1.21217,6.15857],[1.21217,6.17283],[1.22642,6.17283],[1.22642,6.15857]]]},"properties":{"region":"Maritime","district":"Golfe (incl Lomé)","floods_1m":1,"floods_2m":1,"floods_3m":1,"first_flood_m":1,"nests":true,"area_km2":2.498}},{"type":"Feature","geometry":{"type":"Polygon","coordinates":[[[1.32623,6.15857],[1.31197,6.15857],[1.31197,6.17283],[1.32623,6.17283],[1.32623,6.15857]]]},"properties":{"region":"Maritime","district":"Golfe (incl Lomé)","floods_1m":1,"floods_2m":1,"floods_3m":1,"first_flood_m":1,"nests":true,"area_km2":2.5}},{"type":"Feature","geometry":{"type":"Polygon","coordinates":[[[1.35475,6.16819],[1.35458,6.16819],[1.35458,6.16792],[1.35431,6.16792],[1.35431,6.16764],[1.35319,6.16764],[1.35319,6.16708],[1.35208,6.16708],[1.35208,6.16681],[1.35125,6.16681],[1.35125,6.16653],[1.34986,6.16653],[1.34986,6.16625],[1.34875,6.16625],[1.34875,6.16597],[1.34764,6.16597],[1.34764,6.16542],[1.34708,6.16542],[1.34708,6.16514],[1.34625,6.16514],[1.34625,6.16486],[1.3457,6.16486],[1.3457,6.16458],[1.34458,6.16458],[1.34458,6.16431],[1.34431,6.16431],[1.34431,6.16403],[1.34375,6.16403],[1.34375,6.16375],[1.34153,6.16375],[1.34153,6.16347],[1.34097,6.16347],[1.34097,6.16319],[1.34049,6.16319],[1.34049,6.17283],[1.35475,6.17283],[1.35475,6.16819]]]},"properties":{"region":"Maritime","district":"Golfe (incl Lomé)","floods_1m":1,"floods_2m":1,"floods_3m":1,"first_flood_m":1,"nests":true,"area_km2":1.283}},{"type":"Feature","geometry":{"type":"Polygon","coordinates":[[[1.22642,6.12292],[1.22625,6.12292],[1.22625,6.12264],[1.22514,6.12264],[1.22514,6.12236],[1.22458,6.12236],[1.22458,6.12208],[1.22347,6.12208],[1.22347,6.12181],[1.22319,6.12181],[1.22319,6.12153],[1.22292,6.12153],[1.22292,6.11875],[1.22319,6.11875],[1.22319,6.11792],[1.22264,6.11792],[1.22264,6.11847],[1.22208,6.11847],[1.22208,6.11958],[1.22236,6.11958],[1.22236,6.12014],[1.22208,6.12014],[1.22208,6.1207],[1.22181,6.1207],[1.22181,6.12097],[1.22014,6.12097],[1.22014,6.1207],[1.21931,6.1207],[1.21931,6.12042],[1.21903,6.12042],[1.21903,6.11986],[1.21875,6.11986],[1.21875,6.11958],[1.21819,6.11958],[1.21819,6.11986],[1.21708,6.11986],[1.21708,6.11958],[1.21653,6.11958],[1.21653,6.11931],[1.21375,6.11931],[1.21375,6.11903],[1.2132,6.11903],[1.21319,6.11875],[1.21292,6.11875],[1.21292,6.11847],[1.21217,6.11847],[1.21217,6.13006],[1.22642,6.13006],[1.22642,6.12292]]]},"properties":{"region":"Maritime","district":"Golfe (incl Lomé)","floods_1m":1,"floods_2m":1,"floods_3m":1,"first_flood_m":1,"nests":true,"area_km2":1.709}},{"type":"Feature","geometry":{"type":"Polygon","coordinates":[[[1.22642,6.14432],[1.21217,6.14432],[1.21217,6.15857],[1.22642,6.15857],[1.22642,6.14432]]]},"properties":{"region":"Maritime","district":"Golfe (incl Lomé)","floods_1m":1,"floods_2m":1,"floods_3m":1,"first_flood_m":1,"nests":true,"area_km2":2.496}},{"type":"Feature","geometry":{"type":"Polygon","coordinates":[[[1.34049,6.17283],[1.32623,6.17283],[1.32623,6.18709],[1.34049,6.18709],[1.34049,6.17283]]]},"properties":{"region":"Maritime","district":"Golfe (incl Lomé)","floods_1m":1,"floods_2m":1,"floods_3m":1,"first_flood_m":1,"nests":true,"area_km2":2.5}},{"type":"Feature","geometry":{"type":"Polygon","coordinates":[[[1.34049,6.16319],[1.34014,6.16319],[1.34014,6.16292],[1.33958,6.16292],[1.33958,6.16264],[1.33903,6.16264],[1.33903,6.16236],[1.33875,6.16236],[1.33875,6.16208],[1.33764,6.16208],[1.33764,6.16181],[1.3368,6.16181],[1.3368,6.16153],[1.3357,6.16153],[1.3357,6.16125],[1.33486,6.16125],[1.33486,6.16097],[1.33431,6.16097],[1.33431,6.16069],[1.33403,6.16069],[1.33403,6.16042],[1.33292,6.16042],[1.33292,6.16014],[1.33236,6.16014],[1.33236,6.15986],[1.33153,6.15986],[1.33153,6.15958],[1.33125,6.15958],[1.33125,6.15931],[1.33042,6.15931],[1.33042,6.15903],[1.32931,6.15903],[1.32931,6.15875],[1.32903,6.15875],[1.32903,6.15857],[1.32623,6.15857],[1.32623,6.17283],[1.34049,6.17283],[1.34049,6.16319]]]},"properties":{"region":"Maritime","district":"Golfe (incl Lomé)","floods_1m":1,"floods_2m":1,"floods_3m":1,"first_flood_m":1,"nests":true,"area_km2":2.17}},{"type":"Feature","geometry":{"type":"Polygon","coordinates":[[[1.29771,6.17283],[1.28346,6.17283],[1.28346,6.18709],[1.29771,6.18709],[1.29771,6.17283]]]},"properties":{"region":"Maritime","district":"Golfe (incl Lomé)","floods_1m":1,"floods_2m":1,"floods_3m":1,"first_flood_m":1,"nests":true,"area_km2":2.498}},{"type":"Feature","geometry":{"type":"Polygon","coordinates":[[[1.19791,6.1118],[1.19791,6.1158],[1.20819,6.1158],[1.20819,6.11569],[1.20736,6.11569],[1.20736,6.11542],[1.2068,6.11542],[1.2068,6.11514],[1.20625,6.11514],[1.20625,6.11486],[1.20514,6.11486],[1.20514,6.11458],[1.20458,6.11458],[1.20458,6.11431],[1.20375,6.11431],[1.20375,6.11403],[1.20292,6.11403],[1.20292,6.11375],[1.20236,6.11375],[1.20236,6.11347],[1.19931,6.11347],[1.19931,6.11319],[1.19903,6.11319],[1.19903,6.11292],[1.19875,6.11292],[1.19875,6.11264],[1.19847,6.11264],[1.19847,6.11236],[1.19819,6.11236],[1.19819,6.11208],[1.19792,6.11208],[1.19792,6.1118],[1.19791,6.1118]]]},"properties":{"region":"Maritime","district":"Golfe (incl Lomé)","floods_1m":1,"floods_2m":1,"floods_3m":1,"first_flood_m":1,"nests":true,"area_km2":0.219}},{"type":"Feature","geometry":{"type":"Polygon","coordinates":[[[1.369,6.20135],[1.35475,6.20135],[1.35475,6.20903],[1.35972,6.21028],[1.36472,6.21083],[1.369,6.21148],[1.369,6.20135]]]},"properties":{"region":"Maritime","district":"Golfe (incl Lomé)","floods_1m":1,"floods_2m":1,"floods_3m":1,"first_flood_m":1,"nests":true,"area_km2":1.589}},{"type":"Feature","geometry":{"type":"Polygon","coordinates":[[[1.369,6.17283],[1.35475,6.17283],[1.35475,6.18709],[1.369,6.18709],[1.369,6.17283]]]},"properties":{"region":"Maritime","district":"Golfe (incl Lomé)","floods_1m":1,"floods_2m":1,"floods_3m":1,"first_flood_m":1,"nests":true,"area_km2":2.498}},{"type":"Feature","geometry":{"type":"Polygon","coordinates":[[[1.34049,6.20135],[1.32781,6.20135],[1.32917,6.20194],[1.33472,6.20361],[1.33917,6.20583],[1.34049,6.20625],[1.34049,6.20135]]]},"properties":{"region":"Maritime","district":"Golfe (incl Lomé)","floods_1m":1,"floods_2m":1,"floods_3m":1,"first_flood_m":1,"nests":true,"area_km2":0.363}},{"type":"Feature","geometry":{"type":"Polygon","coordinates":[[[1.35475,6.20135],[1.34049,6.20135],[1.34049,6.20625],[1.34361,6.20722],[1.34917,6.20722],[1.35417,6.20889],[1.35475,6.20903],[1.35475,6.20135]]]},"properties":{"region":"Maritime","district":"Golfe (incl Lomé)","floods_1m":1,"floods_2m":1,"floods_3m":1,"first_flood_m":1,"nests":true,"area_km2":1.074}},{"type":"Feature","geometry":{"type":"Polygon","coordinates":[[[1.32623,6.17283],[1.31197,6.17283],[1.31197,6.18709],[1.32623,6.18709],[1.32623,6.17283]]]},"properties":{"region":"Maritime","district":"Golfe (incl Lomé)","floods_1m":1,"floods_2m":1,"floods_3m":1,"first_flood_m":1,"nests":true,"area_km2":2.5}},{"type":"Feature","geometry":{"type":"Polygon","coordinates":[[[1.19791,6.1118],[1.19764,6.1118],[1.19764,6.11153],[1.19708,6.11153],[1.19708,6.1118],[1.19653,6.1118],[1.19653,6.11208],[1.19542,6.11208],[1.19542,6.1118],[1.19514,6.1118],[1.19514,6.11097],[1.19542,6.11097],[1.19542,6.11069],[1.19486,6.11069],[1.19486,6.11042],[1.19375,6.11042],[1.19375,6.11014],[1.19347,6.11014],[1.19347,6.10986],[1.19292,6.10986],[1.19292,6.10958],[1.19177,6.10958],[1.19175,6.1158],[1.19791,6.1158],[1.19791,6.1118]]]},"properties":{"region":"Maritime","district":"Golfe (incl Lomé)","floods_1m":1,"floods_2m":1,"floods_3m":1,"first_flood_m":1,"nests":true,"area_km2":0.375}},{"type":"Feature","geometry":{"type":"Polygon","coordinates":[[[1.2692,6.14432],[1.25494,6.14432],[1.25494,6.15857],[1.2692,6.15857],[1.2692,6.14432]]]},"properties":{"region":"Maritime","district":"Golfe (incl Lomé)","floods_1m":1,"floods_2m":1,"floods_3m":1,"first_flood_m":1,"nests":true,"area_km2":2.498}},{"type":"Feature","geometry":{"type":"Polygon","coordinates":[[[1.24068,6.13006],[1.22642,6.13006],[1.22642,6.14432],[1.24068,6.14432],[1.24068,6.13006]]]},"properties":{"region":"Maritime","district":"Golfe (incl Lomé)","floods_1m":1,"floods_2m":1,"floods_3m":1,"first_flood_m":1,"nests":true,"area_km2":2.5}},{"type":"Feature","geometry":{"type":"Polygon","coordinates":[[[1.31197,6.17283],[1.29771,6.17283],[1.29771,6.18709],[1.31197,6.18709],[1.31197,6.17283]]]},"properties":{"region":"Maritime","district":"Golfe (incl Lomé)","floods_1m":1,"floods_2m":1,"floods_3m":1,"first_flood_m":1,"nests":true,"area_km2":2.5}},{"type":"Feature","geometry":{"type":"Polygon","coordinates":[[[1.29771,6.15857],[1.28346,6.15857],[1.28346,6.17283],[1.29771,6.17283],[1.29771,6.15857]]]},"properties":{"region":"Maritime","district":"Golfe (incl Lomé)","floods_1m":1,"floods_2m":1,"floods_3m":1,"first_flood_m":1,"nests":true,"area_km2":2.498}},{"type":"Feature","geometry":{"type":"Polygon","coordinates":[[[1.2692,6.13403],[1.26819,6.13403],[1.26819,6.13431],[1.26764,6.13431],[1.26764,6.13458],[1.26625,6.13458],[1.26625,6.13486],[1.26542,6.13486],[1.26542,6.13514],[1.26514,6.13514],[1.26514,6.13542],[1.26458,6.13542],[1.26458,6.13569],[1.2643,6.13569],[1.2643,6.13597],[1.26347,6.13597],[1.26347,6.13569],[1.2632,6.13569],[1.2632,6.13514],[1.26292,6.13514],[1.26292,6.13486],[1.26264,6.13486],[1.26264,6.13431],[1.26208,6.13431],[1.26208,6.13403],[1.26181,6.13403],[1.26181,6.13431],[1.26014,6.13431],[1.26014,6.13403],[1.25986,6.13403],[1.25986,6.13375],[1.25958,6.13375],[1.25958,6.13347],[1.25847,6.13347],[1.25847,6.13319],[1.25764,6.13319],[1.25764,6.13292],[1.25653,6.13292],[1.25653,6.13264],[1.25514,6.13264],[1.25514,6.13236],[1.25494,6.13236],[1.25494,6.14432],[1.2692,6.14432],[1.2692,6.13403]]]},"properties":{"region":"Maritime","district":"Golfe (incl Lomé)","floods_1m":1,"floods_2m":1,"floods_3m":1,"first_flood_m":1,"nests":true,"area_km2":1.786}},{"type":"Feature","geometry":{"type":"Polygon","coordinates":[[[1.25494,6.14432],[1.24068,6.14432],[1.24068,6.15857],[1.25494,6.15857],[1.25494,6.14432]]]},"properties":{"region":"Maritime","district":"Golfe (incl Lomé)","floods_1m":0,"floods_2m":1,"floods_3m":1,"first_flood_m":2,"nests":true,"area_km2":2.498}},{"type":"Feature","geometry":{"type":"Polygon","coordinates":[[[1.32623,6.15819],[1.32542,6.15819],[1.32542,6.15792],[1.32514,6.15792],[1.32514,6.15764],[1.32403,6.15764],[1.32403,6.15736],[1.32319,6.15736],[1.32319,6.15708],[1.32236,6.15708],[1.32236,6.15681],[1.32181,6.15681],[1.32181,6.15653],[1.32069,6.15653],[1.32069,6.15625],[1.32042,6.15625],[1.32042,6.15597],[1.3193,6.15597],[1.3193,6.15569],[1.31847,6.15569],[1.31847,6.15542],[1.31819,6.15542],[1.31819,6.15514],[1.31736,6.15514],[1.31736,6.15486],[1.3157,6.15486],[1.3157,6.15458],[1.31542,6.15458],[1.31542,6.15431],[1.3143,6.15431],[1.3143,6.15403],[1.31347,6.15403],[1.31347,6.15375],[1.31292,6.15375],[1.31292,6.15347],[1.31197,6.15347],[1.31197,6.15857],[1.32623,6.15857],[1.32623,6.15819]]]},"properties":{"region":"Maritime","district":"Golfe (incl Lomé)","floods_1m":1,"floods_2m":1,"floods_3m":1,"first_flood_m":1,"nests":true,"area_km2":0.492}},{"type":"Feature","geometry":{"type":"Polygon","coordinates":[[[1.19791,6.13006],[1.19171,6.13006],[1.19168,6.14432],[1.19791,6.14432],[1.19791,6.13006]]]},"properties":{"region":"Maritime","district":"Golfe (incl Lomé)","floods_1m":1,"floods_2m":1,"floods_3m":1,"first_flood_m":1,"nests":true,"area_km2":1.09}},{"type":"Feature","geometry":{"type":"Polygon","coordinates":[[[1.38326,6.18709],[1.369,6.18709],[1.369,6.20135],[1.38326,6.20135],[1.38326,6.18709]]]},"properties":{"region":"Maritime","district":"Golfe (incl Lomé)","floods_1m":1,"floods_2m":1,"floods_3m":1,"first_flood_m":1,"nests":true,"area_km2":2.5}},{"type":"Feature","geometry":{"type":"Polygon","coordinates":[[[1.39752,6.21412],[1.39752,6.21214],[1.39694,6.21056],[1.39694,6.20444],[1.39653,6.20222],[1.39637,6.20135],[1.38326,6.20135],[1.38326,6.21405],[1.38722,6.21445],[1.39053,6.21494],[1.39278,6.21528],[1.39611,6.21472],[1.39752,6.21412]]]},"properties":{"region":"Maritime","district":"Golfe (incl Lomé)","floods_1m":1,"floods_2m":1,"floods_3m":1,"first_flood_m":1,"nests":true,"area_km2":2.255}},{"type":"Feature","geometry":{"type":"Polygon","coordinates":[[[1.39814,6.21386],[1.39752,6.21214],[1.39752,6.21412],[1.39814,6.21386]]]},"properties":{"region":"Maritime","district":"Golfe (incl Lomé)","floods_1m":1,"floods_2m":1,"floods_3m":1,"first_flood_m":1,"nests":true,"area_km2":0.008}},{"type":"Feature","geometry":{"type":"Polygon","coordinates":[[[1.22642,6.13006],[1.21217,6.13006],[1.21217,6.14432],[1.22642,6.14432],[1.22642,6.13006]]]},"properties":{"region":"Maritime","district":"Golfe (incl Lomé)","floods_1m":1,"floods_2m":1,"floods_3m":1,"first_flood_m":1,"nests":true,"area_km2":2.498}},{"type":"Feature","geometry":{"type":"Polygon","coordinates":[[[1.38326,6.17736],[1.38319,6.17736],[1.38319,6.17708],[1.38181,6.17708],[1.38181,6.17681],[1.38125,6.17681],[1.38125,6.17653],[1.38042,6.17653],[1.38042,6.17625],[1.37958,6.17625],[1.37958,6.17597],[1.37903,6.17597],[1.37903,6.17569],[1.37847,6.17569],[1.37847,6.17542],[1.37792,6.17542],[1.37792,6.17514],[1.37708,6.17514],[1.37708,6.17486],[1.37653,6.17486],[1.37653,6.17458],[1.37625,6.17458],[1.37625,6.17486],[1.37569,6.17486],[1.37569,6.17458],[1.37542,6.17458],[1.37542,6.1743],[1.37431,6.1743],[1.37431,6.17403],[1.3732,6.17403],[1.3732,6.17375],[1.37264,6.17375],[1.37264,6.17347],[1.37236,6.17347],[1.37236,6.17319],[1.37097,6.17319],[1.37097,6.17292],[1.36986,6.17292],[1.36986,6.17283],[1.369,6.17283],[1.369,6.18709],[1.38326,6.18709],[1.38326,6.17736]]]},"properties":{"region":"Maritime","district":"Golfe (incl Lomé)","floods_1m":1,"floods_2m":1,"floods_3m":1,"first_flood_m":1,"nests":true,"area_km2":2.149}},{"type":"Feature","geometry":{"type":"Polygon","coordinates":[[[1.24068,6.21561],[1.22642,6.21561],[1.22642,6.22986],[1.24068,6.22986],[1.24068,6.21561]]]},"properties":{"region":"Maritime","district":"Golfe (incl Lomé)","floods_1m":1,"floods_2m":1,"floods_3m":1,"first_flood_m":1,"nests":true,"area_km2":2.498}},{"type":"Feature","geometry":{"type":"Polygon","coordinates":[[[1.28346,6.17283],[1.2692,6.17283],[1.2692,6.18709],[1.28346,6.18709],[1.28346,6.17283]]]},"properties":{"region":"Maritime","district":"Golfe (incl Lomé)","floods_1m":1,"floods_2m":1,"floods_3m":1,"first_flood_m":1,"nests":true,"area_km2":2.5}},{"type":"Feature","geometry":{"type":"Polygon","coordinates":[[[1.31197,6.15857],[1.29771,6.15857],[1.29771,6.17283],[1.31197,6.17283],[1.31197,6.15857]]]},"properties":{"region":"Maritime","district":"Golfe (incl Lomé)","floods_1m":1,"floods_2m":1,"floods_3m":1,"first_flood_m":1,"nests":true,"area_km2":2.5}},{"type":"Feature","geometry":{"type":"Polygon","coordinates":[[[1.59713,6.22681],[1.59681,6.22681],[1.59681,6.22653],[1.59625,6.22653],[1.59625,6.22625],[1.59486,6.22625],[1.59486,6.22597],[1.59458,6.22597],[1.59458,6.2257],[1.59403,6.2257],[1.59403,6.22542],[1.59181,6.22542],[1.59181,6.22514],[1.59069,6.22514],[1.59069,6.22486],[1.59014,6.22486],[1.59014,6.22514],[1.58931,6.22514],[1.58931,6.22486],[1.58903,6.22486],[1.58903,6.22431],[1.5882,6.22431],[1.58819,6.22403],[1.58764,6.22403],[1.58764,6.22486],[1.58736,6.22486],[1.58736,6.22514],[1.5868,6.22514],[1.5868,6.22486],[1.58653,6.22486],[1.58653,6.22403],[1.58625,6.22403],[1.58625,6.22375],[1.58514,6.22375],[1.58514,6.22403],[1.58458,6.22403],[1.58458,6.22431],[1.58292,6.22431],[1.58292,6.22458],[1.58287,6.22458],[1.58287,6.22986],[1.59713,6.22986],[1.59713,6.22681]]]},"properties":{"region":"Maritime","district":"Lacs","floods_1m":1,"floods_2m":1,"floods_3m":1,"first_flood_m":1,"nests":true,"area_km2":0.846}},{"type":"Feature","geometry":{"type":"Polygon","coordinates":[[[1.46382,6.21561],[1.45455,6.21561],[1.45455,6.22047],[1.45806,6.21861],[1.4625,6.21611],[1.46382,6.21561]]]},"properties":{"region":"Maritime","district":"Lacs","floods_1m":1,"floods_2m":1,"floods_3m":1,"first_flood_m":1,"nests":true,"area_km2":0.269}},{"type":"Feature","geometry":{"type":"Polygon","coordinates":[[[1.65416,6.25838],[1.63991,6.25838],[1.63991,6.27264],[1.65416,6.27264],[1.65416,6.25838]]]},"properties":{"region":"Maritime","district":"Lacs","floods_1m":1,"floods_2m":1,"floods_3m":1,"first_flood_m":1,"nests":true,"area_km2":2.497}},{"type":"Feature","geometry":{"type":"Polygon","coordinates":[[[1.61139,6.23097],[1.61125,6.23097],[1.61125,6.23069],[1.61042,6.23069],[1.61042,6.23042],[1.60986,6.23042],[1.60986,6.23014],[1.60931,6.23014],[1.60931,6.22986],[1.59713,6.22986],[1.59713,6.24412],[1.61139,6.24412],[1.61139,6.23097]]]},"properties":{"region":"Maritime","district":"Lacs","floods_1m":1,"floods_2m":1,"floods_3m":1,"first_flood_m":1,"nests":true,"area_km2":2.483}},{"type":"Feature","geometry":{"type":"Polygon","coordinates":[[[1.66842,6.48651],[1.65416,6.48651],[1.65416,6.50077],[1.66842,6.50077],[1.66842,6.48651]]]},"properties":{"region":"Maritime","district":"Lacs","floods_1m":1,"floods_2m":1,"floods_3m":1,"first_flood_m":1,"nests":true,"area_km2":2.498}},{"type":"Feature","geometry":{"type":"Polygon","coordinates":[[[1.73971,6.45799],[1.72545,6.45799],[1.72545,6.47225],[1.73971,6.47225],[1.73971,6.45799]]]},"properties":{"region":"Maritime","district":"Lacs","floods_1m":1,"floods_2m":1,"floods_3m":1,"first_flood_m":1,"nests":true,"area_km2":2.498}},{"type":"Feature","geometry":{"type":"Polygon","coordinates":[[[1.69694,6.47225],[1.68268,6.47225],[1.68268,6.48651],[1.69694,6.48651],[1.69694,6.47225]]]},"properties":{"region":"Maritime","district":"Lacs","floods_1m":1,"floods_2m":1,"floods_3m":1,"first_flood_m":1,"nests":true,"area_km2":2.498}},{"type":"Feature","geometry":{"type":"Polygon","coordinates":[[[1.72545,6.2869],[1.7112,6.2869],[1.7112,6.30115],[1.72545,6.30115],[1.72545,6.2869]]]},"properties":{"region":"Maritime","district":"Lacs","floods_1m":0,"floods_2m":1,"floods_3m":1,"first_flood_m":2,"nests":true,"area_km2":2.496}},{"type":"Feature","geometry":{"type":"Polygon","coordinates":[[[1.73971,6.41522],[1.72545,6.41522],[1.72545,6.42948],[1.73971,6.42948],[1.73971,6.41522]]]},"properties":{"region":"Maritime","district":"Lacs","floods_1m":1,"floods_2m":1,"floods_3m":1,"first_flood_m":1,"nests":true,"area_km2":2.498}},{"type":"Feature","geometry":{"type":"Polygon","coordinates":[[[1.73019,6.48651],[1.73024,6.4864],[1.73485,6.48548],[1.73715,6.48111],[1.73393,6.47582],[1.73669,6.47306],[1.73971,6.47381],[1.73971,6.47225],[1.72545,6.47225],[1.72545,6.48651],[1.73019,6.48651]]]},"properties":{"region":"Maritime","district":"Lacs","floods_1m":1,"floods_2m":1,"floods_3m":1,"first_flood_m":1,"nests":true,"area_km2":1.799}},{"type":"Feature","geometry":{"type":"Polygon","coordinates":[[[1.75397,6.27264],[1.73971,6.27264],[1.73971,6.2869],[1.75397,6.2869],[1.75397,6.27264]]]},"properties":{"region":"Maritime","district":"Lacs","floods_1m":1,"floods_2m":1,"floods_3m":1,"first_flood_m":1,"nests":true,"area_km2":2.499}},{"type":"Feature","geometry":{"type":"Polygon","coordinates":[[[1.5401,6.21569],[1.53958,6.21569],[1.53958,6.21561],[1.52584,6.21561],[1.52584,6.22419],[1.52889,6.22472],[1.53389,6.22611],[1.53945,6.22611],[1.5401,6.22611],[1.5401,6.21569]]]},"properties":{"region":"Maritime","district":"Lacs","floods_1m":1,"floods_2m":1,"floods_3m":1,"first_flood_m":1,"nests":true,"area_km2":1.735}},{"type":"Feature","geometry":{"type":"Polygon","coordinates":[[[1.78249,6.30115],[1.76823,6.30115],[1.76823,6.31541],[1.78249,6.31541],[1.78249,6.30115]]]},"properties":{"region":"Maritime","district":"Lacs","floods_1m":1,"floods_2m":1,"floods_3m":1,"first_flood_m":1,"nests":true,"area_km2":2.499}},{"type":"Feature","geometry":{"type":"Polygon","coordinates":[[[1.77998,6.37244],[1.76823,6.37244],[1.76823,6.3867],[1.77131,6.3867],[1.77234,6.3774],[1.77998,6.37244]]]},"properties":{"region":"Maritime","district":"Lacs","floods_1m":0,"floods_2m":1,"floods_3m":1,"first_flood_m":2,"nests":true,"area_km2":0.894}},{"type":"Feature","geometry":{"type":"Polygon","coordinates":[[[1.52584,6.21097],[1.52584,6.21561],[1.53958,6.21561],[1.53958,6.21542],[1.53903,6.21542],[1.53903,6.21514],[1.53875,6.21514],[1.53875,6.21486],[1.53819,6.21486],[1.53819,6.21458],[1.53736,6.21458],[1.53736,6.21431],[1.53653,6.21431],[1.53653,6.21403],[1.53514,6.21403],[1.53514,6.21375],[1.5343,6.21375],[1.5343,6.21347],[1.53375,6.21347],[1.53375,6.21319],[1.53403,6.21319],[1.53403,6.21292],[1.53236,6.21292],[1.53236,6.21264],[1.53181,6.21264],[1.53181,6.21236],[1.53125,6.21236],[1.53125,6.21208],[1.53069,6.21208],[1.53069,6.21181],[1.53014,6.21181],[1.53014,6.21153],[1.5282,6.21153],[1.5282,6.21125],[1.52625,6.21125],[1.52625,6.21097],[1.52584,6.21097]]]},"properties":{"region":"Maritime","district":"Lacs","floods_1m":1,"floods_2m":1,"floods_3m":1,"first_flood_m":1,"nests":true,"area_km2":0.457}},{"type":"Feature","geometry":{"type":"Polygon","coordinates":[[[1.72545,6.42948],[1.7112,6.42948],[1.7112,6.44373],[1.72545,6.44373],[1.72545,6.42948]]]},"properties":{"region":"Maritime","district":"Lacs","floods_1m":1,"floods_2m":1,"floods_3m":1,"first_flood_m":1,"nests":true,"area_km2":2.495}},{"type":"Feature","geometry":{"type":"Polygon","coordinates":[[[1.76823,6.37244],[1.75397,6.37244],[1.75397,6.3867],[1.76823,6.3867],[1.76823,6.37244]]]},"properties":{"region":"Maritime","district":"Lacs","floods_1m":0,"floods_2m":1,"floods_3m":1,"first_flood_m":2,"nests":true,"area_km2":2.499}},{"type":"Feature","geometry":{"type":"Polygon","coordinates":[[[1.72545,6.49821],[1.72545,6.48651],[1.7112,6.48651],[1.7112,6.49861],[1.71275,6.4995],[1.71759,6.49329],[1.72081,6.49398],[1.72403,6.49812],[1.72545,6.49821]]]},"properties":{"region":"Maritime","district":"Lacs","floods_1m":0,"floods_2m":1,"floods_3m":1,"first_flood_m":2,"nests":true,"area_km2":1.689}},{"type":"Feature","geometry":{"type":"Polygon","coordinates":[[[1.69694,6.51306],[1.69665,6.51306],[1.69435,6.50961],[1.69389,6.50432],[1.69557,6.50077],[1.68268,6.50077],[1.68268,6.51502],[1.69694,6.51502],[1.69694,6.51306]]]},"properties":{"region":"Maritime","district":"Lacs","floods_1m":0,"floods_2m":1,"floods_3m":1,"first_flood_m":2,"nests":true,"area_km2":2.156}},{"type":"Feature","geometry":{"type":"Polygon","coordinates":[[[1.69694,6.45799],[1.68268,6.45799],[1.68268,6.47225],[1.69694,6.47225],[1.69694,6.45799]]]},"properties":{"region":"Maritime","district":"Lacs","floods_1m":1,"floods_2m":1,"floods_3m":1,"first_flood_m":1,"nests":true,"area_km2":2.498}},{"type":"Feature","geometry":{"type":"Polygon","coordinates":[[[1.79674,6.31541],[1.79674,6.31541],[1.78249,6.31541],[1.78249,6.32967],[1.78762,6.32967],[1.78805,6.32886],[1.7915,6.32702],[1.79674,6.31541]]]},"properties":{"region":"Maritime","district":"Lacs","floods_1m":1,"floods_2m":1,"floods_3m":1,"first_flood_m":1,"nests":true,"area_km2":1.877}},{"type":"Feature","geometry":{"type":"Polygon","coordinates":[[[1.66842,6.24772],[1.66821,6.2476],[1.65602,6.24877],[1.65416,6.24865],[1.65416,6.25838],[1.66842,6.25838],[1.66842,6.24772]]]},"properties":{"region":"Maritime","district":"Lacs","floods_1m":1,"floods_2m":1,"floods_3m":1,"first_flood_m":1,"nests":true,"area_km2":1.776}},{"type":"Feature","geometry":{"type":"Polygon","coordinates":[[[1.78249,6.2869],[1.76823,6.2869],[1.76823,6.30115],[1.78249,6.30115],[1.78249,6.2869]]]},"properties":{"region":"Maritime","district":"Lacs","floods_1m":1,"floods_2m":1,"floods_3m":1,"first_flood_m":1,"nests":true,"area_km2":2.497}},{"type":"Feature","geometry":{"type":"Polygon","coordinates":[[[1.62565,6.24412],[1.61139,6.24412],[1.61139,6.25838],[1.62565,6.25838],[1.62565,6.24412]]]},"properties":{"region":"Maritime","district":"Lacs","floods_1m":1,"floods_2m":1,"floods_3m":1,"first_flood_m":1,"nests":true,"area_km2":2.499}},{"type":"Feature","geometry":{"type":"Polygon","coordinates":[[[1.45455,6.22047],[1.45455,6.21561],[1.44029,6.21561],[1.44029,6.22986],[1.44128,6.22986],[1.445,6.22639],[1.44972,6.22361],[1.45334,6.22111],[1.45455,6.22047]]]},"properties":{"region":"Maritime","district":"Lacs","floods_1m":1,"floods_2m":1,"floods_3m":1,"first_flood_m":1,"nests":true,"area_km2":1.668}},{"type":"Feature","geometry":{"type":"Polygon","coordinates":[[[1.41178,6.21561],[1.39878,6.21561],[1.39917,6.21667],[1.40056,6.2225],[1.40194,6.22861],[1.40224,6.22986],[1.41178,6.22986],[1.41178,6.21561]]]},"properties":{"region":"Maritime","district":"Lacs","floods_1m":1,"floods_2m":1,"floods_3m":1,"first_flood_m":1,"nests":true,"area_km2":1.96}},{"type":"Feature","geometry":{"type":"Polygon","coordinates":[[[1.44029,6.20135],[1.42604,6.20135],[1.42604,6.21561],[1.44029,6.21561],[1.44029,6.20135]]]},"properties":{"region":"Maritime","district":"Lacs","floods_1m":1,"floods_2m":1,"floods_3m":1,"first_flood_m":1,"nests":true,"area_km2":2.498}},{"type":"Feature","geometry":{"type":"Polygon","coordinates":[[[1.75397,6.27134],[1.74898,6.27111],[1.73971,6.2663],[1.73971,6.27264],[1.75397,6.27264],[1.75397,6.27134]]]},"properties":{"region":"Maritime","district":"Lacs","floods_1m":1,"floods_2m":1,"floods_3m":1,"first_flood_m":1,"nests":true,"area_km2":0.535}},{"type":"Feature","geometry":{"type":"Polygon","coordinates":[[[1.59713,6.22986],[1.58287,6.22986],[1.58287,6.23111],[1.585,6.23111],[1.58583,6.23861],[1.58464,6.24412],[1.59713,6.24412],[1.59713,6.22986]]]},"properties":{"region":"Maritime","district":"Lacs","floods_1m":1,"floods_2m":1,"floods_3m":1,"first_flood_m":1,"nests":true,"area_km2":2.105}},{"type":"Feature","geometry":{"type":"Polygon","coordinates":[[[1.73971,6.40096],[1.72545,6.40096],[1.72545,6.41522],[1.73971,6.41522],[1.73971,6.40096]]]},"properties":{"region":"Maritime","district":"Lacs","floods_1m":1,"floods_2m":1,"floods_3m":1,"first_flood_m":1,"nests":true,"area_km2":2.499}},{"type":"Feature","geometry":{"type":"Polygon","coordinates":[[[1.7112,6.47225],[1.69694,6.47225],[1.69694,6.48651],[1.7112,6.48651],[1.7112,6.47225]]]},"properties":{"region":"Maritime","district":"Lacs","floods_1m":1,"floods_2m":1,"floods_3m":1,"first_flood_m":1,"nests":true,"area_km2":2.498}},{"type":"Feature","geometry":{"type":"Polygon","coordinates":[[[1.41178,6.18403],[1.41125,6.18403],[1.41125,6.18375],[1.41069,6.18375],[1.41069,6.18347],[1.41014,6.18347],[1.41014,6.18319],[1.40931,6.18319],[1.40931,6.18292],[1.40764,6.18292],[1.40764,6.18264],[1.40681,6.18264],[1.40681,6.18236],[1.40569,6.18236],[1.40569,6.18208],[1.40431,6.18208],[1.40431,6.18181],[1.40319,6.18181],[1.40319,6.18153],[1.40236,6.18153],[1.40236,6.18125],[1.40125,6.18125],[1.40125,6.18153],[1.40014,6.18153],[1.40014,6.18125],[1.39875,6.18125],[1.39875,6.18097],[1.3982,6.18097],[1.3982,6.18069],[1.39806,6.18069],[1.39778,6.18167],[1.39752,6.1826],[1.39752,6.18709],[1.41178,6.18709],[1.41178,6.18403]]]},"properties":{"region":"Maritime","district":"Lacs","floods_1m":1,"floods_2m":1,"floods_3m":1,"first_flood_m":1,"nests":true,"area_km2":0.862}},{"type":"Feature","geometry":{"type":"Polygon","coordinates":[[[1.73971,6.30115],[1.72545,6.30115],[1.72545,6.31541],[1.73971,6.31541],[1.73971,6.30115]]]},"properties":{"region":"Maritime","district":"Lacs","floods_1m":1,"floods_2m":1,"floods_3m":1,"first_flood_m":1,"nests":true,"area_km2":2.499}},{"type":"Feature","geometry":{"type":"Polygon","coordinates":[[[1.76823,6.40096],[1.75397,6.40096],[1.75397,6.41522],[1.76823,6.41522],[1.76823,6.40096]]]},"properties":{"region":"Maritime","district":"Lacs","floods_1m":1,"floods_2m":1,"floods_3m":1,"first_flood_m":1,"nests":true,"area_km2":2.499}},{"type":"Feature","geometry":{"type":"Polygon","coordinates":[[[1.78249,6.36774],[1.78249,6.35819],[1.76823,6.35819],[1.76823,6.37244],[1.77998,6.37244],[1.78016,6.37233],[1.78249,6.36774]]]},"properties":{"region":"Maritime","district":"Lacs","floods_1m":1,"floods_2m":1,"floods_3m":1,"first_flood_m":1,"nests":true,"area_km2":2.428}},{"type":"Feature","geometry":{"type":"Polygon","coordinates":[[[1.75397,6.37244],[1.73971,6.37244],[1.73971,6.3867],[1.75397,6.3867],[1.75397,6.37244]]]},"properties":{"region":"Maritime","district":"Lacs","floods_1m":1,"floods_2m":1,"floods_3m":1,"first_flood_m":1,"nests":true,"area_km2":2.499}},{"type":"Feature","geometry":{"type":"Polygon","coordinates":[[[1.7112,6.25762],[1.7112,6.25838],[1.71362,6.25838],[1.7112,6.25762]]]},"properties":{"region":"Maritime","district":"Lacs","floods_1m":0,"floods_2m":0,"floods_3m":1,"first_flood_m":3,"nests":true,"area_km2":0.011}},{"type":"Feature","geometry":{"type":"Polygon","coordinates":[[[1.77131,6.3867],[1.76823,6.3867],[1.76823,6.40096],[1.76939,6.40096],[1.76938,6.39834],[1.77421,6.39442],[1.77075,6.39167],[1.77131,6.3867]]]},"properties":{"region":"Maritime","district":"Lacs","floods_1m":1,"floods_2m":1,"floods_3m":1,"first_flood_m":1,"nests":true,"area_km2":0.523}},{"type":"Feature","geometry":{"type":"Polygon","coordinates":[[[1.75397,6.42948],[1.73971,6.42948],[1.73971,6.44373],[1.75397,6.44373],[1.75397,6.42948]]]},"properties":{"region":"Maritime","district":"Lacs","floods_1m":1,"floods_2m":1,"floods_3m":1,"first_flood_m":1,"nests":true,"area_km2":2.497}},{"type":"Feature","geometry":{"type":"Polygon","coordinates":[[[1.75397,6.34393],[1.73971,6.34393],[1.73971,6.35819],[1.75397,6.35819],[1.75397,6.34393]]]},"properties":{"region":"Maritime","district":"Lacs","floods_1m":1,"floods_2m":1,"floods_3m":1,"first_flood_m":1,"nests":true,"area_km2":2.499}},{"type":"Feature","geometry":{"type":"Polygon","coordinates":[[[1.72545,6.47225],[1.7112,6.47225],[1.7112,6.48651],[1.72545,6.48651],[1.72545,6.47225]]]},"properties":{"region":"Maritime","district":"Lacs","floods_1m":1,"floods_2m":1,"floods_3m":1,"first_flood_m":1,"nests":true,"area_km2":2.496}},{"type":"Feature","geometry":{"type":"Polygon","coordinates":[[[1.78249,6.32967],[1.76823,6.32967],[1.76823,6.33145],[1.76823,6.34393],[1.78249,6.34393],[1.78249,6.33145],[1.78249,6.32967]]]},"properties":{"region":"Maritime","district":"Lacs","floods_1m":1,"floods_2m":1,"floods_3m":1,"first_flood_m":1,"nests":true,"area_km2":2.499}},{"type":"Feature","geometry":{"type":"Polygon","coordinates":[[[1.73971,6.31541],[1.72545,6.31541],[1.72545,6.32967],[1.73971,6.32967],[1.73971,6.31541]]]},"properties":{"region":"Maritime","district":"Lacs","floods_1m":1,"floods_2m":1,"floods_3m":1,"first_flood_m":1,"nests":true,"area_km2":2.499}},{"type":"Feature","geometry":{"type":"Polygon","coordinates":[[[1.69694,6.25838],[1.68268,6.25838],[1.68268,6.27264],[1.69694,6.27264],[1.69694,6.25838]]]},"properties":{"region":"Maritime","district":"Lacs","floods_1m":1,"floods_2m":1,"floods_3m":1,"first_flood_m":1,"nests":true,"area_km2":2.499}},{"type":"Feature","geometry":{"type":"Polygon","coordinates":[[[1.72545,6.37244],[1.7112,6.37244],[1.7112,6.3867],[1.72545,6.3867],[1.72545,6.37244]]]},"properties":{"region":"Maritime","district":"Lacs","floods_1m":1,"floods_2m":1,"floods_3m":1,"first_flood_m":1,"nests":true,"area_km2":2.497}},{"type":"Feature","geometry":{"type":"Polygon","coordinates":[[[1.68268,6.50077],[1.66842,6.50077],[1.66842,6.51502],[1.68268,6.51502],[1.68268,6.50077]]]},"properties":{"region":"Maritime","district":"Lacs","floods_1m":0,"floods_2m":0,"floods_3m":1,"first_flood_m":3,"nests":true,"area_km2":2.496}},{"type":"Feature","geometry":{"type":"Polygon","coordinates":[[[1.78784,6.34393],[1.78249,6.34393],[1.78249,6.35819],[1.78637,6.35819],[1.78919,6.35048],[1.78784,6.34393]]]},"properties":{"region":"Maritime","district":"Lacs","floods_1m":1,"floods_2m":1,"floods_3m":1,"first_flood_m":1,"nests":true,"area_km2":0.986}},{"type":"Feature","geometry":{"type":"Polygon","coordinates":[[[1.6288,6.23514],[1.62819,6.23514],[1.62819,6.23486],[1.62792,6.23486],[1.62792,6.23458],[1.62764,6.23458],[1.62764,6.23431],[1.62708,6.23431],[1.62708,6.23403],[1.62653,6.23403],[1.62653,6.23375],[1.62565,6.23375],[1.62565,6.24412],[1.6345,6.24412],[1.62956,6.24237],[1.6288,6.23514]]]},"properties":{"region":"Maritime","district":"Lacs","floods_1m":1,"floods_2m":1,"floods_3m":1,"first_flood_m":1,"nests":true,"area_km2":0.482}},{"type":"Feature","geometry":{"type":"Polygon","coordinates":[[[1.72545,6.32967],[1.7112,6.32967],[1.7112,6.33145],[1.7112,6.34393],[1.72545,6.34393],[1.72545,6.33145],[1.72545,6.32967]]]},"properties":{"region":"Maritime","district":"Lacs","floods_1m":1,"floods_2m":1,"floods_3m":1,"first_flood_m":1,"nests":true,"area_km2":2.497}},{"type":"Feature","geometry":{"type":"Polygon","coordinates":[[[1.76823,6.3867],[1.75397,6.3867],[1.75397,6.40096],[1.76823,6.40096],[1.76823,6.3867]]]},"properties":{"region":"Maritime","district":"Lacs","floods_1m":1,"floods_2m":1,"floods_3m":1,"first_flood_m":1,"nests":true,"area_km2":2.499}},{"type":"Feature","geometry":{"type":"Polygon","coordinates":[[[1.45455,6.20135],[1.44029,6.20135],[1.44029,6.21561],[1.45455,6.21561],[1.45455,6.20135]]]},"properties":{"region":"Maritime","district":"Lacs","floods_1m":1,"floods_2m":1,"floods_3m":1,"first_flood_m":1,"nests":true,"area_km2":2.5}},{"type":"Feature","geometry":{"type":"Polygon","coordinates":[[[1.63991,6.25838],[1.62565,6.25838],[1.62565,6.27264],[1.63991,6.27264],[1.63991,6.25838]]]},"properties":{"region":"Maritime","district":"Lacs","floods_1m":1,"floods_2m":1,"floods_3m":1,"first_flood_m":1,"nests":true,"area_km2":2.499}},{"type":"Feature","geometry":{"type":"Polygon","coordinates":[[[1.78249,6.34393],[1.76823,6.34393],[1.76823,6.35819],[1.78249,6.35819],[1.78249,6.34393]]]},"properties":{"region":"Maritime","district":"Lacs","floods_1m":1,"floods_2m":1,"floods_3m":1,"first_flood_m":1,"nests":true,"area_km2":2.499}},{"type":"Feature","geometry":{"type":"Polygon","coordinates":[[[1.76823,6.2869],[1.75397,6.2869],[1.75397,6.30115],[1.76823,6.30115],[1.76823,6.2869]]]},"properties":{"region":"Maritime","district":"Lacs","floods_1m":1,"floods_2m":1,"floods_3m":1,"first_flood_m":1,"nests":true,"area_km2":2.497}},{"type":"Feature","geometry":{"type":"Polygon","coordinates":[[[1.39752,6.18709],[1.39632,6.18709],[1.39556,6.19167],[1.39556,6.19695],[1.39637,6.20135],[1.39752,6.20135],[1.39752,6.18709]]]},"properties":{"region":"Maritime","district":"Lacs","floods_1m":0,"floods_2m":0,"floods_3m":1,"first_flood_m":3,"nests":true,"area_km2":0.3}},{"type":"Feature","geometry":{"type":"Polygon","coordinates":[[[1.66842,6.51502],[1.65416,6.51502],[1.65416,6.52928],[1.66842,6.52928],[1.66842,6.51502]]]},"properties":{"region":"Maritime","district":"Lacs","floods_1m":0,"floods_2m":0,"floods_3m":1,"first_flood_m":3,"nests":true,"area_km2":2.498}},{"type":"Feature","geometry":{"type":"Polygon","coordinates":[[[1.76823,6.32967],[1.75397,6.32967],[1.75397,6.33145],[1.75397,6.34393],[1.76823,6.34393],[1.76823,6.33145],[1.76823,6.32967]]]},"properties":{"region":"Maritime","district":"Lacs","floods_1m":1,"floods_2m":1,"floods_3m":1,"first_flood_m":1,"nests":true,"area_km2":2.499}},{"type":"Feature","geometry":{"type":"Polygon","coordinates":[[[1.62565,6.31541],[1.61139,6.31541],[1.61139,6.32967],[1.62565,6.32967],[1.62565,6.31541]]]},"properties":{"region":"Maritime","district":"Lacs","floods_1m":1,"floods_2m":1,"floods_3m":1,"first_flood_m":1,"nests":true,"area_km2":2.499}},{"type":"Feature","geometry":{"type":"Polygon","coordinates":[[[1.7112,6.25838],[1.69694,6.25838],[1.69694,6.27264],[1.7112,6.27264],[1.7112,6.25838]]]},"properties":{"region":"Maritime","district":"Lacs","floods_1m":1,"floods_2m":1,"floods_3m":1,"first_flood_m":1,"nests":true,"area_km2":2.499}},{"type":"Feature","geometry":{"type":"Polygon","coordinates":[[[1.75397,6.44424],[1.75397,6.44373],[1.73971,6.44373],[1.73971,6.45799],[1.74742,6.45799],[1.7467,6.45749],[1.74716,6.45404],[1.7529,6.45081],[1.75397,6.44424]]]},"properties":{"region":"Maritime","district":"Lacs","floods_1m":1,"floods_2m":1,"floods_3m":1,"first_flood_m":1,"nests":true,"area_km2":1.958}},{"type":"Feature","geometry":{"type":"Polygon","coordinates":[[[1.62565,6.23375],[1.62403,6.23375],[1.62403,6.23347],[1.62319,6.23347],[1.62319,6.23319],[1.62208,6.23319],[1.62208,6.23292],[1.61986,6.23292],[1.61986,6.23264],[1.61819,6.23264],[1.61819,6.23236],[1.61653,6.23236],[1.61653,6.23208],[1.61514,6.23208],[1.61514,6.2318],[1.61431,6.2318],[1.61431,6.23153],[1.61347,6.23153],[1.61347,6.23125],[1.61208,6.23125],[1.61208,6.23097],[1.61139,6.23097],[1.61139,6.24412],[1.62565,6.24412],[1.62565,6.23375]]]},"properties":{"region":"Maritime","district":"Lacs","floods_1m":1,"floods_2m":1,"floods_3m":1,"first_flood_m":1,"nests":true,"area_km2":2.04}},{"type":"Feature","geometry":{"type":"Polygon","coordinates":[[[1.78249,6.28129],[1.77841,6.28147],[1.7699,6.28216],[1.76898,6.2748],[1.76823,6.27435],[1.76823,6.2869],[1.78249,6.2869],[1.78249,6.28129]]]},"properties":{"region":"Maritime","district":"Lacs","floods_1m":1,"floods_2m":1,"floods_3m":1,"first_flood_m":1,"nests":true,"area_km2":1.017}},{"type":"Feature","geometry":{"type":"Polygon","coordinates":[[[1.69694,6.44373],[1.68268,6.44373],[1.68268,6.45799],[1.69694,6.45799],[1.69694,6.44373]]]},"properties":{"region":"Maritime","district":"Lacs","floods_1m":1,"floods_2m":1,"floods_3m":1,"first_flood_m":1,"nests":true,"area_km2":2.498}},{"type":"Feature","geometry":{"type":"Polygon","coordinates":[[[1.7112,6.3867],[1.69694,6.3867],[1.69694,6.40096],[1.7112,6.40096],[1.7112,6.3867]]]},"properties":{"region":"Maritime","district":"Lacs","floods_1m":1,"floods_2m":1,"floods_3m":1,"first_flood_m":1,"nests":true,"area_km2":2.499}},{"type":"Feature","geometry":{"type":"Polygon","coordinates":[[[1.73971,6.37244],[1.72545,6.37244],[1.72545,6.3867],[1.73971,6.3867],[1.73971,6.37244]]]},"properties":{"region":"Maritime","district":"Lacs","floods_1m":1,"floods_2m":1,"floods_3m":1,"first_flood_m":1,"nests":true,"area_km2":2.499}},{"type":"Feature","geometry":{"type":"Polygon","coordinates":[[[1.68268,6.52928],[1.66842,6.52928],[1.66842,6.54354],[1.68268,6.54354],[1.68268,6.52928]]]},"properties":{"region":"Maritime","district":"Lacs","floods_1m":0,"floods_2m":1,"floods_3m":1,"first_flood_m":2,"nests":true,"area_km2":2.498}},{"type":"Feature","geometry":{"type":"Polygon","coordinates":[[[1.61139,6.24412],[1.59713,6.24412],[1.59713,6.25838],[1.61139,6.25838],[1.61139,6.24412]]]},"properties":{"region":"Maritime","district":"Lacs","floods_1m":1,"floods_2m":1,"floods_3m":1,"first_flood_m":1,"nests":true,"area_km2":2.499}},{"type":"Feature","geometry":{"type":"Polygon","coordinates":[[[1.69694,6.25703],[1.6942,6.25699],[1.68983,6.25332],[1.68268,6.2542],[1.68268,6.25838],[1.69694,6.25838],[1.69694,6.25703]]]},"properties":{"region":"Maritime","district":"Lacs","floods_1m":1,"floods_2m":1,"floods_3m":1,"first_flood_m":1,"nests":true,"area_km2":0.625}},{"type":"Feature","geometry":{"type":"Polygon","coordinates":[[[1.68268,6.2542],[1.6804,6.25448],[1.66842,6.24772],[1.66842,6.25838],[1.68268,6.25838],[1.68268,6.2542]]]},"properties":{"region":"Maritime","district":"Lacs","floods_1m":1,"floods_2m":1,"floods_3m":1,"first_flood_m":1,"nests":true,"area_km2":1.185}},{"type":"Feature","geometry":{"type":"Polygon","coordinates":[[[1.45455,6.19569],[1.45403,6.19569],[1.45403,6.19542],[1.45347,6.19542],[1.45347,6.19514],[1.45236,6.19514],[1.45236,6.19486],[1.4518,6.19486],[1.4518,6.19458],[1.44875,6.19458],[1.44875,6.1943],[1.44708,6.1943],[1.44708,6.19403],[1.44458,6.19403],[1.44458,6.19375],[1.44347,6.19375],[1.44347,6.19347],[1.44264,6.19347],[1.44264,6.19319],[1.44181,6.19319],[1.44181,6.19292],[1.44029,6.19292],[1.44029,6.20135],[1.45455,6.20135],[1.45455,6.19569]]]},"properties":{"region":"Maritime","district":"Lacs","floods_1m":1,"floods_2m":1,"floods_3m":1,"first_flood_m":1,"nests":true,"area_km2":1.255}},{"type":"Feature","geometry":{"type":"Polygon","coordinates":[[[1.75982,6.43039],[1.76049,6.42948],[1.75397,6.42948],[1.75397,6.44373],[1.75405,6.44373],[1.75518,6.43678],[1.75982,6.43039]]]},"properties":{"region":"Maritime","district":"Lacs","floods_1m":1,"floods_2m":1,"floods_3m":1,"first_flood_m":1,"nests":true,"area_km2":0.401}},{"type":"Feature","geometry":{"type":"Polygon","coordinates":[[[1.75397,6.35819],[1.73971,6.35819],[1.73971,6.37244],[1.75397,6.37244],[1.75397,6.35819]]]},"properties":{"region":"Maritime","district":"Lacs","floods_1m":1,"floods_2m":1,"floods_3m":1,"first_flood_m":1,"nests":true,"area_km2":2.497}},{"type":"Feature","geometry":{"type":"Polygon","coordinates":[[[1.72545,6.26189],[1.72227,6.26109],[1.71362,6.25838],[1.7112,6.25838],[1.7112,6.27264],[1.72545,6.27264],[1.72545,6.26189]]]},"properties":{"region":"Maritime","district":"Lacs","floods_1m":1,"floods_2m":1,"floods_3m":1,"first_flood_m":1,"nests":true,"area_km2":2.232}},{"type":"Feature","geometry":{"type":"Polygon","coordinates":[[[1.79674,6.30685],[1.78921,6.30287],[1.79031,6.30115],[1.78249,6.30115],[1.78249,6.31541],[1.79674,6.31541],[1.79674,6.30685]]]},"properties":{"region":"Maritime","district":"Lacs","floods_1m":1,"floods_2m":1,"floods_3m":1,"first_flood_m":1,"nests":true,"area_km2":2.166}},{"type":"Feature","geometry":{"type":"Polygon","coordinates":[[[1.4198,6.24412],[1.41178,6.24412],[1.41178,6.24863],[1.41444,6.2475],[1.41639,6.24667],[1.41972,6.24417],[1.4198,6.24412]]]},"properties":{"region":"Maritime","district":"Lacs","floods_1m":1,"floods_2m":1,"floods_3m":1,"first_flood_m":1,"nests":true,"area_km2":0.253}},{"type":"Feature","geometry":{"type":"Polygon","coordinates":[[[1.75397,6.3867],[1.73971,6.3867],[1.73971,6.40096],[1.75397,6.40096],[1.75397,6.3867]]]},"properties":{"region":"Maritime","district":"Lacs","floods_1m":0,"floods_2m":1,"floods_3m":1,"first_flood_m":2,"nests":true,"area_km2":2.499}},{"type":"Feature","geometry":{"type":"Polygon","coordinates":[[[1.76823,6.27435],[1.76533,6.27264],[1.75397,6.27264],[1.75397,6.2869],[1.76823,6.2869],[1.76823,6.27435]]]},"properties":{"region":"Maritime","district":"Lacs","floods_1m":1,"floods_2m":1,"floods_3m":1,"first_flood_m":1,"nests":true,"area_km2":2.469}},{"type":"Feature","geometry":{"type":"Polygon","coordinates":[[[1.72545,6.3867],[1.7112,6.3867],[1.7112,6.40096],[1.72545,6.40096],[1.72545,6.3867]]]},"properties":{"region":"Maritime","district":"Lacs","floods_1m":1,"floods_2m":1,"floods_3m":1,"first_flood_m":1,"nests":true,"area_km2":2.497}},{"type":"Feature","geometry":{"type":"Polygon","coordinates":[[[1.79674,6.30685],[1.79674,6.31541],[1.79674,6.31541],[1.79794,6.31276],[1.79748,6.30724],[1.79674,6.30685]]]},"properties":{"region":"Maritime","district":"Lacs","floods_1m":1,"floods_2m":1,"floods_3m":1,"first_flood_m":1,"nests":true,"area_km2":0.087}},{"type":"Feature","geometry":{"type":"Polygon","coordinates":[[[1.46881,6.19958],[1.46881,6.20135],[1.4757,6.20135],[1.4757,6.20125],[1.47431,6.20125],[1.47431,6.20097],[1.47292,6.20097],[1.47292,6.2007],[1.4718,6.2007],[1.4718,6.20042],[1.47153,6.20042],[1.47153,6.20014],[1.4707,6.20014],[1.4707,6.19986],[1.46986,6.19986],[1.46986,6.19958],[1.46881,6.19958]]]},"properties":{"region":"Maritime","district":"Lacs","floods_1m":0,"floods_2m":1,"floods_3m":1,"first_flood_m":2,"nests":true,"area_km2":0.071}},{"type":"Feature","geometry":{"type":"Polygon","coordinates":[[[1.68268,6.25838],[1.66842,6.25838],[1.66842,6.27264],[1.68268,6.27264],[1.68268,6.25838]]]},"properties":{"region":"Maritime","district":"Lacs","floods_1m":1,"floods_2m":1,"floods_3m":1,"first_flood_m":1,"nests":true,"area_km2":2.499}},{"type":"Feature","geometry":{"type":"Polygon","coordinates":[[[1.44029,6.19292],[1.43986,6.19292],[1.43986,6.19264],[1.43875,6.19264],[1.43875,6.19236],[1.43819,6.19236],[1.43819,6.19208],[1.43792,6.19208],[1.43792,6.1918],[1.43736,6.1918],[1.43736,6.19153],[1.43597,6.19153],[1.43597,6.19125],[1.43514,6.19125],[1.43514,6.19097],[1.43375,6.19097],[1.43375,6.19069],[1.43264,6.19069],[1.43264,6.19042],[1.43208,6.19042],[1.43208,6.19014],[1.43153,6.19014],[1.43153,6.18986],[1.43014,6.18986],[1.43014,6.18958],[1.42931,6.18958],[1.42931,6.18931],[1.42764,6.18931],[1.42764,6.18903],[1.42653,6.18903],[1.42653,6.18875],[1.42604,6.18875],[1.42604,6.20135],[1.44029,6.20135],[1.44029,6.19292]]]},"properties":{"region":"Maritime","district":"Lacs","floods_1m":1,"floods_2m":1,"floods_3m":1,"first_flood_m":1,"nests":true,"area_km2":1.874}},{"type":"Feature","geometry":{"type":"Polygon","coordinates":[[[1.65416,6.27264],[1.63991,6.27264],[1.63991,6.2869],[1.65416,6.2869],[1.65416,6.27264]]]},"properties":{"region":"Maritime","district":"Lacs","floods_1m":0,"floods_2m":1,"floods_3m":1,"first_flood_m":2,"nests":true,"area_km2":2.497}},{"type":"Feature","geometry":{"type":"Polygon","coordinates":[[[1.72545,6.35819],[1.7112,6.35819],[1.7112,6.37244],[1.72545,6.37244],[1.72545,6.35819]]]},"properties":{"region":"Maritime","district":"Lacs","floods_1m":1,"floods_2m":1,"floods_3m":1,"first_flood_m":1,"nests":true,"area_km2":2.495}},{"type":"Feature","geometry":{"type":"Polygon","coordinates":[[[1.75397,6.31541],[1.73971,6.31541],[1.73971,6.32967],[1.75397,6.32967],[1.75397,6.31541]]]},"properties":{"region":"Maritime","district":"Lacs","floods_1m":1,"floods_2m":1,"floods_3m":1,"first_flood_m":1,"nests":true,"area_km2":2.499}},{"type":"Feature","geometry":{"type":"Polygon","coordinates":[[[1.65416,6.24865],[1.64567,6.24809],[1.63991,6.24604],[1.63991,6.25838],[1.65416,6.25838],[1.65416,6.24865]]]},"properties":{"region":"Maritime","district":"Lacs","floods_1m":1,"floods_2m":1,"floods_3m":1,"first_flood_m":1,"nests":true,"area_km2":1.846}},{"type":"Feature","geometry":{"type":"Polygon","coordinates":[[[1.74742,6.45799],[1.73971,6.45799],[1.73971,6.47225],[1.74161,6.47225],[1.74314,6.47011],[1.75062,6.46392],[1.75029,6.46001],[1.74742,6.45799]]]},"properties":{"region":"Maritime","district":"Lacs","floods_1m":1,"floods_2m":1,"floods_3m":1,"first_flood_m":1,"nests":true,"area_km2":1.358}},{"type":"Feature","geometry":{"type":"Polygon","coordinates":[[[1.76823,6.34393],[1.75397,6.34393],[1.75397,6.35819],[1.76823,6.35819],[1.76823,6.34393]]]},"properties":{"region":"Maritime","district":"Lacs","floods_1m":1,"floods_2m":1,"floods_3m":1,"first_flood_m":1,"nests":true,"area_km2":2.499}},{"type":"Feature","geometry":{"type":"Polygon","coordinates":[[[1.59713,6.22681],[1.59713,6.22986],[1.60931,6.22986],[1.60931,6.22986],[1.60875,6.22986],[1.60875,6.22958],[1.60819,6.22958],[1.60819,6.2293],[1.60764,6.2293],[1.60764,6.22903],[1.60708,6.22903],[1.60708,6.22875],[1.60653,6.22875],[1.60653,6.22847],[1.60153,6.22847],[1.60153,6.2282],[1.60069,6.2282],[1.60069,6.22792],[1.59986,6.22792],[1.59986,6.22764],[1.59903,6.22764],[1.59903,6.22736],[1.59792,6.22736],[1.59792,6.22708],[1.59736,6.22708],[1.59736,6.22681],[1.59713,6.22681]]]},"properties":{"region":"Maritime","district":"Lacs","floods_1m":1,"floods_2m":1,"floods_3m":1,"first_flood_m":1,"nests":true,"area_km2":0.226}},{"type":"Feature","geometry":{"type":"Polygon","coordinates":[[[1.61139,6.31541],[1.60421,6.31541],[1.60305,6.32028],[1.60222,6.32444],[1.60056,6.32861],[1.60026,6.32967],[1.61139,6.32967],[1.61139,6.31541]]]},"properties":{"region":"Maritime","district":"Lacs","floods_1m":1,"floods_2m":1,"floods_3m":1,"first_flood_m":1,"nests":true,"area_km2":1.567}},{"type":"Feature","geometry":{"type":"Polygon","coordinates":[[[1.58287,6.22986],[1.57427,6.22986],[1.58,6.23111],[1.58287,6.23111],[1.58287,6.22986]]]},"properties":{"region":"Maritime","district":"Lacs","floods_1m":0,"floods_2m":1,"floods_3m":1,"first_flood_m":2,"nests":true,"area_km2":0.088}},{"type":"Feature","geometry":{"type":"Polygon","coordinates":[[[1.72545,6.40096],[1.7112,6.40096],[1.7112,6.41522],[1.72545,6.41522],[1.72545,6.40096]]]},"properties":{"region":"Maritime","district":"Lacs","floods_1m":1,"floods_2m":1,"floods_3m":1,"first_flood_m":1,"nests":true,"area_km2":2.497}},{"type":"Feature","geometry":{"type":"Polygon","coordinates":[[[1.8047,6.2869],[1.79674,6.2869],[1.79674,6.29269],[1.80186,6.29068],[1.8047,6.2869]]]},"properties":{"region":"Maritime","district":"Lacs","floods_1m":1,"floods_2m":1,"floods_3m":1,"first_flood_m":1,"nests":true,"area_km2":0.367}},{"type":"Feature","geometry":{"type":"Polygon","coordinates":[[[1.68268,6.48651],[1.66842,6.48651],[1.66842,6.50077],[1.68268,6.50077],[1.68268,6.48651]]]},"properties":{"region":"Maritime","district":"Lacs","floods_1m":0,"floods_2m":1,"floods_3m":1,"first_flood_m":2,"nests":true,"area_km2":2.498}},{"type":"Feature","geometry":{"type":"Polygon","coordinates":[[[1.75397,6.27134],[1.75397,6.27264],[1.76533,6.27264],[1.76392,6.27181],[1.75397,6.27134]]]},"properties":{"region":"Maritime","district":"Lacs","floods_1m":1,"floods_2m":1,"floods_3m":1,"first_flood_m":1,"nests":true,"area_km2":0.137}},{"type":"Feature","geometry":{"type":"Polygon","coordinates":[[[1.58287,6.22458],[1.58125,6.22458],[1.58125,6.22431],[1.58097,6.22431],[1.58097,6.22403],[1.57931,6.22403],[1.57931,6.22375],[1.57847,6.22375],[1.57847,6.22347],[1.57792,6.22347],[1.57792,6.2232],[1.57764,6.2232],[1.57764,6.22292],[1.57736,6.22292],[1.57736,6.22264],[1.57681,6.22264],[1.57681,6.22236],[1.57653,6.22236],[1.57653,6.22208],[1.57569,6.22208],[1.57569,6.22181],[1.57431,6.22181],[1.57431,6.22208],[1.57292,6.22208],[1.57292,6.22181],[1.57181,6.22181],[1.57181,6.22153],[1.56903,6.22153],[1.56903,6.22125],[1.56862,6.22125],[1.56862,6.22897],[1.57361,6.22972],[1.57427,6.22986],[1.58287,6.22986],[1.58287,6.22458]]]},"properties":{"region":"Maritime","district":"Lacs","floods_1m":1,"floods_2m":1,"floods_3m":1,"first_flood_m":1,"nests":true,"area_km2":1.226}},{"type":"Feature","geometry":{"type":"Polygon","coordinates":[[[1.42604,6.20135],[1.41178,6.20135],[1.41178,6.21561],[1.42604,6.21561],[1.42604,6.20135]]]},"properties":{"region":"Maritime","district":"Lacs","floods_1m":1,"floods_2m":1,"floods_3m":1,"first_flood_m":1,"nests":true,"area_km2":2.5}},{"type":"Feature","geometry":{"type":"Polygon","coordinates":[[[1.7112,6.35819],[1.69694,6.35819],[1.69694,6.37244],[1.7112,6.37244],[1.7112,6.35819]]]},"properties":{"region":"Maritime","district":"Lacs","floods_1m":1,"floods_2m":1,"floods_3m":1,"first_flood_m":1,"nests":true,"area_km2":2.497}},{"type":"Feature","geometry":{"type":"Polygon","coordinates":[[[1.77576,6.41522],[1.76823,6.41522],[1.76823,6.42327],[1.7731,6.41972],[1.77608,6.41604],[1.77576,6.41522]]]},"properties":{"region":"Maritime","district":"Lacs","floods_1m":1,"floods_2m":1,"floods_3m":1,"first_flood_m":1,"nests":true,"area_km2":0.471}},{"type":"Feature","geometry":{"type":"Polygon","coordinates":[[[1.66842,6.50077],[1.65416,6.50077],[1.65416,6.51502],[1.66842,6.51502],[1.66842,6.50077]]]},"properties":{"region":"Maritime","district":"Lacs","floods_1m":1,"floods_2m":1,"floods_3m":1,"first_flood_m":1,"nests":true,"area_km2":2.496}},{"type":"Feature","geometry":{"type":"Polygon","coordinates":[[[1.76823,6.31541],[1.75397,6.31541],[1.75397,6.32967],[1.76823,6.32967],[1.76823,6.31541]]]},"properties":{"region":"Maritime","district":"Lacs","floods_1m":1,"floods_2m":1,"floods_3m":1,"first_flood_m":1,"nests":true,"area_km2":2.499}},{"type":"Feature","geometry":{"type":"Polygon","coordinates":[[[1.73971,6.3867],[1.72545,6.3867],[1.72545,6.40096],[1.73971,6.40096],[1.73971,6.3867]]]},"properties":{"region":"Maritime","district":"Lacs","floods_1m":0,"floods_2m":1,"floods_3m":1,"first_flood_m":2,"nests":true,"area_km2":2.499}},{"type":"Feature","geometry":{"type":"Polygon","coordinates":[[[1.78249,6.31541],[1.76823,6.31541],[1.76823,6.32967],[1.78249,6.32967],[1.78249,6.31541]]]},"properties":{"region":"Maritime","district":"Lacs","floods_1m":1,"floods_2m":1,"floods_3m":1,"first_flood_m":1,"nests":true,"area_km2":2.499}},{"type":"Feature","geometry":{"type":"Polygon","coordinates":[[[1.72545,6.45799],[1.7112,6.45799],[1.7112,6.47225],[1.72545,6.47225],[1.72545,6.45799]]]},"properties":{"region":"Maritime","district":"Lacs","floods_1m":1,"floods_2m":1,"floods_3m":1,"first_flood_m":1,"nests":true,"area_km2":2.497}},{"type":"Feature","geometry":{"type":"Polygon","coordinates":[[[1.73019,6.48651],[1.72545,6.48651],[1.72545,6.49821],[1.72794,6.49835],[1.72909,6.49606],[1.7284,6.49053],[1.73019,6.48651]]]},"properties":{"region":"Maritime","district":"Lacs","floods_1m":1,"floods_2m":1,"floods_3m":1,"first_flood_m":1,"nests":true,"area_km2":0.498}},{"type":"Feature","geometry":{"type":"Polygon","coordinates":[[[1.7112,6.49861],[1.7112,6.48651],[1.69694,6.48651],[1.69694,6.50011],[1.70309,6.49858],[1.70632,6.49582],[1.7112,6.49861]]]},"properties":{"region":"Maritime","district":"Lacs","floods_1m":1,"floods_2m":1,"floods_3m":1,"first_flood_m":1,"nests":true,"area_km2":2.036}},{"type":"Feature","geometry":{"type":"Polygon","coordinates":[[[1.72545,6.44373],[1.7112,6.44373],[1.7112,6.45799],[1.72545,6.45799],[1.72545,6.44373]]]},"properties":{"region":"Maritime","district":"Lacs","floods_1m":1,"floods_2m":1,"floods_3m":1,"first_flood_m":1,"nests":true,"area_km2":2.497}},{"type":"Feature","geometry":{"type":"Polygon","coordinates":[[[1.63991,6.24604],[1.6345,6.24412],[1.62565,6.24412],[1.62565,6.25838],[1.63991,6.25838],[1.63991,6.24604]]]},"properties":{"region":"Maritime","district":"Lacs","floods_1m":1,"floods_2m":1,"floods_3m":1,"first_flood_m":1,"nests":true,"area_km2":2.435}},{"type":"Feature","geometry":{"type":"Polygon","coordinates":[[[1.49733,6.20708],[1.49625,6.20708],[1.49625,6.20681],[1.49514,6.20681],[1.49514,6.20653],[1.49431,6.20653],[1.49431,6.20625],[1.49375,6.20625],[1.49375,6.20597],[1.49264,6.20597],[1.49264,6.2057],[1.49208,6.2057],[1.49208,6.20542],[1.49153,6.20542],[1.49153,6.20514],[1.49097,6.20514],[1.49097,6.20486],[1.48597,6.20486],[1.48597,6.20458],[1.48514,6.20458],[1.48514,6.20431],[1.48347,6.20431],[1.48347,6.20403],[1.48307,6.20403],[1.48307,6.2105],[1.48528,6.21],[1.49139,6.21],[1.49694,6.21056],[1.49733,6.21073],[1.49733,6.20708]]]},"properties":{"region":"Maritime","district":"Lacs","floods_1m":1,"floods_2m":1,"floods_3m":1,"first_flood_m":1,"nests":true,"area_km2":0.839}},{"type":"Feature","geometry":{"type":"Polygon","coordinates":[[[1.75397,6.41522],[1.73971,6.41522],[1.73971,6.42948],[1.75397,6.42948],[1.75397,6.41522]]]},"properties":{"region":"Maritime","district":"Lacs","floods_1m":1,"floods_2m":1,"floods_3m":1,"first_flood_m":1,"nests":true,"area_km2":2.498}},{"type":"Feature","geometry":{"type":"Polygon","coordinates":[[[1.52584,6.21561],[1.51158,6.21561],[1.51158,6.21833],[1.51389,6.22028],[1.51889,6.22167],[1.52417,6.22389],[1.52584,6.22419],[1.52584,6.21561]]]},"properties":{"region":"Maritime","district":"Lacs","floods_1m":0,"floods_2m":0,"floods_3m":1,"first_flood_m":3,"nests":true,"area_km2":1.073}},{"type":"Feature","geometry":{"type":"Polygon","coordinates":[[[1.69694,6.50011],[1.69694,6.48651],[1.68268,6.48651],[1.68268,6.50077],[1.69557,6.50077],[1.69573,6.50041],[1.69694,6.50011]]]},"properties":{"region":"Maritime","district":"Lacs","floods_1m":0,"floods_2m":0,"floods_3m":1,"first_flood_m":3,"nests":true,"area_km2":2.49}},{"type":"Feature","geometry":{"type":"Polygon","coordinates":[[[1.59713,6.24412],[1.58464,6.24412],[1.58444,6.245],[1.58306,6.25],[1.58306,6.25611],[1.5836,6.25838],[1.59713,6.25838],[1.59713,6.24412]]]},"properties":{"region":"Maritime","district":"Lacs","floods_1m":1,"floods_2m":1,"floods_3m":1,"first_flood_m":1,"nests":true,"area_km2":2.4}},{"type":"Feature","geometry":{"type":"Polygon","coordinates":[[[1.79674,6.28067],[1.79674,6.2869],[1.8047,6.2869],[1.80669,6.28424],[1.79934,6.28056],[1.79674,6.28067]]]},"properties":{"region":"Maritime","district":"Lacs","floods_1m":1,"floods_2m":1,"floods_3m":1,"first_flood_m":1,"nests":true,"area_km2":0.575}},{"type":"Feature","geometry":{"type":"Polygon","coordinates":[[[1.78762,6.32967],[1.78249,6.32967],[1.78249,6.33145],[1.78249,6.34393],[1.78784,6.34393],[1.78781,6.34381],[1.78459,6.33944],[1.78275,6.33898],[1.78762,6.32967]]]},"properties":{"region":"Maritime","district":"Lacs","floods_1m":1,"floods_2m":1,"floods_3m":1,"first_flood_m":1,"nests":true,"area_km2":0.522}},{"type":"Feature","geometry":{"type":"Polygon","coordinates":[[[1.69694,6.27264],[1.68268,6.27264],[1.68268,6.2869],[1.69694,6.2869],[1.69694,6.27264]]]},"properties":{"region":"Maritime","district":"Lacs","floods_1m":0,"floods_2m":1,"floods_3m":1,"first_flood_m":2,"nests":true,"area_km2":2.499}},{"type":"Feature","geometry":{"type":"Polygon","coordinates":[[[1.46881,6.19958],[1.46764,6.19958],[1.46764,6.19931],[1.46625,6.19931],[1.46625,6.19903],[1.46569,6.19903],[1.46569,6.19875],[1.46514,6.19875],[1.46514,6.19847],[1.46486,6.19847],[1.46486,6.19819],[1.46431,6.19819],[1.46431,6.19792],[1.46347,6.19792],[1.46347,6.19764],[1.46236,6.19764],[1.46236,6.19736],[1.46125,6.19736],[1.46125,6.19708],[1.46014,6.19708],[1.46014,6.19681],[1.45847,6.19681],[1.45847,6.19653],[1.45792,6.19653],[1.45792,6.19625],[1.45764,6.19625],[1.45764,6.19597],[1.45681,6.19597],[1.45681,6.19569],[1.45455,6.19569],[1.45455,6.20135],[1.46881,6.20135],[1.46881,6.19958]]]},"properties":{"region":"Maritime","district":"Lacs","floods_1m":1,"floods_2m":1,"floods_3m":1,"first_flood_m":1,"nests":true,"area_km2":0.679}},{"type":"Feature","geometry":{"type":"Polygon","coordinates":[[[1.78637,6.35819],[1.78249,6.35819],[1.78249,6.36774],[1.78389,6.36497],[1.78637,6.35819]]]},"properties":{"region":"Maritime","district":"Lacs","floods_1m":1,"floods_2m":1,"floods_3m":1,"first_flood_m":1,"nests":true,"area_km2":0.244}},{"type":"Feature","geometry":{"type":"Polygon","coordinates":[[[1.48307,6.2105],[1.48307,6.20403],[1.48236,6.20403],[1.48236,6.20375],[1.48208,6.20375],[1.48208,6.20347],[1.4818,6.20347],[1.4818,6.2032],[1.48097,6.2032],[1.48097,6.20292],[1.48014,6.20292],[1.48014,6.20264],[1.47875,6.20264],[1.47875,6.20236],[1.47792,6.20236],[1.47792,6.20208],[1.4768,6.20208],[1.4768,6.20181],[1.47625,6.20181],[1.47625,6.20153],[1.4757,6.20153],[1.4757,6.20135],[1.46881,6.20135],[1.46881,6.21371],[1.47361,6.21195],[1.47917,6.21139],[1.48307,6.2105]]]},"properties":{"region":"Maritime","district":"Lacs","floods_1m":1,"floods_2m":1,"floods_3m":1,"first_flood_m":1,"nests":true,"area_km2":1.722}},{"type":"Feature","geometry":{"type":"Polygon","coordinates":[[[1.72545,6.27264],[1.7112,6.27264],[1.7112,6.2869],[1.72545,6.2869],[1.72545,6.27264]]]},"properties":{"region":"Maritime","district":"Lacs","floods_1m":1,"floods_2m":1,"floods_3m":1,"first_flood_m":1,"nests":true,"area_km2":2.497}},{"type":"Feature","geometry":{"type":"Polygon","coordinates":[[[1.76823,6.30115],[1.75397,6.30115],[1.75397,6.31541],[1.76823,6.31541],[1.76823,6.30115]]]},"properties":{"region":"Maritime","district":"Lacs","floods_1m":1,"floods_2m":1,"floods_3m":1,"first_flood_m":1,"nests":true,"area_km2":2.499}},{"type":"Feature","geometry":{"type":"Polygon","coordinates":[[[1.55436,6.21903],[1.55403,6.21903],[1.55403,6.21875],[1.55319,6.21875],[1.55319,6.21847],[1.55236,6.21847],[1.55236,6.21819],[1.55181,6.21819],[1.55181,6.21792],[1.55153,6.21792],[1.55153,6.21764],[1.55125,6.21764],[1.55125,6.21736],[1.55069,6.21736],[1.55069,6.21708],[1.54847,6.21708],[1.54847,6.21681],[1.54792,6.21681],[1.54792,6.21653],[1.54458,6.21653],[1.54458,6.21625],[1.54347,6.21625],[1.54347,6.21597],[1.54125,6.21597],[1.54125,6.21569],[1.5401,6.21569],[1.5401,6.22611],[1.54555,6.22611],[1.55139,6.2275],[1.55436,6.2275],[1.55436,6.21903]]]},"properties":{"region":"Maritime","district":"Lacs","floods_1m":1,"floods_2m":1,"floods_3m":1,"first_flood_m":1,"nests":true,"area_km2":1.715}},{"type":"Feature","geometry":{"type":"Polygon","coordinates":[[[1.42604,6.24062],[1.42604,6.22986],[1.41178,6.22986],[1.41178,6.24412],[1.4198,6.24412],[1.42417,6.24167],[1.42604,6.24062]]]},"properties":{"region":"Maritime","district":"Lacs","floods_1m":1,"floods_2m":1,"floods_3m":1,"first_flood_m":1,"nests":true,"area_km2":2.365}},{"type":"Feature","geometry":{"type":"Polygon","coordinates":[[[1.41178,6.24863],[1.41178,6.24412],[1.40517,6.24412],[1.40556,6.24722],[1.40528,6.25139],[1.41178,6.24863]]]},"properties":{"region":"Maritime","district":"Lacs","floods_1m":1,"floods_2m":1,"floods_3m":1,"first_flood_m":1,"nests":true,"area_km2":0.46}},{"type":"Feature","geometry":{"type":"Polygon","coordinates":[[[1.42604,6.18875],[1.42458,6.18875],[1.42458,6.18847],[1.42347,6.18847],[1.42347,6.18819],[1.4232,6.18819],[1.4232,6.18792],[1.42236,6.18792],[1.42236,6.18764],[1.42153,6.18764],[1.42153,6.18736],[1.41958,6.18736],[1.41958,6.18709],[1.41178,6.18709],[1.41178,6.20135],[1.42604,6.20135],[1.42604,6.18875]]]},"properties":{"region":"Maritime","district":"Lacs","floods_1m":1,"floods_2m":1,"floods_3m":1,"first_flood_m":1,"nests":true,"area_km2":2.427}},{"type":"Feature","geometry":{"type":"Polygon","coordinates":[[[1.7112,6.25762],[1.70984,6.2572],[1.69694,6.25703],[1.69694,6.25838],[1.7112,6.25838],[1.7112,6.25762]]]},"properties":{"region":"Maritime","district":"Lacs","floods_1m":1,"floods_2m":1,"floods_3m":1,"first_flood_m":1,"nests":true,"area_km2":0.217}},{"type":"Feature","geometry":{"type":"Polygon","coordinates":[[[1.41178,6.18403],[1.41178,6.18709],[1.41958,6.18709],[1.41958,6.18708],[1.41903,6.18708],[1.41903,6.18681],[1.41792,6.18681],[1.41792,6.18653],[1.41764,6.18653],[1.41764,6.18625],[1.41653,6.18625],[1.41653,6.18597],[1.41597,6.18597],[1.41597,6.18569],[1.41514,6.18569],[1.41514,6.18542],[1.41458,6.18542],[1.41458,6.18514],[1.41375,6.18514],[1.41375,6.18486],[1.41292,6.18486],[1.41292,6.18458],[1.41208,6.18458],[1.41208,6.18431],[1.41181,6.18431],[1.41181,6.18403],[1.41178,6.18403]]]},"properties":{"region":"Maritime","district":"Lacs","floods_1m":1,"floods_2m":1,"floods_3m":1,"first_flood_m":1,"nests":true,"area_km2":0.13}},{"type":"Feature","geometry":{"type":"Polygon","coordinates":[[[1.79674,6.31541],[1.79674,6.31541],[1.79674,6.31541],[1.79674,6.31541]]]},"properties":{"region":"Maritime","district":"Lacs","floods_1m":0,"floods_2m":0,"floods_3m":1,"first_flood_m":3,"nests":true,"area_km2":0.0}},{"type":"Feature","geometry":{"type":"Polygon","coordinates":[[[1.41178,6.22986],[1.40224,6.22986],[1.40333,6.23445],[1.40472,6.24055],[1.40517,6.24412],[1.41178,6.24412],[1.41178,6.22986]]]},"properties":{"region":"Maritime","district":"Lacs","floods_1m":1,"floods_2m":1,"floods_3m":1,"first_flood_m":1,"nests":true,"area_km2":1.389}},{"type":"Feature","geometry":{"type":"Polygon","coordinates":[[[1.73971,6.32967],[1.72545,6.32967],[1.72545,6.33145],[1.72545,6.34393],[1.73971,6.34393],[1.73971,6.33145],[1.73971,6.32967]]]},"properties":{"region":"Maritime","district":"Lacs","floods_1m":1,"floods_2m":1,"floods_3m":1,"first_flood_m":1,"nests":true,"area_km2":2.499}},{"type":"Feature","geometry":{"type":"Polygon","coordinates":[[[1.41178,6.18709],[1.39752,6.18709],[1.39752,6.20135],[1.41178,6.20135],[1.41178,6.18709]]]},"properties":{"region":"Maritime","district":"Lacs","floods_1m":1,"floods_2m":1,"floods_3m":1,"first_flood_m":1,"nests":true,"area_km2":2.5}},{"type":"Feature","geometry":{"type":"Polygon","coordinates":[[[1.73971,6.2663],[1.73656,6.26467],[1.72545,6.26189],[1.72545,6.27264],[1.73971,6.27264],[1.73971,6.2663]]]},"properties":{"region":"Maritime","district":"Lacs","floods_1m":1,"floods_2m":1,"floods_3m":1,"first_flood_m":1,"nests":true,"area_km2":1.555}},{"type":"Feature","geometry":{"type":"Polygon","coordinates":[[[1.56862,6.22125],[1.56819,6.22125],[1.56819,6.22097],[1.56764,6.22097],[1.56764,6.2207],[1.56708,6.2207],[1.56708,6.22042],[1.56653,6.22042],[1.56653,6.22014],[1.56597,6.22014],[1.56597,6.21986],[1.56264,6.21986],[1.56264,6.21958],[1.56042,6.21958],[1.56042,6.21986],[1.55903,6.21986],[1.55903,6.21958],[1.55736,6.21958],[1.55736,6.2193],[1.55597,6.2193],[1.55597,6.21903],[1.55436,6.21903],[1.55436,6.2275],[1.55694,6.2275],[1.5625,6.22833],[1.56806,6.22889],[1.56862,6.22897],[1.56862,6.22125]]]},"properties":{"region":"Maritime","district":"Lacs","floods_1m":1,"floods_2m":1,"floods_3m":1,"first_flood_m":1,"nests":true,"area_km2":1.466}},{"type":"Feature","geometry":{"type":"Polygon","coordinates":[[[1.62565,6.25838],[1.61139,6.25838],[1.61139,6.27264],[1.62565,6.27264],[1.62565,6.25838]]]},"properties":{"region":"Maritime","district":"Lacs","floods_1m":0,"floods_2m":0,"floods_3m":1,"first_flood_m":3,"nests":true,"area_km2":2.499}},{"type":"Feature","geometry":{"type":"Polygon","coordinates":[[[1.7112,6.37244],[1.69694,6.37244],[1.69694,6.3867],[1.7112,6.3867],[1.7112,6.37244]]]},"properties":{"region":"Maritime","district":"Lacs","floods_1m":1,"floods_2m":1,"floods_3m":1,"first_flood_m":1,"nests":true,"area_km2":2.499}},{"type":"Feature","geometry":{"type":"Polygon","coordinates":[[[1.76823,6.35819],[1.75397,6.35819],[1.75397,6.37244],[1.76823,6.37244],[1.76823,6.35819]]]},"properties":{"region":"Maritime","district":"Lacs","floods_1m":1,"floods_2m":1,"floods_3m":1,"first_flood_m":1,"nests":true,"area_km2":2.497}},{"type":"Feature","geometry":{"type":"Polygon","coordinates":[[[1.73971,6.44373],[1.72545,6.44373],[1.72545,6.45799],[1.73971,6.45799],[1.73971,6.44373]]]},"properties":{"region":"Maritime","district":"Lacs","floods_1m":1,"floods_2m":1,"floods_3m":1,"first_flood_m":1,"nests":true,"area_km2":2.498}},{"type":"Feature","geometry":{"type":"Polygon","coordinates":[[[1.51158,6.20847],[1.51097,6.20847],[1.51097,6.20819],[1.50764,6.20819],[1.50764,6.20792],[1.5068,6.20792],[1.5068,6.20819],[1.50403,6.20819],[1.50403,6.20792],[1.50097,6.20792],[1.50097,6.20764],[1.50042,6.20764],[1.50042,6.20736],[1.49736,6.20736],[1.49736,6.20708],[1.49733,6.20708],[1.49733,6.21073],[1.50194,6.21278],[1.5058,6.2148],[1.50729,6.21561],[1.51158,6.21561],[1.51158,6.20847]]]},"properties":{"region":"Maritime","district":"Lacs","floods_1m":1,"floods_2m":1,"floods_3m":1,"first_flood_m":1,"nests":true,"area_km2":1.034}},{"type":"Feature","geometry":{"type":"Polygon","coordinates":[[[1.79674,6.28067],[1.78249,6.28129],[1.78249,6.2869],[1.79674,6.2869],[1.79674,6.28067]]]},"properties":{"region":"Maritime","district":"Lacs","floods_1m":1,"floods_2m":1,"floods_3m":1,"first_flood_m":1,"nests":true,"area_km2":1.037}},{"type":"Feature","geometry":{"type":"Polygon","coordinates":[[[1.73971,6.35819],[1.72545,6.35819],[1.72545,6.37244],[1.73971,6.37244],[1.73971,6.35819]]]},"properties":{"region":"Maritime","district":"Lacs","floods_1m":1,"floods_2m":1,"floods_3m":1,"first_flood_m":1,"nests":true,"area_km2":2.497}},{"type":"Feature","geometry":{"type":"Polygon","coordinates":[[[1.76823,6.42327],[1.76823,6.41522],[1.75397,6.41522],[1.75397,6.42948],[1.76049,6.42948],[1.76138,6.42826],[1.76823,6.42327]]]},"properties":{"region":"Maritime","district":"Lacs","floods_1m":1,"floods_2m":1,"floods_3m":1,"first_flood_m":1,"nests":true,"area_km2":2.179}},{"type":"Feature","geometry":{"type":"Polygon","coordinates":[[[1.73971,6.42948],[1.72545,6.42948],[1.72545,6.44373],[1.73971,6.44373],[1.73971,6.42948]]]},"properties":{"region":"Maritime","district":"Lacs","floods_1m":1,"floods_2m":1,"floods_3m":1,"first_flood_m":1,"nests":true,"area_km2":2.497}},{"type":"Feature","geometry":{"type":"Polygon","coordinates":[[[1.42604,6.21561],[1.41178,6.21561],[1.41178,6.22986],[1.42604,6.22986],[1.42604,6.21561]]]},"properties":{"region":"Maritime","district":"Lacs","floods_1m":1,"floods_2m":1,"floods_3m":1,"first_flood_m":1,"nests":true,"area_km2":2.498}},{"type":"Feature","geometry":{"type":"Polygon","coordinates":[[[1.46881,6.21371],[1.46881,6.20135],[1.45455,6.20135],[1.45455,6.21561],[1.46382,6.21561],[1.46833,6.21389],[1.46881,6.21371]]]},"properties":{"region":"Maritime","district":"Lacs","floods_1m":1,"floods_2m":1,"floods_3m":1,"first_flood_m":1,"nests":true,"area_km2":2.441}},{"type":"Feature","geometry":{"type":"Polygon","coordinates":[[[1.44029,6.2307],[1.44029,6.22986],[1.42604,6.22986],[1.42604,6.24062],[1.42861,6.23916],[1.4325,6.23611],[1.43694,6.23333],[1.44029,6.2307]]]},"properties":{"region":"Maritime","district":"Lacs","floods_1m":1,"floods_2m":1,"floods_3m":1,"first_flood_m":1,"nests":true,"area_km2":1.043}},{"type":"Feature","geometry":{"type":"Polygon","coordinates":[[[1.73971,6.27264],[1.72545,6.27264],[1.72545,6.2869],[1.73971,6.2869],[1.73971,6.27264]]]},"properties":{"region":"Maritime","district":"Lacs","floods_1m":1,"floods_2m":1,"floods_3m":1,"first_flood_m":1,"nests":true,"area_km2":2.499}},{"type":"Feature","geometry":{"type":"Polygon","coordinates":[[[1.7112,6.45799],[1.69694,6.45799],[1.69694,6.47225],[1.7112,6.47225],[1.7112,6.45799]]]},"properties":{"region":"Maritime","district":"Lacs","floods_1m":1,"floods_2m":1,"floods_3m":1,"first_flood_m":1,"nests":true,"area_km2":2.498}},{"type":"Feature","geometry":{"type":"Polygon","coordinates":[[[1.39752,6.20135],[1.39637,6.20135],[1.39653,6.20222],[1.39694,6.20444],[1.39694,6.21056],[1.39752,6.21214],[1.39752,6.20135]]]},"properties":{"region":"Maritime","district":"Lacs","floods_1m":1,"floods_2m":1,"floods_3m":1,"first_flood_m":1,"nests":true,"area_km2":0.082}},{"type":"Feature","geometry":{"type":"Polygon","coordinates":[[[1.44128,6.22986],[1.44029,6.22986],[1.44029,6.2307],[1.44083,6.23028],[1.44128,6.22986]]]},"properties":{"region":"Maritime","district":"Lacs","floods_1m":1,"floods_2m":1,"floods_3m":1,"first_flood_m":1,"nests":true,"area_km2":0.005}},{"type":"Feature","geometry":{"type":"Polygon","coordinates":[[[1.41178,6.20135],[1.39752,6.20135],[1.39752,6.21214],[1.39814,6.21386],[1.39878,6.21561],[1.41178,6.21561],[1.41178,6.20135]]]},"properties":{"region":"Maritime","district":"Lacs","floods_1m":1,"floods_2m":1,"floods_3m":1,"first_flood_m":1,"nests":true,"area_km2":2.473}},{"type":"Feature","geometry":{"type":"Polygon","coordinates":[[[1.44029,6.21561],[1.42604,6.21561],[1.42604,6.22986],[1.44029,6.22986],[1.44029,6.21561]]]},"properties":{"region":"Maritime","district":"Lacs","floods_1m":1,"floods_2m":1,"floods_3m":1,"first_flood_m":1,"nests":true,"area_km2":2.496}},{"type":"Feature","geometry":{"type":"Polygon","coordinates":[[[1.73971,6.34393],[1.72545,6.34393],[1.72545,6.35819],[1.73971,6.35819],[1.73971,6.34393]]]},"properties":{"region":"Maritime","district":"Lacs","floods_1m":1,"floods_2m":1,"floods_3m":1,"first_flood_m":1,"nests":true,"area_km2":2.499}},{"type":"Feature","geometry":{"type":"Polygon","coordinates":[[[1.75397,6.40096],[1.73971,6.40096],[1.73971,6.41522],[1.75397,6.41522],[1.75397,6.40096]]]},"properties":{"region":"Maritime","district":"Lacs","floods_1m":0,"floods_2m":1,"floods_3m":1,"first_flood_m":2,"nests":true,"area_km2":2.499}},{"type":"Feature","geometry":{"type":"Polygon","coordinates":[[[1.52584,6.21097],[1.52542,6.21097],[1.52542,6.21069],[1.5243,6.21069],[1.5243,6.21042],[1.52347,6.21042],[1.52347,6.21014],[1.52153,6.21014],[1.52153,6.20986],[1.51708,6.20986],[1.51708,6.20958],[1.51597,6.20958],[1.51597,6.20931],[1.51569,6.20931],[1.51569,6.20847],[1.51597,6.20847],[1.51597,6.20625],[1.51625,6.20625],[1.51625,6.20514],[1.51653,6.20514],[1.51653,6.20431],[1.51681,6.20431],[1.51681,6.2032],[1.51708,6.2032],[1.51708,6.20209],[1.51708,6.20135],[1.51653,6.20135],[1.51653,6.20153],[1.51625,6.20153],[1.51625,6.20194],[1.51625,6.2032],[1.51597,6.2032],[1.51597,6.20431],[1.51569,6.20431],[1.51569,6.20597],[1.51542,6.20597],[1.51542,6.20708],[1.51514,6.20708],[1.51514,6.20736],[1.51486,6.20736],[1.51486,6.20819],[1.51458,6.20819],[1.51458,6.20847],[1.51431,6.20847],[1.51431,6.20875],[1.51403,6.20875],[1.51403,6.20903],[1.51236,6.20903],[1.51236,6.20875],[1.51181,6.20875],[1.51181,6.20847],[1.51158,6.20847],[1.51158,6.21561],[1.52584,6.21561],[1.52584,6.21097]]]},"properties":{"region":"Maritime","district":"Lacs","floods_1m":1,"floods_2m":1,"floods_3m":1,"first_flood_m":1,"nests":true,"area_km2":1.111}},{"type":"Feature","geometry":{"type":"Polygon","coordinates":[[[1.79674,6.29269],[1.79674,6.2869],[1.78249,6.2869],[1.78249,6.30115],[1.79031,6.30115],[1.79542,6.29321],[1.79674,6.29269]]]},"properties":{"region":"Maritime","district":"Lacs","floods_1m":1,"floods_2m":1,"floods_3m":1,"first_flood_m":1,"nests":true,"area_km2":2.113}},{"type":"Feature","geometry":{"type":"Polygon","coordinates":[[[1.7112,6.44373],[1.69694,6.44373],[1.69694,6.45799],[1.7112,6.45799],[1.7112,6.44373]]]},"properties":{"region":"Maritime","district":"Lacs","floods_1m":1,"floods_2m":1,"floods_3m":1,"first_flood_m":1,"nests":true,"area_km2":2.498}},{"type":"Feature","geometry":{"type":"Polygon","coordinates":[[[1.7112,6.42948],[1.69694,6.42948],[1.69694,6.44373],[1.7112,6.44373],[1.7112,6.42948]]]},"properties":{"region":"Maritime","district":"Lacs","floods_1m":0,"floods_2m":1,"floods_3m":1,"first_flood_m":2,"nests":true,"area_km2":2.497}},{"type":"Feature","geometry":{"type":"Polygon","coordinates":[[[1.7112,6.41522],[1.69694,6.41522],[1.69694,6.42948],[1.7112,6.42948],[1.7112,6.41522]]]},"properties":{"region":"Maritime","district":"Lacs","floods_1m":1,"floods_2m":1,"floods_3m":1,"first_flood_m":1,"nests":true,"area_km2":2.498}},{"type":"Feature","geometry":{"type":"Polygon","coordinates":[[[1.76939,6.40096],[1.76823,6.40096],[1.76823,6.41522],[1.77576,6.41522],[1.77493,6.41305],[1.76941,6.41168],[1.76939,6.40096]]]},"properties":{"region":"Maritime","district":"Lacs","floods_1m":0,"floods_2m":1,"floods_3m":1,"first_flood_m":2,"nests":true,"area_km2":0.41}},{"type":"Feature","geometry":{"type":"Polygon","coordinates":[[[1.7112,6.27264],[1.69694,6.27264],[1.69694,6.2869],[1.7112,6.2869],[1.7112,6.27264]]]},"properties":{"region":"Maritime","district":"Lacs","floods_1m":0,"floods_2m":0,"floods_3m":1,"first_flood_m":3,"nests":true,"area_km2":2.499}},{"type":"Feature","geometry":{"type":"Polygon","coordinates":[[[1.72545,6.34393],[1.7112,6.34393],[1.7112,6.35819],[1.72545,6.35819],[1.72545,6.34393]]]},"properties":{"region":"Maritime","district":"Lacs","floods_1m":1,"floods_2m":1,"floods_3m":1,"first_flood_m":1,"nests":true,"area_km2":2.497}},{"type":"Feature","geometry":{"type":"Polygon","coordinates":[[[1.72545,6.41522],[1.7112,6.41522],[1.7112,6.42948],[1.72545,6.42948],[1.72545,6.41522]]]},"properties":{"region":"Maritime","district":"Lacs","floods_1m":1,"floods_2m":1,"floods_3m":1,"first_flood_m":1,"nests":true,"area_km2":2.497}},{"type":"Feature","geometry":{"type":"Polygon","coordinates":[[[1.75397,6.2869],[1.73971,6.2869],[1.73971,6.30115],[1.75397,6.30115],[1.75397,6.2869]]]},"properties":{"region":"Maritime","district":"Lacs","floods_1m":1,"floods_2m":1,"floods_3m":1,"first_flood_m":1,"nests":true,"area_km2":2.497}},{"type":"Feature","geometry":{"type":"Polygon","coordinates":[[[1.75397,6.32967],[1.73971,6.32967],[1.73971,6.33145],[1.73971,6.34393],[1.75397,6.34393],[1.75397,6.33145],[1.75397,6.32967]]]},"properties":{"region":"Maritime","district":"Lacs","floods_1m":1,"floods_2m":1,"floods_3m":1,"first_flood_m":1,"nests":true,"area_km2":2.499}},{"type":"Feature","geometry":{"type":"Polygon","coordinates":[[[1.75397,6.30115],[1.73971,6.30115],[1.73971,6.31541],[1.75397,6.31541],[1.75397,6.30115]]]},"properties":{"region":"Maritime","district":"Lacs","floods_1m":1,"floods_2m":1,"floods_3m":1,"first_flood_m":1,"nests":true,"area_km2":2.499}},{"type":"Feature","geometry":{"type":"Polygon","coordinates":[[[1.5401,6.22986],[1.52584,6.22986],[1.52584,6.24412],[1.5401,6.24412],[1.5401,6.22986]]]},"properties":{"region":"Maritime","district":"Vo","floods_1m":1,"floods_2m":1,"floods_3m":1,"first_flood_m":1,"nests":true,"area_km2":2.499}},{"type":"Feature","geometry":{"type":"Polygon","coordinates":[[[1.55436,6.2869],[1.5401,6.2869],[1.5401,6.30115],[1.55436,6.30115],[1.55436,6.2869]]]},"properties":{"region":"Maritime","district":"Vo","floods_1m":1,"floods_2m":1,"floods_3m":1,"first_flood_m":1,"nests":true,"area_km2":2.497}},{"type":"Feature","geometry":{"type":"Polygon","coordinates":[[[1.41178,6.3867],[1.39752,6.3867],[1.39752,6.40096],[1.41178,6.40096],[1.41178,6.3867]]]},"properties":{"region":"Maritime","district":"Vo","floods_1m":0,"floods_2m":0,"floods_3m":1,"first_flood_m":3,"nests":true,"area_km2":2.499}},{"type":"Feature","geometry":{"type":"Polygon","coordinates":[[[1.56862,6.2869],[1.55436,6.2869],[1.55436,6.30115],[1.56862,6.30115],[1.56862,6.2869]]]},"properties":{"region":"Maritime","district":"Vo","floods_1m":1,"floods_2m":1,"floods_3m":1,"first_flood_m":1,"nests":true,"area_km2":2.497}},{"type":"Feature","geometry":{"type":"Polygon","coordinates":[[[1.46881,6.21561],[1.46382,6.21561],[1.4625,6.21611],[1.45806,6.21861],[1.45455,6.22047],[1.45455,6.22986],[1.46881,6.22986],[1.46881,6.21561]]]},"properties":{"region":"Maritime","district":"Vo","floods_1m":1,"floods_2m":1,"floods_3m":1,"first_flood_m":1,"nests":true,"area_km2":2.229}},{"type":"Feature","geometry":{"type":"Polygon","coordinates":[[[1.42604,6.41522],[1.41178,6.41522],[1.41178,6.42948],[1.42604,6.42948],[1.42604,6.41522]]]},"properties":{"region":"Maritime","district":"Vo","floods_1m":0,"floods_2m":0,"floods_3m":1,"first_flood_m":3,"nests":true,"area_km2":2.498}},{"type":"Feature","geometry":{"type":"Polygon","coordinates":[[[1.52584,6.2869],[1.51158,6.2869],[1.51158,6.30115],[1.52584,6.30115],[1.52584,6.2869]]]},"properties":{"region":"Maritime","district":"Vo","floods_1m":1,"floods_2m":1,"floods_3m":1,"first_flood_m":1,"nests":true,"area_km2":2.497}},{"type":"Feature","geometry":{"type":"Polygon","coordinates":[[[1.5401,6.22611],[1.53945,6.22611],[1.53389,6.22611],[1.52889,6.22472],[1.52584,6.22419],[1.52584,6.22986],[1.5401,6.22986],[1.5401,6.22611]]]},"properties":{"region":"Maritime","district":"Vo","floods_1m":0,"floods_2m":0,"floods_3m":1,"first_flood_m":3,"nests":true,"area_km2":0.762}},{"type":"Feature","geometry":{"type":"Polygon","coordinates":[[[1.42604,6.27264],[1.41178,6.27264],[1.41178,6.2869],[1.42604,6.2869],[1.42604,6.27264]]]},"properties":{"region":"Maritime","district":"Vo","floods_1m":1,"floods_2m":1,"floods_3m":1,"first_flood_m":1,"nests":true,"area_km2":2.499}},{"type":"Feature","geometry":{"type":"Polygon","coordinates":[[[1.39752,6.34393],[1.38326,6.34393],[1.38326,6.35819],[1.39752,6.35819],[1.39752,6.34393]]]},"properties":{"region":"Maritime","district":"Vo","floods_1m":1,"floods_2m":1,"floods_3m":1,"first_flood_m":1,"nests":true,"area_km2":2.499}},{"type":"Feature","geometry":{"type":"Polygon","coordinates":[[[1.56862,6.24412],[1.55436,6.24412],[1.55436,6.25838],[1.56862,6.25838],[1.56862,6.24412]]]},"properties":{"region":"Maritime","district":"Vo","floods_1m":1,"floods_2m":1,"floods_3m":1,"first_flood_m":1,"nests":true,"area_km2":2.499}},{"type":"Feature","geometry":{"type":"Polygon","coordinates":[[[1.51158,6.22986],[1.49733,6.22986],[1.49733,6.24412],[1.51158,6.24412],[1.51158,6.22986]]]},"properties":{"region":"Maritime","district":"Vo","floods_1m":1,"floods_2m":1,"floods_3m":1,"first_flood_m":1,"nests":true,"area_km2":2.498}},{"type":"Feature","geometry":{"type":"Polygon","coordinates":[[[1.58287,6.32967],[1.56862,6.32967],[1.56862,6.33145],[1.56862,6.34393],[1.58287,6.34393],[1.58287,6.33145],[1.58287,6.32967]]]},"properties":{"region":"Maritime","district":"Vo","floods_1m":1,"floods_2m":1,"floods_3m":1,"first_flood_m":1,"nests":true,"area_km2":2.497}},{"type":"Feature","geometry":{"type":"Polygon","coordinates":[[[1.41178,6.2869],[1.39752,6.2869],[1.39752,6.30115],[1.41178,6.30115],[1.41178,6.2869]]]},"properties":{"region":"Maritime","district":"Vo","floods_1m":1,"floods_2m":1,"floods_3m":1,"first_flood_m":1,"nests":true,"area_km2":2.497}},{"type":"Feature","geometry":{"type":"Polygon","coordinates":[[[1.41178,6.30115],[1.39752,6.30115],[1.39752,6.31541],[1.41178,6.31541],[1.41178,6.30115]]]},"properties":{"region":"Maritime","district":"Vo","floods_1m":1,"floods_2m":1,"floods_3m":1,"first_flood_m":1,"nests":true,"area_km2":2.499}},{"type":"Feature","geometry":{"type":"Polygon","coordinates":[[[1.45455,6.22047],[1.45334,6.22111],[1.44972,6.22361],[1.445,6.22639],[1.44128,6.22986],[1.45455,6.22986],[1.45455,6.22047]]]},"properties":{"region":"Maritime","district":"Vo","floods_1m":1,"floods_2m":1,"floods_3m":1,"first_flood_m":1,"nests":true,"area_km2":0.83}},{"type":"Feature","geometry":{"type":"Polygon","coordinates":[[[1.56862,6.30115],[1.55436,6.30115],[1.55436,6.31541],[1.56862,6.31541],[1.56862,6.30115]]]},"properties":{"region":"Maritime","district":"Vo","floods_1m":1,"floods_2m":1,"floods_3m":1,"first_flood_m":1,"nests":true,"area_km2":2.499}},{"type":"Feature","geometry":{"type":"Polygon","coordinates":[[[1.58287,6.25838],[1.56862,6.25838],[1.56862,6.27264],[1.58287,6.27264],[1.58287,6.25838]]]},"properties":{"region":"Maritime","district":"Vo","floods_1m":1,"floods_2m":1,"floods_3m":1,"first_flood_m":1,"nests":true,"area_km2":2.497}},{"type":"Feature","geometry":{"type":"Polygon","coordinates":[[[1.39752,6.32967],[1.38373,6.32967],[1.38333,6.33361],[1.38326,6.33409],[1.38326,6.34393],[1.39752,6.34393],[1.39752,6.33145],[1.39752,6.32967]]]},"properties":{"region":"Maritime","district":"Vo","floods_1m":1,"floods_2m":1,"floods_3m":1,"first_flood_m":1,"nests":true,"area_km2":2.486}},{"type":"Feature","geometry":{"type":"Polygon","coordinates":[[[1.58287,6.23111],[1.58287,6.24412],[1.58464,6.24412],[1.58583,6.23861],[1.585,6.23111],[1.58287,6.23111]]]},"properties":{"region":"Maritime","district":"Vo","floods_1m":1,"floods_2m":1,"floods_3m":1,"first_flood_m":1,"nests":true,"area_km2":0.395}},{"type":"Feature","geometry":{"type":"Polygon","coordinates":[[[1.48307,6.22986],[1.46881,6.22986],[1.46881,6.24412],[1.48307,6.24412],[1.48307,6.22986]]]},"properties":{"region":"Maritime","district":"Vo","floods_1m":1,"floods_2m":1,"floods_3m":1,"first_flood_m":1,"nests":true,"area_km2":2.499}},{"type":"Feature","geometry":{"type":"Polygon","coordinates":[[[1.41178,6.25838],[1.40567,6.25838],[1.40556,6.25972],[1.40472,6.26444],[1.40333,6.26944],[1.40253,6.27126],[1.40191,6.27264],[1.41178,6.27264],[1.41178,6.25838]]]},"properties":{"region":"Maritime","district":"Vo","floods_1m":1,"floods_2m":1,"floods_3m":1,"first_flood_m":1,"nests":true,"area_km2":1.323}},{"type":"Feature","geometry":{"type":"Polygon","coordinates":[[[1.58287,6.35819],[1.56862,6.35819],[1.56862,6.37244],[1.58287,6.37244],[1.58287,6.35819]]]},"properties":{"region":"Maritime","district":"Vo","floods_1m":0,"floods_2m":0,"floods_3m":1,"first_flood_m":3,"nests":true,"area_km2":2.495}},{"type":"Feature","geometry":{"type":"Polygon","coordinates":[[[1.5401,6.27264],[1.52584,6.27264],[1.52584,6.2869],[1.5401,6.2869],[1.5401,6.27264]]]},"properties":{"region":"Maritime","district":"Vo","floods_1m":1,"floods_2m":1,"floods_3m":1,"first_flood_m":1,"nests":true,"area_km2":2.499}},{"type":"Feature","geometry":{"type":"Polygon","coordinates":[[[1.39752,6.35819],[1.38326,6.35819],[1.38326,6.37244],[1.39752,6.37244],[1.39752,6.35819]]]},"properties":{"region":"Maritime","district":"Vo","floods_1m":1,"floods_2m":1,"floods_3m":1,"first_flood_m":1,"nests":true,"area_km2":2.497}},{"type":"Feature","geometry":{"type":"Polygon","coordinates":[[[1.39752,6.2869],[1.39364,6.2869],[1.39361,6.28694],[1.39222,6.29194],[1.39,6.29639],[1.38841,6.30115],[1.39752,6.30115],[1.39752,6.2869]]]},"properties":{"region":"Maritime","district":"Vo","floods_1m":1,"floods_2m":1,"floods_3m":1,"first_flood_m":1,"nests":true,"area_km2":1.122}},{"type":"Feature","geometry":{"type":"Polygon","coordinates":[[[1.51158,6.21833],[1.51028,6.21722],[1.50729,6.21561],[1.49733,6.21561],[1.49733,6.22986],[1.51158,6.22986],[1.51158,6.21833]]]},"properties":{"region":"Maritime","district":"Vo","floods_1m":1,"floods_2m":1,"floods_3m":1,"first_flood_m":1,"nests":true,"area_km2":2.432}},{"type":"Feature","geometry":{"type":"Polygon","coordinates":[[[1.49733,6.21561],[1.48307,6.21561],[1.48307,6.22986],[1.49733,6.22986],[1.49733,6.21561]]]},"properties":{"region":"Maritime","district":"Vo","floods_1m":1,"floods_2m":1,"floods_3m":1,"first_flood_m":1,"nests":true,"area_km2":2.498}},{"type":"Feature","geometry":{"type":"Polygon","coordinates":[[[1.59713,6.34027],[1.59713,6.33145],[1.59713,6.32967],[1.58287,6.32967],[1.58287,6.33145],[1.58287,6.34393],[1.59591,6.34393],[1.59713,6.34027]]]},"properties":{"region":"Maritime","district":"Vo","floods_1m":1,"floods_2m":1,"floods_3m":1,"first_flood_m":1,"nests":true,"area_km2":2.471}},{"type":"Feature","geometry":{"type":"Polygon","coordinates":[[[1.55436,6.30115],[1.5401,6.30115],[1.5401,6.31541],[1.55436,6.31541],[1.55436,6.30115]]]},"properties":{"region":"Maritime","district":"Vo","floods_1m":1,"floods_2m":1,"floods_3m":1,"first_flood_m":1,"nests":true,"area_km2":2.499}},{"type":"Feature","geometry":{"type":"Polygon","coordinates":[[[1.42604,6.25838],[1.41178,6.25838],[1.41178,6.27264],[1.42604,6.27264],[1.42604,6.25838]]]},"properties":{"region":"Maritime","district":"Vo","floods_1m":1,"floods_2m":1,"floods_3m":1,"first_flood_m":1,"nests":true,"area_km2":2.499}},{"type":"Feature","geometry":{"type":"Polygon","coordinates":[[[1.56862,6.25838],[1.55436,6.25838],[1.55436,6.27264],[1.56862,6.27264],[1.56862,6.25838]]]},"properties":{"region":"Maritime","district":"Vo","floods_1m":1,"floods_2m":1,"floods_3m":1,"first_flood_m":1,"nests":true,"area_km2":2.499}},{"type":"Feature","geometry":{"type":"Polygon","coordinates":[[[1.59713,6.31541],[1.58287,6.31541],[1.58287,6.32967],[1.59713,6.32967],[1.59713,6.31541]]]},"properties":{"region":"Maritime","district":"Vo","floods_1m":1,"floods_2m":1,"floods_3m":1,"first_flood_m":1,"nests":true,"area_km2":2.499}},{"type":"Feature","geometry":{"type":"Polygon","coordinates":[[[1.44029,6.27264],[1.42604,6.27264],[1.42604,6.2869],[1.44029,6.2869],[1.44029,6.27264]]]},"properties":{"region":"Maritime","district":"Vo","floods_1m":1,"floods_2m":1,"floods_3m":1,"first_flood_m":1,"nests":true,"area_km2":2.497}},{"type":"Feature","geometry":{"type":"Polygon","coordinates":[[[1.42604,6.40096],[1.41178,6.40096],[1.41178,6.41522],[1.42604,6.41522],[1.42604,6.40096]]]},"properties":{"region":"Maritime","district":"Vo","floods_1m":0,"floods_2m":1,"floods_3m":1,"first_flood_m":2,"nests":true,"area_km2":2.499}},{"type":"Feature","geometry":{"type":"Polygon","coordinates":[[[1.39752,6.3867],[1.38326,6.3867],[1.38326,6.40096],[1.39752,6.40096],[1.39752,6.3867]]]},"properties":{"region":"Maritime","district":"Vo","floods_1m":0,"floods_2m":0,"floods_3m":1,"first_flood_m":3,"nests":true,"area_km2":2.499}},{"type":"Feature","geometry":{"type":"Polygon","coordinates":[[[1.60577,6.30115],[1.59713,6.30115],[1.59713,6.31541],[1.60421,6.31541],[1.60444,6.31445],[1.60583,6.30889],[1.60611,6.30389],[1.60577,6.30115]]]},"properties":{"region":"Maritime","district":"Vo","floods_1m":1,"floods_2m":1,"floods_3m":1,"first_flood_m":1,"nests":true,"area_km2":1.472}},{"type":"Feature","geometry":{"type":"Polygon","coordinates":[[[1.38326,6.37244],[1.37637,6.37244],[1.37528,6.37639],[1.37361,6.38139],[1.37222,6.38555],[1.37197,6.3867],[1.38326,6.3867],[1.38326,6.37244]]]},"properties":{"region":"Maritime","district":"Vo","floods_1m":0,"floods_2m":0,"floods_3m":1,"first_flood_m":3,"nests":true,"area_km2":1.589}},{"type":"Feature","geometry":{"type":"Polygon","coordinates":[[[1.42604,6.24412],[1.4198,6.24412],[1.41972,6.24417],[1.41639,6.24667],[1.41444,6.2475],[1.41178,6.24863],[1.41178,6.25838],[1.42604,6.25838],[1.42604,6.24412]]]},"properties":{"region":"Maritime","district":"Vo","floods_1m":1,"floods_2m":1,"floods_3m":1,"first_flood_m":1,"nests":true,"area_km2":2.246}},{"type":"Feature","geometry":{"type":"Polygon","coordinates":[[[1.5401,6.2869],[1.52584,6.2869],[1.52584,6.30115],[1.5401,6.30115],[1.5401,6.2869]]]},"properties":{"region":"Maritime","district":"Vo","floods_1m":1,"floods_2m":1,"floods_3m":1,"first_flood_m":1,"nests":true,"area_km2":2.497}},{"type":"Feature","geometry":{"type":"Polygon","coordinates":[[[1.39752,6.37244],[1.38326,6.37244],[1.38326,6.3867],[1.39752,6.3867],[1.39752,6.37244]]]},"properties":{"region":"Maritime","district":"Vo","floods_1m":0,"floods_2m":0,"floods_3m":1,"first_flood_m":3,"nests":true,"area_km2":2.499}},{"type":"Feature","geometry":{"type":"Polygon","coordinates":[[[1.39752,6.31541],[1.38592,6.31541],[1.38556,6.31695],[1.38472,6.3225],[1.38389,6.32806],[1.38373,6.32967],[1.39752,6.32967],[1.39752,6.31541]]]},"properties":{"region":"Maritime","district":"Vo","floods_1m":1,"floods_2m":1,"floods_3m":1,"first_flood_m":1,"nests":true,"area_km2":2.242}},{"type":"Feature","geometry":{"type":"Polygon","coordinates":[[[1.41178,6.31541],[1.39752,6.31541],[1.39752,6.32967],[1.41178,6.32967],[1.41178,6.31541]]]},"properties":{"region":"Maritime","district":"Vo","floods_1m":1,"floods_2m":1,"floods_3m":1,"first_flood_m":1,"nests":true,"area_km2":2.499}},{"type":"Feature","geometry":{"type":"Polygon","coordinates":[[[1.58287,6.2869],[1.56862,6.2869],[1.56862,6.30115],[1.58287,6.30115],[1.58287,6.2869]]]},"properties":{"region":"Maritime","district":"Vo","floods_1m":1,"floods_2m":1,"floods_3m":1,"first_flood_m":1,"nests":true,"area_km2":2.496}},{"type":"Feature","geometry":{"type":"Polygon","coordinates":[[[1.39752,6.28063],[1.39583,6.28278],[1.39364,6.2869],[1.39752,6.2869],[1.39752,6.28063]]]},"properties":{"region":"Maritime","district":"Vo","floods_1m":1,"floods_2m":1,"floods_3m":1,"first_flood_m":1,"nests":true,"area_km2":0.163}},{"type":"Feature","geometry":{"type":"Polygon","coordinates":[[[1.5401,6.30115],[1.52584,6.30115],[1.52584,6.31541],[1.5401,6.31541],[1.5401,6.30115]]]},"properties":{"region":"Maritime","district":"Vo","floods_1m":1,"floods_2m":1,"floods_3m":1,"first_flood_m":1,"nests":true,"area_km2":2.499}},{"type":"Feature","geometry":{"type":"Polygon","coordinates":[[[1.5401,6.31541],[1.52584,6.31541],[1.52584,6.32967],[1.5401,6.32967],[1.5401,6.31541]]]},"properties":{"region":"Maritime","district":"Vo","floods_1m":1,"floods_2m":1,"floods_3m":1,"first_flood_m":1,"nests":true,"area_km2":2.499}},{"type":"Feature","geometry":{"type":"Polygon","coordinates":[[[1.39752,6.30115],[1.38841,6.30115],[1.38833,6.30139],[1.38695,6.30639],[1.38695,6.31111],[1.38592,6.31541],[1.39752,6.31541],[1.39752,6.30115]]]},"properties":{"region":"Maritime","district":"Vo","floods_1m":1,"floods_2m":1,"floods_3m":1,"first_flood_m":1,"nests":true,"area_km2":1.833}},{"type":"Feature","geometry":{"type":"Polygon","coordinates":[[[1.56862,6.22897],[1.56862,6.22986],[1.57427,6.22986],[1.57361,6.22972],[1.56862,6.22897]]]},"properties":{"region":"Maritime","district":"Vo","floods_1m":1,"floods_2m":1,"floods_3m":1,"first_flood_m":1,"nests":true,"area_km2":0.032}},{"type":"Feature","geometry":{"type":"Polygon","coordinates":[[[1.38326,6.33409],[1.3825,6.33917],[1.38131,6.34393],[1.38326,6.34393],[1.38326,6.33409]]]},"properties":{"region":"Maritime","district":"Vo","floods_1m":1,"floods_2m":1,"floods_3m":1,"first_flood_m":1,"nests":true,"area_km2":0.103}},{"type":"Feature","geometry":{"type":"Polygon","coordinates":[[[1.38841,6.30115],[1.38326,6.30115],[1.38326,6.31541],[1.38592,6.31541],[1.38695,6.31111],[1.38695,6.30639],[1.38833,6.30139],[1.38841,6.30115]]]},"properties":{"region":"Maritime","district":"Zio","floods_1m":1,"floods_2m":1,"floods_3m":1,"first_flood_m":1,"nests":true,"area_km2":0.666}},{"type":"Feature","geometry":{"type":"Polygon","coordinates":[[[1.55436,6.27264],[1.5401,6.27264],[1.5401,6.2869],[1.55436,6.2869],[1.55436,6.27264]]]},"properties":{"region":"Maritime","district":"Vo","floods_1m":1,"floods_2m":1,"floods_3m":1,"first_flood_m":1,"nests":true,"area_km2":2.499}},{"type":"Feature","geometry":{"type":"Polygon","coordinates":[[[1.38326,6.33409],[1.38326,6.33145],[1.38326,6.32967],[1.369,6.32967],[1.369,6.33145],[1.369,6.34393],[1.38131,6.34393],[1.3825,6.33917],[1.38326,6.33409]]]},"properties":{"region":"Maritime","district":"Zio","floods_1m":1,"floods_2m":1,"floods_3m":1,"first_flood_m":1,"nests":true,"area_km2":2.396}},{"type":"Feature","geometry":{"type":"Polygon","coordinates":[[[1.59713,6.2869],[1.58287,6.2869],[1.58287,6.30115],[1.59713,6.30115],[1.59713,6.2869]]]},"properties":{"region":"Maritime","district":"Vo","floods_1m":1,"floods_2m":1,"floods_3m":1,"first_flood_m":1,"nests":true,"area_km2":2.497}},{"type":"Feature","geometry":{"type":"Polygon","coordinates":[[[1.2692,6.22986],[1.25494,6.22986],[1.25494,6.24412],[1.2692,6.24412],[1.2692,6.22986]]]},"properties":{"region":"Maritime","district":"Zio","floods_1m":1,"floods_2m":1,"floods_3m":1,"first_flood_m":1,"nests":true,"area_km2":2.499}},{"type":"Feature","geometry":{"type":"Polygon","coordinates":[[[1.42604,6.31541],[1.41178,6.31541],[1.41178,6.32967],[1.42604,6.32967],[1.42604,6.31541]]]},"properties":{"region":"Maritime","district":"Vo","floods_1m":1,"floods_2m":1,"floods_3m":1,"first_flood_m":1,"nests":true,"area_km2":2.499}},{"type":"Feature","geometry":{"type":"Polygon","coordinates":[[[1.58287,6.24412],[1.56862,6.24412],[1.56862,6.25838],[1.58287,6.25838],[1.58287,6.24412]]]},"properties":{"region":"Maritime","district":"Vo","floods_1m":1,"floods_2m":1,"floods_3m":1,"first_flood_m":1,"nests":true,"area_km2":2.498}},{"type":"Feature","geometry":{"type":"Polygon","coordinates":[[[1.45455,6.25838],[1.44029,6.25838],[1.44029,6.27264],[1.45455,6.27264],[1.45455,6.25838]]]},"properties":{"region":"Maritime","district":"Vo","floods_1m":1,"floods_2m":1,"floods_3m":1,"first_flood_m":1,"nests":true,"area_km2":2.499}},{"type":"Feature","geometry":{"type":"Polygon","coordinates":[[[1.48307,6.21561],[1.46881,6.21561],[1.46881,6.22986],[1.48307,6.22986],[1.48307,6.21561]]]},"properties":{"region":"Maritime","district":"Vo","floods_1m":1,"floods_2m":1,"floods_3m":1,"first_flood_m":1,"nests":true,"area_km2":2.498}},{"type":"Feature","geometry":{"type":"Polygon","coordinates":[[[1.59713,6.30115],[1.58287,6.30115],[1.58287,6.31541],[1.59713,6.31541],[1.59713,6.30115]]]},"properties":{"region":"Maritime","district":"Vo","floods_1m":1,"floods_2m":1,"floods_3m":1,"first_flood_m":1,"nests":true,"area_km2":2.499}},{"type":"Feature","geometry":{"type":"Polygon","coordinates":[[[1.42604,6.2869],[1.41178,6.2869],[1.41178,6.30115],[1.42604,6.30115],[1.42604,6.2869]]]},"properties":{"region":"Maritime","district":"Vo","floods_1m":1,"floods_2m":1,"floods_3m":1,"first_flood_m":1,"nests":true,"area_km2":2.497}},{"type":"Feature","geometry":{"type":"Polygon","coordinates":[[[1.25494,6.24412],[1.24068,6.24412],[1.24068,6.25838],[1.25494,6.25838],[1.25494,6.24412]]]},"properties":{"region":"Maritime","district":"Zio","floods_1m":0,"floods_2m":0,"floods_3m":1,"first_flood_m":3,"nests":true,"area_km2":2.499}},{"type":"Feature","geometry":{"type":"Polygon","coordinates":[[[1.52584,6.22419],[1.52417,6.22389],[1.51889,6.22167],[1.51389,6.22028],[1.51158,6.21833],[1.51158,6.22986],[1.52584,6.22986],[1.52584,6.22419]]]},"properties":{"region":"Maritime","district":"Vo","floods_1m":1,"floods_2m":1,"floods_3m":1,"first_flood_m":1,"nests":true,"area_km2":1.425}},{"type":"Feature","geometry":{"type":"Polygon","coordinates":[[[1.58464,6.24412],[1.58287,6.24412],[1.58287,6.25838],[1.5836,6.25838],[1.58306,6.25611],[1.58306,6.25],[1.58444,6.245],[1.58464,6.24412]]]},"properties":{"region":"Maritime","district":"Vo","floods_1m":1,"floods_2m":1,"floods_3m":1,"first_flood_m":1,"nests":true,"area_km2":0.099}},{"type":"Feature","geometry":{"type":"Polygon","coordinates":[[[1.2692,6.21561],[1.25494,6.21561],[1.25494,6.22986],[1.2692,6.22986],[1.2692,6.21561]]]},"properties":{"region":"Maritime","district":"Zio","floods_1m":1,"floods_2m":1,"floods_3m":1,"first_flood_m":1,"nests":true,"area_km2":2.498}},{"type":"Feature","geometry":{"type":"Polygon","coordinates":[[[1.34049,6.30115],[1.32623,6.30115],[1.32623,6.31541],[1.34049,6.31541],[1.34049,6.30115]]]},"properties":{"region":"Maritime","district":"Zio","floods_1m":1,"floods_2m":1,"floods_3m":1,"first_flood_m":1,"nests":true,"area_km2":2.499}},{"type":"Feature","geometry":{"type":"Polygon","coordinates":[[[1.48307,6.2105],[1.47917,6.21139],[1.47361,6.21195],[1.46881,6.21371],[1.46881,6.21561],[1.48307,6.21561],[1.48307,6.2105]]]},"properties":{"region":"Maritime","district":"Vo","floods_1m":1,"floods_2m":1,"floods_3m":1,"first_flood_m":1,"nests":true,"area_km2":0.657}},{"type":"Feature","geometry":{"type":"Polygon","coordinates":[[[1.45455,6.24412],[1.44029,6.24412],[1.44029,6.25838],[1.45455,6.25838],[1.45455,6.24412]]]},"properties":{"region":"Maritime","district":"Vo","floods_1m":1,"floods_2m":1,"floods_3m":1,"first_flood_m":1,"nests":true,"area_km2":2.499}},{"type":"Feature","geometry":{"type":"Polygon","coordinates":[[[1.52584,6.22986],[1.51158,6.22986],[1.51158,6.24412],[1.52584,6.24412],[1.52584,6.22986]]]},"properties":{"region":"Maritime","district":"Vo","floods_1m":1,"floods_2m":1,"floods_3m":1,"first_flood_m":1,"nests":true,"area_km2":2.499}},{"type":"Feature","geometry":{"type":"Polygon","coordinates":[[[1.58287,6.34393],[1.56862,6.34393],[1.56862,6.35819],[1.58287,6.35819],[1.58287,6.34393]]]},"properties":{"region":"Maritime","district":"Vo","floods_1m":1,"floods_2m":1,"floods_3m":1,"first_flood_m":1,"nests":true,"area_km2":2.497}},{"type":"Feature","geometry":{"type":"Polygon","coordinates":[[[1.55436,6.2275],[1.55139,6.2275],[1.54555,6.22611],[1.5401,6.22611],[1.5401,6.22986],[1.55436,6.22986],[1.55436,6.2275]]]},"properties":{"region":"Maritime","district":"Vo","floods_1m":1,"floods_2m":1,"floods_3m":1,"first_flood_m":1,"nests":true,"area_km2":0.557}},{"type":"Feature","geometry":{"type":"Polygon","coordinates":[[[1.42604,6.30115],[1.41178,6.30115],[1.41178,6.31541],[1.42604,6.31541],[1.42604,6.30115]]]},"properties":{"region":"Maritime","district":"Vo","floods_1m":1,"floods_2m":1,"floods_3m":1,"first_flood_m":1,"nests":true,"area_km2":2.499}},{"type":"Feature","geometry":{"type":"Polygon","coordinates":[[[1.42604,6.24062],[1.42417,6.24167],[1.4198,6.24412],[1.42604,6.24412],[1.42604,6.24062]]]},"properties":{"region":"Maritime","district":"Vo","floods_1m":1,"floods_2m":1,"floods_3m":1,"first_flood_m":1,"nests":true,"area_km2":0.134}},{"type":"Feature","geometry":{"type":"Polygon","coordinates":[[[1.44029,6.25838],[1.42604,6.25838],[1.42604,6.27264],[1.44029,6.27264],[1.44029,6.25838]]]},"properties":{"region":"Maritime","district":"Vo","floods_1m":1,"floods_2m":1,"floods_3m":1,"first_flood_m":1,"nests":true,"area_km2":2.497}},{"type":"Feature","geometry":{"type":"Polygon","coordinates":[[[1.41178,6.24863],[1.40528,6.25139],[1.40611,6.25333],[1.40567,6.25838],[1.41178,6.25838],[1.41178,6.24863]]]},"properties":{"region":"Maritime","district":"Vo","floods_1m":1,"floods_2m":1,"floods_3m":1,"first_flood_m":1,"nests":true,"area_km2":0.621}},{"type":"Feature","geometry":{"type":"Polygon","coordinates":[[[1.38326,6.34393],[1.38131,6.34393],[1.38111,6.34472],[1.38028,6.35028],[1.37972,6.35528],[1.37929,6.35819],[1.38326,6.35819],[1.38326,6.34393]]]},"properties":{"region":"Maritime","district":"Vo","floods_1m":1,"floods_2m":1,"floods_3m":1,"first_flood_m":1,"nests":true,"area_km2":0.53}},{"type":"Feature","geometry":{"type":"Polygon","coordinates":[[[1.56862,6.22897],[1.56806,6.22889],[1.5625,6.22833],[1.55694,6.2275],[1.55436,6.2275],[1.55436,6.22986],[1.56862,6.22986],[1.56862,6.22897]]]},"properties":{"region":"Maritime","district":"Vo","floods_1m":1,"floods_2m":1,"floods_3m":1,"first_flood_m":1,"nests":true,"area_km2":0.3}},{"type":"Feature","geometry":{"type":"Polygon","coordinates":[[[1.369,6.35819],[1.35475,6.35819],[1.35475,6.37244],[1.369,6.37244],[1.369,6.35819]]]},"properties":{"region":"Maritime","district":"Zio","floods_1m":1,"floods_2m":1,"floods_3m":1,"first_flood_m":1,"nests":true,"area_km2":2.495}},{"type":"Feature","geometry":{"type":"Polygon","coordinates":[[[1.56862,6.27264],[1.55436,6.27264],[1.55436,6.2869],[1.56862,6.2869],[1.56862,6.27264]]]},"properties":{"region":"Maritime","district":"Vo","floods_1m":1,"floods_2m":1,"floods_3m":1,"first_flood_m":1,"nests":true,"area_km2":2.499}},{"type":"Feature","geometry":{"type":"Polygon","coordinates":[[[1.39752,6.24412],[1.38326,6.24412],[1.38326,6.25838],[1.39752,6.25838],[1.39752,6.24412]]]},"properties":{"region":"Maritime","district":"Zio","floods_1m":1,"floods_2m":1,"floods_3m":1,"first_flood_m":1,"nests":true,"area_km2":2.499}},{"type":"Feature","geometry":{"type":"Polygon","coordinates":[[[1.55436,6.22986],[1.5401,6.22986],[1.5401,6.24412],[1.55436,6.24412],[1.55436,6.22986]]]},"properties":{"region":"Maritime","district":"Vo","floods_1m":1,"floods_2m":1,"floods_3m":1,"first_flood_m":1,"nests":true,"area_km2":2.499}},{"type":"Feature","geometry":{"type":"Polygon","coordinates":[[[1.49733,6.21073],[1.49733,6.21561],[1.50729,6.21561],[1.5058,6.2148],[1.50194,6.21278],[1.49733,6.21073]]]},"properties":{"region":"Maritime","district":"Vo","floods_1m":0,"floods_2m":0,"floods_3m":1,"first_flood_m":3,"nests":true,"area_km2":0.312}},{"type":"Feature","geometry":{"type":"Polygon","coordinates":[[[1.58287,6.31541],[1.56862,6.31541],[1.56862,6.32967],[1.58287,6.32967],[1.58287,6.31541]]]},"properties":{"region":"Maritime","district":"Vo","floods_1m":1,"floods_2m":1,"floods_3m":1,"first_flood_m":1,"nests":true,"area_km2":2.497}},{"type":"Feature","geometry":{"type":"Polygon","coordinates":[[[1.46881,6.21371],[1.46833,6.21389],[1.46382,6.21561],[1.46881,6.21561],[1.46881,6.21371]]]},"properties":{"region":"Maritime","district":"Vo","floods_1m":1,"floods_2m":1,"floods_3m":1,"first_flood_m":1,"nests":true,"area_km2":0.058}},{"type":"Feature","geometry":{"type":"Polygon","coordinates":[[[1.44029,6.2307],[1.43694,6.23333],[1.4325,6.23611],[1.42861,6.23916],[1.42604,6.24062],[1.42604,6.24412],[1.44029,6.24412],[1.44029,6.2307]]]},"properties":{"region":"Maritime","district":"Vo","floods_1m":1,"floods_2m":1,"floods_3m":1,"first_flood_m":1,"nests":true,"area_km2":1.455}},{"type":"Feature","geometry":{"type":"Polygon","coordinates":[[[1.29771,6.22986],[1.28346,6.22986],[1.28346,6.24412],[1.29771,6.24412],[1.29771,6.22986]]]},"properties":{"region":"Maritime","district":"Zio","floods_1m":0,"floods_2m":1,"floods_3m":1,"first_flood_m":2,"nests":true,"area_km2":2.498}},{"type":"Feature","geometry":{"type":"Polygon","coordinates":[[[1.41178,6.27264],[1.40191,6.27264],[1.40111,6.27445],[1.39889,6.27889],[1.39752,6.28063],[1.39752,6.2869],[1.41178,6.2869],[1.41178,6.27264]]]},"properties":{"region":"Maritime","district":"Vo","floods_1m":1,"floods_2m":1,"floods_3m":1,"first_flood_m":1,"nests":true,"area_km2":2.26}},{"type":"Feature","geometry":{"type":"Polygon","coordinates":[[[1.45455,6.22986],[1.44128,6.22986],[1.44083,6.23028],[1.44029,6.2307],[1.44029,6.24412],[1.45455,6.24412],[1.45455,6.22986]]]},"properties":{"region":"Maritime","district":"Vo","floods_1m":1,"floods_2m":1,"floods_3m":1,"first_flood_m":1,"nests":true,"area_km2":2.494}},{"type":"Feature","geometry":{"type":"Polygon","coordinates":[[[1.58287,6.30115],[1.56862,6.30115],[1.56862,6.31541],[1.58287,6.31541],[1.58287,6.30115]]]},"properties":{"region":"Maritime","district":"Vo","floods_1m":1,"floods_2m":1,"floods_3m":1,"first_flood_m":1,"nests":true,"area_km2":2.497}},{"type":"Feature","geometry":{"type":"Polygon","coordinates":[[[1.35475,6.34393],[1.34049,6.34393],[1.34049,6.35819],[1.35475,6.35819],[1.35475,6.34393]]]},"properties":{"region":"Maritime","district":"Zio","floods_1m":1,"floods_2m":1,"floods_3m":1,"first_flood_m":1,"nests":true,"area_km2":2.499}},{"type":"Feature","geometry":{"type":"Polygon","coordinates":[[[1.56862,6.22986],[1.55436,6.22986],[1.55436,6.24412],[1.56862,6.24412],[1.56862,6.22986]]]},"properties":{"region":"Maritime","district":"Vo","floods_1m":1,"floods_2m":1,"floods_3m":1,"first_flood_m":1,"nests":true,"area_km2":2.499}},{"type":"Feature","geometry":{"type":"Polygon","coordinates":[[[1.25494,6.25838],[1.24068,6.25838],[1.24068,6.27264],[1.25494,6.27264],[1.25494,6.25838]]]},"properties":{"region":"Maritime","district":"Zio","floods_1m":0,"floods_2m":0,"floods_3m":1,"first_flood_m":3,"nests":true,"area_km2":2.499}},{"type":"Feature","geometry":{"type":"Polygon","coordinates":[[[1.38326,6.3867],[1.37197,6.3867],[1.37083,6.39194],[1.36944,6.39694],[1.36924,6.40096],[1.38326,6.40096],[1.38326,6.3867]]]},"properties":{"region":"Maritime","district":"Vo","floods_1m":0,"floods_2m":0,"floods_3m":1,"first_flood_m":3,"nests":true,"area_km2":2.258}},{"type":"Feature","geometry":{"type":"Polygon","coordinates":[[[1.46881,6.22986],[1.45455,6.22986],[1.45455,6.24412],[1.46881,6.24412],[1.46881,6.22986]]]},"properties":{"region":"Maritime","district":"Vo","floods_1m":1,"floods_2m":1,"floods_3m":1,"first_flood_m":1,"nests":true,"area_km2":2.499}},{"type":"Feature","geometry":{"type":"Polygon","coordinates":[[[1.44029,6.24412],[1.42604,6.24412],[1.42604,6.25838],[1.44029,6.25838],[1.44029,6.24412]]]},"properties":{"region":"Maritime","district":"Vo","floods_1m":1,"floods_2m":1,"floods_3m":1,"first_flood_m":1,"nests":true,"area_km2":2.498}},{"type":"Feature","geometry":{"type":"Polygon","coordinates":[[[1.31197,6.19519],[1.31028,6.19472],[1.30611,6.1925],[1.30111,6.19083],[1.29771,6.19083],[1.29771,6.20135],[1.31197,6.20135],[1.31197,6.19519]]]},"properties":{"region":"Maritime","district":"Zio","floods_1m":1,"floods_2m":1,"floods_3m":1,"first_flood_m":1,"nests":true,"area_km2":1.564}},{"type":"Feature","geometry":{"type":"Polygon","coordinates":[[[1.369,6.32967],[1.35475,6.32967],[1.35475,6.33145],[1.35475,6.34393],[1.369,6.34393],[1.369,6.33145],[1.369,6.32967]]]},"properties":{"region":"Maritime","district":"Zio","floods_1m":1,"floods_2m":1,"floods_3m":1,"first_flood_m":1,"nests":true,"area_km2":2.497}},{"type":"Feature","geometry":{"type":"Polygon","coordinates":[[[1.29771,6.20135],[1.28346,6.20135],[1.28346,6.21561],[1.29771,6.21561],[1.29771,6.20135]]]},"properties":{"region":"Maritime","district":"Zio","floods_1m":1,"floods_2m":1,"floods_3m":1,"first_flood_m":1,"nests":true,"area_km2":2.498}},{"type":"Feature","geometry":{"type":"Polygon","coordinates":[[[1.34049,6.20625],[1.33917,6.20583],[1.33472,6.20361],[1.32917,6.20194],[1.32781,6.20135],[1.32623,6.20135],[1.32623,6.21561],[1.34049,6.21561],[1.34049,6.20625]]]},"properties":{"region":"Maritime","district":"Zio","floods_1m":1,"floods_2m":1,"floods_3m":1,"first_flood_m":1,"nests":true,"area_km2":2.137}},{"type":"Feature","geometry":{"type":"Polygon","coordinates":[[[1.34049,6.34393],[1.32623,6.34393],[1.32623,6.35819],[1.34049,6.35819],[1.34049,6.34393]]]},"properties":{"region":"Maritime","district":"Zio","floods_1m":1,"floods_2m":1,"floods_3m":1,"first_flood_m":1,"nests":true,"area_km2":2.499}},{"type":"Feature","geometry":{"type":"Polygon","coordinates":[[[1.38326,6.22986],[1.369,6.22986],[1.369,6.24412],[1.38326,6.24412],[1.38326,6.22986]]]},"properties":{"region":"Maritime","district":"Zio","floods_1m":1,"floods_2m":1,"floods_3m":1,"first_flood_m":1,"nests":true,"area_km2":2.499}},{"type":"Feature","geometry":{"type":"Polygon","coordinates":[[[1.39752,6.25838],[1.38326,6.25838],[1.38326,6.27264],[1.39752,6.27264],[1.39752,6.25838]]]},"properties":{"region":"Maritime","district":"Zio","floods_1m":1,"floods_2m":1,"floods_3m":1,"first_flood_m":1,"nests":true,"area_km2":2.499}},{"type":"Feature","geometry":{"type":"Polygon","coordinates":[[[1.32623,6.20066],[1.32472,6.2],[1.32056,6.19833],[1.31528,6.19611],[1.31197,6.19519],[1.31197,6.20135],[1.32623,6.20135],[1.32623,6.20066]]]},"properties":{"region":"Maritime","district":"Zio","floods_1m":1,"floods_2m":1,"floods_3m":1,"first_flood_m":1,"nests":true,"area_km2":0.631}},{"type":"Feature","geometry":{"type":"Polygon","coordinates":[[[1.32623,6.22986],[1.31197,6.22986],[1.31197,6.24412],[1.32623,6.24412],[1.32623,6.22986]]]},"properties":{"region":"Maritime","district":"Zio","floods_1m":1,"floods_2m":1,"floods_3m":1,"first_flood_m":1,"nests":true,"area_km2":2.499}},{"type":"Feature","geometry":{"type":"Polygon","coordinates":[[[1.40528,6.25139],[1.40556,6.24722],[1.40517,6.24412],[1.39752,6.24412],[1.39752,6.25838],[1.40567,6.25838],[1.40611,6.25333],[1.40528,6.25139]]]},"properties":{"region":"Maritime","district":"Zio","floods_1m":1,"floods_2m":1,"floods_3m":1,"first_flood_m":1,"nests":true,"area_km2":1.418}},{"type":"Feature","geometry":{"type":"Polygon","coordinates":[[[1.35475,6.37244],[1.34049,6.37244],[1.34049,6.3867],[1.35475,6.3867],[1.35475,6.37244]]]},"properties":{"region":"Maritime","district":"Zio","floods_1m":0,"floods_2m":1,"floods_3m":1,"first_flood_m":2,"nests":true,"area_km2":2.499}},{"type":"Feature","geometry":{"type":"Polygon","coordinates":[[[1.31197,6.20135],[1.29771,6.20135],[1.29771,6.21561],[1.31197,6.21561],[1.31197,6.20135]]]},"properties":{"region":"Maritime","district":"Zio","floods_1m":1,"floods_2m":1,"floods_3m":1,"first_flood_m":1,"nests":true,"area_km2":2.5}},{"type":"Feature","geometry":{"type":"Polygon","coordinates":[[[1.35475,6.20903],[1.35417,6.20889],[1.34917,6.20722],[1.34361,6.20722],[1.34049,6.20625],[1.34049,6.21561],[1.35475,6.21561],[1.35475,6.20903]]]},"properties":{"region":"Maritime","district":"Zio","floods_1m":1,"floods_2m":1,"floods_3m":1,"first_flood_m":1,"nests":true,"area_km2":1.425}},{"type":"Feature","geometry":{"type":"Polygon","coordinates":[[[1.40224,6.22986],[1.39752,6.22986],[1.39752,6.24412],[1.40517,6.24412],[1.40472,6.24055],[1.40333,6.23445],[1.40224,6.22986]]]},"properties":{"region":"Maritime","district":"Zio","floods_1m":1,"floods_2m":1,"floods_3m":1,"first_flood_m":1,"nests":true,"area_km2":1.111}},{"type":"Feature","geometry":{"type":"Polygon","coordinates":[[[1.38131,6.34393],[1.369,6.34393],[1.369,6.35819],[1.37929,6.35819],[1.37972,6.35528],[1.38028,6.35028],[1.38111,6.34472],[1.38131,6.34393]]]},"properties":{"region":"Maritime","district":"Zio","floods_1m":1,"floods_2m":1,"floods_3m":1,"first_flood_m":1,"nests":true,"area_km2":1.969}},{"type":"Feature","geometry":{"type":"Polygon","coordinates":[[[1.38326,6.27264],[1.369,6.27264],[1.369,6.2869],[1.38326,6.2869],[1.38326,6.27264]]]},"properties":{"region":"Maritime","district":"Zio","floods_1m":1,"floods_2m":1,"floods_3m":1,"first_flood_m":1,"nests":true,"area_km2":2.499}},{"type":"Feature","geometry":{"type":"Polygon","coordinates":[[[1.24068,6.24412],[1.23391,6.24412],[1.23111,6.24778],[1.22806,6.25083],[1.22642,6.25276],[1.22642,6.25838],[1.24068,6.25838],[1.24068,6.24412]]]},"properties":{"region":"Maritime","district":"Zio","floods_1m":0,"floods_2m":0,"floods_3m":1,"first_flood_m":3,"nests":true,"area_km2":2.087}},{"type":"Feature","geometry":{"type":"Polygon","coordinates":[[[1.38326,6.21405],[1.38167,6.21389],[1.37528,6.21306],[1.37028,6.21167],[1.369,6.21148],[1.369,6.21561],[1.38326,6.21561],[1.38326,6.21405]]]},"properties":{"region":"Maritime","district":"Zio","floods_1m":1,"floods_2m":1,"floods_3m":1,"first_flood_m":1,"nests":true,"area_km2":0.463}},{"type":"Feature","geometry":{"type":"Polygon","coordinates":[[[1.369,6.3867],[1.35475,6.3867],[1.35475,6.40096],[1.369,6.40096],[1.369,6.3867]]]},"properties":{"region":"Maritime","district":"Zio","floods_1m":0,"floods_2m":1,"floods_3m":1,"first_flood_m":2,"nests":true,"area_km2":2.497}},{"type":"Feature","geometry":{"type":"Polygon","coordinates":[[[1.32623,6.25838],[1.31197,6.25838],[1.31197,6.27264],[1.32623,6.27264],[1.32623,6.25838]]]},"properties":{"region":"Maritime","district":"Zio","floods_1m":1,"floods_2m":1,"floods_3m":1,"first_flood_m":1,"nests":true,"area_km2":2.499}},{"type":"Feature","geometry":{"type":"Polygon","coordinates":[[[1.28346,6.21561],[1.2692,6.21561],[1.2692,6.22986],[1.28346,6.22986],[1.28346,6.21561]]]},"properties":{"region":"Maritime","district":"Zio","floods_1m":0,"floods_2m":1,"floods_3m":1,"first_flood_m":2,"nests":true,"area_km2":2.498}},{"type":"Feature","geometry":{"type":"Polygon","coordinates":[[[1.39752,6.21561],[1.38326,6.21561],[1.38326,6.22986],[1.39752,6.22986],[1.39752,6.21561]]]},"properties":{"region":"Maritime","district":"Zio","floods_1m":1,"floods_2m":1,"floods_3m":1,"first_flood_m":1,"nests":true,"area_km2":2.498}},{"type":"Feature","geometry":{"type":"Polygon","coordinates":[[[1.31197,6.22986],[1.29771,6.22986],[1.29771,6.24412],[1.31197,6.24412],[1.31197,6.22986]]]},"properties":{"region":"Maritime","district":"Zio","floods_1m":1,"floods_2m":1,"floods_3m":1,"first_flood_m":1,"nests":true,"area_km2":2.499}},{"type":"Feature","geometry":{"type":"Polygon","coordinates":[[[1.369,6.37244],[1.35475,6.37244],[1.35475,6.3867],[1.369,6.3867],[1.369,6.37244]]]},"properties":{"region":"Maritime","district":"Zio","floods_1m":1,"floods_2m":1,"floods_3m":1,"first_flood_m":1,"nests":true,"area_km2":2.497}},{"type":"Feature","geometry":{"type":"Polygon","coordinates":[[[1.39878,6.21561],[1.39752,6.21561],[1.39752,6.22986],[1.40224,6.22986],[1.40194,6.22861],[1.40056,6.2225],[1.39917,6.21667],[1.39878,6.21561]]]},"properties":{"region":"Maritime","district":"Zio","floods_1m":1,"floods_2m":1,"floods_3m":1,"first_flood_m":1,"nests":true,"area_km2":0.537}},{"type":"Feature","geometry":{"type":"Polygon","coordinates":[[[1.38326,6.25838],[1.369,6.25838],[1.369,6.27264],[1.38326,6.27264],[1.38326,6.25838]]]},"properties":{"region":"Maritime","district":"Zio","floods_1m":1,"floods_2m":1,"floods_3m":1,"first_flood_m":1,"nests":true,"area_km2":2.499}},{"type":"Feature","geometry":{"type":"Polygon","coordinates":[[[1.38373,6.32967],[1.38326,6.32967],[1.38326,6.33145],[1.38326,6.33409],[1.38333,6.33361],[1.38373,6.32967]]]},"properties":{"region":"Maritime","district":"Zio","floods_1m":0,"floods_2m":1,"floods_3m":1,"first_flood_m":2,"nests":true,"area_km2":0.013}},{"type":"Feature","geometry":{"type":"Polygon","coordinates":[[[1.31197,6.27264],[1.29771,6.27264],[1.29771,6.2869],[1.31197,6.2869],[1.31197,6.27264]]]},"properties":{"region":"Maritime","district":"Zio","floods_1m":0,"floods_2m":1,"floods_3m":1,"first_flood_m":2,"nests":true,"area_km2":2.499}},{"type":"Feature","geometry":{"type":"Polygon","coordinates":[[[1.35475,6.35819],[1.34049,6.35819],[1.34049,6.37244],[1.35475,6.37244],[1.35475,6.35819]]]},"properties":{"region":"Maritime","district":"Zio","floods_1m":1,"floods_2m":1,"floods_3m":1,"first_flood_m":1,"nests":true,"area_km2":2.497}},{"type":"Feature","geometry":{"type":"Polygon","coordinates":[[[1.40191,6.27264],[1.39752,6.27264],[1.39752,6.28063],[1.39889,6.27889],[1.40111,6.27445],[1.40191,6.27264]]]},"properties":{"region":"Maritime","district":"Zio","floods_1m":1,"floods_2m":1,"floods_3m":1,"first_flood_m":1,"nests":true,"area_km2":0.239}},{"type":"Feature","geometry":{"type":"Polygon","coordinates":[[[1.39752,6.22986],[1.38326,6.22986],[1.38326,6.24412],[1.39752,6.24412],[1.39752,6.22986]]]},"properties":{"region":"Maritime","district":"Zio","floods_1m":1,"floods_2m":1,"floods_3m":1,"first_flood_m":1,"nests":true,"area_km2":2.499}},{"type":"Feature","geometry":{"type":"Polygon","coordinates":[[[1.38326,6.24412],[1.369,6.24412],[1.369,6.25838],[1.38326,6.25838],[1.38326,6.24412]]]},"properties":{"region":"Maritime","district":"Zio","floods_1m":1,"floods_2m":1,"floods_3m":1,"first_flood_m":1,"nests":true,"area_km2":2.499}},{"type":"Feature","geometry":{"type":"Polygon","coordinates":[[[1.39752,6.21412],[1.39611,6.21472],[1.39278,6.21528],[1.39053,6.21494],[1.38722,6.21445],[1.38326,6.21405],[1.38326,6.21561],[1.39752,6.21561],[1.39752,6.21412]]]},"properties":{"region":"Maritime","district":"Zio","floods_1m":1,"floods_2m":1,"floods_3m":1,"first_flood_m":1,"nests":true,"area_km2":0.163}},{"type":"Feature","geometry":{"type":"Polygon","coordinates":[[[1.29771,6.19083],[1.29555,6.19083],[1.29,6.19028],[1.28346,6.19028],[1.28346,6.20135],[1.29771,6.20135],[1.29771,6.19083]]]},"properties":{"region":"Maritime","district":"Zio","floods_1m":1,"floods_2m":1,"floods_3m":1,"first_flood_m":1,"nests":true,"area_km2":1.906}},{"type":"Feature","geometry":{"type":"Polygon","coordinates":[[[1.25494,6.20534],[1.25194,6.20833],[1.24972,6.21278],[1.24795,6.21561],[1.25494,6.21561],[1.25494,6.20534]]]},"properties":{"region":"Maritime","district":"Zio","floods_1m":1,"floods_2m":1,"floods_3m":1,"first_flood_m":1,"nests":true,"area_km2":0.492}},{"type":"Feature","geometry":{"type":"Polygon","coordinates":[[[1.39814,6.21386],[1.39752,6.21412],[1.39752,6.21561],[1.39878,6.21561],[1.39814,6.21386]]]},"properties":{"region":"Maritime","district":"Zio","floods_1m":1,"floods_2m":1,"floods_3m":1,"first_flood_m":1,"nests":true,"area_km2":0.019}},{"type":"Feature","geometry":{"type":"Polygon","coordinates":[[[1.35475,6.3867],[1.34049,6.3867],[1.34049,6.40096],[1.35475,6.40096],[1.35475,6.3867]]]},"properties":{"region":"Maritime","district":"Zio","floods_1m":0,"floods_2m":1,"floods_3m":1,"first_flood_m":2,"nests":true,"area_km2":2.499}},{"type":"Feature","geometry":{"type":"Polygon","coordinates":[[[1.40567,6.25838],[1.39752,6.25838],[1.39752,6.27264],[1.40191,6.27264],[1.40253,6.27126],[1.40333,6.26944],[1.40472,6.26444],[1.40556,6.25972],[1.40567,6.25838]]]},"properties":{"region":"Maritime","district":"Zio","floods_1m":1,"floods_2m":1,"floods_3m":1,"first_flood_m":1,"nests":true,"area_km2":1.176}},{"type":"Feature","geometry":{"type":"Polygon","coordinates":[[[1.35475,6.21561],[1.34049,6.21561],[1.34049,6.22986],[1.35475,6.22986],[1.35475,6.21561]]]},"properties":{"region":"Maritime","district":"Zio","floods_1m":0,"floods_2m":0,"floods_3m":1,"first_flood_m":3,"nests":true,"area_km2":2.498}},{"type":"Feature","geometry":{"type":"Polygon","coordinates":[[[1.28346,6.20135],[1.2692,6.20135],[1.2692,6.21561],[1.28346,6.21561],[1.28346,6.20135]]]},"properties":{"region":"Maritime","district":"Zio","floods_1m":1,"floods_2m":1,"floods_3m":1,"first_flood_m":1,"nests":true,"area_km2":2.5}},{"type":"Feature","geometry":{"type":"Polygon","coordinates":[[[1.31197,6.25838],[1.29771,6.25838],[1.29771,6.27264],[1.31197,6.27264],[1.31197,6.25838]]]},"properties":{"region":"Maritime","district":"Zio","floods_1m":1,"floods_2m":1,"floods_3m":1,"first_flood_m":1,"nests":true,"area_km2":2.499}},{"type":"Feature","geometry":{"type":"Polygon","coordinates":[[[1.39364,6.2869],[1.38326,6.2869],[1.38326,6.30115],[1.38841,6.30115],[1.39,6.29639],[1.39222,6.29194],[1.39361,6.28694],[1.39364,6.2869]]]},"properties":{"region":"Maritime","district":"Zio","floods_1m":1,"floods_2m":1,"floods_3m":1,"first_flood_m":1,"nests":true,"area_km2":1.375}},{"type":"Feature","geometry":{"type":"Polygon","coordinates":[[[1.34049,6.22986],[1.32623,6.22986],[1.32623,6.24412],[1.34049,6.24412],[1.34049,6.22986]]]},"properties":{"region":"Maritime","district":"Zio","floods_1m":1,"floods_2m":1,"floods_3m":1,"first_flood_m":1,"nests":true,"area_km2":2.499}},{"type":"Feature","geometry":{"type":"Polygon","coordinates":[[[1.38326,6.30115],[1.369,6.30115],[1.369,6.31541],[1.38326,6.31541],[1.38326,6.30115]]]},"properties":{"region":"Maritime","district":"Zio","floods_1m":1,"floods_2m":1,"floods_3m":1,"first_flood_m":1,"nests":true,"area_km2":2.499}},{"type":"Feature","geometry":{"type":"Polygon","coordinates":[[[1.38326,6.2869],[1.369,6.2869],[1.369,6.30115],[1.38326,6.30115],[1.38326,6.2869]]]},"properties":{"region":"Maritime","district":"Zio","floods_1m":1,"floods_2m":1,"floods_3m":1,"first_flood_m":1,"nests":true,"area_km2":2.497}},{"type":"Feature","geometry":{"type":"Polygon","coordinates":[[[1.34049,6.21561],[1.32623,6.21561],[1.32623,6.22986],[1.34049,6.22986],[1.34049,6.21561]]]},"properties":{"region":"Maritime","district":"Zio","floods_1m":1,"floods_2m":1,"floods_3m":1,"first_flood_m":1,"nests":true,"area_km2":2.498}},{"type":"Feature","geometry":{"type":"Polygon","coordinates":[[[1.38326,6.21561],[1.369,6.21561],[1.369,6.22986],[1.38326,6.22986],[1.38326,6.21561]]]},"properties":{"region":"Maritime","district":"Zio","floods_1m":1,"floods_2m":1,"floods_3m":1,"first_flood_m":1,"nests":true,"area_km2":2.498}},{"type":"Feature","geometry":{"type":"Polygon","coordinates":[[[1.369,6.31541],[1.35475,6.31541],[1.35475,6.32967],[1.369,6.32967],[1.369,6.31541]]]},"properties":{"region":"Maritime","district":"Zio","floods_1m":1,"floods_2m":1,"floods_3m":1,"first_flood_m":1,"nests":true,"area_km2":2.497}},{"type":"Feature","geometry":{"type":"Polygon","coordinates":[[[1.31197,6.24412],[1.29771,6.24412],[1.29771,6.25838],[1.31197,6.25838],[1.31197,6.24412]]]},"properties":{"region":"Maritime","district":"Zio","floods_1m":1,"floods_2m":1,"floods_3m":1,"first_flood_m":1,"nests":true,"area_km2":2.499}},{"type":"Feature","geometry":{"type":"Polygon","coordinates":[[[1.29771,6.27264],[1.28346,6.27264],[1.28346,6.2869],[1.29771,6.2869],[1.29771,6.27264]]]},"properties":{"region":"Maritime","district":"Zio","floods_1m":0,"floods_2m":1,"floods_3m":1,"first_flood_m":2,"nests":true,"area_km2":2.497}},{"type":"Feature","geometry":{"type":"Polygon","coordinates":[[[1.31197,6.21561],[1.29771,6.21561],[1.29771,6.22986],[1.31197,6.22986],[1.31197,6.21561]]]},"properties":{"region":"Maritime","district":"Zio","floods_1m":1,"floods_2m":1,"floods_3m":1,"first_flood_m":1,"nests":true,"area_km2":2.498}},{"type":"Feature","geometry":{"type":"Polygon","coordinates":[[[1.32623,6.20135],[1.31197,6.20135],[1.31197,6.21561],[1.32623,6.21561],[1.32623,6.20135]]]},"properties":{"region":"Maritime","district":"Zio","floods_1m":1,"floods_2m":1,"floods_3m":1,"first_flood_m":1,"nests":true,"area_km2":2.5}},{"type":"Feature","geometry":{"type":"Polygon","coordinates":[[[1.34049,6.35819],[1.32623,6.35819],[1.32623,6.37244],[1.34049,6.37244],[1.34049,6.35819]]]},"properties":{"region":"Maritime","district":"Zio","floods_1m":1,"floods_2m":1,"floods_3m":1,"first_flood_m":1,"nests":true,"area_km2":2.497}},{"type":"Feature","geometry":{"type":"Polygon","coordinates":[[[1.24068,6.23305],[1.23944,6.23583],[1.23639,6.23944],[1.23472,6.24305],[1.23391,6.24412],[1.24068,6.24412],[1.24068,6.23305]]]},"properties":{"region":"Maritime","district":"Zio","floods_1m":0,"floods_2m":1,"floods_3m":1,"first_flood_m":2,"nests":true,"area_km2":0.455}},{"type":"Feature","geometry":{"type":"Polygon","coordinates":[[[1.2692,6.20135],[1.258,6.20135],[1.255,6.20528],[1.25494,6.20534],[1.25494,6.21561],[1.2692,6.21561],[1.2692,6.20135]]]},"properties":{"region":"Maritime","district":"Zio","floods_1m":1,"floods_2m":1,"floods_3m":1,"first_flood_m":1,"nests":true,"area_km2":2.424}},{"type":"Feature","geometry":{"type":"Polygon","coordinates":[[[1.29771,6.21561],[1.28346,6.21561],[1.28346,6.22986],[1.29771,6.22986],[1.29771,6.21561]]]},"properties":{"region":"Maritime","district":"Zio","floods_1m":1,"floods_2m":1,"floods_3m":1,"first_flood_m":1,"nests":true,"area_km2":2.496}},{"type":"Feature","geometry":{"type":"Polygon","coordinates":[[[1.34049,6.2869],[1.32623,6.2869],[1.32623,6.30115],[1.34049,6.30115],[1.34049,6.2869]]]},"properties":{"region":"Maritime","district":"Zio","floods_1m":1,"floods_2m":1,"floods_3m":1,"first_flood_m":1,"nests":true,"area_km2":2.497}},{"type":"Feature","geometry":{"type":"Polygon","coordinates":[[[1.32623,6.21561],[1.31197,6.21561],[1.31197,6.22986],[1.32623,6.22986],[1.32623,6.21561]]]},"properties":{"region":"Maritime","district":"Zio","floods_1m":1,"floods_2m":1,"floods_3m":1,"first_flood_m":1,"nests":true,"area_km2":2.498}},{"type":"Feature","geometry":{"type":"Polygon","coordinates":[[[1.28346,6.24412],[1.2692,6.24412],[1.2692,6.25838],[1.28346,6.25838],[1.28346,6.24412]]]},"properties":{"region":"Maritime","district":"Zio","floods_1m":0,"floods_2m":1,"floods_3m":1,"first_flood_m":2,"nests":true,"area_km2":2.499}},{"type":"Feature","geometry":{"type":"Polygon","coordinates":[[[1.28346,6.19028],[1.28306,6.19028],[1.27694,6.19167],[1.27167,6.19306],[1.2692,6.19397],[1.2692,6.20135],[1.28346,6.20135],[1.28346,6.19028]]]},"properties":{"region":"Maritime","district":"Zio","floods_1m":1,"floods_2m":1,"floods_3m":1,"first_flood_m":1,"nests":true,"area_km2":1.655}},{"type":"Feature","geometry":{"type":"Polygon","coordinates":[[[1.37637,6.37244],[1.369,6.37244],[1.369,6.3867],[1.37197,6.3867],[1.37222,6.38555],[1.37361,6.38139],[1.37528,6.37639],[1.37637,6.37244]]]},"properties":{"region":"Maritime","district":"Zio","floods_1m":1,"floods_2m":1,"floods_3m":1,"first_flood_m":1,"nests":true,"area_km2":0.91}},{"type":"Feature","geometry":{"type":"Polygon","coordinates":[[[1.369,6.34393],[1.35475,6.34393],[1.35475,6.35819],[1.369,6.35819],[1.369,6.34393]]]},"properties":{"region":"Maritime","district":"Zio","floods_1m":1,"floods_2m":1,"floods_3m":1,"first_flood_m":1,"nests":true,"area_km2":2.497}},{"type":"Feature","geometry":{"type":"Polygon","coordinates":[[[1.25494,6.22986],[1.24197,6.22986],[1.24167,6.23083],[1.24068,6.23305],[1.24068,6.24412],[1.25494,6.24412],[1.25494,6.22986]]]},"properties":{"region":"Maritime","district":"Zio","floods_1m":0,"floods_2m":1,"floods_3m":1,"first_flood_m":2,"nests":true,"area_km2":2.472}},{"type":"Feature","geometry":{"type":"Polygon","coordinates":[[[1.32623,6.24412],[1.31197,6.24412],[1.31197,6.25838],[1.32623,6.25838],[1.32623,6.24412]]]},"properties":{"region":"Maritime","district":"Zio","floods_1m":1,"floods_2m":1,"floods_3m":1,"first_flood_m":1,"nests":true,"area_km2":2.499}},{"type":"Feature","geometry":{"type":"Polygon","coordinates":[[[1.25494,6.21561],[1.24795,6.21561],[1.24694,6.21722],[1.24528,6.22194],[1.24306,6.22639],[1.24197,6.22986],[1.25494,6.22986],[1.25494,6.21561]]]},"properties":{"region":"Maritime","district":"Zio","floods_1m":0,"floods_2m":1,"floods_3m":1,"first_flood_m":2,"nests":true,"area_km2":1.78}},{"type":"Feature","geometry":{"type":"Polygon","coordinates":[[[1.28346,6.22986],[1.2692,6.22986],[1.2692,6.24412],[1.28346,6.24412],[1.28346,6.22986]]]},"properties":{"region":"Maritime","district":"Zio","floods_1m":1,"floods_2m":1,"floods_3m":1,"first_flood_m":1,"nests":true,"area_km2":2.499}},{"type":"Feature","geometry":{"type":"Polygon","coordinates":[[[1.38592,6.31541],[1.38326,6.31541],[1.38326,6.32967],[1.38373,6.32967],[1.38389,6.32806],[1.38472,6.3225],[1.38556,6.31695],[1.38592,6.31541]]]},"properties":{"region":"Maritime","district":"Zio","floods_1m":1,"floods_2m":1,"floods_3m":1,"first_flood_m":1,"nests":true,"area_km2":0.257}},{"type":"Feature","geometry":{"type":"Polygon","coordinates":[[[1.29771,6.2869],[1.28346,6.2869],[1.28346,6.30115],[1.29771,6.30115],[1.29771,6.2869]]]},"properties":{"region":"Maritime","district":"Zio","floods_1m":0,"floods_2m":1,"floods_3m":1,"first_flood_m":2,"nests":true,"area_km2":2.496}},{"type":"Feature","geometry":{"type":"Polygon","coordinates":[[[1.2692,6.19397],[1.26639,6.195],[1.2625,6.1975],[1.25861,6.20056],[1.258,6.20135],[1.2692,6.20135],[1.2692,6.19397]]]},"properties":{"region":"Maritime","district":"Zio","floods_1m":1,"floods_2m":1,"floods_3m":1,"first_flood_m":1,"nests":true,"area_km2":0.595}},{"type":"Feature","geometry":{"type":"Polygon","coordinates":[[[1.38326,6.31541],[1.369,6.31541],[1.369,6.32967],[1.38326,6.32967],[1.38326,6.31541]]]},"properties":{"region":"Maritime","district":"Zio","floods_1m":1,"floods_2m":1,"floods_3m":1,"first_flood_m":1,"nests":true,"area_km2":2.499}},{"type":"Feature","geometry":{"type":"Polygon","coordinates":[[[1.32623,6.35819],[1.31197,6.35819],[1.31197,6.37244],[1.32623,6.37244],[1.32623,6.35819]]]},"properties":{"region":"Maritime","district":"Zio","floods_1m":0,"floods_2m":1,"floods_3m":1,"first_flood_m":2,"nests":true,"area_km2":2.497}},{"type":"Feature","geometry":{"type":"Polygon","coordinates":[[[1.39752,6.28063],[1.39752,6.27264],[1.38326,6.27264],[1.38326,6.2869],[1.39364,6.2869],[1.39583,6.28278],[1.39752,6.28063]]]},"properties":{"region":"Maritime","district":"Zio","floods_1m":1,"floods_2m":1,"floods_3m":1,"first_flood_m":1,"nests":true,"area_km2":2.336}},{"type":"Feature","geometry":{"type":"Polygon","coordinates":[[[1.37929,6.35819],[1.369,6.35819],[1.369,6.37244],[1.37637,6.37244],[1.37667,6.37139],[1.37806,6.36555],[1.37889,6.36083],[1.37929,6.35819]]]},"properties":{"region":"Maritime","district":"Zio","floods_1m":1,"floods_2m":1,"floods_3m":1,"first_flood_m":1,"nests":true,"area_km2":1.574}}]}